num_acc;senc;catv;occutc;obs;obsm;choc;manv;num_veh
201100000001;0;2;0;0;2;1;17;A01
201100000001;0;7;0;0;0;6;15;B02
201100000002;0;10;0;0;2;2;10;A01
201100000002;0;33;0;0;2;1;1;B02
201100000003;0;7;0;0;1;3;1;A01
201100000004;0;1;0;0;2;0;1;A01
201100000004;0;1;0;0;2;0;1;B02
201100000004;0;7;0;0;9;1;15;C03
201100000005;1;7;0;0;1;2;1;A01
201100000006;0;1;0;1;0;1;0;A01
201100000006;0;7;0;0;0;4;23;B02
201100000007;0;33;0;0;2;8;2;B02
201100000007;0;7;0;0;2;5;12;A01
201100000008;0;10;0;0;0;8;10;A01
201100000008;0;33;0;0;2;1;17;B02
201100000009;0;10;0;8;0;2;1;A01
201100000010;0;7;0;0;1;5;4;A01
201100000011;0;33;0;13;0;1;1;A01
201100000012;0;7;0;0;2;8;20;A01
201100000012;0;10;0;0;2;3;1;B02
201100000013;0;7;0;6;0;2;15;A01
201100000014;0;30;0;0;2;1;1;A01
201100000014;0;30;0;0;2;1;1;B02
201100000015;0;7;0;0;1;2;1;A01
201100000016;0;7;0;0;2;2;2;A01
201100000016;0;7;0;0;2;6;2;B02
201100000017;0;7;0;0;2;8;15;A01
201100000017;0;33;0;0;2;1;1;B02
201100000018;0;7;0;0;0;1;13;A01
201100000018;0;14;0;0;0;1;1;B02
201100000019;0;7;0;2;0;2;1;A01
201100000020;0;1;0;0;2;2;1;B02
201100000020;0;7;0;0;2;8;24;A01
201100000021;0;7;0;0;2;1;17;A01
201100000021;0;7;0;0;2;1;1;B02
201100000022;0;7;0;0;2;3;1;A01
201100000022;0;1;0;0;2;3;1;B02
201100000023;0;7;0;0;2;3;13;A01
201100000023;0;7;0;13;2;8;1;B02
201100000024;0;7;0;0;2;3;13;A01
201100000024;0;17;0;0;2;3;1;B02
201100000024;0;10;0;0;2;2;1;C03
201100000025;0;7;0;13;0;3;1;A01
201100000026;0;7;0;8;0;2;1;A01
201100000027;0;7;0;0;0;6;10;A01
201100000027;0;2;0;1;2;1;1;B02
201100000028;0;30;0;0;2;8;1;B02
201100000028;0;7;0;0;2;3;15;A01
201100000029;0;7;0;0;1;2;1;A01
201100000030;0;7;0;0;2;1;1;A01
201100000030;1;31;0;0;2;1;5;B02
201100000031;0;7;0;8;0;8;1;A01
201100000032;0;7;0;1;1;2;1;A01
201100000032;0;7;0;0;2;7;24;B02
201100000033;0;38;0;0;1;6;20;A01
201100000034;0;7;0;0;2;7;2;A01
201100000034;0;2;0;0;2;8;2;B02
201100000035;0;17;0;0;0;4;2;B02
201100000035;0;1;0;0;2;1;2;A01
201100000036;0;7;0;8;0;1;0;A01
201100000037;0;7;0;0;2;2;17;A01
201100000037;0;1;0;0;2;4;13;B02
201100000038;0;7;0;0;2;2;17;A01
201100000038;0;7;0;0;2;6;15;B02
201100000039;0;7;0;0;2;3;11;A01
201100000039;0;7;0;0;2;2;1;B02
201100000040;0;7;0;13;0;2;1;A01
201100000041;0;33;0;0;2;1;1;B02
201100000041;0;10;0;0;2;3;15;A01
201100000042;0;7;0;0;1;3;1;A01
201100000043;0;33;0;0;2;1;1;B02
201100000043;0;7;0;0;2;8;15;A01
201100000044;0;7;0;0;2;3;2;A01
201100000044;0;1;0;0;0;0;0;B02
201100000045;0;7;0;13;0;1;1;A01
201100000046;0;7;0;0;2;3;9;A01
201100000046;0;33;0;0;2;1;1;B02
201100000047;0;7;0;13;0;1;1;A01
201100000048;0;7;0;13;0;1;13;A01
201100000049;0;7;0;0;0;6;15;B02
201100000049;0;33;0;0;2;1;17;A01
201100000050;0;7;0;0;2;2;1;B02
201100000050;0;7;0;0;2;3;17;A01
201100000051;0;21;0;0;2;8;15;A01
201100000051;0;33;0;0;2;7;1;B02
201100000052;0;7;0;1;2;1;13;A01
201100000052;0;7;0;0;2;8;0;B02
201100000053;0;33;0;6;0;1;14;A01
201100000054;0;7;0;0;2;1;1;A01
201100000054;0;21;0;0;2;1;1;B02
201100000055;0;7;0;1;0;1;14;A01
201100000056;0;10;0;0;0;1;15;A01
201100000056;0;30;0;0;2;1;1;B02
201100000057;0;10;0;0;2;2;0;B02
201100000057;0;7;0;0;2;2;0;A01
201100000058;0;7;0;0;1;3;1;A01
201100000059;0;33;0;13;2;1;13;A01
201100000059;0;7;0;0;2;3;1;B02
201100000060;0;1;0;0;2;8;1;B02
201100000060;0;7;0;0;2;7;1;A01
201100000061;0;7;0;13;0;2;1;A01
201100000062;0;7;0;13;0;3;13;A01
201100000063;0;7;0;0;0;4;24;C03
201100000063;0;7;0;0;0;8;1;A01
201100000063;0;7;0;0;0;4;24;B02
201100000064;0;7;0;0;2;8;15;B02
201100000064;0;31;0;0;2;2;17;A01
201100000065;0;30;0;0;2;1;16;A01
201100000065;0;7;0;0;2;1;17;B02
201100000066;0;7;0;13;0;1;0;A01
201100000067;0;33;0;0;2;1;1;B02
201100000067;0;7;0;0;2;1;15;A01
201100000068;0;7;0;0;2;3;1;B02
201100000068;0;7;0;0;2;3;1;A01
201100000069;0;33;0;0;1;1;1;A01
201100000070;0;7;0;0;2;1;15;A01
201100000070;0;2;0;0;2;4;1;B02
201100000071;0;7;0;0;2;2;1;A01
201100000071;0;7;0;0;2;3;15;B02
201100000072;0;7;0;6;0;1;1;A01
201100000073;0;7;0;0;2;3;1;A01
201100000073;0;14;0;0;2;3;1;C03
201100000073;0;14;0;0;2;3;1;B02
201100000074;0;33;0;13;0;1;1;A01
201100000075;0;7;0;0;0;3;10;A01
201100000075;0;33;0;0;0;1;13;B02
201100000076;0;30;0;0;2;1;15;B02
201100000076;0;7;0;0;0;2;17;A01
201100000077;0;7;0;2;0;1;2;A01
201100000078;0;30;0;13;0;1;1;A01
201100000079;0;7;0;13;0;1;1;A01
201100000080;0;7;0;0;2;2;19;B02
201100000080;0;7;0;0;2;8;1;A01
201100000081;0;7;0;0;2;3;1;B02
201100000081;0;7;0;0;2;2;15;A01
201100000082;0;7;0;8;0;1;14;A01
201100000083;0;7;0;0;2;1;2;B02
201100000083;0;10;0;15;0;8;2;A01
201100000084;0;7;0;0;2;3;1;A01
201100000084;0;7;0;0;2;3;1;B02
201100000085;0;7;0;13;0;8;13;A01
201100000086;0;7;0;0;2;2;15;A01
201100000086;0;30;0;0;0;1;1;B02
201100000087;0;7;0;0;2;8;2;A01
201100000087;0;30;0;0;2;1;2;B02
201100000088;0;37;0;0;1;3;17;A01
201100000089;0;7;0;2;0;7;1;A01
201100000090;0;10;0;0;1;2;16;A01
201100000091;0;33;0;13;0;1;17;A01
201100000092;0;30;0;13;0;1;1;A01
201100000093;0;36;0;0;0;9;0;A01
201100000094;0;7;0;0;1;3;1;A01
201100000095;0;33;0;0;2;1;17;A01
201100000095;0;7;0;0;2;3;15;B02
201100000096;0;7;0;0;2;1;15;B02
201100000096;0;33;0;0;2;1;21;A01
201100000097;0;33;0;16;0;9;1;A01
201100000098;0;1;0;0;0;3;1;B02
201100000098;0;7;0;0;0;8;13;A01
201100000099;0;21;0;0;2;8;1;A01
201100000099;0;1;0;0;2;8;1;B02
201100000100;0;7;0;0;0;9;1;A01
201100000101;0;33;0;0;0;7;1;A01
201100000102;0;30;0;0;0;1;1;A01
201100000102;0;10;0;0;0;3;23;B02
201100000103;0;7;0;16;0;9;0;A01
201100000104;0;7;0;6;0;2;1;A01
201100000105;0;7;0;16;0;9;1;A01
201100000106;0;7;0;0;2;3;19;B02
201100000106;0;30;0;0;2;1;1;A01
201100000107;0;7;0;0;2;3;9;A01
201100000107;0;30;0;0;2;1;1;B02
201100000108;0;32;0;0;2;1;1;B02
201100000108;0;14;0;0;9;3;10;A01
201100000109;0;7;0;0;2;1;2;A01
201100000109;0;7;0;0;2;1;1;B02
201100000110;0;7;0;0;2;2;19;A01
201100000110;0;7;0;0;2;1;1;B02
201100000111;0;2;0;0;2;1;13;A01
201100000111;0;7;0;0;2;1;1;B02
201100000112;0;15;0;0;1;2;2;A01
201100000113;0;7;0;0;0;5;15;B02
201100000113;0;33;0;0;2;1;1;A01
201100000114;0;2;0;0;2;1;0;B02
201100000114;0;7;0;0;2;3;15;A01
201100000115;0;33;0;0;2;1;1;B02
201100000115;0;7;0;0;2;5;15;A01
201100000116;0;30;0;13;0;1;0;A01
201100000117;0;10;0;0;2;1;1;A01
201100000117;0;31;0;0;2;1;13;B02
201100000118;0;7;0;0;0;3;13;A01
201100000118;0;7;0;0;0;2;1;B02
201100000119;0;7;0;0;0;7;15;A01
201100000119;0;15;0;0;0;1;1;B02
201100000120;0;7;0;0;1;2;19;A01
201100000121;0;7;0;0;1;2;1;A01
201100000122;0;7;0;1;1;1;1;A01
201100000123;0;10;0;0;2;3;1;B02
201100000123;0;10;0;0;2;1;0;A01
201100000124;0;36;0;8;0;1;2;A01
201100000125;0;31;0;6;0;1;19;A01
201100000126;0;2;0;0;2;4;15;A01
201100000126;0;7;0;0;2;1;1;B02
201100000127;0;7;0;0;1;2;1;A01
201100000128;0;13;0;8;0;8;1;A01
201100000129;0;17;0;0;0;3;17;B02
201100000129;0;7;0;0;2;2;17;A01
201100000130;0;7;0;0;2;3;0;A01
201100000130;0;7;0;0;2;3;0;B02
201100000131;0;7;0;0;2;7;13;B02
201100000131;0;7;0;2;2;8;1;A01
201100000132;0;10;0;0;2;1;17;A01
201100000132;0;30;0;0;0;4;13;B02
201100000133;0;7;0;0;2;6;15;A01
201100000133;0;10;0;0;2;1;1;B02
201100000134;0;7;0;0;2;2;1;A01
201100000134;0;31;0;0;0;7;15;B02
201100000135;0;7;0;6;0;1;1;A01
201100000136;0;7;0;0;1;4;23;A01
201100000136;0;7;0;0;2;1;1;B02
201100000137;0;7;0;0;0;3;15;A01
201100000137;0;33;0;0;0;1;17;B02
201100000138;0;7;0;0;1;1;1;A01
201100000139;0;30;0;0;2;1;13;A01
201100000139;0;7;0;0;2;3;1;B02
201100000140;0;2;0;13;0;1;2;A01
201100000141;0;7;0;2;0;1;1;A01
201100000142;0;33;0;0;5;1;0;A01
201100000143;0;7;0;1;0;1;14;A01
201100000144;0;21;0;0;2;2;15;A01
201100000144;0;30;0;0;2;1;0;B02
201100000145;0;7;0;0;2;3;1;A01
201100000145;0;7;0;0;2;3;1;B02
201100000146;0;7;0;13;0;1;0;A01
201100000147;0;7;0;0;2;1;1;B02
201100000147;0;7;0;0;2;1;1;A01
201100000148;0;33;0;6;0;1;0;A01
201100000149;0;30;0;0;2;1;1;A01
201100000149;0;7;0;0;0;2;0;B02
201100000150;0;30;0;0;2;1;11;A01
201100000150;0;10;0;0;2;1;12;B02
201100000151;0;10;0;0;2;1;15;A01
201100000151;0;33;0;0;2;1;1;B02
201100000152;0;31;0;0;2;3;1;B02
201100000152;0;10;0;0;2;3;15;A01
201100000153;0;10;0;0;2;1;1;A01
201100000153;0;10;0;0;2;4;1;B02
201100000153;0;7;0;0;2;1;1;C03
201100000154;0;33;0;7;0;1;1;A01
201100000155;0;10;0;0;9;2;1;A01
201100000155;0;1;0;0;0;1;0;B02
201100000156;0;17;0;0;1;3;1;A01
201100000157;0;7;0;0;1;2;1;A01
201100000158;0;10;0;0;0;0;23;B02
201100000158;0;7;0;0;1;2;17;A01
201100000159;0;7;0;0;2;3;15;B02
201100000159;0;30;0;0;2;1;17;A01
201100000160;0;32;0;0;1;1;1;A01
201100000161;0;33;0;0;2;3;21;A01
201100000161;0;17;0;0;2;6;15;B02
201100000162;0;7;0;0;1;3;1;A01
201100000163;0;7;0;0;2;3;19;B02
201100000163;0;3;0;0;2;7;1;A01
201100000164;0;7;0;0;0;1;2;A01
201100000164;0;7;0;0;0;4;2;B02
201100000165;0;7;0;0;1;7;1;A01
201100000166;0;7;0;0;1;2;1;A01
201100000167;0;7;0;2;0;2;14;A01
201100000168;0;2;0;0;2;1;1;B02
201100000168;0;7;0;0;0;2;15;A01
201100000169;0;7;0;2;0;8;1;A01
201100000170;0;1;0;0;2;7;1;A01
201100000170;0;14;0;0;9;1;1;B02
201100000171;0;7;0;0;2;2;1;A01
201100000171;0;30;0;0;2;3;1;B02
201100000172;0;33;0;12;0;4;15;A01
201100000173;0;7;0;13;0;9;1;A01
201100000174;0;7;0;0;2;8;1;B02
201100000174;0;33;0;13;2;8;1;A01
201100000175;0;7;0;0;1;1;1;A01
201100000176;0;7;0;16;0;9;1;A01
201100000177;0;2;0;0;0;4;1;A01
201100000177;0;7;0;0;2;3;1;B02
201100000177;0;7;0;14;0;1;1;C03
201100000178;0;14;0;0;2;7;14;A01
201100000178;0;33;0;0;2;8;2;B02
201100000179;0;14;0;13;0;7;1;A01
201100000180;0;33;0;0;2;4;0;B02
201100000180;0;33;0;0;2;1;0;A01
201100000181;0;33;0;13;0;7;19;A01
201100000182;0;7;0;8;0;1;1;A01
201100000183;0;33;0;13;0;8;19;A01
201100000184;0;7;0;0;1;2;15;A01
201100000185;0;2;0;0;2;1;5;A01
201100000185;0;7;0;0;2;3;21;C03
201100000185;0;7;0;0;1;1;1;B02
201100000186;0;7;0;0;2;3;1;B02
201100000186;0;7;0;0;2;3;1;A01
201100000187;0;10;0;9;0;9;17;A01
201100000188;0;7;0;0;2;1;1;A01
201100000188;0;1;0;0;2;3;9;B02
201100000189;0;7;0;4;0;2;15;A01
201100000189;0;7;0;4;0;1;1;B02
201100000190;0;30;0;0;0;1;0;A01
201100000191;0;7;0;0;2;2;1;B02
201100000191;0;7;0;0;2;3;1;C03
201100000191;0;33;0;0;2;1;19;A01
201100000192;0;7;0;1;0;2;1;A01
201100000193;0;30;0;0;2;4;2;A01
201100000193;0;7;0;0;2;2;2;B02
201100000194;0;7;0;0;1;2;1;A01
201100000195;0;1;0;0;2;1;13;A01
201100000195;0;7;0;0;2;1;1;B02
201100000196;0;10;0;2;0;1;1;A01
201100000197;0;7;0;2;0;7;14;A01
201100000198;0;7;0;6;0;8;13;A01
201100000199;0;33;0;0;2;1;1;B02
201100000199;0;7;0;0;2;3;6;A01
201100000200;0;7;0;0;2;8;15;B02
201100000200;0;30;0;0;2;7;17;A01
201100000201;0;7;0;6;0;1;0;A01
201100000202;0;1;0;0;2;1;17;A01
201100000202;0;7;0;0;9;8;1;B02
201100000203;0;33;0;0;2;8;1;A01
201100000204;0;7;0;0;0;1;17;A01
201100000205;0;7;0;3;0;3;2;A01
201100000206;0;7;0;3;0;2;1;A01
201100000207;0;7;0;4;0;1;21;A01
201100000208;0;7;0;0;2;7;17;A01
201100000208;0;14;0;0;2;8;1;B02
201100000209;0;7;0;3;0;1;1;A01
201100000210;0;7;0;4;0;3;2;A01
201100000211;0;7;0;3;0;3;1;A01
201100000212;0;10;0;13;0;1;17;A01
201100000213;0;33;0;0;2;1;1;A01
201100000213;0;7;0;0;2;2;15;B02
201100000214;0;7;0;2;0;0;1;A01
201100000215;0;7;0;0;1;2;2;A01
201100000216;0;7;0;0;2;7;1;C03
201100000216;0;7;0;0;2;1;1;A01
201100000216;0;7;0;0;2;3;15;B02
201100000217;0;7;0;0;9;1;1;A01
201100000217;0;1;0;0;2;4;0;B02
201100000218;0;7;0;6;0;3;13;A01
201100000219;0;7;0;0;0;4;1;B02
201100000219;0;7;0;0;2;1;1;A01
201100000219;0;7;0;0;2;1;13;C03
201100000220;0;10;0;2;0;3;13;A01
201100000221;0;7;0;0;1;2;1;A01
201100000222;0;7;0;0;2;3;17;A01
201100000222;0;7;0;0;2;3;0;B02
201100000223;0;14;0;0;2;3;1;B02
201100000223;0;7;0;0;2;1;1;C03
201100000223;0;10;0;0;2;3;13;A01
201100000224;0;33;0;6;0;1;1;A01
201100000225;0;20;0;0;2;3;6;B02
201100000225;0;32;0;0;2;2;1;A01
201100000226;0;7;0;2;0;3;1;A01
201100000227;0;7;0;2;0;7;1;A01
201100000228;0;7;0;2;0;1;15;A01
201100000229;0;15;0;0;0;0;1;A01
201100000230;0;7;0;16;0;9;1;A01
201100000231;0;7;0;16;0;1;1;A01
201100000232;0;7;0;0;1;3;15;A01
201100000233;0;7;0;6;0;1;15;A01
201100000234;0;7;0;2;0;8;13;A01
201100000235;0;7;0;0;2;1;0;A01
201100000235;0;31;0;0;0;7;0;B02
201100000236;0;7;0;0;0;7;24;A01
201100000236;0;31;0;1;0;1;15;B02
201100000237;0;7;0;4;0;2;1;A01
201100000238;0;7;0;0;1;2;1;A01
201100000239;0;7;0;0;0;3;13;A01
201100000239;0;1;0;0;2;1;1;B02
201100000240;0;7;0;0;1;3;1;A01
201100000241;0;7;0;0;1;3;21;A01
201100000242;0;7;0;2;0;1;1;A01
201100000243;0;7;0;2;0;2;1;A01
201100000244;0;7;0;0;1;8;1;A01
201100000245;0;33;0;0;0;7;1;A01
201100000246;0;7;0;0;2;2;17;B02
201100000246;0;7;0;0;0;6;2;A01
201100000247;0;33;0;8;0;9;1;A01
201100000248;0;7;0;0;0;1;13;A01
201100000249;0;30;0;0;2;1;17;A01
201100000249;0;7;0;0;2;3;1;B02
201100000250;0;7;0;2;0;1;1;A01
201100000251;0;7;0;0;9;7;1;B02
201100000251;0;1;0;0;2;1;1;A01
201100000252;0;7;0;0;2;3;13;A01
201100000252;0;21;0;0;2;6;1;B02
201100000253;0;7;0;0;2;1;13;A01
201100000253;0;7;0;0;2;1;1;B02
201100000254;0;15;0;0;2;2;1;B02
201100000254;0;7;0;0;2;1;19;A01
201100000255;0;31;0;12;0;1;21;A01
201100000256;0;7;0;8;0;2;1;A01
201100000257;0;7;0;6;0;2;1;A01
201100000258;0;7;0;0;0;5;0;A01
201100000259;0;7;0;0;2;8;12;B02
201100000259;0;7;0;2;2;7;17;A01
201100000260;0;2;0;0;0;4;13;B02
201100000260;0;7;0;0;0;2;17;A01
201100000261;0;7;0;0;1;2;1;A01
201100000262;0;7;0;0;2;8;19;A01
201100000262;0;33;0;0;2;1;1;B02
201100000263;0;7;0;2;0;9;21;A01
201100000264;0;30;0;0;2;1;6;A01
201100000264;0;30;0;0;2;1;1;B02
201100000265;0;7;0;13;0;1;14;A01
201100000266;0;7;0;0;1;2;2;A01
201100000267;0;2;0;0;2;1;17;B02
201100000267;0;7;0;0;0;6;15;A01
201100000268;0;30;0;0;2;1;15;A01
201100000269;0;2;0;0;2;1;1;B02
201100000269;1;7;0;0;2;3;13;A01
201100000270;0;7;0;0;2;3;15;B02
201100000270;0;33;0;0;2;3;1;A01
201100000271;0;7;0;0;2;2;9;A01
201100000271;0;2;0;0;2;3;1;B02
201100000272;0;33;0;0;2;1;1;A01
201100000272;0;7;0;0;2;7;15;B02
201100000273;0;7;0;0;1;1;1;A01
201100000274;0;7;0;0;2;2;15;A01
201100000274;0;7;0;0;2;3;1;B02
201100000275;0;1;0;0;2;8;1;B02
201100000275;0;7;0;0;2;8;13;A01
201100000276;0;7;0;0;2;1;2;B02
201100000276;0;33;0;13;2;3;1;C03
201100000276;0;7;0;8;2;4;15;A01
201100000277;0;7;0;0;1;2;1;A01
201100000278;0;7;0;0;2;3;1;A01
201100000278;0;7;0;0;2;1;15;B02
201100000279;0;10;0;0;2;4;15;A01
201100000279;0;33;0;0;2;1;2;B02
201100000280;0;2;0;0;2;2;17;A01
201100000280;0;7;0;0;2;3;15;B02
201100000281;0;33;0;3;0;1;1;A01
201100000282;0;7;0;15;1;1;14;A01
201100000283;0;7;0;0;2;2;1;A01
201100000283;0;1;0;0;0;4;1;B02
201100000284;0;7;0;8;0;8;1;A01
201100000285;0;33;0;0;0;4;2;B02
201100000285;0;33;0;0;0;1;2;A01
201100000286;0;7;0;0;2;8;1;C03
201100000286;0;7;0;0;2;3;1;A01
201100000286;0;7;0;3;2;3;1;B02
201100000287;0;7;0;8;2;2;1;B02
201100000287;0;7;0;0;2;3;19;A01
201100000288;0;7;0;8;0;7;13;A01
201100000289;0;7;0;13;0;1;0;A01
201100000290;0;7;0;0;2;6;1;A01
201100000290;0;7;0;0;2;3;1;B02
201100000291;0;7;0;2;0;3;1;A01
201100000292;0;7;0;0;0;2;1;A01
201100000292;0;1;0;0;2;1;9;B02
201100000293;0;7;0;0;2;1;1;A01
201100000293;0;30;0;0;2;5;19;B02
201100000294;0;7;0;1;0;1;13;A01
201100000295;0;10;0;0;2;3;1;B02
201100000295;0;10;0;0;2;2;19;A01
201100000296;0;7;0;0;2;3;15;A01
201100000296;0;33;0;0;2;1;1;B02
201100000297;0;10;0;2;0;7;0;A01
201100000298;0;7;0;0;2;4;1;B02
201100000298;0;7;0;0;2;1;2;A01
201100000299;0;7;0;8;0;7;0;A01
201100000300;0;7;0;0;6;1;1;A01
201100000301;0;33;0;0;2;8;1;B02
201100000301;0;7;0;0;0;3;15;A01
201100000302;0;7;0;0;1;1;1;A01
201100000303;0;7;0;0;2;1;1;B02
201100000303;0;7;0;0;2;1;1;A01
201100000304;0;10;0;0;6;1;1;A01
201100000305;0;7;0;0;2;7;19;A01
201100000305;0;33;0;0;2;1;1;B02
201100000306;0;7;0;0;2;1;17;A01
201100000306;0;36;0;0;2;6;15;B02
201100000307;0;7;0;0;1;1;1;A01
201100000308;0;2;0;0;2;1;13;A01
201100000308;0;7;0;0;2;1;1;B02
201100000309;0;31;0;1;2;1;1;A01
201100000309;0;7;0;0;2;3;16;B02
201100000310;0;7;0;0;2;1;5;A01
201100000310;0;30;0;0;2;1;1;B02
201100000311;0;7;0;0;2;2;1;A01
201100000311;0;2;0;0;2;1;15;B02
201100000312;0;7;0;2;0;8;19;A01
201100000313;0;7;0;0;9;2;2;A01
201100000313;0;1;0;0;2;4;2;B02
201100000314;0;33;0;0;0;0;1;A01
201100000315;0;30;0;9;0;1;1;A01
201100000316;0;7;0;0;2;2;1;A01
201100000316;0;2;0;0;0;4;1;B02
201100000317;0;7;0;0;2;2;1;A01
201100000317;0;7;0;0;2;8;16;B02
201100000318;0;7;0;2;0;8;17;A01
201100000319;0;10;0;0;2;6;0;B02
201100000319;0;7;0;0;2;3;13;A01
201100000320;0;33;0;0;2;1;1;B02
201100000320;0;7;0;0;2;1;15;A01
201100000321;0;7;0;0;1;2;14;A01
201100000322;0;7;0;0;9;2;2;A01
201100000322;0;1;0;0;0;4;2;B02
201100000323;0;7;0;0;2;3;1;B02
201100000323;0;7;0;0;2;3;13;A01
201100000324;0;7;0;2;0;1;1;A01
201100000325;0;7;0;0;2;6;15;A01
201100000325;0;31;0;0;2;1;1;B02
201100000326;0;2;0;0;2;1;0;A01
201100000326;0;10;0;0;2;3;0;B02
201100000327;0;7;0;0;0;8;15;A01
201100000327;0;33;0;0;2;1;1;B02
201100000328;0;30;0;0;2;1;1;B02
201100000328;0;7;0;0;9;2;15;A01
201100000329;0;7;0;0;1;2;5;A01
201100000330;0;7;0;0;2;2;17;A01
201100000330;0;21;0;0;2;3;15;B02
201100000331;0;7;0;0;2;2;15;B02
201100000331;0;1;0;0;2;1;1;A01
201100000332;0;7;0;0;9;1;9;A01
201100000332;0;1;0;0;2;7;1;B02
201100000333;0;7;0;2;0;7;1;A01
201100000334;0;7;0;0;1;3;0;A01
201100000335;0;31;0;0;0;7;15;B02
201100000335;0;7;0;0;0;1;23;A01
201100000336;0;2;0;8;0;1;1;A01
201100000337;0;7;0;0;2;2;13;A01
201100000337;0;7;0;0;2;2;1;B02
201100000338;0;7;0;0;2;1;17;A01
201100000338;0;7;0;0;2;1;1;B02
201100000339;0;7;0;0;1;2;1;A01
201100000340;0;2;0;0;2;1;2;B02
201100000340;0;7;0;0;0;5;0;A01
201100000341;0;15;0;0;0;6;23;A01
201100000341;0;10;0;0;0;3;1;B02
201100000342;0;7;0;0;1;3;1;A01
201100000343;0;7;0;2;0;1;13;A01
201100000344;0;7;0;0;2;3;13;A01
201100000344;0;7;0;0;2;3;1;B02
201100000345;0;30;0;0;0;8;16;A01
201100000345;0;14;0;0;0;0;16;B02
201100000346;0;16;0;0;0;0;16;A01
201100000347;0;7;0;0;2;1;1;A01
201100000347;0;1;0;0;2;1;1;B02
201100000348;0;7;0;0;0;2;2;A01
201100000348;0;1;0;0;0;6;2;B02
201100000349;0;7;0;0;2;3;11;A01
201100000349;0;2;0;0;2;7;1;B02
201100000350;0;31;0;0;2;1;5;A01
201100000350;0;7;0;0;2;1;1;B02
201100000351;0;7;0;0;0;1;2;A01
201100000351;0;1;0;0;0;4;2;B02
201100000352;0;7;0;0;1;1;1;A01
201100000353;0;7;0;6;0;8;1;A01
201100000354;0;7;0;0;2;3;13;A01
201100000354;0;7;0;0;2;3;1;B02
201100000354;0;7;0;0;2;8;1;C03
201100000355;0;7;0;16;0;1;1;A01
201100000356;0;7;0;0;0;0;1;A01
201100000357;0;7;0;0;2;2;1;A01
201100000357;0;33;0;0;2;8;1;B02
201100000358;0;7;0;5;0;2;0;A01
201100000359;0;1;0;0;2;4;2;A01
201100000359;0;7;0;0;2;1;1;B02
201100000360;0;7;0;2;0;8;1;A01
201100000361;0;7;0;2;0;1;0;A01
201100000362;0;7;0;0;2;5;19;A01
201100000362;0;7;0;0;2;1;1;B02
201100000363;0;7;0;0;2;8;19;A01
201100000363;0;7;0;0;2;1;1;B02
201100000364;0;7;0;0;2;3;1;A01
201100000364;0;7;0;0;0;3;1;B02
201100000365;0;7;0;13;0;1;1;A01
201100000366;0;7;0;0;2;1;1;A01
201100000366;0;7;0;0;2;1;1;B02
201100000367;0;7;0;6;0;1;16;A01
201100000368;0;7;0;0;2;1;19;B02
201100000368;0;7;0;0;2;8;1;A01
201100000369;0;7;0;2;0;1;13;A01
201100000370;0;7;0;2;0;2;14;A01
201100000371;0;7;0;0;1;3;2;A01
201100000372;0;7;0;0;0;5;1;A01
201100000372;0;1;0;0;2;1;1;B02
201100000373;0;7;0;2;0;1;13;A01
201100000374;0;7;0;13;0;2;1;A01
201100000375;0;36;0;13;0;9;1;A01
201100000376;0;2;0;0;2;7;19;B02
201100000376;0;7;0;0;0;2;1;A01
201100000377;0;7;0;0;1;7;1;A01
201100000378;0;7;0;2;0;8;0;A01
201100000379;0;7;0;0;2;1;1;A01
201100000379;0;7;0;0;2;8;9;B02
201100000380;0;33;0;0;2;1;2;C03
201100000380;0;7;0;0;2;6;23;B02
201100000380;0;33;0;14;0;1;2;A01
201100000381;0;7;0;0;2;1;1;A01
201100000381;0;14;0;0;0;4;0;B02
201100000382;0;7;0;0;2;2;19;A01
201100000382;0;7;0;0;2;3;1;B02
201100000383;0;7;0;0;1;2;1;A01
201100000384;0;31;0;0;2;2;3;B02
201100000384;0;7;0;0;2;3;19;A01
201100000385;0;7;0;0;0;9;17;A01
201100000386;0;7;0;2;0;1;14;A01
201100000387;0;1;0;0;2;0;13;B02
201100000387;0;7;0;0;2;1;1;A01
201100000388;0;7;0;0;2;2;16;A01
201100000388;0;33;0;0;2;1;1;B02
201100000389;0;7;0;0;2;7;19;A01
201100000389;0;10;0;0;2;1;1;B02
201100000390;0;7;0;0;2;3;19;A01
201100000390;0;2;0;0;2;1;1;B02
201100000391;0;14;0;0;2;5;15;A01
201100000391;0;7;0;0;2;3;1;B02
201100000392;0;33;0;0;2;1;1;B02
201100000392;0;7;0;0;0;8;10;A01
201100000393;0;7;0;0;2;1;1;B02
201100000393;0;7;0;0;2;7;13;A01
201100000394;0;30;0;0;2;3;23;B02
201100000394;0;7;0;0;2;0;13;A01
201100000395;0;7;0;0;0;4;23;B02
201100000395;0;7;0;0;2;1;1;A01
201100000396;0;7;0;0;2;2;17;A01
201100000396;0;7;0;0;2;2;2;B02
201100000397;0;7;0;0;2;2;0;A01
201100000397;0;1;0;0;2;1;0;B02
201100000398;0;7;0;0;1;3;1;A01
201100000399;0;7;0;0;2;1;13;A01
201100000399;0;7;0;0;2;1;1;B02
201100000400;0;7;0;0;2;4;1;B02