num_acc;senc;catv;occutc;obs;obsm;choc;manv;num_veh
201100000797;0;7;0;0;2;1;13;A02
201100000797;0;7;0;0;2;1;1;B01
201100000798;0;7;0;8;0;1;13;A01
201100000799;0;7;0;13;0;9;1;A01
201100000800;0;31;0;1;0;1;1;A01
201100000801;0;21;0;0;2;6;1;B02
201100000801;0;7;0;0;2;1;1;A01
201100000802;0;7;0;2;0;9;14;A01
201100000803;0;7;0;0;1;3;1;A01
201100000804;0;7;0;16;0;1;1;A01
201100000805;0;30;0;0;2;6;1;B02
201100000805;0;7;0;0;2;3;15;A01
201100000806;0;7;0;0;2;6;1;A01
201100000806;0;33;0;0;2;2;1;B02
201100000807;0;1;0;0;2;8;19;B02
201100000807;0;7;0;0;2;8;21;A01
201100000808;0;7;0;13;0;1;13;A01
201100000809;0;7;0;2;9;1;1;B02
201100000809;0;7;0;2;0;3;17;A01
201100000810;0;33;0;0;2;1;17;B02
201100000810;0;7;0;0;2;4;17;A01
201100000811;0;7;0;0;2;1;1;B02
201100000811;0;30;0;11;2;1;5;A01
201100000812;0;7;0;0;0;4;15;B02
201100000812;0;7;0;0;2;1;1;A01
201100000813;0;7;0;0;2;1;1;B02
201100000813;0;10;0;0;2;1;5;A01
201100000814;0;7;0;0;2;8;19;A01
201100000814;0;7;0;0;2;1;1;B02
201100000815;2;7;0;13;0;9;1;A01
201100000816;0;30;0;0;2;3;13;A01
201100000816;0;7;0;0;2;6;13;B02
201100000817;0;7;0;0;1;1;21;A01
201100000818;0;7;0;0;2;2;1;B02
201100000818;0;7;0;0;2;2;13;A01
201100000819;0;33;0;0;0;7;1;A01
201100000820;0;2;0;0;2;1;1;B02
201100000820;0;7;0;0;2;1;15;A01
201100000821;0;2;0;0;2;1;1;B02
201100000821;0;7;0;0;2;1;13;A01
201100000822;0;33;0;1;0;1;1;A01
201100000823;0;7;0;2;0;1;13;A01
201100000824;0;33;0;8;0;1;13;A01
201100000825;0;13;0;0;2;2;13;A01
201100000825;0;7;0;0;2;8;15;B02
201100000826;0;7;0;6;0;5;13;A01
201100000827;0;33;0;3;0;3;1;A01
201100000828;0;7;0;1;0;3;1;A01
201100000828;0;13;0;0;2;3;24;B02
201100000829;0;7;0;14;0;1;14;A01
201100000830;0;7;0;13;0;9;13;A01
201100000831;0;7;0;0;2;1;15;A01
201100000831;0;7;0;0;2;1;1;B02
201100000832;0;7;0;0;0;5;15;B02
201100000832;0;33;0;0;2;1;1;A01
201100000833;0;7;0;2;0;3;1;A01
201100000834;0;7;0;0;0;4;23;B02
201100000834;0;7;0;1;1;1;1;A01
201100000835;0;7;0;0;1;2;1;A01
201100000836;0;33;0;0;2;1;1;B02
201100000836;0;14;0;0;2;7;15;A01
201100000837;0;7;0;0;2;1;1;B02
201100000837;0;7;0;0;2;7;19;A01
201100000838;0;7;0;0;2;3;17;A01
201100000838;0;30;0;0;2;1;1;B02
201100000839;0;14;0;1;0;2;2;A01
201100000839;0;7;0;0;2;4;23;B02
201100000840;0;7;0;16;0;0;14;A01
201100000841;0;32;0;0;2;3;1;A01
201100000841;0;7;0;0;2;3;1;B02
201100000842;0;7;0;0;2;3;1;B02
201100000842;0;7;0;0;2;1;15;A01
201100000843;0;7;0;13;0;1;0;A01
201100000844;0;30;0;0;0;0;14;A01
201100000845;0;33;0;12;0;2;1;A01
201100000846;0;2;0;0;2;1;16;A01
201100000846;0;33;0;0;2;1;1;B02
201100000847;0;10;0;0;2;2;19;A01
201100000847;0;7;0;0;2;1;1;B02
201100000848;0;30;0;0;2;1;1;A01
201100000848;0;7;0;0;0;4;1;B02
201100000849;0;7;0;0;0;2;14;A01
201100000850;0;7;0;0;2;1;5;A01
201100000850;0;7;0;0;2;1;1;B02
201100000851;0;30;0;1;0;2;14;A01
201100000852;0;7;0;13;0;9;1;A01
201100000853;0;7;0;0;0;4;1;B02
201100000853;0;7;0;0;2;1;2;A01
201100000854;0;7;0;0;2;4;2;B02
201100000854;0;7;0;0;2;4;2;C03
201100000854;0;7;0;0;2;1;2;A01
201100000855;0;7;0;0;1;2;1;A01
201100000855;0;7;0;0;1;1;1;B02
201100000856;0;17;0;0;0;7;15;A01
201100000857;0;7;0;0;2;3;6;A01
201100000857;0;7;0;0;2;6;1;B02
201100000858;0;33;0;0;0;8;1;A01
201100000859;0;7;0;0;2;3;1;A01
201100000859;0;7;0;0;2;3;0;B02
201100000860;0;7;0;0;2;1;1;A01
201100000860;0;7;0;0;2;1;1;B02
201100000861;0;2;0;16;0;7;1;A01
201100000862;0;33;0;0;0;8;1;A01
201100000863;0;7;0;0;2;7;15;A01
201100000863;0;33;0;0;2;1;1;B02
201100000864;0;30;0;0;2;1;13;A01
201100000864;0;7;0;0;2;3;1;B02
201100000865;0;30;0;0;2;1;5;A01
201100000865;0;7;0;0;2;8;0;B02
201100000866;0;7;0;0;2;1;1;A01
201100000866;0;7;0;0;2;8;19;B02
201100000867;0;7;0;0;2;3;15;A01
201100000867;0;7;0;0;2;7;1;B02
201100000868;0;7;0;0;2;2;15;A01
201100000868;0;7;0;0;2;1;1;B02
201100000869;0;10;0;0;2;7;13;A01
201100000869;0;31;0;0;2;1;21;B02
201100000870;0;7;0;0;2;1;13;A01
201100000870;0;7;0;0;2;1;1;B02
201100000871;0;7;0;0;0;9;17;A01
201100000872;0;7;0;0;2;3;15;B02
201100000872;0;34;0;0;2;5;17;A01
201100000873;0;7;0;13;0;1;1;A01
201100000874;0;33;0;6;0;1;13;A01
201100000875;0;99;0;0;2;6;15;A01
201100000875;0;7;0;0;2;2;17;B02
201100000876;0;7;0;0;6;1;19;A01
201100000877;0;2;0;0;2;1;19;A01
201100000877;0;33;0;0;2;1;1;B02
201100000877;0;33;0;0;2;1;1;C03
201100000878;0;7;0;0;0;1;1;A01
201100000879;0;7;0;0;2;3;17;A01
201100000879;0;21;0;0;2;3;15;B02
201100000880;0;33;0;0;2;1;17;A01
201100000880;0;7;0;0;2;6;1;B02
201100000880;0;7;0;0;2;1;1;C03
201100000881;0;7;0;6;0;3;1;A01
201100000882;0;7;0;0;2;3;1;A01
201100000882;0;7;0;0;2;3;1;B02
201100000883;0;7;0;0;2;4;13;A01
201100000883;0;7;0;0;9;1;21;C03
201100000883;0;7;0;0;2;3;21;B02
201100000884;0;7;0;0;2;7;19;A01
201100000884;0;7;0;0;2;1;1;B02
201100000885;0;7;0;0;2;2;1;A01
201100000885;0;7;0;0;2;3;1;B02
201100000886;0;7;0;9;0;7;14;A01
201100000887;0;7;0;0;0;2;1;B02
201100000887;0;7;0;0;2;7;15;A01
201100000888;0;7;0;13;0;9;1;A01
201100000889;0;7;0;0;2;1;13;A01
201100000889;0;7;0;0;2;1;1;B02
201100000890;0;30;0;0;0;0;1;A01
201100000891;0;7;0;0;0;7;13;A01
201100000891;0;7;0;0;0;1;0;C03
201100000891;0;7;0;0;0;7;0;B02
201100000892;0;7;0;2;0;1;0;A01
201100000893;0;7;0;0;1;8;1;A01
201100000894;0;7;0;0;6;9;21;A01
201100000895;0;7;0;0;0;3;9;A01
201100000895;0;33;0;0;2;1;1;B02
201100000896;0;10;0;0;2;8;23;D04
201100000896;0;7;0;0;2;3;13;A01
201100000896;0;7;0;0;2;6;15;C03
201100000896;0;7;0;0;2;1;1;B02
201100000897;0;10;0;0;2;3;13;B02
201100000897;0;7;0;0;2;3;1;A01
201100000898;1;7;0;0;1;1;1;A01
201100000899;0;7;0;7;0;3;21;A01
201100000900;0;7;0;0;2;3;2;A01
201100000900;0;3;0;0;0;5;2;B02
201100000901;0;7;0;0;0;2;1;A01
201100000902;0;7;0;0;2;8;13;A01
201100000902;0;7;0;0;2;8;1;B02
201100000903;0;7;0;16;0;9;1;A01
201100000904;0;30;0;12;0;7;0;A01
201100000905;0;7;0;0;2;3;13;A01
201100000905;0;7;0;0;2;1;1;B02
201100000906;0;14;0;0;2;1;1;B02
201100000906;0;7;0;0;2;1;17;A01
201100000907;0;7;0;0;0;2;15;A01
201100000907;0;7;0;0;0;3;1;B02
201100000908;0;7;0;0;1;6;4;A01
201100000909;0;33;0;13;0;2;17;A01
201100000910;0;7;0;0;9;2;14;A01
201100000911;0;2;0;0;2;1;16;B02
201100000911;0;7;0;0;2;3;13;A01
201100000912;0;7;0;0;2;3;1;B02
201100000912;0;7;0;0;2;3;13;A01
201100000913;0;7;0;0;2;1;1;A01
201100000913;0;10;0;0;2;3;1;B02
201100000914;0;21;0;0;0;5;1;A01
201100000915;0;7;0;0;0;9;1;A01
201100000916;0;7;0;13;0;2;1;A01
201100000917;0;7;0;0;0;3;1;A01
201100000918;0;7;0;6;0;3;1;A01
201100000919;0;7;0;0;1;3;19;A01
201100000920;0;7;0;0;1;2;1;A01
201100000921;0;7;0;6;0;3;13;A01
201100000922;0;7;0;0;2;1;13;A01
201100000922;0;7;0;0;2;3;1;B02
201100000922;0;7;0;0;2;1;1;C03
201100000923;0;10;0;0;2;1;1;B02
201100000923;0;7;0;0;2;8;1;A01
201100000924;0;7;0;0;1;2;1;A01
201100000925;0;21;0;0;2;7;15;A01
201100000925;0;2;0;0;2;1;17;B02
201100000926;0;7;0;8;0;2;14;A01
201100000927;0;1;0;0;2;8;1;B02
201100000927;0;7;0;0;2;1;1;A01
201100000928;0;33;0;0;2;7;17;B02
201100000928;0;7;0;0;2;8;17;A01
201100000929;0;31;0;0;2;1;1;B02
201100000929;0;30;0;0;2;1;13;A01
201100000930;0;33;0;0;2;2;17;A01
201100000930;0;10;0;0;2;3;16;B02
201100000931;0;33;0;0;2;8;17;A01
201100000931;0;7;0;0;2;8;1;B02
201100000932;0;7;0;0;1;2;1;A01
201100000933;0;7;0;4;1;1;1;A01
201100000934;0;7;0;4;0;3;17;A01
201100000935;0;7;0;0;1;1;1;A01
201100000936;0;7;0;6;0;1;13;A01
201100000937;0;30;0;0;2;1;2;B02
201100000937;0;7;0;0;0;4;23;A01
201100000938;0;21;0;0;2;6;1;A01
201100000938;0;7;0;0;2;1;13;B02
201100000939;0;7;0;0;0;1;2;B02
201100000939;0;7;0;0;0;4;1;A01
201100000940;0;7;0;0;2;1;15;B02
201100000940;0;7;0;0;2;3;1;D04
201100000940;0;7;0;0;2;6;1;C03
201100000940;0;7;0;0;2;4;15;A01
201100000941;0;7;0;0;2;3;1;A01
201100000941;0;17;0;0;2;3;1;B02
201100000942;0;7;0;0;2;2;13;A01
201100000942;0;7;0;0;2;8;1;B02
201100000943;0;7;0;0;0;1;1;A01
201100000944;0;7;0;0;2;1;1;B02
201100000944;0;7;0;0;2;3;19;A01
201100000945;0;7;0;13;0;2;1;A01
201100000946;0;30;0;0;2;1;1;B02
201100000946;0;7;0;0;2;3;19;A01
201100000947;0;7;0;13;0;1;1;A01
201100000948;0;7;0;0;0;2;15;A01
201100000948;0;7;0;0;2;3;1;B02
201100000949;0;7;0;0;2;8;1;B03
201100000949;0;7;0;0;2;1;1;C02
201100000949;0;33;0;0;2;1;13;A01
201100000950;0;31;0;6;0;1;14;A01
201100000951;0;7;0;0;2;2;1;A01
201100000951;0;7;0;0;0;3;15;B02
201100000952;0;7;0;0;2;3;1;B02
201100000952;0;7;0;0;2;1;1;C03
201100000952;0;7;0;0;2;8;13;A01
201100000953;0;10;0;0;1;1;15;A01
201100000954;0;7;0;0;2;1;1;B02
201100000954;0;7;0;0;2;3;1;A01
201100000955;0;10;0;0;2;3;1;A01
201100000955;0;10;0;0;2;3;17;B02
201100000956;0;1;0;0;2;7;1;A01
201100000956;0;7;0;0;9;1;1;B02
201100000957;0;7;0;0;2;1;1;A01
201100000957;0;10;0;0;2;2;19;B02
201100000958;0;7;0;0;2;3;1;B02
201100000958;0;7;0;0;2;1;13;A01
201100000958;0;7;0;0;2;8;1;C03
201100000959;0;30;0;12;0;8;1;A01
201100000960;0;7;0;0;2;1;1;B02
201100000960;0;7;0;0;0;8;19;A01
201100000961;0;7;0;0;2;1;13;A01
201100000961;0;17;0;0;0;3;1;C03
201100000961;0;17;0;0;0;8;21;B02
201100000962;0;7;0;0;2;4;1;A01
201100000962;0;7;0;0;2;1;1;B02
201100000963;0;7;0;0;2;1;21;A01
201100000963;0;2;0;0;2;1;13;B02
201100000964;0;7;0;0;0;0;23;A01
201100000964;0;10;0;0;2;1;1;E05
201100000964;0;7;0;0;2;2;0;G07
201100000964;0;7;0;0;2;1;0;F06
201100000964;0;7;0;0;2;4;1;D04
201100000964;0;7;0;0;0;3;1;C03
201100000964;0;7;0;1;0;1;1;B02
201100000965;0;7;0;0;2;1;21;B02
201100000965;0;7;0;0;2;1;13;A01
201100000966;0;7;0;6;0;0;13;A01
201100000967;0;7;0;8;0;8;13;A01
201100000968;0;2;0;0;2;1;15;B02
201100000968;0;7;0;0;2;2;19;A01
201100000969;0;7;0;0;2;7;19;A01
201100000969;0;7;0;0;2;1;1;B02
201100000970;0;15;0;0;2;1;21;A01
201100000970;0;31;0;0;2;1;13;B02
201100000971;0;2;0;6;0;1;0;A01
201100000972;0;7;0;0;2;3;19;A01
201100000972;0;7;0;0;2;1;19;B02
201100000973;0;15;0;0;0;7;15;A01
201100000973;0;31;0;0;2;1;1;B02
201100000974;0;7;0;0;0;1;0;A01
201100000975;0;7;0;1;1;2;14;A01
201100000976;0;7;0;0;2;4;1;A01
201100000976;0;33;0;0;2;1;1;B02
201100000977;0;7;0;0;2;6;11;B02
201100000977;0;38;0;0;2;6;1;C03
201100000977;0;33;0;8;0;3;17;A01
201100000978;0;33;0;0;0;1;1;A01
201100000979;0;7;0;2;0;2;14;A01
201100000980;0;7;0;0;2;0;9;A01
201100000980;0;1;0;0;2;0;1;B02
201100000981;0;7;0;0;0;5;15;B02
201100000981;0;33;0;0;0;1;1;A01
201100000981;0;7;0;0;0;3;0;C03
201100000982;0;7;0;0;9;9;1;A01
201100000983;0;14;0;0;2;1;1;B02
201100000983;0;7;0;4;2;8;1;A01
201100000984;0;2;0;0;2;1;1;B02
201100000984;0;7;0;0;0;6;15;A01
201100000985;0;7;0;0;2;6;17;B02
201100000985;0;33;0;0;2;1;17;A01
201100000986;0;7;0;0;1;1;11;A01
201100000987;0;14;0;0;2;1;13;B02
201100000987;0;7;0;0;2;1;1;A01
201100000988;0;17;0;0;2;3;1;B02
201100000988;0;7;0;0;2;1;13;A01
201100000989;0;1;0;0;2;1;1;A01
201100000989;0;1;0;0;2;1;2;B02
201100000990;0;7;0;0;2;2;1;B02
201100000990;0;7;0;0;0;3;0;A01
201100000991;0;2;0;0;2;8;13;A01
201100000991;0;7;0;0;2;8;21;B02
201100000992;0;7;0;6;0;3;6;A01
201100000993;0;36;0;0;6;1;1;A01
201100000994;0;7;0;0;2;1;1;A01
201100000994;0;7;0;0;2;8;19;B02
201100000995;0;33;0;16;0;8;1;A01
201100000996;0;7;0;0;2;1;17;A01
201100000996;0;7;0;0;2;1;1;B02
201100000997;0;10;0;0;1;2;0;A01
201100000998;0;7;0;0;1;2;1;A01
201100000999;0;33;0;0;0;2;1;A01
201100001000;0;7;0;0;2;7;19;B02
201100001000;0;7;0;0;2;1;1;A01
201100001001;0;7;0;2;0;2;1;A01
201100001002;0;35;0;1;0;3;14;A01
201100001003;0;7;0;0;2;1;13;A01
201100001003;0;7;0;0;2;1;1;B02
201100001004;0;7;0;0;2;8;1;B02
201100001004;0;15;0;0;2;3;1;A01
201100001005;0;7;0;0;2;1;13;A01
201100001005;0;10;0;0;2;2;21;B02
201100001006;0;7;0;0;2;8;15;A01
201100001006;0;33;0;0;2;1;17;B02
201100001007;0;31;0;0;2;3;1;A01
201100001007;0;37;1;0;2;8;1;B02
201100001008;0;7;0;0;9;2;1;A01
201100001008;0;1;0;0;2;8;16;B02
201100001009;0;2;0;0;0;4;1;B02
201100001009;0;7;0;0;2;2;2;A01
201100001010;0;7;0;0;1;5;0;A01
201100001011;0;7;0;0;2;7;13;A01
201100001011;0;7;0;0;2;1;1;B02
201100001012;0;7;0;0;2;1;1;B02
201100001012;0;7;0;0;2;1;13;A01
201100001013;0;7;0;2;0;7;1;A01
201100001014;0;7;0;13;0;9;14;A01
201100001015;0;7;0;2;0;8;17;A01
201100001016;0;7;0;8;0;9;1;A01
201100001017;0;7;0;0;1;1;21;A01
201100001018;0;7;0;0;0;0;14;A01
201100001019;0;7;0;6;0;1;14;A01
201100001020;0;33;0;0;2;1;1;A01
201100001020;0;30;0;0;2;8;10;B02
201100001021;0;13;0;0;0;6;23;A01
201100001021;0;7;0;1;0;1;2;B02
201100001022;0;7;0;0;1;1;23;A01
201100001023;0;7;0;0;1;1;1;A01
201100001024;0;7;0;0;0;3;1;A01
201100001025;0;7;0;0;2;2;13;B02
201100001025;0;7;0;0;0;3;1;A01
201100001026;0;10;0;0;1;1;1;A01
201100001027;0;7;0;0;2;1;1;A01
201100001027;0;7;0;0;0;4;1;B02
201100001028;0;10;0;0;2;8;19;A01
201100001028;0;7;0;0;2;1;19;B02
201100001029;0;36;0;2;0;0;0;A01
201100001030;0;7;0;0;0;0;0;A01
201100001031;0;31;0;0;2;1;1;A01
201100001031;0;7;0;0;2;1;20;C03
201100001031;0;10;0;0;2;3;1;B02
201100001032;0;7;0;0;1;2;21;A01
201100001033;0;10;0;0;2;7;17;A01
201100001033;0;1;0;0;2;8;1;B02
201100001034;0;7;0;3;0;9;0;A01
201100001035;0;7;0;0;2;1;13;A01
201100001035;0;7;0;0;2;1;1;B02
201100001036;0;2;0;8;0;1;13;A01
201100001037;0;30;0;8;0;1;0;A01
201100001038;0;7;0;0;2;1;1;A01
201100001038;0;7;0;0;2;4;23;B02
201100001038;0;7;0;0;2;4;23;C03
201100001039;0;7;0;0;1;1;1;A01
201100001040;0;7;0;13;0;9;1;A01
201100001041;0;7;0;0;2;2;19;A01
201100001041;0;33;0;0;2;1;1;B02
201100001042;0;30;0;16;0;7;1;A01
201100001043;0;33;0;0;2;1;1;B02
201100001043;0;21;0;0;2;6;15;A01
201100001044;0;33;0;0;0;7;21;A01
201100001045;0;7;0;2;0;1;1;A01
201100001046;0;10;0;2;0;3;1;A01
201100001047;0;30;0;0;2;1;21;A01
201100001047;0;7;0;0;2;5;15;B02
201100001048;0;7;0;0;2;1;5;A01
201100001048;0;7;0;0;2;1;1;B02
201100001049;0;10;0;0;2;4;4;A01
201100001049;0;33;0;0;2;1;23;B02
201100001049;0;33;0;0;2;7;23;C03
201100001050;0;7;0;0;2;3;1;B02
201100001050;0;7;0;0;2;2;13;A01
201100001051;0;1;0;12;2;3;1;B02
201100001051;0;7;0;0;2;2;16;A01
201100001052;0;7;0;0;2;1;5;A01
201100001052;0;7;0;0;2;1;1;B02
201100001053;0;7;0;0;2;1;15;A01
201100001053;0;2;0;0;2;8;1;B02
201100001054;0;31;0;0;2;1;17;B02
201100001054;0;7;0;0;2;3;15;A01
201100001055;0;7;0;0;0;7;1;C03
201100001055;0;7;0;0;0;4;1;B02
201100001055;0;33;0;0;2;8;13;A01
201100001056;0;7;0;0;2;3;1;A01
201100001056;0;2;0;0;2;2;17;B02
201100001057;0;33;0;0;2;1;1;B02
201100001057;0;7;0;0;2;7;9;A01
201100001058;0;2;0;0;2;0;21;A01
201100001059;0;7;0;0;1;2;15;A01
201100001060;0;7;0;0;0;0;4;A01
201100001061;0;7;0;0;0;1;17;A01
201100001062;0;21;0;0;0;0;15;B02
201100001062;0;33;0;0;2;1;17;A01
201100001063;0;7;0;0;2;1;13;A01
201100001063;0;10;0;0;2;1;1;B02
201100001064;0;7;0;0;2;3;13;A01
201100001064;0;14;0;0;2;3;1;B02
201100001065;0;7;0;0;2;7;13;A01
201100001065;0;7;0;0;2;1;1;B02
201100001066;0;7;0;0;2;1;13;A01
201100001066;0;7;0;0;2;1;1;B02
201100001067;0;30;0;0;2;1;13;A01
201100001067;0;7;0;0;2;1;1;B02
201100001068;0;7;0;13;0;3;1;A01
201100001069;0;14;0;15;0;1;1;A01
201100001070;0;31;0;0;2;1;17;B02
201100001070;0;7;0;0;2;8;10;A01
201100001071;0;7;0;0;2;3;1;B02
201100001071;0;15;0;0;2;3;1;A01
201100001072;0;7;0;0;2;8;19;A01
201100001072;0;7;0;0;2;1;1;B02
201100001073;0;15;0;0;1;1;1;A01
201100001074;0;7;0;2;0;1;13;A01
201100001075;0;14;0;0;2;3;1;A01
201100001075;0;7;0;0;2;3;13;B02
201100001076;0;7;0;0;0;0;14;A01
201100001077;0;7;0;8;0;2;0;B02
201100001077;0;7;0;0;0;1;15;A01
201100001078;0;7;0;0;2;1;13;A01
201100001078;0;10;0;0;2;1;1;B02
201100001079;0;7;0;0;2;1;1;A01
201100001079;0;2;0;0;2;7;15;B02
201100001080;0;7;0;0;2;8;1;C03
201100001080;0;14;0;0;0;0;0;D04
201100001080;0;10;0;0;2;1;13;B02
201100001080;0;10;0;0;2;1;1;A01
201100001081;0;7;0;8;2;3;13;B02
201100001081;0;7;0;0;2;3;1;A01
201100001082;0;15;0;0;2;1;13;B02
201100001082;0;7;0;14;0;1;21;C03
201100001082;0;10;0;0;2;3;1;A01
201100001083;0;31;0;0;2;1;14;A01
201100001083;0;21;0;0;2;0;2;B02
201100001084;0;3;0;0;2;4;1;A01
201100001084;0;7;0;0;2;1;1;C03
201100001084;0;7;0;0;2;2;17;B02
201100001084;0;7;0;0;2;1;1;D04
201100001084;0;7;0;0;2;3;1;E05
201100001085;0;7;0;8;0;8;1;A01
201100001086;0;7;0;0;0;3;15;A01
201100001086;0;2;0;0;0;1;1;B02
201100001087;0;7;0;0;2;2;19;A01
201100001087;0;7;0;0;2;2;1;B02
201100001088;0;7;0;0;2;7;20;B02
201100001088;0;7;0;0;2;1;13;A01
201100001089;0;7;0;1;0;1;0;A01
201100001090;0;30;0;0;2;1;2;B02
201100001090;0;7;0;0;2;4;2;A01
201100001091;0;7;0;0;2;2;1;A01
201100001091;0;1;0;0;2;1;11;B02
201100001092;0;7;0;2;0;1;19;A01
201100001093;0;30;0;0;2;1;1;A01
201100001093;0;7;0;0;2;1;17;B02
201100001094;0;7;0;0;0;2;2;A01
201100001094;0;1;0;0;0;4;2;B02
201100001095;0;2;0;0;0;1;1;A01
201100001095;0;7;0;0;0;3;17;B02
201100001096;0;7;0;0;1;4;4;A01
201100001097;0;7;0;0;0;1;13;A01
201100001097;0;7;0;0;0;1;1;B02
201100001097;0;7;0;0;0;8;1;C03
201100001098;0;10;0;0;1;4;4;A01
201100001099;0;7;0;0;2;3;4;A01
201100001099;0;7;0;0;2;2;13;B02
201100001100;0;7;0;0;2;7;13;A01
201100001100;0;7;0;0;2;1;1;B02
201100001101;0;7;0;0;0;2;19;B02
201100001101;0;7;0;0;2;6;1;A01
201100001102;0;7;0;2;0;1;1;A01
201100001103;0;31;0;3;0;7;14;A01
201100001104;0;7;0;2;0;1;1;A01
201100001105;0;7;0;2;2;8;19;B02
201100001105;0;7;0;0;2;1;1;A01
201100001106;0;7;0;13;0;1;1;A01
201100001107;0;7;0;0;1;2;21;A01
201100001108;0;7;0;0;9;1;17;B02
201100001108;0;2;0;0;2;8;15;A01
201100001109;0;7;0;0;1;3;1;A01
201100001110;0;7;0;0;2;8;1;B02
201100001110;0;7;0;0;2;3;1;A01
201100001111;0;7;0;0;2;2;1;B02
201100001111;0;33;0;2;2;1;13;A01
201100001112;0;33;0;3;0;1;1;A01
201100001113;0;33;0;0;0;8;1;A01
201100001114;0;36;0;1;0;3;1;A01
201100001115;0;7;0;2;0;2;1;A01
201100001116;0;7;0;0;1;2;1;A01
201100001117;0;7;0;0;0;5;15;B02
201100001117;0;30;0;0;2;1;18;A01
201100001118;0;7;0;0;0;5;16;A01
201100001118;0;31;0;0;0;1;2;B02
201100001119;0;7;0;0;2;3;23;B02
201100001119;0;7;0;1;0;4;1;A01
201100001120;0;7;0;2;0;1;1;A01
201100001121;0;7;0;0;0;3;1;A01
201100001122;0;7;0;0;2;3;15;B02
201100001122;0;7;0;0;2;3;1;A01
201100001123;0;1;0;0;1;0;1;A01
201100001124;0;7;0;0;2;1;13;A01
201100001124;0;7;0;0;2;1;1;B02
201100001125;0;15;0;0;2;7;15;A01
201100001125;0;33;0;0;2;1;1;B02
201100001126;0;33;0;13;0;7;1;A01
201100001127;0;7;0;0;2;3;13;A01
201100001127;0;15;0;0;2;0;1;B02
201100001128;0;33;0;0;2;8;1;B02
201100001128;0;7;0;0;2;1;15;A01
201100001129;0;33;0;8;0;7;1;A01
201100001130;0;30;0;0;2;1;5;A01
201100001130;0;7;0;0;2;1;0;B02
201100001131;0;7;0;0;2;2;21;A01
201100001131;0;7;0;0;0;6;24;B02
201100001132;0;7;0;0;0;1;1;A01
201100001133;0;33;0;0;0;4;1;B02
201100001133;0;7;0;0;9;1;14;A01
201100001134;0;7;0;0;0;4;1;B02
201100001134;0;15;0;0;2;1;1;A01
201100001135;0;7;0;0;0;0;1;A01
201100001136;0;7;0;0;2;1;2;A01
201100001136;0;7;0;0;0;4;2;B02
201100001137;0;7;0;0;1;4;4;A01
201100001138;0;10;0;0;2;1;1;B02
201100001138;0;7;0;0;2;1;13;A01
201100001139;0;2;0;0;2;1;1;B02
201100001139;0;7;0;0;2;3;17;A01
201100001140;0;7;0;0;2;1;1;B02
201100001140;0;7;0;0;2;1;15;A01
201100001141;0;7;0;2;0;6;13;A01
201100001142;0;7;0;0;2;2;1;B02
201100001142;0;7;0;0;2;1;1;A01
201100001143;0;14;0;0;2;6;4;A01
201100001143;0;37;1;0;2;7;1;B02
201100001144;0;7;0;0;1;2;1;A01
201100001145;0;7;0;0;2;1;19;A01
201100001145;0;10;0;0;2;1;1;B02
201100001146;0;33;0;0;2;1;17;A01
201100001146;0;7;0;0;2;6;23;B02
201100001147;0;7;0;0;2;1;2;A01
201100001147;0;7;0;0;2;3;19;B02
201100001148;0;7;0;0;0;1;1;A01
201100001148;0;1;0;0;2;4;1;B02
201100001149;0;7;0;0;2;1;1;A01
201100001149;0;7;0;0;2;1;1;B02
201100001150;0;7;0;0;2;2;15;A01
201100001150;0;31;0;0;2;3;1;B02
201100001151;0;2;0;6;0;1;1;A01
201100001152;0;33;0;0;2;7;2;A01
201100001152;0;7;0;0;0;6;1;B02
201100001153;0;7;0;12;0;9;1;A01
201100001154;0;7;0;2;0;0;1;A01
201100001155;0;33;0;0;2;1;1;A01
201100001155;0;7;0;0;2;6;19;B02
201100001156;0;7;0;0;2;1;1;A01
201100001156;0;21;0;0;2;7;19;B02
201100001157;0;7;0;8;0;1;1;A01
201100001158;0;7;0;0;2;8;15;B02
201100001158;0;7;0;0;2;3;1;A01
201100001159;0;13;0;0;0;0;23;C03
201100001159;0;7;0;0;1;9;1;A01
201100001159;0;7;0;0;0;0;23;B02
201100001160;0;7;0;0;0;5;1;B02
201100001160;0;7;0;0;2;1;2;A01
201100001160;0;7;0;0;2;1;1;C03
201100001161;0;7;0;0;2;3;19;B02
201100001161;0;30;0;0;2;7;1;A01
201100001162;1;7;0;11;1;2;0;A01
201100001163;0;3;0;0;9;0;2;C03
201100001163;0;30;0;0;2;1;13;A01
201100001163;0;7;0;0;2;2;1;B02
201100001164;0;7;0;0;2;1;1;B02
201100001164;0;33;0;0;2;1;1;A01
201100001165;0;10;0;0;2;1;1;B02
201100001165;0;30;0;0;2;1;15;A01
201100001166;0;7;0;0;2;3;1;A01
201100001166;0;33;0;0;2;1;1;B02
201100001167;0;7;0;0;2;3;1;B01
201100001167;0;7;0;0;2;3;15;A01
201100001168;0;7;0;0;2;8;1;A01
201100001168;0;7;0;0;2;1;19;B02
201100001169;0;7;0;0;2;3;1;B02
201100001169;0;7;0;0;2;3;1;A01
201100001170;0;7;0;0;1;1;1;B02
201100001170;0;33;0;0;2;0;1;A01