num_acc;senc;catv;occutc;obs;obsm;choc;manv;num_veh
201100001171;0;7;0;0;2;8;19;B02
201100001171;0;7;0;0;2;1;1;A01
201100001172;0;10;0;0;2;1;5;A01
201100001172;0;7;0;0;2;1;1;B02
201100001173;0;7;0;0;1;2;1;A01
201100001174;0;7;0;0;2;3;1;B02
201100001174;0;7;0;0;2;3;1;A01
201100001175;0;7;0;0;0;7;1;A01
201100001175;0;7;0;0;2;1;1;B02
201100001176;0;33;0;0;2;1;1;A01
201100001176;0;33;0;0;0;4;1;B02
201100001177;0;7;0;0;2;2;1;B02
201100001177;0;7;0;0;2;3;19;A01
201100001178;0;7;0;0;0;1;1;B02
201100001178;0;7;0;0;0;1;15;A01
201100001179;0;7;0;0;2;3;3;A01
201100001179;0;7;0;0;2;2;16;B02
201100001180;0;7;0;2;0;1;1;A01
201100001181;0;7;0;13;0;9;1;A01
201100001182;0;7;0;0;2;1;6;A01
201100001182;0;7;0;0;2;1;1;B02
201100001183;0;31;0;0;0;3;1;A01
201100001184;0;7;0;13;0;3;13;A01
201100001185;0;7;0;0;0;1;15;A01
201100001185;0;2;0;0;0;0;1;B02
201100001186;0;7;0;8;0;1;13;A01
201100001187;0;7;0;0;0;1;15;A01
201100001187;0;33;0;0;2;1;1;B02
201100001188;0;7;0;0;2;3;1;A01
201100001188;0;7;0;0;2;3;1;B02
201100001189;0;7;0;0;2;7;15;A01
201100001189;0;15;0;0;0;1;1;B02
201100001190;0;33;0;0;2;1;3;A01
201100001190;0;7;0;0;2;6;15;B02
201100001191;0;7;0;0;0;8;1;A01
201100001191;0;17;0;0;2;1;1;B02
201100001192;0;32;0;0;0;0;1;A01
201100001193;0;7;0;0;1;8;1;A01
201100001194;0;99;0;0;2;3;21;C03
201100001194;0;10;0;0;2;3;13;A01
201100001194;0;99;0;0;2;3;21;B02
201100001195;0;10;0;2;0;1;0;A01
201100001196;0;36;0;8;0;3;1;A01
201100001197;0;31;0;0;0;7;1;A01
201100001198;0;7;0;0;2;7;19;A01
201100001198;0;10;0;0;2;1;1;B02
201100001199;0;7;0;2;0;9;1;A01
201100001200;0;7;0;0;2;3;0;B02
201100001200;0;7;0;0;2;6;1;C03
201100001200;0;7;0;0;6;3;1;A01
201100001201;0;7;0;2;0;8;14;A01
201100001202;0;7;0;0;2;1;15;A01
201100001202;0;7;0;0;2;1;1;B02
201100001203;0;31;0;0;2;1;5;A01
201100001203;0;10;0;0;2;2;1;B02
201100001204;0;7;0;0;2;1;15;A01
201100001204;0;32;0;0;2;1;1;B02
201100001205;0;7;0;13;0;2;0;A01
201100001206;0;7;0;0;0;2;1;A01
201100001206;0;10;0;0;0;1;15;B02
201100001207;0;7;0;8;0;1;1;A01
201100001208;0;7;0;0;2;1;19;A01
201100001208;0;7;0;8;2;6;1;B02
201100001209;0;7;0;2;0;3;1;A01
201100001210;0;17;0;16;0;8;13;A01
201100001211;0;7;0;0;1;1;1;A01
201100001212;0;7;0;0;1;2;17;A01
201100001213;0;7;0;0;2;3;1;A01
201100001213;0;7;0;0;2;2;13;B02
201100001214;0;21;0;0;2;3;1;B02
201100001214;0;13;0;0;2;3;13;A01
201100001215;0;7;0;2;0;3;13;A01
201100001216;0;7;0;16;0;1;0;A01
201100001217;0;15;0;13;0;2;1;A01
201100001218;0;17;0;13;0;5;14;A01
201100001219;0;7;0;0;9;2;2;A01
201100001219;0;1;0;0;2;4;1;B02
201100001220;0;7;0;0;2;2;19;A01
201100001220;0;33;0;0;2;1;1;B02
201100001221;0;7;0;2;0;2;1;A01
201100001222;0;7;0;0;1;2;1;A01
201100001223;0;33;0;0;2;1;17;A01
201100001223;0;7;0;0;2;8;1;B02
201100001224;0;7;0;0;2;3;1;B01
201100001224;0;7;0;0;2;2;15;A01
201100001225;0;7;0;0;1;3;1;A01
201100001226;0;7;0;0;1;2;1;A01
201100001227;0;10;0;0;2;3;1;B02
201100001227;0;7;0;0;2;3;13;A01
201100001228;0;30;0;0;2;1;1;A01
201100001228;0;7;0;0;2;8;1;B02
201100001229;0;7;0;0;0;3;9;B02
201100001229;0;30;0;0;2;1;17;A01
201100001230;0;7;0;0;2;6;15;B02
201100001230;0;30;0;0;2;1;1;A01
201100001231;0;2;0;12;0;7;14;A01
201100001232;0;33;0;0;0;3;5;A01
201100001233;0;7;0;6;0;2;1;A01
201100001234;0;7;0;0;2;2;5;A01
201100001234;0;7;0;0;2;2;1;B02
201100001235;0;3;0;0;2;1;1;A01
201100001235;0;21;0;0;2;6;1;B02
201100001236;0;7;0;0;2;1;1;A01
201100001236;0;7;0;0;2;7;15;B02
201100001237;0;7;0;0;2;1;15;A01
201100001237;0;7;0;0;2;1;1;B02
201100001238;0;7;0;0;2;2;19;A01
201100001238;0;7;0;0;2;2;1;B02
201100001239;0;30;0;2;0;1;13;A01
201100001240;0;30;0;8;0;1;1;A01
201100001241;0;33;0;13;0;1;1;A01
201100001242;0;7;0;0;2;1;0;B02
201100001242;0;7;0;0;2;1;13;A01
201100001243;0;7;0;0;2;1;1;B02
201100001243;0;7;0;7;2;4;1;A01
201100001244;0;7;0;0;0;0;17;B02
201100001244;0;7;0;0;0;9;17;A01
201100001245;0;7;0;2;0;1;1;A01
201100001246;0;7;0;13;0;3;1;A01
201100001247;0;7;0;0;6;1;1;A01
201100001247;0;7;0;0;2;1;1;B02
201100001248;0;7;0;13;0;3;1;A01
201100001249;0;36;0;8;0;1;1;A01
201100001250;0;30;0;0;0;0;1;A01
201100001251;0;2;0;0;2;1;13;A01
201100001251;0;7;0;0;2;3;1;B02
201100001252;0;30;0;0;0;8;1;A01
201100001253;0;31;0;0;0;3;1;B02
201100001253;0;33;0;0;1;1;21;A01
201100001254;0;7;0;8;0;3;1;A01
201100001255;0;7;0;0;2;1;1;A01
201100001255;0;7;0;0;2;3;1;B02
201100001256;0;7;0;0;2;3;19;B02
201100001256;0;7;0;0;2;1;1;A01
201100001257;0;7;0;0;1;2;1;A01
201100001258;0;7;0;0;2;8;1;A01
201100001258;0;10;0;0;2;1;19;B02
201100001259;0;7;0;0;2;2;1;B02
201100001259;0;30;0;0;0;4;1;A01
201100001260;0;7;0;0;1;2;1;A01
201100001261;0;7;0;0;2;1;13;A01
201100001261;0;7;0;0;2;1;1;B02
201100001262;0;10;0;0;1;3;1;A01
201100001263;0;7;0;0;2;2;1;A01
201100001263;0;7;0;0;0;6;16;B02
201100001264;0;33;0;0;2;1;1;B02
201100001264;0;7;0;0;2;2;15;A01
201100001265;0;7;0;0;2;1;1;B02
201100001265;0;7;0;0;2;2;13;A01
201100001266;0;10;0;0;2;6;4;B02
201100001266;0;30;0;0;2;2;1;A01
201100001267;0;7;0;0;2;1;1;A01
201100001267;0;7;0;13;2;7;1;B02
201100001268;0;33;0;0;2;7;17;B02
201100001268;0;7;0;0;2;8;17;A01
201100001269;0;33;0;0;2;1;1;A01
201100001269;0;7;0;0;0;4;15;B02
201100001270;0;7;0;2;0;1;1;A01
201100001271;0;7;0;2;0;1;1;A01
201100001272;0;10;0;0;2;3;1;B02
201100001272;0;7;0;0;2;7;13;A01
201100001273;0;7;0;0;2;1;1;B02
201100001273;0;7;0;0;2;1;13;A01
201100001274;0;32;0;8;0;2;1;A01
201100001275;0;7;0;0;2;1;1;B02
201100001275;0;7;0;0;2;2;15;A01
201100001276;0;7;0;2;0;1;1;A01
201100001277;0;7;0;0;2;1;13;A01
201100001277;0;7;0;0;2;3;1;B02
201100001278;0;7;0;0;2;3;15;A01
201100001278;0;7;0;0;2;1;1;B02
201100001279;0;7;0;6;0;1;1;A01
201100001280;0;33;0;0;2;1;1;A01
201100001280;0;16;0;0;0;4;1;B02
201100001281;0;7;0;8;0;1;1;A01
201100001282;0;7;0;16;0;9;1;A01
201100001283;0;7;0;0;2;1;1;B02
201100001283;0;7;0;0;2;7;13;A01
201100001284;0;10;0;0;2;1;1;A01
201100001284;0;7;0;0;0;1;1;B02
201100001285;0;33;0;11;0;1;1;A01
201100001286;0;30;0;0;2;7;15;A01
201100001286;0;7;0;0;9;1;1;B02
201100001287;0;1;0;0;2;1;5;B02
201100001287;0;7;0;0;2;3;1;A01
201100001288;0;7;0;0;2;8;15;B02
201100001288;0;7;0;0;2;1;17;A01
201100001289;0;7;0;2;0;1;14;A01
201100001290;0;7;0;0;2;8;1;B02
201100001290;0;7;0;0;2;1;1;A01
201100001291;0;7;0;0;2;1;13;A01
201100001291;0;7;0;0;2;1;1;B02
201100001291;0;7;0;0;2;1;1;C03
201100001292;0;33;0;0;0;1;0;A01
201100001293;0;31;0;0;2;1;1;B02
201100001293;0;10;0;0;2;3;20;A01
201100001294;0;33;0;12;0;1;1;A01
201100001295;0;35;0;0;2;4;0;B02
201100001295;0;7;0;0;2;3;0;A01
201100001296;0;7;0;6;0;8;1;A01
201100001297;0;31;0;8;0;2;14;A01
201100001298;0;7;0;0;0;7;1;B02
201100001298;0;7;0;0;2;1;19;A01
201100001299;0;7;0;3;2;7;1;B02
201100001299;0;15;0;3;2;3;11;A01
201100001300;0;7;0;0;2;1;1;B02
201100001300;0;7;0;0;2;2;1;A01
201100001301;0;31;0;8;0;1;0;A01
201100001302;0;7;0;13;0;1;1;A01
201100001303;0;30;0;0;2;1;1;A01
201100001303;0;3;0;0;2;6;15;B02
201100001304;0;7;0;0;2;7;15;A01
201100001304;0;7;0;0;2;1;1;B02
201100001304;0;7;0;0;2;8;23;C03
201100001304;0;33;0;0;2;8;23;D04
201100001305;0;14;0;0;2;3;1;B02
201100001305;0;10;0;0;2;7;19;A01
201100001306;0;2;0;0;1;4;23;C03
201100001306;0;7;0;0;2;3;1;A01
201100001306;0;7;0;0;1;5;23;B02
201100001307;0;7;0;0;2;1;1;B02
201100001307;0;30;0;0;2;4;16;A01
201100001308;0;7;0;0;2;1;1;A01
201100001308;0;7;0;8;2;8;19;B02
201100001309;0;2;0;0;0;0;1;A01
201100001310;0;7;0;0;2;3;11;B02
201100001310;0;7;0;0;2;3;5;A01
201100001311;0;7;0;0;2;3;1;B02
201100001311;0;7;0;0;2;3;0;A01
201100001312;0;7;0;0;2;1;5;A01
201100001312;0;7;0;0;2;2;1;B02
201100001313;0;15;0;0;1;5;1;A01
201100001313;0;7;0;0;1;0;23;B02
201100001314;0;7;0;0;2;2;1;B02
201100001314;0;10;0;0;2;1;1;C03
201100001314;0;7;0;0;2;2;15;A01
201100001315;0;7;0;0;0;8;10;B02
201100001316;0;7;0;0;1;2;1;A01
201100001317;0;7;0;8;0;3;1;A01
201100001318;0;7;0;8;0;8;19;B02
201100001318;0;7;0;0;2;1;1;A01
201100001319;0;7;0;8;0;1;21;A01
201100001320;0;38;0;0;1;8;20;A01
201100001321;0;7;0;8;0;3;1;A01
201100001322;0;33;0;0;6;1;1;A01
201100001323;0;7;0;0;2;1;1;A01
201100001323;0;7;0;0;2;6;1;B02
201100001324;0;7;0;0;2;7;1;A01
201100001324;0;7;0;0;2;1;19;B02
201100001325;0;7;0;0;2;3;15;B02
201100001325;0;7;0;0;2;1;1;A01
201100001326;0;7;0;0;2;3;1;B02
201100001326;0;7;0;0;2;3;11;A01
201100001327;0;7;0;13;0;3;13;A01
201100001328;0;7;0;0;2;3;13;A01
201100001328;0;7;0;0;2;3;1;B02
201100001329;0;7;0;0;2;3;2;D04
201100001329;0;17;0;0;2;3;1;B02
201100001329;0;7;0;0;2;8;2;C03
201100001329;0;10;0;0;2;3;13;A01
201100001330;0;33;0;0;2;1;15;A01
201100001331;0;7;0;0;2;3;13;A01
201100001331;0;7;0;0;2;3;1;B02
201100001332;0;7;0;0;2;8;1;A01
201100001332;0;7;0;0;2;1;19;B02
201100001333;0;7;0;0;1;1;1;A01
201100001334;0;7;0;0;2;8;17;A01
201100001334;0;31;0;0;2;8;1;B02
201100001335;0;7;0;1;0;2;2;A01
201100001336;0;7;0;0;2;1;1;B02
201100001336;0;33;0;0;2;1;13;A01
201100001337;0;7;0;0;2;1;1;B02
201100001337;0;7;0;0;2;1;1;C03
201100001337;0;7;0;0;2;1;19;A01
201100001338;0;10;0;0;0;1;1;A01
201100001338;0;30;0;0;0;8;0;B02
201100001339;0;7;0;0;2;3;13;A01
201100001339;0;7;0;0;2;3;1;B02
201100001340;0;17;0;0;2;3;13;B02
201100001340;0;7;0;0;0;8;19;A01
201100001341;0;7;0;0;2;1;1;B02
201100001341;0;7;0;8;2;7;1;A01
201100001342;0;7;0;0;0;9;17;A01
201100001343;0;7;0;2;0;5;1;A01
201100001344;0;7;0;0;2;1;1;B02
201100001344;0;7;0;0;2;2;17;A01
201100001345;0;10;0;0;2;1;1;B02
201100001345;0;10;0;0;2;7;19;A01
201100001346;0;7;0;0;2;6;1;A01
201100001346;0;32;0;0;2;1;1;B02
201100001347;0;10;0;0;2;6;1;B02
201100001347;0;30;0;0;2;1;19;A01
201100001348;0;7;0;13;0;7;14;A01
201100001349;0;14;0;13;0;1;1;A01
201100001350;0;7;0;0;6;1;21;A01
201100001351;0;7;0;0;2;2;19;A01
201100001351;0;17;0;0;2;3;1;B02
201100001352;0;7;0;0;1;3;0;A01
201100001353;0;33;0;0;2;4;2;B02
201100001353;0;33;0;0;2;9;2;A01
201100001353;0;7;0;0;2;3;1;C03
201100001354;0;30;0;0;2;1;1;B02
201100001354;0;7;0;0;2;3;17;A01
201100001355;0;33;0;0;2;7;1;B02
201100001355;0;7;0;0;2;3;15;A01
201100001356;0;33;0;14;0;1;1;A01
201100001357;0;7;0;6;0;1;1;A01
201100001358;0;17;0;0;2;3;0;B02
201100001358;0;7;0;0;2;3;11;A01
201100001359;0;7;0;0;2;3;1;A01
201100001359;0;2;0;0;2;1;13;B02
201100001360;0;7;0;0;2;3;1;C03
201100001360;0;7;0;0;2;1;1;B02
201100001360;0;7;0;0;2;1;1;A01
201100001361;0;7;0;0;1;3;1;A01
201100001362;0;7;0;0;1;3;1;A01
201100001363;0;7;0;0;0;9;1;A01
201100001364;0;7;0;0;0;1;1;B02
201100001364;0;7;0;0;0;0;0;A01
201100001365;0;14;0;0;6;1;14;A01
201100001366;0;33;0;0;2;1;17;A01
201100001366;0;7;0;0;2;4;15;B02
201100001367;0;33;0;2;0;8;1;A01
201100001368;0;7;0;0;2;3;10;A01
201100001368;0;2;0;0;2;1;1;B02
201100001369;0;7;0;0;0;6;20;A01
201100001370;0;7;0;0;0;8;1;B02
201100001370;0;36;0;0;0;1;15;A01
201100001371;0;7;0;0;2;1;1;B02
201100001371;0;7;0;0;0;1;13;A01
201100001372;0;7;0;2;0;1;13;A01
201100001373;0;7;0;0;2;3;0;A01
201100001373;0;7;0;0;0;0;0;D04
201100001373;0;10;0;0;2;3;0;B02
201100001373;0;7;0;0;2;3;0;C03
201100001374;0;30;0;0;2;7;2;A01
201100001374;0;7;0;0;2;6;2;B02
201100001375;0;7;0;0;2;3;17;A01
201100001375;0;10;0;0;0;2;1;C03
201100001375;0;7;0;0;2;2;1;B02
201100001376;0;10;0;0;0;7;15;A01
201100001376;0;33;0;0;2;1;1;B02
201100001377;0;15;0;0;0;0;23;A01
201100001377;0;2;0;14;0;1;1;B02
201100001378;0;1;0;0;2;4;2;B02
201100001378;0;1;0;0;0;8;2;C03
201100001378;0;7;0;0;2;1;1;A01
201100001379;0;7;0;0;2;8;15;B02
201100001379;0;30;0;0;2;3;17;A01
201100001380;0;7;0;0;0;4;15;A01
201100001380;0;7;0;0;2;1;1;B02
201100001381;0;7;0;0;2;1;1;B02
201100001381;0;3;0;0;2;7;15;A01
201100001382;0;2;0;0;2;8;15;A01
201100001382;0;7;0;0;2;2;21;B02
201100001383;0;7;0;2;0;7;1;A01
201100001384;0;2;0;0;2;1;15;B02
201100001384;0;7;0;0;2;6;1;A01
201100001385;0;2;0;0;2;1;13;B02
201100001385;0;7;0;0;2;1;1;A01
201100001386;0;30;0;0;0;0;17;A01
201100001387;0;10;0;0;2;6;24;B02
201100001387;0;2;0;1;0;1;1;A01
201100001388;0;7;0;0;0;9;1;A01
201100001389;0;21;0;0;2;8;1;A01
201100001389;0;7;0;0;2;8;1;B02
201100001390;0;7;0;0;2;3;1;B02
201100001390;0;7;0;0;2;3;1;A01
201100001391;0;7;0;0;0;9;1;A01
201100001392;0;17;0;0;2;3;21;B02
201100001392;0;2;0;0;2;1;21;A01
201100001393;0;7;0;0;0;7;15;A01
201100001393;0;7;0;0;2;2;1;B02
201100001394;0;7;0;0;2;7;19;A01
201100001394;0;13;0;0;2;1;1;B02
201100001395;0;7;0;0;1;1;13;A01
201100001396;0;7;0;0;2;5;1;A01
201100001396;0;7;0;0;2;1;19;B02
201100001397;0;7;0;6;0;1;1;A01
201100001398;0;7;0;0;2;7;1;B02
201100001398;0;7;0;0;0;0;0;A01
201100001399;0;33;0;0;2;0;1;B02
201100001399;0;7;0;0;2;2;19;A01
201100001400;0;2;0;0;2;1;1;A01
201100001400;0;7;0;0;2;8;15;B02
201100001401;0;7;0;8;0;3;13;A01
201100001402;0;7;0;0;2;3;1;B02
201100001403;0;7;0;0;2;7;1;A01
201100001403;0;7;0;0;2;1;1;B02
201100001404;0;7;0;0;2;1;1;B02
201100001404;0;7;0;0;2;8;1;A01
201100001405;0;7;0;0;0;0;1;A01
201100001406;0;7;0;0;1;1;1;A01
201100001407;0;33;0;0;2;8;1;B02
201100001407;0;7;0;0;2;1;1;A01
201100001408;0;7;0;0;2;3;16;B02
201100001408;0;7;0;0;2;2;1;A01
201100001409;0;7;0;0;2;2;1;B02
201100001409;0;10;0;0;2;3;1;A01
201100001410;0;7;0;0;2;1;13;A01
201100001410;0;7;0;0;2;3;1;B02
201100001411;0;7;0;2;0;7;1;A01
201100001412;0;33;0;0;2;1;1;B02
201100001412;0;7;0;0;0;2;15;A01
201100001413;0;31;0;6;0;1;1;A01
201100001414;0;2;0;0;0;1;1;A01
201100001414;0;15;0;0;0;2;16;B02
201100001415;0;7;0;0;2;2;19;A01
201100001415;0;7;0;0;2;8;1;B02
201100001416;0;10;0;0;2;2;15;B02
201100001416;0;33;0;0;2;1;1;A01
201100001417;0;10;0;0;0;6;9;A01
201100001417;0;33;0;0;2;1;1;B02
201100001418;0;31;0;0;0;1;2;A01
201100001419;0;10;0;0;2;3;3;A01
201100001419;0;7;0;0;2;3;1;B02
201100001419;0;10;0;0;2;3;24;C03
201100001420;0;10;0;0;2;2;1;B02
201100001420;0;30;0;0;2;3;19;A01
201100001421;0;33;0;0;2;1;1;A01
201100001421;0;10;0;0;0;5;15;B02
201100001422;0;7;0;0;2;3;13;A01
201100001422;0;7;0;0;2;3;1;B02
201100001423;0;33;0;0;0;3;17;A01
201100001424;0;7;0;0;2;2;15;A01
201100001424;0;2;0;0;2;1;1;B02
201100001425;0;7;0;0;2;1;1;B02
201100001425;0;7;0;0;2;4;13;A01
201100001426;0;7;0;2;0;2;1;A01
201100001427;0;7;0;6;0;2;1;A01
201100001428;0;7;0;0;2;3;13;A01
201100001428;0;7;0;0;2;3;21;B02
201100001429;0;7;0;2;0;1;13;A01
201100001430;0;7;0;0;2;3;15;A01
201100001430;0;33;0;0;2;1;1;B02
201100001431;0;7;0;0;2;3;13;A01
201100001431;0;38;0;0;2;3;1;B02
201100001432;0;7;0;0;2;1;1;A01
201100001432;0;15;0;0;2;6;6;B02
201100001433;0;30;0;0;2;1;2;A01
201100001433;0;7;0;0;2;4;2;B02
201100001434;0;33;0;0;2;1;1;C03
201100001434;0;33;0;0;2;8;1;B02
201100001434;0;7;0;0;2;1;5;A01
201100001435;0;7;0;0;2;1;1;B02
201100001435;0;7;0;0;2;2;5;A01
201100001436;0;7;0;0;2;3;1;A01
201100001436;0;7;0;0;2;1;1;B02
201100001437;0;33;0;0;0;1;1;A01
201100001438;0;33;0;0;2;2;17;B02
201100001438;0;15;0;0;2;8;15;A01
201100001439;0;10;0;0;2;1;13;A01
201100001439;0;1;0;0;2;1;1;B02
201100001440;0;31;0;12;0;7;0;A01
201100001441;0;7;0;0;2;1;1;D04
201100001441;0;17;0;0;2;3;1;C03
201100001441;0;33;0;0;2;8;1;B02
201100001441;0;7;0;0;2;1;13;A01
201100001442;0;10;0;0;0;8;1;B02
201100001442;0;30;0;0;2;1;1;A01
201100001443;0;7;0;0;1;1;1;A01
201100001444;0;7;0;0;1;2;0;A01
201100001445;0;33;0;5;0;1;14;A01
201100001446;0;33;0;0;6;1;1;A01
201100001447;0;7;0;0;2;3;1;A01
201100001447;0;7;0;0;2;2;15;B02
201100001448;0;33;0;16;0;7;1;A01
201100001449;0;30;0;0;2;1;1;A01
201100001449;0;7;0;0;2;3;20;B02
201100001450;0;7;0;0;1;6;4;A01
201100001451;0;7;0;0;2;1;13;A01
201100001451;0;7;0;0;2;3;1;B02
201100001452;0;10;0;0;0;3;23;A01
201100001452;0;1;0;14;0;1;1;B02
201100001453;0;7;0;0;0;4;2;B02
201100001453;0;7;0;0;2;1;2;A01
201100001454;0;33;0;0;2;1;1;A01
201100001454;0;7;0;0;2;6;1;B02
201100001455;0;10;0;0;2;1;13;A01
201100001455;0;10;0;0;2;1;1;B02
201100001456;0;7;0;2;0;1;1;A01
201100001457;0;7;0;0;2;1;19;A01
201100001457;0;7;0;0;0;0;0;C03
201100001457;0;7;0;9;0;8;1;B02
201100001457;0;7;0;0;0;0;1;D04
201100001458;0;7;0;0;2;3;1;A01
201100001458;0;7;0;0;2;1;1;B02
201100001459;0;7;0;0;2;1;1;B02
201100001459;0;7;0;0;2;7;19;A01
201100001460;0;7;0;0;2;3;13;A01
201100001460;0;15;0;0;2;3;1;B02
201100001461;0;10;0;2;0;7;1;A01
201100001462;0;10;0;0;2;2;1;A01
201100001462;0;33;0;0;2;1;13;B02
201100001463;0;33;0;0;2;3;17;B02
201100001463;0;7;0;0;2;8;2;A01
201100001464;0;7;0;8;0;1;13;A01
201100001465;0;7;0;13;0;7;1;A01
201100001466;0;10;0;0;2;7;15;A01
201100001466;0;33;0;0;2;1;1;B02
201100001467;0;33;0;0;2;1;15;A01
201100001467;0;10;0;0;0;8;0;B02
201100001468;0;7;0;0;2;3;17;A01
201100001468;0;7;0;0;2;7;1;B02
201100001469;0;7;0;0;2;2;2;A01
201100001469;0;1;0;0;0;6;1;B02
201100001470;0;7;0;0;1;5;20;A01
201100001471;0;31;0;0;0;0;0;B02
201100001471;0;7;0;0;0;0;0;A01
201100001472;0;7;0;0;0;1;19;A01
201100001473;0;33;0;0;2;3;13;A01
201100001473;0;15;0;0;2;3;1;B02
201100001474;0;7;0;0;0;6;2;C03
201100001474;0;7;0;0;2;1;1;B02
201100001474;0;7;0;0;2;1;17;A01
201100001475;0;36;0;8;0;1;13;A01
201100001476;0;7;0;0;2;1;15;A01
201100001476;0;7;0;0;2;1;1;B02
201100001477;0;7;0;0;2;2;14;A01
201100001477;0;1;0;0;2;4;1;B02
201100001478;0;30;0;0;2;1;1;A01
201100001478;0;7;0;0;2;3;15;B02
201100001479;0;33;0;16;0;0;1;A01
201100001480;0;33;0;0;2;1;1;B02
201100001480;0;7;0;0;2;2;15;A01
201100001481;0;10;0;0;0;1;17;A01
201100001481;0;7;0;0;0;8;1;C03
201100001481;0;7;0;0;0;3;0;B02
201100001482;0;7;0;0;0;5;15;A01
201100001482;0;33;0;0;2;1;1;B02
201100001483;0;7;0;6;1;1;0;A01
201100001484;0;7;0;0;1;1;1;A01
201100001485;0;3;0;13;0;1;1;A01
201100001486;0;7;0;13;0;1;1;A01
201100001487;0;30;0;0;0;7;0;B02
201100001487;0;7;0;0;0;3;0;A01
201100001488;0;14;0;2;0;3;0;A01
201100001489;0;33;0;0;2;1;1;A01
201100001489;0;7;0;0;2;8;15;B02
201100001490;0;7;0;0;0;8;0;B02
201100001490;0;7;0;0;0;8;13;A01
201100001491;0;7;0;0;2;1;15;A01
201100001491;0;30;0;0;2;1;1;B02
201100001492;0;7;0;0;2;2;0;B02
201100001492;0;7;0;0;2;3;0;A01
201100001493;0;7;0;0;2;6;15;B02
201100001493;0;30;0;0;2;1;17;A01
201100001494;0;7;0;0;2;7;1;B02
201100001494;0;15;0;0;2;6;1;A01
201100001495;0;7;0;0;2;1;13;A01
201100001495;0;7;0;0;2;1;1;B02
201100001495;0;7;0;0;2;1;2;C03
201100001496;0;7;0;0;1;1;15;A01
201100001497;0;7;0;0;9;1;1;A02
201100001497;0;1;0;0;2;8;19;B01
201100001498;0;7;0;0;1;3;1;A01
201100001499;0;7;0;0;1;2;1;A01
201100001500;0;1;0;;;;2;B01
201100001500;0;7;0;0;2;3;15;A01
201100001501;0;7;0;6;0;8;1;A01
201100001502;0;7;0;0;2;3;13;A01
201100001502;0;7;0;0;2;3;1;B02
201100001503;0;1;0;0;2;6;1;A01
201100001503;0;7;0;0;2;7;1;B02
201100001504;0;7;0;0;2;1;1;A01
201100001504;0;7;0;0;2;2;1;B02
201100001505;0;7;0;0;2;8;1;A01
201100001505;0;7;0;0;2;1;1;B02
201100001506;0;7;0;13;0;1;1;A01
201100001507;0;7;0;0;2;4;23;B02
201100001507;0;7;0;14;0;1;2;A01
201100001507;0;7;0;0;2;3;1;C03
201100001508;0;14;0;0;2;1;1;A01
201100001508;0;10;0;0;2;8;1;B02
201100001509;0;7;0;0;2;9;1;B02
201100001509;0;7;0;0;2;3;1;C03
201100001509;0;7;0;0;2;9;1;A01
201100001510;0;7;0;0;2;6;16;B02
201100001510;0;30;0;0;2;2;1;A01
201100001511;0;7;0;0;2;5;13;A01
201100001511;0;10;0;1;0;2;21;C03
201100001511;0;10;0;0;2;2;1;B02
201100001512;0;7;0;0;2;2;14;A01
201100001512;0;7;0;0;2;6;1;B02
201100001513;0;7;0;0;2;1;1;A01
201100001513;0;30;0;0;2;8;19;B02
201100001514;0;15;0;0;2;1;1;A01
201100001514;0;1;0;0;2;4;13;C03
201100001515;0;7;0;13;0;3;14;A01
201100001516;0;33;0;0;2;1;1;A01
201100001516;0;7;0;0;2;8;16;B02
201100001517;0;7;0;0;2;1;1;A01
201100001517;0;30;0;0;2;2;19;B02
201100001518;0;7;0;0;2;3;1;A01
201100001518;0;7;0;0;2;8;15;B02
201100001519;0;17;0;0;2;3;1;A01
201100001519;0;1;0;0;2;1;13;B02
201100001520;0;7;0;3;2;8;15;B02
201100001520;0;7;0;3;2;1;17;A01
201100001521;0;14;0;0;2;2;17;A01
201100001521;0;1;0;0;2;8;13;B02
201100001522;0;10;0;0;2;2;2;B02
201100001522;0;3;0;0;2;4;1;A01
201100001523;0;30;0;0;2;1;1;A01
201100001523;0;1;0;0;2;0;15;B02
201100001524;0;7;0;0;0;9;1;A01
201100001525;0;15;0;0;2;3;1;B02
201100001525;0;7;0;0;2;3;13;A01
201100001526;0;7;0;0;2;1;13;B02
201100001526;0;7;0;0;2;1;1;A01
201100001527;0;7;0;0;0;1;1;B02
201100001527;0;7;0;0;2;2;15;A01
201100001528;0;33;0;11;0;1;1;A01
201100001529;0;1;0;0;0;8;2;B02
201100001529;1;99;0;0;0;7;17;A01
201100001530;0;7;0;0;2;3;1;B02
201100001530;0;7;0;0;2;3;21;A01
201100001531;0;7;0;0;2;1;1;B02
201100001531;0;7;0;0;2;1;13;A01
201100001532;0;7;0;13;0;1;1;A01
201100001533;0;33;0;0;2;1;3;A01
201100001533;0;17;0;0;0;6;17;B02
201100001534;0;33;0;0;2;7;19;A01
201100001534;0;7;0;0;2;1;1;B02
201100001535;0;10;0;0;2;8;13;B02
201100001535;0;33;0;0;2;8;1;A01
201100001536;0;33;0;0;2;2;13;A01
201100001536;0;7;0;0;9;6;1;B02
201100001537;0;7;0;0;2;2;19;A01
201100001537;0;7;0;0;2;3;1;B02
201100001538;0;7;0;0;1;2;0;A01