num_acc;senc;catv;occutc;obs;obsm;choc;manv;num_veh
201100001539;0;31;0;1;0;2;1;A01
201100001540;0;31;0;0;2;1;1;B02
201100001540;0;7;0;0;2;7;15;A01
201100001541;0;31;0;0;2;1;0;B02
201100001541;0;7;0;0;2;3;19;A01
201100001542;0;33;0;0;0;8;1;A01
201100001543;0;1;0;0;2;4;1;A01
201100001543;0;1;0;0;2;1;1;B02
201100001544;0;7;0;13;0;1;1;A01
201100001545;0;7;0;0;2;1;1;B02
201100001545;0;7;0;0;2;7;1;C03
201100001545;0;7;0;0;2;2;13;A01
201100001546;0;7;0;0;6;1;1;A01
201100001547;0;33;0;0;0;0;1;A01
201100001548;0;7;0;0;2;8;9;A01
201100001548;0;7;0;0;2;1;1;B02
201100001549;0;7;0;0;2;1;9;A01
201100001549;0;1;0;0;2;7;1;B02
201100001550;0;7;0;0;2;1;1;B02
201100001550;0;7;0;0;2;1;1;A01
201100001551;0;2;0;0;2;1;1;B02
201100001551;0;7;0;0;2;6;9;A01
201100001552;0;7;0;12;0;0;1;A01
201100001553;0;7;0;0;2;3;13;A01
201100001553;0;15;0;0;2;3;1;B02
201100001554;0;33;0;8;0;1;1;A01
201100001555;0;7;0;10;0;3;1;A01
201100001556;0;7;0;0;2;6;15;A01
201100001556;0;7;0;0;2;3;1;B02
201100001557;0;7;0;0;2;2;1;C03
201100001557;0;10;0;0;2;1;1;B02
201100001557;0;7;0;0;2;7;13;A01
201100001558;0;7;0;8;0;1;1;A01
201100001559;0;7;0;6;0;8;1;A01
201100001560;0;7;0;8;2;9;1;B02
201100001560;0;7;0;0;2;2;15;A01
201100001561;0;7;0;0;2;6;15;B02
201100001561;0;33;0;0;2;1;1;A01
201100001562;0;7;0;0;2;3;10;A01
201100001562;0;33;0;0;2;1;1;B02
201100001563;0;7;0;2;0;9;1;A01
201100001564;0;7;0;0;2;1;13;A01
201100001564;0;17;0;13;2;1;1;B02
201100001565;0;99;0;0;2;4;1;B02
201100001565;0;30;0;0;2;1;2;A01
201100001566;0;7;0;0;0;1;1;A01
201100001567;0;7;0;2;0;2;0;A01
201100001568;0;30;0;8;0;8;14;A01
201100001569;0;7;0;0;2;2;15;A01
201100001569;0;33;0;0;2;1;1;B02
201100001570;0;7;0;0;2;3;1;A01
201100001570;0;30;0;0;2;1;2;B02
201100001571;0;7;0;0;2;2;15;A01
201100001571;0;33;0;0;2;1;1;B02
201100001572;0;7;0;6;0;2;1;A01
201100001573;0;7;0;13;0;3;1;A01
201100001574;0;7;0;0;1;2;2;A01
201100001575;0;7;0;0;2;4;2;B02
201100001575;0;7;0;0;2;1;2;A01
201100001576;0;7;0;0;2;3;11;A01
201100001576;0;7;0;0;2;1;1;B02
201100001577;0;7;0;0;2;2;1;A01
201100001577;0;7;0;0;2;3;1;B02
201100001577;0;7;0;0;2;1;23;C03
201100001578;0;7;0;0;2;3;1;C03
201100001578;0;7;0;0;2;3;13;A01
201100001578;0;7;0;0;2;3;1;D04
201100001578;0;7;0;0;2;6;1;B02
201100001579;0;7;0;13;0;9;1;A01
201100001580;0;10;0;13;0;3;1;A01
201100001581;0;7;0;0;2;8;9;A01
201100001581;0;30;0;0;2;1;1;B02
201100001582;0;7;0;0;2;1;13;A01
201100001582;0;7;0;0;0;3;1;B02
201100001583;0;33;0;5;0;7;1;A01
201100001584;0;7;0;6;0;3;1;A01
201100001585;0;7;0;13;0;1;1;A01
201100001586;0;7;0;8;0;1;17;A01
201100001587;0;10;0;16;0;2;1;A01
201100001588;0;7;0;0;2;2;19;B02
201100001588;0;7;0;0;2;1;1;A01
201100001589;0;2;0;0;2;8;1;A01
201100001589;0;10;0;0;2;7;1;B02
201100001590;0;7;0;0;2;3;13;A01
201100001590;0;14;0;0;2;3;1;B02
201100001591;0;7;0;0;2;1;13;A01
201100001591;0;7;0;0;2;1;1;B02
201100001591;0;7;0;0;2;1;1;C03
201100001592;0;7;0;0;0;1;19;A01
201100001592;0;2;0;0;0;8;0;B02
201100001593;0;15;0;0;0;3;1;B02
201100001593;0;7;0;0;9;1;17;A01
201100001594;0;7;0;0;2;2;2;A01
201100001594;0;7;0;0;2;6;15;B02
201100001595;0;30;0;0;2;1;1;A01
201100001595;0;21;0;0;2;8;1;B02
201100001596;0;7;0;8;0;1;1;A01
201100001597;0;33;0;0;2;1;1;B02
201100001597;0;7;0;0;2;1;15;A01
201100001598;0;7;0;2;0;1;1;A01
201100001599;0;7;0;0;0;5;1;A01
201100001599;0;31;0;0;0;1;1;B02
201100001600;0;33;0;0;0;8;1;A01
201100001601;0;7;0;2;0;1;13;A01
201100001602;0;7;0;0;2;5;15;A01
201100001602;0;33;0;0;2;1;1;B02
201100001603;0;33;0;0;0;8;1;A01
201100001604;0;7;0;8;0;2;13;A01
201100001605;0;7;0;0;0;4;23;A01
201100001605;0;7;0;0;2;1;2;B02
201100001606;0;7;0;2;0;1;1;A01
201100001607;0;30;0;0;2;4;9;A01
201100001607;0;7;0;0;2;3;1;B02
201100001608;0;7;0;0;2;2;15;A01
201100001608;0;7;0;0;2;1;1;B02
201100001608;0;7;0;0;2;3;23;C03
201100001609;0;2;0;0;2;1;1;B02
201100001609;0;7;0;0;2;7;19;A01
201100001610;0;7;0;0;0;8;19;A01
201100001610;0;31;0;0;2;1;1;B02
201100001611;0;7;0;0;0;3;19;B02
201100001611;0;7;0;0;2;1;1;A01
201100001612;0;7;0;13;0;1;14;A01
201100001613;0;7;0;0;2;1;13;A01
201100001613;0;7;0;0;2;1;1;B02
201100001614;0;7;0;0;1;3;1;A01
201100001615;0;10;0;0;2;2;1;C03
201100001615;0;7;0;0;2;1;1;A01
201100001615;0;7;0;0;2;8;1;B02
201100001616;0;7;0;2;0;2;14;A01
201100001617;0;7;0;10;0;1;1;A01
201100001618;0;7;0;0;2;1;0;B02
201100001618;0;30;0;0;2;1;13;A01
201100001619;0;7;0;2;0;7;1;A01
201100001620;0;33;0;0;2;1;1;A01
201100001620;0;7;0;0;2;3;15;B02
201100001621;0;7;0;8;0;8;1;A01
201100001622;0;2;0;6;0;1;1;A01
201100001623;0;33;0;13;0;0;21;A01
201100001623;0;7;0;0;0;0;19;B02
201100001624;0;7;0;0;0;5;19;A01
201100001625;0;7;0;0;2;3;1;B02
201100001625;0;7;0;0;2;3;13;A01
201100001626;0;7;0;0;2;1;23;C03
201100001626;0;10;0;0;2;3;1;A01
201100001626;0;7;0;0;2;1;23;B02
201100001627;0;7;0;0;2;4;2;B02
201100001627;0;33;0;0;2;0;2;A01
201100001628;0;7;0;6;0;3;13;A01
201100001629;0;7;0;4;0;3;1;A01
201100001630;0;7;0;1;2;1;13;A01
201100001630;0;10;0;1;2;1;0;B02
201100001631;0;7;0;13;0;0;1;A01
201100001632;0;30;0;0;2;4;1;A01
201100001632;0;30;0;0;2;1;1;B02
201100001632;0;7;0;0;2;1;1;C03
201100001633;0;7;0;0;1;1;9;A01
201100001634;0;33;0;0;0;0;1;A01
201100001635;0;2;0;0;2;1;1;A01
201100001635;0;2;0;0;0;7;15;B02
201100001636;0;2;0;6;0;1;1;A01
201100001637;0;33;0;0;0;0;1;A01
201100001638;0;7;0;0;2;5;1;B02
201100001638;0;7;0;0;2;3;13;A01
201100001639;0;33;0;0;2;1;21;A01
201100001639;0;7;0;0;2;6;15;B02
201100001640;0;33;0;6;0;1;1;A01
201100001641;0;7;0;0;2;3;15;A01
201100001641;0;33;0;0;2;1;1;B02
201100001642;0;7;0;6;0;1;1;A01
201100001643;0;30;0;0;0;8;1;A01
201100001644;0;7;0;0;2;7;1;B02
201100001644;0;7;0;0;2;8;1;A01
201100001645;0;33;0;0;0;7;17;A01
201100001646;0;7;0;0;2;3;1;B02
201100001646;0;7;0;0;2;2;9;A01
201100001647;0;7;0;8;0;8;1;A01
201100001648;0;7;0;0;1;1;1;A01
201100001649;0;7;0;0;1;1;1;A01
201100001650;0;7;0;0;1;2;1;A01
201100001651;0;7;0;0;2;1;1;A01
201100001651;0;14;0;0;2;1;1;B02
201100001652;0;7;0;0;2;2;1;A01
201100001652;0;7;0;0;2;1;1;B02
201100001653;0;21;0;0;2;3;15;B02
201100001653;0;33;0;0;2;1;17;A01
201100001654;0;7;0;0;2;2;1;B02
201100001654;0;2;0;0;2;5;15;A01
201100001655;0;31;0;0;2;7;1;A01
201100001655;0;7;0;0;2;1;1;B02
201100001656;0;7;0;0;2;8;19;A01
201100001656;0;38;0;0;2;1;1;B02
201100001657;0;10;0;0;2;2;1;A01
201100001657;0;7;0;0;2;1;1;B02
201100001658;0;7;0;13;0;0;1;A01
201100001659;0;33;0;0;0;3;1;B02
201100001659;0;7;0;0;0;6;15;A01
201100001660;0;33;0;0;0;0;1;A01
201100001661;0;7;0;0;1;1;1;A01
201100001662;0;10;0;0;1;2;1;A01
201100001663;0;7;0;0;2;1;1;A01
201100001663;0;7;0;0;2;8;9;B02
201100001664;0;7;0;0;2;3;5;A01
201100001664;0;7;0;0;2;3;1;B02
201100001665;1;7;0;0;2;2;15;A01
201100001665;0;7;0;0;2;1;1;B02
201100001666;0;7;0;0;2;3;15;A01
201100001666;0;7;0;0;2;1;1;B02
201100001667;0;1;0;0;9;7;14;A01
201100001667;0;1;0;0;9;8;1;B02
201100001668;0;10;0;0;2;1;1;A01
201100001668;0;7;0;0;2;4;1;B02
201100001669;0;30;0;11;0;1;1;A01
201100001670;0;7;0;13;0;1;1;A01
201100001671;0;7;0;0;2;8;13;B02
201100001671;0;7;0;8;2;7;17;A01
201100001672;0;10;0;0;1;3;1;A01
201100001673;0;30;0;11;0;7;1;A01
201100001674;0;7;0;0;0;7;1;A01
201100001675;0;7;0;0;2;6;15;A01
201100001675;0;33;0;0;2;1;1;B02
201100001676;0;1;0;14;0;1;1;A01
201100001677;0;10;0;0;1;2;21;A01
201100001678;0;7;0;0;2;3;9;B02
201100001678;0;1;0;0;2;1;1;A01
201100001679;0;7;0;0;2;1;1;A01
201100001679;0;33;0;0;2;2;2;B02
201100001680;0;7;0;0;2;7;19;A01
201100001680;0;7;0;0;2;1;1;B02
201100001681;0;10;0;0;1;6;20;A01
201100001682;0;7;0;0;2;8;22;B02
201100001682;0;1;0;1;0;1;1;A01
201100001683;0;7;0;0;2;3;15;A01
201100001683;0;14;0;0;2;1;1;B02
201100001684;0;7;0;0;2;8;15;B02
201100001684;0;33;0;0;2;1;17;A01
201100001685;0;7;0;0;2;3;13;A01
201100001685;0;7;0;0;2;1;1;B02
201100001686;0;7;0;6;0;1;1;A01
201100001687;0;7;0;0;2;2;1;A01
201100001688;0;7;0;0;1;2;1;A01
201100001689;0;7;0;0;9;3;21;A01
201100001689;0;1;0;0;0;4;13;B02
201100001690;0;7;0;0;2;1;1;B02
201100001690;0;7;0;0;2;1;15;A01
201100001690;0;7;0;0;2;1;21;C03
201100001691;0;10;0;0;2;3;1;A01
201100001691;0;7;0;0;2;3;13;B02
201100001692;0;33;0;0;0;2;1;A01
201100001693;0;7;0;6;0;7;13;A01
201100001694;0;7;0;0;0;1;19;B02
201100001694;0;7;0;0;2;8;1;A01
201100001695;0;7;0;0;2;1;13;A01
201100001695;0;7;0;0;2;1;1;B02
201100001696;0;33;0;0;2;2;1;A01
201100001696;0;7;0;0;2;5;15;B02
201100001697;0;17;0;3;0;3;1;A01
201100001698;0;7;0;0;2;5;15;A01
201100001698;0;2;0;0;1;1;1;B02
201100001699;0;7;0;2;0;2;1;A01
201100001700;0;33;0;0;1;2;17;A01
201100001701;0;30;0;1;0;2;1;A01
201100001701;0;7;0;0;0;2;0;B02
201100001702;0;33;0;13;0;8;13;A01
201100001703;0;7;0;13;0;2;15;A01
201100001704;0;7;0;13;2;3;13;A01
201100001704;0;7;0;13;2;3;1;B02
201100001705;0;7;0;13;2;9;13;A01
201100001705;0;7;0;0;2;7;1;B02
201100001706;0;21;0;6;0;1;1;A01
201100001707;0;33;0;13;0;1;1;A01
201100001708;0;30;0;0;2;1;1;A01
201100001708;0;7;0;0;2;4;15;B02
201100001709;0;10;0;0;2;1;1;B01
201100001709;0;7;0;0;2;8;19;A02
201100001710;0;10;0;0;2;8;1;B02
201100001710;0;30;0;0;2;8;13;A01
201100001711;0;2;0;0;2;7;21;A01
201100001711;0;7;0;0;2;3;19;B02
201100001712;0;7;0;0;2;7;1;B02
201100001712;0;7;0;0;2;1;19;A01
201100001713;0;7;0;0;9;1;1;B02
201100001713;0;1;0;0;0;5;15;A01
201100001714;0;7;0;0;2;3;2;B02
201100001714;0;7;0;0;2;1;2;A01
201100001715;0;7;0;15;2;8;6;A01
201100001715;0;7;0;0;2;3;1;B02
201100001716;0;33;0;12;0;8;1;A01
201100001717;0;30;0;0;2;3;2;B02
201100001717;0;7;0;0;2;3;15;A01
201100001718;0;7;0;6;0;1;6;A01
201100001719;0;7;0;13;0;3;1;A01
201100001720;0;7;0;0;2;2;1;B02
201100001720;0;7;0;0;2;1;15;A01
201100001721;0;7;0;0;2;1;1;B02
201100001721;0;7;0;0;2;2;19;A01
201100001722;0;7;0;0;2;3;1;B02
201100001722;0;15;0;0;2;2;13;A01
201100001723;0;7;0;0;1;2;1;A01
201100001724;0;7;0;0;1;1;1;A01
201100001725;0;31;0;0;2;1;1;B02
201100001725;0;7;0;0;2;3;15;A01
201100001726;0;7;0;0;2;2;1;A01
201100001726;0;1;0;0;2;3;11;B02
201100001727;0;7;0;0;2;1;13;A01
201100001727;0;7;0;0;2;1;1;B02
201100001728;0;7;0;0;2;1;2;B02
201100001728;0;7;0;0;1;1;23;A01
201100001729;0;30;0;13;0;1;14;A01
201100001730;0;33;0;0;2;1;1;B02
201100001730;0;7;0;0;2;2;15;A01
201100001731;0;7;0;0;2;1;1;A01
201100001731;0;31;0;0;2;7;19;B02
201100001732;0;7;0;0;2;1;13;A01
201100001732;0;7;0;0;2;1;1;B02
201100001733;2;7;0;0;2;2;15;A01
201100001733;0;15;0;0;2;8;1;B02
201100001734;0;7;0;0;2;3;13;A01
201100001734;0;17;0;0;2;3;1;B02
201100001735;0;10;0;0;2;8;15;A01
201100001735;0;33;0;0;2;1;1;B02
201100001736;0;7;0;0;2;3;13;A01
201100001736;0;2;0;0;2;6;1;B02
201100001737;0;3;0;0;2;3;13;A01
201100001737;0;7;0;0;2;3;1;B02
201100001738;0;7;0;0;2;1;1;A01
201100001738;0;21;0;0;2;3;9;B02
201100001739;0;10;0;2;0;2;14;A01
201100001740;0;7;0;13;2;1;13;A01
201100001740;0;7;0;0;2;1;1;B02
201100001741;0;7;0;13;0;1;1;A01
201100001742;0;1;0;0;2;8;15;B02
201100001742;0;7;0;0;9;1;1;A01
201100001743;0;7;0;0;2;7;1;A01
201100001743;0;1;0;0;2;1;19;B02
201100001744;0;33;0;13;0;3;1;A01
201100001745;0;33;0;6;0;3;13;A01
201100001746;0;7;0;13;0;3;13;A01
201100001747;0;33;0;0;2;1;5;B02
201100001747;0;7;0;0;2;6;1;A01
201100001748;0;7;0;2;0;3;21;A01
201100001749;0;7;0;0;2;3;15;A01
201100001749;0;7;0;0;2;2;17;B02
201100001750;0;7;0;0;2;3;5;A01
201100001750;0;7;0;0;2;3;21;B02
201100001750;0;17;0;0;2;2;21;C03
201100001751;0;7;0;2;0;4;14;A01
201100001752;0;7;0;0;1;2;1;A01
201100001753;0;7;0;0;2;3;1;B02
201100001753;0;7;0;0;2;8;15;A01
201100001754;0;7;0;0;2;2;17;A01
201100001754;0;2;0;0;2;8;15;B02
201100001755;0;7;0;0;9;2;15;A01
201100001755;0;1;0;0;2;1;1;B02
201100001756;0;7;0;2;0;8;13;A01
201100001757;0;7;0;0;2;1;17;A01
201100001757;0;7;0;0;2;1;1;B02
201100001758;0;7;0;8;0;8;1;A01
201100001759;0;7;0;10;0;2;1;A01
201100001760;0;7;0;13;0;1;1;A01
201100001761;0;7;0;0;2;6;19;A01
201100001761;0;7;0;0;2;2;1;B02
201100001762;0;33;0;0;2;7;21;A01
201100001762;0;7;0;0;0;6;15;B02
201100001762;0;7;0;0;2;1;1;C03
201100001763;0;7;0;13;0;3;14;A01
201100001764;0;7;0;16;0;9;13;A01
201100001765;0;7;0;0;2;1;1;B02
201100001765;0;7;0;0;2;8;19;A01
201100001766;0;7;0;0;2;3;13;B02
201100001766;0;1;0;0;2;1;13;A01
201100001767;0;7;0;0;2;3;13;A01
201100001767;0;17;0;0;2;3;1;B02
201100001768;0;33;0;13;0;1;14;A01
201100001769;0;7;0;0;1;3;1;A01
201100001770;0;30;0;0;2;3;13;A01
201100001770;0;7;0;0;2;8;1;B02
201100001771;0;7;0;2;0;4;13;A01
201100001772;0;30;0;0;2;1;1;A01
201100001772;0;7;0;0;2;3;1;B02
201100001773;0;7;0;0;2;4;1;A01
201100001773;0;7;0;0;2;1;1;B02
201100001774;0;1;0;0;2;2;1;B02
201100001774;0;7;0;0;2;3;12;A01
201100001775;0;7;0;0;2;8;1;B02
201100001775;0;36;0;0;2;1;19;A01
201100001776;0;10;0;0;2;3;13;A01
201100001776;0;7;0;0;2;3;1;B02
201100001777;0;7;0;0;2;1;13;A01
201100001777;0;14;0;0;2;1;1;B02
201100001778;0;7;0;1;0;2;20;A01
201100001778;0;10;0;0;2;4;24;B02
201100001779;0;7;0;0;2;2;1;B02
201100001779;0;30;0;0;2;1;13;A01
201100001780;0;2;0;0;2;1;1;C03
201100001780;0;21;0;0;9;7;15;A01
201100001781;0;7;0;0;1;1;1;A01
201100001782;0;7;0;0;2;3;15;A01
201100001782;0;30;0;0;2;1;17;B02
201100001783;0;10;0;0;1;4;4;A01
201100001784;0;7;0;13;0;2;14;A01
201100001785;0;1;0;0;2;1;19;B01
201100001785;0;7;0;0;2;2;1;A02
201100001786;0;7;0;0;2;3;1;B02
201100001786;0;7;0;0;2;3;1;A01
201100001787;0;30;0;0;0;8;15;A01
201100001787;0;30;0;0;0;1;1;B02
201100001788;0;7;0;6;0;1;1;A01
201100001789;0;7;0;0;2;1;1;B02
201100001789;0;7;0;0;2;1;13;A01
201100001790;0;10;0;0;2;6;15;B02
201100001790;0;33;0;0;2;1;3;A01
201100001791;0;31;0;0;2;7;9;B02
201100001791;0;7;0;0;2;3;9;A01
201100001792;0;1;0;0;2;4;1;B02
201100001792;0;7;0;0;2;1;1;A01
201100001793;0;7;0;13;0;2;14;A01
201100001794;0;7;0;2;0;1;14;A01
201100001795;0;10;0;0;2;3;1;B02
201100001795;0;7;0;0;2;3;13;A01
201100001796;0;7;0;0;2;9;15;B02
201100001796;0;14;0;0;2;3;2;A01
201100001796;0;7;0;0;2;1;1;C03
201100001797;0;7;0;0;2;2;13;A01
201100001797;0;15;0;0;2;2;21;B02
201100001798;0;32;0;13;0;0;14;A01
201100001799;0;2;0;0;1;1;2;A01
201100001800;0;7;0;16;0;9;14;A01
201100001801;0;38;5;0;1;5;16;A01
201100001802;0;7;0;0;2;3;13;A01
201100001802;0;7;0;0;2;3;1;B02
201100001803;0;7;0;13;0;1;13;A01
201100001804;0;7;0;0;9;8;10;A01
201100001804;0;2;0;0;2;1;1;B02
201100001805;0;7;0;0;2;1;1;B02
201100001805;0;7;0;0;2;7;19;A01
201100001806;0;7;0;0;2;2;15;A01
201100001806;0;33;0;0;2;1;1;B02
201100001807;0;7;0;13;0;1;1;A01
201100001808;0;30;0;8;0;1;14;A01
201100001809;0;30;0;12;0;1;21;A01
201100001810;0;33;0;0;2;1;1;B02
201100001810;0;7;0;0;2;3;19;A01
201100001811;0;7;0;0;2;3;21;B02
201100001811;0;7;0;0;2;1;13;A01
201100001812;0;7;0;13;0;3;13;A01
201100001813;0;7;0;0;2;3;10;A01
201100001813;0;2;0;0;2;1;1;B02
201100001814;0;7;0;0;9;1;1;B02
201100001814;0;1;0;0;2;7;1;A01
201100001815;0;7;0;0;2;1;1;B02
201100001815;0;2;0;0;2;1;13;A01
201100001816;0;7;0;6;0;1;13;A01
201100001817;0;7;0;0;1;2;1;A01
201100001818;0;1;0;0;2;6;2;B02
201100001818;0;7;0;0;9;2;2;A01
201100001819;0;7;0;13;0;2;14;A01
201100001820;0;7;0;3;0;0;13;A01
201100001821;0;7;0;13;0;1;14;A01
201100001822;0;3;0;0;0;7;10;A01
201100001823;0;7;0;0;1;6;4;A01
201100001824;0;2;0;0;2;1;1;B02
201100001824;0;7;0;0;2;3;15;A01
201100001825;0;7;0;16;0;9;14;A01
201100001826;0;7;0;2;0;1;13;A01
201100001827;0;7;0;0;2;8;15;A01
201100001827;0;7;0;0;2;2;17;B02
201100001828;0;7;0;0;2;3;15;A01
201100001828;0;2;0;0;2;1;17;B02
201100001829;0;7;0;0;9;3;15;B02
201100001829;0;30;0;0;2;1;17;A01
201100001830;0;15;0;16;0;3;13;A01
201100001831;0;2;0;0;9;1;1;A01
201100001831;0;17;0;8;0;6;4;B02
201100001832;0;14;0;0;1;7;1;A01
201100001833;0;7;0;2;0;1;14;A01
201100001834;0;7;0;0;2;3;19;B02
201100001834;0;33;0;0;2;1;1;A01
201100001835;0;33;0;0;2;2;17;A01
201100001835;0;7;0;0;2;6;1;B02
201100001836;0;7;0;0;0;2;15;A01
201100001837;0;7;0;8;0;8;14;A01
201100001838;0;2;0;0;2;1;1;A01
201100001838;0;7;0;0;2;2;15;B02
201100001839;1;7;0;0;2;1;1;A02
201100001839;0;1;0;0;2;4;1;B01
201100001840;0;7;0;0;1;2;1;A01
201100001841;0;1;0;0;2;4;1;A01
201100001841;0;10;0;0;9;2;17;B02
201100001842;0;7;0;0;9;4;23;B02
201100001842;0;2;0;0;2;1;2;A01
201100001843;0;1;0;0;2;2;19;B02
201100001843;0;7;0;0;1;1;21;A01
201100001844;0;30;0;0;2;1;1;B02
201100001844;0;7;0;0;2;3;15;A01
201100001845;0;1;0;0;2;4;1;A01
201100001846;0;7;0;0;1;7;1;A01
201100001847;0;7;0;2;0;8;1;A01
201100001848;0;7;0;0;1;3;1;A01
201100001849;0;7;0;0;2;7;17;A01
201100001849;0;2;0;0;2;8;15;B02
201100001850;0;10;0;0;2;3;13;A01
201100001850;0;7;0;0;2;3;1;B02
201100001851;0;7;0;8;0;1;13;A01
201100001852;0;30;0;16;0;8;1;A01
201100001853;0;7;0;0;1;1;1;A01
201100001854;0;1;0;0;2;2;17;A01
201100001854;0;7;0;0;9;3;15;B02
201100001855;0;7;0;0;1;8;1;A01
201100001856;0;7;0;0;2;3;13;A01
201100001856;0;7;0;0;2;3;1;B02
201100001857;0;7;0;0;2;1;17;A01
201100001857;0;7;0;0;2;1;1;B02
201100001857;0;7;0;0;0;0;23;C03
201100001858;0;7;0;0;2;3;13;A01
201100001858;0;7;0;0;2;3;1;B02
201100001859;0;7;0;13;0;1;1;A01
201100001860;0;30;0;0;2;1;1;B02
201100001860;0;7;0;0;2;6;19;A01
201100001861;0;10;0;0;2;3;1;A01
201100001861;0;10;0;0;2;3;1;B02
201100001862;0;33;0;13;0;1;17;A01
201100001863;0;7;0;2;0;2;14;A01
201100001864;0;7;0;0;2;2;1;A01
201100001864;0;30;0;0;2;1;16;B02
201100001865;0;7;0;6;0;7;13;A01
201100001866;0;1;0;12;0;8;16;A01
201100001867;0;33;0;0;2;1;1;B02
201100001867;0;33;0;0;2;1;1;A01
201100001868;0;7;0;0;2;3;2;A01
201100001868;0;21;0;0;2;5;1;B02
201100001869;0;7;0;2;0;1;17;A01
201100001870;0;7;0;0;2;7;13;A01
201100001870;0;10;0;0;2;1;1;B02
201100001871;0;2;0;0;2;1;1;B02
201100001871;0;7;0;0;2;8;19;A01
201100001872;0;10;0;0;2;5;15;A01
201100001872;0;33;0;0;2;7;1;B02
201100001873;0;31;0;0;2;1;1;A01
201100001873;0;7;0;0;2;8;15;B02
201100001874;0;7;0;0;2;3;13;A01
201100001874;0;7;0;0;2;3;1;B02
201100001875;0;33;0;0;0;0;1;A01
201100001876;0;30;0;0;5;3;1;A01
201100001877;0;7;0;0;9;1;2;A01
201100001877;0;1;0;0;2;4;2;B02
201100001878;0;7;0;13;0;9;17;A01
201100001879;0;7;0;6;0;1;1;A01
201100001880;0;2;0;0;0;0;1;A01
201100001881;0;10;0;13;0;1;13;A01
201100001882;0;7;0;0;2;7;13;A01
201100001882;0;7;0;3;2;1;1;B02
201100001883;0;7;0;0;2;1;1;A01
201100001883;0;7;0;0;2;3;15;B02
201100001884;0;7;0;2;0;8;1;A01
201100001885;0;7;0;0;2;2;1;B02
201100001885;0;30;0;0;2;3;9;A01
201100001886;0;7;0;0;2;8;19;A01
201100001886;0;13;0;0;2;1;1;B02
201100001887;0;7;0;13;0;3;13;A01
201100001888;2;7;0;0;2;1;13;A01
201100001888;0;7;0;0;2;1;1;B02
201100001889;0;7;0;2;0;9;14;A01
201100001890;0;7;0;0;2;3;3;A01
201100001890;0;7;0;0;2;1;1;B02
201100001890;0;7;0;0;2;3;1;C03
201100001890;0;10;0;0;2;3;1;D04
201100001891;0;7;0;0;2;1;1;B02
201100001891;0;7;0;0;2;8;9;A01
201100001892;0;10;0;2;5;1;1;A01
201100001893;0;7;0;0;0;9;1;A01
201100001894;0;33;0;14;0;3;1;A01
201100001895;0;7;0;0;2;1;1;B02
201100001895;0;7;0;0;2;1;13;A01
201100001896;0;7;0;0;2;2;1;A01
201100001896;0;7;0;0;2;6;16;B02
201100001897;0;10;0;0;2;2;19;B02
201100001897;0;7;0;0;2;3;1;A01
201100001898;0;1;0;16;0;6;2;A01
201100001898;0;1;0;0;0;2;0;B02
201100001899;0;33;0;1;0;8;17;A01
201100001899;0;7;0;0;0;8;15;B02
201100001900;0;7;0;0;2;1;2;A01
201100001900;0;7;0;14;2;4;23;B02
201100001900;0;10;0;0;2;4;23;C03
201100001901;0;7;0;0;2;1;1;B02
201100001901;0;7;0;0;0;3;23;C03
201100001901;0;7;0;1;0;2;19;A01
201100001902;0;7;0;2;0;2;13;A01
201100001903;0;7;0;6;0;1;1;A01
201100001904;0;7;0;0;2;3;13;A01
201100001904;0;7;0;0;2;3;1;B02
201100001905;0;7;0;0;1;2;1;A01
201100001906;0;7;0;13;0;1;14;A01
201100001907;0;7;0;0;2;1;1;B02
201100001907;0;2;0;0;2;7;19;A01
201100001908;0;7;0;0;1;2;1;A01
201100001909;0;7;0;0;2;3;15;A01
201100001909;0;33;0;0;2;7;1;B02
201100001910;0;7;0;0;2;2;1;B02
201100001910;0;30;0;0;2;1;13;A01
201100001911;0;7;0;0;2;2;19;A01
201100001911;0;33;0;0;2;1;17;B02
201100001912;0;7;0;0;2;1;13;A01
201100001912;0;13;0;0;2;3;1;B02
201100001913;0;10;0;0;2;3;13;A01
201100001913;0;14;0;0;2;3;1;B02
201100001914;0;7;0;0;2;2;15;A01
201100001914;0;7;0;0;2;1;1;B02
201100001915;0;30;0;0;2;1;1;A01
201100001915;0;30;0;0;2;8;15;B02
201100001916;0;7;0;8;0;3;16;A01
201100001917;0;21;0;0;2;3;1;B02
201100001917;0;2;0;0;2;1;13;A01
201100001918;0;7;0;0;2;7;1;A01
201100001918;0;2;0;0;2;1;9;B02
201100001919;0;99;0;13;0;1;0;A01
201100001920;0;1;0;0;2;8;15;B02
201100001920;0;7;0;13;2;2;17;A01
201100001921;0;1;0;0;2;1;2;A01
201100001921;0;1;0;0;2;4;21;B02
201100001922;0;21;0;0;2;6;1;B02
201100001922;0;7;0;0;2;3;13;A01
201100001923;0;10;0;0;1;2;2;A01
201100001924;0;7;0;6;0;3;16;A01
201100001925;0;10;0;0;2;3;19;A01
201100001925;0;3;0;0;2;3;1;B02
201100001926;0;7;0;13;0;1;13;A01
201100001927;0;7;0;0;9;2;19;A01
201100001927;0;1;0;0;0;8;1;B02