num_acc;senc;catv;occutc;obs;obsm;choc;manv;num_veh
201100001928;0;7;0;6;0;8;1;A01
201100001929;0;7;0;0;2;3;13;B02
201100001929;0;7;0;0;2;3;1;A01
201100001930;0;7;0;0;1;5;15;A01
201100001931;0;7;0;0;2;1;1;B02
201100001931;0;7;0;0;2;8;19;A01
201100001932;0;7;0;0;1;2;1;A01
201100001933;0;7;0;0;1;2;1;A01
201100001934;0;7;0;3;0;9;1;A01
201100001935;0;7;0;0;2;1;1;B02
201100001935;0;7;0;0;2;3;19;A01
201100001936;0;7;0;0;2;1;5;A01
201100001936;0;7;0;0;2;1;1;B02
201100001937;0;7;0;0;1;2;1;A01
201100001938;0;1;0;0;2;1;1;B02
201100001938;0;7;0;0;9;3;13;A01
201100001939;0;7;0;6;0;1;1;A01
201100001940;0;33;0;0;1;2;1;A01
201100001941;0;7;0;13;0;9;1;A01
201100001942;0;7;0;8;0;1;13;A01
201100001943;0;7;0;16;0;1;13;A01
201100001944;0;7;0;0;2;1;1;B02
201100001944;0;7;0;0;2;7;15;A01
201100001945;0;7;0;0;2;8;1;B02
201100001945;0;33;0;0;2;1;0;A01
201100001946;0;7;0;0;2;1;1;A01
201100001946;0;7;0;0;2;1;13;B02
201100001947;0;7;0;0;1;2;1;A01
201100001948;0;7;0;0;1;1;1;A01
201100001949;0;10;0;0;2;3;19;A01
201100001949;0;10;0;0;2;1;1;B02
201100001950;0;7;0;0;2;2;1;B02
201100001950;0;30;0;6;2;1;13;A01
201100001951;0;1;0;0;2;8;11;B02
201100001951;0;7;0;0;9;7;17;A01
201100001952;0;30;0;0;0;0;0;A01
201100001953;0;7;0;0;2;3;1;B02
201100001953;0;7;0;0;2;3;13;A01
201100001954;0;1;0;0;2;1;1;B02
201100001954;0;7;0;0;2;7;1;A01
201100001955;0;7;0;0;1;3;1;A01
201100001956;0;10;0;0;5;1;1;A01
201100001956;0;10;0;0;5;1;1;B02
201100001957;0;14;0;13;0;9;1;A01
201100001958;0;7;0;13;0;1;1;A01
201100001959;0;1;0;0;2;1;1;B02
201100001959;0;7;0;0;9;3;15;A01
201100001960;0;7;0;0;2;1;19;A01
201100001960;0;33;0;0;2;7;1;B02
201100001961;0;7;0;0;2;3;1;B02
201100001961;0;7;0;0;2;1;13;A01
201100001962;0;20;0;0;2;6;1;B02
201100001962;0;33;0;0;2;3;13;A01
201100001963;1;7;0;0;2;8;19;B02
201100001963;0;2;0;0;2;0;1;A01
201100001964;0;33;0;3;0;2;14;A01
201100001965;0;30;0;0;0;0;16;A01
201100001966;0;1;0;0;2;1;1;A01
201100001966;0;7;0;0;9;3;23;B02
201100001967;0;7;0;0;2;7;13;A01
201100001967;0;7;0;0;2;1;1;B02
201100001968;0;7;0;0;2;1;2;A01
201100001968;0;7;0;0;2;4;0;B02
201100001968;0;7;0;0;2;4;0;C03
201100001969;0;7;0;0;2;3;10;B02
201100001969;0;7;0;0;2;2;17;A01
201100001970;0;10;0;0;2;1;13;A01
201100001970;0;10;0;0;2;3;0;B02
201100001971;0;7;0;0;2;1;1;B02
201100001971;0;30;0;0;2;1;15;A01
201100001972;0;31;0;13;0;2;1;A01
201100001973;0;31;0;0;2;1;1;B02
201100001973;0;7;0;0;2;3;15;A01
201100001974;0;1;0;0;2;1;15;B02
201100001974;0;7;0;0;2;3;1;A01
201100001975;0;2;0;13;0;1;14;A01
201100001976;0;7;0;0;2;1;1;B02
201100001976;0;7;0;0;2;8;15;A01
201100001977;0;30;0;14;0;8;1;A01
201100001977;0;7;0;0;9;3;23;B02
201100001978;0;7;0;0;2;1;15;A01
201100001978;0;31;0;0;2;1;1;B02
201100001979;0;7;0;0;1;1;1;A01
201100001980;0;1;0;0;2;1;1;B02
201100001980;0;7;0;0;9;2;15;A01
201100001981;0;30;0;0;2;1;1;A01
201100001981;0;7;0;0;2;8;1;B02
201100001982;0;7;0;0;0;8;15;B02
201100001982;0;30;0;0;2;2;1;A01
201100001983;0;33;0;0;2;1;17;B02
201100001983;0;7;0;0;0;6;15;A01
201100001984;0;30;0;0;0;7;1;A01
201100001985;0;38;0;0;2;4;16;B02
201100001985;0;33;0;0;2;1;2;A01
201100001986;0;31;0;0;2;8;1;B02
201100001986;0;10;0;0;2;3;15;A01
201100001987;0;7;0;14;0;1;1;A01
201100001988;0;33;0;12;0;1;1;A01
201100001989;0;30;0;8;0;7;21;A01
201100001990;0;7;0;6;0;5;6;A01
201100001991;0;31;0;0;2;1;1;A01
201100001991;0;7;0;0;0;4;1;B02
201100001992;0;33;0;0;0;0;17;A01
201100001992;0;10;0;0;0;0;1;B02
201100001993;0;7;0;0;1;1;15;A01
201100001994;0;31;0;0;2;1;1;B02
201100001994;0;7;0;0;2;8;9;A01
201100001995;0;7;0;0;2;3;9;A01
201100001995;0;7;0;0;2;7;1;B02
201100001996;0;7;0;0;1;1;2;A01
201100001997;0;10;0;0;1;5;4;A01
201100001998;0;7;0;0;2;8;1;B02
201100001998;0;7;0;0;2;3;13;A01
201100001999;0;7;0;0;2;1;1;A01
201100001999;0;7;0;0;2;2;1;B02
201100002000;1;7;0;0;1;7;0;A01
201100002001;0;7;0;0;1;3;1;A01
201100002002;0;7;0;0;1;3;1;A01
201100002003;0;33;0;13;0;1;2;A01
201100002004;0;38;0;0;2;3;1;A01
201100002004;0;7;0;0;2;2;13;B02
201100002005;0;7;0;0;1;1;1;A01
201100002006;0;7;0;6;0;7;13;A01
201100002007;0;99;0;8;0;3;1;A01
201100002008;0;30;0;8;0;7;0;A01
201100002009;0;33;0;0;0;8;0;A01
201100002010;0;7;0;0;1;1;1;A01
201100002011;0;33;0;0;2;1;1;A01
201100002011;0;7;0;0;0;6;19;B02
201100002012;0;2;0;14;0;2;1;B02
201100002012;0;7;0;14;0;1;5;A01
201100002013;0;10;0;0;2;1;1;B02
201100002013;0;30;0;0;2;1;15;A01
201100002014;0;10;0;0;0;2;1;A01
201100002014;0;1;0;0;0;1;5;B02
201100002015;0;7;0;0;2;1;13;A01
201100002015;0;7;0;0;2;1;1;B02
201100002016;0;7;0;0;2;3;13;A01
201100002016;0;7;0;0;2;3;1;B02
201100002016;0;7;0;0;2;3;1;C03
201100002017;0;7;0;0;2;3;15;A01
201100002017;0;2;0;0;2;1;1;B02
201100002018;0;30;0;0;2;4;1;A01
201100002018;0;10;0;0;2;1;13;C03
201100002018;0;30;0;0;2;4;1;B02
201100002019;0;7;0;0;1;2;1;A01
201100002020;0;7;0;0;2;1;1;A01
201100002020;0;7;0;0;2;1;1;B02
201100002021;0;31;0;0;2;1;2;B02
201100002021;0;7;0;0;2;4;2;A01
201100002022;0;7;0;0;1;1;1;A01
201100002023;0;1;0;0;2;1;1;A01
201100002024;0;7;0;0;1;2;1;A01
201100002025;0;7;0;0;2;8;1;B02
201100002025;0;7;0;0;2;1;15;A01
201100002026;0;7;0;11;0;0;1;A01
201100002027;0;7;0;0;2;5;15;A01
201100002027;0;1;0;0;2;1;1;B02
201100002028;0;7;0;0;2;2;13;A01
201100002028;0;7;0;0;2;2;21;B02
201100002029;0;7;0;6;0;7;1;A01
201100002030;0;7;0;0;1;2;1;A01
201100002031;0;7;0;0;2;5;15;A01
201100002031;0;33;0;0;2;1;1;B02
201100002032;0;7;0;0;2;1;1;A01
201100002032;0;7;0;0;2;8;19;B02
201100002033;0;7;0;0;2;8;15;B02
201100002033;0;33;0;0;2;1;17;A01
201100002034;0;33;0;0;9;1;1;A01
201100002034;0;1;0;0;2;8;19;B02
201100002035;0;7;0;0;9;2;9;A01
201100002035;0;1;0;0;2;7;1;B02
201100002036;0;34;0;1;0;8;2;B02
201100002036;0;7;0;0;0;4;15;A01
201100002037;0;1;0;0;2;8;1;B02
201100002037;0;7;0;0;2;7;17;A01
201100002038;0;2;0;0;2;3;1;B02
201100002038;0;7;0;0;2;5;20;A01
201100002039;0;7;0;0;2;1;0;B02
201100002039;0;7;0;0;2;1;13;A01
201100002040;0;7;0;13;0;3;13;A01
201100002041;0;7;0;13;0;1;1;A01
201100002042;0;7;0;13;2;1;1;A01
201100002042;0;7;0;14;0;3;1;B02
201100002043;0;7;0;0;2;1;15;A01
201100002043;0;33;0;0;2;1;1;B02
201100002044;0;7;0;0;2;3;9;A01
201100002044;0;7;0;0;2;1;1;B02
201100002045;0;7;0;0;2;1;9;A01
201100002045;0;33;0;0;2;1;1;B02
201100002046;0;10;0;0;2;1;1;A01
201100002046;0;7;0;0;2;4;15;B02
201100002047;0;7;0;13;0;1;13;A01
201100002048;0;33;0;14;0;8;1;A01
201100002049;0;17;0;0;0;8;2;B02
201100002049;0;36;0;2;2;5;2;A01
201100002050;0;7;0;0;2;3;17;A01
201100002050;0;7;0;0;2;3;1;B02
201100002051;0;7;0;0;2;2;1;B02
201100002051;0;7;0;0;2;3;9;A01
201100002052;0;7;0;0;1;2;1;A01
201100002053;0;33;0;0;0;8;1;A01
201100002054;0;7;0;15;0;1;1;A01
201100002055;0;7;0;0;2;3;1;B02
201100002055;0;7;0;0;2;3;0;A01
201100002056;0;2;0;0;2;1;1;A01
201100002056;0;10;0;0;2;6;20;B02
201100002057;0;10;0;0;0;4;9;B02
201100002057;0;33;0;0;2;1;1;A01
201100002058;0;7;0;13;2;1;2;B02
201100002058;0;33;0;0;2;4;1;A01
201100002059;0;30;0;0;2;1;13;A01
201100002059;0;7;0;0;2;3;1;B02
201100002060;0;7;0;13;0;1;1;A01
201100002061;0;7;0;8;0;1;1;A01
201100002062;0;7;0;0;0;1;0;A01
201100002063;1;7;0;0;1;3;1;A01
201100002064;0;7;0;13;0;3;1;A01
201100002065;0;7;0;0;2;8;15;B02
201100002065;0;33;0;0;2;1;13;A01
201100002066;0;3;0;0;0;0;20;A01
201100002067;0;10;0;0;0;3;15;B02
201100002067;0;7;0;0;2;1;1;A01
201100002068;0;7;0;16;0;2;2;A01
201100002069;0;33;0;0;1;1;1;A01
201100002070;0;7;0;0;2;2;13;A01
201100002070;0;7;0;0;2;3;1;B02
201100002071;0;7;0;13;0;3;19;A01
201100002072;0;10;0;0;2;3;1;A01
201100002072;0;10;0;0;2;3;1;B02
201100002073;0;10;0;0;2;1;13;A01
201100002073;0;3;0;0;2;1;1;B02
201100002074;0;7;0;0;2;1;1;A01
201100002074;0;7;0;0;2;3;15;B02
201100002075;0;7;0;8;2;3;21;A01
201100002075;0;7;0;0;0;5;15;B02
201100002076;0;7;0;0;2;1;1;B02
201100002076;0;7;0;0;2;8;1;A01
201100002077;0;7;0;0;1;4;20;A01
201100002078;0;7;0;0;1;2;1;A01
201100002079;0;7;0;0;2;2;15;A01
201100002079;0;30;0;0;2;1;1;B02
201100002080;0;2;0;0;2;4;2;A01
201100002080;0;2;0;0;2;4;2;B02
201100002080;0;7;0;0;2;1;2;C03
201100002081;0;1;0;0;2;3;9;B02
201100002081;0;14;0;0;9;2;1;A01
201100002082;0;1;0;0;2;4;1;A01
201100002083;0;7;0;0;2;7;9;A01
201100002083;0;7;0;0;2;3;1;B02
201100002084;0;10;0;0;2;3;15;A01
201100002084;0;2;0;0;2;1;1;B02
201100002085;0;7;0;6;0;2;15;A01
201100002086;0;99;0;0;2;4;15;D04
201100002086;0;21;0;0;0;0;15;C03
201100002086;0;7;0;14;0;1;1;B02
201100002086;0;7;0;0;2;1;1;A01
201100002087;0;1;0;0;2;3;1;B02
201100002087;0;7;0;0;2;3;13;A01
201100002088;0;7;0;0;1;2;1;A01
201100002089;0;7;0;0;9;3;9;A01
201100002089;0;1;0;0;2;1;1;B02
201100002090;0;1;0;0;2;1;5;A01
201100002090;0;10;0;0;9;3;1;B02
201100002091;0;7;0;13;0;1;13;A01
201100002092;0;99;0;0;2;4;1;B02
201100002092;0;14;0;0;2;2;17;A01
201100002093;0;7;0;0;0;2;19;A01
201100002093;0;30;0;0;2;1;1;B02
201100002094;0;14;0;0;2;8;1;A01
201100002094;0;30;0;0;2;1;1;B02
201100002095;0;7;0;14;0;1;1;A01
201100002096;0;3;0;6;0;1;10;A01
201100002097;0;7;0;0;2;1;1;C03
201100002097;0;7;0;0;0;5;15;B02
201100002097;0;7;0;0;2;3;2;A01
201100002098;0;7;0;0;0;6;19;A01
201100002098;0;2;0;0;2;1;1;B02
201100002099;0;7;0;13;0;0;1;A01
201100002100;0;30;0;12;0;7;14;A01
201100002101;0;10;0;0;2;3;1;B02
201100002101;0;7;0;0;2;8;1;A01
201100002101;0;10;0;0;2;3;1;C03
201100002102;0;21;0;0;2;4;2;B02
201100002102;0;33;0;0;2;1;2;A01
201100002103;0;38;0;0;2;2;1;B02
201100002103;0;30;0;0;2;1;15;A01
201100002104;0;7;0;0;2;3;1;B02
201100002104;0;14;0;0;2;3;19;A01
201100002105;0;7;0;0;2;1;1;B02
201100002105;2;7;0;0;2;1;1;A01
201100002106;0;7;0;0;2;1;1;B02
201100002106;0;7;0;0;2;1;13;A01
201100002107;0;1;0;0;2;1;1;B02
201100002107;0;7;0;0;2;2;15;A01
201100002107;0;1;0;0;2;1;1;C03
201100002108;0;30;0;0;2;1;19;B02
201100002108;0;7;0;0;2;8;19;A01
201100002109;0;7;0;0;9;3;1;B02
201100002109;0;30;0;0;2;1;15;A01
201100002110;0;7;0;0;2;7;17;B02
201100002110;0;7;0;0;2;3;15;A01
201100002111;0;7;0;0;1;2;1;A01
201100002112;0;7;0;13;0;1;16;A01
201100002113;0;14;0;0;2;1;1;B02
201100002113;0;1;0;0;2;4;14;A01
201100002114;0;7;0;0;9;3;0;A01
201100002114;0;1;0;0;2;1;0;B02
201100002115;0;7;0;0;2;1;1;A01
201100002115;0;31;0;0;0;4;15;B02
201100002116;0;7;0;0;2;2;15;A01
201100002116;0;7;0;0;2;1;1;B02
201100002117;0;7;0;13;0;2;1;A01
201100002118;0;7;0;0;1;2;1;A01
201100002119;0;7;0;0;2;6;13;B02
201100002119;0;33;0;0;2;2;17;A01
201100002120;0;33;0;16;0;1;0;A01
201100002121;0;7;0;0;1;2;1;A01
201100002122;0;1;0;0;2;1;13;A01
201100002122;0;7;0;0;2;3;1;B02
201100002123;0;7;0;2;0;1;1;A01
201100002124;0;7;0;0;1;1;1;A01
201100002125;0;14;0;0;2;1;1;A01
201100002125;0;7;0;0;2;2;19;B02
201100002126;0;7;0;13;0;9;1;A01
201100002127;0;7;0;2;0;7;13;A01
201100002128;0;33;0;13;0;1;14;A01
201100002129;0;7;0;0;0;9;1;A01
201100002130;0;10;0;0;2;1;1;A01
201100002130;0;30;0;0;2;8;19;B02
201100002131;0;10;0;0;2;3;1;B02
201100002131;0;7;0;0;2;3;15;A01
201100002131;0;33;0;0;2;8;21;C03
201100002132;0;7;0;13;0;1;1;A01
201100002133;0;33;0;13;0;1;1;A01
201100002134;0;7;0;14;0;1;1;A01
201100002135;0;7;0;0;2;1;15;B02
201100002135;0;7;0;0;2;1;23;C03
201100002135;0;7;0;0;2;1;17;A01
201100002136;0;33;0;0;0;7;1;A01
201100002137;0;7;0;2;0;7;1;A01
201100002138;0;7;0;6;0;1;1;A01
201100002139;0;7;0;0;0;2;19;A01
201100002139;0;32;0;0;0;8;0;B02
201100002140;0;7;0;0;1;1;1;A01
201100002141;0;7;0;0;0;8;1;B02
201100002141;0;10;0;0;2;1;1;A01
201100002142;0;33;0;16;0;1;14;A01
201100002143;0;33;0;12;0;7;1;A01
201100002144;0;7;0;2;0;2;1;A01
201100002145;0;14;0;0;1;3;15;A01
201100002146;0;7;0;13;0;7;1;A01
201100002147;0;7;0;2;0;8;1;A01
201100002148;0;31;0;0;2;3;15;B02
201100002148;0;7;0;0;2;1;19;A01
201100002149;0;7;0;2;0;3;1;A01
201100002150;0;7;0;2;0;9;1;A01
201100002151;0;7;0;2;0;8;1;A01
201100002152;0;7;0;0;2;1;1;B02
201100002152;0;7;0;0;2;7;1;A01
201100002153;0;2;0;0;2;1;1;B02
201100002153;0;7;0;0;2;3;19;A01
201100002154;0;33;0;0;2;7;1;B02
201100002154;0;7;0;0;2;1;1;A01
201100002155;0;7;0;13;0;1;1;A01
201100002156;0;33;0;0;2;0;1;A01
201100002156;0;10;0;0;2;7;19;B02
201100002157;0;7;0;2;0;9;1;A01
201100002158;0;10;0;0;2;3;1;B02
201100002158;0;7;0;0;2;1;1;A01
201100002159;0;7;0;0;2;3;17;B02
201100002159;0;7;0;0;2;3;5;A01
201100002160;0;1;0;0;2;6;1;B02
201100002160;0;3;0;0;9;2;16;A01
201100002161;0;7;0;0;2;1;1;B02
201100002161;0;33;0;0;0;4;1;A01
201100002162;0;7;0;0;2;8;15;B02
201100002162;0;7;0;0;2;2;17;A01
201100002163;0;30;0;0;2;4;1;A01
201100002164;0;7;0;0;2;2;2;A01
201100002164;0;2;0;0;0;4;2;B02
201100002165;0;7;0;1;0;3;0;B02
201100002165;0;15;0;0;0;5;23;A01
201100002166;0;7;0;0;9;1;0;F06
201100002166;0;7;0;0;2;1;0;C03
201100002166;0;7;0;0;2;6;1;A01
201100002166;0;7;0;0;2;3;1;B02
201100002166;0;7;0;0;2;4;0;D04
201100002166;0;7;0;0;2;1;0;E05
201100002167;0;1;0;0;2;1;2;C03
201100002167;0;10;0;0;0;2;9;A01
201100002167;0;1;0;0;2;1;2;B02
201100002168;0;7;0;0;1;3;1;A01
201100002169;0;7;0;0;0;6;15;A01
201100002169;0;21;0;0;2;1;1;B02
201100002170;0;7;0;0;2;1;17;A01
201100002170;0;7;0;0;2;1;1;B02
201100002171;0;7;0;0;2;6;15;A01
201100002171;0;33;0;0;2;7;2;B02
201100002172;0;10;0;0;1;4;4;A01
201100002173;0;7;0;0;1;2;1;A01
201100002174;0;30;0;14;0;1;1;A01
201100002174;0;7;0;0;0;4;23;B02
201100002175;0;31;0;0;2;1;1;B02
201100002175;0;7;0;0;2;3;9;A01
201100002176;0;7;0;0;2;2;15;A01
201100002176;0;2;0;0;2;1;1;B02
201100002177;0;7;0;0;2;1;1;B02
201100002177;0;7;0;0;2;1;13;A01
201100002178;0;30;0;0;2;3;21;B02
201100002178;0;38;14;0;2;5;17;A01
201100002179;0;7;0;0;2;1;15;A01
201100002179;0;7;0;0;2;3;0;B02
201100002180;0;33;0;13;0;7;1;A01
201100002181;0;31;0;0;2;8;13;A01
201100002181;0;7;0;0;2;8;1;B02
201100002182;0;10;0;0;2;8;1;B02
201100002182;0;7;0;0;2;2;3;A01
201100002183;0;7;0;13;0;1;14;A01
201100002184;0;7;0;0;1;1;15;A01
201100002185;0;33;0;0;0;0;1;A01
201100002186;0;30;0;13;0;1;1;A01
201100002187;0;14;0;8;0;2;1;A01
201100002188;0;7;0;0;2;3;1;B02
201100002188;0;10;0;0;2;3;1;A01
201100002189;0;7;0;0;0;1;15;A01
201100002189;0;1;0;0;2;7;1;B02
201100002190;0;2;0;0;0;0;2;A01
201100002191;0;7;0;0;2;2;1;A01
201100002191;0;1;0;0;0;4;1;B02
201100002192;0;7;0;0;1;3;1;A01
201100002193;0;7;0;0;2;1;1;A01
201100002193;0;31;0;0;2;4;1;B02
201100002194;0;10;0;0;2;3;10;A01
201100002194;0;33;0;0;2;1;1;B02
201100002194;0;10;0;0;2;3;0;C03
201100002195;0;1;0;0;0;7;0;B02
201100002195;0;10;0;0;0;1;9;A01
201100002196;0;7;0;0;2;4;2;B02
201100002196;0;10;0;0;2;1;2;A01
201100002196;0;7;0;0;2;4;23;C03
201100002197;0;32;0;12;0;1;1;A01
201100002198;0;7;0;0;1;2;1;A01
201100002199;0;10;0;0;1;1;1;A01
201100002200;0;7;0;0;2;2;15;A01
201100002200;0;7;0;0;2;1;1;B02
201100002201;0;2;0;11;6;1;1;A01
201100002202;0;7;0;0;1;2;5;A01
201100002203;0;7;0;13;0;3;1;A01
201100002204;0;7;0;0;2;6;1;A01
201100002204;0;34;0;0;2;3;16;B02
201100002205;0;3;0;0;9;2;0;A01
201100002205;0;1;0;0;2;1;21;B02
201100002206;0;7;0;0;2;1;1;B02
201100002206;0;10;0;0;2;2;15;A01
201100002207;0;17;0;0;0;8;1;A01
201100002208;0;14;0;0;2;7;19;A01
201100002208;0;33;0;0;2;1;1;B01
201100002209;0;7;0;16;0;1;1;A01
201100002210;0;7;0;2;0;6;1;A01
201100002211;0;7;0;0;2;2;1;A01
201100002211;0;7;0;0;0;3;9;B02
201100002212;0;33;0;0;5;1;1;A01
201100002213;0;7;0;0;2;6;13;A01
201100002213;0;2;0;0;2;8;15;B02
201100002214;0;1;0;0;2;4;1;B02
201100002214;0;7;0;0;2;2;9;A01
201100002215;0;7;0;0;2;7;15;B02
201100002215;0;33;0;0;2;1;1;A01
201100002216;0;7;0;0;1;1;1;A01
201100002217;0;7;0;0;2;7;1;B02
201100002217;0;2;0;0;2;8;1;A01
201100002218;0;7;0;0;2;5;19;A01
201100002218;0;1;0;0;2;1;1;B02
201100002219;0;33;0;0;2;1;1;B02
201100002219;0;7;0;0;2;3;15;A01
201100002220;0;7;0;6;0;3;1;A01
201100002221;0;10;0;0;0;5;10;A01
201100002221;0;33;0;0;2;8;1;B02
201100002222;1;7;0;0;0;0;0;A01
201100002223;0;30;0;0;2;1;1;A01
201100002223;0;7;0;0;2;3;15;B02
201100002224;0;7;0;2;0;8;1;A01
201100002225;0;7;0;0;2;6;1;B02
201100002225;0;7;0;13;2;3;17;A01
201100002226;0;10;0;6;0;1;1;A01
201100002227;0;7;0;13;0;1;1;A01
201100002228;0;30;0;1;0;1;17;A01
201100002229;0;7;0;0;2;3;1;A01
201100002229;0;7;0;0;2;1;19;B02
201100002230;0;7;0;0;1;2;14;A01
201100002231;0;7;0;0;2;1;5;A01
201100002231;0;7;0;0;2;1;2;B02
201100002232;0;7;0;0;0;5;15;A01
201100002232;0;33;0;0;2;3;2;B02
201100002233;0;33;0;0;0;0;17;A01
201100002234;0;7;0;0;2;8;19;A01
201100002234;0;7;0;0;2;1;1;B02
201100002235;0;30;0;0;2;2;17;A01
201100002235;0;7;0;0;0;8;15;B02
201100002236;0;30;0;0;2;1;1;A01
201100002236;0;7;0;0;2;3;15;B02
201100002237;0;1;0;0;2;7;1;B02
201100002237;0;7;0;0;2;3;19;A01
201100002238;0;1;0;0;2;3;1;A01
201100002238;0;7;0;0;9;3;17;B02
201100002239;0;30;0;0;0;7;1;A01
201100002240;0;7;0;0;2;5;1;B02
201100002240;0;33;0;8;2;3;18;A01
201100002240;0;7;0;0;2;5;1;C03
201100002241;0;33;0;0;2;2;17;A01
201100002241;0;7;0;0;2;8;15;B02
201100002242;0;7;0;1;0;3;23;C03
201100002242;1;7;0;1;1;3;1;B02
201100002242;1;7;0;1;1;1;1;A01
201100002243;0;10;0;13;0;1;1;A01
201100002244;0;10;0;0;2;1;1;B02
201100002244;0;7;0;0;2;7;19;A01
201100002245;0;7;0;0;2;4;15;B02
201100002245;0;30;0;0;2;1;1;A01
201100002246;0;36;0;2;0;1;14;A01
201100002247;0;7;0;8;0;7;1;A01
201100002248;0;30;0;0;2;1;1;B02
201100002248;0;7;0;0;2;3;4;A01
201100002249;0;7;0;13;0;1;1;A01
201100002250;0;7;0;2;0;2;1;A01
201100002251;0;17;0;0;2;1;1;B02
201100002251;0;30;0;0;2;8;15;A01
201100002252;0;31;0;0;2;8;1;B02
201100002252;0;7;0;0;2;8;1;A01
201100002252;0;7;0;0;0;0;1;C03
201100002253;0;3;0;0;0;8;19;A01
201100002253;0;7;0;0;2;1;1;B02
201100002254;0;33;0;8;0;2;21;A01
201100002255;0;7;0;0;2;2;1;A01
201100002255;0;1;0;0;0;4;2;B02
201100002256;0;7;0;13;0;6;1;A01
201100002257;0;7;0;0;1;3;1;A01
201100002258;0;7;0;7;0;1;13;A01
201100002259;0;7;0;13;0;1;1;A01
201100002260;0;7;0;0;2;3;9;A01
201100002260;0;1;0;0;0;4;1;B02
201100002261;0;7;0;0;2;8;13;A01
201100002261;0;7;0;0;2;1;14;C03
201100002261;0;7;0;0;2;1;1;B02
201100002262;0;7;0;13;0;1;1;A01
201100002263;0;7;0;13;0;1;1;A01
201100002264;0;2;0;13;0;2;1;A01
201100002265;0;17;0;0;2;1;1;A01
201100002265;0;7;0;0;2;4;1;B02
201100002266;0;7;0;8;0;1;1;A01
201100002267;0;7;0;0;2;7;19;B02
201100002267;0;2;0;0;2;1;1;A01
201100002268;0;7;0;0;2;1;1;B02
201100002268;0;17;0;0;2;8;19;A01
201100002269;0;14;0;0;2;1;1;C03
201100002269;0;17;0;0;2;8;19;A01
201100002269;0;7;0;0;2;1;1;B02
201100002270;0;7;0;0;2;1;1;B02
201100002270;0;10;0;0;2;2;16;A01
201100002271;0;7;0;3;0;3;1;A01
201100002272;0;30;0;0;2;3;13;A01
201100002272;0;10;0;0;2;8;0;B02
201100002273;0;7;0;0;1;1;1;A01
201100002274;0;33;0;0;2;1;5;A01
201100002274;0;7;0;0;2;3;1;B02
201100002275;0;10;0;1;0;2;1;A01
201100002276;0;7;0;2;0;1;13;A01
201100002277;0;7;0;0;0;8;1;A01
201100002278;0;7;0;2;0;1;1;A01
201100002279;0;1;0;0;2;1;1;A01
201100002279;0;7;0;0;2;3;15;B02
201100002280;0;7;0;15;0;2;19;A01
201100002280;0;7;0;0;2;1;1;B02
201100002281;0;7;0;0;0;9;0;A01
201100002282;0;7;0;0;2;1;1;B02
201100002282;0;7;0;0;2;1;6;A01
201100002283;0;7;0;0;0;4;15;B02
201100002283;0;7;0;0;2;1;2;A01
201100002284;0;32;0;0;2;3;1;B02
201100002284;0;7;0;0;2;6;15;A01
201100002285;0;7;0;6;0;7;15;A01
201100002286;0;7;0;0;2;2;1;B02
201100002286;0;7;0;13;2;9;14;A01
201100002287;0;33;0;13;0;7;1;A01
201100002288;0;7;0;13;0;2;1;A01
201100002289;0;7;0;0;2;1;15;A01
201100002289;0;7;0;0;2;1;1;B02
201100002290;0;7;0;13;0;2;1;A01
201100002291;0;7;0;13;0;1;13;A01
201100002292;0;2;0;0;2;1;1;A01
201100002292;0;10;0;0;2;8;1;B02
201100002293;0;7;0;0;2;1;19;B02
201100002293;0;7;0;0;2;8;1;A01
201100002294;0;10;0;8;2;2;1;A01
201100002294;0;3;0;0;2;7;15;B02
201100002295;0;7;0;0;2;1;1;A01
201100002295;0;7;0;0;2;1;1;B02
201100002296;0;2;0;0;1;1;1;A01
201100002297;0;7;0;0;2;2;16;B02
201100002297;0;31;0;0;2;3;18;A01
201100002298;0;36;0;13;0;1;1;A01
201100002299;0;1;0;0;2;3;15;A01
201100002299;0;7;0;0;2;2;1;B02
201100002300;0;30;0;0;0;0;1;A01
201100002301;0;17;0;0;2;2;15;B02
201100002301;0;7;0;0;2;3;17;A01
201100002302;0;7;0;0;2;1;1;B02
201100002302;0;7;0;0;2;1;13;A01
201100002303;0;99;0;0;0;4;2;B02
201100002303;0;7;0;0;2;7;21;A01
201100002304;0;33;0;0;0;0;1;A01
201100002304;0;21;0;0;0;0;19;B02
201100002305;0;30;0;0;0;7;16;A01
201100002306;0;7;0;13;0;2;0;A01
201100002307;0;1;0;0;2;8;1;B02
201100002308;0;7;0;0;0;1;1;A01
201100002308;0;7;0;0;2;1;0;B02
201100002309;0;7;0;0;2;7;13;A01
201100002309;0;7;0;0;2;1;0;B02
201100002310;0;7;0;0;2;5;15;A01
201100002310;0;30;0;0;2;1;1;B02
201100002311;0;7;0;0;0;0;1;A01
201100002311;0;7;0;0;0;2;1;B02
201100002312;0;33;0;13;0;1;1;A01
201100002313;0;7;0;2;0;1;1;A01
201100002314;0;7;0;0;2;1;1;A01
201100002314;0;7;0;0;2;3;1;B02
201100002315;0;7;0;2;0;9;1;A01
201100002316;0;7;0;0;2;8;15;B02
201100002316;0;33;0;0;2;1;17;A01