num_acc;senc;catv;occutc;obs;obsm;choc;manv;num_veh
201100002695;0;1;0;0;2;0;19;B02
201100002696;0;7;0;0;2;3;1;B02
201100002696;0;7;0;0;2;3;13;A01
201100002697;0;30;0;13;0;3;13;A01
201100002698;0;7;0;0;2;5;1;B02
201100002698;0;7;0;8;2;1;1;A01
201100002699;0;7;0;14;0;1;2;A01
201100002699;0;7;0;0;2;4;23;B02
201100002700;0;7;0;6;0;1;1;A01
201100002701;0;7;0;2;0;1;6;A01
201100002702;0;7;0;0;2;2;1;A01
201100002702;0;1;0;0;0;4;1;B02
201100002703;0;7;0;0;2;1;0;C03
201100002703;0;7;0;0;2;1;15;A01
201100002703;0;7;0;0;2;1;0;B02
201100002704;0;7;0;0;1;2;1;A01
201100002705;0;7;0;0;2;2;1;A01
201100002705;0;7;0;0;2;1;11;B02
201100002706;0;7;0;0;1;2;1;A01
201100002707;0;7;0;0;9;7;2;A01
201100002707;0;1;0;0;2;8;2;B02
201100002708;0;33;0;0;2;1;1;B02
201100002708;0;7;0;0;2;8;15;A01
201100002709;0;7;0;13;0;1;1;A01
201100002710;0;7;0;0;2;3;13;B02
201100002710;0;7;0;0;2;3;13;A01
201100002711;0;33;0;16;0;1;1;A01
201100002712;0;33;0;12;0;1;1;A01
201100002713;0;14;0;13;0;1;21;A01
201100002714;0;2;0;0;2;1;1;A01
201100002714;0;7;0;0;2;2;15;B02
201100002715;0;7;0;0;2;2;19;A01
201100002715;0;7;0;0;2;1;1;B02
201100002716;0;7;0;0;2;1;5;B02
201100002716;0;7;0;0;2;7;1;A01
201100002717;0;7;0;0;2;3;19;A01
201100002717;0;7;0;0;2;1;21;B02
201100002718;0;33;0;0;2;1;1;B02
201100002718;0;10;0;0;0;5;15;A01
201100002719;0;7;0;6;0;3;1;A01
201100002720;0;7;0;0;9;2;15;A01
201100002720;0;1;0;0;2;1;1;B02
201100002721;0;7;0;13;0;2;13;A01
201100002722;0;7;0;0;2;3;10;A01
201100002722;0;33;0;0;2;1;17;B02
201100002723;0;7;0;0;1;2;1;A01
201100002724;0;7;0;0;1;0;1;A01
201100002725;0;7;0;0;2;1;1;B01
201100002725;0;7;0;0;2;1;0;A01
201100002726;0;7;0;0;1;1;1;A01
201100002727;0;7;0;0;2;0;1;B01
201100002727;0;7;0;0;2;1;0;A01
201100002728;0;7;0;0;2;8;1;C01
201100002728;0;7;0;0;2;3;13;A01
201100002728;0;7;0;0;2;3;1;B01
201100002729;0;7;0;0;2;1;1;B01
201100002729;0;10;0;0;2;7;19;A01
201100002730;0;7;0;0;1;1;1;A01
201100002731;0;7;0;0;1;1;1;A01
201100002732;0;7;0;0;2;3;1;B01
201100002732;0;30;0;0;2;1;17;A01
201100002733;0;7;0;0;2;2;1;B01
201100002733;0;1;0;0;2;8;15;A01
201100002734;0;7;0;0;2;4;2;B01
201100002734;0;7;0;0;2;1;2;A01
201100002735;0;33;0;0;2;1;1;A01
201100002735;0;7;0;0;0;6;1;B01
201100002736;0;10;0;0;2;1;2;A01
201100002736;0;7;0;0;2;4;2;B01
201100002736;0;7;0;0;1;4;2;C01
201100002737;0;7;0;0;2;3;13;A01
201100002737;0;7;0;0;2;3;1;B01
201100002738;0;10;0;0;2;1;19;A01
201100002738;0;7;0;0;2;8;1;B01
201100002739;0;7;0;0;2;1;2;A01
201100002739;0;7;0;0;2;4;23;B01
201100002740;0;7;0;0;0;0;0;A01
201100002741;0;7;0;0;1;7;1;A01
201100002742;0;37;1;0;1;7;1;A01
201100002743;0;7;0;0;2;3;1;B01
201100002743;0;7;0;0;2;1;1;A01
201100002744;0;31;0;0;0;7;1;B01
201100002744;0;7;0;0;2;3;1;A01
201100002745;0;7;0;0;2;4;23;B01
201100002745;0;2;0;0;2;1;1;A01
201100002746;0;7;0;15;0;1;0;A01
201100002747;0;10;0;0;2;4;2;B01
201100002747;0;7;0;0;2;4;2;C01
201100002747;0;7;0;0;2;1;2;A01
201100002748;0;7;0;0;1;1;1;A01
201100002748;0;7;0;0;2;8;1;B01
201100002749;0;7;0;2;0;9;1;A01
201100002750;0;1;0;0;0;0;0;A01
201100002751;0;7;0;0;2;1;16;A01
201100002751;0;7;0;8;2;7;1;B01
201100002752;0;14;0;0;2;1;1;B01
201100002752;0;7;0;0;2;8;9;A01
201100002753;0;7;0;8;0;1;2;A01
201100002754;0;30;0;8;2;4;1;B01
201100002754;0;7;0;2;2;2;1;A01
201100002755;0;30;0;0;2;4;2;B01
201100002755;0;10;0;0;2;0;2;A01
201100002756;0;7;0;0;1;1;15;A01
201100002757;0;7;0;0;2;7;15;A01
201100002757;0;36;0;0;2;9;1;B01
201100002758;0;7;0;0;2;2;1;B01
201100002758;0;1;0;0;2;4;15;A01
201100002759;0;7;0;0;2;4;23;B01
201100002759;0;14;0;0;2;1;1;A01
201100002760;0;7;0;0;2;1;15;A01
201100002760;0;7;0;0;2;1;1;B01
201100002761;0;7;0;0;2;1;2;A01
201100002761;0;7;0;0;0;4;2;B01
201100002762;0;33;0;0;2;1;17;A01
201100002762;0;7;0;0;2;3;2;B01
201100002763;0;7;0;0;1;1;1;A01
201100002764;0;7;0;0;2;3;9;A01
201100002764;0;7;0;0;2;2;1;B01
201100002765;0;10;0;0;2;1;2;A01
201100002765;0;7;0;0;2;4;2;C01
201100002765;0;7;0;0;2;4;2;B01
201100002766;0;7;0;0;2;1;1;A01
201100002766;0;14;0;0;0;6;1;B01
201100002767;0;7;0;0;2;3;11;A01
201100002767;0;7;0;0;2;1;1;B01
201100002768;0;10;0;0;2;8;1;A01
201100002768;0;7;0;0;2;1;1;B01
201100002769;0;7;0;0;2;1;15;A01
201100002769;0;7;0;0;2;1;1;B01
201100002770;0;7;0;0;2;1;1;B01
201100002770;0;7;0;0;2;7;19;A01
201100002771;0;35;0;0;2;1;15;B01
201100002771;0;7;0;0;2;5;17;A01
201100002772;0;7;0;0;2;8;15;B01
201100002772;0;33;0;0;2;2;17;A01
201100002773;0;32;0;0;2;7;17;A01
201100002773;0;7;0;0;2;8;1;B01
201100002774;0;7;0;13;0;1;1;A01
201100002775;0;7;0;0;2;7;15;A01
201100002775;0;7;0;0;2;1;1;B01
201100002776;0;7;0;0;2;3;13;A01
201100002776;0;7;0;3;2;3;1;B01
201100002777;0;7;0;0;9;1;1;A01
201100002778;0;7;0;0;1;3;15;A01
201100002779;0;7;0;0;2;1;2;A01
201100002779;0;7;0;0;2;4;23;B01
201100002780;0;37;0;0;1;1;20;A01
201100002781;0;31;0;2;0;3;14;A01
201100002782;0;33;0;0;2;1;2;A01
201100002782;0;7;0;0;2;5;2;B01
201100002783;0;15;0;0;2;3;9;A01
201100002783;0;7;0;0;2;7;0;B01
201100002784;0;7;0;0;2;1;1;A01
201100002784;0;2;0;0;2;8;1;B01
201100002785;0;7;0;0;1;1;9;A01
201100002786;0;1;0;0;2;1;15;A01
201100002786;0;7;0;0;2;3;1;B01
201100002787;0;7;0;0;2;4;2;C01
201100002787;0;7;0;0;2;4;2;B01
201100002787;0;7;0;0;2;4;2;D01
201100002787;0;7;0;0;2;1;2;A01
201100002788;0;30;0;0;2;1;1;B01
201100002788;0;7;0;0;1;8;9;A01
201100002789;0;7;0;0;1;1;1;A01
201100002790;0;7;0;0;0;4;2;B01
201100002790;0;7;0;0;2;1;2;A01
201100002791;0;33;0;0;2;3;18;A01
201100002791;0;10;0;0;0;7;16;B01
201100002791;0;10;0;0;0;6;23;C01
201100002792;0;30;0;12;0;3;1;A01
201100002793;0;7;0;0;1;7;1;A01
201100002794;0;7;0;0;1;4;4;A01
201100002795;0;7;0;0;1;1;1;A01
201100002796;0;30;0;0;2;1;2;A01
201100002796;0;7;0;0;0;4;2;B01
201100002797;0;1;0;15;0;1;1;A01
201100002797;0;10;0;0;0;2;23;B01
201100002798;0;7;0;0;2;1;2;A01
201100002798;0;7;0;0;0;4;2;B01
201100002799;0;30;0;12;2;2;1;A01
201100002799;0;7;0;0;0;5;1;B01
201100002800;0;7;0;12;2;3;1;B01
201100002800;0;7;0;0;2;5;12;A01
201100002801;0;7;0;0;9;3;0;B01
201100002801;0;1;0;0;2;1;0;A01
201100002802;0;7;0;0;2;4;2;B01
201100002802;0;7;0;0;2;1;2;A01
201100002803;0;7;0;0;1;2;1;A01
201100002804;0;7;0;0;2;4;2;B01
201100002804;0;7;0;0;2;4;2;C01
201100002804;0;7;0;0;2;1;2;A01
201100002805;0;31;0;0;2;1;0;B01
201100002805;0;7;0;8;2;6;0;A01
201100002806;0;7;0;0;1;3;15;A01
201100002807;0;33;0;0;2;2;17;A01
201100002807;0;15;0;0;2;3;15;B01
201100002808;0;33;0;0;0;8;0;A01
201100002809;0;7;0;0;0;1;23;C01
201100002809;0;30;0;0;2;2;17;A01
201100002809;0;7;0;0;0;3;15;B01
201100002810;0;7;0;0;0;6;2;C01
201100002810;0;7;0;0;2;1;1;A01
201100002810;0;7;0;0;2;4;2;B01
201100002811;0;30;0;0;0;1;1;A01
201100002812;0;7;0;8;0;2;13;A01
201100002813;0;32;0;0;2;9;0;B01
201100002813;0;7;0;0;2;1;5;A01
201100002814;0;7;0;0;0;0;16;A01
201100002814;0;33;0;0;2;0;14;B01
201100002815;0;30;0;0;0;8;0;A01
201100002816;0;7;0;0;2;1;1;A01
201100002816;0;7;0;0;2;4;23;B01
201100002816;0;7;0;0;2;4;23;C01
201100002816;0;7;0;0;2;4;23;D01
201100002817;0;7;0;0;2;3;1;B01
201100002817;0;7;0;15;2;3;15;A01
201100002818;0;7;0;0;0;5;1;B01
201100002818;0;7;0;0;2;1;1;A01
201100002819;0;7;0;0;2;7;5;B01
201100002819;0;7;0;0;2;1;1;C01
201100002819;0;7;0;0;2;7;0;A01
201100002820;0;30;0;0;2;4;2;B01
201100002820;0;7;0;0;2;4;2;C01
201100002820;1;7;0;0;2;1;2;A01
201100002821;0;7;0;0;0;3;0;B01
201100002821;0;30;0;0;2;7;0;A01
201100002822;0;7;0;0;1;1;0;A01
201100002823;0;7;0;0;2;3;5;B01
201100002823;0;7;0;0;0;3;5;A01
201100002824;0;33;0;0;2;1;1;B01
201100002824;0;7;0;0;2;8;15;A01
201100002825;0;7;0;0;2;1;15;A01
201100002825;0;7;0;0;2;3;1;B01
201100002826;0;7;0;15;2;3;1;B01
201100002826;0;7;0;0;2;1;15;A01
201100002827;0;7;0;0;2;3;1;A01
201100002827;0;2;0;0;2;1;1;B01
201100002828;0;7;0;0;2;6;23;B01
201100002828;0;7;0;0;0;4;23;E01
201100002828;0;7;0;0;2;1;1;C01
201100002828;0;7;0;0;2;4;2;D01
201100002828;0;7;0;0;2;1;13;A01
201100002829;0;7;0;0;2;3;1;B01
201100002829;0;7;0;0;2;3;23;C01
201100002829;0;7;0;0;2;6;0;A01
201100002830;0;7;0;0;2;8;13;A01
201100002830;0;7;0;0;2;3;1;B01
201100002830;0;7;0;0;2;6;1;C01
201100002831;0;7;0;0;2;2;15;A01
201100002831;0;1;0;0;2;1;1;B01
201100002832;0;7;0;0;1;1;1;A01
201100002833;0;7;0;0;2;1;1;B01
201100002833;0;7;0;0;2;3;9;A01
201100002834;0;7;0;0;1;1;15;A01
201100002835;0;7;0;0;2;8;24;A01
201100002835;0;1;0;1;0;1;1;B01
201100002836;0;30;0;0;2;1;1;A01
201100002836;0;1;0;0;2;8;19;B01
201100002837;0;7;0;0;2;4;2;B01
201100002837;0;7;0;0;2;1;2;A01
201100002838;0;1;0;0;0;5;0;B01
201100002838;0;7;0;0;9;1;0;A01
201100002839;0;7;0;1;2;1;1;B01
201100002839;0;32;0;1;2;0;9;A01
201100002840;0;7;0;0;1;2;1;A01
201100002841;0;2;0;0;2;1;2;A01
201100002841;0;1;0;0;2;4;2;B01
201100002842;0;7;0;0;2;8;15;A01
201100002842;0;14;0;0;2;1;1;B01
201100002843;0;7;0;13;2;6;13;A01
201100002843;0;7;0;0;2;3;1;B01
201100002844;0;7;0;0;2;5;1;B01
201100002844;0;3;0;0;2;4;1;A01
201100002844;0;7;0;0;0;0;2;C01
201100002845;0;7;0;0;1;1;1;A01
201100002846;0;7;0;0;2;4;2;B01
201100002846;0;7;0;0;2;1;2;A01
201100002847;0;2;0;0;2;7;1;B01
201100002847;0;7;0;0;1;6;1;A01
201100002848;0;7;0;0;2;3;9;A01
201100002848;0;32;0;0;2;7;0;B01
201100002849;1;7;0;0;1;2;1;Z01
201100002850;0;7;0;0;1;0;1;A01
201100002851;0;7;0;0;2;3;9;A01
201100002851;0;7;0;0;2;2;1;B01
201100002852;1;7;0;0;1;1;1;Z01
201100002853;0;7;0;0;2;1;2;A01
201100002853;0;7;0;0;2;4;2;B01
201100002854;0;7;0;0;2;1;0;B01
201100002854;0;38;0;0;2;1;1;A01
201100002855;0;7;0;0;1;1;0;A01
201100002856;0;7;0;15;0;8;14;A01
201100002857;0;7;0;0;1;3;15;A01
201100002858;0;7;0;0;1;1;1;A01
201100002859;1;7;0;0;0;0;0;Z01
201100002859;0;30;0;0;2;4;0;B01
201100002860;0;7;0;0;2;5;15;A01
201100002860;0;7;0;0;2;1;1;B02
201100002861;0;7;0;2;0;7;14;A01
201100002862;0;33;0;13;0;1;14;A01
201100002863;0;3;0;0;1;3;1;A01
201100002864;0;7;0;0;2;3;15;B02
201100002864;0;33;0;0;2;1;17;A01
201100002865;0;35;0;0;2;1;13;A01
201100002865;0;7;0;0;2;1;1;B02
201100002866;0;15;0;0;2;2;13;B02
201100002866;0;7;0;0;2;3;13;A01
201100002867;0;7;0;2;0;1;1;A01
201100002868;0;7;0;0;1;1;21;B02
201100002868;0;7;0;0;0;4;23;A01
201100002869;0;7;0;0;0;4;16;A01
201100002869;0;7;0;0;2;1;1;B02
201100002870;0;10;0;0;2;1;1;B02
201100002870;0;7;0;0;2;1;13;A01
201100002871;0;33;0;0;2;1;13;A01
201100002871;0;7;0;0;2;1;1;B02
201100002872;0;7;0;0;2;3;2;A01
201100002872;0;13;0;0;2;5;15;B02
201100002873;0;7;0;0;2;2;19;A01
201100002873;0;7;0;0;2;3;1;B02
201100002874;0;7;0;0;2;9;17;A01
201100002874;0;7;0;0;2;2;1;C03
201100002874;0;7;0;0;2;8;1;B02
201100002875;0;30;0;16;0;0;14;A01
201100002876;0;1;0;0;2;1;1;A01
201100002876;0;7;0;0;2;7;1;B02
201100002877;0;7;0;0;2;1;1;A01
201100002877;0;1;0;0;2;3;15;B02
201100002877;0;1;0;0;2;3;15;C03
201100002878;0;99;0;0;2;1;1;B02
201100002878;0;7;0;0;2;1;13;A01
201100002879;0;7;0;0;1;1;1;A01
201100002880;0;7;0;0;2;3;1;A01
201100002880;0;7;0;0;2;1;15;B02
201100002881;0;10;0;0;2;1;1;A01
201100002881;0;7;0;0;2;8;19;B02
201100002882;0;7;0;0;2;1;2;A01
201100002882;0;7;0;0;2;4;2;B02
201100002883;0;7;0;0;2;1;15;A01
201100002883;0;7;0;0;2;1;1;B02
201100002884;0;7;0;0;5;1;1;A01
201100002884;0;7;0;0;5;1;1;B02
201100002885;0;2;0;2;0;1;14;A01
201100002886;0;14;0;1;0;4;0;A01
201100002886;0;10;0;1;0;3;0;B02
201100002887;0;7;0;0;9;1;9;A01
201100002887;0;2;0;0;2;4;1;B02
201100002888;0;10;0;0;0;1;1;B02
201100002888;0;7;0;0;2;2;15;A01
201100002889;0;7;0;0;2;1;1;B02
201100002889;0;7;0;0;2;6;1;C03
201100002889;0;7;0;0;2;3;13;A01
201100002890;0;32;0;0;2;1;1;B02
201100002890;0;7;0;0;2;3;19;A01
201100002891;0;31;0;0;2;1;13;A01
201100002891;0;7;0;0;2;3;1;B02
201100002892;0;7;0;2;0;7;14;A01
201100002893;0;1;0;0;2;1;1;B02
201100002893;0;7;0;0;2;5;19;A01
201100002894;0;33;0;0;2;1;1;B02
201100002894;0;7;0;0;2;3;13;A01
201100002895;0;17;0;0;2;3;19;B02
201100002895;0;2;0;0;2;1;1;A01
201100002896;0;7;0;0;2;3;1;B02
201100002896;0;7;0;0;2;3;13;A01
201100002897;0;1;0;0;2;1;19;A01
201100002897;0;7;0;0;2;2;1;B02
201100002898;0;7;0;0;2;3;15;B02
201100002898;0;7;0;0;2;2;17;A01
201100002899;0;15;0;0;2;6;1;A01
201100002899;0;10;0;0;2;3;1;B02
201100002900;0;7;0;0;2;2;23;A01
201100002900;0;7;0;1;0;2;1;B02
201100002901;0;10;0;0;2;1;19;A01
201100002901;0;7;0;13;2;5;1;B02
201100002902;0;7;0;0;2;3;1;B02
201100002902;0;7;0;0;2;3;13;A01
201100002903;0;7;0;0;2;1;13;A01
201100002903;0;7;0;0;2;2;23;C03
201100002903;0;7;0;0;2;1;1;B02
201100002904;0;33;0;13;0;2;14;A01
201100002905;0;7;0;13;0;1;1;A01
201100002906;0;10;0;2;0;1;14;A01
201100002907;0;7;0;0;1;2;1;A01
201100002908;0;15;0;0;2;3;1;B02
201100002908;0;10;0;0;2;3;13;A01
201100002909;0;21;0;0;2;5;1;B02
201100002909;0;7;0;0;2;1;1;A01
201100002910;0;10;0;6;0;1;14;A01
201100002911;0;36;0;10;0;0;14;A01
201100002912;0;7;0;0;0;2;1;A01
201100002912;0;7;0;0;0;1;19;B02
201100002913;0;7;0;0;2;1;13;A01
201100002913;0;7;0;0;2;8;1;B02
201100002914;0;7;0;0;2;0;10;A01
201100002914;0;7;0;0;2;2;1;B02
201100002915;0;7;0;0;0;9;14;A01
201100002916;0;33;0;0;2;8;13;A01
201100002916;0;7;0;0;2;8;15;B02
201100002917;0;30;0;0;1;1;1;A01
201100002918;0;7;0;0;2;1;13;B02
201100002918;0;10;0;0;2;1;1;A01
201100002918;0;7;0;0;2;1;1;C03
201100002919;0;7;0;0;2;7;1;B02
201100002920;0;32;0;16;0;1;14;A01
201100002921;0;7;0;0;2;3;1;B02
201100002921;0;7;0;0;2;3;1;A01
201100002922;0;7;0;2;0;7;1;A01
201100002923;0;7;0;0;2;7;19;A01
201100002923;0;10;0;0;2;1;1;B02
201100002924;0;21;0;0;2;1;15;A01
201100002924;0;2;0;0;2;1;1;B02
201100002925;0;7;0;0;2;3;13;A01
201100002925;0;15;0;0;2;3;1;B02
201100002926;0;10;0;2;0;3;13;A01
201100002927;0;7;0;0;2;2;1;A01
201100002927;0;7;0;0;2;8;15;B02
201100002928;0;7;0;0;2;1;1;A01
201100002928;0;7;0;0;2;3;19;B02
201100002929;0;17;0;0;2;8;1;B02
201100002929;0;31;0;0;2;1;1;A01
201100002930;0;33;0;0;2;1;2;B02
201100002930;0;7;0;0;2;3;15;A01
201100002931;0;7;0;2;0;1;13;A01
201100002932;0;7;0;0;2;3;1;A01
201100002932;0;10;0;0;2;3;5;B02
201100002933;0;7;0;14;0;1;14;A01
201100002934;0;38;0;0;2;3;1;C03
201100002934;0;7;0;0;2;1;1;A01
201100002934;0;7;0;0;2;0;1;B02
201100002935;0;7;0;0;2;3;1;A01
201100002935;1;7;0;0;2;2;2;B02
201100002936;0;7;0;8;0;2;14;A01
201100002937;0;7;0;2;6;1;14;A01
201100002938;0;10;0;0;2;9;13;B02
201100002938;0;7;0;0;2;1;1;C03
201100002938;0;14;0;0;2;1;1;A01
201100002939;0;33;0;0;2;1;1;A01
201100002939;0;33;0;0;2;1;1;B02
201100002940;0;10;0;16;0;0;1;A01
201100002941;0;33;0;0;2;1;1;B02
201100002941;0;7;0;0;2;8;15;A01
201100002942;0;10;0;2;0;3;13;A01
201100002943;0;7;0;0;2;1;1;A01
201100002943;0;7;0;0;2;1;13;B02
201100002944;0;7;0;0;2;1;13;A01
201100002944;0;7;0;0;2;1;1;B02
201100002945;0;7;0;0;2;3;15;A01
201100002945;0;30;0;0;2;8;1;B02
201100002946;0;2;0;0;2;1;1;B02
201100002946;0;7;0;0;2;1;1;A01
201100002947;0;7;0;0;0;2;1;A01
201100002947;0;7;0;0;0;3;1;B02
201100002948;0;7;0;2;0;1;1;A01
201100002949;0;7;0;0;2;1;1;A01
201100002949;0;21;0;0;2;1;15;B02
201100002950;0;7;0;0;2;2;1;B02
201100002950;2;7;0;0;2;3;15;A01
201100002951;0;7;0;0;2;6;15;A01
201100002951;0;7;0;0;2;1;1;B02
201100002952;0;7;0;0;2;2;17;A01
201100002952;0;2;0;0;2;4;1;B02
201100002953;0;33;0;0;0;1;6;A01
201100002954;0;7;0;15;1;6;9;A01
201100002954;0;7;0;0;2;2;1;B02
201100002955;0;7;0;13;0;1;13;A01
201100002956;0;7;0;0;0;2;17;A01
201100002956;0;7;0;0;0;8;15;B02
201100002957;0;33;0;16;0;1;13;A01
201100002958;0;31;0;0;0;8;1;A01
201100002959;0;7;0;0;2;3;1;A01
201100002959;0;7;0;0;2;3;13;B02
201100002960;0;10;0;0;2;3;1;A01
201100002960;0;7;0;0;2;8;19;B02
201100002961;0;7;0;0;2;1;1;A01
201100002961;0;7;0;0;2;8;19;B02
201100002962;0;7;0;0;2;1;1;A01
201100002962;0;7;0;0;2;7;19;B02
201100002963;0;7;0;2;0;1;13;A01
201100002964;0;7;0;0;1;3;1;A01
201100002965;0;7;0;0;2;3;19;A01
201100002965;0;7;0;0;2;3;1;B02
201100002966;0;7;0;2;0;1;13;A01
201100002967;0;7;0;0;2;8;15;B02
201100002967;0;7;0;0;2;1;1;A01
201100002968;0;7;0;0;2;1;19;B02
201100002968;0;7;0;0;2;7;1;A01
201100002969;0;33;0;0;0;9;13;A01
201100002970;0;33;0;0;2;1;1;B02
201100002970;0;10;0;0;2;7;15;A01
201100002971;0;7;0;0;0;9;1;A01
201100002972;0;30;0;0;2;6;21;B02
201100002972;1;7;0;;;;;A01
201100002973;0;30;0;0;2;2;15;C03
201100002973;0;7;0;0;2;3;1;B02
201100002973;0;7;0;0;2;1;1;A01
201100002974;0;7;0;0;2;1;17;B02
201100002974;0;21;0;0;2;4;15;A01
201100002975;0;7;0;0;2;3;13;A01
201100002975;0;7;0;0;2;8;21;B02
201100002975;0;7;0;0;2;1;1;C03
201100002976;0;7;0;8;0;9;13;A01
201100002977;0;10;0;12;0;1;13;A01
201100002978;0;30;0;2;0;1;1;B02
201100002978;0;30;0;2;0;1;1;A01
201100002979;0;10;0;13;0;2;1;A01
201100002980;0;7;0;0;2;3;15;B02
201100002980;0;33;0;0;2;1;17;A01
201100002981;0;30;0;0;2;8;2;B02
201100002981;0;7;0;0;2;5;2;A01
201100002982;0;7;0;6;0;2;1;A01
201100002983;0;1;0;0;2;4;1;C03
201100002983;0;1;0;0;2;4;1;B02
201100002983;0;7;0;;2;1;1;A01
201100002984;0;1;0;0;2;1;19;A01
201100002984;0;7;0;0;9;7;1;B02
201100002985;0;30;0;2;0;0;1;A01
201100002986;0;2;0;0;0;3;13;A01
201100002986;0;7;0;0;0;3;1;B02
201100002987;0;7;0;0;2;3;1;B02
201100002987;0;7;0;0;2;1;13;A01
201100002988;0;7;0;10;0;1;1;A01
201100002989;0;31;0;2;0;1;15;A01
201100002990;0;33;0;0;1;2;5;A01
201100002991;0;7;0;0;0;9;1;A01
201100002992;0;33;0;0;2;1;1;B02
201100002992;0;7;0;0;2;3;15;A01
201100002993;0;7;0;0;0;8;16;B02
201100002993;0;2;0;0;2;1;1;A01
201100002994;0;3;0;0;2;8;15;B02
201100002994;0;33;0;0;2;1;17;A01
201100002995;0;7;0;0;9;1;17;A01
201100002996;0;7;0;0;2;2;15;A01
201100002996;0;31;0;0;2;1;1;B02
201100002997;0;30;0;0;2;3;1;A01
201100002997;0;7;0;0;2;3;1;B02
201100002998;0;7;0;0;0;1;14;A01
201100002999;0;34;0;0;2;1;1;C03
201100002999;0;33;0;0;2;8;1;B02
201100002999;0;7;0;0;2;4;15;A01
201100003000;0;17;0;0;2;3;1;B02
201100003000;0;10;0;0;2;1;1;A01
201100003001;2;7;0;11;2;1;6;A01
201100003001;0;7;0;0;2;3;1;B02
201100003002;0;10;0;0;2;2;1;A01
201100003002;0;1;0;0;2;3;1;B02
201100003003;0;33;0;;2;3;1;B01
201100003003;0;7;0;;2;2;1;A01
201100003004;0;14;0;0;2;8;19;A01
201100003004;0;14;0;0;2;1;1;B02
201100003005;0;30;0;14;0;0;1;A01
201100003006;0;7;0;8;0;8;0;A01
201100003007;0;33;0;0;9;1;1;B02
201100003007;0;21;0;0;2;3;15;A01
201100003008;0;7;0;13;0;8;1;A01
201100003009;0;15;0;0;2;6;21;B02
201100003009;0;7;0;0;2;3;5;A01
201100003010;0;7;0;0;2;8;1;B02
201100003010;0;7;0;0;2;3;13;A01
201100003011;0;7;0;0;2;8;1;B02
201100003011;0;7;0;0;2;3;1;C03
201100003011;0;10;0;0;2;3;13;A01
201100003012;0;7;0;0;2;1;0;B02
201100003012;0;7;0;0;2;1;13;A01
201100003013;0;10;0;0;0;2;1;A01
201100003013;0;30;0;0;0;6;16;B02
201100003014;0;10;0;1;0;2;14;A01
201100003015;0;7;0;0;2;3;13;A01
201100003015;0;7;0;0;2;3;1;B02
201100003016;0;2;0;0;2;1;13;A01
201100003016;0;7;0;0;2;1;1;B02
201100003017;0;3;0;8;0;1;13;A01
201100003018;0;30;0;0;2;1;1;B02
201100003018;0;7;0;0;2;2;17;A01
201100003019;0;7;0;1;0;1;1;A01
201100003020;0;38;16;0;1;5;20;A01
201100003021;0;1;0;0;2;8;1;B02
201100003021;0;7;0;0;0;2;1;A01
201100003022;0;30;0;0;1;7;1;A01
201100003023;0;33;0;3;0;1;1;A01
201100003024;0;7;0;0;9;1;1;A01
201100003024;0;1;0;0;2;4;1;B02
201100003025;0;7;0;0;2;1;1;B02
201100003025;0;7;0;0;0;7;19;A01
201100003026;0;7;0;0;2;2;1;A01
201100003027;0;33;0;0;2;1;17;A01
201100003027;0;7;0;0;2;3;15;B02
201100003028;0;99;0;0;2;2;1;A01
201100003028;0;7;0;0;2;8;15;B02
201100003029;0;7;0;0;2;2;1;A01
201100003029;0;1;0;0;2;7;19;B02
201100003030;0;2;0;0;0;3;9;B02
201100003030;0;7;0;0;2;2;1;A01
201100003031;0;7;0;0;2;1;1;A01
201100003031;0;1;0;0;2;8;15;B02
201100003032;0;10;0;0;2;1;1;B02
201100003032;0;38;1;0;2;8;19;A01
201100003033;0;7;0;0;2;2;11;A01
201100003033;0;7;0;0;2;3;1;B02
201100003034;0;33;0;0;2;1;1;B02
201100003034;0;7;0;0;2;7;13;A01
201100003035;0;1;0;0;0;0;1;A01
201100003036;0;10;0;0;2;3;9;A01
201100003036;0;7;0;13;2;8;1;B02
201100003037;0;2;0;0;2;1;1;B02
201100003037;0;7;0;0;2;2;10;A01
201100003038;0;7;0;0;2;3;13;A01
201100003038;0;33;0;0;2;1;1;B02
201100003039;0;33;0;0;2;1;1;B02
201100003039;0;7;0;0;2;5;15;A01
201100003040;0;7;0;0;2;4;23;B02
201100003040;0;30;0;0;2;1;2;A01
201100003041;0;7;0;0;1;3;1;A01
201100003042;0;7;0;16;0;2;1;A01
201100003043;0;7;0;0;2;3;1;B02
201100003043;0;7;0;0;2;3;1;A01
201100003044;0;33;0;0;2;1;1;B02
201100003044;0;7;0;0;2;8;19;A01
201100003045;0;7;0;0;1;3;1;A01
201100003046;0;7;0;8;0;2;1;A01
201100003047;0;7;0;0;0;6;19;B02
201100003047;0;33;0;0;2;1;1;A01
201100003048;0;15;0;0;2;4;1;A01
201100003048;0;7;0;0;2;3;1;B02
201100003048;0;7;0;0;2;3;1;C03
201100003049;0;7;0;0;2;3;1;B02
201100003049;0;7;0;0;2;3;13;A01
201100003049;0;7;0;0;2;1;1;C03
201100003050;0;7;0;0;2;3;17;A01
201100003050;0;10;0;0;2;3;1;C03
201100003050;0;7;0;0;2;1;1;D04
201100003050;0;7;0;0;2;6;1;B02