num_acc;senc;catv;occutc;obs;obsm;choc;manv;num_veh
201100003423;0;2;0;0;2;1;1;C03
201100003424;0;7;0;0;2;7;19;A01
201100003424;0;17;0;0;2;1;1;B02
201100003425;0;7;0;0;2;7;19;A01
201100003425;0;33;0;0;2;1;1;B02
201100003426;0;33;0;16;0;1;13;A01
201100003427;0;7;0;14;0;1;1;A01
201100003428;0;14;0;1;0;0;0;A01
201100003428;0;20;0;0;2;1;24;B02
201100003429;0;7;0;8;0;2;1;A01
201100003430;0;14;0;0;2;1;1;A01
201100003430;0;7;0;0;2;4;15;B02
201100003430;0;14;0;0;2;8;1;C03
201100003431;0;7;0;14;0;3;1;A01
201100003432;0;7;0;13;0;1;13;A01
201100003433;0;10;0;0;2;3;15;A01
201100003433;0;2;0;0;2;1;1;B02
201100003434;0;7;0;0;2;3;19;A01
201100003434;0;7;0;0;2;1;1;B02
201100003435;0;7;0;0;2;1;13;A01
201100003435;0;1;0;0;2;1;1;B02
201100003436;0;7;0;0;2;3;13;A01
201100003436;0;7;0;0;2;3;1;B02
201100003437;0;7;0;0;1;1;1;A01
201100003438;0;1;0;1;0;1;1;A01
201100003439;0;7;0;0;2;1;13;A01
201100003439;0;7;0;0;2;1;1;B02
201100003440;0;7;0;0;2;4;23;A01
201100003440;0;7;0;0;2;4;23;B02
201100003440;0;7;0;0;2;4;23;C03
201100003440;0;7;0;0;2;1;1;D04
201100003441;0;33;0;0;2;1;1;A01
201100003441;0;7;0;0;2;8;10;B02
201100003442;0;7;0;0;2;2;15;A01
201100003442;0;33;0;8;2;1;1;B02
201100003443;0;7;0;13;0;2;1;A01
201100003444;0;7;0;0;2;2;15;A01
201100003444;0;7;0;0;2;1;1;B02
201100003445;0;33;0;12;0;1;1;A01
201100003446;0;7;0;0;2;3;1;A01
201100003446;0;7;0;0;2;2;15;B02
201100003447;0;7;0;12;2;3;19;A01
201100003447;0;7;0;0;2;2;1;B02
201100003448;0;7;0;0;2;1;2;A01
201100003448;0;17;0;0;0;4;2;B02
201100003449;0;15;0;0;2;2;13;A01
201100003449;0;7;0;0;2;1;1;B02
201100003450;0;33;0;0;0;8;15;A01
201100003451;0;7;0;6;0;1;0;A01
201100003452;0;7;0;3;0;3;13;A01
201100003453;0;7;0;13;0;6;0;A01
201100003454;0;33;0;0;0;8;16;A01
201100003455;0;7;0;0;2;3;13;A01
201100003455;0;7;0;0;2;1;1;B02
201100003456;0;7;0;1;1;2;1;A01
201100003457;0;21;0;0;2;1;15;A01
201100003457;0;33;0;0;2;7;1;B02
201100003458;0;7;0;0;2;3;15;A01
201100003458;0;30;0;0;2;8;1;B02
201100003459;0;7;0;0;1;4;20;A01
201100003460;0;7;0;8;0;2;1;A01
201100003461;0;10;0;0;1;6;20;A01
201100003462;0;10;0;13;0;2;1;A01
201100003463;0;10;0;6;2;1;1;A01
201100003463;0;1;0;0;2;1;0;B02
201100003463;0;1;0;0;2;1;1;C03
201100003464;0;7;0;0;2;8;19;A01
201100003464;0;7;0;0;2;1;1;B02
201100003465;0;7;0;0;2;3;1;A01
201100003465;0;7;0;0;2;5;2;B02
201100003465;0;7;0;0;2;1;1;C03
201100003466;0;7;0;0;0;3;13;A01
201100003467;0;33;0;0;2;1;17;A01
201100003467;0;21;0;0;2;3;15;B02
201100003468;0;2;0;16;0;1;21;A01
201100003469;0;7;0;0;2;3;15;A01
201100003469;0;31;0;0;2;1;1;B02
201100003470;0;10;0;13;0;3;1;A01
201100003471;0;7;0;13;0;0;0;A01
201100003472;0;7;0;0;1;3;2;A01
201100003473;0;7;0;0;2;1;17;A01
201100003473;0;7;0;0;2;8;15;B02
201100003474;0;33;0;0;0;1;2;A01
201100003475;0;7;0;0;0;0;10;A01
201100003475;0;33;0;9;0;1;2;B02
201100003476;0;7;0;0;1;2;1;A01
201100003477;0;7;0;0;2;3;1;A01
201100003477;0;30;0;0;2;1;1;B02
201100003478;0;33;0;0;2;1;17;A01
201100003478;0;7;0;0;2;6;15;B02
201100003479;0;7;0;0;2;7;15;A01
201100003479;0;33;0;0;2;1;1;B02
201100003480;0;7;0;0;2;7;15;A01
201100003480;0;33;0;0;2;1;1;B02
201100003481;0;7;0;0;9;1;1;A01
201100003481;0;1;0;0;2;8;15;B02
201100003482;0;7;0;0;2;3;1;A01
201100003482;0;7;0;0;2;1;1;B02
201100003483;0;7;0;2;0;2;13;A01
201100003484;0;33;0;0;2;1;17;A01
201100003484;0;10;0;0;2;8;15;B02
201100003485;0;10;0;0;2;1;1;B02
201100003485;0;10;0;0;2;2;13;A01
201100003486;0;14;0;8;0;1;1;A01
201100003487;0;30;0;0;2;1;1;B02
201100003487;0;7;0;0;2;2;19;A01
201100003488;0;7;0;3;0;1;0;A01
201100003489;0;7;0;13;0;1;1;A01
201100003490;0;10;0;0;2;3;13;A01
201100003490;0;10;0;0;2;3;1;B02
201100003491;0;7;0;0;2;3;0;A01
201100003491;0;33;0;0;2;9;0;B02
201100003492;0;7;0;0;2;1;1;B02
201100003492;0;7;0;0;2;2;1;A01
201100003493;0;30;0;0;2;8;0;A01
201100003493;0;7;0;0;2;2;1;B02
201100003494;0;15;0;0;1;2;1;A01
201100003495;0;33;0;0;2;1;1;B02
201100003495;0;7;0;0;2;6;19;A01
201100003496;0;7;0;0;2;3;15;A01
201100003496;0;7;0;0;2;2;1;B02
201100003497;0;7;0;0;1;2;1;A01
201100003498;0;7;0;16;0;9;1;A01
201100003499;0;30;0;0;0;3;1;A01
201100003500;0;7;0;0;1;2;1;A01
201100003501;0;7;0;6;0;1;1;A01
201100003502;0;33;0;0;2;1;13;A01
201100003502;0;7;0;0;2;2;1;B02
201100003503;0;33;0;0;2;3;13;B02
201100003503;0;10;0;0;2;3;0;A01
201100003504;0;7;0;8;0;1;0;A01
201100003505;0;7;0;0;2;2;2;A01
201100003505;0;7;0;0;0;6;2;B02
201100003506;0;31;0;0;0;0;0;A01
201100003507;0;7;0;2;0;3;15;A01
201100003508;0;1;0;0;2;4;2;B02
201100003508;0;10;0;0;2;2;2;A01
201100003509;0;30;0;0;2;8;2;A01
201100003509;0;31;0;0;2;7;2;B02
201100003510;0;7;0;0;1;1;1;A01
201100003511;0;7;0;0;2;3;13;A01
201100003511;0;7;0;0;2;8;1;B02
201100003512;0;7;0;5;0;2;1;A01
201100003513;0;33;0;13;0;3;1;A01
201100003514;0;7;0;13;0;3;1;A01
201100003515;0;10;0;0;2;8;1;B02
201100003515;0;33;0;0;2;8;13;A01
201100003516;0;7;0;0;2;3;20;B02
201100003516;0;30;0;0;2;1;1;A01
201100003517;0;33;0;13;0;1;13;A01
201100003518;0;2;0;15;0;1;1;A01
201100003519;0;33;0;0;0;1;1;A01
201100003520;0;7;0;0;2;1;13;A01
201100003520;0;10;0;0;2;1;1;B02
201100003521;0;10;0;0;0;0;15;A01
201100003521;0;7;0;0;2;1;13;B02
201100003521;0;10;0;0;0;4;1;C03
201100003521;0;7;0;0;0;1;1;D04
201100003522;0;7;0;13;0;9;1;A01
201100003523;0;7;0;0;2;1;1;A01
201100003523;0;7;0;0;2;3;16;B02
201100003524;0;7;0;0;1;2;1;A01
201100003525;0;31;0;0;0;1;1;A01
201100003526;0;7;0;0;2;1;1;A01
201100003526;0;7;0;0;2;7;19;B02
201100003527;0;2;0;0;2;2;17;B02
201100003527;0;7;0;0;2;3;15;A01
201100003528;0;37;1;0;2;1;15;A01
201100003528;0;7;0;0;2;1;1;B02
201100003529;0;7;0;8;0;9;1;A01
201100003530;0;7;0;13;0;3;13;A01
201100003531;0;7;0;2;0;2;1;A01
201100003532;0;7;0;13;0;2;14;A01
201100003533;0;7;0;2;0;1;1;A01
201100003534;0;7;0;0;2;7;1;A01
201100003534;0;7;0;0;2;1;1;B02
201100003535;0;7;0;0;2;3;19;A01
201100003535;0;31;0;0;2;1;1;B02
201100003536;0;1;0;0;0;4;2;B02
201100003536;0;7;0;0;2;2;2;A01
201100003537;0;30;0;0;0;7;1;A01
201100003538;0;7;0;0;2;2;1;A01
201100003538;0;30;0;0;2;1;19;B02
201100003539;0;7;0;0;0;3;9;A01
201100003539;0;30;0;0;0;1;1;B02
201100003540;0;7;0;0;2;2;1;A01
201100003540;0;7;0;0;2;3;15;B02
201100003541;0;7;0;0;0;2;9;A01
201100003541;0;2;0;0;2;2;1;B02
201100003542;0;7;0;0;2;1;1;B02
201100003542;0;7;0;0;2;1;15;A01
201100003543;0;7;0;0;2;3;2;A01
201100003543;0;7;0;0;2;5;0;B02
201100003544;0;7;0;13;0;1;14;A01
201100003545;0;7;0;0;2;1;1;B02
201100003545;0;7;0;0;2;7;1;A01
201100003546;0;7;0;13;0;1;13;A01
201100003547;0;7;0;13;0;1;1;A01
201100003548;0;7;0;0;2;3;13;A01
201100003548;0;15;0;0;2;3;1;B02
201100003549;0;7;0;0;0;1;0;B02
201100003549;0;33;0;0;2;0;0;A01
201100003550;0;7;0;0;2;2;9;A01
201100003550;0;31;0;0;2;3;1;B02
201100003551;0;7;0;0;1;1;1;A01
201100003552;0;7;0;0;1;4;4;A01
201100003553;0;7;0;0;2;1;1;A01
201100003553;0;7;0;0;2;1;1;B02
201100003554;0;7;0;0;1;0;1;A01
201100003555;0;7;0;0;0;2;1;A01
201100003556;0;33;0;0;2;1;2;A01
201100003556;0;7;0;0;2;6;2;B02
201100003557;0;21;0;0;0;8;15;A01
201100003557;0;7;0;0;2;1;17;B02
201100003558;0;7;0;0;1;6;4;A01
201100003559;0;7;0;0;6;3;17;A01
201100003560;0;7;0;13;0;2;1;A01
201100003561;0;7;0;0;0;4;24;B02
201100003561;0;30;0;1;0;1;1;A01
201100003562;0;7;0;2;0;7;1;A01
201100003563;0;7;0;0;9;1;14;A01
201100003563;0;1;0;0;0;4;0;B02
201100003564;0;7;0;8;0;8;11;A01
201100003565;0;7;0;0;2;1;1;B02
201100003565;0;7;0;0;2;1;13;A01
201100003566;0;7;0;0;2;7;1;A01
201100003566;0;1;0;0;0;8;1;B02
201100003567;0;7;0;0;0;2;15;A01
201100003567;0;31;0;0;0;1;1;B02
201100003568;0;7;0;13;0;2;1;A01
201100003569;0;7;0;0;2;1;1;B02
201100003569;0;7;0;0;2;1;1;A01
201100003570;0;7;0;0;1;2;1;A01
201100003571;0;10;0;0;2;3;1;B02
201100003571;0;7;0;0;2;1;13;A01
201100003572;0;7;0;0;2;2;17;B02
201100003572;0;1;0;0;2;1;5;A01
201100003573;0;7;0;0;2;3;19;B02
201100003573;0;15;0;0;2;2;21;A01
201100003574;0;7;0;13;0;1;14;A01
201100003575;0;7;0;;2;3;1;B01
201100003575;0;7;0;0;2;2;;A01
201100003576;0;33;0;0;2;1;17;A01
201100003576;0;21;0;0;2;6;15;B02
201100003577;0;7;0;6;0;1;14;A01
201100003578;0;17;0;0;2;3;1;B02
201100003578;0;7;0;0;2;3;17;A01
201100003579;0;33;0;0;2;1;1;A01
201100003579;0;7;0;0;2;6;15;B02
201100003580;0;33;0;0;2;1;1;A01
201100003580;0;10;0;0;2;2;15;B02
201100003581;1;7;0;0;0;2;2;A01
201100003581;0;1;0;0;0;4;2;B02
201100003582;0;15;0;0;2;1;1;A01
201100003582;0;7;0;0;2;7;19;C02
201100003583;0;10;0;16;0;9;1;A01
201100003584;0;7;0;0;2;1;1;A01
201100003584;0;7;0;0;2;7;1;B02
201100003585;0;7;0;13;0;3;0;A01
201100003586;0;30;0;0;1;1;0;A01
201100003587;0;2;0;0;2;1;13;A01
201100003587;0;7;0;0;2;3;1;B02
201100003588;0;7;0;0;0;7;14;A01
201100003589;0;2;0;1;2;8;21;A01
201100003589;0;7;0;0;2;2;15;B02
201100003590;0;33;0;0;0;0;1;A01
201100003591;0;7;0;0;9;1;15;A01
201100003591;0;1;0;0;2;1;1;B02
201100003592;0;7;0;0;2;3;1;B02
201100003592;0;7;0;0;2;1;15;A01
201100003593;0;7;0;0;0;3;16;A01
201100003594;0;33;0;13;0;8;1;A01
201100003595;0;33;0;14;0;7;21;A01
201100003596;0;7;0;2;0;1;1;A01
201100003597;0;7;0;0;1;1;1;A01
201100003598;0;7;0;0;2;3;13;A01
201100003598;0;17;0;0;2;3;1;B02
201100003599;0;31;0;0;2;1;0;B01
201100003599;0;7;0;0;2;1;15;A01
201100003600;0;7;0;0;1;6;2;A01
201100003600;0;30;0;0;2;1;2;B01
201100003601;0;7;0;0;1;1;15;A01
201100003602;0;7;0;0;1;3;15;A01
201100003603;0;7;0;0;1;7;1;A01
201100003604;0;1;0;0;2;1;0;B01
201100003604;0;7;0;0;9;3;0;A01
201100003605;0;10;0;0;9;2;2;A01
201100003605;0;1;0;0;0;7;2;B01
201100003606;0;7;0;0;2;2;1;A01
201100003606;0;2;0;0;2;1;5;B01
201100003607;0;7;0;0;2;7;1;A01
201100003607;0;7;0;0;2;1;1;B01
201100003608;0;7;0;0;1;3;1;A01
201100003609;0;2;0;14;0;1;1;A01
201100003610;0;30;0;0;2;8;1;B01
201100003610;0;7;0;0;2;1;1;A01
201100003611;0;7;0;0;1;3;1;A01
201100003612;0;7;0;0;2;3;1;B01
201100003612;0;30;0;0;2;1;1;A01
201100003613;0;7;0;0;2;2;0;B01
201100003613;0;7;0;0;2;2;6;A01
201100003614;0;7;0;0;0;7;15;A01
201100003614;0;7;0;0;2;1;1;B01
201100003615;0;7;0;0;1;2;1;A01
201100003616;0;7;0;0;0;9;1;A01
201100003617;0;7;0;13;0;1;19;A01
201100003618;0;7;0;2;0;5;1;A01
201100003619;0;31;0;0;2;4;16;B02
201100003619;0;7;0;0;2;2;1;A01
201100003620;0;7;0;0;2;1;13;A01
201100003620;0;21;0;0;2;1;1;B02
201100003621;0;10;0;2;0;1;1;A01
201100003622;0;1;0;0;2;0;9;B02
201100003622;0;10;0;0;9;3;1;A01
201100003623;0;7;0;0;0;6;19;A01
201100003623;0;7;0;0;2;3;1;B02
201100003624;0;7;0;0;2;7;1;A01
201100003624;0;7;0;0;2;1;1;B02
201100003625;0;10;0;0;1;6;4;A01
201100003626;0;33;0;0;2;7;1;B02
201100003626;0;7;0;0;2;1;1;A01
201100003627;0;1;0;0;0;1;1;B02
201100003627;0;7;0;0;9;3;1;A01
201100003628;0;30;0;0;2;7;1;A01
201100003628;0;10;0;0;2;2;1;B02
201100003629;0;33;0;0;2;1;1;A01
201100003629;0;33;0;0;2;1;0;B02
201100003630;0;7;0;0;2;3;1;A01
201100003630;0;36;0;0;2;1;15;B02
201100003631;0;7;0;0;2;3;15;A01
201100003631;0;33;0;0;2;8;1;B02
201100003632;0;15;0;0;2;1;1;B02
201100003632;0;10;0;0;2;1;13;A01
201100003633;0;2;0;0;2;8;10;B02
201100003633;0;2;0;0;2;1;1;A01
201100003634;0;7;0;0;0;1;1;B02
201100003634;0;7;0;0;0;2;1;A01
201100003635;0;33;0;13;0;7;13;A01
201100003636;0;33;0;0;2;1;1;B02
201100003636;0;10;0;0;2;6;23;A01
201100003637;0;7;0;0;2;3;1;B02
201100003637;0;2;0;0;2;5;1;A01
201100003638;0;7;0;13;0;9;1;A01
201100003639;0;7;0;1;0;3;1;A01
201100003640;0;30;0;6;0;1;10;A01
201100003641;0;31;0;0;2;1;1;A01
201100003641;0;32;0;0;2;4;16;B02
201100003642;0;7;0;13;0;2;0;A01
201100003643;0;2;0;0;2;7;11;A01
201100003643;0;7;0;0;2;2;1;B02
201100003644;0;7;0;0;2;6;15;B02
201100003644;0;33;0;0;2;1;17;A01
201100003645;0;33;0;0;2;1;1;B02
201100003645;0;10;0;0;2;2;19;A01
201100003646;0;7;0;0;2;3;1;A01
201100003646;0;7;0;0;2;3;1;B02
201100003647;0;7;0;0;2;7;1;A01
201100003647;0;7;0;0;2;1;15;B02
201100003648;0;2;0;0;2;8;19;A01
201100003648;0;7;0;0;2;2;1;B02
201100003649;0;30;0;12;0;0;1;A01
201100003650;0;7;0;0;2;3;1;A01
201100003650;0;33;0;0;2;1;21;B02
201100003651;0;15;0;3;0;6;1;A01
201100003652;0;7;0;0;2;3;1;B02
201100003652;0;7;0;0;2;3;13;A01
201100003653;0;33;0;0;0;1;1;A01
201100003654;0;7;0;0;2;1;1;C03
201100003654;0;7;0;0;2;8;23;A01
201100003654;0;10;0;1;0;2;21;B02
201100003655;0;15;0;0;2;2;1;A01
201100003655;0;7;0;0;2;8;19;B02
201100003656;0;7;0;0;2;1;1;A01
201100003656;0;21;0;0;2;6;15;B02
201100003657;0;7;0;13;0;1;1;A01
201100003658;0;7;0;0;0;3;1;A01
201100003659;0;7;0;0;2;8;15;A01
201100003659;0;33;0;0;2;1;2;B02
201100003660;0;7;0;14;0;7;1;C03
201100003660;0;7;0;0;2;6;15;B02
201100003660;0;33;0;0;2;7;17;A01
201100003661;0;7;0;0;2;2;15;A01
201100003661;0;7;0;0;2;3;1;B02
201100003662;0;7;0;0;2;7;15;B02
201100003662;0;7;0;0;2;1;1;A01
201100003663;0;7;0;0;2;8;1;A01
201100003663;0;7;0;0;2;1;19;B02
201100003664;0;7;0;0;2;1;1;A01
201100003664;0;7;0;0;2;1;1;B02
201100003665;0;7;0;2;0;1;1;A01
201100003666;0;7;0;13;0;2;1;A01
201100003667;0;33;0;16;0;8;17;A01
201100003668;0;7;0;0;2;3;17;A01
201100003668;0;7;0;0;2;2;1;B02
201100003669;0;7;0;2;0;1;1;A01
201100003670;0;33;0;0;0;1;1;A01
201100003671;0;7;0;2;0;7;1;A01
201100003672;0;33;0;8;0;2;1;A01
201100003673;0;7;0;0;2;3;1;C03
201100003673;0;7;0;0;2;3;23;B02
201100003673;0;7;0;0;2;1;19;A01
201100003674;0;10;0;13;0;1;1;A01
201100003675;0;30;0;15;0;1;14;A01
201100003676;0;7;0;0;2;1;13;B02
201100003676;0;10;0;0;2;1;1;A01
201100003677;0;7;0;0;2;2;16;B02
201100003677;0;30;0;0;2;7;21;A01
201100003678;0;7;0;0;0;6;0;B02
201100003678;0;7;0;0;0;2;2;A01
201100003679;0;33;0;13;2;1;1;A01
201100003679;0;33;0;13;0;1;1;B02
201100003680;0;37;40;0;2;3;1;B02
201100003680;0;1;0;0;0;4;1;C03
201100003680;0;7;0;0;2;3;17;A01
201100003681;0;7;0;2;0;2;1;A01
201100003682;0;2;0;0;0;7;1;B02
201100003682;0;14;0;0;2;1;1;A01
201100003683;0;7;0;0;2;8;15;A01
201100003683;0;7;0;0;2;1;1;B02
201100003684;0;33;0;0;2;1;1;A01
201100003684;0;7;0;0;0;8;9;B02
201100003685;0;32;0;8;0;7;1;A01
201100003686;0;33;0;0;2;1;1;B02
201100003686;0;7;0;0;2;2;15;A01
201100003687;0;7;0;0;2;1;1;B02
201100003687;0;7;0;0;2;7;15;A01
201100003688;0;33;0;0;6;3;1;A01
201100003689;0;7;0;0;1;3;1;A01
201100003690;0;30;0;0;0;2;1;A01
201100003691;0;7;0;0;2;2;15;B02
201100003691;0;31;0;0;2;1;1;A01
201100003692;0;7;0;0;0;1;13;A01
201100003692;0;14;0;0;0;1;1;B02
201100003693;0;7;0;13;0;3;1;A01
201100003694;0;7;0;13;0;0;0;A01
201100003695;0;7;0;0;0;7;1;A01
201100003695;0;30;0;0;0;1;1;B02
201100003696;0;99;0;0;1;3;1;A01
201100003697;0;33;0;13;0;7;1;A01
201100003698;0;33;0;0;2;1;17;A01
201100003698;0;10;0;0;1;2;1;C03
201100003698;0;30;0;0;0;6;15;B02
201100003699;0;7;0;7;0;7;19;A01
201100003699;0;7;0;0;2;1;1;B02
201100003700;0;7;0;0;0;2;19;A01
201100003700;0;7;0;0;0;1;1;B02
201100003701;0;7;0;0;2;1;13;A01
201100003701;0;7;0;0;2;3;1;B02
201100003702;0;7;0;2;0;9;1;A01
201100003703;0;33;0;2;0;1;16;A01
201100003704;0;33;0;13;0;1;1;A01
201100003705;0;33;0;13;0;1;15;A01
201100003706;0;7;0;2;0;3;13;A01
201100003707;0;33;0;0;2;1;17;A01
201100003707;0;7;0;0;2;4;15;B02
201100003708;0;33;0;0;2;1;2;B02
201100003708;0;7;0;0;2;3;15;A01
201100003709;0;7;0;0;2;6;19;B02
201100003709;0;33;0;0;2;1;1;A01
201100003710;0;15;0;0;0;7;19;B02
201100003710;0;7;0;0;2;1;1;A01
201100003711;0;7;0;14;0;1;1;B02
201100003711;0;7;0;16;0;2;14;A01
201100003712;0;7;0;0;2;1;2;B02
201100003712;0;7;0;0;2;8;15;A01
201100003713;0;33;0;0;6;1;1;A01
201100003714;0;7;0;0;2;5;15;A01
201100003714;0;33;0;0;2;1;1;B02
201100003715;0;7;0;8;0;1;19;A01
201100003716;0;2;0;0;2;7;13;B02
201100003716;0;7;0;0;2;8;15;A01
201100003717;0;33;0;0;2;2;1;A01
201100003717;0;7;0;0;2;3;19;B02
201100003718;0;33;0;0;2;1;13;A01
201100003718;0;10;0;0;2;3;1;B02
201100003719;0;7;0;13;0;1;1;A01
201100003720;0;15;0;0;2;3;1;B02
201100003720;0;7;0;0;2;3;13;A01
201100003721;0;7;0;5;0;7;0;A01
201100003722;0;33;0;0;2;3;1;A01
201100003722;0;7;0;15;0;7;19;B02
201100003723;0;7;0;13;0;9;1;A01
201100003724;0;7;0;6;0;7;14;A01
201100003725;0;7;0;0;1;1;1;A01
201100003726;0;7;0;0;2;8;1;B02
201100003726;0;10;0;0;2;3;13;A01
201100003727;0;7;0;0;2;1;19;A01
201100003727;0;7;0;0;2;3;1;C03
201100003727;0;33;0;0;2;7;1;B02
201100003728;0;7;0;13;0;1;1;A01
201100003729;0;7;0;0;2;1;1;B02
201100003729;0;7;0;0;2;1;13;A01
201100003730;0;7;0;0;1;3;15;A01
201100003731;0;31;0;5;0;1;17;A01
201100003732;0;7;0;0;0;8;15;A01
201100003732;0;33;0;0;2;1;1;B02
201100003733;0;7;0;0;2;2;15;A01
201100003733;0;33;0;0;2;1;1;B02
201100003734;0;7;0;6;0;3;1;A01
201100003735;0;99;0;8;0;5;1;A01
201100003736;0;7;0;0;2;3;1;B02
201100003736;0;30;0;0;2;5;6;A01
201100003737;0;7;0;0;2;1;1;B02
201100003737;0;7;0;0;2;1;13;A01
201100003738;0;7;0;0;0;6;19;B02
201100003738;0;33;0;0;2;1;3;A01
201100003739;0;7;0;0;2;8;1;B02
201100003739;0;30;0;0;2;7;17;A01
201100003740;0;14;0;13;0;2;14;A01
201100003741;0;7;0;0;1;1;0;A01
201100003742;0;7;0;0;2;3;16;A01
201100003742;0;7;0;0;0;7;1;B02
201100003743;0;10;0;0;2;3;13;A01
201100003743;0;10;0;0;2;2;21;B02
201100003744;0;31;0;0;2;1;13;A01
201100003744;0;7;0;0;2;3;1;B02
201100003745;0;7;0;0;2;3;1;B02
201100003745;0;33;0;0;2;1;1;A01
201100003746;0;7;0;0;0;9;1;A01
201100003747;0;17;0;0;2;0;17;A01
201100003747;0;1;0;0;2;0;1;B02
201100003748;0;10;0;0;0;2;21;B02
201100003748;0;7;0;0;2;3;9;A01
201100003749;0;10;0;8;0;2;0;A01
201100003750;0;7;0;6;0;7;1;A01
201100003751;0;7;0;0;5;2;1;A01
201100003751;0;99;0;0;2;8;19;B02
201100003752;0;7;0;0;2;3;1;A01
201100003752;0;21;0;0;2;3;1;B02
201100003753;0;7;0;0;2;1;13;A01
201100003753;0;17;0;0;0;0;1;B02
201100003754;0;7;0;0;1;3;1;A01
201100003755;0;7;0;0;1;1;1;A01
201100003756;0;7;0;2;0;3;1;A01
201100003757;0;33;0;14;0;1;1;A01
201100003758;0;7;0;13;0;1;0;A01
201100003759;0;1;0;0;0;0;2;A01
201100003760;0;1;0;0;2;2;1;B02
201100003760;0;7;0;0;2;8;9;A01
201100003761;0;15;0;0;2;3;1;B02
201100003761;0;7;0;0;2;1;13;A01
201100003762;0;7;0;0;0;3;15;A01
201100003762;0;7;0;0;0;1;1;B02
201100003763;0;7;0;0;0;1;1;B02
201100003763;0;7;0;0;0;1;13;A01
201100003764;0;33;0;0;2;1;1;A01
201100003764;0;7;0;0;0;2;15;B02
201100003765;0;31;0;0;2;1;13;A01
201100003765;0;7;0;0;2;3;1;B02
201100003766;0;30;0;0;2;1;5;A01
201100003766;0;7;0;0;2;3;23;B02
201100003767;0;30;0;0;0;0;0;A01
201100003768;0;7;0;0;2;3;1;A01
201100003768;0;7;0;0;2;2;19;B02
201100003769;0;13;0;0;2;2;1;B02
201100003769;0;1;0;0;2;8;2;A01
201100003769;0;7;0;3;0;2;21;C03
201100003770;0;7;0;13;0;9;1;A01
201100003771;0;14;0;0;2;3;1;B02
201100003771;0;7;0;0;2;3;13;A01
201100003772;0;33;0;14;0;1;1;A01
201100003773;0;33;0;13;0;1;1;A01
201100003774;0;7;0;0;0;0;0;A01
201100003775;0;7;0;0;2;1;1;B02
201100003775;0;7;0;0;2;3;15;A01
201100003776;0;7;0;0;2;1;1;C03
201100003776;0;7;0;0;2;1;13;A01
201100003776;0;7;0;0;2;9;1;B02
201100003777;0;30;0;0;2;3;1;B02
201100003777;0;7;0;0;2;3;1;A01
201100003778;0;33;0;0;2;1;13;A01
201100003778;0;21;0;0;2;1;1;B02
201100003779;0;7;0;0;2;3;15;B02
201100003779;0;7;0;0;2;1;1;A01
201100003780;0;33;0;6;0;1;13;A01
201100003781;0;7;0;0;0;6;9;A01
201100003781;0;2;0;0;2;1;1;B02
201100003782;0;7;0;0;2;3;1;A01
201100003782;0;35;0;0;2;1;15;B02
201100003783;0;7;0;0;9;2;1;A01
201100003783;0;1;0;0;0;6;23;B02
201100003784;0;30;0;0;2;0;2;A01
201100003784;0;30;0;0;0;7;1;B02
201100003785;0;10;0;6;0;1;13;A01
201100003786;0;7;0;13;0;0;13;A01
201100003787;0;2;0;0;0;1;1;B02
201100003787;0;14;0;0;0;4;23;A01
201100003788;0;7;0;0;0;6;16;A01
201100003788;0;7;0;0;2;1;1;B02
201100003789;0;10;0;0;1;3;0;A01
201100003790;0;7;0;0;2;1;1;D04
201100003790;0;7;0;0;0;0;14;E05
201100003790;0;7;0;0;2;1;13;A01
201100003790;0;7;0;0;2;8;1;B02
201100003790;0;7;0;0;2;1;1;C03
201100003791;0;10;0;0;2;1;19;A01
201100003791;0;7;0;0;2;7;1;B02
201100003792;0;31;0;0;2;1;13;A01
201100003792;0;7;0;0;2;3;1;B02
201100003793;0;7;0;0;2;1;1;B02
201100003793;0;7;0;0;2;1;13;A01
201100003794;0;7;0;0;1;8;1;A01
201100003795;0;7;0;2;0;8;1;A01
201100003796;0;7;0;0;2;3;1;B02
201100003796;0;1;0;0;2;1;16;A01
201100003797;0;33;0;0;0;4;1;B02
201100003797;0;33;0;0;2;1;1;A01
201100003798;0;7;0;0;2;8;15;A01
201100003798;0;32;0;0;2;1;17;B02
201100003799;0;10;0;0;2;7;15;B02
201100003799;0;33;0;0;2;7;1;A01
201100003800;0;7;0;0;2;1;1;B02
201100003800;0;33;0;0;2;1;13;A01
201100003801;0;33;0;0;2;1;17;A01
201100003801;0;7;0;0;2;8;15;B02
201100003802;0;33;0;0;2;1;1;B02
201100003802;0;7;0;0;2;7;17;A01
201100003803;0;7;0;0;0;0;15;B02
201100003803;0;33;0;13;0;7;17;A01
201100003804;0;33;0;0;2;1;1;B02
201100003804;0;10;0;0;2;1;15;A01
201100003805;0;30;0;0;2;8;15;A01
201100003805;0;7;0;0;2;3;1;B02
201100003806;0;30;0;0;2;1;1;A01
201100003806;0;7;0;0;2;3;15;B02
201100003807;0;7;0;0;1;1;1;A01
201100003808;0;7;0;0;2;8;1;A01
201100003808;0;7;0;0;2;8;1;C03
201100003808;0;14;0;0;2;8;1;B02
201100003809;0;7;0;6;0;8;1;A01