num_acc;senc;catv;occutc;obs;obsm;choc;manv;num_veh
201100003810;0;34;0;0;0;8;1;A01
201100003811;0;7;0;0;1;2;1;A01
201100003812;0;7;0;0;2;3;1;A01
201100003812;0;7;0;0;0;0;0;B02
201100003813;0;7;0;0;0;1;15;A01
201100003813;0;33;0;0;0;1;1;B02
201100003814;0;33;0;0;0;9;1;A01
201100003815;0;7;0;14;1;8;1;A01
201100003816;0;2;0;0;0;8;1;A01
201100003817;0;1;0;0;0;0;0;A01
201100003818;0;7;0;0;2;1;17;A01
201100003818;0;10;0;0;2;6;1;B02
201100003819;0;7;0;0;1;1;16;A01
201100003820;0;33;0;0;2;1;17;B02
201100003820;0;21;0;0;2;4;16;A01
201100003821;0;14;0;0;2;3;1;B02
201100003821;0;7;0;0;2;1;15;A01
201100003822;0;7;0;0;2;3;1;A01
201100003822;0;7;0;0;2;6;1;B02
201100003823;0;30;0;0;2;1;2;A01
201100003823;0;7;0;0;2;4;23;B02
201100003824;0;15;0;0;9;2;21;A01
201100003824;0;1;0;0;2;8;1;B02
201100003825;0;7;0;0;2;7;19;A01
201100003825;0;15;0;0;2;1;1;B02
201100003826;0;7;0;13;0;2;0;A01
201100003827;0;1;0;0;0;8;1;B02
201100003827;0;7;0;0;9;1;15;A01
201100003828;0;7;0;0;1;2;1;A01
201100003829;0;7;0;0;1;7;1;A01
201100003830;0;7;0;0;2;1;1;A01
201100003830;0;7;0;0;2;7;1;B02
201100003831;0;7;0;0;2;2;15;A01
201100003831;0;7;0;0;2;3;1;B02
201100003832;0;7;0;0;9;7;16;A01
201100003832;0;1;0;0;2;1;1;B02
201100003833;0;7;0;0;9;3;17;B02
201100003833;0;2;0;0;2;3;1;A01
201100003834;0;7;0;0;2;2;13;B02
201100003834;0;7;0;0;2;8;13;A01
201100003834;0;7;0;0;2;1;1;C03
201100003835;0;7;0;0;2;6;1;D04
201100003835;0;17;0;0;2;1;1;B02
201100003835;0;10;0;0;2;2;1;A01
201100003835;0;7;0;0;2;1;1;C03
201100003836;0;7;0;0;0;9;13;A01
201100003837;0;2;0;0;2;8;19;B02
201100003837;0;7;0;0;2;3;1;A01
201100003838;0;10;0;0;1;2;1;A01
201100003839;0;7;0;0;2;1;13;A01
201100003839;0;7;0;0;2;1;1;B02
201100003840;0;7;0;2;0;1;1;A01
201100003841;0;30;0;0;1;3;1;A01
201100003842;0;7;0;0;2;7;14;A01
201100003842;0;7;0;0;2;1;1;B02
201100003843;0;10;0;0;0;1;1;C03
201100003843;0;7;0;0;0;1;13;A01
201100003843;0;10;0;0;0;6;1;B02
201100003844;0;7;0;2;0;9;1;A01
201100003845;0;7;0;0;0;4;4;A01
201100003845;0;2;0;0;2;1;1;B02
201100003846;0;7;0;13;0;2;1;A01
201100003847;0;30;0;0;2;7;0;A01
201100003847;0;7;0;0;2;2;1;B02
201100003848;0;7;0;0;2;3;17;A01
201100003848;0;1;0;0;0;4;15;B02
201100003849;0;32;0;0;1;1;1;A01
201100003850;0;7;0;0;1;3;1;A01
201100003851;0;7;0;0;2;1;13;A01
201100003851;0;10;0;0;0;3;1;B02
201100003851;0;7;0;0;2;8;2;D04
201100003851;0;10;0;0;2;3;1;C03
201100003852;0;7;0;0;1;2;15;A01
201100003853;0;14;0;0;2;7;2;B02
201100003853;0;7;0;0;2;1;2;A01
201100003854;0;7;0;0;2;2;1;A01
201100003854;0;7;0;0;2;1;1;B02
201100003855;0;21;0;0;2;0;1;A01
201100003855;0;7;0;0;9;1;1;C03
201100003855;0;7;0;0;9;2;1;B02
201100003856;0;7;0;0;2;1;13;A01
201100003856;0;7;0;0;2;1;1;B02
201100003857;0;17;0;0;2;1;1;B02
201100003857;0;7;0;0;2;1;13;A01
201100003858;0;7;0;0;2;7;0;B02
201100003858;0;7;0;0;2;1;1;A01
201100003859;0;7;0;0;2;3;1;B02
201100003859;0;7;0;0;2;3;1;A01
201100003860;0;7;0;13;0;3;1;A01
201100003861;0;7;0;0;0;1;13;B02
201100003861;0;7;0;0;0;2;1;A01
201100003862;0;7;0;0;2;6;9;A01
201100003862;0;7;0;0;2;2;1;B02
201100003863;0;7;0;0;0;0;9;B02
201100003863;0;31;0;0;0;8;1;A01
201100003864;0;1;0;0;2;4;1;B02
201100003864;0;7;0;0;9;2;1;A01
201100003865;0;7;0;0;2;9;1;B02
201100003865;0;14;0;1;2;1;1;A01
201100003865;0;7;0;0;2;4;0;D04
201100003865;0;7;0;0;2;9;1;C03
201100003866;0;7;0;0;2;1;1;B02
201100003866;0;2;0;0;2;1;15;A01
201100003867;0;7;0;0;2;1;1;B02
201100003867;0;10;0;0;2;6;19;A01
201100003868;0;1;0;0;2;7;19;A01
201100003868;0;7;0;0;2;1;1;B02
201100003869;0;7;0;0;0;9;17;A01
201100003870;0;7;0;0;2;3;13;A01
201100003870;0;10;0;0;2;3;1;B02
201100003871;0;7;0;0;1;1;1;A01
201100003872;0;7;0;0;2;2;19;A01
201100003872;0;2;0;0;2;1;1;B02
201100003873;0;7;0;0;2;1;1;A01
201100003873;0;7;0;0;0;6;1;B02
201100003874;0;7;0;0;2;3;10;A01
201100003874;0;10;0;0;2;1;1;B02
201100003875;0;7;0;13;0;1;1;A01
201100003876;0;7;0;0;2;3;13;A01
201100003876;0;7;0;0;2;3;1;B02
201100003876;0;7;0;0;2;8;1;C03
201100003877;0;7;0;0;0;7;1;B02
201100003877;0;7;0;8;0;1;9;A01
201100003878;0;7;0;0;0;1;1;A01
201100003879;0;14;0;0;2;2;1;B02
201100003879;0;7;0;0;0;8;10;A01
201100003880;0;7;0;0;2;3;1;B02
201100003880;0;7;0;0;2;3;5;A01
201100003881;0;7;0;13;0;7;1;A01
201100003882;0;7;0;0;2;1;5;C03
201100003882;0;7;0;0;2;5;15;B02
201100003882;0;17;0;0;2;3;14;A01
201100003883;0;10;0;0;2;4;15;D04
201100003883;0;16;0;8;2;1;1;A01
201100003883;0;7;0;0;2;1;1;C03
201100003883;0;10;0;0;2;0;15;E05
201100003884;0;7;0;0;0;6;1;B02
201100003884;0;33;0;0;2;1;1;A01
201100003884;0;7;0;0;9;3;1;C03
201100003885;0;7;0;0;0;6;15;A01
201100003885;0;7;0;0;2;9;11;B02
201100003885;0;10;0;0;2;2;13;C03
201100003886;0;7;0;0;1;1;1;A01
201100003887;0;7;0;0;0;1;1;A01
201100003888;0;33;0;0;0;8;13;A01
201100003889;0;7;0;0;2;8;19;A01
201100003889;0;33;0;0;2;1;1;B02
201100003890;0;2;0;6;0;1;1;A01
201100003891;0;30;0;0;2;1;1;B02
201100003891;0;10;0;0;2;8;19;A01
201100003892;0;7;0;0;2;3;1;A01
201100003892;0;7;0;0;2;3;1;B02
201100003893;0;7;0;0;0;2;15;A01
201100003893;0;1;0;0;2;1;1;B02
201100003894;0;7;0;0;2;1;17;B02
201100003894;0;2;0;0;2;8;21;C03
201100003894;0;7;0;0;2;2;13;A01
201100003895;0;30;0;0;2;3;13;A01
201100003895;0;7;0;0;2;3;1;B02
201100003896;0;7;0;0;2;3;1;B02
201100003896;0;30;0;0;2;1;1;A01
201100003897;0;31;0;0;2;7;19;B02
201100003897;0;7;0;0;2;3;1;A01
201100003898;0;15;0;0;2;3;15;A01
201100003898;0;33;0;0;2;1;1;B02
201100003899;0;7;0;0;2;1;13;A01
201100003899;0;17;0;0;2;2;23;B02
201100003900;0;7;0;0;2;1;1;B02
201100003900;0;7;0;0;2;8;15;A01
201100003901;0;7;0;0;0;3;0;A01
201100003901;0;7;0;0;2;2;0;B02
201100003902;0;7;0;15;2;5;1;B02
201100003902;0;7;0;0;2;2;15;A01
201100003903;0;7;0;0;2;6;13;A01
201100003903;0;7;0;0;2;3;1;B02
201100003904;0;7;0;2;0;8;0;A01
201100003905;0;7;0;2;0;1;1;A01
201100003906;0;7;0;2;0;1;13;A01
201100003907;0;33;0;0;2;1;17;A01
201100003907;0;2;0;0;2;1;1;B02
201100003908;0;7;0;0;0;2;0;B02
201100003908;0;7;0;0;0;3;0;A01
201100003909;0;7;0;6;0;1;0;A01
201100003909;0;34;0;6;0;1;0;B02
201100003910;0;10;0;0;2;1;1;C03
201100003910;0;7;0;0;2;3;11;A01
201100003910;0;15;0;0;2;3;1;B02
201100003911;0;30;0;0;2;1;1;B02
201100003911;0;7;0;0;2;8;15;A01
201100003912;0;39;6;0;2;1;1;B02
201100003912;0;7;0;0;4;8;5;A01
201100003913;0;7;0;0;1;8;21;A01
201100003914;0;30;0;0;0;8;19;A01
201100003914;0;30;0;0;2;1;1;B02
201100003915;0;7;0;0;1;2;1;A01
201100003916;0;30;0;0;2;3;1;A01
201100003916;0;7;0;0;2;7;1;B02
201100003917;0;7;0;2;0;1;1;A01
201100003918;0;7;0;0;2;3;19;A01
201100003918;0;7;0;0;2;1;1;B02
201100003919;0;7;0;0;1;3;20;A01
201100003920;0;7;0;0;0;7;9;A01
201100003920;0;7;0;0;2;1;1;B02
201100003921;0;7;0;0;2;1;1;A01
201100003921;0;7;0;0;2;1;1;B02
201100003922;0;7;0;0;1;1;1;A01
201100003923;0;33;0;0;2;8;1;A01
201100003924;0;2;0;0;2;8;1;A01
201100003924;0;7;0;0;2;2;23;B02
201100003925;0;30;0;0;2;2;1;B02
201100003925;0;30;0;0;0;0;1;A01
201100003926;0;10;0;0;2;7;1;A01
201100003926;0;2;0;0;2;1;19;B02
201100003927;0;2;0;1;0;1;1;A01
201100003928;0;7;0;0;9;2;13;A01
201100003928;0;1;0;0;2;8;19;B02
201100003928;0;1;0;0;2;8;19;C03
201100003929;0;31;0;8;0;1;13;A01
201100003930;0;33;0;0;2;1;1;B02
201100003930;0;7;0;0;2;8;19;A01
201100003931;0;7;0;0;2;2;10;B02
201100003931;0;30;0;0;2;1;1;A01
201100003932;0;7;0;3;2;3;15;A01
201100003932;0;7;0;0;2;1;1;B02
201100003933;0;21;0;0;1;5;17;A01
201100003934;0;7;0;0;2;1;2;A01
201100003934;0;7;0;12;2;4;1;B02
201100003935;0;7;0;13;0;1;1;A01
201100003936;0;1;0;0;2;3;1;B02
201100003936;0;1;0;0;2;3;1;C03
201100003936;0;7;0;0;9;1;15;A01
201100003937;0;7;0;0;2;3;1;B02
201100003937;0;31;0;0;2;6;9;A01
201100003938;0;33;0;0;2;1;1;B02
201100003938;0;10;0;0;2;7;15;A01
201100003939;0;7;0;0;1;1;1;A01
201100003940;0;14;0;13;0;2;1;A01
201100003941;0;7;0;0;0;6;13;B02
201100003941;0;7;0;0;2;2;17;A01
201100003942;0;7;0;16;0;1;1;A01
201100003943;0;31;0;0;2;2;1;B02
201100003943;0;7;0;0;2;3;11;A01
201100003944;0;2;0;8;0;1;1;A01
201100003945;0;7;0;0;2;1;1;B02
201100003945;0;7;0;0;2;1;1;A01
201100003946;0;7;0;2;0;8;1;A01
201100003947;0;14;0;0;2;3;1;B02
201100003947;0;7;0;0;2;8;1;A01
201100003948;0;7;0;0;2;1;15;B02
201100003948;0;31;0;0;2;7;17;A01
201100003949;0;7;0;0;2;3;1;B02
201100003949;0;7;0;0;2;3;1;A01
201100003950;0;10;0;0;2;8;1;B02
201100003950;0;30;0;0;2;1;1;A01
201100003951;0;7;0;0;1;1;1;A01
201100003952;0;10;0;0;1;4;20;B01
201100003953;0;13;0;0;2;3;1;B02
201100003953;0;7;0;0;2;3;13;A01
201100003954;0;7;0;0;2;2;15;A01
201100003954;0;30;0;0;2;1;1;B02
201100003955;0;7;0;0;1;3;15;A01
201100003956;0;7;0;0;1;3;1;A01
201100003957;0;33;0;0;1;2;1;A01
201100003958;0;33;0;0;2;2;17;B02
201100003958;0;7;0;0;0;3;17;A01
201100003959;0;7;0;0;2;6;23;C03
201100003959;0;10;0;0;2;2;21;A01
201100003959;0;7;0;0;2;1;1;B02
201100003960;0;31;0;0;0;0;17;A01
201100003961;0;7;0;0;1;3;1;A01
201100003962;0;7;0;0;2;3;19;B02
201100003962;0;7;0;0;2;1;1;A01
201100003963;0;7;0;0;2;7;1;A01
201100003963;0;7;0;0;2;1;1;B02
201100003964;0;7;0;0;0;3;1;B02
201100003964;0;7;0;0;9;3;21;A01
201100003965;0;1;0;0;0;8;1;A01
201100003965;0;7;0;0;0;2;19;B02
201100003965;0;7;0;0;0;0;23;C03
201100003966;0;7;0;0;2;8;1;B02
201100003966;0;7;0;0;2;1;19;A01
201100003967;0;10;0;0;2;7;1;B02
201100003967;0;10;0;0;2;1;15;A01
201100003968;0;7;0;0;0;7;19;A01
201100003968;0;7;0;0;0;1;1;B02
201100003969;0;7;0;0;2;2;4;A01
201100003969;0;33;0;0;2;1;1;B02
201100003970;0;1;0;0;2;3;1;B02
201100003970;0;7;0;0;1;3;15;A01
201100003971;0;21;0;0;1;2;1;A01
201100003972;0;10;0;0;0;5;15;B02
201100003972;0;7;0;0;2;3;1;A01
201100003973;0;1;0;0;2;1;1;B02
201100003973;0;7;0;0;2;5;15;A01
201100003974;0;30;0;3;0;1;1;A01
201100003975;0;30;0;0;2;1;2;A01
201100003975;0;7;0;0;2;4;2;B02
201100003976;0;30;0;0;0;7;17;A01
201100003976;0;30;0;0;0;7;1;B02
201100003977;0;7;0;0;2;3;1;B02
201100003977;0;7;0;0;2;2;1;A01
201100003978;0;7;0;0;2;4;2;B02
201100003978;0;7;0;0;2;1;2;A01
201100003979;0;7;0;2;0;9;1;A01
201100003980;0;7;0;6;0;1;1;A01
201100003981;0;7;0;0;2;1;1;A01
201100003981;0;7;0;0;2;1;5;B02
201100003982;0;7;0;6;0;3;1;A01
201100003983;0;30;0;0;0;9;1;A01
201100003984;0;7;0;0;2;1;13;A01
201100003984;0;7;0;0;2;1;1;B02
201100003985;0;30;0;0;2;8;16;B02
201100003985;0;7;0;0;2;2;17;A01
201100003986;0;7;0;0;0;1;1;B02
201100003986;0;7;0;0;0;3;15;A01
201100003987;0;15;0;0;2;8;13;A01
201100003987;0;7;0;0;2;3;1;B02
201100003988;0;7;0;13;0;1;1;A01
201100003989;0;7;0;13;0;1;1;A01
201100003990;0;7;0;0;0;0;1;A01
201100003991;0;30;0;6;0;1;1;A01
201100003992;0;33;0;12;0;1;1;A01
201100003993;0;7;0;0;2;1;2;A01
201100003993;0;7;0;0;0;4;16;B02
201100003994;0;7;0;0;2;2;1;C03
201100003994;0;7;0;0;2;2;13;A01
201100003994;0;10;0;0;2;2;1;B02
201100003995;0;17;0;0;0;3;13;A01
201100003996;0;33;0;0;0;7;1;A01
201100003997;0;7;0;0;1;2;0;A01
201100003998;0;33;0;0;2;1;2;A01
201100003998;0;21;0;0;2;6;15;B02
201100003999;0;7;0;13;0;2;14;A01
201100004000;0;7;0;0;1;1;1;A01
201100004001;0;33;0;0;0;1;14;A01
201100004002;0;31;0;12;0;1;1;A01
201100004003;0;7;0;0;2;1;5;A01
201100004003;0;7;0;0;2;1;1;B02
201100004004;0;30;0;0;2;1;1;A01
201100004004;0;7;0;0;2;0;15;B02
201100004005;0;33;0;0;2;1;1;A01
201100004005;1;10;0;0;2;8;19;B02
201100004006;0;7;0;2;0;7;1;A01
201100004007;0;7;0;0;0;5;23;A01
201100004007;0;7;0;0;0;1;1;C03
201100004007;0;7;0;0;0;4;23;B02
201100004008;0;10;0;0;2;3;10;A01
201100004008;0;33;0;0;2;5;17;B02
201100004009;0;7;0;0;1;1;1;A01
201100004010;0;33;0;0;2;1;1;B02
201100004010;0;7;0;0;2;1;19;A01
201100004011;0;7;0;0;0;2;11;B02
201100004011;0;31;0;0;0;1;1;A01
201100004012;1;7;0;0;1;1;1;A01
201100004013;0;33;0;0;2;7;1;A01
201100004013;0;10;0;0;0;6;20;B02
201100004014;0;7;0;0;2;5;16;A01
201100004014;0;30;0;0;2;1;1;B02
201100004015;0;7;0;0;2;6;2;B02
201100004015;0;31;0;0;2;2;16;A01
201100004016;0;7;0;0;2;3;15;A01
201100004016;0;33;0;0;2;1;1;B02
201100004017;0;7;0;8;2;5;15;A01
201100004017;0;33;0;0;2;1;1;B02
201100004018;0;2;0;0;2;1;1;B02
201100004018;0;7;0;0;2;2;15;A01
201100004019;0;7;0;6;0;1;1;A01
201100004020;0;7;0;0;0;9;1;A01
201100004021;0;7;0;16;0;9;13;A01
201100004022;0;1;0;0;2;6;1;B02
201100004022;0;7;0;0;2;5;1;A01
201100004023;0;7;0;0;2;3;13;A01
201100004023;0;7;0;0;2;3;1;B02
201100004024;0;7;0;0;2;1;1;C03
201100004024;0;10;0;0;2;3;1;B02
201100004024;0;7;0;0;2;3;13;A01
201100004025;0;7;0;0;2;1;13;A01
201100004025;0;7;0;0;2;1;1;B02
201100004026;0;7;0;0;2;8;15;A01
201100004026;0;33;0;0;2;1;17;B02
201100004027;0;38;0;0;2;1;1;A01
201100004027;0;7;0;0;2;1;15;B02
201100004028;0;7;0;0;1;8;1;A01
201100004029;0;7;0;0;2;2;1;B02
201100004029;0;1;0;0;2;4;1;A01
201100004030;0;33;0;0;2;1;1;B02
201100004030;0;7;0;0;0;7;15;A01
201100004031;0;7;0;0;2;2;16;B02
201100004031;0;30;0;0;2;0;1;A01
201100004032;0;7;0;13;0;1;1;A01
201100004033;0;7;0;0;2;7;15;A01
201100004033;0;33;0;0;2;1;1;B02
201100004034;0;7;0;0;2;2;16;B02
201100004034;0;34;0;0;2;1;18;A01
201100004035;0;7;0;0;2;2;15;B02
201100004035;0;30;0;0;2;1;1;A01
201100004036;0;7;0;0;2;8;15;B02
201100004037;0;7;0;0;2;3;15;A01
201100004037;0;33;0;0;2;1;1;B02
201100004038;0;31;0;6;0;2;1;A01
201100004039;0;7;0;12;0;2;0;A01
201100004040;0;7;0;2;0;2;1;A01
201100004041;0;7;0;0;0;9;1;A01
201100004042;0;7;0;2;0;7;1;A01
201100004043;0;33;0;0;2;1;17;B02
201100004043;0;7;0;0;2;6;11;A01
201100004044;0;31;0;0;2;1;1;B02
201100004044;0;14;0;0;9;2;15;A01
201100004045;0;33;0;14;0;1;1;A01
201100004046;0;32;0;0;2;8;1;B02
201100004046;0;7;0;0;2;2;15;A01
201100004047;0;7;0;0;2;2;15;A01
201100004047;0;32;0;0;2;1;1;B02
201100004048;0;7;0;8;0;1;14;A01
201100004049;0;7;0;0;2;6;4;A01
201100004049;0;33;0;0;2;1;1;B02
201100004050;0;1;0;0;2;3;13;A01
201100004050;0;14;0;0;2;8;1;B02
201100004051;0;33;0;0;0;4;1;A01
201100004052;0;7;0;0;0;1;15;A01
201100004052;0;30;0;0;2;1;1;B02
201100004053;0;7;0;6;0;3;0;A01
201100004054;0;7;0;8;0;3;1;A01
201100004055;0;7;0;0;1;2;1;A01
201100004056;0;7;0;0;2;1;1;B02
201100004056;0;7;0;0;2;1;13;A01
201100004057;0;7;0;0;2;3;15;A01
201100004057;0;30;0;0;2;1;1;B02
201100004058;0;7;0;0;0;4;2;A01
201100004058;0;33;0;0;2;1;1;B02
201100004059;0;33;0;0;0;1;1;A01
201100004059;0;7;0;0;0;6;19;B02
201100004060;0;7;0;0;2;3;13;A01
201100004060;0;7;0;0;2;3;1;B02
201100004061;0;7;0;2;0;2;0;A01
201100004062;0;7;0;0;1;1;1;A01
201100004063;0;7;0;9;0;1;1;A01
201100004064;0;33;0;0;2;1;13;A01
201100004064;0;7;0;0;2;1;1;B02
201100004065;0;7;0;0;2;1;1;A01
201100004065;0;7;0;0;2;3;16;B02
201100004066;0;33;0;16;0;7;0;A01
201100004067;0;21;0;0;2;2;1;A01
201100004067;0;30;0;0;2;1;1;B02
201100004068;0;7;0;0;0;1;1;A01
201100004069;0;7;0;0;2;6;15;A01
201100004069;0;33;0;0;2;1;1;B02
201100004070;0;7;0;0;2;1;1;A01
201100004070;0;7;0;0;2;7;19;B02
201100004071;0;7;0;0;2;3;1;B02
201100004071;0;14;0;0;2;3;1;A01
201100004072;0;7;0;13;0;1;1;A01
201100004073;0;7;0;2;0;0;19;A01
201100004074;0;7;0;0;1;3;1;A01
201100004075;0;10;0;0;2;1;13;B02
201100004075;0;7;0;0;2;1;1;A01
201100004076;0;33;0;0;2;1;1;A01
201100004076;0;7;0;0;2;7;15;B02
201100004077;0;7;0;2;0;9;1;A01
201100004078;0;7;0;0;0;0;23;C03
201100004078;0;7;0;0;2;2;19;B02
201100004078;0;30;0;0;2;8;14;A01
201100004079;0;14;0;0;2;1;1;A01
201100004079;0;33;0;0;2;1;17;B02
201100004080;0;7;0;0;1;2;1;A01
201100004081;0;7;0;0;2;4;23;A01
201100004081;0;30;0;0;2;1;1;B02
201100004082;0;1;0;0;2;8;1;B02
201100004083;0;10;0;0;1;2;15;A01
201100004084;0;7;0;0;2;1;1;A01
201100004084;0;7;0;0;0;4;23;B02
201100004085;0;7;0;15;0;2;1;A01
201100004086;0;7;0;0;2;3;1;A01
201100004086;0;7;0;0;2;3;1;B02
201100004087;0;30;0;0;2;1;1;B02
201100004087;0;10;0;0;2;7;19;A01
201100004088;0;7;0;0;0;8;1;B02
201100004088;0;7;0;0;2;2;14;A01
201100004089;0;33;0;0;2;1;1;B02
201100004089;1;7;0;0;2;6;15;A01
201100004090;0;10;0;3;0;8;13;A01
201100004091;0;10;0;13;0;1;1;A01
201100004092;0;7;0;0;0;1;13;A01
201100004092;0;7;0;0;0;1;1;B02
201100004093;0;2;0;0;2;3;1;B02
201100004093;0;7;0;0;2;1;15;A01
201100004094;0;7;0;0;2;0;15;A01
201100004094;0;30;0;0;2;1;1;B02
201100004095;0;7;0;8;0;8;13;A01
201100004096;0;7;0;13;0;2;14;A01
201100004097;0;7;0;0;2;4;2;B02
201100004097;0;7;0;0;2;1;2;A01
201100004097;0;1;0;0;2;4;2;C03
201100004098;0;7;0;0;2;9;1;A01
201100004098;0;7;0;0;2;8;1;B02
201100004098;0;10;0;0;2;1;1;D04
201100004098;0;7;0;0;2;3;1;C03
201100004099;0;7;0;8;0;3;1;A01
201100004100;0;7;0;0;2;5;10;A01
201100004100;0;33;0;0;2;1;2;B02
201100004101;0;7;0;0;2;2;21;A01
201100004102;0;7;0;8;0;2;1;A01
201100004103;0;7;0;0;2;3;17;A01
201100004103;0;1;0;0;2;1;1;B02
201100004104;0;7;0;0;1;1;1;A01
201100004105;0;7;0;0;2;3;15;A01
201100004105;0;2;0;0;2;3;3;B02
201100004106;0;99;0;0;2;4;1;D04
201100004106;0;99;0;0;2;4;1;A01
201100004106;0;99;0;0;2;4;1;B02
201100004106;0;99;0;0;2;4;1;C03
201100004107;0;10;0;0;2;1;15;A01
201100004107;0;33;0;0;2;1;1;B02
201100004108;0;7;0;0;2;4;1;C03
201100004108;0;7;0;0;2;1;1;A01
201100004108;0;7;0;0;2;4;1;B02
201100004109;0;33;0;0;2;1;17;A01
201100004109;0;7;0;0;2;8;15;B02
201100004110;0;33;0;0;2;2;1;B02
201100004110;0;7;0;0;2;3;10;A01
201100004111;0;7;0;0;1;1;1;A01
201100004112;0;33;0;0;2;7;17;B02
201100004112;0;7;0;0;2;3;10;A01
201100004113;0;31;0;0;2;1;1;A01
201100004113;0;33;0;0;2;8;15;B02
201100004114;0;30;0;0;2;7;17;A01
201100004114;0;7;0;0;2;3;1;C03
201100004114;0;7;0;0;2;1;1;D04
201100004114;0;7;0;6;2;8;1;B02
201100004115;0;7;0;2;0;7;13;A01
201100004116;0;30;0;0;2;4;15;B02
201100004116;0;7;0;0;2;2;1;A01
201100004117;0;7;0;13;0;1;1;A01
201100004118;0;7;0;15;2;8;16;B02
201100004118;0;7;0;0;2;1;17;A01
201100004119;0;33;0;8;0;1;1;A01
201100004120;0;7;0;0;2;1;1;A01
201100004120;0;7;0;0;2;8;9;B02
201100004121;0;7;0;0;2;1;1;A01
201100004121;0;7;0;0;2;1;1;B02
201100004122;0;10;0;6;0;1;1;A01
201100004123;0;1;0;0;9;8;15;B02
201100004123;0;1;0;0;9;7;17;A01
201100004124;0;7;0;6;0;1;1;A01
201100004125;0;30;0;0;2;1;19;A01
201100004125;0;7;0;0;2;2;1;B02
201100004126;0;7;0;13;0;2;1;A01
201100004127;0;2;0;16;0;2;1;A01
201100004128;0;7;0;0;1;1;1;A01
201100004129;0;7;0;0;2;8;20;A01
201100004129;0;7;0;0;2;2;1;B02
201100004129;0;31;0;0;2;1;1;C03
201100004130;0;7;0;0;2;3;1;A01
201100004130;0;7;0;0;2;3;16;B02
201100004131;0;33;0;3;0;8;1;A01
201100004132;0;7;0;2;0;3;13;A01
201100004133;0;7;0;0;2;1;13;A01
201100004133;0;3;0;0;2;1;1;B02
201100004134;0;7;0;8;0;9;1;A01
201100004135;0;7;0;8;0;3;6;A01
201100004136;0;7;0;0;2;1;1;B02
201100004136;0;7;0;0;2;7;13;A01
201100004137;0;33;0;12;0;8;0;A01
201100004138;0;10;0;2;0;2;1;A01
201100004139;0;7;0;10;0;1;0;A01
201100004140;0;7;0;8;0;1;19;A01
201100004141;0;7;0;0;9;3;9;B02
201100004141;0;1;0;0;2;1;0;A01
201100004142;0;33;0;0;2;1;1;C03
201100004142;0;7;0;0;0;1;19;B02
201100004142;0;7;0;0;2;1;23;A01
201100004143;0;33;0;0;2;2;17;A01
201100004143;0;10;0;0;2;8;15;B02
201100004144;0;7;0;0;2;2;14;B02
201100004144;0;33;0;0;2;9;18;A01
201100004145;0;30;0;3;0;7;1;A01
201100004146;0;7;0;0;2;3;13;A01
201100004146;0;17;0;0;2;3;1;B02
201100004147;0;7;0;0;2;3;1;A01
201100004147;0;1;0;0;2;8;19;B02
201100004148;0;7;0;0;2;1;1;B02
201100004148;0;7;0;0;2;1;1;A01
201100004149;0;7;0;0;2;1;13;A01
201100004149;0;7;0;0;2;1;1;B02
201100004150;0;7;0;0;2;3;13;A01
201100004150;0;7;0;0;2;3;1;B02
201100004151;0;2;0;0;2;1;13;A01
201100004152;0;7;0;0;1;1;1;A01
201100004153;0;7;0;13;0;9;1;A01
201100004154;0;7;0;0;0;2;17;A01
201100004155;0;36;0;0;0;1;1;A01
201100004156;0;7;0;1;2;1;2;B02
201100004156;0;7;0;1;0;8;15;A01
201100004157;0;7;0;0;2;6;20;A01
201100004157;0;2;0;0;2;1;1;B02
201100004158;0;33;0;13;0;9;0;A01
201100004159;0;7;0;0;0;6;2;A01
201100004159;0;33;0;0;2;1;2;B02
201100004160;0;30;0;0;2;3;17;A01
201100004160;0;7;0;0;2;8;1;B02
201100004161;0;7;0;0;0;7;16;B02
201100004161;0;33;0;0;2;1;1;A01
201100004162;0;30;0;0;0;0;1;A01
201100004163;0;7;0;6;0;1;14;A01
201100004164;0;17;0;0;2;3;1;B02
201100004164;0;7;0;0;2;3;13;A01
201100004165;0;7;0;13;0;1;1;A01
201100004166;0;33;0;15;0;1;1;A01
201100004167;0;7;0;16;0;9;1;A01
201100004168;0;33;0;0;0;2;1;A01
201100004169;0;7;0;0;2;6;19;B02
201100004169;0;33;0;0;2;1;1;A01
201100004170;0;33;0;3;2;1;13;A01
201100004170;0;7;0;0;2;6;1;B02
201100004171;0;7;0;0;2;3;1;A01
201100004171;0;31;0;0;2;3;1;B02
201100004172;0;31;0;13;0;1;1;A01
201100004173;0;30;0;0;5;1;0;A01
201100004174;0;7;0;0;2;1;1;A01
201100004174;0;7;0;0;0;4;15;B02
201100004175;0;7;0;0;2;3;15;B02
201100004175;0;7;0;0;2;1;1;A01
201100004176;0;7;0;0;0;0;14;A01
201100004177;0;7;0;0;2;3;1;A01
201100004177;0;7;0;0;2;3;1;B02
201100004178;0;7;0;13;0;3;1;A01
201100004179;0;7;0;13;0;1;1;A01
201100004180;0;7;0;0;2;1;17;A01
201100004180;0;7;0;0;2;1;1;B02
201100004181;0;10;0;0;2;1;1;A01
201100004181;0;7;0;0;2;1;13;B02