num_acc;senc;catv;occutc;obs;obsm;choc;manv;num_veh
201100004974;0;33;0;0;6;7;1;A01
201100004975;0;31;0;6;0;8;1;A01
201100004976;0;7;0;0;0;0;0;A01
201100004977;0;7;0;2;0;1;14;A01
201100004978;0;7;0;0;9;3;1;A01
201100004978;0;1;0;0;2;7;9;B02
201100004979;0;33;0;13;0;7;21;A01
201100004979;0;7;0;0;0;0;13;B02
201100004980;0;7;0;0;2;2;15;A01
201100004980;0;7;0;0;2;1;1;B02
201100004981;0;10;0;0;2;7;19;A01
201100004981;0;7;0;0;2;1;1;B02
201100004982;0;7;0;13;0;9;1;A01
201100004983;0;7;0;0;0;3;1;A01
201100004984;0;17;0;0;2;0;1;B02
201100004984;0;33;0;0;2;0;17;A01
201100004985;0;7;0;0;2;1;1;B02
201100004985;0;30;0;0;2;8;5;A01
201100004986;0;30;0;12;2;1;1;A01
201100004986;0;30;0;0;2;4;1;B02
201100004987;0;14;0;0;2;3;1;B02
201100004987;0;7;0;0;2;1;13;A01
201100004988;0;7;0;0;2;1;1;B02
201100004988;0;7;0;0;2;6;15;A01
201100004989;0;31;0;6;0;1;1;A01
201100004990;0;10;0;0;2;1;1;A01
201100004990;0;7;0;0;2;7;19;B02
201100004991;0;7;0;13;0;0;1;A01
201100004992;0;33;0;0;2;8;0;B02
201100004992;0;7;0;0;2;8;1;A01
201100004993;0;7;0;0;2;3;13;A01
201100004993;0;7;0;0;2;3;1;B02
201100004994;0;7;0;2;0;3;1;A01
201100004995;0;7;0;0;2;3;9;B02
201100004995;0;31;0;0;2;4;1;A01
201100004996;0;2;0;0;2;1;19;B02
201100004996;0;7;0;0;0;2;1;A01
201100004997;0;7;0;0;2;1;19;A01
201100004997;0;7;0;0;2;3;1;B02
201100004998;0;7;0;0;0;0;1;A01
201100004999;0;7;0;0;0;2;1;A01
201100005000;0;7;0;0;0;0;0;A01
201100005001;0;7;0;0;2;3;15;B02
201100005001;0;30;0;0;2;1;1;A01
201100005002;0;7;0;0;9;2;17;B02
201100005002;0;1;0;0;0;0;2;A01
201100005003;0;30;0;0;2;4;2;B02
201100005003;0;7;0;0;9;2;2;A01
201100005004;0;7;0;16;2;1;1;B02
201100005004;0;7;0;16;2;2;19;A01
201100005005;0;7;0;3;2;3;1;B02
201100005005;0;7;0;3;2;3;17;A01
201100005006;0;7;0;0;2;3;15;A01
201100005006;0;30;0;0;2;2;17;B02
201100005007;0;7;0;0;0;3;21;B02
201100005007;0;7;0;0;0;0;15;A01
201100005008;0;7;0;2;0;9;1;A01
201100005009;0;7;0;13;0;7;1;A01
201100005010;0;7;0;13;0;8;16;A01
201100005011;0;99;0;0;0;3;0;B02
201100005011;0;7;0;0;0;8;0;C03
201100005011;0;7;0;0;2;1;13;A01
201100005012;0;30;0;0;2;1;1;A01
201100005012;0;7;0;0;2;3;1;B02
201100005013;0;7;0;0;2;1;19;B02
201100005013;0;33;0;0;2;1;1;A01
201100005014;0;30;0;0;0;0;1;A01
201100005015;0;1;0;0;2;1;19;B02
201100005015;0;7;0;0;9;3;1;A01
201100005016;0;31;0;0;0;0;1;A01
201100005017;0;7;0;1;0;2;1;A01
201100005018;0;7;0;0;0;2;14;A01
201100005019;0;17;0;0;2;7;17;A01
201100005019;0;1;0;0;2;3;2;B02
201100005020;0;33;0;0;2;1;2;B02
201100005020;0;33;0;0;2;4;1;A01
201100005021;0;31;0;0;2;8;13;A01
201100005021;0;7;0;0;2;3;1;B02
201100005022;0;20;0;0;2;6;15;A01
201100005022;0;33;0;0;2;1;17;B02
201100005023;0;30;0;0;2;1;5;A01
201100005023;0;7;0;0;2;3;1;B02
201100005024;0;10;0;0;2;2;13;A01
201100005024;0;3;0;0;2;8;19;B02
201100005025;0;33;0;13;0;1;0;A01
201100005026;0;7;0;0;2;8;15;A01
201100005026;0;2;0;0;2;1;1;B02
201100005027;0;7;0;2;0;3;1;A01
201100005028;0;7;0;0;9;2;1;A01
201100005028;0;1;0;0;2;1;1;B02
201100005029;0;10;0;0;2;1;1;B02
201100005029;0;10;0;0;2;7;1;A01
201100005030;0;7;0;14;0;8;1;A01
201100005031;0;7;0;16;0;9;1;A01
201100005032;0;7;0;0;2;1;2;A01
201100005032;0;7;0;0;2;4;23;B02
201100005033;0;3;0;0;2;6;1;B02
201100005033;0;7;0;0;2;1;2;A01
201100005034;0;33;0;0;6;9;0;A01
201100005035;0;31;0;5;0;7;14;A01
201100005036;0;30;0;0;2;1;1;A01
201100005036;0;7;0;0;2;1;1;B02
201100005037;0;7;0;0;2;3;15;A01
201100005037;0;30;0;0;2;3;1;B02
201100005038;0;38;50;0;2;1;1;B02
201100005038;0;7;0;0;2;3;15;A01
201100005039;0;7;0;16;0;1;1;A01
201100005040;0;7;0;0;0;1;0;A01
201100005041;0;7;0;0;2;3;1;B02
201100005041;0;7;0;0;2;3;16;A01
201100005042;0;2;0;0;2;1;16;B02
201100005042;0;7;0;0;2;7;1;A01
201100005043;0;7;0;0;2;1;13;A01
201100005043;0;14;0;0;2;3;1;B02
201100005044;0;7;0;8;0;3;1;A01
201100005045;0;33;0;0;2;4;15;B02
201100005045;0;7;0;0;2;1;1;A01
201100005046;0;10;0;0;2;3;13;A01
201100005046;0;10;0;0;2;3;1;B02
201100005047;0;7;0;0;2;1;1;B02
201100005047;0;7;0;0;2;1;1;A01
201100005048;0;7;0;2;0;1;1;A01
201100005049;1;10;0;0;0;3;13;B02
201100005049;0;10;0;0;2;3;1;A01
201100005050;0;7;0;15;0;9;5;A01
201100005051;0;7;0;15;0;1;13;A01
201100005052;0;7;0;0;2;1;1;B02
201100005052;0;30;0;0;2;3;15;A01
201100005053;0;7;0;2;0;1;6;A01
201100005054;0;1;0;0;5;1;2;A01
201100005055;0;7;0;0;0;9;1;A01
201100005056;0;17;0;0;2;1;21;B02
201100005056;0;7;0;0;2;3;5;A01
201100005057;0;7;0;6;0;1;13;A01
201100005058;0;17;0;0;1;2;1;A01
201100005059;0;7;0;0;2;3;1;B02
201100005059;0;2;0;0;2;1;1;A01
201100005060;0;7;0;0;1;2;1;A01
201100005061;0;7;0;0;0;1;5;A01
201100005061;0;15;0;0;0;3;1;B02
201100005062;0;30;0;6;0;1;0;A01
201100005063;0;7;0;0;2;1;1;A01
201100005063;0;2;0;0;2;1;13;B02
201100005064;0;7;0;2;0;1;1;A01
201100005065;0;7;0;0;2;3;20;A01
201100005065;0;32;0;0;2;1;13;B02
201100005066;0;7;0;6;0;1;1;A01
201100005067;0;33;0;0;2;1;17;A01
201100005067;0;7;0;0;2;3;15;B02
201100005068;0;7;0;16;0;2;1;A01
201100005069;0;10;0;0;2;3;1;B02
201100005069;0;7;0;0;2;3;1;A01
201100005070;0;33;0;13;0;1;1;A01
201100005071;0;17;0;0;2;3;1;B02
201100005071;0;7;0;0;2;3;13;A01
201100005072;0;33;0;13;0;1;1;A01
201100005073;0;10;0;0;6;2;1;A01
201100005073;0;7;0;0;2;3;1;B02
201100005074;0;7;0;2;0;3;2;A01
201100005075;0;7;0;0;0;3;0;B02
201100005075;0;7;0;0;2;2;0;A01
201100005076;0;7;0;0;2;3;17;A01
201100005076;0;7;0;0;2;3;1;B02
201100005076;0;7;0;0;0;6;0;C03
201100005077;0;7;0;0;2;1;1;A01
201100005077;0;7;0;0;2;8;19;B02
201100005078;0;31;0;0;2;1;1;B02
201100005078;0;7;0;0;2;7;17;A01
201100005079;0;10;0;0;1;3;1;A01
201100005080;0;7;0;6;0;3;1;A01
201100005081;0;15;0;13;0;2;1;A01
201100005082;0;7;0;0;2;7;1;A01
201100005082;0;7;0;0;2;1;1;B02
201100005083;0;7;0;8;0;1;1;A01
201100005084;0;7;0;2;0;2;14;A01
201100005085;0;7;0;0;2;5;1;C03
201100005085;0;7;0;0;2;1;15;B02
201100005085;0;33;0;0;2;1;1;A01
201100005086;0;7;0;8;0;8;14;A01
201100005087;0;2;0;0;2;8;2;B02
201100005087;0;33;0;0;2;2;2;A01
201100005088;0;10;0;0;2;2;2;B02
201100005088;0;31;0;0;2;8;1;A01
201100005089;0;33;0;0;2;8;1;B02
201100005089;0;7;0;0;2;1;19;A01
201100005090;0;7;0;2;0;1;1;A01
201100005091;0;7;0;2;0;8;13;A01
201100005092;0;7;0;3;0;2;14;A01
201100005093;0;7;0;2;0;8;1;A01
201100005094;0;7;0;0;2;3;13;A01
201100005094;0;13;0;0;2;3;1;B02
201100005095;0;7;0;2;0;8;1;A01
201100005096;0;10;0;0;2;6;16;B02
201100005096;0;7;0;0;2;1;2;A01
201100005097;0;10;0;0;1;3;1;A01
201100005098;0;7;0;2;0;1;1;A01
201100005099;0;33;0;11;0;2;1;A01
201100005100;0;7;0;0;0;2;17;B02
201100005100;0;7;0;0;2;6;15;A01
201100005101;0;7;0;6;0;8;1;A01
201100005102;0;31;0;16;0;7;1;A01
201100005103;0;33;0;0;2;1;13;A01
201100005103;0;7;0;0;2;1;1;B02
201100005104;0;7;0;0;2;1;1;C03
201100005104;0;7;0;0;2;2;1;A01
201100005104;0;7;0;0;2;3;17;B02
201100005105;0;15;0;0;2;4;23;B02
201100005105;0;15;0;0;2;1;1;A01
201100005106;0;33;0;11;0;1;17;A01
201100005107;0;7;0;13;0;1;1;A01
201100005108;0;7;0;0;2;3;1;A01
201100005108;0;7;0;0;2;3;1;B02
201100005109;0;7;0;0;2;1;1;B02
201100005109;0;15;0;0;2;4;23;A01
201100005110;0;7;0;0;2;3;1;B02
201100005110;0;7;0;0;2;3;13;A01
201100005111;0;7;0;3;2;2;14;A01
201100005111;0;15;0;0;2;1;1;B02
201100005112;0;7;0;0;2;1;13;A01
201100005112;0;17;0;0;2;3;1;B02
201100005112;0;17;0;0;2;1;1;C03
201100005112;0;10;0;0;2;2;1;D04
201100005112;0;17;0;3;2;0;1;E05
201100005113;0;7;0;0;5;2;1;A01
201100005114;0;7;0;0;2;7;1;A01
201100005114;0;7;0;0;2;1;1;B02
201100005115;0;7;0;13;0;3;13;A01
201100005116;0;7;0;0;2;8;15;B02
201100005116;0;33;0;0;2;1;1;A01
201100005117;0;2;0;0;2;7;1;A01
201100005117;0;7;0;0;2;1;15;B02
201100005118;0;7;0;13;0;1;13;A01
201100005119;0;7;0;0;2;3;15;A01
201100005119;0;33;0;0;2;1;17;B02
201100005120;0;33;0;0;2;1;1;A01
201100005120;0;7;0;0;2;4;1;B02
201100005121;0;7;0;0;2;1;13;A01
201100005121;0;7;0;0;2;1;1;B02
201100005122;0;10;0;0;2;5;24;A01
201100005122;0;1;0;1;0;1;1;B02
201100005123;0;7;0;0;2;3;1;A01
201100005123;0;7;0;0;2;2;19;B02
201100005124;0;7;0;0;2;2;19;A01
201100005124;0;31;0;0;2;5;0;B02
201100005125;0;7;0;2;0;3;1;A01
201100005126;0;7;0;0;2;1;1;A01
201100005126;0;3;0;0;2;8;19;B02
201100005127;0;14;0;0;2;4;24;B02
201100005127;0;1;0;1;0;1;2;A01
201100005128;0;15;0;0;2;1;1;B02
201100005128;0;7;0;0;2;1;13;A01
201100005129;0;7;0;2;0;1;14;A01
201100005130;0;7;0;13;0;7;21;C03
201100005130;0;7;0;0;2;3;13;A01
201100005130;0;7;0;0;2;3;1;B02
201100005131;0;7;0;6;2;3;19;B02
201100005131;0;7;0;8;2;2;21;A01
201100005132;0;7;0;2;0;1;14;A01
201100005133;0;7;0;0;1;1;1;A01
201100005134;0;10;0;2;0;2;14;A01
201100005135;0;7;0;0;2;3;13;A01
201100005135;0;14;0;0;2;8;1;B02
201100005136;0;7;0;0;2;3;15;A01
201100005136;0;7;0;0;2;2;1;B02
201100005137;0;7;0;0;1;2;1;A01
201100005138;0;7;0;13;2;3;17;A01
201100005138;0;14;0;13;2;1;1;B02
201100005138;0;7;0;0;2;3;1;C03
201100005139;0;7;0;0;1;5;1;A01
201100005140;0;15;0;0;2;1;1;A01
201100005140;0;7;0;0;2;7;6;B02
201100005141;0;14;0;0;2;1;1;B02
201100005141;0;7;0;0;2;8;19;A01
201100005142;0;7;0;0;2;1;0;B02
201100005143;0;10;0;0;1;4;4;A01
201100005144;0;33;0;6;0;1;0;A01
201100005145;0;33;0;0;2;7;1;A01
201100005145;0;7;0;0;2;8;15;B02
201100005146;0;7;0;0;9;7;1;A01
201100005146;0;1;0;0;2;1;19;B02
201100005147;0;7;0;0;2;3;1;B02
201100005147;0;7;0;0;2;3;13;A01
201100005148;0;7;0;0;2;1;17;A01
201100005148;0;7;0;0;2;1;1;B02
201100005149;0;7;0;0;2;2;9;A01
201100005149;0;33;0;0;2;3;1;B02
201100005150;0;7;0;0;2;1;13;A01
201100005150;0;7;0;0;2;3;1;B02
201100005150;0;10;0;0;2;8;1;C03
201100005150;0;7;0;0;2;1;1;D04
201100005151;0;17;0;4;0;2;1;A01
201100005152;0;7;0;0;1;2;21;A01
201100005153;0;33;0;0;2;1;1;A01
201100005153;1;7;0;;2;8;19;B01
201100005154;0;7;0;6;0;1;1;A01
201100005155;0;14;0;0;2;3;15;B02
201100005155;0;33;0;0;2;1;1;A01
201100005156;0;7;0;0;2;1;13;A01
201100005156;0;30;0;0;2;1;13;B02
201100005157;0;7;0;0;2;2;15;A01
201100005157;0;7;0;0;2;3;1;B02
201100005158;0;7;0;0;2;6;24;A01
201100005158;0;30;0;14;0;1;2;B02
201100005159;0;10;0;8;0;2;15;A01
201100005160;0;7;0;8;0;7;1;A01
201100005161;0;7;0;0;2;1;1;B02
201100005161;0;7;0;0;2;7;1;A01
201100005162;0;2;0;0;2;3;1;A01
201100005162;0;7;0;0;9;3;13;B02
201100005163;0;33;0;13;0;1;1;A01
201100005164;0;7;0;2;0;3;1;A01
201100005165;0;7;0;0;2;1;17;A01
201100005165;0;10;0;0;2;1;1;B02
201100005166;0;7;0;0;2;3;15;A01
201100005166;0;33;0;0;2;1;17;B02
201100005167;0;7;0;8;0;3;19;A01
201100005168;0;7;0;6;0;1;1;A01
201100005169;0;7;0;13;0;1;1;A01
201100005170;0;7;0;13;0;9;1;A01
201100005171;0;7;0;0;2;1;1;B02
201100005171;0;7;0;0;2;3;13;A01
201100005172;0;7;0;2;0;1;14;A01
201100005173;0;7;0;0;2;2;15;A01
201100005173;0;7;0;0;2;1;1;B02
201100005174;0;7;0;13;0;1;14;A01
201100005175;0;7;0;0;2;4;23;A01
201100005175;0;2;0;0;2;9;1;B02
201100005176;0;7;0;0;2;1;15;A01
201100005176;0;33;0;0;2;1;1;B02
201100005177;0;7;0;0;0;6;1;A01
201100005177;0;33;0;0;2;1;1;B02
201100005178;0;7;0;0;1;1;3;A01
201100005179;0;30;0;12;0;0;1;A01
201100005180;0;33;0;0;0;0;2;A01
201100005181;0;30;0;1;0;1;0;A01
201100005182;0;7;0;0;2;2;1;A01
201100005182;0;7;0;0;2;2;1;B02
201100005183;0;7;0;0;2;3;1;A01
201100005183;0;7;0;0;2;2;1;B02
201100005184;0;7;0;0;2;5;23;A01
201100005184;0;30;0;0;2;1;1;B02
201100005185;0;33;0;0;2;7;1;A01
201100005185;0;7;0;0;2;1;1;B02
201100005186;0;7;0;0;9;3;13;A01
201100005186;0;2;0;0;2;1;1;B02
201100005187;0;33;0;0;2;1;17;B02
201100005187;0;7;0;0;0;8;10;A01
201100005188;0;10;0;0;1;0;1;A01
201100005189;0;7;0;6;0;2;13;A01
201100005190;0;7;0;0;0;8;24;B02
201100005190;0;7;0;1;1;2;1;A01
201100005191;0;7;0;0;2;2;1;B02
201100005191;0;15;0;0;2;3;1;A01
201100005192;0;7;0;16;0;1;1;A01
201100005193;0;7;0;0;2;2;15;A01
201100005193;0;2;0;0;2;1;1;B02
201100005194;0;7;0;2;0;8;1;A01
201100005195;0;7;0;13;0;2;2;A01
201100005196;0;7;0;0;2;2;2;B02
201100005196;0;31;0;0;2;8;11;A01
201100005197;0;7;0;2;0;8;19;A01
201100005198;0;10;0;0;0;4;23;B02
201100005198;0;30;0;0;2;1;2;A01
201100005199;0;7;0;2;0;2;1;A01
201100005200;0;7;0;8;0;3;1;A01
201100005201;0;33;0;2;0;9;1;A01
201100005202;0;33;0;0;2;1;17;A01
201100005202;0;36;0;0;2;3;10;B02
201100005203;0;7;0;0;2;8;19;B02
201100005203;0;33;0;0;2;1;1;A01
201100005204;0;7;0;0;2;8;15;B02
201100005204;0;7;0;0;2;1;17;A01
201100005205;0;7;0;0;2;3;2;B02
201100005205;0;33;0;0;0;4;9;A01
201100005206;0;7;0;10;0;0;0;A01
201100005207;0;7;0;16;0;9;1;A01
201100005208;0;33;0;0;9;1;2;A01
201100005208;0;99;0;0;0;4;2;B02
201100005209;0;7;0;2;0;8;1;A01
201100005210;0;7;0;0;2;3;1;B02
201100005210;0;7;0;0;2;2;5;A01
201100005211;0;7;0;0;2;3;19;A01
201100005211;0;33;0;0;2;1;1;B02
201100005212;0;7;0;0;2;1;1;B02
201100005212;0;1;0;0;2;1;5;A01
201100005213;0;7;0;0;1;2;16;A01
201100005214;0;2;0;0;1;0;1;A01
201100005215;0;30;0;0;2;1;15;A01
201100005215;0;7;0;0;2;2;1;B02
201100005216;0;7;0;0;1;2;13;B02
201100005216;0;1;0;0;2;1;19;A01
201100005217;0;7;0;0;2;3;1;B02
201100005217;0;7;0;0;2;2;19;A01
201100005218;0;7;0;0;2;5;15;A01
201100005218;0;30;0;0;2;7;1;B02
201100005219;0;1;0;0;2;3;1;B02
201100005219;0;17;0;0;2;5;1;A01
201100005220;0;7;0;0;2;1;1;A01
201100005220;0;7;0;0;2;8;19;B02
201100005221;0;21;0;16;0;9;1;A01
201100005222;0;33;0;6;0;2;1;A01
201100005223;0;7;0;0;2;2;6;B02
201100005223;0;15;0;0;2;8;1;A01
201100005224;0;7;0;0;2;3;15;A01
201100005224;0;33;0;0;2;1;1;B02
201100005225;0;10;0;0;2;7;1;A01
201100005225;0;1;0;0;2;8;1;B02
201100005226;0;7;0;0;0;9;1;A01
201100005227;0;7;0;0;2;3;1;B02
201100005227;0;14;0;0;2;3;13;A01
201100005228;0;7;0;0;2;8;19;B02
201100005228;0;7;0;0;2;1;1;A01
201100005229;0;7;0;5;0;3;1;A01
201100005230;0;7;0;13;0;5;1;A01
201100005231;0;7;0;0;2;3;13;A01
201100005231;0;7;0;0;2;3;1;B02
201100005232;0;10;0;0;2;3;1;B02
201100005232;0;1;0;0;2;1;13;A01
201100005233;0;7;0;0;2;3;9;A01
201100005233;0;33;0;0;2;1;1;B02
201100005234;0;7;0;6;0;3;15;A01
201100005235;0;7;0;0;2;3;1;A01
201100005235;0;7;0;0;2;3;1;B02
201100005236;0;7;0;0;2;1;2;A01
201100005236;0;7;0;0;2;3;15;B02
201100005237;0;7;0;0;1;2;1;A01
201100005238;0;7;0;0;2;3;13;A01
201100005238;0;7;0;0;2;3;1;B02
201100005239;0;7;0;13;0;1;1;A01
201100005240;0;10;0;0;2;1;1;B02
201100005240;0;7;0;0;2;7;13;A01
201100005241;0;7;0;0;2;7;16;A01
201100005241;0;30;0;0;2;1;18;B02
201100005242;0;7;0;2;0;1;1;A01
201100005243;0;7;0;6;2;1;17;A01
201100005243;0;7;0;0;2;3;15;B02
201100005244;0;7;0;6;0;1;1;A01
201100005245;0;7;0;6;2;3;1;A01
201100005245;0;7;0;0;2;3;13;B02
201100005246;0;10;0;0;2;3;1;A01
201100005246;0;10;0;0;2;3;1;B02
201100005247;0;7;0;0;2;2;1;A01
201100005247;0;7;0;0;2;1;1;B02
201100005248;0;7;0;0;2;8;13;A01
201100005248;0;13;0;0;2;2;19;B02
201100005248;0;7;0;0;2;2;1;C03
201100005249;0;7;0;0;2;4;15;B02
201100005249;0;33;0;0;2;1;2;A01
201100005250;0;7;0;2;0;8;1;A01
201100005251;0;7;0;0;2;6;1;B02
201100005251;0;7;0;0;2;3;1;C03
201100005251;0;33;0;0;2;1;17;A01
201100005252;0;33;0;0;0;0;1;A01
201100005253;0;7;0;0;2;3;15;A01
201100005253;0;34;0;0;2;1;1;B02
201100005254;0;33;0;7;0;9;17;A01
201100005255;0;7;0;0;2;6;15;A01
201100005255;0;30;0;0;2;1;1;B02
201100005256;0;14;0;6;0;1;1;A01
201100005257;0;7;0;2;0;1;0;A01
201100005258;0;7;0;0;2;3;1;B02
201100005258;0;7;0;0;2;3;13;A01
201100005258;0;7;0;14;0;1;1;E05
201100005258;0;7;0;14;0;1;1;C03
201100005258;0;7;0;13;0;8;1;D04
201100005259;0;7;0;0;9;4;1;C03
201100005259;0;30;0;0;2;3;13;A01
201100005259;0;7;0;0;2;3;1;B02
201100005260;0;10;0;0;1;2;1;A01
201100005261;0;1;0;0;2;7;15;A01
201100005261;0;7;0;0;9;1;1;B02
201100005262;0;7;0;8;0;1;1;A01
201100005263;0;7;0;0;1;3;1;A01
201100005264;0;7;0;0;2;3;15;A01
201100005264;0;7;0;0;2;3;1;B02
201100005265;0;36;0;0;1;1;1;A01
201100005266;0;7;0;0;2;2;15;B02
201100005266;0;7;0;0;2;3;1;A01
201100005267;0;2;0;0;2;1;1;A01
201100005267;0;10;0;0;0;5;1;B02
201100005268;0;7;0;13;0;7;1;A01
201100005268;0;7;0;0;2;3;19;B02
201100005269;0;10;0;0;1;4;20;A01
201100005270;0;2;0;0;2;5;0;B02
201100005270;0;7;0;0;2;2;0;A01
201100005271;0;7;0;6;0;1;1;A01
201100005272;0;33;0;0;2;8;1;A01
201100005272;0;7;0;0;2;1;1;B02
201100005273;0;7;0;0;2;1;19;A01
201100005273;0;7;0;0;2;8;1;B02
201100005274;0;31;0;16;0;8;17;A01
201100005275;0;30;0;0;2;1;1;E05
201100005275;0;30;0;0;2;7;17;B02
201100005275;0;30;0;0;0;0;1;C03
201100005275;0;14;0;0;2;1;21;F06
201100005275;0;30;0;0;2;1;1;D04
201100005275;0;30;0;0;2;8;13;A01
201100005276;0;33;0;0;2;7;17;A01
201100005276;0;7;0;0;2;3;15;B02
201100005277;0;1;0;0;2;1;1;B02
201100005277;0;30;0;0;9;1;1;A01
201100005278;0;7;0;0;2;3;1;A01
201100005278;0;7;0;0;2;3;1;B02
201100005279;0;7;0;0;1;7;1;A01
201100005280;0;36;0;0;2;2;1;A01
201100005280;0;1;0;0;2;1;1;B02
201100005281;0;30;0;0;9;8;15;A01
201100005282;0;7;0;6;0;9;14;A01
201100005283;0;10;0;0;2;8;19;A01
201100005283;0;30;0;0;2;1;1;B02
201100005284;0;7;0;0;2;6;16;B02
201100005284;0;30;0;0;2;1;1;A01
201100005285;0;10;0;0;2;1;1;C03
201100005285;0;7;0;0;2;3;13;A01
201100005285;0;7;0;0;2;3;1;B02
201100005286;0;7;0;1;0;9;2;E05
201100005286;0;7;0;1;0;4;2;B02
201100005286;0;7;0;0;0;5;1;A01
201100005286;0;7;0;1;0;9;2;D04
201100005286;0;10;0;1;0;9;2;C03
201100005287;0;7;0;0;2;6;15;A01
201100005287;0;33;0;0;2;1;17;B02
201100005288;0;7;0;0;0;2;1;A01
201100005289;0;7;0;0;2;1;1;B02
201100005289;0;31;0;0;2;1;0;A01
201100005290;0;33;0;0;6;1;13;A01
201100005291;0;30;0;0;2;1;2;A01
201100005291;0;7;0;0;2;4;2;B02
201100005292;0;30;0;0;2;1;1;B02
201100005292;0;7;0;0;2;5;15;A01
201100005293;0;2;0;0;2;1;1;B02
201100005293;0;7;0;0;2;7;15;A01
201100005294;0;7;0;0;2;4;15;B02
201100005294;0;2;0;0;2;1;1;A01
201100005295;0;7;0;16;0;9;1;A01
201100005296;2;7;0;16;0;2;1;A01
201100005297;0;7;0;0;2;1;1;A01
201100005297;0;7;0;0;2;4;15;B02
201100005298;0;7;0;0;2;3;1;A01
201100005298;0;7;0;0;2;3;1;B02
201100005299;0;7;0;2;0;1;1;A01
201100005300;0;7;0;0;1;2;1;A01
201100005301;0;7;0;3;2;2;14;A01
201100005301;0;15;0;4;2;1;13;B02
201100005302;0;7;0;13;0;1;1;A01
201100005303;0;10;0;8;0;1;17;A01
201100005304;0;7;0;6;0;3;13;A01
201100005305;0;17;0;1;0;1;14;A01
201100005306;0;7;0;0;2;2;6;B02
201100005306;0;7;0;0;2;3;1;A01
201100005307;0;1;0;0;2;7;19;B02
201100005307;0;7;0;0;2;1;1;A01
201100005308;0;7;0;2;0;1;1;A01
201100005309;0;7;0;0;1;1;13;A01
201100005310;0;7;0;0;2;5;17;A01
201100005310;0;14;0;0;2;1;1;B02
201100005311;0;7;0;0;2;8;1;B02
201100005311;0;7;0;0;2;7;1;A01
201100005312;0;7;0;2;1;2;1;A01
201100005313;0;21;0;0;0;8;19;A01
201100005313;0;33;0;0;2;1;1;B02
201100005314;0;7;0;0;2;2;13;A01
201100005314;0;7;0;0;2;2;1;B02
201100005315;0;10;0;10;0;1;1;A01
201100005316;0;14;0;0;2;7;1;B02
201100005316;0;30;0;0;2;1;1;A01
201100005317;0;7;0;15;0;1;1;A01
201100005318;0;3;0;0;2;7;15;A01
201100005318;0;7;0;0;2;1;1;B02
201100005319;0;2;0;0;2;6;15;A01
201100005319;0;7;0;0;2;1;2;B02
201100005320;0;7;0;0;1;2;1;A01
201100005321;0;31;0;0;2;1;2;A01
201100005321;0;7;0;0;0;4;2;B02
201100005322;0;31;0;0;2;1;1;B02
201100005322;0;7;0;0;2;1;15;A01
201100005323;0;7;0;2;0;1;1;A01
201100005324;0;7;0;0;2;1;13;A01
201100005324;0;10;0;0;2;3;1;B02
201100005325;0;7;0;0;2;2;13;A01
201100005325;0;7;0;0;2;3;1;B02
201100005325;0;7;0;0;2;3;1;C03
201100005326;0;7;0;0;2;6;13;A01
201100005326;0;7;0;0;2;3;1;B02
201100005327;0;31;0;6;0;1;0;A01
201100005328;0;17;0;0;2;1;1;B02
201100005328;0;10;0;0;2;1;13;A01
201100005329;0;33;0;0;0;9;1;A01
201100005330;0;33;0;0;2;1;1;B02
201100005330;0;7;0;0;2;8;19;A01
201100005331;0;7;0;2;0;3;14;A01
201100005332;0;7;0;1;0;2;1;A01
201100005332;0;7;0;0;0;4;24;B02
201100005333;0;33;0;12;0;9;1;A01
201100005334;0;7;0;0;2;3;10;A01
201100005334;0;33;0;0;2;1;1;B02
201100005335;0;7;0;0;2;1;19;B02
201100005335;0;7;0;0;2;8;15;A01
201100005336;0;7;0;0;2;3;13;A01
201100005336;0;38;0;0;2;3;1;B02
201100005337;0;30;0;0;2;8;0;A01
201100005337;0;7;0;0;2;3;1;B02
201100005338;0;20;0;0;2;4;1;A01
201100005338;0;33;0;0;2;1;1;B02
201100005339;0;7;0;0;2;3;1;A01
201100005339;0;17;0;0;2;8;1;B02
201100005340;0;7;0;2;0;3;1;A01
201100005341;0;7;0;0;2;1;13;A01
201100005341;0;7;0;0;2;1;1;B02
201100005342;0;7;0;2;0;3;14;A01
201100005343;0;31;0;0;2;8;15;B02
201100005343;0;7;0;0;2;2;1;A01
201100005344;0;7;0;0;2;1;1;A01
201100005344;0;10;0;0;2;2;19;B02
201100005345;0;7;0;6;0;7;1;A01
201100005346;0;10;0;0;2;6;19;A01
201100005346;0;33;0;0;2;1;1;B02
201100005347;0;7;0;16;0;9;0;A01
201100005348;0;7;0;8;0;1;1;A01
201100005349;0;7;0;0;2;3;4;B02
201100005349;0;2;0;0;2;2;13;A01
201100005350;0;10;0;8;0;1;1;A01
201100005351;0;7;0;2;0;9;13;A01
201100005352;0;7;0;0;0;1;1;A01
201100005353;0;7;0;13;0;3;1;A01
201100005354;0;7;0;0;2;6;1;C03
201100005354;0;33;0;0;2;7;21;A01
201100005354;0;7;0;0;2;6;1;B02
201100005355;0;7;0;16;0;9;1;A01
201100005356;0;7;0;0;0;3;15;A01