num_acc;senc;catv;occutc;obs;obsm;choc;manv;num_veh
201100005356;0;7;0;0;2;1;1;B02
201100005357;0;7;0;0;2;1;1;A01
201100005357;0;7;0;0;2;1;1;B02
201100005358;0;7;0;0;2;1;1;A01
201100005358;0;7;0;0;2;3;1;B02
201100005359;0;7;0;0;2;1;1;A01
201100005359;0;15;0;0;2;7;1;B02
201100005360;0;7;0;0;2;3;15;A01
201100005360;0;3;0;0;2;3;1;B02
201100005361;0;7;0;0;2;1;1;B02
201100005361;0;7;0;0;2;2;15;A01
201100005362;0;7;0;6;0;2;1;A01
201100005363;0;7;0;6;2;1;1;B02
201100005363;0;7;0;0;2;6;1;C03
201100005363;0;7;0;0;2;1;15;A01
201100005364;0;7;0;0;2;2;19;A01
201100005364;0;30;0;0;2;1;1;B02
201100005365;0;10;0;0;1;4;4;A01
201100005366;0;2;0;0;2;1;13;A01
201100005366;0;7;0;0;2;1;1;B02
201100005367;0;7;0;2;0;1;1;A01
201100005368;0;7;0;13;0;4;13;A01
201100005369;0;10;0;8;0;1;14;A01
201100005370;0;10;0;8;0;2;0;A01
201100005371;0;30;0;0;2;1;19;B02
201100005371;0;7;0;0;2;2;1;A01
201100005372;0;7;0;13;0;1;1;A01
201100005373;0;7;0;0;2;1;1;A01
201100005373;0;30;0;0;0;4;1;B02
201100005374;0;7;0;0;2;9;1;A01
201100005374;0;7;0;0;2;3;1;B02
201100005375;0;7;0;0;2;1;19;A01
201100005375;0;7;0;0;2;8;19;B02
201100005376;0;7;0;2;0;7;1;A01
201100005377;0;7;0;0;2;1;1;A01
201100005377;0;14;0;0;2;2;19;B02
201100005378;0;7;0;0;0;3;1;A01
201100005378;0;33;0;0;2;1;15;B02
201100005379;0;7;0;0;2;4;11;B02
201100005379;0;7;0;0;2;8;1;C03
201100005379;0;33;0;0;2;3;1;A01
201100005380;0;1;0;0;2;4;20;B02
201100005380;0;7;0;0;2;2;17;A01
201100005381;0;2;0;0;0;1;1;A01
201100005382;0;7;0;0;2;1;13;B02
201100005382;0;7;0;0;2;1;1;A01
201100005382;0;7;0;0;2;6;1;C03
201100005383;0;7;0;2;0;1;1;A01
201100005384;0;10;0;0;2;2;19;B02
201100005384;0;7;0;0;2;3;1;A01
201100005385;0;14;0;0;0;1;13;B02
201100005385;0;10;0;0;0;1;0;A01
201100005386;0;7;0;0;2;1;13;A01
201100005386;0;7;0;0;2;2;1;B02
201100005387;0;10;0;6;0;3;1;A01
201100005388;0;7;0;0;0;6;0;A01
201100005388;0;33;0;1;0;1;21;B02
201100005388;0;21;0;0;0;0;0;C03
201100005389;0;7;0;2;0;9;1;A01
201100005390;0;7;0;6;0;7;1;A01
201100005391;0;7;0;0;2;8;1;A01
201100005391;0;7;0;0;2;1;19;B02
201100005392;0;7;0;0;2;3;19;B02
201100005392;0;7;0;0;2;1;1;A01
201100005393;0;3;0;0;2;1;15;A01
201100005393;0;7;0;0;2;1;1;B02
201100005394;0;7;0;0;2;4;24;C03
201100005394;0;30;0;1;2;1;1;A01
201100005394;0;7;0;0;2;1;15;B02
201100005395;0;10;0;0;2;1;1;B02
201100005395;0;31;0;0;2;1;1;A01
201100005396;0;7;0;0;2;7;19;B02
201100005397;0;33;0;0;2;1;1;A01
201100005397;0;7;0;0;2;5;19;B02
201100005398;0;30;0;1;0;1;0;B02
201100005398;0;15;0;0;0;6;0;A01
201100005399;0;1;0;0;2;6;11;A01
201100005399;0;33;0;0;2;1;2;B02
201100005400;0;1;0;0;0;6;2;B02
201100005401;0;7;0;0;0;9;1;A01
201100005402;0;7;0;13;0;9;1;A01
201100005403;0;7;0;13;0;8;14;A01
201100005404;0;7;0;0;2;1;1;B02
201100005404;0;7;0;0;2;7;1;A01
201100005405;0;15;0;0;2;3;1;A01
201100005405;0;7;0;0;2;8;17;B02
201100005406;0;33;0;0;2;1;1;B02
201100005406;0;7;0;0;9;2;15;A01
201100005407;0;7;0;6;0;3;1;A01
201100005408;0;7;0;0;2;7;1;A01
201100005408;0;7;0;0;2;1;19;B02
201100005409;0;3;0;2;0;3;13;A01
201100005410;0;7;0;0;2;3;13;A01
201100005410;0;7;0;6;2;3;0;B02
201100005411;0;7;0;0;2;8;1;B02
201100005411;0;10;0;0;2;1;17;A01
201100005412;0;2;0;0;2;1;13;A01
201100005412;0;7;0;0;2;3;1;B02
201100005413;0;30;0;13;0;8;14;A01
201100005414;0;30;0;0;2;1;2;A01
201100005414;0;7;0;0;2;8;2;B02
201100005415;0;7;0;1;0;1;1;C03
201100005415;0;7;0;0;0;7;23;A01
201100005415;0;7;0;0;0;0;1;B02
201100005416;0;2;0;0;2;1;1;B02
201100005416;0;7;0;0;2;2;19;A01
201100005417;0;7;0;0;1;1;13;A01
201100005418;0;2;0;6;0;5;1;A01
201100005419;0;15;0;0;0;5;15;B02
201100005419;0;33;0;0;2;1;1;A01
201100005420;0;7;0;0;2;3;13;A01
201100005420;0;7;0;0;2;3;1;B02
201100005421;0;31;0;9;0;1;1;A01
201100005422;0;7;0;0;2;3;5;A01
201100005422;0;7;0;0;2;3;17;B02
201100005423;0;33;0;0;0;7;1;A01
201100005424;0;7;0;0;0;1;1;A01
201100005425;0;30;0;0;2;4;1;B02
201100005426;0;21;0;0;2;8;16;B02
201100005426;0;7;0;0;2;1;1;A01
201100005427;0;7;0;0;2;5;4;A01
201100005427;0;2;0;0;2;1;1;B02
201100005428;0;7;0;0;2;1;1;B02
201100005428;0;7;0;0;0;6;1;C03
201100005428;0;7;0;0;2;1;21;A01
201100005429;0;10;0;2;0;1;1;A01
201100005430;0;7;0;0;2;1;1;B02
201100005430;0;7;0;0;2;1;13;A01
201100005431;0;7;0;0;1;1;15;A01
201100005432;0;7;0;16;0;1;21;A01
201100005433;0;2;0;6;0;7;1;A01
201100005434;0;7;0;0;2;3;13;A01
201100005434;0;7;0;0;2;3;1;B02
201100005435;0;7;0;0;2;1;1;B02
201100005435;0;7;0;0;2;7;19;A01
201100005436;0;7;0;0;2;2;1;B02
201100005436;0;7;0;0;2;3;13;A01
201100005436;0;7;0;0;2;1;1;C03
201100005437;0;1;0;0;2;1;13;A01
201100005437;0;7;0;0;0;1;1;B02
201100005438;0;33;0;2;0;1;1;A01
201100005439;0;2;0;0;0;1;1;A01
201100005440;0;7;0;13;0;2;1;A01
201100005441;0;7;0;0;2;1;13;A01
201100005441;0;33;0;0;2;1;1;B02
201100005442;0;7;0;2;0;3;1;A01
201100005443;0;7;0;0;2;7;1;A01
201100005443;0;1;0;0;0;8;1;B02
201100005444;0;7;0;0;2;2;1;A01
201100005444;0;1;0;0;0;4;1;B02
201100005445;0;7;0;13;0;1;13;A01
201100005446;0;2;0;0;2;1;10;A01
201100005446;0;7;0;0;2;1;13;B02
201100005447;0;7;0;2;0;7;13;A01
201100005448;0;7;0;0;1;2;1;A01
201100005449;0;7;0;0;9;2;1;A01
201100005449;0;1;0;0;0;0;10;B02
201100005450;0;1;0;0;2;4;1;B02
201100005450;0;7;0;0;2;2;17;A01
201100005451;0;7;0;0;1;1;1;A01
201100005452;0;30;0;6;0;2;1;A01
201100005453;0;31;0;0;2;1;1;B02
201100005453;0;7;0;0;2;7;15;A01
201100005454;0;7;0;2;0;2;13;A01
201100005455;0;33;0;13;0;1;21;A01
201100005455;0;21;0;0;0;0;16;B02
201100005456;0;7;0;0;0;0;0;A01
201100005457;0;7;0;0;2;3;1;A01
201100005457;0;7;0;3;2;3;1;B02
201100005458;0;7;0;0;2;1;1;B02
201100005458;0;30;0;0;2;1;13;A01
201100005459;0;7;0;0;2;2;19;A01
201100005459;0;7;0;0;2;0;1;B02
201100005460;0;7;0;8;0;2;1;A01
201100005461;0;7;0;16;0;0;13;A01
201100005462;0;99;0;0;2;3;15;B02
201100005462;0;33;0;6;2;1;1;A01
201100005463;0;7;0;2;6;3;0;A01
201100005464;0;7;0;0;0;7;15;B02
201100005464;0;31;0;0;0;1;1;A01
201100005465;0;10;0;0;1;7;1;A01
201100005466;0;7;0;8;0;3;1;A01
201100005467;0;33;0;13;0;1;0;A01
201100005468;0;7;0;0;9;3;1;B02
201100005468;0;1;0;0;2;8;19;A01
201100005469;0;33;0;3;0;0;1;A01
201100005470;0;3;0;0;2;2;2;A01
201100005470;0;21;0;0;2;6;1;B02
201100005471;0;7;0;0;2;8;13;A01
201100005471;0;7;0;0;2;8;1;B02
201100005472;0;7;0;2;0;1;1;A01
201100005473;0;7;0;0;2;1;1;B02
201100005473;0;7;0;0;2;1;13;A01
201100005474;0;7;0;0;2;8;0;D04
201100005474;0;16;0;0;0;0;0;B02
201100005474;0;7;0;0;2;3;0;C03
201100005474;0;7;0;0;9;1;0;E05
201100005475;0;33;0;0;2;1;1;A01
201100005475;0;7;0;0;0;7;19;B02
201100005476;0;30;0;0;2;1;1;B02
201100005476;0;7;0;0;2;8;1;A01
201100005477;0;1;0;0;2;7;1;B02
201100005477;0;7;0;0;2;3;1;A01
201100005478;0;7;0;0;2;3;1;A01
201100005478;0;7;0;0;2;3;1;B02
201100005479;0;30;0;0;2;2;1;A01
201100005479;0;7;0;0;2;3;1;B02
201100005480;0;7;0;13;0;6;1;A01
201100005481;0;7;0;2;0;1;14;A01
201100005482;0;33;0;0;0;1;1;B02
201100005482;0;7;0;0;0;2;15;A01
201100005483;0;33;0;0;0;2;0;A01
201100005484;0;7;0;0;1;2;1;A01
201100005485;0;33;0;0;2;1;1;A01
201100005485;0;21;0;0;0;0;0;B01
201100005486;0;33;0;0;2;1;1;B02
201100005486;0;7;0;0;2;3;19;A01
201100005487;0;1;0;3;0;7;1;A01
201100005488;0;15;0;0;2;1;1;B02
201100005488;0;3;0;0;2;8;15;A01
201100005489;0;7;0;10;0;2;14;A01
201100005490;0;7;0;0;2;1;1;B02
201100005490;0;7;0;0;2;1;13;A01
201100005491;0;7;0;0;0;3;0;B02
201100005491;0;7;0;0;0;1;0;A01
201100005492;0;7;0;8;0;1;1;A01
201100005493;0;7;0;0;2;8;1;C03
201100005493;0;7;0;0;2;1;1;B02
201100005493;0;7;0;0;2;8;1;D04
201100005493;0;7;0;0;2;1;17;A01
201100005494;0;7;0;0;0;1;0;B02
201100005494;0;30;0;0;0;1;0;A01
201100005495;0;15;0;0;2;1;1;B02
201100005495;0;7;0;0;2;1;13;A01
201100005496;0;7;0;0;2;7;19;B02
201100005496;0;17;0;0;2;1;1;A01
201100005497;0;7;0;0;0;3;1;B02
201100005497;0;10;0;0;0;6;23;C03
201100005497;0;2;0;14;2;9;21;A01
201100005498;0;7;0;0;2;2;19;A01
201100005498;0;2;0;0;2;1;1;B02
201100005499;0;7;0;0;0;9;1;A01
201100005500;0;15;0;0;2;3;1;B02
201100005500;0;7;0;0;2;3;13;A01
201100005501;0;7;0;0;2;1;2;A01
201100005501;0;14;0;0;0;4;2;B02
201100005502;0;7;0;0;2;2;1;A01
201100005502;0;1;0;0;2;8;19;B02
201100005503;0;33;0;0;2;1;1;B02
201100005503;0;10;0;0;2;8;19;A01
201100005504;0;7;0;13;0;2;1;A01
201100005505;0;7;0;0;2;3;5;A01
201100005505;0;7;0;0;2;8;21;B02
201100005506;0;17;0;0;2;3;1;B02
201100005506;0;7;0;0;2;3;17;A01
201100005507;0;7;0;2;0;1;14;A01
201100005508;0;7;0;13;0;1;13;A01
201100005509;0;7;0;6;2;1;1;B02
201100005509;0;7;0;6;2;7;19;A01
201100005510;0;33;0;0;2;1;1;A01
201100005510;0;7;0;0;2;2;15;B02
201100005511;0;30;0;0;2;1;19;A01
201100005511;0;7;0;0;2;8;1;B02
201100005512;0;7;0;8;0;2;1;A01
201100005513;0;7;0;2;0;2;1;A01
201100005514;0;10;0;0;2;1;1;B02
201100005514;0;7;0;0;2;7;15;A01
201100005515;0;15;0;0;2;3;9;B02
201100005515;0;33;0;0;2;7;1;A01
201100005516;0;7;0;2;0;8;1;A01
201100005517;0;38;1;0;2;1;1;B02
201100005517;0;7;0;0;2;1;13;A01
201100005518;0;7;0;0;2;3;19;B02
201100005518;0;1;0;0;2;1;1;A01
201100005519;0;33;0;7;0;2;16;A01
201100005520;0;7;0;0;2;7;17;A01
201100005520;0;1;0;0;2;8;0;B02
201100005521;0;7;0;13;0;2;1;A01
201100005522;0;7;0;0;2;1;1;B02
201100005522;0;31;0;0;2;1;13;A01
201100005523;0;17;0;0;2;8;1;B02
201100005523;0;10;0;0;2;8;13;A01
201100005524;0;30;0;8;0;1;1;A01
201100005525;0;7;0;8;0;7;16;A01
201100005526;0;7;0;0;2;3;1;B02
201100005526;0;7;0;0;2;3;5;A01
201100005527;0;14;0;0;0;1;2;A01
201100005527;0;17;0;0;0;4;2;B02
201100005528;0;33;0;3;0;1;1;A01
201100005529;0;7;0;6;0;1;2;A01
201100005530;0;7;0;13;0;4;1;A01
201100005531;0;7;0;0;2;1;17;A01
201100005531;0;7;0;0;2;1;1;B02
201100005532;0;10;0;0;2;1;1;C03
201100005532;0;7;0;0;2;1;1;A01
201100005532;0;7;0;0;2;1;1;B02
201100005533;0;30;0;2;0;1;0;A01
201100005534;0;7;0;0;2;1;1;B02
201100005534;0;7;0;0;2;1;13;A01
201100005535;0;7;0;0;2;3;15;A01
201100005535;0;33;0;0;2;8;1;B02
201100005536;0;7;0;0;0;2;1;A01
201100005536;0;1;0;0;0;0;1;B02
201100005537;0;33;0;13;0;8;1;A01
201100005538;0;17;0;0;2;1;1;B02
201100005538;0;7;0;11;2;2;15;A01
201100005539;0;7;0;16;0;1;1;A01
201100005540;0;7;0;0;2;8;21;B02
201100005540;0;7;0;0;2;;1;A01
201100005541;0;7;0;0;2;1;21;A01
201100005541;0;7;0;0;2;2;1;B02
201100005541;0;1;0;0;2;8;1;C03
201100005542;0;7;0;0;2;3;1;B02
201100005542;0;30;0;0;0;4;1;A01
201100005543;0;7;0;13;0;1;1;A01
201100005544;0;30;0;0;2;1;1;A01
201100005544;0;7;0;0;2;1;1;B02
201100005545;0;7;0;0;2;3;1;A01
201100005545;0;7;0;0;2;3;11;B02
201100005546;0;2;0;0;2;3;5;A01
201100005546;0;33;0;0;2;3;1;B02
201100005547;0;7;0;0;2;1;1;B02
201100005547;0;2;0;0;2;1;13;A01
201100005548;0;31;0;15;0;2;1;A01
201100005549;0;2;0;0;2;1;1;B02
201100005549;0;7;0;0;2;3;15;A01
201100005550;0;7;0;0;2;1;17;A01
201100005550;0;30;0;0;2;1;1;B02
201100005551;0;14;0;8;0;9;1;A01
201100005552;0;30;0;0;2;1;15;B02
201100005552;0;7;0;0;2;2;17;A01
201100005553;0;7;0;0;2;3;1;B02
201100005553;0;2;0;0;2;5;19;A01
201100005554;0;2;0;11;0;1;1;A01
201100005555;0;7;0;0;2;3;1;C01
201100005555;0;17;0;0;2;3;21;A01
201100005555;0;14;0;0;0;6;1;B01
201100005556;0;7;0;0;2;1;13;A01
201100005556;0;7;0;0;2;3;1;B01
201100005557;0;2;0;0;2;1;1;C01
201100005557;0;17;0;0;0;0;23;A01
201100005558;0;33;0;0;2;1;1;B01
201100005558;0;7;0;0;2;2;19;A01
201100005559;0;7;0;0;2;8;1;B01
201100005559;0;2;0;0;2;7;13;A01
201100005560;0;7;0;0;2;1;1;A01
201100005560;0;10;0;0;2;1;13;B01
201100005561;0;7;0;13;0;9;1;A01
201100005562;0;7;0;0;2;1;1;A01
201100005562;0;7;0;0;2;1;1;B01
201100005563;0;30;0;0;2;7;1;B01
201100005563;0;7;0;0;2;3;19;A01
201100005564;0;14;0;0;2;1;1;B02
201100005564;0;7;0;0;2;8;15;A01
201100005565;0;7;0;0;2;1;1;B02
201100005565;0;7;0;3;2;3;1;A01
201100005566;0;7;0;8;0;5;1;A01
201100005567;0;7;0;0;2;1;1;B01
201100005567;0;7;0;0;2;7;13;A01
201100005568;0;7;0;0;2;1;1;B01
201100005568;0;7;0;0;2;7;13;A01
201100005569;0;10;0;10;0;2;1;A01
201100005570;0;7;0;0;2;1;1;B01
201100005570;0;7;0;0;2;1;13;A01
201100005571;0;21;0;0;0;0;15;B01
201100005571;0;31;0;0;0;0;17;A01
201100005572;0;7;0;0;2;5;1;A01
201100005572;0;7;0;0;2;1;1;B01
201100005573;0;30;0;0;2;8;17;A01
201100005573;0;10;0;0;2;8;1;C03
201100005573;0;7;0;0;2;8;1;B02
201100005574;0;7;0;2;0;7;1;A01
201100005575;0;7;0;0;1;1;21;A01
201100005575;0;7;0;0;2;3;23;B02
201100005576;0;7;0;13;0;1;1;A01
201100005577;0;10;0;0;6;9;21;A01
201100005578;0;7;0;0;2;1;1;B01
201100005578;0;14;0;0;2;3;15;A01
201100005579;0;10;0;0;1;2;1;A01
201100005580;0;7;0;3;2;2;14;A01
201100005580;0;14;0;0;2;1;1;B01
201100005581;0;7;0;2;0;1;1;A01
201100005582;0;7;0;0;0;7;19;B01
201100005582;0;7;0;0;2;3;1;C01
201100005582;0;7;0;0;2;1;1;A01
201100005583;0;7;0;6;0;8;1;A01
201100005584;0;7;0;0;2;6;2;B01
201100005584;0;7;0;0;2;3;1;C01
201100005584;0;7;0;0;2;2;17;A01
201100005585;0;7;0;0;1;1;1;A01
201100005586;0;7;0;0;2;4;23;A01
201100005586;0;33;0;0;2;1;1;B01
201100005587;0;7;0;2;0;1;1;A01
201100005588;0;33;0;0;2;3;1;B01
201100005588;0;7;0;0;2;2;15;A01
201100005589;0;7;0;0;0;2;1;A01
201100005590;0;7;0;0;0;0;0;B01
201100005590;0;7;0;0;2;8;9;A01
201100005590;0;30;0;0;2;1;1;C01
201100005591;0;7;0;0;0;3;13;B01
201100005592;0;7;0;8;0;5;14;A01
201100005593;0;7;0;13;0;3;13;A01
201100005594;0;7;0;0;2;3;1;B02
201100005594;0;7;0;0;2;3;17;A01
201100005595;0;7;0;2;0;8;13;A01
201100005596;0;7;0;0;2;2;13;A01
201100005596;0;7;0;0;2;2;1;B01
201100005597;0;7;0;0;2;1;9;A01
201100005597;0;15;0;0;2;7;1;B01
201100005598;0;10;0;13;0;2;1;A01
201100005599;0;17;0;0;2;2;1;B01
201100005599;0;7;0;0;2;1;1;A01
201100005600;0;7;0;0;2;1;1;B01
201100005600;0;7;0;3;2;1;13;A01
201100005601;0;33;0;0;2;1;1;A01
201100005601;0;7;0;0;2;3;1;B02
201100005602;0;7;0;0;2;8;13;A01
201100005602;0;7;0;0;2;1;1;B02
201100005603;0;7;0;0;2;3;1;B02
201100005603;0;7;0;0;2;3;13;A01
201100005604;0;14;0;0;9;7;1;A01
201100005604;0;1;0;0;2;8;1;B02
201100005605;0;33;0;1;1;1;1;B02
201100005605;0;7;0;1;1;3;23;A01
201100005606;0;7;0;2;0;1;0;A01
201100005607;0;36;0;13;0;1;1;A01
201100005608;0;7;0;2;0;3;1;A01
201100005609;0;10;0;0;0;6;23;A01
201100005609;0;7;0;1;0;2;1;C01
201100005610;0;36;0;0;0;1;14;A01
201100005611;0;7;0;2;0;1;1;A01
201100005612;0;7;0;13;0;7;21;A01
201100005613;0;3;0;0;2;8;1;D01
201100005613;0;7;0;0;2;3;21;A01
201100005613;0;33;0;0;2;1;17;C01
201100005613;0;7;0;0;2;3;21;B01
201100005614;0;33;0;0;6;3;1;A01
201100005615;0;7;0;16;0;3;1;A01
201100005616;0;7;0;8;0;1;2;A01
201100005617;0;10;0;0;2;1;1;A01
201100005617;0;7;0;0;2;3;19;B02
201100005618;0;7;0;0;1;3;1;A01
201100005619;0;7;0;0;2;3;13;A01
201100005619;0;7;0;0;2;1;1;B02
201100005620;0;13;0;0;1;4;4;A01
201100005621;0;7;0;6;0;2;1;A01
201100005622;0;33;0;0;2;1;1;A01
201100005622;0;7;0;0;2;3;19;B01
201100005623;0;1;0;0;2;1;1;B01
201100005623;0;7;0;0;2;8;1;A01
201100005624;0;7;0;0;1;2;1;A01
201100005625;0;7;0;0;2;3;1;A01
201100005625;0;7;0;0;2;3;13;B01
201100005626;0;7;0;0;2;1;1;A01
201100005626;0;7;0;0;2;1;1;B01
201100005627;0;7;0;6;0;1;1;A01
201100005628;0;15;0;0;0;2;15;A01
201100005628;0;2;0;0;0;1;1;B02
201100005629;0;7;0;0;2;3;15;A01
201100005629;0;33;0;0;2;1;1;B02
201100005630;0;7;0;13;0;7;1;A01
201100005631;0;7;0;0;2;3;13;A01
201100005631;0;7;0;0;2;3;1;B01
201100005632;0;3;0;0;2;3;13;B01
201100005632;0;7;0;0;2;1;0;A01
201100005633;0;7;0;0;1;1;13;A01
201100005634;0;7;0;0;2;3;19;A01
201100005634;0;10;0;0;2;1;1;B02
201100005635;0;7;0;13;0;1;1;A01
201100005636;0;7;0;0;2;8;1;A01
201100005636;0;7;0;0;2;8;1;B02
201100005636;0;7;0;0;2;1;1;C03
201100005637;0;7;0;0;2;1;1;A01
201100005637;0;7;0;0;2;1;5;B02
201100005637;0;7;0;0;2;8;1;C03
201100005638;0;7;0;0;2;3;0;B02
201100005638;0;7;0;0;2;3;1;A01
201100005639;0;7;0;2;0;3;13;A01
201100005640;0;33;0;0;6;1;1;A01
201100005641;0;7;0;2;0;1;1;A01
201100005642;0;7;0;0;9;1;1;A01
201100005642;0;1;0;0;2;1;19;B02
201100005643;0;33;0;13;0;1;1;A01
201100005644;0;7;0;2;0;9;1;A01
201100005645;0;7;0;13;0;1;1;A01
201100005646;0;7;0;0;0;3;0;B02
201100005646;0;33;0;0;0;3;0;A01
201100005647;0;7;0;0;5;1;1;A01
201100005648;0;17;0;3;0;1;13;A01
201100005649;0;15;0;0;2;1;1;B01
201100005649;0;7;0;0;2;1;1;A01
201100005650;0;7;0;0;2;1;13;A01
201100005650;0;10;0;0;2;3;1;B02
201100005651;0;31;0;0;2;1;1;A01
201100005651;0;7;0;0;2;3;1;B02
201100005652;0;7;0;0;1;3;1;A01
201100005653;0;15;0;0;2;1;1;B01
201100005654;0;7;0;2;0;1;1;A01
201100005655;0;7;0;0;1;2;1;A01
201100005656;0;30;0;14;0;1;1;A01
201100005657;0;7;0;0;2;3;5;A01
201100005657;0;7;0;0;2;6;5;B02
201100005658;0;7;0;13;0;1;1;A01
201100005659;0;3;0;0;2;1;13;A01
201100005659;0;7;0;0;2;1;1;B02
201100005660;0;7;0;1;0;8;14;A01
201100005661;0;7;0;0;0;1;0;A01
201100005662;1;7;0;0;1;1;1;A01
201100005663;0;33;0;14;0;1;1;A01
201100005664;0;30;0;0;0;0;1;A01
201100005665;1;14;0;0;2;0;0;A01
201100005665;0;30;0;0;2;8;1;B02
201100005666;0;10;0;0;2;8;1;B02
201100005666;0;2;0;0;2;8;14;A01
201100005667;0;33;0;0;2;1;1;A01
201100005667;0;7;0;0;2;8;19;B02
201100005668;0;30;0;14;0;1;1;A01
201100005669;0;7;0;10;0;1;19;A01
201100005670;0;7;0;0;2;6;13;B02
201100005670;0;3;0;0;2;3;1;A01
201100005671;0;7;0;0;2;3;13;B02
201100005671;0;7;0;0;2;3;16;A01
201100005672;0;7;0;0;2;3;1;A01
201100005672;0;10;0;0;2;3;1;B02
201100005673;0;33;0;0;2;1;1;B02
201100005673;0;7;0;0;2;3;20;A01
201100005674;0;7;0;0;2;3;13;A01
201100005674;0;7;0;0;2;3;1;B02
201100005675;0;17;0;0;0;2;1;A01
201100005675;0;30;0;0;2;1;13;B02
201100005676;0;7;0;6;0;2;14;A01
201100005677;0;1;0;0;2;4;2;B01
201100005677;0;7;0;0;2;3;2;A01
201100005678;0;2;0;0;2;1;1;A01
201100005678;0;7;0;0;2;3;15;B01
201100005679;0;7;0;0;1;2;1;A01
201100005680;0;30;0;0;0;7;1;A01
201100005681;0;10;0;2;0;3;1;A01
201100005682;0;7;0;13;0;1;1;A01
201100005683;0;2;0;0;2;1;1;B02
201100005683;0;7;0;0;2;7;15;A01
201100005684;0;14;0;0;1;3;16;A01
201100005685;0;2;0;6;0;7;1;A01
201100005686;0;7;0;0;2;1;1;B01
201100005686;0;7;0;0;2;1;13;A01
201100005687;0;7;0;0;1;2;1;A01
201100005688;0;7;0;0;2;7;15;B01
201100005688;0;7;0;0;2;2;1;A01
201100005689;0;30;0;0;2;1;13;B01
201100005689;0;7;0;0;2;1;13;A01
201100005690;0;10;0;0;1;3;15;A01
201100005691;0;7;0;0;2;3;13;A01
201100005691;0;7;0;0;2;3;1;B01
201100005692;0;7;0;8;0;2;1;A01
201100005693;0;1;0;0;0;0;1;B02
201100005693;0;7;0;0;2;0;1;A01
201100005694;0;7;0;0;2;8;19;A01
201100005694;0;7;0;0;2;1;1;B02
201100005695;0;2;0;0;2;1;1;A01
201100005695;0;7;0;0;2;6;1;B01
201100005696;1;7;0;0;1;0;0;A01
201100005697;0;7;0;0;1;3;1;A01
201100005698;0;2;0;0;2;8;15;B01
201100005698;0;14;0;0;2;2;1;A01
201100005699;0;30;0;10;0;2;1;A01
201100005700;0;7;0;2;0;1;1;A01
201100005701;0;7;0;0;2;1;1;A01
201100005701;0;7;0;0;0;1;13;B02
201100005702;0;7;0;0;2;1;1;A01
201100005702;0;7;0;0;2;3;1;B02
201100005703;0;32;0;0;2;6;15;A01
201100005703;0;7;0;0;2;2;13;B02
201100005704;0;10;0;0;2;3;13;A01
201100005704;0;14;0;6;2;1;1;B01
201100005705;0;7;0;14;0;3;1;A01
201100005706;0;10;0;13;0;1;1;A01
201100005707;0;7;0;0;2;3;13;A01
201100005707;0;7;0;0;2;3;1;B01
201100005708;0;33;0;12;0;1;1;A01
201100005709;0;7;0;13;0;3;1;A01
201100005710;0;33;0;0;0;6;1;A01
201100005710;0;7;0;0;0;2;15;B02
201100005711;0;7;0;2;0;2;1;A01
201100005712;0;2;0;0;2;8;0;A01
201100005712;0;10;0;0;2;3;1;B01
201100005713;0;7;0;9;0;3;13;A01
201100005714;0;7;0;15;0;1;15;A01
201100005715;0;10;0;2;0;1;1;A01
201100005716;0;7;0;0;2;1;13;B01
201100005716;0;7;0;0;2;1;1;A01
201100005717;0;7;0;1;1;3;1;A01
201100005718;0;7;0;0;1;7;1;A01
201100005719;0;21;0;0;2;6;1;B02
201100005719;0;30;0;0;2;1;1;A01
201100005720;0;10;0;0;2;3;1;A01
201100005720;0;7;0;0;2;3;1;B02
201100005721;0;30;0;8;0;1;1;A01
201100005722;0;7;0;0;0;1;1;A01
201100005723;0;7;0;3;0;8;0;A01
201100005724;0;7;0;8;0;1;17;A01
201100005724;0;17;0;0;2;7;1;B02
201100005725;0;7;0;2;0;2;1;A01
201100005726;0;7;0;2;0;9;1;A01
201100005727;0;7;0;9;0;1;0;A01
201100005728;0;2;0;0;1;1;13;A01
201100005729;0;30;0;0;0;1;2;A01
201100005730;0;7;0;1;0;2;14;A01
201100005731;0;20;0;0;2;2;15;A01
201100005731;0;33;0;0;2;1;1;B02
201100005732;0;7;0;13;0;9;0;A01
201100005733;0;7;0;13;0;2;1;A01
201100005734;0;30;0;6;0;1;0;A01
201100005735;0;33;0;0;2;1;13;A01
201100005735;0;7;0;0;2;3;1;B02
201100005736;0;1;0;0;2;1;13;A01
201100005736;0;7;0;0;9;1;1;B02
201100005737;0;7;0;0;2;2;5;A01
201100005737;0;7;0;0;2;1;1;B02
201100005738;0;7;0;2;0;7;1;A01
201100005739;0;10;0;0;1;1;16;A01
201100005740;0;7;0;13;0;1;13;A01
201100005741;0;7;0;1;0;3;5;B02
201100005741;0;21;0;0;2;3;24;A01
201100005742;0;7;0;0;2;3;23;C03
201100005742;0;7;0;0;2;7;15;A01
201100005742;0;7;0;0;2;1;1;B02
201100005743;0;10;0;1;0;1;2;A01
201100005744;0;33;0;0;2;1;2;A01
201100005744;0;7;0;0;0;4;15;B02
201100005745;0;10;0;0;2;3;1;A01
201100005745;0;10;0;0;2;3;1;B02
201100005746;0;7;0;0;0;2;0;B02