num_acc;senc;catv;occutc;obs;obsm;choc;manv;num_veh
201100006144;0;33;0;16;0;1;1;A01
201100006145;0;10;0;16;0;1;1;A01
201100006146;0;33;0;0;2;7;1;B02
201100006146;0;7;0;0;2;1;1;A01
201100006147;0;10;0;0;1;2;1;A01
201100006148;0;7;0;2;0;7;14;A01
201100006149;0;7;0;2;0;3;1;A01
201100006150;0;1;0;0;2;4;2;B02
201100006150;0;10;0;0;9;2;2;A01
201100006151;0;7;0;13;0;1;16;A01
201100006152;0;7;0;6;0;1;1;A01
201100006153;0;33;0;13;0;0;1;A01
201100006154;0;7;0;8;0;1;1;A01
201100006155;0;7;0;0;2;3;1;B02
201100006155;0;7;0;0;2;3;13;A01
201100006156;0;7;0;0;0;9;16;A01
201100006157;0;1;0;0;0;0;1;A01
201100006157;0;1;0;14;0;1;1;B02
201100006157;0;1;0;14;0;0;21;C03
201100006157;0;1;0;14;0;0;21;D04
201100006157;0;1;0;14;0;0;21;E05
201100006158;0;2;0;0;2;1;15;A01
201100006158;0;7;0;0;2;1;1;B02
201100006159;0;7;0;0;2;1;1;B02
201100006159;0;7;0;0;2;1;13;A01
201100006160;0;7;0;13;0;1;1;A01
201100006161;0;7;0;2;0;3;1;A01
201100006162;0;7;0;8;0;3;1;A01
201100006163;0;30;0;6;0;7;1;A01
201100006164;0;7;0;13;0;1;1;A01
201100006165;0;7;0;0;0;9;0;A01
201100006166;0;7;0;0;2;3;1;B02
201100006166;0;7;0;0;2;3;13;A01
201100006167;0;7;0;0;0;2;0;A01
201100006167;0;33;0;0;0;3;0;B02
201100006168;0;7;0;6;0;2;0;A01
201100006169;0;7;0;0;0;9;1;A01
201100006170;0;7;0;5;0;9;1;A01
201100006171;0;10;0;0;0;0;15;B02
201100006171;0;33;0;0;0;7;1;A01
201100006172;0;7;0;0;1;1;1;A01
201100006173;0;33;0;0;5;1;1;A01
201100006174;0;33;0;0;0;8;2;A01
201100006175;0;1;0;12;0;1;1;A01
201100006176;0;7;0;2;0;1;1;A01
201100006177;0;10;0;0;0;9;1;A01
201100006178;0;7;0;0;2;3;1;B02
201100006178;0;2;0;0;2;7;10;A01
201100006179;2;7;0;13;0;9;0;A01
201100006180;0;7;0;2;0;8;14;A01
201100006181;0;7;0;0;2;1;5;A01
201100006181;0;7;0;0;2;3;1;B02
201100006182;0;7;0;2;0;2;1;A01
201100006183;0;10;0;0;2;1;1;B02
201100006183;0;7;0;0;2;1;1;A01
201100006184;0;7;0;0;2;3;1;B02
201100006184;0;30;0;0;2;7;15;A01
201100006185;0;7;0;0;1;2;1;A01
201100006186;0;2;0;6;0;1;1;A01
201100006187;0;7;0;8;0;3;1;A01
201100006188;0;7;0;0;2;7;1;A01
201100006188;0;1;0;0;2;1;19;B02
201100006189;0;33;0;0;6;8;1;A01
201100006190;0;15;0;0;0;8;16;A01
201100006191;0;7;0;13;0;2;1;A01
201100006192;0;7;0;6;0;1;15;A01
201100006193;0;7;0;13;0;7;1;A01
201100006194;0;15;0;2;0;1;1;A01
201100006195;0;33;0;0;0;7;1;A01
201100006196;0;7;0;8;2;9;17;B02
201100006196;0;7;0;8;2;9;13;A01
201100006197;0;7;0;13;0;9;1;A01
201100006198;0;7;0;8;0;7;1;A01
201100006199;0;1;0;0;2;1;13;A01
201100006199;0;7;0;0;2;2;1;B02
201100006200;0;7;0;0;0;2;0;A01
201100006201;0;14;0;0;0;1;1;A01
201100006202;0;7;0;0;2;1;13;A01
201100006202;0;7;0;0;2;1;0;B02
201100006203;0;7;0;13;0;1;1;A01
201100006204;0;10;0;0;2;8;15;A01
201100006204;0;7;0;0;2;7;17;B02
201100006205;0;7;0;13;0;1;1;A01
201100006206;0;7;0;13;0;9;1;A01
201100006207;0;7;0;13;0;1;1;A01
201100006208;0;1;0;12;0;7;1;A01
201100006209;0;33;0;0;0;8;1;A01
201100006210;0;7;0;0;2;2;1;B02
201100006210;0;7;0;0;2;2;13;A01
201100006211;0;7;0;13;0;9;1;A01
201100006212;0;7;0;8;0;7;1;A01
201100006213;0;15;0;0;2;1;1;B02
201100006213;0;7;0;0;2;2;1;C03
201100006213;0;7;0;0;2;1;13;A01
201100006213;0;7;0;0;0;0;1;D04
201100006214;0;7;0;0;1;8;1;A01
201100006215;0;7;0;0;2;6;1;B02
201100006215;0;33;0;0;2;1;21;A01
201100006216;0;30;0;6;0;2;14;A01
201100006217;0;33;0;13;0;3;1;A01
201100006218;0;33;0;0;5;1;1;A01
201100006219;0;7;0;13;0;2;1;A01
201100006220;0;33;0;0;2;1;1;C03
201100006220;0;33;0;0;2;1;1;A01
201100006220;0;7;0;0;2;1;1;B02
201100006221;0;31;0;0;5;1;1;A01
201100006222;0;7;0;0;2;1;1;A01
201100006222;0;7;0;0;2;8;15;B02
201100006223;0;7;0;13;0;1;1;A01
201100006224;0;7;0;15;0;2;14;A01
201100006225;0;7;0;0;2;1;1;B02
201100006225;0;7;0;0;2;1;13;A01
201100006226;0;7;0;13;0;8;1;A01
201100006227;0;7;0;0;2;5;19;A01
201100006227;0;33;0;0;2;1;1;B02
201100006228;0;7;0;2;0;7;1;A01
201100006229;0;7;0;2;0;1;1;A01
201100006230;0;7;0;2;0;2;1;A01
201100006231;0;7;0;6;0;1;13;A01
201100006232;0;7;0;13;0;7;1;A01
201100006233;0;7;0;2;2;1;3;B02
201100006233;0;7;0;0;2;3;1;A01
201100006234;0;7;0;6;0;3;13;A01
201100006235;0;7;0;13;0;2;1;A01
201100006236;0;2;0;0;0;8;1;B02
201100006236;0;7;0;0;2;2;14;A01
201100006237;0;30;0;0;0;8;1;A01
201100006238;0;7;0;0;2;8;0;B02
201100006238;0;7;0;0;2;3;19;A01
201100006239;0;7;0;0;0;9;1;A01
201100006240;0;7;0;0;2;1;1;B02
201100006240;0;7;0;0;2;1;17;A01
201100006241;0;7;0;0;1;1;1;A01
201100006242;0;7;0;0;2;3;1;B02
201100006242;0;7;0;0;2;1;1;A01
201100006243;0;33;0;16;0;1;1;A01
201100006244;0;7;0;2;0;1;1;A01
201100006245;0;7;0;13;0;3;13;A01
201100006246;0;31;0;0;0;8;1;A01
201100006247;0;7;0;0;2;5;19;A01
201100006247;0;7;0;0;2;1;0;B02
201100006248;0;33;0;13;0;8;1;A01
201100006249;0;7;0;13;0;1;19;A01
201100006250;0;33;0;0;0;8;2;A01
201100006251;0;7;0;0;2;1;1;A01
201100006251;0;7;0;0;2;3;1;B02
201100006252;0;7;0;2;0;8;14;A01
201100006253;0;10;0;0;2;3;9;A01
201100006253;0;7;0;0;2;2;1;B02
201100006253;0;2;0;0;2;3;1;C03
201100006254;0;17;0;0;2;2;1;A01
201100006254;0;7;0;2;2;4;1;C03
201100006255;0;7;0;0;2;3;15;A01
201100006255;0;31;0;0;2;1;1;B02
201100006256;0;7;0;2;0;1;1;A01
201100006257;0;7;0;0;2;7;19;A01
201100006257;0;7;0;0;2;3;1;B02
201100006258;0;10;0;2;0;8;13;A01
201100006259;0;7;0;0;2;1;17;A01
201100006259;0;7;0;0;2;1;1;B02
201100006259;0;10;0;0;2;1;1;C03
201100006260;0;7;0;0;9;3;15;A01
201100006260;0;1;0;0;2;8;1;B02
201100006260;0;7;0;0;2;1;23;C03
201100006261;0;38;0;0;2;1;1;B02
201100006261;0;7;0;0;2;8;19;A01
201100006262;0;7;0;0;2;6;17;A01
201100006262;0;33;0;0;2;7;17;B02
201100006263;0;7;0;7;0;1;0;A01
201100006264;0;10;0;14;2;1;21;B02
201100006264;0;7;0;0;2;2;21;C03
201100006264;0;15;0;0;0;5;4;A01
201100006265;0;7;0;0;2;1;5;B02
201100006265;0;7;0;0;2;1;1;A01
201100006266;0;15;0;0;2;8;1;A01
201100006266;0;7;0;0;2;3;13;C03
201100006267;0;7;0;2;0;1;13;A01
201100006268;0;7;0;0;2;1;1;A01
201100006268;0;7;0;0;2;3;9;B02
201100006269;0;7;0;13;0;1;1;A01
201100006270;0;7;0;0;2;3;15;B02
201100006270;0;33;0;0;2;1;17;A01
201100006271;0;10;0;13;0;2;1;A01
201100006272;0;10;0;0;2;1;1;A01
201100006272;0;7;0;0;2;1;1;B02
201100006273;0;7;0;0;9;7;1;A01
201100006273;0;1;0;0;2;1;19;B02
201100006274;0;7;0;0;6;1;1;A01
201100006275;0;7;0;6;0;1;1;A01
201100006276;0;7;0;2;0;3;19;A01
201100006277;0;7;0;2;2;2;17;A01
201100006277;0;13;0;0;2;3;15;B02
201100006278;0;14;0;0;0;0;2;A01
201100006279;0;30;0;0;6;1;1;A01
201100006280;0;30;0;0;2;1;1;B02
201100006280;0;7;0;0;2;4;1;A01
201100006281;0;30;0;0;2;1;1;A01
201100006281;0;7;0;0;2;8;15;B02
201100006282;0;7;0;0;2;6;15;A01
201100006282;0;17;0;0;2;3;1;B02
201100006283;0;7;0;13;0;1;1;A01
201100006284;0;7;0;0;0;6;10;A01
201100006284;0;33;0;0;2;1;1;B02
201100006285;0;7;0;0;2;3;1;B02
201100006285;0;1;0;0;2;0;15;A01
201100006286;0;7;0;0;2;3;1;B02
201100006286;0;7;0;0;2;3;1;A01
201100006287;0;7;0;13;0;1;1;A01
201100006288;0;7;0;0;2;8;19;A01
201100006288;0;7;0;0;2;1;1;B02
201100006289;0;7;0;3;0;3;14;A01
201100006290;0;7;0;13;0;9;0;A01
201100006291;0;7;0;13;0;1;14;A01
201100006292;0;7;0;14;0;1;14;A01
201100006293;0;17;0;13;0;0;14;A01
201100006294;0;7;0;0;2;2;2;B02
201100006294;0;7;0;0;0;6;11;A01
201100006295;0;7;0;0;0;0;1;A01
201100006296;0;30;0;4;0;1;2;A01
201100006297;0;7;0;0;2;3;2;A01
201100006297;0;7;0;0;2;2;2;B02
201100006298;0;7;0;2;0;1;1;A01
201100006299;0;7;0;2;0;1;1;A01
201100006300;0;7;0;13;0;1;1;A01
201100006301;0;7;0;0;0;3;1;A01
201100006302;0;7;0;6;0;1;1;A01
201100006303;0;7;0;2;0;1;1;A01
201100006304;0;7;0;6;0;1;1;A01
201100006305;0;7;0;2;0;8;1;A01
201100006306;0;7;0;2;0;7;1;A01
201100006307;0;7;0;0;2;2;1;A02
201100006308;0;1;0;0;2;8;1;A01
201100006308;0;7;0;0;2;6;1;B02
201100006309;0;36;0;0;0;0;1;A01
201100006310;0;33;0;8;0;2;1;A01
201100006311;0;7;0;0;2;3;1;B02
201100006311;0;7;0;0;2;2;1;A01
201100006312;0;10;0;0;2;4;23;B02
201100006312;0;7;0;0;2;4;23;C03
201100006312;0;7;0;0;2;1;1;A01
201100006313;0;7;0;0;2;8;17;A01
201100006313;0;33;0;0;2;9;17;B02
201100006314;0;1;0;13;0;0;13;A01
201100006315;0;7;0;0;1;3;1;A01
201100006316;0;7;0;0;2;8;16;A01
201100006316;0;7;0;0;0;3;1;B02
201100006317;0;7;0;0;2;3;1;A01
201100006317;0;10;0;0;2;3;1;B02
201100006318;0;7;0;0;0;3;1;A01
201100006318;0;7;0;0;0;2;15;B02
201100006319;0;7;0;0;2;3;1;B02
201100006319;0;7;0;0;2;3;13;A01
201100006320;0;7;0;0;1;2;1;A01
201100006321;0;30;0;2;0;1;1;A01
201100006322;0;30;0;0;0;0;1;A01
201100006323;0;7;0;0;1;2;1;A01
201100006324;0;7;0;0;2;1;1;B02
201100006324;0;7;0;0;2;7;1;A01
201100006325;0;7;0;0;2;1;15;A01
201100006325;0;33;0;0;2;1;1;B02
201100006326;0;33;0;0;2;8;1;B02
201100006326;0;7;0;0;2;1;15;A01
201100006327;0;7;0;0;2;6;23;B02
201100006327;0;30;0;0;2;1;1;A01
201100006328;0;10;0;0;0;1;1;A01
201100006329;0;7;0;0;2;1;17;A01
201100006329;0;7;0;0;2;3;1;B02
201100006330;0;7;0;13;0;9;1;A01
201100006331;0;7;0;6;0;1;1;A01
201100006332;0;30;0;0;0;7;1;A01
201100006333;0;2;0;0;2;3;1;C03
201100006333;0;2;0;0;2;2;5;A01
201100006333;0;7;0;0;2;1;1;B02
201100006334;0;7;0;0;1;7;1;A01
201100006335;0;7;0;0;2;1;16;B02
201100006335;0;30;0;0;2;1;13;A01
201100006336;0;21;0;13;0;2;1;A01
201100006337;0;10;0;0;0;5;1;B02
201100006337;0;2;0;0;2;1;2;A01
201100006338;0;7;0;0;0;8;15;A01
201100006338;0;33;0;0;2;1;1;B02
201100006339;0;7;0;0;2;3;1;A01
201100006339;0;14;0;0;2;6;1;B02
201100006340;0;7;0;13;0;9;1;A01
201100006341;0;7;0;16;0;1;1;A01
201100006342;0;7;0;13;0;1;1;A01
201100006343;0;1;0;0;2;4;2;B02
201100006343;0;7;0;0;2;2;2;A01
201100006344;0;30;0;0;0;7;1;A01
201100006345;0;7;0;0;9;1;1;B02
201100006345;0;2;0;0;2;1;13;A01
201100006346;0;7;0;13;0;1;14;A01
201100006347;0;7;0;13;0;1;1;A01
201100006348;0;7;0;2;0;1;1;A01
201100006349;0;7;0;0;2;3;1;A01
201100006349;0;7;0;0;2;3;13;B02
201100006350;0;33;0;6;0;1;1;A01
201100006351;0;33;0;2;0;7;21;A01
201100006352;0;7;0;0;2;3;19;A01
201100006352;0;10;0;0;2;1;1;B02
201100006353;0;7;0;2;0;3;1;A01
201100006354;0;7;0;0;0;1;1;B02
201100006354;0;7;0;0;0;7;19;A01
201100006355;0;7;0;0;1;3;1;A01
201100006356;0;7;0;8;0;3;1;A01
201100006357;0;7;0;13;0;1;1;A01
201100006358;0;7;0;6;0;3;1;A01
201100006359;0;7;0;0;0;6;23;B02
201100006359;0;2;0;0;2;2;21;A01
201100006360;0;7;0;13;0;3;13;A01
201100006361;0;2;0;0;2;1;5;A01
201100006361;0;7;0;0;2;3;1;B02
201100006362;0;33;0;7;0;1;16;A01
201100006363;0;1;0;0;2;8;1;B02
201100006363;2;7;0;0;9;7;1;A01
201100006364;0;2;0;0;2;8;16;B02
201100006364;0;7;0;0;2;2;1;A01
201100006365;0;7;0;2;0;2;1;A01
201100006366;0;7;0;6;0;1;1;A01
201100006367;0;7;0;0;2;1;1;B02
201100006367;0;7;0;0;0;3;15;A01
201100006367;0;13;0;0;2;3;1;C03
201100006368;0;7;0;0;2;3;0;A01
201100006368;0;7;0;0;2;3;21;B02
201100006369;0;7;0;0;2;2;15;A01
201100006369;0;31;0;0;2;1;1;B02
201100006370;0;33;0;0;2;1;17;A01
201100006370;0;17;0;0;2;6;1;D04
201100006370;0;7;0;0;2;3;1;B02
201100006370;0;7;0;0;1;3;1;C03
201100006371;0;33;0;0;2;1;17;A01
201100006371;0;13;0;0;2;8;15;B02
201100006372;0;7;0;3;0;1;14;A01
201100006373;0;7;0;0;2;1;1;B02
201100006373;0;7;0;0;2;2;21;C03
201100006373;0;7;0;0;2;1;13;A01
201100006374;0;7;0;0;2;7;1;B02
201100006375;0;7;0;0;0;0;11;B02
201100006375;0;15;0;0;2;0;1;C03
201100006375;0;7;0;0;2;3;1;A01
201100006375;0;15;0;0;2;6;1;D04
201100006376;0;33;0;0;2;1;1;B02
201100006376;0;7;0;0;9;3;15;A01
201100006377;0;14;0;0;1;3;1;A01
201100006378;0;10;0;0;2;2;1;B02
201100006378;0;33;0;0;2;8;1;A01
201100006379;0;7;0;0;2;3;2;A01
201100006379;0;7;0;0;2;8;1;B02
201100006380;0;16;0;13;0;3;21;A01
201100006381;0;7;0;0;2;3;1;A01
201100006381;0;7;0;0;2;3;1;B02
201100006382;0;7;0;0;2;2;13;B02
201100006382;0;15;0;0;2;1;1;A01
201100006383;0;7;0;0;2;8;13;A01
201100006383;0;7;0;0;2;8;1;B02
201100006384;0;7;0;1;0;1;2;A01
201100006384;0;10;0;0;0;4;24;B02
201100006385;0;7;0;6;0;1;19;A01
201100006386;0;17;0;0;1;3;0;A01
201100006387;0;7;0;0;2;1;5;A01
201100006387;0;7;0;0;2;1;1;B02
201100006388;0;7;0;13;0;1;19;A01
201100006389;0;7;0;0;2;1;1;B02
201100006389;0;7;0;0;2;1;13;A01
201100006390;0;2;0;0;2;3;1;A01
201100006390;0;7;0;0;2;1;1;B02
201100006391;0;7;0;6;0;1;1;A01
201100006392;0;2;0;0;2;1;1;B02
201100006392;0;32;0;0;2;1;15;A01
201100006393;0;7;0;0;2;3;1;A01
201100006393;0;7;0;0;2;3;13;B02
201100006394;0;16;0;0;2;2;1;A01
201100006394;0;7;0;0;2;7;1;B02
201100006395;0;10;0;0;0;1;1;A01
201100006396;0;7;0;0;2;8;15;A01
201100006396;0;7;0;0;2;1;1;B02
201100006397;0;7;0;1;1;1;1;A01
201100006397;0;7;0;0;0;8;23;B02
201100006398;0;1;0;13;0;9;14;A01
201100006399;0;7;0;0;2;2;1;A01
201100006399;0;2;0;0;2;1;5;B02
201100006400;0;2;0;0;2;1;1;B02
201100006400;0;37;0;0;2;5;0;A01
201100006401;0;1;0;0;0;0;1;A01
201100006402;0;1;0;0;9;1;1;A01
201100006402;0;1;0;0;0;1;1;B02
201100006403;0;14;0;0;2;5;15;A01
201100006403;0;1;0;0;2;1;0;B02
201100006404;0;14;0;0;2;3;19;A01
201100006404;0;33;0;0;2;1;1;B02
201100006405;0;7;0;0;2;1;15;B02
201100006406;0;7;0;0;2;3;15;A01
201100006406;0;33;0;0;2;1;1;B02
201100006407;0;7;0;6;0;7;13;A01
201100006408;0;7;0;0;2;5;13;A01
201100006408;0;7;0;0;2;1;1;B02
201100006409;0;7;0;0;2;1;1;A01
201100006409;0;7;0;0;2;8;15;B02
201100006410;0;10;0;6;0;1;13;A01
201100006411;0;7;0;13;0;1;1;A01
201100006412;0;1;0;0;0;1;13;B02
201100006412;0;33;0;0;2;1;1;A01
201100006413;0;32;0;0;1;1;1;A01
201100006414;0;33;0;0;0;8;0;A01
201100006415;0;7;0;10;0;9;1;A01
201100006416;0;7;0;13;0;3;1;A01
201100006417;0;7;0;6;0;2;1;A01
201100006418;0;7;0;0;2;2;1;A01
201100006418;0;30;0;0;2;6;15;B02
201100006419;0;7;0;0;1;1;2;A01
201100006420;2;7;0;6;0;3;16;A01
201100006421;0;7;0;0;2;1;5;A01
201100006421;0;7;0;0;2;1;1;C03
201100006421;0;7;0;0;2;1;1;B02
201100006422;0;1;0;1;0;1;1;B02
201100006422;0;7;0;0;0;0;22;A01
201100006423;0;7;0;0;2;1;1;B02
201100006423;0;7;0;0;2;2;15;A01
201100006423;0;7;0;0;2;8;23;C03
201100006424;0;36;0;13;0;1;13;A01
201100006425;0;7;0;0;2;3;15;A01
201100006425;0;10;0;0;2;1;1;B02
201100006426;0;7;0;13;0;9;13;A01
201100006427;0;7;0;16;0;9;1;A01
201100006428;0;7;0;2;0;7;1;A01
201100006429;0;33;0;0;2;1;2;C03
201100006429;0;33;0;0;2;1;13;A01
201100006429;0;15;0;0;2;8;1;B02
201100006430;0;10;0;0;2;1;13;C03
201100006430;0;7;0;0;2;1;0;A01
201100006430;0;14;0;0;2;1;0;B02
201100006431;0;7;0;0;2;1;1;B02
201100006431;0;7;0;0;2;1;13;A01
201100006432;0;7;0;0;0;4;23;B02
201100006432;0;7;0;0;2;3;2;A01
201100006433;0;1;0;0;2;8;1;A01
201100006433;0;7;0;0;2;1;1;B02
201100006434;0;7;0;0;2;1;21;B02
201100006434;0;7;0;0;2;1;13;A01
201100006435;0;7;0;0;5;3;21;A01
201100006436;0;10;0;0;2;1;1;B02
201100006436;0;7;0;0;2;1;13;A01
201100006437;0;7;0;2;0;1;1;A01
201100006438;0;7;0;2;0;7;1;A01
201100006439;0;7;0;0;2;9;1;A01
201100006439;0;15;0;0;2;2;1;B02
201100006440;0;7;0;13;0;1;1;A01
201100006441;0;31;0;0;2;1;13;A01
201100006441;0;10;0;0;2;8;1;B02
201100006442;0;7;0;0;2;3;21;B02
201100006442;0;7;0;0;2;5;9;A01
201100006443;0;10;0;0;2;1;1;C03
201100006443;0;10;0;0;2;4;15;B02
201100006443;0;10;0;0;2;1;2;A01
201100006444;0;7;0;0;2;2;5;A01
201100006444;0;7;0;0;2;1;1;B02
201100006445;0;2;0;0;2;4;15;B02
201100006445;0;7;0;0;2;3;1;C03
201100006445;0;7;0;14;2;1;1;A01
201100006446;0;7;0;13;0;2;1;A01
201100006447;0;7;0;0;0;6;16;B02
201100006447;0;33;0;14;0;2;21;A01
201100006448;0;2;0;8;0;1;1;A01
201100006449;0;1;0;0;2;1;1;B02
201100006449;1;7;0;0;0;0;0;A02
201100006450;0;10;0;2;0;2;1;A01
201100006451;0;1;0;0;2;1;1;B02
201100006451;0;7;0;0;2;2;15;A01
201100006452;0;7;0;0;1;2;1;A01
201100006453;0;1;0;0;2;4;1;C03
201100006453;0;7;0;0;9;4;2;B02
201100006453;0;7;0;0;2;1;2;A01
201100006454;0;7;0;0;2;2;15;A01
201100006454;0;7;0;0;2;2;1;B02
201100006455;0;7;0;16;0;9;1;A01
201100006456;0;7;0;0;0;4;23;B02
201100006456;0;7;0;0;2;1;1;A01
201100006457;0;33;0;0;2;1;1;B02
201100006457;0;7;0;0;2;1;1;C03
201100006457;0;7;0;0;2;7;15;A01
201100006458;0;14;0;0;2;3;1;B02
201100006458;0;7;0;0;2;1;1;A01
201100006459;0;7;0;0;2;1;15;A01
201100006459;0;10;0;0;2;8;1;B02
201100006460;0;7;0;0;0;8;1;B02
201100006460;0;7;0;0;2;8;1;A01
201100006461;0;7;0;13;0;9;1;A01
201100006462;0;30;0;0;2;7;1;A01
201100006462;0;10;0;0;2;1;13;B02
201100006463;0;7;0;0;2;2;13;A01
201100006463;0;7;0;0;2;1;1;B02
201100006464;0;7;0;0;0;7;13;A01
201100006464;0;10;0;0;2;1;1;B02
201100006464;0;7;0;0;2;1;1;D04
201100006464;0;7;0;0;2;1;1;C03
201100006465;0;7;0;0;1;1;1;A01
201100006466;0;7;0;16;6;9;21;A01
201100006467;0;10;0;0;2;8;13;A01
201100006467;0;7;0;0;2;1;1;B02
201100006468;1;7;0;0;1;2;1;A01
201100006469;0;7;0;13;0;1;1;A01
201100006470;0;7;0;0;2;2;13;A01
201100006470;0;7;0;0;2;1;1;B02
201100006470;0;10;0;0;2;1;1;C03
201100006471;0;10;0;0;2;7;1;A01
201100006471;0;7;0;0;2;1;1;B02
201100006472;0;10;0;0;2;8;1;B02
201100006472;0;7;0;0;2;1;1;C03
201100006472;0;7;0;0;2;3;15;A01
201100006473;0;10;0;0;2;7;15;A01
201100006473;0;33;0;0;2;1;1;B02
201100006474;0;10;0;0;2;3;1;B02
201100006474;0;7;0;0;2;1;13;A01
201100006475;0;7;0;2;0;8;1;A01
201100006476;0;7;0;0;2;1;16;C03
201100006476;0;7;0;0;2;1;15;A01
201100006476;0;7;0;0;2;1;1;B02
201100006477;0;7;0;0;2;7;1;A01
201100006477;0;7;0;0;2;2;15;B02
201100006478;0;7;0;2;0;2;1;A01
201100006479;0;33;0;0;2;7;9;B02
201100006479;0;7;0;0;2;3;9;A01
201100006480;0;7;0;0;2;7;15;A01
201100006480;0;7;0;0;2;1;1;B02
201100006481;0;7;0;0;2;2;21;A01
201100006481;0;1;0;0;2;6;2;B02
201100006482;0;7;0;0;2;1;15;A01
201100006482;0;31;0;0;2;8;1;B02
201100006483;0;30;0;9;0;0;1;A01
201100006484;0;7;0;0;1;1;1;A01
201100006485;0;7;0;0;2;1;19;A01
201100006485;0;33;0;0;2;7;17;B02
201100006486;0;7;0;0;2;1;15;A01
201100006486;0;30;0;0;2;1;1;B02
201100006487;0;7;0;0;2;8;10;A01
201100006487;0;30;0;0;2;1;17;B02
201100006488;0;7;0;0;1;8;21;A01
201100006488;0;7;0;0;0;0;23;B02
201100006489;0;7;0;0;2;4;23;A01
201100006489;0;7;0;0;2;1;2;B02
201100006490;0;7;0;0;2;8;13;A01
201100006490;0;13;0;0;2;2;1;B01
201100006491;0;7;0;0;0;4;23;A03
201100006491;0;7;0;0;2;1;1;A01
201100006491;0;7;0;0;2;9;23;A02
201100006492;0;7;0;0;0;9;14;A01
201100006493;0;7;0;0;1;7;2;A01
201100006494;0;7;0;0;2;8;9;A01
201100006494;0;13;0;0;2;1;1;B01
201100006495;0;2;0;0;2;1;1;B01
201100006495;0;7;0;0;0;6;15;A01
201100006496;0;7;0;0;1;1;1;A01
201100006497;0;33;0;6;0;9;13;A01
201100006498;0;1;0;0;2;7;11;B01
201100006498;0;7;0;0;2;8;15;A01
201100006499;0;7;0;0;2;0;1;B02
201100006499;0;10;0;0;2;1;13;A01
201100006500;0;1;0;0;0;8;21;B01
201100006500;0;7;0;0;0;0;24;A01
201100006501;0;7;0;0;2;1;1;A01
201100006501;0;7;0;0;2;8;9;B01
201100006502;0;7;0;;2;1;1;B02
201100006502;0;7;0;0;2;1;13;A01
201100006503;0;7;0;0;2;1;15;A01
201100006503;0;2;0;0;2;1;1;B02
201100006504;0;2;0;;2;9;10;A01
201100006504;0;7;0;0;2;1;2;A02
201100006505;0;30;0;0;1;1;1;A01
201100006506;0;7;0;0;1;2;16;A01
201100006507;1;7;0;0;0;0;0;A01
201100006508;0;7;0;0;2;7;1;B02
201100006508;0;7;0;0;2;1;1;A01
201100006509;0;1;0;0;2;2;13;A01
201100006509;0;7;0;0;9;3;1;B02
201100006510;0;7;0;0;2;2;2;A01
201100006510;0;7;0;0;2;6;2;B02
201100006511;0;7;0;3;0;2;14;A01
201100006512;0;7;0;0;1;1;1;A01
201100006513;0;7;0;2;0;7;1;A01
201100006514;0;21;0;0;2;7;1;A01
201100006514;0;30;0;0;2;1;1;B02
201100006515;0;7;0;0;2;3;13;A01
201100006515;0;7;0;0;2;3;1;B02
201100006516;0;2;0;0;2;1;1;B02
201100006516;0;7;0;0;2;1;15;A01
201100006517;0;10;0;0;2;1;13;A01
201100006517;0;7;0;0;2;2;1;B02
201100006517;0;7;0;0;2;7;1;C03
201100006518;0;7;0;2;0;1;1;A01
201100006519;0;7;0;2;0;1;1;A01
201100006520;0;33;0;13;0;7;1;A01
201100006520;0;7;0;0;0;1;9;B02
201100006521;0;7;0;2;0;2;14;A01
201100006522;0;7;0;0;1;3;1;A01
201100006523;0;7;0;0;1;1;1;A01
201100006524;0;7;0;3;0;3;1;A01
201100006525;0;10;0;2;0;2;1;A01
201100006526;0;31;0;0;2;1;1;A01
201100006526;0;7;0;0;2;5;16;B02
201100006527;0;7;0;2;0;1;13;A01
201100006528;0;7;0;2;0;1;1;A01
201100006529;0;10;0;0;0;4;23;B02
201100006529;0;7;0;0;2;1;1;A01
201100006530;0;33;0;13;0;1;2;A01
201100006531;0;33;0;0;2;1;2;A01
201100006531;0;7;0;0;2;2;15;B02
201100006532;0;7;0;2;0;8;1;A01
201100006533;0;7;0;2;0;1;1;A01
201100006534;0;7;0;2;0;1;13;A01
201100006535;0;7;0;0;2;7;17;A01
201100006535;0;2;0;0;2;1;15;B02
201100006536;0;7;0;2;0;1;1;A01
201100006537;0;7;0;0;2;3;1;A01
201100006537;0;10;0;0;2;3;1;B02
201100006538;0;7;0;2;0;1;1;A01
201100006539;0;7;0;13;0;1;13;A01
201100006540;0;7;0;0;2;2;13;A01
201100006540;0;7;0;0;2;1;1;B02
201100006541;0;3;0;0;2;3;1;B02
201100006541;0;7;0;0;2;1;17;A01
201100006542;0;33;0;0;2;1;1;A01
201100006542;0;7;0;0;2;1;1;B02
201100006543;0;21;0;0;2;3;1;A01
201100006543;0;7;0;0;2;1;1;B02
201100006544;0;10;0;0;2;4;1;B02
201100006544;0;7;0;0;2;4;1;D04
201100006544;0;17;0;0;2;2;1;A01
201100006544;0;7;0;0;2;4;1;C03
201100006545;0;7;0;2;0;1;1;A01
201100006546;0;33;0;0;2;2;1;A01
201100006546;0;10;0;0;2;6;1;B02
201100006547;0;7;0;3;0;1;21;A01