num_acc;senc;catv;occutc;obs;obsm;choc;manv;num_veh
201100006548;0;7;0;0;0;9;1;A01
201100006549;0;10;0;0;2;1;0;A01
201100006549;0;21;0;0;2;6;1;B02
201100006550;0;7;0;13;0;9;13;A01
201100006551;0;30;0;2;2;1;1;B02
201100006551;0;7;0;2;2;1;17;A01
201100006552;0;2;0;0;9;1;13;A01
201100006552;0;1;0;0;2;1;1;B02
201100006553;0;7;0;0;2;3;13;A01
201100006553;0;37;0;0;2;3;1;B02
201100006554;0;7;0;0;2;8;1;D04
201100006554;0;7;0;0;2;8;1;A01
201100006554;0;7;0;0;2;9;1;C03
201100006554;0;7;0;0;2;9;1;F06
201100006554;0;99;0;0;2;1;1;B02
201100006555;0;7;0;0;2;3;1;B02
201100006555;0;33;0;0;2;1;1;A01
201100006556;0;7;0;2;0;1;1;A01
201100006557;0;1;0;0;0;1;1;B02
201100006557;0;7;0;0;0;2;1;A01
201100006558;0;2;0;2;0;1;14;A01
201100006559;0;7;0;0;2;8;1;B02
201100006559;0;7;0;0;2;8;13;A01
201100006560;0;7;0;0;2;3;15;A01
201100006560;0;30;0;0;2;1;1;B02
201100006561;0;10;0;0;1;3;1;A01
201100006562;0;7;0;2;0;3;1;A01
201100006563;0;10;0;2;0;1;14;A01
201100006564;0;31;0;0;2;1;1;B02
201100006564;0;7;0;0;2;1;5;A01
201100006565;0;7;0;0;2;1;13;A01
201100006565;0;17;0;0;2;1;1;B02
201100006566;0;7;0;13;0;2;1;A01
201100006567;0;7;0;2;0;3;19;A01
201100006568;0;7;0;0;2;2;1;A01
201100006568;0;30;0;0;2;1;13;B02
201100006569;0;33;0;0;2;2;17;B02
201100006569;0;7;0;0;2;6;1;A01
201100006570;0;7;0;0;2;5;15;B02
201100006570;0;33;0;0;2;1;1;A01
201100006570;0;7;0;0;9;3;16;D04
201100006570;0;7;0;0;2;8;1;C03
201100006571;0;10;0;13;0;1;1;A01
201100006572;0;33;0;0;1;1;1;A01
201100006573;0;7;0;2;0;1;1;A01
201100006574;0;7;0;0;2;7;1;A01
201100006574;0;10;0;0;2;1;19;B02
201100006575;0;7;0;0;5;2;1;A01
201100006576;0;7;0;6;0;1;1;A01
201100006577;0;7;0;13;0;3;1;A01
201100006578;0;7;0;0;0;2;1;A01
201100006579;0;33;0;13;0;1;1;A01
201100006580;0;7;0;13;0;1;1;A01
201100006581;0;1;0;0;2;4;1;B02
201100006581;0;7;0;0;2;2;1;A01
201100006582;0;7;0;2;0;8;1;A01
201100006583;0;7;0;6;0;3;1;A01
201100006584;0;7;0;2;0;1;1;A01
201100006585;0;33;0;0;2;4;1;B02
201100006585;0;33;0;0;2;1;1;A01
201100006586;0;7;0;3;2;1;21;B02
201100006586;0;7;0;0;2;2;21;A01
201100006587;0;7;0;0;2;6;0;C03
201100006587;0;2;0;0;2;3;13;A01
201100006587;0;7;0;0;2;3;21;B02
201100006588;0;2;0;16;0;0;1;A01
201100006589;0;33;0;13;0;7;1;A01
201100006590;0;33;0;0;2;1;1;B02
201100006590;0;7;0;0;2;8;15;A01
201100006591;0;7;0;2;0;1;1;A01
201100006592;0;7;0;2;0;6;1;A01
201100006593;0;7;0;0;2;1;1;A01
201100006593;0;10;0;0;2;2;19;B02
201100006594;0;7;0;13;0;3;1;A01
201100006595;0;7;0;2;0;3;1;A01
201100006596;0;33;0;0;2;1;1;B02
201100006596;0;7;0;0;2;8;15;A01
201100006597;0;2;0;0;0;1;1;A01
201100006598;0;7;0;6;0;9;1;A01
201100006599;0;7;0;6;0;2;19;A01
201100006600;0;7;0;0;5;1;1;A01
201100006601;0;7;0;13;0;3;1;A01
201100006602;0;7;0;0;2;1;1;B02
201100006602;0;7;0;0;2;1;17;A01
201100006603;0;10;0;13;0;1;1;A01
201100006604;0;31;0;0;2;1;2;B02
201100006604;0;7;0;0;2;3;19;A01
201100006605;0;33;0;13;0;1;14;A01
201100006606;0;33;0;0;2;1;1;B02
201100006606;0;7;0;0;2;7;15;A01
201100006607;0;7;0;0;1;2;2;A01
201100006608;0;7;0;2;0;8;1;A01
201100006609;0;1;0;0;0;7;1;A01
201100006609;0;7;0;0;2;3;16;B02
201100006610;0;7;0;0;2;3;1;B02
201100006610;0;10;0;0;2;3;13;A01
201100006611;0;7;0;2;0;3;1;A01
201100006612;0;7;0;0;0;1;1;A01
201100006613;0;7;0;6;0;1;19;A01
201100006614;0;7;0;0;2;2;5;A01
201100006614;0;7;0;0;2;2;1;B02
201100006615;0;7;0;11;0;1;1;A01
201100006616;0;7;0;0;0;1;2;B02
201100006616;0;7;0;0;0;4;2;A01
201100006617;0;35;0;12;0;2;1;A01
201100006618;0;7;0;13;0;1;1;A01
201100006619;0;10;0;0;2;1;1;B02
201100006619;0;7;0;0;2;1;13;A01
201100006620;0;10;0;2;6;3;21;A01
201100006621;0;7;0;8;0;3;1;A01
201100006622;0;30;0;0;2;8;19;A01
201100006622;0;7;0;0;2;1;0;B02
201100006623;0;7;0;13;0;1;1;A01
201100006624;0;7;0;2;0;2;1;A01
201100006625;0;7;0;0;2;3;13;A01
201100006625;0;7;0;0;2;3;1;B02
201100006626;0;7;0;0;0;1;13;A01
201100006627;0;10;0;13;0;0;1;A01
201100006628;0;7;0;2;6;3;14;A01
201100006629;0;33;0;0;2;1;1;A01
201100006629;0;7;0;0;2;7;15;B02
201100006630;0;7;0;2;2;4;17;B02
201100006630;0;17;0;2;2;3;17;A01
201100006631;0;7;0;13;0;5;2;B02
201100006631;0;7;0;13;2;2;2;A01
201100006632;0;33;0;0;0;8;1;A01
201100006633;0;33;0;13;0;1;14;A01
201100006634;0;7;0;2;0;1;13;A01
201100006635;0;7;0;6;0;1;14;A01
201100006636;0;7;0;0;0;9;0;A01
201100006637;0;7;0;0;2;2;1;B02
201100006637;0;1;0;0;2;7;19;A01
201100006638;0;7;0;0;1;4;4;A01
201100006639;0;33;0;0;2;1;13;A01
201100006639;0;14;0;0;2;3;1;B02
201100006640;0;7;0;0;0;1;1;A01
201100006641;0;7;0;0;1;8;1;A01
201100006642;0;7;0;0;1;2;21;A01
201100006643;0;10;0;0;2;3;2;A01
201100006643;0;10;0;0;2;5;2;B01
201100006644;0;7;0;0;2;8;10;A01
201100006644;0;33;0;0;2;1;17;B02
201100006645;0;7;0;0;0;3;21;A01
201100006645;0;7;0;4;0;1;6;B02
201100006646;0;7;0;0;0;3;2;A01
201100006647;0;7;0;0;2;3;13;A01
201100006647;0;7;0;0;2;1;1;B02
201100006648;0;33;0;0;0;7;0;B02
201100006648;0;7;0;0;0;3;0;A01
201100006649;0;7;0;0;2;3;1;B02
201100006649;0;7;0;0;0;3;13;A01
201100006650;0;33;0;0;0;0;0;A01
201100006651;0;33;0;0;2;1;1;B02
201100006651;0;7;0;0;0;8;10;A01
201100006652;0;33;0;0;0;0;17;A01
201100006653;0;38;6;0;1;5;1;A01
201100006654;0;7;0;0;2;1;5;A01
201100006654;0;14;0;0;2;1;1;B02
201100006655;0;7;0;0;0;0;0;A01
201100006656;0;33;0;0;0;2;0;A01
201100006656;0;7;0;0;0;0;0;B01
201100006657;0;7;0;0;0;0;0;A01
201100006657;0;7;0;0;0;0;0;B01
201100006658;0;7;0;0;0;8;15;A01
201100006658;0;33;0;0;0;1;17;B02
201100006659;0;33;0;0;2;7;17;B02
201100006659;0;7;0;0;2;8;15;A01
201100006660;0;7;0;0;0;8;19;B02
201100006660;0;33;0;0;2;1;1;A01
201100006661;0;33;0;0;2;1;17;A01
201100006661;0;7;0;0;2;1;1;B02
201100006662;0;7;0;2;0;5;0;A01
201100006663;0;30;0;0;2;1;21;B02
201100006663;0;7;0;0;2;3;21;A01
201100006664;0;7;0;0;0;0;2;A01
201100006664;0;33;0;0;0;0;0;B01
201100006665;0;15;0;0;9;2;21;A01
201100006665;0;1;0;0;2;4;2;B02
201100006666;0;7;0;0;1;3;1;A01
201100006667;0;7;0;0;2;2;15;A01
201100006667;0;31;0;0;2;1;1;B02
201100006668;0;10;0;0;2;2;1;A01
201100006668;0;7;0;0;2;2;16;B02
201100006669;0;7;0;0;1;2;1;A01
201100006670;0;7;0;0;0;3;0;A01
201100006670;0;7;0;0;0;3;1;B01
201100006671;0;7;0;0;2;1;15;A01
201100006671;0;33;0;0;2;1;1;B02
201100006672;0;14;0;0;1;1;17;A01
201100006673;0;14;0;0;2;2;9;B02
201100006673;0;7;0;0;0;0;0;A01
201100006674;0;33;0;0;2;1;13;A01
201100006674;0;14;0;0;2;8;1;B02
201100006675;0;7;0;8;0;1;5;A01
201100006676;0;33;0;0;2;1;18;B02
201100006676;0;7;0;0;2;5;19;A01
201100006677;0;7;0;0;2;1;1;A01
201100006677;0;33;0;0;0;9;6;C03
201100006677;0;33;0;0;2;1;6;B02
201100006678;0;7;0;0;0;2;1;A01
201100006679;0;33;0;0;5;0;0;A01
201100006679;0;7;0;0;9;1;3;B02
201100006680;0;14;0;0;2;5;17;A01
201100006680;0;37;1;0;2;3;13;B02
201100006680;0;7;0;0;2;1;5;C03
201100006681;0;7;0;0;2;2;20;A01
201100006681;0;30;0;0;2;1;1;B02
201100006682;0;31;0;12;0;7;1;A01
201100006683;0;7;0;0;2;1;1;A01
201100006683;0;7;0;0;2;8;1;B02
201100006684;0;30;0;8;0;1;0;A01
201100006685;0;7;0;14;2;1;1;A01
201100006685;0;7;0;14;2;4;1;B02
201100006685;0;7;0;14;2;4;1;C03
201100006685;0;7;0;0;0;4;1;D04
201100006686;0;7;0;0;2;7;1;A01
201100006686;0;33;0;0;2;3;18;B02
201100006687;0;7;0;0;2;7;1;A01
201100006687;0;7;0;0;2;1;1;B02
201100006688;0;7;0;0;1;3;1;A01
201100006689;0;7;0;0;1;3;15;A01
201100006690;0;99;0;0;2;1;19;B02
201100006690;0;7;0;0;1;3;1;A01
201100006691;0;7;0;0;2;1;1;A01
201100006691;0;33;0;0;2;1;5;B01
201100006692;0;32;0;0;0;1;17;B02
201100006692;0;7;0;0;0;8;15;A01
201100006693;0;33;0;0;1;3;15;A01
201100006694;0;30;0;0;2;1;17;A01
201100006694;0;7;0;0;2;1;1;B02
201100006695;0;33;0;2;0;1;14;A01
201100006696;0;7;0;1;1;7;17;A01
201100006697;0;7;0;0;2;3;1;A01
201100006697;0;7;0;0;2;7;1;B02
201100006698;0;37;0;6;2;1;1;A01
201100006698;0;7;0;0;2;4;23;G07
201100006698;0;7;0;0;2;4;23;F06
201100006698;0;7;0;0;2;4;23;C03
201100006698;0;7;0;6;2;5;1;B02
201100006698;0;7;0;0;2;4;1;D04
201100006698;0;7;0;0;2;4;23;E05
201100006699;0;7;0;6;2;7;5;A01
201100006699;0;7;0;0;2;1;5;B02
201100006700;0;7;0;0;2;3;17;A01
201100006700;0;10;0;0;2;3;1;B02
201100006701;0;33;0;0;2;1;13;A01
201100006701;0;7;0;0;2;3;0;B02
201100006701;0;10;0;0;2;6;0;C03
201100006702;0;17;0;0;2;7;10;A01
201100006702;0;33;0;0;2;1;1;B02
201100006703;0;7;0;0;2;3;1;A01
201100006703;0;33;0;0;2;1;1;B02
201100006704;0;33;0;0;0;7;1;A01
201100006705;0;33;0;0;2;7;2;B02
201100006705;0;7;0;0;2;6;2;A01
201100006706;0;7;0;0;0;3;0;B02
201100006706;0;7;0;0;2;3;1;A01
201100006707;0;1;0;0;0;6;2;B02
201100006707;0;10;0;0;9;2;2;A01
201100006708;0;30;0;0;2;1;17;B02
201100006708;0;7;0;0;2;6;15;A01
201100006709;0;7;0;8;0;1;1;A01
201100006710;1;14;0;0;1;3;17;A01
201100006711;0;33;0;0;2;3;5;A01
201100006711;0;7;0;0;2;3;5;B02
201100006712;0;7;0;0;2;1;13;A01
201100006712;0;15;0;0;2;3;1;B02
201100006713;0;7;0;0;2;2;15;A01
201100006713;0;33;0;0;2;1;5;B02
201100006714;0;33;0;2;0;1;1;A01
201100006715;0;7;0;0;2;1;1;B02
201100006715;0;33;0;0;2;1;5;A01
201100006716;0;10;0;0;2;8;10;B02
201100006716;0;7;0;0;2;1;1;A01
201100006717;0;7;0;0;2;1;6;A01
201100006717;0;14;0;0;2;1;1;B02
201100006718;0;7;0;8;0;2;1;A01
201100006719;0;7;0;14;2;4;1;A01
201100006719;0;7;0;14;2;1;1;B02
201100006720;2;10;0;2;0;2;1;A01
201100006721;0;7;0;0;1;2;1;A01
201100006722;0;37;1;0;2;3;13;A01
201100006722;0;37;1;0;2;3;1;B02
201100006723;0;7;0;0;2;1;19;A01
201100006723;0;7;0;0;2;9;1;B01
201100006724;0;7;0;0;2;2;1;A01
201100006724;0;7;0;0;2;3;1;B02
201100006724;0;7;0;0;2;1;23;C03
201100006725;0;33;0;3;0;0;1;A01
201100006725;0;33;0;3;0;0;1;B02
201100006726;0;7;0;0;1;1;1;A01
201100006727;0;7;0;15;0;1;1;A01
201100006728;0;7;0;13;0;7;1;A01
201100006729;0;7;0;0;1;4;4;A01
201100006730;0;7;0;13;0;2;1;A01
201100006731;0;7;0;0;2;4;1;A01
201100006731;0;7;0;0;2;1;1;B02
201100006732;0;7;0;0;2;3;15;A01
201100006732;0;1;0;0;2;1;1;B02
201100006733;0;2;0;0;2;1;5;B02
201100006733;0;7;0;0;2;3;1;A01
201100006734;0;14;0;16;0;9;1;A01
201100006735;0;2;0;0;0;0;0;A01
201100006736;0;33;0;0;2;1;1;A01
201100006736;0;7;0;0;2;3;15;B02
201100006737;0;10;0;0;2;2;19;A01
201100006737;0;31;0;0;2;8;1;B02
201100006738;0;7;0;2;0;9;21;A01
201100006739;0;7;0;0;2;1;1;B02
201100006739;0;33;0;0;2;1;13;A01
201100006740;0;7;0;0;2;3;1;A01
201100006740;0;30;0;0;0;0;0;B02
201100006741;0;7;0;0;2;7;17;A01
201100006741;0;30;0;0;2;8;15;B02
201100006742;0;7;0;0;2;7;15;A01
201100006742;0;2;0;0;2;1;1;B02
201100006743;0;7;0;0;0;2;0;A01
201100006744;0;7;0;0;2;1;1;A01
201100006744;0;7;0;0;2;4;1;B02
201100006745;0;7;0;0;2;3;1;B02
201100006745;0;10;0;0;2;3;13;A01
201100006746;0;33;0;2;0;1;1;A01
201100006747;0;30;0;0;0;1;1;A01
201100006747;0;7;0;0;0;3;1;B02
201100006748;0;7;0;0;2;3;1;B02
201100006748;0;10;0;0;2;3;13;A01
201100006749;0;7;0;0;1;3;1;A01
201100006750;0;15;0;0;2;3;1;A01
201100006750;0;7;0;0;2;3;15;B02
201100006751;0;7;0;0;0;0;19;A01
201100006751;0;33;0;14;0;1;21;B02
201100006752;0;21;0;0;9;6;1;B02
201100006752;0;1;0;0;2;1;1;A01
201100006753;0;7;0;0;2;7;15;A01
201100006753;0;33;0;0;2;1;1;B02
201100006754;0;7;0;0;2;2;1;A01
201100006754;0;7;0;0;2;2;17;B02
201100006755;0;7;0;6;0;1;1;A01
201100006756;0;33;0;13;0;1;1;A01
201100006757;0;31;0;5;0;1;0;A01
201100006758;0;10;0;3;0;1;1;A01
201100006759;0;7;0;0;0;7;14;A01
201100006760;0;7;0;0;2;1;13;A01
201100006760;0;7;0;0;2;3;1;B02
201100006761;0;7;0;0;2;3;0;A01
201100006761;0;7;0;0;2;6;0;B02
201100006761;0;7;0;0;2;3;0;C03
201100006762;0;30;0;0;2;1;13;A01
201100006762;0;30;0;0;2;1;1;B02
201100006763;0;7;0;0;2;1;1;B02
201100006763;0;7;0;0;2;1;5;A01
201100006764;0;31;0;0;2;3;1;A01
201100006764;0;7;0;0;2;2;17;B02
201100006765;0;7;0;0;1;2;1;A01
201100006766;0;33;0;8;0;1;1;A01
201100006767;0;7;0;0;2;3;1;A01
201100006767;0;33;0;0;2;7;1;B02
201100006768;0;32;0;0;2;1;1;A01
201100006768;0;10;0;0;2;6;1;B02
201100006769;0;7;0;0;2;7;13;A01
201100006769;0;7;0;0;2;1;1;B02
201100006770;1;7;0;0;1;2;1;A01
201100006771;0;7;0;0;2;3;1;A01
201100006771;0;10;0;0;2;3;14;B02
201100006771;0;7;0;0;2;5;15;C03
201100006772;0;37;0;0;2;1;1;B02
201100006772;0;7;0;0;2;1;13;A01
201100006773;0;7;0;0;0;9;1;A01
201100006774;0;33;0;0;2;1;17;A01
201100006774;0;10;0;0;2;4;15;B02
201100006775;0;7;0;0;2;3;13;A01
201100006775;0;10;0;0;2;3;1;B02
201100006776;0;7;0;0;2;8;19;B02
201100006776;0;7;0;0;2;3;1;A01
201100006777;0;7;0;0;0;2;1;A01
201100006777;0;1;0;0;2;1;9;B02
201100006778;0;7;0;3;0;3;13;A01
201100006778;0;7;0;3;2;3;1;B02
201100006779;0;7;0;0;0;9;1;A01
201100006780;0;7;0;0;0;0;17;A01
201100006781;0;10;0;0;0;0;14;A01
201100006782;0;7;0;2;0;1;1;A01
201100006783;0;7;0;0;1;2;1;A01
201100006784;0;7;0;0;2;3;9;A01
201100006784;0;30;0;0;2;1;1;B01
201100006785;0;7;0;15;0;3;0;A01
201100006786;0;33;0;0;2;1;17;A01
201100006786;0;14;0;0;2;6;15;B02
201100006787;0;7;0;0;2;8;1;B02
201100006787;0;7;0;0;2;2;19;A01
201100006788;0;21;0;0;2;0;19;B02
201100006788;0;33;0;0;2;2;1;A01
201100006789;0;7;0;0;2;3;1;B02
201100006789;0;7;0;0;2;2;19;A01
201100006790;0;7;0;0;2;4;0;A01
201100006790;0;10;0;0;2;1;0;B02
201100006791;0;7;0;0;2;8;15;A01
201100006791;0;7;0;0;2;1;1;B02
201100006792;0;7;0;0;0;0;14;A01
201100006792;0;10;0;0;0;1;1;B02
201100006793;0;7;0;0;2;5;15;A01
201100006793;0;7;0;0;2;2;1;B02
201100006794;0;7;0;0;2;1;1;B02
201100006794;0;7;0;0;2;1;13;A01
201100006795;0;17;0;0;2;2;1;B02
201100006795;0;7;0;0;2;3;19;A01
201100006796;0;7;0;0;2;1;13;B02
201100006796;0;7;0;0;2;1;1;A01
201100006796;0;7;0;0;2;0;1;C03
201100006797;0;30;0;0;2;7;1;B02
201100006797;0;7;0;0;0;2;9;A01
201100006798;0;10;0;0;2;1;2;A01
201100006798;0;10;0;0;2;4;23;B02
201100006798;0;10;0;0;2;6;1;C03
201100006799;0;7;0;12;0;1;1;A01
201100006800;0;7;0;0;1;2;1;A01
201100006801;0;31;0;0;2;1;1;A01
201100006801;0;7;0;0;2;2;15;B02
201100006802;0;7;0;0;2;1;19;A01
201100006802;0;7;0;0;2;1;1;B02
201100006803;1;7;0;0;0;0;17;A01
201100006803;0;1;0;0;2;1;21;B02
201100006803;0;7;0;0;2;3;1;C03
201100006804;0;10;0;0;1;2;2;A01
201100006805;0;7;0;8;0;1;14;A01
201100006806;0;2;0;0;2;1;0;A01
201100006806;1;14;0;0;0;2;4;B02
201100006807;0;31;0;1;2;1;2;A01
201100006807;0;31;0;0;2;4;15;B02
201100006807;0;7;0;0;2;5;0;C03
201100006808;0;7;0;0;2;3;1;B02
201100006808;0;7;0;0;2;2;1;A01
201100006808;0;7;0;0;2;1;23;C03
201100006809;0;32;0;0;2;1;1;A01
201100006809;0;14;0;0;0;3;1;B02
201100006810;0;7;0;0;2;1;13;A01
201100006810;0;7;0;0;2;1;1;B02
201100006811;0;7;0;15;2;1;9;A01
201100006811;0;7;0;13;2;3;1;B01
201100006812;0;7;0;0;0;1;1;B02
201100006812;0;7;0;0;0;2;13;A01
201100006813;0;7;0;8;0;3;1;A01
201100006814;0;30;0;0;2;3;1;A01
201100006814;0;7;0;0;2;2;1;B02
201100006815;0;30;0;0;1;1;1;A01
201100006816;0;7;0;0;2;3;1;B02
201100006816;0;7;0;0;2;3;13;A01
201100006817;0;7;0;0;2;8;9;A01
201100006817;0;2;0;0;2;7;1;B02
201100006818;0;7;0;0;0;4;23;A01
201100006818;0;33;0;1;0;2;17;B02
201100006818;0;7;0;0;0;3;0;C03
201100006818;0;7;0;0;0;8;0;D04
201100006819;0;7;0;0;0;1;1;A01
201100006820;0;7;0;0;1;1;1;A01
201100006821;0;7;0;0;2;1;1;A01
201100006821;0;30;0;0;2;0;1;B02
201100006822;0;10;0;16;0;8;1;A01
201100006823;0;32;0;0;0;0;1;A01
201100006824;0;33;0;3;0;1;0;A01
201100006825;0;33;0;0;0;8;1;A01
201100006826;0;33;0;0;2;1;13;A01
201100006826;0;10;0;0;2;3;1;B02
201100006827;0;33;0;3;0;7;1;A01
201100006828;0;17;0;0;2;7;17;A01
201100006828;0;7;0;0;2;8;1;B02
201100006829;0;7;0;0;9;3;13;A01
201100006829;0;1;0;0;2;1;13;B02
201100006830;0;10;0;0;9;3;1;B02
201100006830;0;30;0;0;2;1;5;A01
201100006830;0;7;0;0;9;3;1;C03
201100006831;0;38;1;0;0;0;1;A01
201100006832;0;7;0;0;2;6;0;A01
201100006832;0;7;0;0;2;3;0;B02
201100006833;0;31;0;11;0;1;17;A01
201100006834;0;33;0;6;2;1;14;A01
201100006834;0;7;0;0;2;1;1;B02
201100006835;0;2;0;0;2;1;1;B02
201100006835;0;2;0;0;2;1;1;A01
201100006836;0;7;0;0;0;6;15;A01
201100006836;0;33;0;0;0;1;2;B02
201100006837;0;7;0;0;1;3;1;A01
201100006838;0;7;0;0;2;3;1;A01
201100006838;0;7;0;0;2;8;1;B02
201100006838;0;7;0;0;2;7;1;C03
201100006838;0;7;0;0;2;5;1;D04
201100006838;0;7;0;0;2;7;1;E05
201100006839;0;33;0;0;2;1;1;B02
201100006839;0;7;0;0;2;2;16;A01
201100006840;0;7;0;15;0;3;1;A01
201100006841;0;7;0;6;0;1;19;A01
201100006842;0;7;0;0;2;3;0;B01
201100006842;0;30;0;0;2;2;0;A01
201100006843;0;21;0;0;2;1;1;B02
201100006843;0;33;0;0;2;1;13;A01
201100006844;0;30;0;0;0;4;2;A01
201100006844;0;7;0;0;2;1;2;B02
201100006845;0;7;0;0;2;1;13;A01
201100006845;0;38;1;0;2;1;1;B02
201100006846;0;7;0;2;0;2;1;A01
201100006847;0;7;0;13;0;1;1;A01
201100006848;0;14;0;0;2;8;1;B02
201100006848;0;10;0;0;2;3;1;A01
201100006848;0;7;0;0;2;3;1;C03
201100006849;0;10;0;6;0;3;1;A01
201100006850;0;7;0;2;0;7;1;A01
201100006851;0;10;0;0;9;0;0;A01
201100006851;0;1;0;0;9;8;1;B02
201100006852;0;2;0;0;2;1;1;A01
201100006852;0;7;0;0;2;8;15;B02
201100006853;0;1;0;6;0;1;0;A01
201100006854;0;7;0;0;2;7;1;B02
201100006854;0;7;0;0;2;2;1;C03
201100006854;0;33;0;0;2;8;13;A01
201100006855;1;14;0;0;9;0;1;A01
201100006855;0;33;0;0;9;8;1;B02
201100006856;0;7;0;0;2;1;1;A01
201100006856;0;7;0;0;2;3;19;B02
201100006857;0;33;0;0;2;1;1;A01
201100006857;0;7;0;0;2;8;19;B02
201100006858;0;33;0;14;0;7;21;A01
201100006859;0;7;0;0;2;1;5;A01
201100006859;0;7;0;0;2;1;1;B02
201100006860;0;7;0;0;4;6;1;A01
201100006861;0;30;0;14;0;7;17;A01
201100006862;0;7;0;0;2;7;15;A01
201100006862;0;7;0;0;2;2;1;B02
201100006863;0;7;0;3;0;1;17;A01
201100006864;0;33;0;0;2;1;1;B02
201100006864;0;7;0;0;2;1;17;A01
201100006865;0;7;0;4;2;8;1;A01
201100006865;0;7;0;16;2;7;1;B02
201100006866;0;7;0;0;2;3;5;A01
201100006866;0;14;0;0;2;1;1;B02
201100006867;0;7;0;0;0;3;1;B02
201100006867;0;7;0;0;0;7;15;A01
201100006868;0;10;0;0;2;1;13;A01
201100006868;0;37;1;0;2;1;1;B02
201100006869;0;7;0;0;0;8;1;A01
201100006870;0;33;0;5;0;7;1;A01
201100006871;0;7;0;0;0;7;10;A01
201100006871;0;7;0;0;0;3;1;B02
201100006872;0;7;0;0;2;5;1;A01
201100006872;0;30;0;0;0;1;16;B02
201100006873;0;7;0;8;0;1;1;A01
201100006874;0;7;0;6;0;1;0;A01
201100006875;0;33;0;0;2;1;1;B02
201100006875;0;7;0;0;2;2;15;A01
201100006876;0;2;0;0;2;1;2;A01
201100006876;0;7;0;0;0;5;1;B02
201100006876;0;7;0;0;0;0;20;C03
201100006877;0;99;0;0;0;0;1;B02
201100006877;0;7;0;0;0;0;15;A01
201100006878;0;33;0;0;0;7;1;A01
201100006878;0;2;0;0;2;8;16;B02
201100006879;0;36;0;0;0;9;15;A01
201100006880;0;33;0;0;0;8;1;A01
201100006881;0;10;0;0;2;2;1;A01
201100006881;0;30;0;0;2;6;9;B02
201100006882;0;7;0;2;0;1;1;A01
201100006883;0;7;0;0;2;3;1;A01
201100006883;0;7;0;0;2;3;1;B02
201100006884;0;2;0;0;2;6;15;A01
201100006884;0;7;0;0;2;2;17;B02
201100006885;0;7;0;0;0;8;1;A01
201100006885;0;30;0;0;2;1;1;B02
201100006886;0;7;0;0;0;3;1;A01
201100006887;0;7;0;0;0;0;1;A01
201100006888;0;7;0;0;2;1;1;A01
201100006888;0;3;0;0;2;8;9;B02
201100006889;0;10;0;0;2;2;15;A01
201100006889;0;7;0;0;2;1;1;B02
201100006890;0;7;0;6;0;3;0;A01
201100006891;0;14;0;0;2;4;1;A01
201100006891;0;14;0;0;9;3;1;B02
201100006892;0;7;0;0;2;1;1;A01
201100006892;0;7;0;0;2;1;15;B02
201100006893;0;10;0;0;2;2;15;B02
201100006893;0;33;0;0;2;1;1;A01
201100006894;0;7;0;16;0;9;1;A01
201100006895;0;99;0;8;0;1;1;A01
201100006896;0;7;0;0;2;1;1;A01
201100006896;0;7;0;0;2;8;1;C03
201100006896;0;10;0;0;2;3;17;B02
201100006897;0;30;0;0;2;1;5;A01
201100006897;0;7;0;0;9;1;1;B02
201100006898;0;33;0;6;0;1;16;A01
201100006899;0;7;0;8;0;7;1;A01
201100006900;0;7;0;0;2;5;15;A01
201100006900;0;2;0;0;2;1;1;B02
201100006901;0;7;0;0;2;3;1;B02
201100006901;0;7;0;0;2;3;13;A01
201100006902;0;20;0;0;0;4;0;D04
201100006902;0;7;0;14;0;1;1;B02
201100006902;0;7;0;0;2;1;1;C03
201100006902;0;7;0;0;2;6;23;A01
201100006903;0;7;0;2;0;3;14;A01
201100006904;0;7;0;13;0;2;1;A01
201100006905;0;33;0;12;9;3;1;A01
201100006906;0;10;0;0;2;3;15;B02
201100006906;0;7;0;0;2;3;1;A01
201100006907;0;7;0;0;2;3;13;A01
201100006907;0;7;0;0;2;3;1;B02
201100006908;0;7;0;2;0;7;0;A01
201100006909;0;7;0;13;0;3;1;A01
201100006910;0;7;0;0;2;3;1;A01
201100006910;0;33;0;0;2;1;1;B02
201100006911;0;7;0;0;2;3;1;B02
201100006911;0;7;0;0;2;3;1;A01
201100006912;0;7;0;2;0;1;11;A01
201100006913;0;7;0;6;0;3;16;A01
201100006914;0;7;0;0;0;0;15;A01
201100006914;0;2;0;10;0;1;17;B02
201100006915;0;7;0;0;2;3;13;A01
201100006915;0;15;0;0;2;6;1;B02
201100006916;0;7;0;0;2;2;1;A01
201100006916;0;1;0;0;2;4;1;B02
201100006917;0;10;0;0;2;6;23;A01
201100006917;0;1;0;1;0;1;2;B02
201100006918;0;7;0;0;2;3;13;A01
201100006918;0;7;0;0;2;3;1;B02
201100006919;0;7;0;3;0;8;1;B02
201100006919;0;7;0;3;0;2;17;A01
201100006920;0;7;0;0;2;7;1;B02
201100006920;0;1;0;0;2;1;9;A01
201100006921;0;7;0;0;2;1;1;B02
201100006921;0;2;0;0;2;6;9;A01
201100006922;0;7;0;0;2;6;1;B02
201100006922;0;7;0;0;2;2;19;A01
201100006923;0;7;0;0;2;8;9;A01
201100006923;0;33;0;0;2;1;0;B02