num_acc;senc;catv;occutc;obs;obsm;choc;manv;num_veh
201100006924;0;30;0;0;0;0;0;A01
201100006925;0;33;0;0;2;8;17;A01
201100006925;0;15;0;0;2;6;1;C03
201100006925;0;10;0;0;2;3;1;B02
201100006926;0;7;0;6;0;5;1;A01
201100006926;0;7;0;0;0;0;1;B02
201100006927;0;7;0;0;2;5;2;A01
201100006927;0;7;0;1;0;6;0;C03
201100006927;0;7;0;1;0;6;0;D04
201100006927;0;7;0;0;2;1;2;B02
201100006928;0;7;0;12;0;7;1;A01
201100006929;0;7;0;0;9;3;9;A01
201100006929;0;33;0;0;2;1;1;B02
201100006930;0;1;0;0;0;4;1;B02
201100006930;0;7;0;0;0;1;16;A01
201100006931;0;7;0;2;0;3;1;A01
201100006932;0;10;0;0;0;0;1;A01
201100006933;0;7;0;2;0;1;13;A01
201100006934;0;7;0;2;0;7;1;A01
201100006935;0;7;0;0;0;1;1;A01
201100006936;0;7;0;0;2;3;1;B02
201100006936;0;7;0;0;2;8;1;A01
201100006937;0;7;0;0;9;1;1;A01
201100006938;0;7;0;0;2;2;15;A01
201100006938;0;1;0;0;2;1;1;B02
201100006939;0;7;0;2;0;7;1;A01
201100006940;0;1;0;0;2;1;1;B02
201100006940;0;7;0;0;2;3;15;A01
201100006941;0;7;0;0;1;1;1;A01
201100006942;0;7;0;0;2;1;1;B02
201100006942;0;7;0;0;2;8;10;A01
201100006943;0;7;0;0;1;1;20;A01
201100006944;0;7;0;0;2;1;13;A01
201100006944;0;14;0;0;2;2;1;B02
201100006945;0;7;0;0;2;3;1;B02
201100006945;0;7;0;0;2;8;2;C03
201100006945;0;7;0;0;2;2;15;A01
201100006946;0;10;0;0;2;2;2;A01
201100006946;0;7;0;0;0;6;23;B02
201100006947;0;7;0;0;2;1;1;A01
201100006947;0;7;0;0;2;3;9;B02
201100006948;0;7;0;0;2;1;1;A01
201100006948;0;7;0;0;2;2;19;B02
201100006949;0;33;0;0;2;1;2;A01
201100006949;0;7;0;0;2;4;23;B02
201100006950;0;10;0;0;1;2;1;A01
201100006951;0;7;0;0;1;2;1;A01
201100006952;0;7;0;0;2;3;15;B02
201100006952;0;2;0;0;2;1;1;A01
201100006953;0;7;0;2;0;1;1;A01
201100006954;0;7;0;0;2;1;13;A01
201100006954;0;10;0;0;2;1;1;B02
201100006955;0;13;0;0;0;2;16;B02
201100006955;0;1;0;0;2;4;18;A01
201100006956;0;1;0;0;2;7;1;B02
201100006956;0;7;0;0;2;1;1;A01
201100006957;0;7;0;2;0;1;17;A01
201100006958;0;7;0;2;0;3;14;A01
201100006959;0;15;0;0;0;1;1;B02
201100006959;0;7;0;0;0;4;23;A01
201100006960;0;7;0;0;2;1;1;A01
201100006960;0;7;0;0;2;1;1;B02
201100006960;0;7;0;0;2;1;19;C03
201100006961;0;7;0;0;0;9;15;A01
201100006961;0;7;0;0;0;8;1;C03
201100006961;0;7;0;0;0;1;1;B02
201100006962;0;7;0;0;2;4;23;B02
201100006962;0;7;0;0;2;1;1;A01
201100006963;0;7;0;2;0;9;1;A01
201100006964;0;7;0;0;2;1;13;A01
201100006964;0;7;0;0;2;1;1;B02
201100006965;0;15;0;0;2;1;1;B02
201100006965;0;7;0;0;2;1;13;A01
201100006966;0;10;0;0;0;0;0;A01
201100006967;0;33;0;0;6;2;21;A01
201100006968;0;30;0;16;0;8;1;A01
201100006969;1;7;0;0;2;1;1;B02
201100006969;0;7;0;0;2;7;13;A01
201100006970;0;7;0;0;2;1;1;A01
201100006970;0;2;0;0;2;8;2;B02
201100006971;0;7;0;0;2;1;1;A01
201100006971;0;30;0;0;2;8;16;B02
201100006972;0;7;0;13;0;1;1;A01
201100006973;0;7;0;0;2;3;1;B02
201100006973;0;31;0;0;2;1;13;A01
201100006974;0;7;0;0;2;1;1;B02
201100006974;0;7;0;0;2;1;13;A01
201100006975;0;30;0;0;0;7;16;A01
201100006976;0;7;0;0;0;4;2;A01
201100006976;0;7;0;0;2;1;1;B02
201100006977;0;7;0;9;0;1;9;A01
201100006978;0;31;0;0;2;1;1;B02
201100006978;0;7;0;0;2;5;19;A01
201100006979;0;7;0;0;1;2;16;A01
201100006980;0;7;0;0;1;2;1;A01
201100006981;0;7;0;0;2;2;1;B02
201100006981;0;7;0;0;2;1;19;A01
201100006982;0;7;0;0;2;1;0;A01
201100006982;0;3;0;0;2;1;0;B02
201100006983;0;7;0;0;2;3;15;A01
201100006983;0;33;0;1;2;8;1;B02
201100006983;0;7;0;0;2;8;23;C03
201100006984;0;33;0;0;2;4;2;C03
201100006984;0;7;0;0;2;1;1;A01
201100006984;0;7;0;0;2;6;2;B02
201100006985;0;33;0;0;0;3;15;A01
201100006985;0;33;0;0;0;2;15;B02
201100006986;0;7;0;0;2;3;9;A01
201100006986;0;31;0;0;2;1;1;B02
201100006987;0;7;0;0;2;1;2;C03
201100006987;0;7;0;0;2;1;13;A01
201100006987;0;7;0;0;2;3;1;B02
201100006988;0;7;0;1;1;2;0;A01
201100006989;0;7;0;0;0;7;1;A01
201100006989;0;15;0;0;0;1;1;B02
201100006990;0;7;0;16;0;1;21;A01
201100006991;0;10;0;0;2;3;21;B02
201100006991;0;7;0;0;2;3;17;A01
201100006992;0;1;0;0;2;3;1;B02
201100006992;0;7;0;0;2;7;15;A01
201100006993;0;10;0;0;2;1;1;A01
201100006993;0;2;0;0;2;3;15;B02
201100006994;0;7;0;0;2;5;15;A01
201100006994;0;30;0;0;2;1;1;B02
201100006995;0;7;0;0;1;1;1;A01
201100006996;0;7;0;0;2;7;13;A01
201100006996;0;7;0;0;2;1;1;B02
201100006997;0;7;0;0;1;1;1;A01
201100006998;0;33;0;2;0;9;0;A01
201100006999;0;7;0;0;0;6;15;B02
201100006999;0;33;0;0;2;1;2;A01
201100007000;0;32;0;0;2;1;1;B02
201100007000;0;7;0;0;2;3;15;A01
201100007001;0;7;0;0;2;3;19;A01
201100007001;0;31;0;0;2;1;1;B02
201100007002;0;7;0;2;0;8;1;A01
201100007003;0;7;0;6;0;1;13;A01
201100007004;0;7;0;0;2;3;1;C03
201100007004;0;33;0;0;2;3;13;A01
201100007004;0;7;0;0;2;3;1;B02
201100007005;0;7;0;0;2;3;1;B02
201100007005;0;7;0;0;2;2;13;A01
201100007006;0;31;0;13;0;1;15;A01
201100007007;0;7;0;16;0;3;1;A01
201100007008;0;7;0;0;0;9;1;A01
201100007009;0;33;0;0;2;7;1;B02
201100007009;0;7;0;0;2;5;15;A01
201100007010;0;2;0;0;2;1;1;B02
201100007010;0;10;0;0;0;6;1;A01
201100007011;0;7;0;0;1;1;1;A01
201100007012;0;14;0;0;1;2;16;A01
201100007013;0;7;0;2;0;3;1;A01
201100007014;0;32;0;1;0;1;1;A01
201100007015;0;7;0;0;6;9;2;A01
201100007016;0;7;0;8;0;1;13;A01
201100007017;0;7;0;0;2;1;2;A01
201100007017;0;7;0;0;2;4;2;B02
201100007017;0;7;0;0;2;1;23;C03
201100007018;0;7;0;0;2;2;1;A01
201100007018;0;38;0;0;2;1;9;B02
201100007019;0;7;0;6;0;2;1;A01
201100007020;0;7;0;0;0;1;13;A01
201100007020;0;7;0;0;0;3;1;B02
201100007021;0;7;0;0;2;8;1;A01
201100007021;0;7;0;0;2;1;1;C03
201100007021;0;7;0;0;2;1;19;B02
201100007022;0;7;0;8;0;3;0;A01
201100007023;0;99;0;0;2;8;1;B02
201100007023;0;7;0;0;2;8;13;A01
201100007024;0;1;0;0;2;1;13;B02
201100007024;0;7;0;0;9;3;1;A01
201100007025;0;7;0;0;2;2;1;A01
201100007025;0;1;0;0;2;1;0;B02
201100007026;0;7;0;0;2;3;15;A01
201100007026;0;2;0;0;2;1;1;B02
201100007027;0;30;0;0;2;1;1;B02
201100007027;0;10;0;0;0;2;6;A01
201100007028;0;7;0;13;0;1;14;A01
201100007029;0;7;0;0;2;3;1;A01
201100007029;0;33;0;0;2;3;17;B02
201100007030;0;7;0;0;2;1;13;A01
201100007030;0;15;0;0;2;1;1;B02
201100007031;0;7;0;0;1;3;1;A01
201100007032;0;1;0;0;2;1;15;A01
201100007032;0;7;0;0;2;2;1;B02
201100007033;0;10;0;2;0;2;1;A01
201100007034;0;7;0;0;2;2;1;A01
201100007034;0;30;0;0;2;1;5;B02
201100007035;0;7;0;0;2;3;6;B02
201100007035;0;33;0;0;2;1;1;A01
201100007036;0;10;0;2;0;1;14;A01
201100007037;0;7;0;0;1;1;1;A01
201100007038;0;3;0;0;2;2;15;A01
201100007038;0;7;0;0;2;1;1;B02
201100007039;0;7;0;0;2;2;17;A01
201100007039;0;7;0;0;2;3;1;B02
201100007040;0;7;0;0;2;1;17;A01
201100007040;0;7;0;2;2;4;1;B02
201100007041;0;10;0;0;2;7;15;A01
201100007041;0;30;0;0;2;1;1;B02
201100007042;0;30;0;0;2;8;15;B02
201100007042;0;31;0;0;2;1;1;A01
201100007043;0;7;0;0;2;6;23;B02
201100007043;0;7;0;0;2;2;1;A01
201100007044;0;15;0;0;0;0;0;A01
201100007045;0;7;0;0;2;2;1;A01
201100007045;0;1;0;0;2;8;19;B02
201100007046;0;7;0;0;0;8;24;A01
201100007046;0;1;0;1;0;1;1;B02
201100007047;0;7;0;0;0;3;13;A01
201100007047;0;33;0;0;2;2;1;B02
201100007048;0;7;0;0;2;6;19;A01
201100007048;0;2;0;0;2;1;17;B02
201100007049;0;7;0;0;2;8;10;A01
201100007049;0;7;0;0;2;1;1;B02
201100007050;0;7;0;0;0;2;1;A01
201100007050;0;99;0;0;2;1;19;B02
201100007051;0;7;0;0;2;8;1;A01
201100007051;0;33;0;0;2;8;1;B02
201100007052;0;7;0;2;0;7;1;A01
201100007053;0;32;0;0;2;1;1;B02
201100007053;0;7;0;0;0;2;19;A01
201100007054;0;7;0;2;0;3;1;A01
201100007055;0;7;0;0;2;1;0;B02
201100007055;0;7;0;0;2;1;0;A01
201100007056;0;7;0;2;0;8;1;A01
201100007057;0;7;0;3;2;3;17;A01
201100007057;0;7;0;0;0;6;2;B02
201100007057;0;7;0;3;2;3;1;C03
201100007058;0;7;0;6;2;1;1;A01
201100007058;0;7;0;0;2;1;1;B02
201100007059;0;33;0;0;2;1;1;A01
201100007059;0;7;0;0;2;1;9;B02
201100007060;0;7;0;0;0;0;1;A01
201100007060;0;33;0;0;0;0;2;B02
201100007061;0;7;0;0;2;3;1;A01
201100007061;0;1;0;0;2;2;19;B02
201100007062;0;33;0;0;2;1;1;B02
201100007062;0;7;0;0;2;6;15;A01
201100007063;0;7;0;0;2;1;1;A01
201100007063;0;7;0;0;0;7;1;B02
201100007064;0;7;0;0;2;3;1;B02
201100007064;0;7;0;0;2;6;1;C03
201100007064;0;7;0;0;2;3;13;A01
201100007065;0;7;0;0;2;1;0;B02
201100007065;0;7;0;0;2;1;0;A01
201100007066;0;33;0;0;2;1;13;A01
201100007066;0;31;0;0;2;1;1;B02
201100007067;0;10;0;0;0;9;1;A01
201100007068;0;7;0;2;0;1;1;A01
201100007069;0;7;0;2;0;1;1;A01
201100007070;0;7;0;0;2;1;13;A01
201100007070;0;7;0;0;2;1;1;B02
201100007071;0;7;0;0;1;5;1;A01
201100007072;0;7;0;0;2;7;1;B02
201100007072;0;2;0;0;2;8;10;A01
201100007073;0;33;0;16;0;1;14;A01
201100007074;0;7;0;0;0;6;15;A01
201100007074;0;2;0;0;2;1;2;B02
201100007075;0;33;0;6;0;2;1;A01
201100007076;0;1;0;14;0;2;1;A01
201100007077;0;33;0;0;2;1;1;A01
201100007077;0;7;0;0;2;5;15;B02
201100007078;0;7;0;0;1;1;1;A01
201100007079;0;33;0;0;0;1;17;A01
201100007079;0;7;0;0;0;3;1;B02
201100007079;0;7;0;0;0;2;1;C03
201100007080;0;7;0;0;1;1;1;A01
201100007081;0;10;0;0;1;3;4;A01
201100007082;0;10;0;0;2;4;2;B02
201100007082;0;10;0;0;2;4;2;C03
201100007082;0;10;0;0;2;1;2;A01
201100007083;0;2;0;12;0;1;1;A01
201100007084;0;7;0;6;0;9;1;A01
201100007085;0;33;0;0;0;8;1;A01
201100007086;0;7;0;2;0;1;1;A01
201100007087;0;1;0;10;0;1;1;A01
201100007087;0;1;0;0;2;1;1;B02
201100007088;0;7;0;0;2;3;1;A01
201100007088;0;7;0;0;2;1;15;B02
201100007089;0;99;0;2;0;1;1;A01
201100007090;0;7;0;0;1;2;1;A01
201100007091;0;7;0;6;0;1;2;A01
201100007091;0;7;0;0;2;8;1;B02
201100007092;0;31;0;1;2;5;16;B02
201100007092;0;7;0;0;2;2;2;A01
201100007093;0;7;0;0;2;2;16;B02
201100007093;0;2;0;0;2;1;1;A01
201100007094;0;1;0;0;0;1;15;A01
201100007094;0;7;0;0;0;7;1;B02
201100007095;0;7;0;3;0;1;1;A01
201100007096;0;7;0;0;2;3;9;A01
201100007096;0;2;0;0;2;7;16;B02
201100007097;0;7;0;0;2;1;1;B02
201100007097;0;7;0;2;2;1;13;A01
201100007098;0;33;0;6;0;0;1;A01
201100007099;0;2;0;0;2;8;1;B02
201100007099;0;7;0;0;2;3;13;A01
201100007100;0;7;0;0;2;1;1;B02
201100007100;0;7;0;0;2;1;19;A01
201100007101;0;10;0;0;2;2;13;A01
201100007101;0;10;0;0;2;1;1;B02
201100007102;0;7;0;6;0;9;1;A01
201100007103;0;7;0;0;0;8;0;A01
201100007103;0;2;0;0;0;8;3;B02
201100007104;0;7;0;0;2;1;1;A01
201100007104;0;14;0;0;2;2;1;B02
201100007105;0;7;0;0;2;3;13;A01
201100007105;0;7;0;0;2;3;1;B02
201100007106;0;7;0;0;2;2;1;B02
201100007106;0;7;0;0;2;2;19;A01
201100007107;0;7;0;2;0;1;1;A01
201100007108;0;7;0;0;2;1;1;B02
201100007108;0;7;0;0;2;1;1;A01
201100007109;0;14;0;0;1;4;4;A01
201100007110;0;1;0;0;1;1;1;A01
201100007111;0;31;0;0;0;0;1;A01
201100007112;0;1;0;1;0;1;1;B02
201100007112;0;15;0;0;2;6;23;A01
201100007113;0;7;0;0;2;2;9;A01
201100007113;0;34;0;0;2;4;1;B02
201100007114;0;7;0;0;2;4;23;B02
201100007114;0;7;0;0;2;4;1;A01
201100007115;0;7;0;0;2;1;1;B02
201100007115;0;7;0;0;2;1;9;A01
201100007116;0;7;0;8;0;3;5;A01
201100007117;0;7;0;13;0;1;0;A01
201100007118;0;30;0;12;0;1;1;A01
201100007119;0;10;0;0;1;7;17;A01
201100007120;0;7;0;0;0;3;20;A01
201100007120;0;33;0;0;2;1;1;B02
201100007121;0;21;0;0;2;8;15;B02
201100007121;0;31;0;0;2;1;1;A01
201100007122;0;7;0;0;2;2;15;A01
201100007122;0;7;0;0;2;1;1;B02
201100007122;0;7;0;0;2;1;1;C03
201100007123;0;10;0;10;0;2;17;A01
201100007124;0;1;0;0;9;4;1;B02
201100007124;0;1;0;0;9;1;1;A01
201100007125;0;30;0;5;0;5;1;A01
201100007126;0;36;0;2;0;2;1;A01
201100007127;0;36;0;2;0;2;0;A01
201100007128;0;7;0;0;2;3;1;B02
201100007128;0;30;0;0;2;1;5;A01
201100007129;0;7;0;0;2;1;1;A01
201100007129;0;30;0;0;2;1;1;B02
201100007130;0;7;0;2;0;1;1;A01
201100007131;0;7;0;0;1;1;1;A01
201100007132;0;7;0;0;2;1;1;A01
201100007132;0;3;0;0;2;2;15;B02
201100007133;0;7;0;0;2;2;19;A01
201100007133;0;7;0;0;2;1;1;B02
201100007134;0;33;0;0;6;7;1;A01
201100007135;0;7;0;13;0;1;1;A01
201100007136;0;7;0;0;1;2;1;A01
201100007137;0;7;0;13;0;1;13;A01
201100007138;0;7;0;16;0;9;14;A01
201100007139;0;7;0;2;0;1;1;A01
201100007140;0;10;0;13;0;3;1;A01
201100007141;0;10;0;0;1;3;15;A01
201100007142;0;7;0;0;2;2;15;A01
201100007142;0;2;0;0;2;1;16;B02
201100007143;0;7;0;8;0;3;1;A01
201100007144;1;7;0;0;1;7;17;A01
201100007144;0;1;0;0;2;8;1;B02
201100007145;0;3;0;0;0;1;16;A01
201100007146;0;7;0;7;0;1;0;A01
201100007147;0;1;0;0;2;1;0;B02
201100007147;0;7;0;0;9;5;15;A01
201100007148;0;33;0;0;1;1;1;A01
201100007149;0;7;0;13;0;1;0;A01
201100007150;0;7;0;0;2;1;11;A01
201100007150;0;7;0;0;2;1;1;B02
201100007151;0;10;0;0;1;3;1;A01
201100007152;0;7;0;0;2;1;2;B02
201100007152;0;7;0;0;2;4;23;A01
201100007153;0;2;0;0;2;1;1;B02
201100007153;0;14;0;0;2;7;16;A01
201100007154;0;33;0;0;0;0;1;A01
201100007155;0;33;0;0;2;1;1;A01
201100007155;0;7;0;0;2;3;1;B02
201100007156;0;33;0;0;0;1;17;A01
201100007157;0;7;0;13;0;1;1;A01
201100007158;0;7;0;0;2;1;23;B02
201100007158;0;33;0;1;0;7;1;A01
201100007159;0;7;0;0;0;0;0;A01
201100007160;0;7;0;8;0;8;1;A01
201100007161;0;7;0;0;1;2;1;A01
201100007162;0;33;0;13;0;1;1;A01
201100007163;0;33;0;2;0;7;1;A01
201100007164;0;7;0;0;1;2;1;A01
201100007165;0;10;0;0;1;2;1;A01
201100007166;0;7;0;0;2;3;15;A01
201100007166;0;30;0;9;2;7;17;B02
201100007167;0;17;0;0;0;8;13;A01
201100007168;0;33;0;8;0;1;17;A01
201100007169;0;21;0;0;2;6;15;A01
201100007169;0;33;0;0;2;1;1;B02
201100007170;0;2;0;11;0;1;17;A01
201100007171;0;7;0;0;1;1;16;A01
201100007172;0;7;0;0;2;8;15;A01
201100007172;0;7;0;0;2;3;1;B02
201100007173;0;7;0;0;0;3;1;A01
201100007174;0;36;0;0;2;2;14;A01
201100007174;0;33;0;0;0;2;21;B02
201100007175;0;7;0;0;2;7;1;B02
201100007175;0;7;0;0;2;3;13;A01
201100007175;0;7;0;0;2;7;1;C03
201100007176;0;10;0;0;2;2;20;A01
201100007176;0;30;0;0;2;1;0;B02
201100007177;0;33;0;0;2;1;1;B02
201100007177;0;7;0;0;2;1;15;A01
201100007178;0;33;0;8;0;1;14;A01
201100007179;0;33;0;0;0;1;1;A01
201100007179;0;7;0;0;0;7;6;B02
201100007180;0;7;0;0;0;7;1;A01
201100007180;0;7;0;0;0;1;1;B02
201100007181;0;7;0;0;0;2;0;B02
201100007181;0;7;0;0;0;2;0;A01
201100007182;0;1;0;0;2;4;19;B02
201100007182;0;7;0;0;9;3;13;A01
201100007183;0;33;0;0;2;9;17;A01
201100007183;0;7;0;0;2;1;1;B02
201100007184;0;10;0;0;2;4;24;B02
201100007184;0;7;0;1;0;3;1;A01
201100007185;0;2;0;0;2;1;13;A01
201100007185;0;7;0;0;2;1;1;B02
201100007186;0;7;0;16;0;9;1;A01
201100007187;0;30;0;0;0;0;1;A01
201100007188;0;7;0;13;0;2;1;A01
201100007189;0;30;0;0;2;8;1;A01
201100007189;0;7;0;0;2;7;17;B02
201100007190;0;10;0;0;1;4;20;A01
201100007191;0;7;0;2;0;7;0;A01
201100007192;0;7;0;16;0;9;1;A01
201100007193;0;7;0;0;1;7;1;A01
201100007194;0;7;0;0;2;3;1;B02
201100007194;0;33;0;0;2;1;13;A01
201100007195;0;7;0;0;2;3;1;A01
201100007195;0;7;0;0;2;3;1;B02
201100007196;0;7;0;0;2;2;1;B02
201100007196;0;7;0;0;2;4;17;A01
201100007197;0;7;0;0;2;1;17;C03
201100007197;0;7;0;0;2;3;1;B02
201100007197;0;33;0;0;2;8;1;A01
201100007198;0;10;0;0;2;3;0;B02
201100007198;0;33;0;0;2;1;13;A01
201100007199;0;30;0;14;0;1;0;A01
201100007200;0;7;0;0;0;3;0;B02
201100007200;0;7;0;0;0;1;0;A01
201100007201;0;7;0;0;2;1;1;B02
201100007201;0;7;0;0;2;2;13;A01
201100007202;0;7;0;13;0;1;1;A01
201100007203;0;7;0;0;2;3;1;A01
201100007203;0;10;0;0;2;3;15;B02
201100007204;0;3;0;0;2;3;13;A01
201100007204;0;7;0;0;2;3;1;B02
201100007205;0;10;0;13;0;1;1;A01
201100007206;0;30;0;5;0;1;1;A01
201100007207;0;7;0;13;0;2;1;A01
201100007208;0;7;0;0;0;9;1;A01
201100007209;0;7;0;2;0;2;1;A01
201100007210;0;31;0;0;2;2;13;A01
201100007210;0;7;0;0;2;1;1;B02
201100007211;0;7;0;0;0;3;1;B02
201100007211;0;7;0;0;0;3;1;A01
201100007212;0;7;0;2;0;3;1;A01
201100007213;0;7;0;0;0;3;13;B02
201100007213;0;7;0;0;0;3;1;A01
201100007214;0;7;0;0;1;1;1;A01
201100007215;0;7;0;2;0;2;1;A01
201100007216;0;7;0;13;0;1;14;A01
201100007217;0;7;0;0;2;1;1;B02
201100007217;0;7;0;0;2;1;17;A01
201100007218;0;7;0;0;2;7;13;A01
201100007218;0;10;0;0;2;1;1;B02
201100007219;0;7;0;13;0;2;1;A01
201100007220;0;7;0;16;0;9;1;C03
201100007220;0;7;0;0;2;3;1;B02
201100007220;0;7;0;0;2;3;13;A01
201100007221;0;7;0;0;2;1;1;A01
201100007221;0;7;0;0;0;4;15;B02
201100007222;0;33;0;0;2;1;1;B02
201100007222;0;10;0;0;2;3;15;A01
201100007223;0;7;0;13;0;2;1;A01
201100007224;0;33;0;3;0;1;1;A01
201100007225;0;10;0;0;2;5;2;C03
201100007225;0;10;0;0;2;1;5;A01
201100007225;0;7;0;0;2;1;1;B02
201100007226;0;7;0;13;0;1;1;A01
201100007227;0;30;0;0;0;0;1;A01
201100007227;0;7;0;0;1;3;1;B02
201100007228;0;30;0;0;0;7;1;A01
201100007229;0;7;0;0;2;3;13;A01
201100007229;0;10;0;0;2;1;1;B02
201100007230;0;7;0;2;0;2;1;A01
201100007231;0;7;0;0;0;3;1;B02
201100007231;0;7;0;0;0;3;1;A01
201100007232;0;7;0;0;0;3;15;B02
201100007232;0;33;0;0;2;1;17;A01
201100007233;0;1;0;0;9;1;1;A01
201100007233;0;1;0;0;9;4;1;B02
201100007233;0;7;0;0;9;0;16;C03
201100007234;1;7;0;0;9;0;0;B02
201100007234;0;1;0;0;2;0;0;A01
201100007235;0;7;0;6;0;7;1;A01
201100007236;0;7;0;0;2;3;13;A01
201100007236;0;7;0;0;2;3;13;B02
201100007237;0;7;0;0;2;1;2;A01
201100007237;0;7;0;0;2;4;23;D04
201100007237;0;7;0;0;2;4;23;C03
201100007237;0;7;0;0;2;1;2;B02
201100007238;0;7;0;0;0;3;0;A01
201100007238;0;14;0;0;0;0;0;B02
201100007239;0;7;0;0;2;0;16;A01
201100007239;0;1;0;0;2;0;1;B02
201100007240;0;10;0;6;0;2;14;A01
201100007241;0;31;0;0;2;1;1;B02
201100007241;0;10;0;0;2;3;15;A01
201100007242;0;33;0;2;0;8;1;A01
201100007243;0;7;0;8;0;3;13;A01
201100007244;0;33;0;0;0;1;1;A01
201100007245;0;7;0;0;0;6;0;B02
201100007245;0;7;0;0;2;3;2;A01
201100007246;0;7;0;8;0;2;1;A01
201100007247;0;33;0;6;0;2;1;A01
201100007248;0;7;0;13;0;1;14;A01
201100007249;0;10;0;0;1;2;1;A01
201100007250;0;7;0;13;0;9;14;A01
201100007251;0;33;0;0;2;1;13;A01
201100007251;0;7;0;0;2;3;0;B02
201100007252;0;7;0;8;2;2;17;A01
201100007252;0;7;0;0;2;3;15;B02
201100007253;0;7;0;16;0;9;17;A01
201100007254;0;7;0;0;2;1;13;B02
201100007254;0;7;0;0;2;1;1;A01
201100007255;0;7;0;0;2;1;1;B02
201100007255;0;7;0;0;2;3;1;C03
201100007255;0;7;0;0;2;7;13;A01
201100007256;0;14;0;0;2;1;1;C03
201100007256;0;7;0;0;2;3;1;B02
201100007256;0;7;0;0;2;1;13;A01
201100007257;0;7;0;0;9;1;5;A01
201100007257;0;13;0;0;2;1;2;B02
201100007258;0;7;0;0;0;6;21;A01
201100007258;0;7;0;0;0;8;1;B02
201100007259;0;31;0;0;2;1;1;A01
201100007259;0;10;0;0;2;1;15;B02
201100007260;1;7;0;0;2;6;4;A01
201100007260;0;32;0;0;2;1;1;B02
201100007261;0;15;0;8;0;6;1;B02
201100007261;0;7;0;0;2;3;13;A01
201100007262;0;33;0;0;0;8;1;B02
201100007262;0;7;0;0;0;3;15;A01
201100007263;0;33;0;2;0;1;14;A01
201100007264;0;14;0;0;0;8;4;A01
201100007264;0;33;0;0;2;2;1;B02
201100007265;0;7;0;13;0;3;1;A01
201100007266;0;7;0;0;2;4;4;A01
201100007266;0;33;0;0;2;1;1;B02
201100007267;0;7;0;0;0;1;1;B02
201100007267;0;7;0;0;2;1;5;A01
201100007268;0;7;0;0;2;7;19;B02
201100007268;0;7;0;0;2;1;1;A01
201100007269;0;7;0;0;0;1;1;A01
201100007270;0;7;0;0;1;1;2;A01
201100007271;0;7;0;0;2;1;19;C03
201100007271;0;7;0;0;2;1;21;B02
201100007271;0;33;0;0;2;1;1;A01
201100007272;0;7;0;6;0;1;1;A01
201100007273;0;7;0;13;0;1;14;A01
201100007274;0;17;0;0;2;8;1;B02
201100007274;0;30;0;0;2;1;9;A01
201100007275;0;14;0;0;2;1;1;B02
201100007275;0;7;0;0;2;1;13;A01
201100007276;0;7;0;0;2;4;2;B02
201100007276;0;7;0;0;2;1;2;A01
201100007277;0;7;0;0;2;5;19;A01
201100007277;0;7;0;0;2;1;1;B02
201100007278;0;14;0;0;2;1;1;A01
201100007278;0;7;0;0;2;8;19;B02
201100007279;0;7;0;0;2;3;13;A01
201100007279;0;14;0;0;2;6;1;B02
201100007280;0;10;0;0;1;2;1;A01
201100007281;0;7;0;0;2;3;19;A01
201100007281;0;33;0;0;2;1;1;B02
201100007282;0;7;0;8;0;2;2;A01
201100007283;0;7;0;0;0;3;13;A01
201100007284;0;7;0;0;2;1;1;B02
201100007284;0;30;0;0;2;1;1;A01
201100007285;0;7;0;0;9;3;1;B02
201100007286;0;33;0;0;2;1;13;B02
201100007287;0;33;0;0;2;1;1;B02
201100007287;0;7;0;0;2;7;19;A01
201100007288;0;33;0;0;2;1;1;B02
201100007288;0;10;0;0;2;3;15;A01
201100007289;0;7;0;2;0;7;1;A01
201100007290;0;7;0;0;2;3;1;B02
201100007290;0;7;0;0;2;3;13;A01
201100007291;0;33;0;2;0;7;14;A01
201100007292;0;7;0;0;1;4;4;A01
201100007293;0;7;0;0;2;1;1;B02
201100007293;0;33;0;0;2;1;13;A01
201100007294;0;33;0;0;1;2;1;A01
201100007295;0;7;0;0;1;1;16;A01
201100007296;0;7;0;0;2;0;15;A01
201100007296;0;1;0;0;2;1;1;B02
201100007297;0;31;0;16;0;9;14;A01
201100007298;0;7;0;0;2;1;1;B01
201100007298;0;7;0;0;2;5;17;A01
201100007299;0;10;0;0;2;2;1;B02
201100007299;0;2;0;0;2;1;13;A01
201100007300;0;7;0;0;1;1;1;A01
201100007301;0;2;0;16;0;0;1;A01
201100007302;0;7;0;0;1;2;15;A01
201100007303;0;7;0;0;2;2;1;A01
201100007303;0;30;0;0;2;1;9;B01
201100007304;0;2;0;0;2;7;17;A01
201100007304;0;1;0;0;0;8;2;A02
201100007305;0;7;0;0;0;0;2;B02
201100007305;0;33;0;0;2;7;17;A01
201100007306;0;7;0;0;1;1;16;A01
201100007307;0;7;0;0;1;1;1;A01
201100007308;0;1;0;0;2;1;5;B01
201100007308;0;30;0;0;2;1;13;A01
201100007309;0;2;0;0;2;1;13;A01
201100007309;0;7;0;0;2;8;15;B01
201100007310;0;7;0;0;1;1;1;A01
201100007311;1;7;0;0;2;1;15;A02
201100007311;0;2;0;0;2;1;1;A01
201100007312;0;20;0;0;1;3;1;A01