num_acc;senc;catv;occutc;obs;obsm;choc;manv;num_veh
201100007313;0;7;0;6;0;0;15;A01
201100007314;0;7;0;3;2;3;13;A01
201100007314;0;7;0;0;2;2;1;B01
201100007315;0;3;0;0;2;5;1;B01
201100007315;0;7;0;0;2;2;15;A01
201100007316;0;13;0;14;2;1;1;A01
201100007316;0;7;0;0;0;4;23;B01
201100007317;0;7;0;0;2;3;10;B01
201100007317;0;2;0;0;0;1;1;A01
201100007318;0;7;0;0;2;1;1;A01
201100007318;0;7;0;0;2;8;15;B01
201100007319;0;7;0;0;2;1;1;B01
201100007319;0;7;0;0;2;3;9;A01
201100007320;0;7;0;0;2;3;17;A01
201100007320;0;1;0;0;2;1;1;B01
201100007321;0;7;0;8;0;1;1;A01
201100007322;0;7;0;0;2;1;1;A01
201100007322;0;31;0;0;2;4;23;B01
201100007323;0;7;0;0;2;1;16;B01
201100007323;0;7;0;0;2;3;19;A01
201100007324;0;1;0;0;2;1;1;B01
201100007324;0;7;0;0;2;3;15;A01
201100007325;0;7;0;0;1;2;1;A01
201100007326;0;7;0;0;2;1;13;A01
201100007326;0;7;0;0;2;3;1;B01
201100007327;0;31;0;2;0;7;1;A01
201100007328;0;7;0;0;1;2;1;A01
201100007329;1;7;0;0;2;2;1;A01
201100007329;0;2;0;0;2;1;1;B01
201100007330;0;7;0;0;1;3;1;A01
201100007331;0;7;0;0;2;2;12;A01
201100007331;0;33;0;0;2;1;12;B01
201100007332;0;7;0;0;2;4;23;B01
201100007332;0;7;0;14;0;1;1;A01
201100007333;0;7;0;0;1;1;1;A01
201100007334;0;7;0;0;2;3;9;A01
201100007334;0;33;0;0;2;1;2;B01
201100007335;0;33;0;0;0;7;15;A01
201100007336;0;7;0;0;2;4;15;B01
201100007336;0;33;0;0;2;1;1;A01
201100007337;0;7;0;0;2;3;15;A01
201100007337;0;1;0;0;2;3;1;B01
201100007338;0;2;0;1;0;1;14;A01
201100007339;0;2;0;0;1;1;1;A01
201100007340;0;7;0;0;1;2;16;A01
201100007341;0;7;0;0;2;3;15;B01
201100007341;0;31;0;0;2;1;17;A01
201100007342;0;7;0;0;1;3;1;A01
201100007343;0;7;0;8;0;1;1;A01
201100007344;0;7;0;0;2;7;13;A01
201100007344;0;7;0;0;2;1;1;B02
201100007345;0;7;0;0;1;5;4;A01
201100007346;0;33;0;0;2;8;10;A01
201100007346;0;7;0;0;2;2;17;B02
201100007347;0;7;0;0;2;1;13;A01
201100007347;0;7;0;0;2;1;1;B02
201100007348;0;10;0;0;2;1;1;B02
201100007348;0;7;0;0;2;1;13;A01
201100007349;0;7;0;0;2;1;1;B02
201100007349;0;33;0;0;2;1;1;A01
201100007350;0;33;0;13;0;1;13;A01
201100007351;0;31;0;13;0;1;1;A01
201100007352;0;7;0;13;0;9;1;A01
201100007353;0;15;0;0;2;3;1;B02
201100007353;0;7;0;0;2;7;13;A01
201100007354;0;14;0;0;2;6;1;B02
201100007354;0;7;0;0;2;3;13;A01
201100007355;0;33;0;0;2;1;1;B02
201100007355;0;7;0;0;2;2;15;A01
201100007356;0;7;0;0;2;3;15;A01
201100007356;0;7;0;0;2;3;1;B02
201100007357;0;2;0;0;2;8;1;A01
201100007358;0;7;0;0;1;5;4;A01
201100007359;0;7;0;0;2;2;17;A01
201100007359;0;7;0;0;2;2;1;B02
201100007360;0;7;0;0;2;2;1;A01
201100007360;0;30;0;0;2;1;1;B02
201100007361;0;33;0;0;2;1;17;B02
201100007361;0;7;0;0;0;6;15;A01
201100007362;0;7;0;2;0;1;1;A01
201100007363;0;7;0;13;0;9;1;A01
201100007364;0;33;0;0;2;1;1;B02
201100007364;0;7;0;0;2;2;17;A01
201100007365;0;33;0;0;2;1;17;B02
201100007365;0;7;0;0;2;2;15;A01
201100007366;0;7;0;13;0;1;19;A01
201100007367;0;7;0;2;0;3;13;A01
201100007368;0;7;0;0;2;1;13;A01
201100007368;0;7;0;0;2;1;1;B02
201100007369;0;1;0;0;2;1;13;C03
201100007369;0;7;0;0;0;1;1;A01
201100007369;0;1;0;0;2;1;13;B02
201100007370;0;10;0;0;2;7;15;B02
201100007370;0;31;0;0;2;1;17;A01
201100007371;0;33;0;0;2;1;1;B02
201100007371;0;7;0;0;2;2;19;A01
201100007372;0;2;0;13;0;8;1;A01
201100007373;0;7;0;0;2;7;15;A01
201100007373;0;33;0;0;2;1;1;B02
201100007374;0;7;0;0;2;3;1;B02
201100007374;0;7;0;0;2;3;1;C03
201100007374;0;7;0;0;2;2;1;A01
201100007375;0;7;0;0;2;1;1;B02
201100007375;0;10;0;0;2;6;1;A01
201100007376;0;7;0;0;2;3;1;B02
201100007376;0;7;0;0;2;2;15;A01
201100007377;0;7;0;2;0;8;1;A01
201100007378;0;36;0;16;0;3;1;A01
201100007379;0;7;0;2;0;1;1;A01
201100007380;0;7;0;0;2;2;15;A01
201100007380;0;7;0;0;2;3;1;B02
201100007381;0;7;0;0;2;3;2;B02
201100007381;0;7;0;0;2;3;13;A01
201100007382;0;7;0;0;1;1;1;A01
201100007383;0;7;0;15;0;1;1;A01
201100007384;0;7;0;0;0;9;1;A01
201100007385;0;33;0;0;0;0;2;A01
201100007386;0;30;0;0;0;0;1;A01
201100007387;0;31;0;0;0;0;0;A01
201100007388;0;7;0;0;2;1;13;B02
201100007388;0;7;0;0;2;3;0;A01
201100007389;0;17;0;0;2;7;1;A01
201100007389;0;1;0;0;2;8;16;B02
201100007390;0;7;0;6;0;3;0;A01
201100007391;0;7;0;0;2;1;1;A01
201100007391;0;7;0;0;2;3;1;B02
201100007392;0;7;0;0;1;2;17;A01
201100007393;0;10;0;0;0;9;1;A01
201100007394;0;1;0;0;0;4;17;B02
201100007394;0;17;0;0;9;1;2;A01
201100007395;0;33;0;16;0;1;1;A01
201100007396;0;7;0;0;2;1;1;A01
201100007396;0;7;0;0;2;8;15;B02
201100007397;0;7;0;0;0;9;15;A01
201100007398;0;7;0;0;9;1;15;A01
201100007398;0;2;0;0;2;1;1;B02
201100007399;0;7;0;0;9;1;9;B02
201100007399;0;2;0;0;2;7;1;A01
201100007400;0;33;0;0;2;1;1;B02
201100007400;0;7;0;0;2;3;19;A01
201100007401;0;10;0;0;2;7;19;B02
201100007401;0;10;0;0;2;1;1;A01
201100007402;0;7;0;0;1;1;4;A01
201100007403;0;1;0;0;0;4;1;B02
201100007403;0;7;0;0;9;3;9;A01
201100007404;0;30;0;0;2;5;16;B01
201100007404;0;7;0;0;2;3;9;A01
201100007405;0;7;0;0;2;5;4;B01
201100007405;0;2;0;0;2;1;1;A01
201100007406;0;7;0;0;2;8;15;B01
201100007406;0;31;0;0;2;2;17;A01
201100007407;0;33;0;0;0;0;1;A01
201100007408;0;7;0;0;2;9;23;B01
201100007408;0;7;0;0;2;1;1;A01
201100007408;0;7;0;0;2;4;23;C01
201100007409;0;7;0;0;2;3;16;B01
201100007409;0;33;0;0;2;1;17;A01
201100007410;0;7;0;0;1;1;9;A01
201100007411;0;7;0;0;2;1;1;B01
201100007411;0;7;0;0;2;1;15;A01
201100007412;0;7;0;0;0;1;2;A01
201100007412;0;7;0;0;0;1;2;B01
201100007412;0;7;0;0;0;4;23;C01
201100007413;0;1;0;1;0;1;21;A01
201100007414;0;7;0;0;1;1;15;A01
201100007415;0;7;0;8;0;1;1;A01
201100007416;0;7;0;0;0;2;16;A01
201100007416;0;2;0;0;2;3;1;B01
201100007417;0;7;0;0;1;1;16;A01
201100007418;0;7;0;0;2;1;1;A01
201100007418;0;7;0;0;0;4;23;B01
201100007419;0;7;0;0;1;1;17;A01
201100007420;0;7;0;0;1;1;1;A01
201100007421;0;10;0;0;1;1;1;A01
201100007422;2;7;0;0;2;1;13;B01
201100007422;0;15;0;0;2;8;1;C01
201100007422;0;7;0;13;0;2;1;A01
201100007423;0;1;0;0;2;5;1;B01
201100007423;0;7;0;0;2;8;9;A01
201100007424;0;7;0;0;0;5;1;A01
201100007424;0;30;0;0;2;1;2;B01
201100007425;0;2;0;7;0;1;2;A01
201100007426;0;7;0;0;2;1;1;B01
201100007426;0;7;0;0;2;8;9;A01
201100007427;0;7;0;0;9;8;22;A01
201100007427;0;1;0;0;2;1;1;B01
201100007428;0;14;0;8;0;2;16;A01
201100007429;1;15;0;0;9;5;17;A01
201100007429;0;1;0;0;2;8;1;B01
201100007430;0;7;0;13;0;3;13;A01
201100007431;0;7;0;0;2;7;2;B01
201100007431;0;30;0;0;2;8;13;A01
201100007432;1;7;0;0;1;0;2;A01
201100007433;1;7;0;0;2;0;1;A01
201100007433;0;33;0;0;2;1;1;B01
201100007434;0;7;0;8;0;1;1;A01
201100007435;0;7;0;0;2;1;2;A01
201100007435;0;33;0;0;2;4;23;B01
201100007436;0;7;0;0;1;1;2;A01
201100007437;0;1;0;0;2;7;1;B01
201100007437;0;7;0;0;2;1;9;A01
201100007438;0;30;0;0;2;2;1;B01
201100007438;0;7;0;0;2;1;19;A01
201100007439;0;7;0;0;2;7;15;B01
201100007439;0;7;0;0;2;3;1;A01
201100007440;0;30;0;14;0;4;1;A01
201100007441;0;1;0;0;2;0;19;A01
201100007441;0;1;0;0;2;0;1;B01
201100007442;0;33;0;0;2;8;1;B01
201100007442;0;7;0;0;2;1;1;A01
201100007443;0;30;0;0;2;7;17;B01
201100007443;0;7;0;0;2;8;20;A01
201100007444;0;7;0;0;2;2;1;B01
201100007444;0;7;0;0;2;3;9;A01
201100007445;0;7;0;0;2;4;2;B01
201100007445;0;7;0;0;2;1;2;A01
201100007446;0;33;0;0;2;7;17;B01
201100007446;0;7;0;0;2;8;15;A01
201100007447;0;7;0;16;0;0;13;A01
201100007448;0;13;0;0;2;2;1;B01
201100007448;0;7;0;0;2;6;10;A01
201100007449;0;7;0;0;2;1;2;B01
201100007449;0;7;0;0;2;4;2;A01
201100007450;0;7;0;0;1;1;2;A01
201100007451;0;7;0;0;2;1;1;A01
201100007451;0;1;0;0;2;0;1;B01
201100007452;0;7;0;0;2;4;9;A01
201100007452;0;7;0;0;2;8;1;B01
201100007453;0;30;0;16;0;0;1;A01
201100007454;0;7;0;0;2;8;13;A01
201100007454;0;7;0;0;2;3;1;B01
201100007455;0;33;0;8;0;9;17;A01
201100007456;0;2;0;0;2;1;1;B01
201100007456;0;7;0;0;2;3;15;A01
201100007457;0;7;0;0;2;3;16;A01
201100007457;0;7;0;0;2;2;1;B01
201100007458;0;7;0;1;0;1;14;A01
201100007459;0;7;0;1;0;0;14;A01
201100007460;0;7;0;0;2;3;9;A01
201100007460;0;7;0;0;0;7;1;B01
201100007461;0;33;0;;2;1;17;B02
201100007461;0;7;0;0;0;3;15;A01
201100007462;0;7;0;;2;0;1;B01
201100007462;0;7;0;0;2;0;9;A01
201100007463;2;7;0;6;0;0;14;A01
201100007464;0;7;0;1;0;9;14;A01
201100007464;0;7;0;0;0;9;24;B02
201100007465;0;1;0;0;2;6;1;B02
201100007465;1;7;0;0;0;0;0;A02
201100007466;0;7;0;0;2;6;15;A01
201100007466;0;2;0;0;2;1;1;B02
201100007467;0;38;0;0;1;2;1;A01
201100007468;0;7;0;0;2;6;15;A01
201100007468;0;2;0;0;2;1;1;B02
201100007469;0;7;0;0;2;3;15;A01
201100007469;0;30;0;0;2;1;1;B02
201100007470;0;33;0;0;2;1;13;B02
201100007470;0;7;0;0;2;3;1;A01
201100007471;0;7;0;0;2;1;17;A01
201100007471;0;7;0;0;2;6;15;B02
201100007472;0;7;0;0;1;3;1;A01
201100007473;0;7;0;0;2;3;15;A01
201100007473;0;33;0;0;2;1;2;B02
201100007474;0;7;0;0;0;4;1;B02
201100007474;0;1;0;0;0;1;1;A01
201100007475;0;34;0;0;0;1;1;A01
201100007475;0;1;0;0;0;4;2;B02
201100007476;0;7;0;0;2;6;1;B02
201100007476;0;7;0;0;2;3;0;D04
201100007476;0;7;0;0;2;3;1;C03
201100007476;0;7;0;0;2;3;1;A01
201100007477;0;7;0;0;2;1;13;A01
201100007477;0;3;0;0;2;3;1;B02
201100007478;0;7;0;0;2;2;2;A01
201100007478;0;34;0;0;0;3;2;B02
201100007479;0;7;0;0;2;3;13;A01
201100007479;0;7;0;0;2;6;1;B02
201100007479;0;7;0;0;2;3;1;C03
201100007479;0;7;0;0;9;0;1;D04
201100007480;0;7;0;3;2;2;5;A01
201100007481;0;7;0;2;0;3;5;A01
201100007482;0;33;0;0;2;3;21;B02
201100007482;0;10;0;0;2;3;6;A01
201100007483;0;7;0;6;0;1;1;A01
201100007484;0;31;0;0;0;1;1;A01
201100007485;0;7;0;0;1;3;0;A01
201100007486;0;7;0;0;2;3;15;A01
201100007486;0;32;0;0;2;3;1;B02
201100007487;0;2;0;0;1;1;1;A01
201100007488;0;7;0;0;1;5;4;A01
201100007489;0;33;0;0;2;8;13;A01
201100007489;0;7;0;0;2;3;1;B02
201100007490;0;33;0;2;0;1;1;A01
201100007491;0;7;0;0;2;2;13;A01
201100007491;0;7;0;0;2;2;1;B02
201100007492;0;7;0;0;0;1;1;A01
201100007493;0;7;0;0;1;2;21;A01
201100007494;0;7;0;0;2;8;19;A01
201100007494;0;33;0;0;2;1;1;B02
201100007495;0;7;0;0;2;6;19;A01
201100007495;0;33;0;0;2;1;1;B02
201100007496;0;33;0;2;0;1;1;A01
201100007497;0;14;0;16;0;2;16;A01
201100007497;0;1;0;0;2;8;2;B02
201100007498;0;7;0;0;2;3;1;B02
201100007498;0;7;0;0;2;3;1;A01
201100007499;0;2;0;2;0;1;21;A01
201100007500;0;7;0;16;0;2;1;A01
201100007501;0;33;0;0;0;0;1;A01
201100007502;0;7;0;6;0;3;20;A01
201100007503;0;7;0;0;2;5;1;C03
201100007503;0;10;0;0;2;1;1;A01
201100007503;0;10;0;0;2;1;1;B02
201100007504;0;30;0;0;0;3;1;A01
201100007505;0;33;0;13;0;1;1;A01
201100007506;0;33;0;3;0;6;1;A01
201100007507;0;7;0;0;2;3;1;B02
201100007507;0;31;0;0;2;6;1;A01
201100007508;0;33;0;3;0;0;0;A01
201100007509;0;33;0;0;2;0;16;A01
201100007510;0;7;0;0;2;2;1;B02
201100007510;0;1;0;0;2;3;1;A01
201100007511;0;1;0;0;2;1;1;B02
201100007511;0;10;0;0;0;5;12;A01
201100007512;0;7;0;0;2;1;13;A01
201100007512;0;7;0;0;2;1;1;B02
201100007512;0;7;0;0;2;1;1;C03
201100007513;0;1;0;0;2;1;1;A01
201100007513;0;7;0;0;2;6;19;B02
201100007514;0;7;0;0;1;5;20;A01
201100007515;0;13;0;0;2;3;15;B02
201100007515;0;2;0;0;2;2;14;A01
201100007516;0;7;0;0;0;8;1;B01
201100007516;0;7;0;0;2;1;1;C01
201100007516;0;7;0;0;0;3;13;A01
201100007517;0;7;0;13;0;1;14;A01
201100007518;0;30;0;0;2;3;1;A01
201100007518;0;7;0;0;9;2;15;B01
201100007519;0;7;0;0;2;2;1;B01
201100007519;0;7;0;0;2;3;1;A01
201100007520;0;7;0;0;0;9;15;A01
201100007520;2;7;0;15;2;1;13;B01
201100007521;0;7;0;0;0;2;2;A01
201100007522;0;7;0;0;2;1;19;A01
201100007522;0;33;0;0;2;8;1;B02
201100007523;0;7;0;13;0;1;1;A01
201100007524;0;7;0;3;2;7;1;B01
201100007524;0;7;0;0;2;1;1;A01
201100007525;0;33;0;14;0;1;1;A01
201100007526;0;7;0;0;0;2;1;A01
201100007527;0;7;0;0;2;3;13;A01
201100007527;0;10;0;0;2;3;1;B02
201100007528;0;14;0;0;1;0;16;A01
201100007529;0;7;0;0;1;2;1;A01
201100007530;0;7;0;0;9;1;2;A01
201100007530;0;1;0;0;2;7;2;B01
201100007531;2;7;0;9;0;8;0;A01
201100007532;0;14;0;13;0;2;1;A01
201100007533;0;7;0;0;2;1;1;A01
201100007533;0;1;0;0;2;1;1;B02
201100007534;0;33;0;0;2;1;13;A01
201100007534;0;17;0;0;2;8;1;B02
201100007535;0;10;0;0;2;8;15;A01
201100007535;0;31;0;0;2;7;17;B02
201100007536;0;10;0;0;2;3;1;B02
201100007536;0;10;0;0;2;3;13;A01
201100007537;0;7;0;0;1;2;1;A01
201100007538;0;7;0;0;1;3;1;A01
201100007539;0;7;0;0;9;0;9;A01
201100007539;0;1;0;0;2;0;1;A02
201100007540;0;7;0;0;0;0;13;A01
201100007541;0;33;0;0;2;1;17;A01
201100007541;0;7;0;0;2;3;1;B02
201100007542;0;7;0;0;2;8;15;A01
201100007542;0;33;0;0;2;1;1;B02
201100007543;0;33;0;0;2;1;1;B02
201100007543;0;7;0;0;2;3;15;A01
201100007544;0;2;0;0;2;1;1;B02
201100007544;0;7;0;0;2;3;10;A01
201100007545;0;7;0;8;0;3;1;A01
201100007546;0;10;0;0;0;7;1;A01
201100007546;0;2;0;0;2;1;9;B02
201100007547;0;7;0;0;1;1;1;A01
201100007548;0;7;0;0;1;2;1;A01
201100007549;0;33;0;16;0;0;21;A01
201100007549;0;33;0;16;0;0;21;B02
201100007550;0;33;0;3;0;1;1;A01
201100007551;0;17;0;0;2;8;1;C03
201100007551;0;7;0;0;2;1;17;A01
201100007551;0;7;0;0;2;1;1;B02
201100007552;0;7;0;2;0;2;0;A01
201100007553;0;33;0;0;0;0;1;A01
201100007554;0;33;0;0;2;1;6;A01
201100007554;0;7;0;0;2;2;1;B02
201100007555;0;7;0;0;2;1;13;A01
201100007555;0;7;0;0;2;1;1;B02
201100007556;0;1;0;0;2;5;0;B02
201100007556;0;7;0;0;9;1;14;A01
201100007557;0;31;0;0;2;2;1;B02
201100007557;0;7;0;0;2;1;19;A01
201100007558;0;7;0;0;2;2;15;A01
201100007558;0;33;0;0;2;1;1;B02
201100007559;0;33;0;0;2;1;13;A01
201100007559;0;14;0;0;2;1;1;B02
201100007560;0;7;0;0;1;1;1;A01
201100007561;0;7;0;0;2;2;1;B02
201100007561;0;33;0;0;2;9;13;A01
201100007562;0;15;0;0;2;3;0;B02
201100007562;0;7;0;0;2;3;13;A01
201100007563;0;7;0;2;2;1;17;A01
201100007563;0;33;0;0;2;1;1;B02
201100007564;0;33;0;0;2;1;1;A01
201100007564;0;37;0;0;2;2;15;B02
201100007565;0;7;0;0;9;3;1;B02
201100007565;0;31;0;0;0;8;0;A01
201100007566;0;7;0;0;1;2;1;A01
201100007567;0;7;0;8;0;1;1;A01
201100007568;0;7;0;2;0;7;1;A01
201100007569;0;7;0;2;0;7;1;A01
201100007570;0;7;0;0;2;2;23;B02
201100007570;0;30;0;0;2;1;13;A01
201100007571;0;1;0;0;2;1;13;A01
201100007571;0;7;0;0;0;1;1;B02
201100007572;0;7;0;6;0;8;1;A01
201100007573;0;7;0;0;4;1;19;A01
201100007573;0;39;0;0;2;3;1;B02
201100007574;0;7;0;0;2;5;13;A01
201100007574;0;20;0;0;2;3;5;B02
201100007575;0;7;0;0;1;2;1;A01
201100007576;0;7;0;0;2;3;5;B02
201100007576;0;7;0;0;0;3;1;A01
201100007577;0;7;0;0;2;3;13;A01
201100007577;0;2;0;6;2;1;17;B02
201100007578;0;3;0;0;0;3;1;A01
201100007578;0;7;0;0;0;2;1;B02
201100007579;0;7;0;6;0;2;1;A01
201100007580;0;7;0;0;2;3;17;B02
201100007580;0;7;0;0;2;1;5;A01
201100007581;0;7;0;0;2;3;13;A01
201100007581;0;7;0;0;2;3;1;B02
201100007582;0;7;0;0;2;1;1;A01
201100007582;0;7;0;0;2;4;1;C03
201100007582;0;7;0;6;2;4;1;B02
201100007583;0;10;0;0;2;1;15;A01
201100007583;0;30;0;0;2;1;1;B02
201100007584;0;7;0;0;0;1;15;A01
201100007584;0;33;0;0;0;1;1;B02
201100007585;0;7;0;13;0;9;1;A01
201100007586;0;2;0;0;2;1;17;A01
201100007586;0;7;0;0;2;3;15;B02
201100007587;0;7;0;0;2;5;17;A01
201100007587;0;7;0;0;2;3;1;B02
201100007588;0;7;0;0;2;3;1;C03
201100007588;0;7;0;0;2;3;13;B02
201100007588;0;7;0;0;2;1;2;A01
201100007589;0;7;0;0;2;3;13;A01
201100007589;0;7;0;0;2;3;21;C03
201100007589;0;13;0;0;2;8;1;B02
201100007590;0;7;0;2;0;7;1;A01
201100007591;0;7;0;0;2;1;1;B02
201100007591;0;7;0;0;2;1;13;A01
201100007592;0;33;0;0;2;1;1;A01
201100007592;0;7;0;0;2;6;19;B02
201100007593;0;1;0;0;2;1;1;B02
201100007593;0;7;0;0;2;8;13;A01
201100007594;0;7;0;0;2;3;13;A01
201100007594;0;1;0;0;2;3;1;B02
201100007595;0;7;0;0;0;1;1;A01
201100007595;0;7;0;0;0;1;1;B02
201100007596;0;7;0;0;2;3;15;B02
201100007596;0;31;0;0;2;2;17;A01
201100007597;1;7;0;0;1;2;1;A01
201100007598;0;7;0;0;2;3;1;B02
201100007598;0;33;0;0;2;2;1;A01
201100007599;0;33;0;0;0;0;1;B02
201100007599;0;33;0;0;0;0;1;A01
201100007600;0;7;0;0;0;1;1;A01
201100007600;0;7;0;0;0;1;17;B02
201100007601;0;10;0;6;0;3;14;A01
201100007602;0;7;0;0;9;1;1;B02
201100007602;0;33;0;14;0;1;1;A01
201100007603;0;7;0;0;0;9;16;A01
201100007604;0;7;0;0;2;2;15;A01
201100007604;0;30;0;0;2;1;1;B02
201100007605;0;33;0;13;0;1;1;A01
201100007606;0;7;0;0;1;1;1;A01
201100007606;0;7;0;0;0;4;24;C03
201100007606;0;1;0;0;2;7;19;B02
201100007607;0;7;0;0;9;1;1;B02
201100007607;0;14;0;0;0;0;1;A01
201100007608;0;7;0;13;0;2;1;A01
201100007609;0;7;0;0;2;1;15;B02
201100007609;0;33;0;0;2;1;1;A01
201100007610;0;7;0;0;0;9;1;A01
201100007611;0;7;0;8;0;3;13;A01
201100007612;0;14;0;0;9;5;17;A01
201100007612;0;1;0;0;9;8;2;B02
201100007613;0;7;0;0;0;3;1;B02
201100007613;0;7;0;0;0;3;1;A01
201100007614;0;7;0;0;2;1;1;B02
201100007614;0;7;0;0;2;7;6;A01
201100007615;0;7;0;0;1;2;1;A01
201100007616;0;7;0;6;0;2;13;A01
201100007617;0;7;0;0;1;1;1;A01
201100007618;0;7;0;0;2;3;13;A01
201100007618;0;7;0;0;2;3;1;B02
201100007619;0;7;0;0;2;3;1;A01
201100007619;0;36;0;0;2;2;1;B02
201100007620;0;7;0;0;2;1;1;A01
201100007620;0;7;0;0;2;1;1;B02
201100007621;0;7;0;0;2;1;2;A01
201100007621;0;7;0;0;2;4;15;B02
201100007622;0;7;0;0;2;1;1;A01
201100007622;0;30;0;0;2;1;1;B02
201100007623;0;1;0;0;2;7;9;B02
201100007623;0;7;0;0;9;8;1;A01
201100007624;0;7;0;0;2;1;1;B02
201100007624;0;7;0;0;2;1;1;A01
201100007625;0;10;0;0;0;5;1;A01
201100007625;0;33;0;6;2;1;1;B02
201100007626;0;7;0;0;1;2;1;A01
201100007627;0;7;0;0;2;1;1;B02
201100007627;0;7;0;0;2;1;17;A01
201100007628;0;7;0;0;2;3;1;A01
201100007628;0;7;0;0;2;3;13;B02
201100007629;0;7;0;2;0;3;1;A01
201100007630;0;7;0;0;2;1;1;B02
201100007630;0;7;0;0;2;6;19;A01
201100007631;0;10;0;0;1;1;1;A01
201100007632;0;7;0;16;0;1;1;A01
201100007633;0;30;0;0;2;1;1;B02
201100007633;0;7;0;0;2;3;15;A01
201100007634;0;7;0;8;0;1;13;A01
201100007635;0;7;0;6;0;3;1;A01
201100007636;0;7;0;0;2;3;15;A01
201100007636;0;32;0;0;2;1;1;B02
201100007637;0;10;0;0;2;1;1;A01
201100007637;0;7;0;0;2;1;0;B02
201100007638;0;7;0;0;2;3;1;A01
201100007638;0;7;0;0;2;2;19;B02
201100007639;0;7;0;0;2;3;13;A01
201100007639;0;7;0;0;2;3;1;B02
201100007640;0;7;0;13;0;8;1;A01
201100007641;0;7;0;8;0;1;1;A01
201100007642;0;7;0;0;1;1;19;A01
201100007643;0;2;0;0;2;1;2;A01
201100007643;0;7;0;0;2;4;2;B02
201100007644;0;33;0;0;2;1;1;B02
201100007644;0;7;0;0;0;7;19;A01
201100007645;0;2;0;0;2;1;1;B02
201100007645;0;7;0;0;2;7;1;A01
201100007646;0;7;0;0;2;3;1;A01
201100007646;0;14;0;0;2;6;1;B02
201100007647;0;7;0;0;1;3;14;A01
201100007648;0;7;0;0;2;2;1;A01
201100007648;0;2;0;0;2;4;1;B02
201100007649;0;7;0;0;1;2;1;A01
201100007650;0;1;0;0;2;0;1;A01
201100007650;0;7;0;0;2;1;1;B02
201100007651;0;33;0;0;2;0;17;A01
201100007651;0;7;0;0;0;6;15;B02
201100007652;0;33;0;0;2;1;2;A01
201100007652;0;7;0;0;0;4;15;B02
201100007653;0;7;0;8;0;1;14;A01
201100007654;0;21;0;0;2;3;1;B02
201100007654;0;7;0;0;2;1;1;A01
201100007655;0;7;0;0;2;1;1;B02
201100007655;0;7;0;0;2;1;13;A01
201100007656;0;7;0;6;0;2;1;A01
201100007657;0;31;0;0;2;1;1;A01
201100007657;0;7;0;0;2;8;19;B02
201100007658;0;7;0;13;0;3;1;A01
201100007659;0;7;0;13;0;9;13;A01
201100007660;0;7;0;0;2;1;15;A01
201100007660;0;30;0;0;2;1;1;B02
201100007661;0;7;0;0;0;8;15;B02
201100007661;0;7;0;0;2;3;17;A01
201100007661;0;10;0;0;2;3;0;C03
201100007662;0;7;0;0;1;3;1;A01
201100007663;0;7;0;2;0;1;1;A01
201100007664;0;7;0;0;1;1;1;A01
201100007665;0;7;0;0;2;1;2;B02
201100007665;0;7;0;0;2;6;2;A01
201100007666;0;10;0;0;0;4;1;B02
201100007666;0;33;0;0;2;4;1;A01
201100007667;0;10;0;0;0;3;19;A01
201100007667;0;1;0;0;0;7;1;B02
201100007668;0;7;0;0;2;1;1;B02
201100007668;0;7;0;0;2;2;13;A01
201100007669;0;7;0;0;2;3;1;B02
201100007669;0;7;0;0;0;2;0;A01
201100007670;0;7;0;0;2;3;1;A01
201100007670;0;7;0;0;2;3;1;B02
201100007671;0;7;0;0;0;3;0;B02
201100007671;0;31;0;0;2;1;1;A01
201100007672;0;7;0;0;0;1;1;A01
201100007673;0;7;0;16;0;9;1;A01
201100007674;0;7;0;0;2;1;13;A01
201100007674;0;7;0;0;2;1;1;B02
201100007675;0;7;0;0;2;3;1;B02
201100007675;0;7;0;0;2;3;17;A01
201100007676;0;7;0;0;2;1;1;A01
201100007676;0;7;0;0;2;2;1;B02
201100007677;0;7;0;0;2;1;13;A01
201100007677;0;7;0;0;2;3;1;B02
201100007678;0;33;0;0;2;1;1;C03
201100007678;0;7;0;0;2;7;15;A01
201100007678;0;7;0;0;2;1;1;B02
201100007679;0;2;0;0;2;7;1;A01
201100007679;0;7;0;0;2;1;15;B02
201100007680;0;7;0;0;1;3;1;A01
201100007681;0;7;0;0;2;7;1;B02
201100007681;0;30;0;0;2;1;1;A01
201100007682;0;7;0;0;1;2;1;A01
201100007683;0;7;0;0;2;1;1;A01
201100007683;0;7;0;0;2;1;13;B02
201100007684;0;7;0;6;0;1;2;A01
201100007685;0;33;0;0;2;1;1;A01
201100007685;0;14;0;0;2;3;1;B02
201100007686;0;21;0;0;2;1;1;A01
201100007686;0;7;0;0;2;1;1;B02
201100007687;1;7;0;0;2;0;17;A01
201100007687;0;30;0;0;2;0;1;B02
201100007688;0;7;0;0;2;1;1;B02
201100007688;0;7;0;0;2;7;13;A01
201100007689;0;33;0;0;2;2;17;A01
201100007689;0;10;0;0;2;8;15;B02
201100007690;0;10;0;13;0;1;14;A01
201100007691;0;7;0;0;2;3;1;A01
201100007691;0;33;0;0;2;8;0;B02
201100007692;0;7;0;13;0;2;1;A01
201100007693;0;33;0;0;2;1;1;B02