num_acc;senc;catv;occutc;obs;obsm;choc;manv;num_veh
201100007693;0;7;0;0;2;5;15;A01
201100007694;0;7;0;0;0;6;2;B02
201100007694;0;7;0;0;2;3;1;C03
201100007694;0;33;0;0;2;1;2;A01
201100007695;0;2;0;0;2;7;1;B02
201100007695;0;7;0;0;2;1;9;A01
201100007696;0;7;0;0;0;9;1;A01
201100007697;0;7;0;0;2;3;9;A01
201100007697;0;30;0;0;2;1;1;B02
201100007698;0;33;0;0;2;1;1;B02
201100007698;0;7;0;0;2;3;15;A01
201100007699;0;7;0;0;0;2;13;A01
201100007699;0;7;0;0;0;3;1;B02
201100007699;0;14;0;0;0;8;14;C03
201100007700;0;32;0;0;2;0;1;B02
201100007700;0;7;0;0;0;0;10;A01
201100007701;0;7;0;0;1;3;23;A01
201100007702;0;33;0;16;0;7;1;A01
201100007703;0;30;0;0;2;8;15;A01
201100007704;0;7;0;0;2;2;17;A01
201100007704;0;7;0;0;2;6;2;B02
201100007705;0;7;0;0;2;7;15;A01
201100007705;0;33;0;0;2;1;1;B02
201100007706;0;7;0;3;0;9;14;A01
201100007707;0;14;0;0;6;1;1;A01
201100007708;0;7;0;0;2;1;14;A01
201100007708;0;7;0;0;2;8;1;B02
201100007708;0;7;0;0;2;1;1;C03
201100007708;0;7;0;0;2;1;1;D04
201100007709;0;7;0;0;2;1;1;B02
201100007709;0;7;0;0;2;7;21;A01
201100007710;0;7;0;6;0;2;1;A01
201100007711;0;7;0;0;0;9;1;C03
201100007711;1;7;0;0;0;2;17;A01
201100007711;0;7;0;0;0;1;5;B02
201100007712;0;10;0;0;1;2;19;A01
201100007713;0;7;0;0;2;2;1;B02
201100007713;0;3;0;0;2;7;19;A01
201100007714;0;7;0;0;2;1;1;A02
201100007714;0;10;0;0;2;5;1;B01
201100007715;0;7;0;0;0;4;16;B02
201100007715;0;2;0;0;2;1;2;A01
201100007716;0;30;0;0;2;1;1;B02
201100007716;0;7;0;0;0;5;19;A01
201100007717;0;33;0;0;2;9;17;B02
201100007717;0;30;0;0;2;9;13;A01
201100007718;0;2;0;5;0;1;0;A01
201100007719;0;7;0;0;0;8;1;A01
201100007719;0;10;0;0;2;1;1;B02
201100007720;0;7;0;0;1;1;1;A01
201100007721;0;7;0;6;0;1;1;A01
201100007722;0;7;0;6;0;2;1;A01
201100007723;0;31;0;0;0;7;1;A01
201100007724;0;7;0;2;0;1;13;A01
201100007725;0;7;0;0;2;7;1;B02
201100007725;0;7;0;0;2;1;1;A01
201100007726;0;7;0;0;0;2;1;A01
201100007727;0;7;0;0;2;2;15;A01
201100007727;0;7;0;0;2;1;1;B02
201100007728;0;7;0;6;0;1;1;A01
201100007729;0;7;0;0;9;2;1;A01
201100007729;0;1;0;0;0;4;1;B02
201100007730;0;7;0;0;2;2;21;B02
201100007730;0;7;0;0;2;1;21;A01
201100007731;0;2;0;0;2;1;1;B02
201100007731;0;7;0;0;2;3;1;A01
201100007732;0;7;0;0;0;2;1;B02
201100007732;0;7;0;0;0;3;15;A01
201100007733;0;30;0;13;0;1;1;A01
201100007734;0;7;0;0;2;2;1;B02
201100007734;0;7;0;0;2;8;1;A01
201100007735;0;33;0;0;2;1;1;B02
201100007735;0;7;0;0;2;3;1;A01
201100007736;0;7;0;0;2;8;1;A01
201100007736;0;7;0;0;2;1;1;B02
201100007737;0;7;0;0;0;1;5;A01
201100007737;0;7;0;0;2;1;1;B02
201100007738;0;31;0;0;0;1;0;A01
201100007738;0;7;0;0;0;3;0;B02
201100007739;0;7;0;1;0;2;1;A01
201100007740;0;31;0;0;2;1;13;A01
201100007740;0;7;0;0;2;2;1;B02
201100007740;0;7;0;0;2;4;24;C03
201100007741;0;7;0;0;0;2;1;A01
201100007742;0;7;0;6;0;1;1;A01
201100007743;0;7;0;0;2;5;15;A01
201100007743;0;7;0;0;2;3;0;B02
201100007744;0;7;0;0;2;4;13;A01
201100007744;0;7;0;0;2;1;1;B02
201100007745;0;15;0;0;2;1;1;A01
201100007745;0;7;0;0;2;2;13;B02
201100007746;0;7;0;6;0;1;1;A01
201100007747;0;7;0;0;2;1;15;A01
201100007747;0;33;0;0;2;1;1;B02
201100007748;0;7;0;0;2;7;15;B02
201100007748;0;7;0;0;2;1;1;A01
201100007748;0;7;0;0;2;3;23;C03
201100007749;0;33;0;0;2;1;1;A01
201100007749;0;7;0;0;2;8;1;B02
201100007750;0;7;0;0;2;1;1;C03
201100007750;0;7;0;0;2;5;15;A01
201100007750;0;7;0;0;2;3;23;B02
201100007751;0;31;0;0;2;1;21;A01
201100007751;0;7;0;0;2;2;1;B02
201100007752;0;33;0;0;2;1;0;B02
201100007752;0;7;0;0;2;2;15;A01
201100007753;0;7;0;6;0;1;1;A01
201100007754;0;15;0;0;1;3;17;A01
201100007755;0;33;0;6;0;1;1;A01
201100007756;0;10;0;0;0;8;1;A01
201100007756;0;31;0;0;0;8;1;B02
201100007757;0;7;0;0;2;0;21;E05
201100007757;0;10;0;0;0;3;5;A01
201100007757;0;7;0;0;2;8;5;D04
201100007757;0;7;0;2;2;1;5;C03
201100007757;0;7;0;0;2;1;5;B02
201100007758;0;7;0;0;0;2;15;A01
201100007758;0;33;0;0;0;7;13;B02
201100007759;0;7;0;6;0;1;1;A01
201100007760;0;7;0;0;2;1;1;C03
201100007760;0;7;0;0;2;1;1;A01
201100007760;0;7;0;0;2;1;13;B02
201100007761;0;33;0;0;2;1;2;A01
201100007761;0;30;0;0;0;6;1;B02
201100007762;0;7;0;0;0;2;15;A01
201100007762;0;7;0;0;0;1;1;B02
201100007762;0;7;0;0;0;1;21;C03
201100007763;0;7;0;0;2;3;1;B02
201100007763;0;7;0;2;2;2;21;A01
201100007764;0;7;0;0;2;8;1;C03
201100007764;0;7;0;0;2;3;1;B02
201100007764;0;7;0;0;2;3;13;A01
201100007765;0;7;0;0;2;2;17;A01
201100007765;0;7;0;0;0;8;15;B02
201100007766;0;7;0;0;2;8;1;A01
201100007766;0;7;0;0;2;1;1;B02
201100007767;0;7;0;0;2;5;19;B02
201100007767;0;7;0;0;2;1;1;A01
201100007768;0;7;0;6;0;3;19;A01
201100007769;0;7;0;0;2;6;1;B02
201100007770;0;31;0;0;0;7;1;A01
201100007771;0;7;0;0;2;8;1;A01
201100007771;2;7;0;0;2;1;1;B02
201100007772;0;7;0;13;0;2;1;A01
201100007773;0;7;0;0;0;1;1;A01
201100007774;0;7;0;0;2;1;1;C03
201100007774;0;14;0;0;2;3;1;B02
201100007774;0;7;0;0;2;8;1;D04
201100007774;0;7;0;0;2;1;17;A01
201100007775;0;7;0;0;1;2;1;A01
201100007776;0;7;0;0;0;1;2;B02
201100007776;0;7;0;0;2;4;2;A01
201100007777;0;7;0;13;0;2;1;A01
201100007778;0;7;0;0;2;1;1;A01
201100007778;0;7;0;0;2;1;17;B02
201100007779;0;7;0;0;9;1;1;A01
201100007779;0;1;0;0;2;8;0;B02
201100007780;0;14;0;0;2;1;1;B02
201100007780;0;33;0;0;2;1;13;A01
201100007781;0;7;0;0;2;1;13;A01
201100007781;0;7;0;0;2;3;1;B02
201100007782;0;7;0;0;0;0;1;C03
201100007782;0;7;0;0;0;2;15;A01
201100007782;0;7;0;0;0;8;15;B02
201100007783;0;10;0;0;1;2;1;A01
201100007784;0;7;0;0;2;1;5;B02
201100007784;0;32;0;0;2;1;0;A01
201100007785;0;10;0;0;2;8;1;B02
201100007785;0;10;0;0;2;1;1;A01
201100007786;0;7;0;0;0;5;0;A01
201100007786;0;7;0;0;0;1;0;B02
201100007787;0;7;0;0;0;8;19;A01
201100007787;0;33;0;0;2;1;1;B02
201100007788;0;7;0;0;2;3;1;B02
201100007788;0;7;0;0;2;2;17;A01
201100007789;0;7;0;0;2;3;13;B02
201100007789;0;7;0;0;2;3;1;A01
201100007790;0;33;0;9;0;1;21;A01
201100007791;0;14;0;3;2;0;23;C03
201100007791;0;30;0;3;2;1;17;A01
201100007791;0;14;0;3;2;3;1;B02
201100007792;0;7;0;0;0;0;1;A01
201100007793;0;1;0;0;2;8;1;B02
201100007793;0;7;0;0;9;1;19;A01
201100007794;0;7;0;0;0;3;23;B02
201100007794;0;33;0;0;2;9;13;A01
201100007795;0;30;0;0;2;1;19;B02
201100007795;0;21;0;0;0;7;1;A01
201100007796;0;33;0;0;2;1;1;B02
201100007796;0;7;0;0;2;1;17;A01
201100007797;0;10;0;0;2;3;1;B02
201100007797;0;7;0;0;2;3;1;A01
201100007798;0;7;0;0;2;1;1;B02
201100007798;0;7;0;0;2;2;1;A01
201100007799;0;7;0;0;2;3;13;A01
201100007799;0;33;0;0;2;6;13;B02
201100007800;0;7;0;0;1;1;1;A01
201100007801;0;7;0;6;0;3;1;A01
201100007802;0;7;0;0;9;3;0;A01
201100007802;0;1;0;0;2;3;1;B02
201100007803;0;7;0;2;0;8;1;A01
201100007804;0;7;0;0;2;1;15;A01
201100007804;0;32;0;0;2;1;1;B02
201100007805;0;10;0;0;2;3;9;A01
201100007805;0;30;0;0;2;8;9;B02
201100007806;0;21;0;0;2;3;19;A01
201100007806;0;33;0;0;2;1;1;B02
201100007807;0;30;0;0;1;1;1;A01
201100007808;0;1;0;0;2;4;1;B02
201100007808;0;1;0;0;2;4;1;D04
201100007808;0;1;0;0;2;4;1;C03
201100007808;0;7;0;0;2;1;17;A01
201100007809;0;7;0;15;1;1;15;A01
201100007810;0;7;0;0;2;1;13;A01
201100007810;0;7;0;0;2;1;1;B02
201100007811;0;7;0;0;2;7;13;A01
201100007811;0;7;0;0;2;1;1;B02
201100007812;0;7;0;0;2;2;13;A01
201100007812;0;7;0;0;2;2;1;B02
201100007813;0;15;0;13;0;3;13;A01
201100007814;0;33;0;0;2;8;13;A01
201100007814;0;7;0;0;2;8;1;B02
201100007815;0;33;0;16;0;0;14;A01
201100007816;0;7;0;0;2;1;1;B02
201100007816;0;7;0;0;2;7;13;A01
201100007817;0;33;0;0;0;1;1;A01
201100007818;0;39;0;0;2;7;0;B02
201100007818;0;36;0;0;4;1;0;A01
201100007819;0;14;0;13;0;1;0;A01
201100007820;0;7;0;0;2;1;1;B02
201100007820;0;33;0;0;2;1;5;A01
201100007821;0;14;0;0;1;7;2;A01
201100007822;0;1;0;0;0;1;0;A01
201100007823;0;7;0;6;0;2;1;A01
201100007824;0;33;0;14;0;8;1;A01
201100007825;0;10;0;0;2;3;1;B02
201100007825;0;7;0;0;2;7;1;A01
201100007826;0;7;0;0;9;1;1;A01
201100007826;0;1;0;0;2;4;1;B02
201100007827;0;2;0;0;2;1;1;A01
201100007827;0;7;0;0;2;8;1;B02
201100007828;0;7;0;0;1;2;1;A01
201100007829;0;7;0;0;1;1;1;A01
201100007830;0;2;0;8;0;3;1;A01
201100007831;0;33;0;0;0;0;0;A01
201100007831;0;33;0;0;0;1;0;B02
201100007832;0;7;0;2;0;3;1;A01
201100007833;0;2;0;1;0;2;14;A01
201100007834;0;7;0;0;1;2;1;A01
201100007835;0;7;0;0;0;6;21;B02
201100007835;0;33;0;0;0;7;1;A01
201100007836;0;10;0;0;2;2;19;A01
201100007836;0;14;0;0;2;3;1;B02
201100007837;0;7;0;2;0;3;14;A01
201100007838;0;7;0;0;2;1;1;B02
201100007838;0;7;0;0;2;2;13;A01
201100007839;0;1;0;0;0;7;19;B02
201100007839;0;7;0;0;2;2;1;A01
201100007840;0;7;0;13;0;2;1;A01
201100007841;0;7;0;13;0;2;1;A01
201100007842;0;2;0;6;0;1;1;A01
201100007843;0;7;0;8;0;1;16;A01
201100007844;0;7;0;0;2;7;5;A01
201100007844;0;7;0;0;2;1;1;B02
201100007845;0;10;0;0;0;2;1;A01
201100007846;0;7;0;0;2;8;19;A01
201100007846;0;7;0;0;2;1;1;B02
201100007847;0;33;0;8;0;8;1;A01
201100007848;0;7;0;0;2;8;1;A01
201100007849;0;21;0;0;2;2;15;B02
201100007849;0;7;0;0;2;3;1;A01
201100007850;0;7;0;2;0;7;19;A01
201100007851;0;7;0;0;2;3;1;B02
201100007851;0;7;0;0;2;3;13;A01
201100007852;0;1;0;0;0;0;15;A01
201100007853;0;7;0;0;1;3;1;A01
201100007854;0;30;0;2;0;1;1;A01
201100007855;0;7;0;0;1;8;2;A01
201100007856;0;7;0;2;0;1;1;A01
201100007857;0;14;0;0;2;3;1;B02
201100007857;0;7;0;0;2;7;1;A01
201100007858;0;31;0;6;0;1;1;A01
201100007859;0;7;0;0;0;2;1;A01
201100007860;0;7;0;0;2;2;15;B02
201100007860;0;33;0;0;2;8;21;A01
201100007861;0;7;0;0;1;2;17;A01
201100007862;0;7;0;0;2;1;9;A01
201100007862;0;1;0;0;2;7;1;B02
201100007863;0;7;0;0;2;3;13;B02
201100007863;0;1;0;0;2;6;1;C03
201100007863;0;7;0;0;2;3;1;A01
201100007864;0;10;0;0;2;8;15;B02
201100007864;0;1;0;0;2;8;1;A01
201100007865;0;31;0;13;0;1;15;A01
201100007866;0;7;0;0;2;4;23;B02
201100007866;0;2;0;0;2;1;2;A01
201100007867;0;7;0;0;2;8;15;A01
201100007867;0;33;0;0;2;7;17;B02
201100007868;0;7;0;0;2;2;1;A01
201100007868;0;7;0;0;2;3;1;B02
201100007869;0;33;0;0;2;1;1;B02
201100007869;0;7;0;0;2;7;15;A01
201100007870;0;33;0;13;0;1;1;A01
201100007871;0;30;0;0;2;1;10;A01
201100007871;0;33;0;0;2;1;1;B02
201100007872;0;1;0;0;2;1;1;B02
201100007872;0;7;0;0;2;2;1;A01
201100007873;0;7;0;0;1;1;1;A01
201100007874;0;7;0;0;1;7;1;A01
201100007875;0;7;0;0;2;6;9;A01
201100007875;0;2;0;0;2;1;1;B02
201100007876;0;10;0;0;2;3;1;B02
201100007876;0;7;0;0;2;1;13;A01
201100007877;0;7;0;2;0;1;13;A01
201100007878;0;7;0;0;2;3;1;A01
201100007878;0;17;0;0;0;1;1;B02
201100007879;0;7;0;0;1;2;1;A01
201100007880;0;7;0;0;0;9;1;A01
201100007881;0;7;0;13;0;1;1;A01
201100007882;0;7;0;9;4;9;13;A01
201100007882;0;39;0;0;2;3;1;B02
201100007883;0;10;0;0;2;1;1;B02
201100007883;0;7;0;0;2;8;15;A01
201100007884;0;7;0;0;2;5;13;A01
201100007884;0;7;0;0;2;2;1;B02
201100007885;0;7;0;5;0;9;1;A01
201100007886;0;7;0;0;2;2;1;C03
201100007886;0;7;0;0;0;9;1;A01
201100007886;0;7;0;0;2;2;23;B02
201100007887;0;33;0;0;2;7;13;A01
201100007887;0;7;0;0;2;2;1;B02
201100007888;0;33;0;0;0;1;1;A01
201100007889;0;10;0;0;2;1;13;A01
201100007889;0;13;0;0;2;1;1;B02
201100007890;0;7;0;0;2;2;1;A01
201100007890;0;33;0;0;2;3;1;B02
201100007891;0;33;0;0;2;1;13;B02
201100007891;0;7;0;0;2;3;15;A01
201100007892;0;33;0;13;0;2;1;A01
201100007893;0;7;0;0;2;1;15;A01
201100007893;0;31;0;0;2;7;13;B02
201100007894;0;33;0;13;0;1;0;A01
201100007895;0;1;0;0;0;3;10;B02
201100007895;0;7;0;0;0;2;13;A01
201100007896;0;33;0;13;0;7;1;A01
201100007897;0;7;0;6;0;1;13;A01
201100007898;0;30;0;0;2;5;1;A01
201100007898;0;7;0;0;2;3;1;B02
201100007899;0;33;0;0;2;3;13;A01
201100007899;0;10;0;0;2;8;1;B02
201100007900;0;7;0;0;5;1;1;A01
201100007901;0;7;0;0;2;4;13;A01
201100007901;0;7;0;0;2;1;1;B02
201100007902;0;7;0;0;1;3;1;A01
201100007903;0;31;0;0;2;1;1;A01
201100007903;0;7;0;0;2;2;1;B02
201100007904;0;1;0;0;2;0;1;B02
201100007904;0;7;0;0;0;0;19;A01
201100007905;0;33;0;0;0;1;1;A01
201100007906;0;30;0;0;0;3;15;A01
201100007906;0;1;0;0;2;1;17;B02
201100007907;0;7;0;2;0;1;1;A01
201100007908;0;1;0;0;2;4;15;A01
201100007908;0;7;0;0;9;1;15;B02
201100007909;0;7;0;0;2;7;1;A01
201100007909;0;10;0;0;2;1;1;B02
201100007910;0;7;0;0;2;1;9;A01
201100007910;0;7;0;0;2;1;1;B02
201100007911;0;7;0;0;2;3;13;A01
201100007911;0;14;0;0;2;3;1;B02
201100007912;0;7;0;0;2;1;17;A01
201100007912;0;7;0;0;2;1;1;B02
201100007913;0;7;0;14;0;1;1;A01
201100007914;0;30;0;0;0;0;1;A01
201100007915;0;7;0;0;2;3;1;B02
201100007915;0;2;0;0;2;1;13;A01
201100007916;0;33;0;0;2;1;1;B02
201100007916;0;7;0;0;2;1;17;A01
201100007917;0;7;0;3;0;7;14;A01
201100007918;0;7;0;6;0;1;1;A01
201100007919;0;30;0;1;0;1;14;A01
201100007920;0;7;0;13;0;3;1;A01
201100007921;0;7;0;0;2;1;1;B02
201100007921;0;7;0;0;2;1;13;A01
201100007922;0;14;0;0;0;2;13;A01
201100007923;0;7;0;0;1;2;1;A01
201100007924;0;7;0;0;2;1;1;B02
201100007924;0;7;0;0;2;4;13;A01
201100007925;0;33;0;0;2;1;1;B02
201100007925;0;7;0;0;2;3;10;A01
201100007926;0;7;0;0;2;1;1;B02
201100007926;0;31;0;0;2;1;13;A01
201100007927;0;7;0;8;0;1;21;A01
201100007928;0;7;0;0;2;2;1;A01
201100007928;0;7;0;0;2;3;19;B02
201100007929;0;7;0;3;2;1;13;A01
201100007929;0;7;0;13;2;1;2;B02
201100007930;0;7;0;0;2;1;1;B02
201100007930;0;7;0;0;2;3;15;A01
201100007931;0;7;0;8;0;1;1;A01
201100007932;0;14;0;0;2;2;2;B02
201100007932;0;2;0;3;2;4;2;A01
201100007933;0;7;0;0;2;1;0;D04
201100007933;0;10;0;0;2;6;2;A01
201100007933;0;7;0;0;2;1;1;C03
201100007933;0;10;0;0;2;1;21;B02
201100007934;0;7;0;0;2;3;15;A01
201100007934;0;2;0;0;2;1;1;B02
201100007935;0;30;0;0;2;1;1;B02
201100007935;0;7;0;0;2;2;17;A01
201100007936;0;7;0;6;0;1;1;A01
201100007937;0;30;0;0;2;1;13;B02
201100007937;0;7;0;0;2;3;1;A01
201100007938;0;33;0;3;0;1;1;A01
201100007939;0;16;0;13;0;1;1;A01
201100007940;0;7;0;2;0;2;1;A01
201100007941;0;14;0;8;0;7;14;A01
201100007942;0;33;0;6;0;7;1;A01
201100007943;0;31;0;14;0;1;1;A01
201100007944;0;1;0;0;0;1;0;A01
201100007945;0;33;0;0;0;7;1;A01
201100007946;0;7;0;0;2;1;1;B02
201100007946;0;7;0;0;2;3;5;A01
201100007947;0;7;0;0;2;2;15;A01
201100007947;0;33;0;0;2;1;1;B02
201100007948;0;7;0;0;2;1;5;A01
201100007948;0;7;0;0;2;1;1;B02
201100007949;0;7;0;0;1;1;1;A01
201100007950;0;7;0;0;2;3;13;A01
201100007950;0;7;0;0;2;3;1;B02
201100007951;0;7;0;0;2;5;4;B02
201100007951;0;10;0;6;2;2;1;A01
201100007952;0;7;0;6;0;1;1;A01
201100007953;0;33;0;0;2;8;17;A01
201100007953;0;7;0;0;2;8;15;B02
201100007954;0;7;0;0;2;7;6;A01
201100007954;0;7;0;0;2;3;1;B02
201100007955;0;30;0;2;0;0;1;A01
201100007956;0;7;0;0;2;3;13;A01
201100007956;0;7;0;0;2;3;1;B02
201100007957;0;30;0;16;0;1;1;A01
201100007958;0;7;0;0;2;1;15;A01
201100007958;0;33;0;0;2;1;1;B02
201100007959;0;32;0;0;0;0;1;A01
201100007960;0;7;0;2;0;1;1;A01
201100007961;0;7;0;16;0;9;0;A01
201100007962;0;7;0;4;0;1;1;A01
201100007963;0;33;0;8;0;3;1;A01
201100007964;0;7;0;0;2;1;1;B02
201100007964;0;1;0;0;2;1;13;A01
201100007965;0;33;0;5;0;1;2;A01
201100007966;0;7;0;0;1;1;1;A01
201100007967;0;30;0;0;1;1;1;A01
201100007968;0;10;0;0;1;2;1;A01
201100007969;0;7;0;0;0;9;0;A01
201100007970;0;7;0;0;2;1;1;B02
201100007970;0;7;0;0;2;8;19;A01
201100007971;0;7;0;0;0;1;2;A01
201100007971;0;7;0;0;0;4;15;B02
201100007972;0;7;0;0;2;1;1;B02
201100007972;0;13;0;0;2;2;15;A01
201100007973;0;7;0;0;1;3;1;A01
201100007974;0;7;0;0;2;1;1;B02
201100007974;0;33;0;13;2;1;13;A01
201100007975;0;33;0;3;0;1;1;A01
201100007976;0;7;0;0;1;1;1;A01
201100007977;0;7;0;0;1;3;2;A01
201100007978;0;7;0;0;0;9;1;A01
201100007979;0;33;0;6;0;8;1;A01
201100007980;0;7;0;2;0;1;1;A01
201100007981;0;33;0;0;0;0;1;A01
201100007982;0;7;0;0;1;1;1;A01
201100007983;0;7;0;0;2;3;0;B02
201100007983;0;7;0;0;2;1;0;A01
201100007984;0;33;0;0;2;1;1;B02
201100007984;0;7;0;0;0;3;15;A01
201100007985;0;7;0;0;0;8;1;A01
201100007986;0;7;0;0;2;7;13;A01
201100007986;0;7;0;0;2;1;1;B02
201100007987;0;7;0;0;2;2;1;B02
201100007987;0;7;0;0;2;2;5;A01
201100007988;0;33;0;0;0;0;1;A01
201100007989;0;7;0;0;2;1;1;C03
201100007989;0;7;0;0;2;3;1;B02
201100007989;0;7;0;0;2;2;5;A01
201100007990;0;7;0;0;1;2;1;A01
201100007991;0;7;0;0;2;8;15;B02
201100007991;0;7;0;0;2;1;1;A01
201100007992;0;10;0;0;2;2;1;B02
201100007992;0;7;0;0;0;0;13;C03
201100007992;0;7;0;0;2;2;13;A01
201100007993;0;7;0;14;0;2;2;B02
201100007993;0;17;0;0;2;6;1;D04
201100007993;0;10;0;0;2;7;13;C03
201100007993;0;7;0;0;2;1;1;A01
201100007994;0;1;0;0;2;0;13;B02
201100007994;0;7;0;0;9;7;17;A01
201100007995;0;1;0;0;2;1;1;B02
201100007995;0;7;0;0;2;6;15;A01
201100007996;0;7;0;13;0;1;1;A01
201100007997;0;33;0;0;2;1;1;B02
201100007997;0;7;0;0;2;8;15;A01
201100007998;0;10;0;0;2;7;13;A01
201100007998;0;7;0;0;2;1;1;B02
201100007998;0;3;0;0;2;3;1;C03
201100007999;0;2;0;3;0;9;1;A01
201100008000;0;7;0;0;0;0;21;A01
201100008001;0;31;0;0;0;7;1;A01
201100008002;0;7;0;0;9;1;1;A01
201100008002;0;7;0;0;9;1;1;B02
201100008003;0;7;0;0;0;3;9;A01
201100008003;0;33;0;0;2;1;1;B02
201100008004;0;7;0;0;5;2;1;C03
201100008004;0;7;0;0;5;1;1;B02
201100008004;0;7;0;0;5;2;1;A01
201100008004;0;7;0;0;5;1;1;D04
201100008005;0;7;0;0;2;8;23;B02
201100008005;0;33;0;14;2;7;1;A01
201100008006;0;1;0;0;2;1;1;A01
201100008006;0;1;0;0;2;1;21;B02
201100008006;0;7;0;0;9;3;15;C03
201100008007;0;7;0;0;1;2;1;A01
201100008008;0;7;0;0;0;0;1;A01
201100008009;0;10;0;0;2;1;1;A01
201100008009;0;7;0;0;2;8;15;B02
201100008010;0;33;0;6;0;7;1;A01
201100008011;0;7;0;0;1;2;1;A01
201100008012;0;7;0;0;2;3;5;A01
201100008012;0;1;0;0;2;1;1;B02
201100008013;0;7;0;13;0;0;14;A01
201100008014;0;7;0;0;2;8;15;A01
201100008014;0;33;0;0;2;7;17;B02
201100008015;0;10;0;16;0;2;1;A01
201100008016;0;10;0;0;1;5;4;A01
201100008017;0;7;0;0;2;3;1;B02
201100008017;0;31;0;0;2;1;13;A01
201100008018;0;7;0;0;2;1;1;B02
201100008018;0;10;0;0;2;3;13;A01
201100008019;0;33;0;0;0;7;1;B02
201100008019;0;7;0;0;0;2;15;A01
201100008020;0;7;0;0;2;3;1;B02
201100008020;0;7;0;0;0;3;13;A01
201100008021;0;7;0;0;1;1;15;A01
201100008022;0;7;0;0;2;3;13;A01
201100008022;0;7;0;0;2;3;1;B02
201100008023;0;7;0;1;0;2;1;B02
201100008023;0;7;0;0;0;2;24;A01
201100008024;0;7;0;0;0;7;16;A01
201100008025;0;7;0;0;0;0;1;A01
201100008026;0;7;0;0;0;0;1;A01
201100008027;0;7;0;6;0;8;1;A01
201100008028;0;1;0;0;2;8;1;B02
201100008028;0;33;0;0;2;2;17;A01
201100008029;0;7;0;0;2;1;17;A01
201100008029;0;33;0;0;2;1;1;B02
201100008030;0;33;0;0;2;1;13;A01
201100008030;0;7;0;0;2;3;1;B02
201100008031;0;7;0;0;0;1;2;A01
201100008032;0;7;0;0;1;1;1;A01
201100008033;0;33;0;0;2;7;1;B02
201100008033;0;7;0;0;0;8;19;A01
201100008034;0;7;0;0;1;2;1;A01
201100008035;0;7;0;0;2;3;1;A01
201100008035;0;14;0;0;2;6;13;B02
201100008036;0;7;0;2;0;1;14;A01
201100008037;0;7;0;6;0;3;11;A01
201100008038;0;7;0;0;2;1;1;B02
201100008038;0;10;0;0;2;1;1;A01
201100008039;0;7;0;0;2;2;1;B02
201100008039;0;7;0;0;2;2;19;A01
201100008040;0;1;0;0;0;0;1;A01
201100008041;0;7;0;0;2;3;1;B02
201100008041;0;7;0;0;2;3;13;A01
201100008042;0;7;0;0;2;2;11;A01
201100008042;0;7;0;0;2;1;1;B02
201100008043;0;7;0;0;2;1;17;A01
201100008043;0;10;0;0;2;1;0;B02
201100008044;0;33;0;0;2;1;1;B02
201100008044;0;7;0;0;2;7;15;A01
201100008045;0;33;0;0;2;1;1;B02
201100008045;0;7;0;0;2;3;15;A01
201100008046;0;7;0;0;2;3;17;B02
201100008046;0;30;0;0;2;1;1;A01
201100008047;0;7;0;0;2;6;1;B02
201100008047;0;7;0;0;2;1;19;A01
201100008047;0;7;0;0;2;1;1;C03
201100008048;0;14;0;0;2;8;17;B02
201100008048;0;7;0;0;2;7;17;A01
201100008049;0;33;0;0;2;1;1;A01
201100008049;0;7;0;0;2;5;19;B02
201100008050;0;7;0;0;2;1;1;B02
201100008050;0;33;0;0;2;1;1;A01
201100008051;0;30;0;0;0;9;0;B02
201100008051;0;7;0;0;0;5;1;A01
201100008052;0;30;0;0;2;1;13;A01
201100008052;0;7;0;0;2;1;1;B02
201100008053;0;33;0;2;0;1;2;A01
201100008054;0;7;0;6;0;8;1;A01
201100008055;0;7;0;0;2;1;1;B02
201100008055;0;30;0;0;2;1;15;A01
201100008056;0;7;0;2;0;8;0;A01
201100008057;0;7;0;8;0;9;19;A01
201100008058;0;7;0;0;0;9;13;A01
201100008059;0;7;0;0;2;7;1;C03
201100008059;0;17;0;3;2;1;1;A01
201100008059;0;7;0;0;2;1;1;B02
201100008060;0;2;0;0;0;4;1;B02
201100008060;0;7;0;0;2;0;17;A01
201100008061;0;7;0;16;0;9;19;A01
201100008062;0;31;0;0;2;1;2;A01
201100008062;0;13;0;0;0;6;2;B02
201100008063;0;7;0;0;1;1;10;A01
201100008064;0;7;0;13;0;1;13;A01
201100008065;0;31;0;0;2;1;1;B02
201100008065;0;7;0;0;2;3;15;A01
201100008066;0;7;0;3;2;5;17;A01
201100008066;0;7;0;13;2;3;1;B02
201100008067;0;33;0;0;2;7;17;B02
201100008067;0;7;0;0;2;8;20;A01
201100008068;0;33;0;0;0;7;15;A01
201100008069;0;33;0;13;0;3;16;A01
201100008070;0;7;0;0;1;6;4;A01
201100008071;0;7;0;0;2;1;13;A01
201100008071;0;7;0;0;2;1;1;B02
201100008072;0;2;0;0;2;1;21;B02
201100008072;0;7;0;0;2;0;19;A01
201100008073;0;7;0;0;2;1;1;B02
201100008073;0;33;0;0;2;9;13;A01
201100008073;0;7;0;0;1;1;1;C03
201100008074;0;7;0;0;2;3;1;B02
201100008074;0;1;0;0;2;1;13;A01
201100008075;0;7;0;0;2;8;15;A01