num_acc;senc;catv;occutc;obs;obsm;choc;manv;num_veh
201100008075;0;30;0;0;2;1;1;B02
201100008076;0;36;0;13;0;0;1;A01
201100008077;0;1;0;0;0;7;1;A01
201100008078;0;7;0;2;0;9;13;A01
201100008079;0;7;0;0;2;7;19;A01
201100008079;0;1;0;0;2;1;1;B02
201100008080;0;7;0;0;2;3;13;B02
201100008080;0;7;0;0;2;3;1;A01
201100008081;0;7;0;0;2;2;1;A01
201100008081;0;7;0;0;2;8;9;B02
201100008082;0;7;0;0;2;3;1;B02
201100008082;0;7;0;0;2;3;13;A01
201100008083;0;7;0;0;2;3;1;B02
201100008083;0;7;0;0;2;1;13;A01
201100008084;0;7;0;0;2;1;13;A01
201100008084;0;34;0;0;2;1;1;B02
201100008085;0;2;0;15;0;1;1;A01
201100008086;0;33;0;0;2;1;1;B02
201100008086;0;7;0;0;2;2;15;A01
201100008087;0;7;0;6;0;1;1;A01
201100008088;0;1;0;0;2;1;1;B02
201100008088;0;7;0;0;9;5;19;A01
201100008089;0;1;0;0;2;1;13;A01
201100008089;0;33;0;0;2;1;1;B02
201100008090;0;15;0;0;2;0;1;A01
201100008090;0;33;0;14;2;1;17;B02
201100008091;0;7;0;0;9;1;19;A01
201100008091;0;1;0;0;2;7;1;B02
201100008092;0;33;0;0;2;1;17;A01
201100008092;0;10;0;0;2;3;9;B02
201100008093;0;33;0;0;2;1;1;A01
201100008093;0;33;0;0;2;8;15;B02
201100008094;0;7;0;0;2;3;1;A01
201100008094;0;7;0;0;2;2;19;B02
201100008095;0;7;0;0;2;1;13;B02
201100008095;0;7;0;0;2;1;1;A01
201100008096;0;10;0;0;2;8;12;A01
201100008096;0;1;0;0;2;7;1;B02
201100008097;0;10;0;0;1;2;1;A01
201100008098;0;33;0;0;0;1;13;A01
201100008099;0;7;0;0;2;1;1;B02
201100008099;0;7;0;0;2;8;13;A01
201100008100;0;7;0;8;0;9;1;A01
201100008101;0;33;0;16;0;8;1;A01
201100008102;0;10;0;0;2;8;15;A01
201100008102;0;33;0;0;2;1;17;B02
201100008103;0;30;0;0;2;1;1;B02
201100008103;0;7;0;0;2;7;15;A01
201100008104;0;7;0;0;2;3;1;B02
201100008104;0;33;0;0;2;3;13;C03
201100008104;0;7;0;0;2;3;1;A01
201100008105;0;7;0;0;2;1;15;A01
201100008105;0;2;0;0;2;8;1;B02
201100008106;0;7;0;0;2;6;13;A01
201100008106;0;7;0;0;2;2;17;B02
201100008107;0;7;0;0;2;1;13;A01
201100008107;0;7;0;0;2;1;1;B02
201100008108;0;7;0;0;2;2;1;B01
201100008108;0;32;0;0;2;1;1;A02
201100008109;0;7;0;0;2;3;1;B02
201100008109;0;7;0;0;2;7;13;A01
201100008110;0;30;0;0;2;1;1;A01
201100008110;1;7;0;0;2;1;13;B02
201100008111;0;7;0;0;2;3;10;B02
201100008111;0;30;0;0;2;1;1;A01
201100008112;0;30;0;0;2;3;5;A01
201100008112;0;7;0;0;2;1;1;B02
201100008113;0;7;0;0;2;1;13;A01
201100008113;0;7;0;0;2;1;1;B02
201100008114;0;7;0;13;0;9;1;A01
201100008115;0;7;0;0;0;9;1;A01
201100008116;0;7;0;0;1;1;0;A01
201100008117;0;10;0;0;1;2;1;A01
201100008118;0;33;0;8;0;1;0;A01
201100008119;0;7;0;0;1;4;20;A01
201100008120;0;31;0;6;0;1;15;A01
201100008121;0;7;0;5;0;1;13;A01
201100008122;0;7;0;0;0;9;16;A01
201100008123;0;36;0;0;0;1;1;A01
201100008124;0;7;0;3;0;9;1;A01
201100008125;0;7;0;0;0;3;15;A01
201100008125;0;1;0;0;2;1;1;B02
201100008126;0;7;0;0;1;1;1;A01
201100008127;0;33;0;8;0;1;1;A01
201100008128;0;7;0;8;0;8;17;A01
201100008129;0;7;0;0;2;8;15;B02
201100008129;0;33;0;0;2;1;17;A01
201100008130;0;7;0;0;9;7;15;A01
201100008130;0;1;0;0;2;1;1;B02
201100008131;0;7;0;0;1;1;1;A01
201100008132;0;7;0;0;2;3;1;B02
201100008132;0;7;0;0;2;1;15;A01
201100008133;0;7;0;10;0;1;1;A01
201100008134;0;7;0;2;0;1;1;A01
201100008135;0;7;0;2;0;2;1;A01
201100008136;0;7;0;0;1;3;2;A01
201100008137;0;10;0;0;1;3;1;A01
201100008138;0;7;0;0;0;7;15;A01
201100008138;0;7;0;0;2;1;1;B02
201100008139;0;31;0;0;2;1;21;B02
201100008139;0;7;0;0;2;3;19;A01
201100008140;0;7;0;1;0;2;1;A01
201100008141;0;7;0;4;0;1;1;A01
201100008142;0;1;0;0;0;0;1;A01
201100008143;0;7;0;0;2;1;1;A01
201100008143;0;13;0;0;2;4;1;B02
201100008144;0;7;0;0;2;5;1;B02
201100008144;0;7;0;0;2;1;1;A01
201100008145;0;2;0;0;2;7;19;A01
201100008145;0;7;0;0;2;1;15;B02
201100008146;0;7;0;0;2;1;1;B02
201100008146;0;33;0;0;2;1;13;A01
201100008147;0;7;0;2;0;1;16;A01
201100008148;0;10;0;0;2;1;1;B02
201100008148;0;7;0;0;2;1;17;A01
201100008149;0;7;0;0;9;2;15;A01
201100008149;0;1;0;0;2;1;1;B03
201100008150;0;7;0;0;2;3;1;B02
201100008150;0;10;0;0;2;3;6;A01
201100008151;0;7;0;0;1;2;1;A01
201100008152;0;30;0;0;0;7;1;A01
201100008153;0;7;0;0;1;1;1;A01
201100008154;0;30;0;0;2;4;2;B02
201100008154;0;10;0;0;2;1;2;A01
201100008155;0;7;0;0;2;1;21;B02
201100008155;0;7;0;0;2;1;13;A01
201100008156;0;7;0;0;2;2;17;C03
201100008156;0;3;0;0;2;8;1;A01
201100008156;0;7;0;0;2;3;17;B02
201100008157;0;33;0;2;0;1;13;A01
201100008158;0;7;0;0;2;1;1;B02
201100008158;0;7;0;0;2;1;13;A01
201100008159;0;30;0;0;0;8;1;A01
201100008160;0;7;0;2;0;1;1;A01
201100008161;0;7;0;0;1;3;1;A01
201100008162;0;7;0;0;9;3;1;A01
201100008163;0;31;0;0;0;1;1;A01
201100008164;0;7;0;0;2;3;1;A01
201100008164;0;33;0;0;2;3;1;B02
201100008165;0;7;0;13;0;9;1;A01
201100008166;0;7;0;0;2;1;1;B02
201100008166;0;7;0;0;2;8;15;A01
201100008167;0;7;0;0;2;3;1;A01
201100008167;0;7;0;0;2;3;1;B02
201100008168;0;7;0;13;0;1;1;A01
201100008169;0;7;0;8;0;7;1;A01
201100008170;0;7;0;0;2;1;23;A01
201100008170;0;31;0;0;2;7;1;B02
201100008171;0;7;0;0;2;6;21;A01
201100008171;0;7;0;0;2;3;1;B02
201100008172;0;7;0;0;9;2;2;A01
201100008172;0;1;0;0;2;4;2;B02
201100008173;0;7;0;0;2;1;1;B02
201100008173;0;7;0;0;2;7;15;A01
201100008174;1;7;0;0;1;2;1;A01
201100008175;0;7;0;0;2;3;19;A01
201100008175;0;31;0;0;2;1;17;B02
201100008176;0;7;0;0;2;1;1;B02
201100008176;0;7;0;0;0;0;0;A01
201100008177;0;7;0;0;2;3;15;A01
201100008177;0;2;0;0;2;1;1;B02
201100008178;0;2;0;0;2;3;1;A01
201100008178;0;38;0;0;2;3;1;B02
201100008179;0;33;0;13;0;1;1;A01
201100008180;0;21;0;0;2;3;15;B02
201100008180;0;33;0;0;2;1;1;A01
201100008181;0;30;0;3;0;1;1;A01
201100008182;0;33;0;0;0;0;1;A01
201100008183;0;7;0;0;1;1;1;A01
201100008184;0;7;0;0;2;3;1;A01
201100008184;0;7;0;0;2;3;1;B02
201100008185;0;7;0;6;0;1;1;A01
201100008186;0;7;0;0;1;3;1;A01
201100008186;0;7;0;0;0;0;23;B02
201100008187;0;33;0;0;2;1;1;B02
201100008187;0;7;0;0;2;7;15;A01
201100008188;0;7;0;0;2;1;13;A01
201100008188;0;7;0;0;2;0;1;C03
201100008188;0;10;0;0;2;1;1;B02
201100008189;0;34;0;0;2;1;1;B02
201100008189;0;7;0;0;2;3;20;A01
201100008190;0;7;0;0;0;0;0;A01
201100008191;0;7;0;0;2;2;15;A01
201100008191;0;31;0;0;2;1;1;B02
201100008192;0;10;0;0;0;8;15;A01
201100008192;0;7;0;0;2;1;1;B02
201100008193;0;7;0;0;2;3;1;B02
201100008193;0;7;0;0;2;3;13;A01
201100008194;0;33;0;0;0;8;1;A01
201100008195;0;7;0;0;1;3;15;A01
201100008196;0;7;0;0;0;0;1;A01
201100008197;0;7;0;0;1;2;1;A01
201100008198;0;7;0;0;0;4;1;B02
201100008198;0;7;0;0;2;1;2;A01
201100008199;0;7;0;0;2;6;15;B02
201100008199;0;33;0;0;2;1;1;A01
201100008200;0;17;0;0;2;1;1;B02
201100008200;0;7;0;4;2;3;6;A01
201100008201;0;30;0;0;2;7;1;B02
201100008201;0;10;0;0;2;1;15;A01
201100008202;0;10;0;0;2;3;1;B02
201100008202;0;7;0;0;2;1;13;A01
201100008203;0;7;0;0;1;1;1;A01
201100008204;0;7;0;0;2;1;1;B02
201100008204;0;7;0;0;2;1;13;A01
201100008205;0;33;0;0;9;1;13;B02
201100008205;0;7;0;0;9;1;1;A01
201100008206;0;10;0;0;2;3;1;B02
201100008206;0;10;0;0;2;3;5;A01
201100008207;0;7;0;0;0;8;1;A01
201100008208;0;7;0;0;2;8;13;A01
201100008208;0;7;0;0;2;3;1;B02
201100008209;0;1;0;0;0;1;1;A01
201100008210;0;7;0;0;2;3;15;B02
201100008210;0;31;0;0;2;8;1;A01
201100008211;0;7;0;0;2;3;1;B02
201100008211;0;7;0;0;2;3;1;A01
201100008212;0;7;0;0;1;2;1;A01
201100008213;0;7;0;0;2;3;1;A01
201100008213;0;7;0;0;2;3;1;B02
201100008214;0;7;0;0;2;3;13;A01
201100008214;0;33;0;0;2;1;1;B02
201100008215;0;7;0;14;0;1;13;A01
201100008216;0;7;0;0;1;2;1;A01
201100008217;0;7;0;0;2;1;1;B02
201100008217;0;7;0;0;2;7;19;A01
201100008218;0;7;0;0;2;3;1;A01
201100008218;0;7;0;0;2;5;17;B02
201100008219;0;7;0;0;2;3;5;A01
201100008219;0;7;0;0;2;3;1;C03
201100008219;0;7;0;0;2;8;1;B02
201100008220;0;1;0;0;2;4;1;B02
201100008220;0;7;0;0;9;2;1;A01
201100008221;0;33;0;0;2;1;2;A01
201100008221;0;7;0;0;0;4;2;B02
201100008222;0;7;0;0;2;2;21;B02
201100008222;0;1;0;0;2;1;15;A01
201100008223;0;14;0;0;2;2;2;B02
201100008223;0;30;0;0;2;8;19;A01
201100008224;0;33;0;0;6;1;1;A01
201100008225;0;7;0;0;2;3;13;A01
201100008225;0;7;0;13;2;3;1;B02
201100008226;0;30;0;0;2;1;1;B02
201100008226;0;7;0;0;2;3;19;A01
201100008227;0;7;0;2;0;1;14;A01
201100008228;0;7;0;0;0;7;14;A01
201100008229;0;33;0;0;2;7;17;A01
201100008229;0;10;0;0;2;8;13;B02
201100008230;0;30;0;0;2;8;1;A01
201100008230;0;7;0;0;2;7;17;B02
201100008231;0;30;0;0;2;8;15;B02
201100008231;0;33;0;0;2;7;17;A01
201100008232;0;36;0;0;2;1;13;A01
201100008232;0;7;0;0;2;3;1;B02
201100008233;0;32;0;14;0;7;6;A01
201100008234;0;33;0;0;2;1;1;A01
201100008234;0;7;0;0;0;3;5;B02
201100008235;0;7;0;0;2;1;1;B02
201100008235;0;7;0;0;2;8;13;A01
201100008236;0;7;0;0;2;3;15;A01
201100008236;0;33;0;0;2;8;1;B02
201100008237;0;7;0;0;2;8;9;B02
201100008237;0;14;0;0;2;2;1;A01
201100008238;0;7;0;0;2;1;1;B02
201100008238;0;7;0;0;2;1;1;A01
201100008239;0;7;0;0;2;3;13;A01
201100008239;0;7;0;0;2;1;1;C03
201100008239;0;20;0;0;2;3;1;B02
201100008240;0;33;0;16;0;1;1;A01
201100008241;0;7;0;0;2;3;13;A01
201100008241;0;7;0;0;2;3;1;B02
201100008242;0;7;0;0;2;2;15;B02
201100008242;0;33;0;0;2;1;1;A01
201100008243;0;17;0;0;0;8;1;A01
201100008244;0;30;0;0;2;1;1;B01
201100008244;0;38;1;0;2;3;1;A02
201100008245;0;7;0;0;2;7;15;A01
201100008245;0;33;0;0;2;1;1;B02
201100008246;0;7;0;0;2;2;15;A01
201100008246;0;7;0;0;2;1;1;B02
201100008247;0;7;0;2;0;3;1;A01
201100008248;0;7;0;0;1;2;20;A01
201100008249;0;7;0;0;2;3;1;B02
201100008249;0;7;0;0;2;3;13;A01
201100008250;0;7;0;13;0;1;1;A01
201100008251;0;33;0;0;2;3;13;A01
201100008251;0;37;0;0;2;3;1;B02
201100008252;0;7;0;;2;1;1;B02
201100008252;0;7;0;0;2;3;1;A01
201100008253;0;1;0;0;2;0;1;B02
201100008253;0;7;0;0;9;2;1;A01
201100008254;0;33;0;10;0;1;1;A01
201100008255;0;33;0;0;6;1;1;A01
201100008256;0;7;0;0;2;2;0;B01
201100008256;0;1;0;0;2;1;13;A02
201100008257;0;7;0;0;2;3;1;B02
201100008257;0;33;0;0;2;1;17;A01
201100008258;0;33;0;6;0;0;1;A01
201100008259;0;7;0;0;1;2;1;A01
201100008260;0;33;0;0;0;0;0;B02
201100008260;0;7;0;0;2;8;0;A01
201100008261;0;7;0;0;0;3;1;A01
201100008262;0;33;0;0;0;7;1;B02
201100008262;0;7;0;0;2;1;19;A01
201100008263;0;10;0;0;2;1;1;B02
201100008263;0;7;0;0;2;2;16;A01
201100008264;0;7;0;8;0;3;13;A01
201100008265;0;7;0;0;2;3;13;A01
201100008265;0;7;0;0;0;3;1;C03
201100008265;0;7;0;0;0;6;1;B02
201100008266;0;7;0;0;0;7;15;A01
201100008266;0;33;0;0;0;1;1;B02
201100008267;0;30;0;0;2;1;1;B02
201100008267;0;7;0;0;2;3;5;A01
201100008268;0;30;0;6;0;1;21;A01
201100008269;0;7;0;0;2;3;15;B02
201100008269;0;33;0;0;2;1;1;A01
201100008270;0;7;0;0;2;2;19;A01
201100008270;0;2;0;0;2;1;3;B02
201100008271;0;7;0;0;2;2;13;A01
201100008271;0;7;0;0;2;3;1;B02
201100008272;0;30;0;0;2;1;10;A01
201100008272;0;7;0;0;0;2;1;B02
201100008273;0;33;0;0;0;0;1;A01
201100008274;0;30;0;0;2;4;1;B02
201100008274;0;30;0;0;2;1;1;A01
201100008275;0;7;0;0;0;8;1;A01
201100008276;0;33;0;16;0;1;1;A01
201100008277;0;7;0;0;2;3;10;A01
201100008277;0;7;0;0;2;7;21;B02
201100008278;0;7;0;0;0;9;1;A01
201100008279;0;30;0;0;2;8;18;A01
201100008279;0;7;0;0;2;2;1;B02
201100008280;0;7;0;0;2;7;1;A01
201100008280;0;33;0;0;2;8;16;B02
201100008281;0;7;0;0;1;7;21;A01
201100008282;0;7;0;0;2;8;1;B02
201100008282;0;7;0;0;2;1;19;A01
201100008283;0;33;0;3;0;1;14;A01
201100008284;0;33;0;11;0;1;17;A01
201100008285;0;7;0;0;2;3;1;A01
201100008285;0;21;0;0;2;3;1;B02
201100008286;0;7;0;0;2;3;2;B02
201100008286;0;33;0;0;2;1;17;A01
201100008287;0;30;0;0;2;1;6;A01
201100008287;0;7;0;0;2;3;15;B02
201100008288;0;7;0;0;1;3;1;A01
201100008289;0;7;0;0;2;3;15;A01
201100008289;0;30;0;0;2;1;1;B02
201100008290;0;7;0;0;2;3;13;A01
201100008290;0;7;0;0;2;3;21;B02
201100008290;0;7;0;0;2;1;1;C03
201100008291;0;7;0;2;2;3;1;A01
201100008291;0;7;0;0;2;8;1;B02
201100008291;0;10;0;0;2;1;1;C03
201100008292;0;7;0;0;2;2;1;B02
201100008292;0;7;0;0;0;3;15;A01
201100008293;0;10;0;2;0;1;1;A01
201100008294;0;7;0;0;2;3;17;A01
201100008294;0;7;0;0;0;6;19;B02
201100008295;0;7;0;0;2;1;13;A01
201100008295;0;7;0;0;2;1;1;B02
201100008296;0;7;0;0;2;1;9;A01
201100008296;0;30;0;0;2;1;16;B02
201100008297;0;7;0;2;0;7;1;A01
201100008298;0;7;0;0;2;1;1;A01
201100008298;0;7;0;0;2;2;13;B02
201100008299;0;7;0;0;2;1;1;B02
201100008299;0;7;0;0;2;8;10;A01
201100008300;0;7;0;0;2;3;13;A01
201100008300;0;3;0;0;2;3;1;B02
201100008301;0;36;0;0;2;1;0;A01
201100008301;0;7;0;0;2;8;1;B02
201100008302;0;30;0;0;0;0;1;A01
201100008303;0;7;0;0;2;1;1;B02
201100008303;0;7;0;0;2;1;13;A01
201100008304;0;33;0;0;0;1;0;A01
201100008305;0;7;0;0;2;3;1;B02
201100008305;0;33;0;0;2;3;13;A01
201100008306;0;7;0;0;0;2;1;A01
201100008306;0;1;0;0;0;4;1;B02
201100008307;0;7;0;0;0;0;16;A01
201100008307;0;33;0;0;0;0;21;B02
201100008308;0;7;0;0;9;5;21;A01
201100008308;0;1;0;;2;5;13;B02
201100008309;0;33;0;0;2;1;13;A01
201100008309;0;33;0;0;2;8;1;C03
201100008309;0;33;0;0;2;8;1;B02
201100008310;0;7;0;0;2;4;2;A01
201100008310;0;7;0;0;2;1;2;B02
201100008311;0;7;0;13;0;3;1;A01
201100008312;0;10;0;6;0;1;1;A01
201100008313;0;2;0;8;0;1;0;A01
201100008314;0;31;0;0;2;1;1;A01
201100008314;0;7;0;0;2;7;19;B02
201100008315;0;10;0;0;1;4;4;A01
201100008316;0;30;0;0;2;3;15;A01
201100008316;0;10;0;0;2;1;1;B02
201100008317;0;7;0;0;1;1;1;A01
201100008318;0;1;0;0;2;7;1;A01
201100008319;0;7;0;0;2;3;15;B02
201100008319;0;2;0;0;2;2;17;A01
201100008320;0;7;0;0;2;3;19;B02
201100008320;0;7;0;0;2;1;1;A01
201100008321;0;1;0;0;0;4;2;B02
201100008321;0;7;0;0;2;3;2;A01
201100008322;0;7;0;0;1;2;1;A01
201100008323;0;33;0;0;0;7;1;A01
201100008324;0;33;0;14;0;1;16;A01
201100008325;0;33;0;0;0;1;1;A01
201100008326;0;7;0;6;0;1;14;A01
201100008327;0;7;0;0;2;2;23;A01
201100008327;0;33;0;0;2;1;1;B02
201100008328;0;33;0;14;0;1;1;A01
201100008329;0;7;0;16;0;9;14;A01
201100008330;0;7;0;2;0;1;0;A01
201100008331;0;7;0;2;0;1;15;A01
201100008332;0;33;0;13;0;7;1;A01
201100008333;0;7;0;6;0;0;1;A01
201100008334;0;7;0;0;1;7;1;A01
201100008335;0;7;0;13;0;0;0;A01
201100008336;0;7;0;0;2;7;1;A01
201100008336;0;38;11;0;2;3;1;B02
201100008336;0;7;0;0;2;3;19;C03
201100008337;0;7;0;0;1;7;1;A01
201100008338;0;7;0;0;2;3;13;A01
201100008338;0;10;0;0;2;3;1;B02
201100008338;0;7;0;0;0;3;1;C03
201100008339;0;7;0;2;0;2;1;A01
201100008340;0;10;0;0;2;1;1;A01
201100008340;0;99;0;0;2;8;1;B02
201100008341;0;30;0;6;0;7;1;A01
201100008342;0;7;0;0;2;1;13;A01
201100008342;0;7;0;0;2;1;1;B02
201100008343;0;1;0;0;0;8;1;A01
201100008344;0;33;0;0;2;1;1;B02
201100008344;0;10;0;0;2;1;15;A01
201100008345;0;33;0;0;2;1;1;B02
201100008345;0;7;0;0;2;2;15;A01
201100008346;0;32;0;0;2;1;1;A01
201100008346;0;10;0;0;2;2;15;B02
201100008347;0;7;0;0;2;5;15;A01
201100008347;0;33;0;0;2;1;1;B02
201100008348;0;7;0;0;2;2;1;A01
201100008348;0;7;0;0;2;1;1;B02
201100008349;0;7;0;0;2;5;16;A01
201100008349;0;2;0;0;2;1;1;B02
201100008350;0;7;0;0;2;7;1;A01
201100008350;0;7;0;0;2;1;1;B02
201100008351;0;33;0;0;2;1;1;B02
201100008351;0;7;0;0;2;3;17;A01
201100008352;0;7;0;0;2;3;1;A01
201100008352;0;7;0;0;2;3;1;B02
201100008353;0;7;0;0;2;3;13;A01
201100008353;0;7;0;0;0;3;1;B02
201100008354;0;7;0;6;0;1;1;A01
201100008355;0;7;0;0;0;2;1;A01
201100008356;0;7;0;0;2;1;1;B02
201100008356;0;7;0;0;0;7;19;A01
201100008357;0;7;0;13;0;1;1;A01
201100008358;0;7;0;14;0;1;14;A01
201100008359;0;7;0;0;1;2;1;A01
201100008360;0;7;0;0;2;3;1;B02
201100008361;0;33;0;0;2;1;1;B02
201100008361;0;7;0;0;2;2;15;A01
201100008362;0;7;0;0;9;2;1;A01
201100008363;0;7;0;0;2;3;17;A01
201100008363;0;7;0;0;2;1;1;B02
201100008364;0;7;0;0;2;3;1;A01
201100008364;0;1;0;0;2;8;13;B02
201100008364;0;1;0;0;2;1;2;C03
201100008364;0;1;0;0;2;1;2;D04
201100008364;0;1;0;0;2;1;2;E05
201100008365;0;10;0;0;2;3;13;A01
201100008365;0;7;0;0;2;8;1;B02
201100008365;0;7;0;0;9;1;1;C03
201100008366;0;33;0;0;2;2;1;A01
201100008366;0;30;0;0;2;1;19;B02
201100008367;0;7;0;0;2;3;15;A01
201100008367;0;32;0;0;2;1;1;B02
201100008368;0;33;0;0;2;1;1;B02
201100008368;0;7;0;0;2;1;9;A01
201100008369;0;33;0;0;2;1;1;B02
201100008369;0;7;0;0;2;8;15;A01
201100008370;0;33;0;0;2;1;1;A01
201100008370;0;7;0;0;2;3;1;B02
201100008371;0;33;0;0;0;8;1;A01
201100008371;0;7;0;0;2;1;1;B02
201100008372;0;7;0;0;1;1;1;A01
201100008373;0;7;0;6;0;2;1;A01
201100008374;0;7;0;13;0;2;1;A01
201100008375;0;7;0;0;0;2;2;A01
201100008376;0;7;0;15;0;3;1;A01
201100008377;0;33;0;0;2;1;1;B02
201100008377;0;7;0;0;2;3;1;A01
201100008378;0;7;0;2;0;8;1;A01
201100008379;0;31;0;0;0;2;2;A01
201100008380;0;7;0;0;2;3;17;A01
201100008380;0;7;0;0;2;3;1;B02
201100008381;0;7;0;0;2;3;1;A01
201100008381;0;31;0;0;2;1;1;B02
201100008382;0;7;0;0;1;6;4;A01
201100008383;0;7;0;1;0;8;1;A01
201100008384;0;7;0;7;0;2;1;A01
201100008385;0;38;30;0;2;2;1;B02
201100008385;0;7;0;0;2;1;1;A01
201100008386;0;7;0;13;0;6;1;A01
201100008387;0;15;0;1;0;8;1;A01
201100008387;0;7;0;0;0;9;24;B02
201100008388;0;10;0;0;2;3;1;B02
201100008388;0;33;0;0;2;7;19;A01
201100008389;0;33;0;6;0;1;1;A01
201100008390;0;7;0;0;0;3;13;A01
201100008390;0;7;0;0;0;3;1;B02
201100008391;0;7;0;8;0;2;14;A01
201100008392;0;7;0;13;0;1;1;A01
201100008393;0;7;0;2;0;2;14;A01
201100008394;0;7;0;8;0;8;0;A01
201100008395;0;7;0;13;0;1;1;A01
201100008396;0;33;0;0;2;3;1;A01
201100008396;0;7;0;0;2;2;1;B02
201100008397;0;10;0;13;0;1;13;A01
201100008398;0;33;0;6;0;1;1;A01
201100008399;0;7;0;0;2;1;1;A01
201100008399;0;99;0;0;2;4;11;B02
201100008400;0;7;0;0;0;1;1;A01
201100008401;0;7;0;0;9;7;1;A01
201100008401;0;1;0;0;2;1;19;B02
201100008402;0;33;0;0;2;1;1;B02
201100008402;0;33;0;0;2;1;13;A01
201100008403;0;7;0;0;0;7;15;A01
201100008403;0;7;0;0;0;1;1;B02
201100008404;0;7;0;0;1;3;1;A01
201100008405;0;7;0;0;1;3;1;A01
201100008406;0;7;0;0;2;7;1;B02
201100008406;0;7;0;0;2;1;1;A01
201100008407;0;30;0;0;0;6;1;A01
201100008408;0;33;0;0;0;0;13;A01
201100008409;0;33;0;13;0;7;1;A01
201100008410;0;7;0;13;0;7;1;A01
201100008411;0;33;0;0;0;0;13;A01
201100008412;0;2;0;12;2;1;1;B02
201100008412;0;7;0;0;2;8;15;A01
201100008413;0;7;0;0;0;1;13;A01
201100008414;0;7;0;0;1;1;19;A01
201100008415;0;32;0;0;0;8;1;A01
201100008416;0;7;0;0;1;2;1;A01
201100008417;0;10;0;0;2;3;1;B02
201100008417;0;30;0;0;2;1;13;A01
201100008418;0;14;0;0;2;8;0;B02
201100008418;0;31;0;0;2;8;13;A01
201100008419;0;7;0;0;2;1;13;A01
201100008419;0;7;0;0;2;3;1;B02
201100008420;0;30;0;0;1;2;0;A01
201100008421;0;7;0;0;2;3;1;B02
201100008421;0;30;0;0;2;7;19;A01
201100008422;0;36;0;0;0;1;1;B02
201100008422;0;30;0;0;2;1;16;A01
201100008423;0;7;0;0;2;1;1;B02
201100008423;0;7;0;0;2;1;13;A01
201100008424;0;7;0;0;2;2;13;A01
201100008424;0;7;0;0;2;1;1;B02
201100008425;0;32;0;0;2;3;10;A01
201100008425;0;33;0;0;2;1;21;B02
201100008426;0;30;0;0;2;1;1;A01
201100008427;0;36;0;8;0;3;1;A01
201100008428;0;7;0;4;0;1;1;A01
201100008429;0;7;0;8;0;1;6;A01
201100008430;0;33;0;0;2;1;13;A01
201100008430;0;7;0;0;2;1;1;B02
201100008431;0;7;0;2;0;1;1;A01
201100008432;0;7;0;0;2;1;1;C03
201100008432;0;7;0;0;2;1;1;B02
201100008432;0;17;0;0;2;6;20;A01
201100008433;0;7;0;0;2;1;1;B02
201100008433;0;7;0;0;2;1;13;D04
201100008433;0;7;0;0;2;3;1;C03
201100008433;0;7;0;0;2;2;13;A01
201100008434;0;7;0;0;1;1;1;A01
201100008435;0;30;0;0;2;8;19;A01
201100008435;0;7;0;0;2;3;2;B02
201100008435;0;7;0;0;2;8;2;C03
201100008436;0;30;0;0;1;3;13;A01
201100008437;0;7;0;0;1;1;1;A01
201100008438;0;33;0;8;0;1;1;A01
201100008439;0;30;0;6;2;1;13;A01
201100008439;1;7;0;;;;23;B01
201100008440;0;7;0;0;2;1;13;A01
201100008440;0;15;0;0;2;3;1;B02
201100008441;0;7;0;0;2;5;13;A01
201100008441;0;7;0;0;2;1;1;B02
201100008442;0;7;0;0;0;3;23;A01
201100008442;0;7;0;0;0;2;14;B02
201100008443;0;7;0;0;0;8;21;A01
201100008444;0;38;12;0;2;2;1;B02
201100008444;0;7;0;0;2;1;13;A01
201100008445;0;7;0;0;2;1;1;B02
201100008445;0;1;0;0;2;1;13;A01
201100008446;0;7;0;13;0;9;1;A01
201100008447;0;7;0;13;0;2;1;A01
201100008448;0;7;0;0;2;1;19;A01
201100008448;0;7;0;0;2;2;1;B02
201100008449;0;7;0;13;9;1;1;A01
201100008450;0;3;0;0;2;5;15;B02
201100008450;0;7;0;0;2;1;17;A01
201100008451;0;33;0;12;0;8;1;A01
201100008452;0;14;0;8;1;6;1;A01
201100008453;0;7;0;0;2;1;2;A01
201100008453;0;21;0;0;2;4;2;B02
201100008454;0;7;0;0;2;1;1;A01
201100008454;0;7;0;0;0;2;1;B02
201100008455;0;31;0;0;0;3;1;A01
201100008456;0;7;0;1;0;2;1;A01
201100008456;0;7;0;0;0;6;24;B02
201100008457;0;7;0;8;0;8;1;A01
201100008458;0;7;0;0;2;5;15;B02
201100008458;0;30;0;0;2;1;1;A01
201100008459;0;7;0;13;0;1;1;A01
201100008460;0;7;0;0;2;3;1;B02
201100008460;0;7;0;0;2;3;13;A01
201100008461;0;7;0;0;2;2;1;A01
201100008461;0;7;0;0;2;6;0;B02
201100008462;0;10;0;0;2;3;21;B02
201100008462;0;7;0;0;0;3;11;A01
201100008463;0;10;0;2;0;1;0;A01
201100008464;0;2;0;16;0;1;13;A01
201100008465;0;7;0;15;0;9;1;A01
201100008466;0;33;0;0;2;1;1;B02
201100008466;0;7;0;0;2;3;15;A01
201100008467;0;7;0;15;1;5;19;A01
201100008467;0;7;0;13;0;3;19;B02