num_acc;senc;catv;occutc;obs;obsm;choc;manv;num_veh
201100008468;0;7;0;6;0;2;1;A01
201100008469;0;7;0;0;0;2;1;A01
201100008469;0;7;0;0;2;1;1;B02
201100008470;0;7;0;0;5;1;1;A01
201100008471;0;31;0;0;2;8;1;B02
201100008471;0;7;0;0;2;1;1;A01
201100008472;0;7;0;0;1;1;16;A01
201100008473;0;14;0;0;2;3;5;A01
201100008473;0;7;0;0;2;3;13;B02
201100008474;0;30;0;0;2;1;1;A01
201100008474;0;7;0;0;0;4;1;B02
201100008475;0;33;0;0;2;1;17;B02
201100008475;0;7;0;0;2;1;1;A01
201100008476;0;7;0;0;1;2;13;A01
201100008477;0;33;0;0;5;1;1;A01
201100008478;0;2;0;12;0;3;1;A01
201100008479;0;7;0;0;0;1;15;A01
201100008479;0;1;0;0;0;1;1;B02
201100008480;2;7;0;2;0;9;13;A01
201100008481;0;7;0;0;2;1;13;A01
201100008481;0;10;0;0;2;1;1;B02
201100008482;0;7;0;6;0;1;1;A01
201100008483;0;7;0;2;0;8;1;A01
201100008484;0;10;0;0;0;7;15;A01
201100008484;0;31;0;0;2;1;1;B02
201100008485;0;7;0;0;2;1;1;B02
201100008485;0;21;0;0;2;8;9;A01
201100008486;0;7;0;0;2;3;1;B02
201100008486;0;7;0;0;2;5;15;A01
201100008486;0;7;0;0;2;8;1;C03
201100008487;0;7;0;4;0;1;1;A01
201100008488;0;7;0;0;1;2;1;A01
201100008489;0;7;0;0;2;1;13;A01
201100008489;0;7;0;0;2;1;1;B02
201100008490;0;7;0;0;9;2;1;A01
201100008490;0;1;0;0;0;4;1;B02
201100008491;0;7;0;13;0;9;1;A01
201100008492;0;2;0;0;2;1;13;A01
201100008492;1;7;0;0;2;3;1;B02
201100008493;0;7;0;0;0;8;1;B02
201100008493;0;7;0;0;0;8;15;A01
201100008494;0;33;0;0;0;0;1;A01
201100008495;0;3;0;6;0;1;1;A01
201100008496;0;7;0;0;2;2;19;B02
201100008496;0;7;0;0;2;8;1;A01
201100008497;0;7;0;0;2;2;1;B02
201100008497;0;2;0;0;2;8;10;A01
201100008498;0;7;0;0;2;0;1;A01
201100008498;0;7;0;0;0;0;23;B02
201100008499;0;7;0;0;2;1;13;A01
201100008499;0;7;0;0;2;1;1;B02
201100008500;0;7;0;13;0;1;2;A01
201100008501;0;17;0;0;2;3;1;B02
201100008501;0;7;0;0;2;3;13;A01
201100008502;0;7;0;0;2;1;13;A01
201100008502;0;7;0;0;2;1;1;B02
201100008503;0;17;0;1;0;3;2;A01
201100008503;0;17;0;0;0;5;23;B02
201100008504;0;31;0;0;2;2;17;A01
201100008504;0;10;0;0;2;3;15;B02
201100008505;0;7;0;0;2;4;1;D04
201100008505;0;7;0;0;2;4;1;C03
201100008505;0;7;0;0;0;1;1;E05
201100008505;0;7;0;0;2;5;1;B02
201100008505;0;17;0;0;2;1;1;A01
201100008506;0;7;0;0;2;3;13;B02
201100008506;0;15;0;0;2;3;1;A01
201100008506;0;7;0;0;2;1;1;C03
201100008507;0;17;0;0;2;4;1;B02
201100008507;0;15;0;0;2;1;1;A01
201100008507;0;17;0;0;2;4;1;C03
201100008508;0;31;0;0;6;9;1;A01
201100008509;0;10;0;0;2;1;2;A01
201100008509;0;15;0;0;0;0;23;B02
201100008510;0;7;0;0;2;1;1;A01
201100008510;0;15;0;0;2;1;1;B02
201100008511;0;7;0;0;2;2;17;A01
201100008511;0;1;0;0;0;4;1;B02
201100008512;0;7;0;0;2;3;13;A01
201100008512;0;16;0;0;2;3;21;B02
201100008512;0;7;0;0;2;8;1;D04
201100008513;0;10;0;0;2;3;1;A01
201100008513;0;10;0;0;2;3;13;B02
201100008514;0;10;0;0;2;1;1;B02
201100008514;0;7;0;0;2;1;13;A01
201100008515;0;7;0;0;0;7;2;B02
201100008515;0;7;0;0;2;2;2;A01
201100008516;0;33;0;0;2;7;1;B02
201100008516;0;7;0;0;2;3;10;A01
201100008517;0;7;0;13;0;2;1;A01
201100008518;0;30;0;2;0;1;1;A01
201100008519;0;7;0;3;2;1;13;A01
201100008519;0;15;0;3;2;1;1;B02
201100008520;0;14;0;0;2;2;2;A01
201100008520;0;7;0;0;2;8;11;B02
201100008521;0;7;0;0;2;7;13;A01
201100008521;0;17;0;0;2;3;21;B02
201100008522;0;7;0;0;2;1;1;B02
201100008522;0;7;0;0;2;8;1;A01
201100008523;0;7;0;0;1;7;1;A01
201100008524;0;7;0;0;2;3;17;A01
201100008524;0;14;0;0;2;2;1;B02
201100008524;0;7;0;0;2;3;1;C03
201100008524;0;17;0;0;2;1;1;D04
201100008525;0;7;0;0;2;3;13;A01
201100008525;0;7;0;0;2;1;1;C03
201100008525;0;15;0;0;2;3;21;B02
201100008526;0;7;0;0;0;1;0;A01
201100008526;0;7;0;0;0;1;0;B02
201100008526;0;7;0;0;0;1;0;C03
201100008527;0;17;0;0;2;8;1;C03
201100008527;0;7;0;0;2;3;1;B02
201100008527;0;7;0;0;2;3;17;A01
201100008528;0;7;0;13;0;7;1;A01
201100008529;0;7;0;0;2;1;1;C03
201100008529;0;7;0;0;2;1;1;B02
201100008529;0;7;0;0;2;1;13;A01
201100008529;0;7;0;0;2;1;1;D04
201100008530;0;7;0;8;2;1;1;B02
201100008530;0;10;0;8;2;8;19;A01
201100008531;0;7;0;0;2;8;19;A01
201100008531;0;7;0;0;2;1;1;B02
201100008532;0;7;0;2;0;8;1;A01
201100008533;0;7;0;6;0;3;1;A01
201100008534;0;7;0;6;0;9;1;A01
201100008535;0;7;0;0;2;1;5;A01
201100008535;0;17;0;0;2;1;1;B02
201100008536;0;7;0;0;0;9;1;A01
201100008537;0;2;0;0;2;8;1;A01
201100008537;0;7;0;0;2;3;15;B02
201100008538;0;7;0;0;2;1;1;A01
201100008538;0;7;0;0;2;1;1;B02
201100008539;0;7;0;2;0;7;13;A01
201100008540;0;7;0;0;0;1;1;A01
201100008541;0;7;0;13;0;1;1;A01
201100008542;0;33;0;0;2;8;1;B02
201100008542;0;7;0;0;2;6;1;A01
201100008543;0;15;0;0;2;3;1;A01
201100008543;0;7;0;0;2;3;13;B02
201100008544;0;7;0;6;0;1;1;A01
201100008545;0;7;0;0;2;1;13;A01
201100008545;0;7;0;0;2;1;1;B02
201100008546;0;17;0;0;2;3;1;A01
201100008546;0;10;0;0;2;3;13;B02
201100008547;0;36;0;6;0;1;1;A01
201100008548;0;7;0;0;2;1;15;A01
201100008548;0;7;0;0;2;1;0;B02
201100008549;0;7;0;2;0;8;1;A01
201100008550;0;15;0;0;2;2;17;B02
201100008550;0;2;0;0;2;3;11;A01
201100008551;0;33;0;0;0;1;1;A01
201100008552;0;7;0;0;0;3;13;A01
201100008552;0;14;0;0;2;3;1;B02
201100008553;0;33;0;16;0;1;1;A01
201100008554;0;7;0;0;0;3;19;A01
201100008554;0;7;0;0;0;2;1;B02
201100008555;0;7;0;0;2;3;19;A01
201100008555;0;16;0;0;2;1;1;B02
201100008556;0;7;0;0;0;1;17;A01
201100008557;0;7;0;0;2;3;1;B02
201100008557;0;7;0;0;2;3;1;C03
201100008557;0;7;0;0;2;3;13;A01
201100008558;0;7;0;0;2;1;1;B02
201100008558;0;7;0;0;0;7;13;A01
201100008559;0;7;0;0;0;0;0;A01
201100008559;0;7;0;0;2;3;1;B02
201100008560;0;7;0;0;2;2;1;B02
201100008560;0;7;0;0;2;2;17;A01
201100008561;0;7;0;0;2;1;13;A01
201100008561;0;7;0;0;2;1;1;B02
201100008562;0;7;0;6;0;8;1;A01
201100008563;0;17;0;0;2;6;1;B02
201100008563;0;17;0;4;2;1;1;A01
201100008564;0;33;0;3;0;1;0;A01
201100008565;0;7;0;0;2;2;19;A01
201100008565;0;33;0;0;2;3;1;B02
201100008566;0;7;0;8;0;1;0;A01
201100008567;0;7;0;0;2;2;19;A01
201100008567;0;30;0;0;2;1;1;B02
201100008568;0;7;0;0;1;2;1;A01
201100008569;0;7;0;6;0;1;13;A01
201100008570;0;7;0;1;0;7;1;A01
201100008571;0;14;0;0;2;1;1;B02
201100008571;0;7;0;3;2;7;13;A01
201100008572;0;7;0;0;2;1;13;A01
201100008572;0;7;0;0;2;1;1;B02
201100008573;0;7;0;8;0;1;21;A01
201100008574;0;7;0;2;0;3;0;A01
201100008575;0;10;0;6;0;1;0;A01
201100008576;0;7;0;0;1;3;16;A01
201100008577;0;30;0;12;0;1;1;A01
201100008578;0;30;0;0;0;7;15;A01
201100008578;0;30;0;0;0;1;1;B02
201100008579;0;7;0;0;2;1;1;B02
201100008579;0;2;0;0;2;1;13;A01
201100008580;0;10;0;0;2;6;15;A01
201100008580;0;33;0;0;2;1;1;B02
201100008581;0;10;0;0;2;1;13;A01
201100008581;0;7;0;0;2;1;1;B02
201100008582;0;34;0;0;2;2;17;A01
201100008582;0;7;0;0;2;3;15;B02
201100008583;0;7;0;13;0;1;0;A01
201100008584;0;2;0;0;0;0;1;A01
201100008585;0;33;0;0;2;1;13;A01
201100008585;0;7;0;0;2;1;1;B02
201100008586;0;7;0;0;2;1;1;A01
201100008586;0;7;0;0;0;8;19;B02
201100008587;0;7;0;0;2;3;1;A01
201100008587;0;30;0;0;2;1;1;B02
201100008587;0;30;0;13;0;1;1;C03
201100008588;0;33;0;0;2;1;1;B02
201100008588;0;7;0;0;2;7;19;A01
201100008589;0;7;0;13;6;1;1;A01
201100008590;0;7;0;0;0;3;23;B02
201100008590;0;7;0;0;0;3;15;A01
201100008590;0;1;0;0;0;3;1;C03
201100008591;0;7;0;2;0;1;1;A01
201100008592;0;7;0;0;2;2;1;B02
201100008592;0;21;0;0;2;3;19;A01
201100008593;0;32;0;0;2;1;1;A01
201100008593;0;7;0;0;2;1;1;B02
201100008594;0;7;0;0;0;1;1;A01
201100008594;0;34;0;0;0;4;16;B02
201100008595;0;7;0;0;2;8;19;A01
201100008595;0;15;0;0;2;2;1;B02
201100008596;0;14;0;11;0;1;1;A01
201100008597;0;7;0;14;0;1;1;A01
201100008597;0;7;0;14;0;8;1;D04
201100008597;0;7;0;0;2;1;1;C03
201100008597;0;7;0;0;0;4;15;B02
201100008598;0;7;0;0;2;1;13;A01
201100008598;0;7;0;0;2;8;1;C03
201100008598;0;7;0;0;2;3;1;B02
201100008599;0;7;0;0;2;2;1;A01
201100008599;0;35;0;0;2;8;19;B02
201100008600;0;7;0;6;0;9;1;A01
201100008601;0;33;0;12;0;8;1;A01
201100008602;0;33;0;0;2;2;1;A01
201100008602;0;7;0;0;2;3;0;B02
201100008603;0;7;0;0;2;1;5;A01
201100008603;0;7;0;0;2;1;1;B02
201100008603;0;7;0;0;2;1;1;C03
201100008604;0;7;0;0;2;1;13;A01
201100008604;0;7;0;0;2;1;1;B02
201100008605;0;7;0;2;0;2;1;A01
201100008606;0;2;0;0;2;1;13;A01
201100008606;0;7;0;0;2;3;13;B02
201100008607;0;7;0;13;0;1;13;A01
201100008608;0;10;0;8;0;3;1;A01
201100008609;0;7;0;0;2;1;1;A01
201100008609;0;14;0;0;2;1;1;B02
201100008610;0;7;0;0;0;7;1;A01
201100008611;0;31;0;13;0;1;1;A01
201100008612;0;7;0;0;2;3;1;A01
201100008612;0;7;0;0;2;3;1;B02
201100008613;0;7;0;2;0;0;1;A01
201100008614;0;10;0;0;2;3;13;A01
201100008614;0;30;0;0;2;1;1;B02
201100008615;0;7;0;1;1;2;21;A01
201100008616;0;7;0;2;0;9;14;A01
201100008617;0;7;0;0;2;3;1;B02
201100008617;0;10;0;0;2;3;1;A01
201100008618;0;2;0;0;2;1;1;A01
201100008618;0;7;0;0;2;6;1;B02
201100008619;0;7;0;0;1;1;20;A01
201100008620;0;38;1;0;2;3;1;B02
201100008620;0;10;0;0;2;3;13;A01
201100008621;0;15;0;13;6;8;21;A01
201100008622;0;17;0;0;2;0;9;A01
201100008622;0;17;0;0;2;1;1;B02
201100008622;0;3;0;0;2;9;13;C03
201100008623;0;7;0;0;2;1;1;B02
201100008623;0;7;0;0;2;1;13;A01
201100008624;0;31;0;0;2;1;1;A01
201100008624;0;7;0;0;2;2;15;B02
201100008625;0;7;0;13;0;3;1;A01
201100008626;0;7;0;0;0;8;15;B02
201100008626;0;10;0;0;2;1;1;A01
201100008627;0;7;0;13;0;1;17;A01
201100008628;0;14;0;0;2;3;1;B02
201100008628;0;7;0;0;2;3;1;A01
201100008629;0;33;0;0;2;1;1;B02
201100008629;0;1;0;0;2;8;19;A01
201100008630;0;33;0;16;0;9;1;A01
201100008631;0;7;0;0;2;3;1;B02
201100008631;0;10;0;0;2;1;13;A01
201100008632;0;7;0;0;2;1;1;B02
201100008632;0;10;0;0;2;1;13;A01
201100008632;0;7;0;0;2;1;1;C03
201100008633;0;14;0;0;2;1;0;B02
201100008633;0;7;0;0;2;1;16;A01
201100008634;0;7;0;13;0;3;13;A01
201100008635;0;7;0;0;2;1;1;A01
201100008635;0;7;0;0;2;1;1;B02
201100008636;0;7;0;0;2;7;13;A01
201100008636;0;7;0;0;2;1;1;B02
201100008637;0;7;0;0;2;3;1;B02
201100008637;0;7;0;0;2;8;19;A01
201100008638;0;7;0;0;2;3;1;A01
201100008638;0;7;0;0;2;2;16;B02
201100008639;0;7;0;13;0;2;14;A01
201100008640;0;7;0;10;0;8;13;A01
201100008641;0;7;0;0;2;2;1;B02
201100008641;0;33;0;0;2;2;6;A01
201100008642;0;33;0;0;2;7;17;A01
201100008642;0;7;0;0;2;1;1;B02
201100008643;0;14;0;0;2;1;1;C03
201100008643;0;10;0;0;0;0;13;A01
201100008643;0;7;0;0;2;1;11;B02
201100008644;0;7;0;0;2;6;6;A01
201100008644;0;7;0;0;2;1;1;B02
201100008644;0;7;0;0;2;8;1;C03
201100008645;0;7;0;16;0;3;1;A01
201100008646;0;7;0;16;0;1;13;A01
201100008647;0;7;0;0;2;3;15;A01
201100008647;0;7;0;0;2;3;1;B02
201100008648;0;2;0;6;0;7;20;A01
201100008649;0;7;0;0;2;1;1;B02
201100008649;0;7;0;0;2;2;15;A01
201100008650;0;1;0;0;0;0;0;A01
201100008651;0;7;0;0;2;3;1;B02
201100008651;0;7;0;0;2;5;13;A01
201100008652;0;7;0;0;2;1;0;B02
201100008652;0;7;0;0;2;8;0;A01
201100008652;0;33;0;0;2;0;0;C03
201100008653;0;7;0;0;2;3;19;A01
201100008653;0;7;0;0;2;1;11;B02
201100008654;0;7;0;2;0;3;1;A01
201100008655;0;33;0;3;0;1;1;A01
201100008656;0;38;9;13;0;1;1;A01
201100008657;0;7;0;0;1;2;1;A01
201100008658;0;7;0;0;2;4;5;A01
201100008658;0;7;0;0;2;2;5;B02
201100008659;0;7;0;0;1;2;1;A01
201100008660;0;7;0;2;0;3;13;A01
201100008661;0;14;0;0;2;3;1;A01
201100008661;0;7;0;0;2;8;1;B02
201100008662;0;30;0;0;0;4;1;A01
201100008662;0;30;0;0;2;1;16;B02
201100008663;0;10;0;0;2;2;1;B02
201100008663;0;1;0;0;2;8;15;A01
201100008664;0;7;0;0;2;3;1;B02
201100008664;0;34;0;0;2;1;13;A01
201100008665;0;7;0;0;2;2;2;A01
201100008665;0;1;0;0;2;8;2;B02
201100008666;0;7;0;0;1;2;1;A01
201100008667;0;10;0;0;1;2;16;A01
201100008668;0;7;0;0;0;2;0;A01
201100008669;0;7;0;16;0;1;1;A01
201100008670;0;7;0;8;0;5;1;A01
201100008671;0;7;0;0;2;3;1;B02
201100008671;0;7;0;0;0;0;0;A01
201100008672;0;7;0;13;0;9;1;A01
201100008673;0;7;0;2;0;2;1;A01
201100008674;0;7;0;8;0;2;1;A01
201100008675;0;7;0;2;0;2;1;A01
201100008676;0;7;0;0;2;8;1;B02
201100008676;0;7;0;0;2;1;1;A01
201100008677;0;7;0;0;1;1;1;A01
201100008678;0;2;0;6;0;1;1;A01
201100008679;0;7;0;0;2;3;15;B02
201100008679;0;31;0;0;2;2;17;A01
201100008680;0;7;0;0;0;3;1;B02
201100008680;0;33;0;0;2;1;16;A01
201100008681;0;33;0;0;0;8;1;A01
201100008682;0;30;0;0;2;1;13;A01
201100008682;0;7;0;0;2;3;1;B02
201100008683;0;32;0;0;2;1;1;A01
201100008683;0;10;0;0;0;6;1;B02
201100008684;0;7;0;0;2;3;15;A01
201100008684;0;33;0;0;2;8;1;B02
201100008684;0;33;0;0;0;7;1;C03
201100008685;0;7;0;1;0;2;1;A01
201100008686;0;7;0;0;2;3;1;B02
201100008686;0;7;0;0;2;3;13;A01
201100008687;0;7;0;0;9;2;1;B02
201100008687;0;31;0;0;2;1;10;A01
201100008688;0;33;0;0;0;9;1;A01
201100008689;0;7;0;13;0;1;0;A01
201100008690;0;7;0;0;9;2;1;A01
201100008690;0;99;0;0;2;0;19;B02
201100008691;0;7;0;0;2;3;13;A01
201100008691;0;7;0;0;2;3;1;B02
201100008692;0;7;0;0;2;3;1;B02
201100008692;0;33;0;0;2;1;17;A01
201100008693;0;7;0;0;2;8;15;A01
201100008693;0;7;0;0;2;1;1;B02
201100008694;0;33;0;0;2;4;1;B02
201100008694;0;33;0;0;2;1;1;A01
201100008695;0;7;0;0;2;3;1;B02
201100008695;0;7;0;0;2;3;15;A01
201100008696;0;7;0;13;0;2;1;A01
201100008697;0;7;0;0;2;2;1;A01
201100008697;0;10;0;0;2;1;15;B02
201100008698;0;7;0;0;0;3;1;B02
201100008698;0;7;0;0;2;1;19;A01
201100008699;0;7;0;0;2;2;21;C03
201100008699;0;7;0;0;2;6;0;B02
201100008699;0;7;0;0;2;1;13;A01
201100008700;0;7;0;0;1;1;1;A01
201100008701;0;7;0;0;2;2;1;B02
201100008701;0;30;0;0;2;1;15;A01
201100008702;0;33;0;0;2;1;1;A01
201100008702;0;7;0;0;2;8;15;B02
201100008703;0;7;0;0;2;3;13;A01
201100008704;0;33;0;0;2;1;1;A01
201100008704;0;7;0;0;2;6;15;B02
201100008705;0;3;0;0;2;4;0;B02
201100008705;0;7;0;0;2;1;2;A01
201100008706;0;7;0;0;2;8;1;B02
201100008706;0;7;0;0;2;8;1;C03
201100008706;0;7;0;0;2;1;1;A01
201100008707;0;7;0;2;0;2;1;A01
201100008708;0;33;0;3;0;1;1;A01
201100008709;0;7;0;0;2;8;16;B02
201100008709;0;7;0;0;2;3;15;A01
201100008710;0;7;0;0;2;3;13;A01
201100008710;0;7;0;0;2;1;1;B02
201100008711;0;7;0;0;2;2;15;A01
201100008711;0;7;0;0;2;1;1;B02
201100008712;0;7;0;0;2;3;1;B02
201100008712;0;30;0;0;2;1;5;A01
201100008713;0;7;0;0;2;1;2;A01
201100008713;0;7;0;0;2;4;2;B02
201100008714;0;1;0;0;2;8;2;B02
201100008714;0;7;0;0;9;2;2;A01
201100008715;0;7;0;0;2;7;1;A01
201100008716;0;1;0;0;2;1;1;B02
201100008716;0;10;0;0;9;1;15;A01
201100008717;0;7;0;0;2;2;1;A01
201100008717;0;33;0;0;2;1;1;B02
201100008718;0;7;0;8;0;3;13;A01
201100008719;0;7;0;10;0;2;1;A01
201100008720;0;7;0;0;2;2;15;A01
201100008720;0;7;0;0;2;1;1;B02
201100008721;0;31;0;0;0;7;10;A01
201100008722;0;7;0;0;0;9;1;A01
201100008723;0;33;0;0;2;8;1;B02
201100008723;0;7;0;0;2;8;1;A01
201100008724;0;7;0;13;0;2;1;A01
201100008725;0;21;0;0;0;3;15;A01
201100008725;0;33;0;0;0;1;1;B02
201100008726;0;7;0;0;9;1;15;A01
201100008726;0;1;0;0;0;4;15;B02
201100008727;0;7;0;2;0;3;1;A01
201100008728;0;7;0;2;2;1;1;B02
201100008728;0;7;0;0;2;3;16;A01
201100008729;0;7;0;13;0;1;1;A01
201100008730;0;16;0;13;0;7;1;A01
201100008731;0;2;0;0;2;8;1;B02
201100008731;0;7;0;0;2;8;1;A01
201100008732;0;30;0;1;0;1;1;A01
201100008732;0;7;0;0;0;4;24;B02
201100008733;0;7;0;0;2;1;19;A01
201100008733;0;7;0;0;2;2;1;B02
201100008734;0;7;0;2;0;1;13;A01
201100008735;0;33;0;8;0;1;1;A01
201100008736;0;7;0;0;2;3;1;B02
201100008736;0;7;0;0;2;3;1;A01
201100008737;0;7;0;0;0;2;0;A01
201100008738;0;7;0;16;0;2;1;A01
201100008739;0;7;0;12;2;2;21;A01
201100008739;0;7;0;0;2;1;23;B02
201100008740;0;33;0;0;2;1;13;A01
201100008740;0;7;0;0;2;3;1;B02
201100008741;0;33;0;16;0;1;0;A01
201100008742;0;2;0;0;1;1;1;A01
201100008743;0;10;0;0;2;3;1;B02
201100008743;0;7;0;0;2;3;6;A01
201100008744;0;10;0;13;0;9;1;A01
201100008745;0;7;0;13;0;9;1;A01
201100008746;0;7;0;13;0;1;1;A01
201100008747;0;7;0;0;2;3;1;B02
201100008747;0;7;0;0;2;1;1;C03
201100008747;0;7;0;0;2;3;1;A01
201100008748;0;7;0;8;0;3;1;A01
201100008749;0;7;0;0;0;9;1;A01
201100008750;0;33;0;13;0;1;1;A01
201100008751;0;14;0;13;0;2;1;A01
201100008752;0;7;0;8;0;1;1;A01
201100008753;0;7;0;0;2;1;1;B02
201100008754;0;7;0;0;2;1;1;B02
201100008754;0;7;0;0;2;2;15;A01
201100008755;0;7;0;6;0;3;1;A01
201100008756;0;7;0;0;2;1;1;B02
201100008756;0;7;0;0;2;7;1;A01
201100008757;0;7;0;0;2;1;17;A01
201100008757;0;10;0;0;2;1;1;B02
201100008758;0;7;0;0;2;2;1;B02
201100008758;0;30;0;0;2;1;13;A01
201100008759;0;7;0;0;5;1;1;A01
201100008759;0;7;0;0;2;1;1;B02
201100008760;0;15;0;6;0;2;1;A01
201100008761;0;2;0;12;0;7;1;A01
201100008762;0;7;0;0;1;3;1;A01
201100008763;0;1;0;0;0;8;2;B02
201100008763;0;1;0;0;0;8;2;A01
201100008764;0;7;0;0;0;1;0;A01
201100008765;0;7;0;2;0;3;17;A01
201100008766;0;7;0;0;2;4;1;B02
201100008766;0;7;0;0;2;1;2;A01
201100008767;0;7;0;0;2;1;1;B02
201100008767;0;7;0;0;2;2;15;A01
201100008768;0;15;0;0;0;1;0;B02
201100008769;0;30;0;0;5;1;1;A01
201100008770;0;7;0;0;1;1;1;A01
201100008771;0;10;0;0;2;1;13;B02
201100008771;0;10;0;0;2;1;0;A01
201100008772;0;33;0;16;0;1;1;A01
201100008773;0;7;0;2;0;1;13;A01
201100008774;0;7;0;0;2;2;5;A01
201100008774;0;7;0;0;2;2;21;B02
201100008775;0;15;0;0;0;8;13;A01
201100008776;0;99;0;0;2;8;1;B02
201100008776;0;7;0;0;5;7;17;A01
201100008777;0;7;0;0;2;8;15;B02
201100008777;0;7;0;0;2;2;1;A01
201100008778;0;7;0;2;0;7;1;A01
201100008779;0;3;0;2;0;9;1;A01
201100008780;0;7;0;0;2;7;13;A01
201100008780;0;7;0;0;2;1;1;B02
201100008781;0;7;0;0;2;3;1;C03
201100008781;0;7;0;0;2;6;1;B02
201100008781;0;7;0;0;2;3;13;A01
201100008781;0;7;0;0;2;3;1;D04
201100008782;0;30;0;0;0;0;1;A01
201100008783;0;7;0;0;2;3;19;B02
201100008783;0;7;0;0;2;2;1;A01
201100008784;0;7;0;2;0;7;1;A01
201100008785;0;7;0;0;2;1;1;A01
201100008785;0;2;0;0;0;4;2;B02
201100008785;0;7;0;0;2;3;1;C03
201100008786;0;7;0;1;0;1;14;A01
201100008787;0;7;0;13;0;9;1;A01
201100008788;0;7;0;0;2;8;15;A01
201100008788;0;30;0;0;2;1;13;B02
201100008789;0;1;0;0;0;4;1;B02
201100008789;0;7;0;0;2;2;17;A01
201100008790;0;3;0;13;0;1;1;A01
201100008791;0;7;0;0;4;1;1;A01
201100008791;0;39;50;0;2;3;1;B02
201100008792;0;7;0;0;2;8;0;B02
201100008792;0;30;0;0;2;3;0;A01
201100008793;0;7;0;6;0;1;13;A01
201100008794;0;7;0;0;1;1;1;A01
201100008795;0;7;0;0;1;1;1;A01
201100008796;0;30;0;1;0;2;1;A01
201100008797;0;7;0;0;2;1;1;A01
201100008797;0;7;0;0;2;7;19;B02
201100008798;0;31;0;0;2;1;2;A01
201100008798;0;31;0;0;2;4;2;B02
201100008799;0;7;0;2;0;2;1;A01
201100008800;0;7;0;13;0;9;1;A01
201100008801;0;7;0;3;0;9;1;A01
201100008802;0;2;0;6;0;1;19;A01
201100008803;0;2;0;12;0;1;1;A01
201100008804;0;10;0;0;9;7;17;A01
201100008804;0;1;0;0;2;6;1;B02
201100008805;1;7;0;0;1;2;1;A01
201100008806;0;33;0;0;2;7;1;B02
201100008806;0;30;0;0;2;1;15;A01
201100008807;0;7;0;0;1;3;1;A01
201100008808;0;7;0;8;0;1;1;A01
201100008809;0;7;0;0;2;3;1;A01
201100008809;0;7;0;14;2;1;1;B02
201100008810;0;7;0;2;0;8;0;A01
201100008811;0;2;0;0;2;1;16;B02
201100008811;0;7;0;0;2;2;16;A01
201100008812;0;33;0;6;0;1;1;A01
201100008813;0;31;0;0;0;1;1;A01
201100008814;0;7;0;0;2;1;13;A01
201100008814;0;7;0;0;2;1;1;B02
201100008815;0;2;0;0;2;7;1;B02
201100008815;0;7;0;0;2;3;1;A01
201100008816;0;7;0;0;2;1;1;A01
201100008816;0;10;0;0;2;3;1;B02
201100008817;0;33;0;5;0;1;1;A01
201100008818;0;33;0;0;2;3;1;A01
201100008818;0;7;0;0;2;7;15;B02
201100008819;0;31;0;0;2;2;13;A01
201100008819;0;7;0;0;2;1;1;B02
201100008820;0;7;0;0;2;3;1;B02
201100008820;0;7;0;0;2;2;15;A01
201100008821;0;7;0;14;1;1;1;A01
201100008822;0;2;0;12;0;7;1;A01
201100008823;0;33;0;0;0;2;17;A01
201100008824;0;7;0;0;2;3;1;A01
201100008824;0;7;0;0;2;3;1;B02
201100008825;0;7;0;13;0;1;1;A01
201100008826;0;7;0;13;0;2;1;A01
201100008827;0;7;0;0;2;1;1;A01
201100008827;0;7;0;0;0;7;19;B02
201100008828;0;7;0;0;2;3;13;A01
201100008828;0;7;0;0;2;3;1;B02
201100008829;0;7;0;0;0;9;1;A01
201100008830;0;7;0;0;0;1;13;A01
201100008830;0;7;0;0;0;1;0;B02
201100008831;0;30;0;0;0;7;1;A01
201100008832;0;7;0;3;0;1;1;A01
201100008833;0;30;0;0;0;2;1;A01
201100008834;0;2;0;0;2;1;1;B02
201100008834;0;7;0;0;9;3;17;A01
201100008835;0;7;0;6;0;2;1;A01
201100008836;0;7;0;0;2;8;19;A01
201100008836;0;7;0;0;2;1;1;B02
201100008837;0;7;0;0;2;1;21;B02
201100008837;0;17;0;0;2;3;1;A01
201100008838;0;7;0;0;0;3;1;A01
201100008839;0;7;0;0;2;1;0;A01
201100008839;0;17;0;0;0;6;0;B02
201100008840;0;7;0;0;2;2;1;B02
201100008840;0;7;0;0;2;3;13;A01
201100008841;0;7;0;2;0;5;1;A01
201100008842;0;10;0;13;0;1;6;A01
201100008843;0;7;0;0;2;8;19;B02
201100008843;0;14;0;0;2;2;1;A01
201100008844;0;7;0;2;0;8;13;A01
201100008845;0;7;0;0;2;3;6;A01
201100008845;0;3;0;0;2;3;1;B02
201100008846;0;3;0;0;0;1;1;B02
201100008846;0;7;0;0;0;2;1;A01
201100008847;0;2;0;0;0;6;15;B02
201100008847;0;2;0;0;2;1;17;A01
201100008848;0;30;0;1;0;1;1;A01
201100008849;0;7;0;2;0;7;1;A01
201100008850;0;33;0;16;0;1;21;A01
201100008850;0;7;0;0;0;0;19;B02
201100008851;0;10;0;0;2;1;1;A01
201100008851;0;7;0;0;2;3;9;B02
201100008852;0;7;0;0;2;3;23;B02
201100008852;0;7;0;0;2;3;13;A01
201100008853;0;7;0;2;0;8;16;A01