num_acc;senc;catv;occutc;obs;obsm;choc;manv;num_veh
201100008854;0;7;0;16;0;9;19;A01
201100008855;0;10;0;0;1;3;1;A01
201100008856;0;7;0;2;0;8;1;A01
201100008857;0;7;0;0;1;2;1;B01
201100008858;0;7;0;0;2;1;15;A01
201100008858;0;30;0;0;2;1;1;B01
201100008859;0;2;0;0;2;1;1;A01
201100008859;0;7;0;0;9;8;1;B01
201100008860;2;7;0;0;0;0;3;Z01
201100008860;0;33;0;3;0;8;1;A01
201100008861;0;7;0;8;0;1;1;A01
201100008862;0;1;0;0;2;1;13;A01
201100008862;0;7;0;0;9;2;1;B01
201100008863;0;7;0;0;2;2;2;A01
201100008863;0;3;0;0;2;6;2;B01
201100008864;0;7;0;6;0;1;1;A01
201100008865;0;33;0;13;0;2;1;A01
201100008866;0;7;0;0;1;3;1;A01
201100008867;0;7;0;6;0;1;1;A01
201100008868;0;2;0;4;0;3;1;A01
201100008869;0;33;0;0;0;3;1;A01
201100008870;0;33;0;0;2;0;0;A01
201100008871;0;2;0;0;2;1;1;A01
201100008871;0;7;0;0;2;3;1;B01
201100008872;0;2;0;6;0;1;1;A01
201100008873;0;30;0;0;2;1;2;B01
201100008873;0;7;0;0;0;4;2;A01
201100008874;0;7;0;8;0;1;11;B01
201100008874;0;7;0;8;0;1;1;A01
201100008875;0;30;0;0;2;2;2;B01
201100008875;0;7;0;0;9;7;2;A01
201100008876;0;30;0;0;1;0;0;A01
201100008877;0;7;0;0;0;1;1;B01
201100008877;0;1;0;0;2;7;2;A01
201100008878;0;30;0;0;1;1;3;A01
201100008879;0;7;0;3;0;1;1;A01
201100008880;0;7;0;0;1;1;0;A01
201100008881;0;7;0;0;2;3;15;A01
201100008881;0;7;0;0;0;3;1;B01
201100008882;0;7;0;0;1;2;1;A01
201100008883;0;30;0;0;2;1;16;B01
201100008883;0;7;0;0;2;2;11;A01
201100008884;0;7;0;0;2;1;1;B01
201100008884;0;7;0;0;2;2;13;A01
201100008885;0;7;0;0;1;1;1;A01
201100008886;0;1;0;0;2;6;1;B01
201100008886;0;7;0;0;2;0;2;A01
201100008887;0;7;0;0;2;3;11;A01
201100008887;0;17;0;0;2;3;1;B01
201100008888;0;7;0;0;1;2;16;A01
201100008889;0;7;0;6;1;9;15;A01
201100008890;0;7;0;0;2;8;15;B02
201100008890;0;99;0;0;2;2;17;A01
201100008891;0;7;0;0;2;1;1;A01
201100008891;0;7;0;0;2;9;1;B02
201100008891;0;7;0;0;2;4;1;C03
201100008891;0;7;0;0;2;4;1;D04
201100008891;0;7;0;0;2;4;1;E05
201100008892;0;7;0;0;1;2;1;A01
201100008893;0;7;0;0;2;1;1;A01
201100008894;0;10;0;0;2;1;2;A01
201100008894;0;7;0;0;2;4;23;B02
201100008895;0;13;0;0;2;3;1;B02
201100008895;0;7;0;0;2;3;1;A01
201100008896;0;33;0;0;2;1;1;A01
201100008896;0;7;0;0;1;3;15;B02
201100008897;0;7;0;0;2;2;1;B02
201100008897;0;7;0;5;2;7;15;A01
201100008898;0;33;0;0;0;3;1;A01
201100008899;0;7;0;0;2;1;1;A01
201100008899;0;7;0;0;2;4;1;B02
201100008900;0;7;0;0;2;4;6;A01
201100008900;0;7;0;0;2;1;1;B02
201100008901;0;7;0;0;1;3;0;A01
201100008902;0;10;0;0;2;3;9;B02
201100008902;0;1;0;0;0;3;1;A01
201100008903;0;7;0;0;0;6;6;A01
201100008903;0;33;0;0;2;1;1;B02
201100008904;0;33;0;0;0;0;1;A01
201100008905;0;33;0;0;2;1;1;B02
201100008905;0;7;0;0;2;1;15;A01
201100008906;0;7;0;0;2;3;1;A01
201100008906;0;7;0;0;2;2;1;B02
201100008907;0;7;0;0;2;3;0;B02
201100008907;0;36;0;0;2;1;17;A01
201100008908;0;7;0;0;1;1;23;A01
201100008908;1;7;0;1;0;1;1;B02
201100008909;0;7;0;0;1;2;2;A01
201100008910;0;7;0;0;2;1;5;A01
201100008910;0;7;0;0;2;1;1;B02
201100008911;0;7;0;0;2;3;1;B02
201100008911;0;7;0;0;2;3;13;A01
201100008912;0;33;0;15;0;1;1;A01
201100008913;0;1;0;0;2;1;19;A01
201100008913;0;7;0;0;9;2;2;B02
201100008914;0;7;0;0;2;3;2;B02
201100008914;0;7;0;0;2;1;2;C03
201100008914;0;35;0;0;2;3;2;A01
201100008915;0;7;0;0;2;2;1;B02
201100008915;0;1;0;0;2;4;1;A01
201100008916;0;7;0;13;0;9;1;A01
201100008917;0;33;0;0;2;1;2;A01
201100008917;0;7;0;0;0;6;2;B02
201100008918;0;7;0;2;0;3;13;A01
201100008919;0;1;0;0;2;4;2;B02
201100008919;0;7;0;0;9;2;2;A01
201100008920;0;7;0;0;2;2;1;A01
201100008920;0;7;0;0;2;2;19;B02
201100008921;0;31;0;0;0;9;0;A01
201100008922;0;7;0;0;2;3;1;B02
201100008922;0;7;0;0;2;2;15;A01
201100008923;0;7;0;0;2;1;21;B02
201100008923;0;7;0;0;2;1;13;A01
201100008924;0;7;0;8;0;8;1;A01
201100008925;0;7;0;0;1;3;1;A01
201100008926;0;7;0;0;9;7;2;A01
201100008927;0;7;0;0;0;7;1;B02
201100008927;0;7;0;0;9;2;1;C03
201100008927;0;7;0;0;0;1;1;A01
201100008928;0;7;0;0;2;1;1;C03
201100008928;0;7;0;0;2;1;23;B02
201100008928;0;7;0;13;0;9;1;A01
201100008929;0;7;0;0;2;2;2;B02
201100008930;0;7;0;0;0;9;1;A01
201100008931;0;7;0;0;2;2;1;A01
201100008931;0;7;0;0;2;3;19;B02
201100008932;0;7;0;0;2;1;1;A01
201100008932;0;7;0;0;2;8;15;B02
201100008933;0;10;0;13;0;9;1;A01
201100008934;0;31;0;0;2;3;1;B02
201100008934;0;10;0;0;0;3;15;A01
201100008935;0;7;0;2;0;3;1;A01
201100008936;0;7;0;6;0;3;13;A01
201100008937;0;7;0;0;1;1;1;A01
201100008938;0;7;0;0;2;5;15;B02
201100008938;0;33;0;0;2;1;2;A01
201100008939;0;7;0;0;2;1;0;B02
201100008939;0;3;0;0;2;7;19;A01
201100008940;1;99;0;0;1;0;0;A01
201100008941;0;7;0;2;0;3;13;A01
201100008942;0;7;0;0;2;3;1;B02
201100008942;0;7;0;0;2;3;1;A01
201100008943;0;7;0;0;1;4;4;A01
201100008944;0;7;0;0;2;5;2;A01
201100008944;0;33;0;0;2;1;2;B02
201100008945;0;15;0;13;0;7;13;A01
201100008946;0;1;0;0;2;1;1;B02
201100008946;0;7;0;0;2;2;15;A01
201100008947;0;7;0;0;0;3;0;A01
201100008947;0;7;0;0;0;3;0;B02
201100008948;0;7;0;2;1;5;1;A01
201100008949;1;7;0;0;1;8;1;A01
201100008950;0;7;0;13;0;1;1;A01
201100008951;0;7;0;0;2;1;1;A01
201100008951;0;31;0;0;2;7;1;B02
201100008952;0;17;0;0;0;6;1;C03
201100008952;0;7;0;0;0;1;21;B02
201100008952;0;7;0;0;2;3;17;A01
201100008953;0;7;0;0;2;1;13;A01
201100008953;0;17;0;0;2;3;1;B02
201100008954;0;33;0;0;2;1;1;B02
201100008954;0;7;0;0;2;8;1;A01
201100008955;0;7;0;0;2;7;17;B02
201100008955;0;7;0;0;2;3;15;A01
201100008956;0;7;0;0;1;1;1;A01
201100008957;0;7;0;8;0;0;1;A01
201100008958;0;33;0;16;0;1;1;A01
201100008959;0;33;0;7;6;2;1;A01
201100008960;0;7;0;0;0;3;15;B02
201100008960;0;33;0;0;2;1;1;A01
201100008961;0;7;0;6;0;1;1;A01
201100008962;0;7;0;2;0;1;1;A01
201100008963;0;7;0;0;2;1;13;A01
201100008963;0;7;0;0;2;1;1;C03
201100008963;0;7;0;0;2;8;1;B02
201100008963;0;7;0;0;2;1;1;D04
201100008964;0;7;0;0;0;3;15;A01
201100008964;0;7;0;0;0;1;1;B02
201100008965;0;7;0;0;2;3;0;B02
201100008965;0;7;0;0;2;3;13;A01
201100008966;0;7;0;2;0;3;1;A01
201100008967;0;10;0;0;2;3;13;A01
201100008967;0;10;0;0;2;3;0;B02
201100008968;0;7;0;0;2;1;2;B02
201100008968;0;7;0;0;1;4;2;A01
201100008969;0;33;0;0;0;0;0;A01
201100008970;0;30;0;0;2;1;1;B02
201100008970;0;7;0;0;2;2;15;A01
201100008971;0;7;0;0;2;2;1;B02
201100008971;0;7;0;0;2;2;13;A01
201100008972;0;7;0;6;0;3;1;A01
201100008973;0;7;0;2;0;8;1;A01
201100008974;0;7;0;0;0;9;0;A01
201100008975;0;7;0;0;2;2;2;A01
201100008975;0;2;0;0;0;6;2;B02
201100008976;0;21;0;0;0;6;2;B02
201100008976;0;10;0;0;2;1;2;A01
201100008977;0;7;0;1;0;7;13;A01
201100008978;0;7;0;13;0;1;16;A01
201100008979;0;10;0;0;1;2;1;A01
201100008980;0;7;0;0;2;2;1;A01
201100008980;0;7;0;0;2;3;13;B02
201100008981;0;7;0;0;1;3;1;A01
201100008982;0;7;0;0;2;1;1;A01
201100008982;0;7;0;0;2;1;5;B02
201100008983;0;7;0;0;1;2;1;A01
201100008984;0;30;0;6;0;1;1;A01
201100008985;0;7;0;0;1;3;1;A01
201100008986;0;7;0;2;0;9;1;A01
201100008987;0;7;0;0;2;1;1;B02
201100008987;0;7;0;0;2;1;13;A01
201100008988;0;33;0;2;0;1;1;A01
201100008989;0;7;0;0;2;3;13;A01
201100008989;0;7;0;0;2;3;1;B02
201100008990;0;33;0;2;0;1;16;A01
201100008991;0;7;0;0;2;1;5;A01
201100008991;0;13;0;0;2;3;21;B02
201100008992;0;33;0;0;6;1;1;A01
201100008992;0;7;0;14;0;1;2;B02
201100008993;0;7;0;0;1;3;14;A01
201100008994;0;33;0;16;0;1;1;A01
201100008995;0;7;0;13;0;1;13;A01
201100008996;0;33;0;0;2;1;1;A01
201100008996;0;7;0;0;2;3;15;B02
201100008997;0;1;0;0;2;1;1;B02
201100008997;0;7;0;0;2;3;15;A01
201100008998;0;7;0;0;0;9;17;A01
201100008999;0;7;0;0;2;2;1;A01
201100008999;0;33;0;0;2;1;13;B02
201100009000;0;7;0;0;1;1;1;A01
201100009001;0;7;0;0;2;1;1;B02
201100009001;0;7;0;0;2;1;13;A01
201100009002;0;7;0;0;2;3;9;A01
201100009002;0;33;0;0;2;8;1;B02
201100009003;0;7;0;8;0;5;13;A01
201100009004;0;7;0;2;0;1;1;A01
201100009005;0;7;0;6;0;1;1;A01
201100009006;0;17;0;0;2;3;1;B02
201100009006;0;7;0;0;2;3;13;A01
201100009007;0;7;0;0;1;2;1;A01
201100009008;0;7;0;0;2;1;5;A01
201100009008;0;10;0;0;2;1;1;B02
201100009009;0;7;0;0;2;1;15;A01
201100009009;0;7;0;0;2;3;1;B02
201100009010;0;7;0;0;0;0;14;A01
201100009011;0;7;0;5;0;1;1;A01
201100009012;0;7;0;0;2;1;1;A01
201100009012;0;7;0;0;2;1;1;B02
201100009013;0;7;0;0;2;3;13;A01
201100009013;0;7;0;0;2;3;1;B02
201100009014;0;7;0;0;2;3;13;A01
201100009014;0;7;0;0;2;3;1;B02
201100009015;0;7;0;0;1;8;15;A01
201100009016;0;7;0;0;2;1;1;A01
201100009016;0;33;0;0;0;4;1;B02
201100009016;0;7;0;0;9;4;1;C03
201100009016;0;7;0;0;0;0;15;D04
201100009017;0;7;0;0;2;3;1;C03
201100009017;0;7;0;0;2;1;1;B02
201100009017;0;7;0;0;2;3;1;A01
201100009018;0;7;0;2;0;1;0;A01
201100009019;0;7;0;2;0;1;1;A01
201100009020;0;15;0;0;2;0;2;C03
201100009020;0;33;0;0;2;8;17;A01
201100009020;0;17;0;0;2;3;2;B02
201100009021;0;30;0;16;0;3;1;A01
201100009022;0;7;0;0;2;1;17;A01
201100009022;0;7;0;0;2;1;1;B02
201100009023;0;7;0;6;2;1;13;A01
201100009023;0;7;0;0;2;3;1;B02
201100009024;0;7;0;0;2;3;1;B02
201100009024;0;7;0;0;2;1;13;A01
201100009025;0;7;0;0;2;3;1;A01
201100009025;0;7;0;0;2;3;1;B02
201100009026;0;7;0;0;0;6;15;A01
201100009026;0;33;0;0;2;1;17;B02
201100009027;0;7;0;0;0;2;17;A01
201100009028;0;7;0;0;2;1;1;A01
201100009028;0;7;0;0;0;8;19;B02
201100009029;0;10;0;0;0;3;1;B02
201100009029;0;7;0;0;2;2;1;A01
201100009030;0;7;0;0;2;8;1;A01
201100009030;0;7;0;0;2;8;1;B02
201100009030;0;10;0;0;2;3;13;D04
201100009030;0;7;0;0;2;8;1;C03
201100009031;0;33;0;0;2;1;1;B02
201100009031;0;7;0;0;2;3;13;A01
201100009032;0;33;0;0;2;8;1;A01
201100009032;0;10;0;0;2;8;1;B02
201100009033;0;7;0;13;0;4;1;A01
201100009034;0;14;0;0;2;7;16;B02
201100009034;0;30;0;0;2;3;18;A01
201100009035;0;33;0;0;0;8;1;A01
201100009036;0;33;0;0;2;1;1;A01
201100009036;0;10;0;0;0;4;1;B02
201100009037;0;1;0;0;2;1;1;B02
201100009037;0;7;0;0;9;3;15;A01
201100009038;0;7;0;0;2;3;13;A01
201100009038;0;14;0;0;2;3;1;B02
201100009039;0;7;0;0;2;1;1;B02
201100009039;0;7;0;0;2;1;13;A01
201100009040;0;7;0;0;0;3;1;A01
201100009041;0;7;0;0;1;1;1;A01
201100009042;0;33;0;16;0;1;1;A01
201100009043;0;33;0;13;0;9;16;A01
201100009044;0;7;0;0;2;3;1;A01
201100009044;0;7;0;0;2;3;13;B02
201100009045;0;7;0;0;1;3;1;A01
201100009046;0;2;0;0;2;6;15;B02
201100009046;0;7;0;0;2;7;18;A01
201100009047;0;14;0;0;9;6;15;B02
201100009047;0;1;0;0;2;1;1;A01
201100009048;0;7;0;10;0;8;1;A01
201100009049;0;7;0;0;1;1;19;A01
201100009050;0;7;0;1;0;3;13;A01
201100009051;0;7;0;9;0;1;16;A01
201100009052;0;7;0;0;1;2;1;A01
201100009052;0;1;0;0;0;0;0;B02
201100009053;0;7;0;9;0;1;1;A01
201100009054;0;1;0;0;0;4;1;B02
201100009054;0;7;0;0;9;2;1;A01
201100009055;0;37;0;0;0;2;1;A01
201100009056;0;7;0;0;0;1;1;A01
201100009057;0;7;0;8;0;8;1;A01
201100009058;0;7;0;0;5;9;1;A01
201100009059;0;7;0;0;2;1;15;A01
201100009059;0;31;0;0;2;8;1;B02
201100009060;0;7;0;0;2;1;1;B02
201100009060;0;7;0;0;2;7;15;A01
201100009061;0;7;0;2;0;1;1;A01
201100009062;0;7;0;14;0;3;1;A01
201100009063;0;7;0;2;0;2;1;A01
201100009064;0;7;0;0;2;1;1;A02
201100009064;0;7;0;0;2;8;15;B01
201100009065;0;7;0;13;0;1;1;A01
201100009066;0;2;0;0;1;1;1;A01
201100009067;0;14;0;0;9;6;23;A01
201100009067;0;1;0;1;0;1;1;B02
201100009068;0;7;0;6;0;1;1;A01
201100009069;0;7;0;16;9;9;1;A01
201100009070;0;7;0;0;2;1;17;A01
201100009070;0;7;0;0;2;1;1;B02
201100009071;0;7;0;0;0;4;15;B02
201100009071;0;7;0;0;2;1;2;A01
201100009072;0;7;0;0;2;1;1;A01
201100009072;0;7;0;0;0;4;23;B02
201100009073;0;7;0;0;9;1;16;A01
201100009073;0;1;0;0;2;0;1;B02
201100009074;0;7;0;0;0;7;15;A01
201100009074;0;33;0;0;2;7;1;B02
201100009075;0;7;0;2;0;3;14;A01
201100009076;0;7;0;0;2;8;10;A01
201100009076;0;2;0;0;2;1;1;B02
201100009077;0;7;0;0;2;3;1;A01
201100009077;0;7;0;0;2;5;15;B02
201100009078;0;7;0;0;0;6;15;A01
201100009078;0;31;0;0;2;1;1;B02
201100009079;0;7;0;0;0;9;1;A01
201100009080;0;7;0;2;0;5;13;A01
201100009081;0;33;0;13;6;1;21;A01
201100009082;0;7;0;0;1;1;1;A01
201100009083;0;30;0;0;0;0;1;A01
201100009084;0;31;0;13;0;1;1;A01
201100009085;0;7;0;0;2;7;1;B02
201100009085;0;31;0;0;2;1;5;A01
201100009086;0;2;0;0;0;4;0;B02
201100009086;0;7;0;0;2;2;2;A01
201100009087;0;7;0;0;2;7;15;A01
201100009087;0;30;0;0;2;1;1;B02
201100009088;0;2;0;0;2;1;1;B02
201100009088;0;7;0;0;2;1;15;A01
201100009089;0;14;0;1;0;2;1;A01
201100009090;0;7;0;0;2;3;15;A01
201100009090;0;30;0;0;2;1;1;B02
201100009091;0;7;0;2;0;1;21;A01
201100009092;0;10;0;3;0;9;1;A01
201100009093;0;7;0;0;0;0;15;A01
201100009093;0;2;0;0;2;3;18;B02
201100009094;0;7;0;6;0;3;1;A01
201100009095;0;7;0;0;2;1;1;B02
201100009095;0;7;0;0;2;7;15;A01
201100009096;0;7;0;0;2;8;1;B02
201100009096;0;7;0;0;2;8;13;A01
201100009097;0;33;0;0;2;1;1;A01
201100009097;0;7;0;0;2;1;23;B02
201100009098;0;7;0;15;0;1;1;A01
201100009099;0;7;0;0;1;2;1;A01
201100009100;0;10;0;0;2;8;11;A01
201100009100;0;14;0;0;2;8;1;B02
201100009101;0;7;0;16;0;2;1;A01
201100009102;0;7;0;0;2;5;15;A01
201100009102;0;7;0;0;9;3;1;C03
201100009102;0;1;0;0;2;1;1;B02
201100009103;0;7;0;0;1;2;1;A01
201100009104;0;30;0;0;0;0;0;A01
201100009105;0;7;0;2;0;9;1;A01
201100009106;0;7;0;6;0;1;1;A01
201100009107;0;7;0;0;0;5;17;A01
201100009107;0;1;0;0;0;0;1;B02
201100009108;0;7;0;2;0;5;14;A01
201100009109;0;33;0;0;0;0;1;A01
201100009109;0;7;0;0;0;0;1;B02
201100009110;0;31;0;0;0;8;1;B02
201100009110;0;30;0;0;2;1;15;A01
201100009111;0;7;0;0;2;3;1;A01
201100009111;0;7;0;0;2;8;19;B02
201100009112;0;7;0;0;2;3;1;A01
201100009112;0;17;0;0;2;1;1;B02
201100009113;0;7;0;0;2;3;1;B02
201100009113;0;33;0;0;2;1;1;A01
201100009114;0;7;0;0;0;8;19;A01
201100009114;0;34;0;0;2;1;0;B02
201100009115;0;10;0;2;0;1;13;A01
201100009116;0;7;0;0;2;1;1;A01
201100009116;0;7;0;0;2;7;19;B02
201100009117;0;7;0;0;2;2;10;A01
201100009117;0;33;0;0;2;1;1;B02
201100009118;0;7;0;0;2;8;9;C03
201100009118;0;17;0;0;2;3;1;A01
201100009119;0;7;0;13;0;1;1;A01
201100009120;0;7;0;0;2;1;17;A01
201100009120;0;33;0;0;2;1;1;B02
201100009121;0;33;0;0;2;1;13;A01
201100009121;0;10;0;0;2;3;1;B02
201100009122;0;1;0;0;2;4;1;B02
201100009122;0;7;0;0;2;2;1;A01
201100009123;0;7;0;3;0;2;1;A01
201100009124;0;7;0;0;0;4;1;B01
201100009124;2;7;0;0;2;1;2;A01
201100009125;0;7;0;0;1;1;1;A01
201100009126;0;7;0;0;2;3;9;A01
201100009126;0;7;0;15;2;5;1;B01
201100009127;0;10;0;0;2;8;1;B01
201100009127;0;7;0;0;2;1;1;A01
201100009128;0;7;0;0;1;7;1;A01
201100009129;0;30;0;11;0;1;13;A01
201100009130;0;7;0;0;2;3;1;B01
201100009130;0;7;0;0;2;3;16;A01
201100009131;1;17;0;0;2;7;17;Z01
201100009131;0;1;0;0;2;3;1;A01
201100009132;0;7;0;13;0;2;14;A01
201100009133;0;7;0;0;2;1;1;B01
201100009133;0;7;0;0;2;2;15;A01
201100009134;0;7;0;0;2;3;1;B01
201100009134;0;7;0;11;2;1;13;A01
201100009135;0;33;0;0;2;1;1;B01
201100009135;0;7;0;0;2;2;15;A01
201100009136;0;7;0;6;0;1;13;A01
201100009137;0;7;0;0;1;1;1;A01
201100009138;0;30;0;0;0;0;1;A01
201100009139;0;7;0;0;2;4;4;A01
201100009139;0;1;0;0;2;1;1;B01
201100009140;0;7;0;8;0;1;13;A01
201100009141;0;7;0;0;1;2;9;A01
201100009141;0;7;0;8;2;3;1;B01
201100009142;0;7;0;0;1;1;1;A01
201100009143;0;33;0;0;2;1;1;B01
201100009143;0;7;0;0;2;3;9;A01
201100009144;1;7;0;0;1;7;1;Z01
201100009145;0;7;0;2;0;2;14;A01
201100009146;0;30;0;0;2;1;23;B01
201100009146;0;7;0;0;2;6;20;A01
201100009147;0;7;0;0;1;1;1;A01
201100009148;0;36;0;13;0;1;14;A01
201100009149;0;38;1;0;2;7;17;A01
201100009149;0;1;0;0;2;3;13;B01
201100009150;0;7;0;0;2;1;2;A01
201100009150;0;7;0;0;0;4;1;B01
201100009151;0;10;0;1;0;2;14;A01
201100009152;0;7;0;0;2;6;23;B01
201100009152;0;2;0;1;2;2;2;A01
201100009153;0;10;0;0;2;4;4;A01
201100009154;0;2;0;0;2;1;13;A01
201100009154;0;7;0;0;2;2;1;B01
201100009155;1;7;0;0;1;1;1;Z01
201100009156;0;7;0;0;1;8;1;A01
201100009157;0;7;0;8;0;1;18;A01
201100009158;0;3;0;8;0;1;14;A01
201100009159;0;7;0;0;1;1;1;A01
201100009160;0;30;0;0;2;2;17;A01
201100009160;1;7;0;0;2;3;15;Z01
201100009161;0;7;0;0;2;3;13;A01
201100009161;0;7;0;6;2;8;1;B01
201100009162;0;7;0;0;2;8;23;C01
201100009162;0;33;0;0;2;8;17;A01
201100009162;0;7;0;0;2;8;1;B01
201100009163;0;7;0;0;1;7;1;A01
201100009164;0;7;0;13;0;8;15;A01
201100009165;0;2;0;1;0;1;14;A01
201100009166;0;7;0;0;2;2;1;A01
201100009166;0;7;0;0;2;6;15;B01
201100009167;0;10;0;0;2;1;15;A01
201100009167;0;33;0;0;2;1;1;B01
201100009168;0;1;0;0;2;3;1;A01
201100009168;1;7;0;0;2;5;17;Z01
201100009169;0;7;0;0;1;1;1;A01
201100009170;0;7;0;0;0;9;1;A01
201100009171;0;10;0;0;0;0;9;A01
201100009171;0;37;10;0;0;0;1;B01
201100009172;0;7;0;0;2;2;9;A01
201100009172;0;33;0;0;2;1;1;B01
201100009173;0;7;0;0;1;1;1;A01
201100009174;1;99;0;0;0;0;0;Z01
201100009174;0;7;0;0;0;4;23;A01
201100009175;0;7;0;0;1;1;1;A01
201100009176;0;31;0;1;0;1;14;A01
201100009177;0;7;0;0;1;2;1;A01
201100009178;0;2;0;0;2;1;17;A01
201100009178;0;10;0;0;2;8;15;B01
201100009179;0;2;0;0;2;3;17;A01
201100009179;0;7;0;0;2;3;1;B01
201100009180;0;7;0;0;2;2;2;A01
201100009180;0;7;0;0;2;6;1;B01
201100009181;0;7;0;0;2;2;1;A01
201100009181;0;7;0;0;2;1;16;B01
201100009182;0;2;0;0;2;1;17;A01
201100009182;0;7;0;0;2;3;15;B01
201100009183;0;7;0;0;1;7;1;A01
201100009184;0;7;0;0;1;3;1;A01
201100009185;0;7;0;0;1;1;1;A01
201100009186;0;7;0;0;2;8;1;C03
201100009186;0;7;0;0;2;3;3;A01
201100009186;0;7;0;0;2;3;1;B02
201100009187;0;7;0;13;0;1;1;A01
201100009188;0;33;0;7;0;1;1;A01
201100009189;0;7;0;0;0;3;13;A01
201100009190;0;7;0;0;2;1;1;B02
201100009190;0;7;0;0;2;2;15;A01
201100009191;0;7;0;2;0;8;1;A01
201100009192;0;7;0;0;2;1;1;B02
201100009192;0;7;0;0;2;1;1;A01
201100009193;0;33;0;0;2;1;17;A01
201100009193;0;7;0;0;2;8;15;B02
201100009194;0;7;0;0;0;6;2;B02
201100009194;0;33;0;0;0;0;0;A01
201100009195;0;7;0;6;0;1;1;A01
201100009196;0;33;0;0;0;1;1;A01
201100009197;0;7;0;0;2;3;1;A01
201100009197;0;7;0;0;2;1;13;B02
201100009198;0;7;0;0;2;3;1;B02
201100009198;0;14;0;0;2;3;17;A01
201100009199;0;7;0;8;0;2;1;A01
201100009200;0;7;0;0;2;3;15;A01
201100009200;0;36;0;0;2;1;1;B02
201100009201;0;7;0;10;0;8;1;A01
201100009202;0;7;0;15;0;3;13;A01
201100009203;0;15;0;0;2;1;21;E05
201100009203;0;7;0;0;0;4;1;D04
201100009203;0;7;0;0;0;1;0;B02
201100009203;0;7;0;0;2;1;1;A01
201100009203;0;7;0;0;0;1;1;C03
201100009204;0;7;0;1;0;2;1;A01
201100009205;0;7;0;0;0;0;0;A01
201100009205;0;10;0;0;2;6;1;C03
201100009205;0;7;0;0;2;3;1;B02
201100009206;0;7;0;2;0;2;13;A01
201100009207;0;7;0;0;1;2;1;A01
201100009208;0;7;0;7;0;1;1;A01
201100009209;0;7;0;2;0;3;1;A01
201100009210;0;7;0;13;0;1;13;A01
201100009211;0;7;0;0;2;1;17;A01
201100009211;0;7;0;0;2;1;1;B02
201100009212;0;7;0;0;2;2;19;B02
201100009212;0;31;0;0;2;5;1;A01
201100009213;0;7;0;8;0;1;1;A01
201100009214;0;10;0;0;0;1;15;A01
201100009214;0;10;0;0;0;2;1;B02
201100009215;0;7;0;2;0;2;1;A01
201100009216;0;7;0;2;0;1;1;A01
201100009217;0;33;0;16;0;0;1;A01
201100009218;0;33;0;0;0;3;1;A01
201100009219;0;33;0;0;2;1;1;A01
201100009219;0;7;0;0;2;2;15;B02
201100009220;0;7;0;12;0;5;1;A01
201100009221;0;2;0;0;2;1;1;A01
201100009221;0;7;0;0;2;3;15;B02
201100009222;0;10;0;13;0;1;1;A01
201100009223;0;99;0;3;0;1;1;A01
201100009224;0;7;0;2;0;2;1;A01
201100009225;0;7;0;0;0;2;14;A01
201100009226;0;7;0;0;2;1;5;B02
201100009226;0;7;0;0;2;1;5;A01
201100009227;0;34;0;0;0;0;0;A01
201100009228;0;7;0;0;1;1;0;A01
201100009229;0;10;0;3;0;3;1;A01
201100009230;0;7;0;0;2;3;17;A01
201100009230;0;7;0;0;2;2;23;B02
201100009230;0;37;0;0;2;5;23;C03
201100009230;0;7;0;0;2;1;1;D04
201100009231;0;30;0;0;2;1;17;A01
201100009231;0;7;0;0;2;3;1;B02
201100009232;0;7;0;0;2;3;1;A01
201100009232;0;33;0;0;2;8;1;B02
201100009233;0;10;0;0;2;7;15;A01
201100009233;0;33;0;0;2;1;1;B02
201100009234;0;7;0;2;0;8;1;A01
201100009235;0;7;0;0;2;1;1;B02
201100009235;2;7;0;0;0;4;9;A01
201100009236;0;7;0;0;0;9;1;A01
201100009237;0;7;0;2;0;9;1;A01
201100009238;0;7;0;2;0;2;14;A01
201100009239;0;7;0;0;2;7;1;A01
201100009239;0;7;0;0;2;1;17;B02
201100009240;0;15;0;1;0;2;1;A01
201100009241;0;7;0;0;2;5;17;A01
201100009241;0;7;0;0;2;1;1;B02
201100009242;0;7;0;2;0;0;13;A01
201100009242;0;7;0;16;0;0;21;B02
201100009243;0;7;0;0;2;6;1;B02
201100009243;0;7;0;0;2;2;11;A01
201100009244;0;7;0;2;0;3;1;A01
201100009245;0;7;0;0;2;6;13;B02
201100009245;0;7;0;0;2;1;17;A01
201100009246;0;7;0;0;2;7;13;A01
201100009246;0;17;0;0;2;1;1;B02
201100009247;0;7;0;0;0;6;15;A01
201100009247;0;33;0;0;0;1;17;B02
201100009248;0;7;0;0;2;2;1;A01
201100009248;0;7;0;0;2;2;0;B02
201100009249;0;7;0;0;2;3;13;A01
201100009249;0;10;0;0;2;1;21;B02
201100009250;0;7;0;0;2;2;1;B02
201100009250;0;2;0;0;2;1;19;A01
201100009251;0;33;0;0;2;1;1;B02
201100009251;0;7;0;0;2;1;11;A01
201100009252;0;7;0;13;0;1;1;A01
201100009253;0;2;0;0;0;7;1;A01
201100009254;0;7;0;0;1;7;1;A01
201100009255;0;7;0;0;2;1;1;A01
201100009255;0;7;0;0;2;3;19;B02
201100009256;0;7;0;0;2;1;1;A01
201100009256;0;7;0;0;2;1;15;B02