num_acc;senc;catv;occutc;obs;obsm;choc;manv;num_veh
201100009257;0;7;0;13;0;1;1;A01
201100009258;0;7;0;0;2;8;13;A01
201100009258;0;7;0;0;2;3;1;B02
201100009259;0;7;0;2;0;2;1;A01
201100009260;0;7;0;2;0;1;1;A01
201100009261;0;33;0;0;0;1;14;A01
201100009262;0;33;0;0;2;8;13;A01
201100009262;0;7;0;0;2;8;1;B02
201100009263;0;7;0;2;0;3;1;A01
201100009264;0;34;0;0;5;1;1;A01
201100009265;0;7;0;13;0;1;1;A01
201100009266;0;7;0;2;0;1;1;A01
201100009267;0;7;0;0;1;4;4;A01
201100009268;0;7;0;0;2;1;13;B02
201100009268;0;7;0;0;2;2;1;A01
201100009269;0;7;0;8;0;1;19;A01
201100009270;0;7;0;0;2;1;13;A01
201100009270;0;7;0;0;2;3;1;B02
201100009271;0;7;0;0;2;1;15;A01
201100009271;0;33;0;0;2;1;1;B02
201100009272;0;7;0;13;0;6;1;A01
201100009273;0;1;0;0;2;1;19;B02
201100009273;0;36;0;0;0;5;1;A01
201100009274;0;31;0;6;0;1;1;A01
201100009275;0;10;0;2;0;3;1;A01
201100009276;0;2;0;0;2;1;2;A01
201100009276;0;21;0;0;2;4;2;B02
201100009277;0;7;0;0;1;4;4;A01
201100009278;0;10;0;0;2;1;17;B02
201100009278;0;17;0;0;0;4;2;A01
201100009279;0;7;0;6;0;7;1;A01
201100009280;0;7;0;4;0;2;1;A01
201100009281;0;7;0;0;2;1;1;B02
201100009281;0;7;0;3;2;4;13;A01
201100009282;0;7;0;2;0;3;1;A01
201100009283;0;7;0;0;2;2;1;B02
201100009283;0;7;0;0;2;7;21;A01
201100009284;0;7;0;0;0;1;13;A01
201100009284;0;10;0;0;2;3;1;B02
201100009285;0;7;0;0;9;3;16;A01
201100009285;0;31;0;0;2;5;1;B02
201100009286;0;7;0;2;0;2;1;A01
201100009287;0;7;0;0;2;3;1;B02
201100009287;0;7;0;0;2;3;1;A01
201100009288;0;7;0;13;0;3;1;A01
201100009289;0;7;0;6;0;7;1;A01
201100009290;0;7;0;0;1;1;1;A01
201100009291;0;10;0;0;1;1;16;A01
201100009292;0;7;0;13;0;9;1;A01
201100009293;0;7;0;0;2;2;2;A01
201100009293;0;3;0;0;2;6;1;B02
201100009294;0;15;0;0;0;0;1;A01
201100009294;0;10;0;0;9;3;1;B02
201100009295;0;7;0;13;0;1;1;A01
201100009296;0;33;0;13;0;1;1;A01
201100009297;0;7;0;0;2;3;2;A01
201100009297;0;1;0;0;0;4;2;B02
201100009298;0;15;0;1;0;7;1;A01
201100009298;0;7;0;0;2;8;24;B02
201100009299;0;36;0;14;0;1;1;A01
201100009300;0;7;0;0;6;9;1;A01
201100009301;0;7;0;0;2;1;1;A01
201100009301;0;7;0;0;2;1;13;B02
201100009302;0;1;0;0;2;7;1;B02
201100009302;0;10;0;0;2;1;1;A01
201100009303;0;7;0;0;2;3;1;A01
201100009303;0;33;0;0;2;1;1;B02
201100009304;0;7;0;13;0;0;14;A01
201100009305;0;7;0;8;0;2;1;A01
201100009306;0;17;0;0;2;3;1;B02
201100009306;0;7;0;0;2;3;13;A01
201100009307;0;2;0;2;0;1;14;A01
201100009308;0;7;0;2;0;1;13;A01
201100009309;0;10;0;13;2;7;17;A01
201100009309;0;1;0;0;2;8;1;B02
201100009310;0;33;0;13;0;9;1;A01
201100009311;0;7;0;0;0;0;1;B02
201100009311;0;33;0;15;0;1;1;A01
201100009312;0;7;0;0;0;7;1;A01
201100009313;0;33;0;0;0;8;1;A01
201100009314;0;14;0;0;2;2;19;B02
201100009314;0;7;0;0;2;7;1;A01
201100009315;0;1;0;0;2;3;19;B02
201100009315;0;7;0;0;2;7;1;A01
201100009316;0;10;0;0;2;3;1;B02
201100009316;0;7;0;0;2;3;13;A01
201100009317;0;7;0;2;0;9;1;A01
201100009318;0;36;0;13;0;1;1;A01
201100009319;0;7;0;2;0;3;1;A01
201100009320;0;21;0;0;2;3;1;B02
201100009320;0;7;0;0;2;3;1;A01
201100009321;0;7;0;0;2;1;13;B02
201100009321;0;7;0;0;2;1;1;A01
201100009322;0;30;0;0;0;1;1;A01
201100009322;0;7;0;0;2;3;19;B02
201100009323;0;7;0;0;2;3;13;A01
201100009323;0;14;0;0;2;8;1;B02
201100009324;0;14;0;0;2;3;1;B02
201100009324;0;7;0;0;2;3;13;A01
201100009325;0;7;0;6;0;8;1;A01
201100009326;0;33;0;0;2;1;2;A01
201100009326;0;33;0;0;2;5;15;B02
201100009327;0;17;0;0;2;6;1;A01
201100009327;0;17;0;0;2;3;1;B02
201100009328;0;7;0;13;0;2;14;A01
201100009329;0;7;0;2;0;1;1;A01
201100009330;0;10;0;0;0;9;1;A01
201100009331;0;33;0;8;0;8;1;A01
201100009332;0;7;0;2;0;8;1;A01
201100009333;0;33;0;0;0;0;1;A01
201100009334;0;7;0;0;2;3;13;A01
201100009334;0;10;0;0;2;3;1;B02
201100009335;0;7;0;0;2;3;16;A01
201100009335;0;21;0;0;2;3;1;B02
201100009336;0;30;0;0;2;1;13;A01
201100009336;0;7;0;0;2;6;1;B02
201100009337;0;7;0;2;0;1;1;A01
201100009338;0;7;0;0;2;3;0;B02
201100009338;0;7;0;0;6;3;0;A01
201100009339;0;7;0;0;2;6;15;A01
201100009339;0;15;0;0;2;1;1;B02
201100009340;0;7;0;0;2;1;13;A01
201100009340;0;7;0;0;2;2;1;B02
201100009341;0;7;0;6;0;1;14;A01
201100009342;0;33;0;12;0;1;1;A01
201100009343;0;7;0;0;2;1;1;B02
201100009343;0;7;0;0;2;1;13;A01
201100009344;0;7;0;0;2;3;15;B02
201100009344;0;33;0;0;2;2;17;A01
201100009345;0;7;0;3;0;1;1;A01
201100009346;0;33;0;0;2;1;17;B02
201100009346;0;2;0;0;0;6;15;A01
201100009347;0;33;0;0;2;1;2;A01
201100009347;0;7;0;0;9;4;15;B02
201100009348;0;15;0;0;0;3;1;B02
201100009348;0;10;0;0;2;2;19;A01
201100009349;0;7;0;0;2;6;9;A01
201100009349;0;2;0;0;2;1;1;B02
201100009350;0;2;0;8;2;1;17;A01
201100009350;0;7;0;0;2;8;15;B02
201100009351;0;7;0;0;2;8;15;B02
201100009351;0;7;0;0;2;3;1;A01
201100009352;0;7;0;6;0;3;1;A01
201100009353;0;7;0;0;0;1;13;A01
201100009353;0;7;0;0;0;1;21;B02
201100009354;0;7;0;0;2;1;15;A01
201100009354;0;30;0;0;2;1;1;B02
201100009355;0;7;0;0;0;9;1;A01
201100009356;0;7;0;0;2;3;3;A01
201100009356;0;10;0;0;2;3;1;B02
201100009357;0;7;0;0;0;9;14;A01
201100009358;0;7;0;0;2;4;2;B02
201100009358;0;2;0;0;2;1;2;A01
201100009359;0;7;0;0;1;7;0;A01
201100009360;0;7;0;0;2;6;1;A01
201100009360;0;7;0;0;0;6;17;B02
201100009361;0;10;0;0;2;1;1;B02
201100009361;0;7;0;0;2;8;10;A01
201100009362;0;7;0;0;2;1;21;A01
201100009362;0;1;0;0;2;4;2;B02
201100009363;0;7;0;0;2;1;0;B02
201100009363;0;7;0;0;2;4;21;A01
201100009364;0;7;0;0;2;5;15;B02
201100009364;0;2;0;0;2;2;1;A01
201100009365;0;7;0;8;0;2;0;A01
201100009366;0;7;0;0;9;3;1;A01
201100009366;0;1;0;0;2;1;16;B02
201100009367;0;7;0;0;0;3;1;A01
201100009368;0;7;0;6;2;1;9;A01
201100009368;0;7;0;1;2;8;9;B02
201100009369;0;17;0;0;0;4;2;B02
201100009369;0;7;0;3;2;1;2;A01
201100009370;0;7;0;0;0;8;1;B02
201100009370;0;7;0;0;0;1;1;A01
201100009371;0;7;0;6;0;3;1;A01
201100009372;0;1;0;0;0;3;1;B02
201100009372;0;7;0;0;2;3;17;A01
201100009373;0;7;0;6;0;1;15;A01
201100009374;0;30;0;0;2;2;1;B02
201100009374;0;7;0;0;0;5;15;A01
201100009375;0;30;0;0;2;1;1;B02
201100009375;0;21;0;0;0;8;16;A01
201100009376;0;7;0;0;0;9;1;A01
201100009377;0;7;0;0;0;1;1;A01
201100009378;0;1;0;0;0;1;1;A01
201100009379;0;7;0;8;0;1;21;A01
201100009380;0;7;0;0;2;2;15;A01
201100009380;0;33;0;0;2;8;1;B02
201100009381;0;2;0;0;0;8;1;A01
201100009382;0;7;0;0;5;1;1;A01
201100009383;0;7;0;8;1;3;14;A01
201100009384;0;21;0;0;1;1;1;A01
201100009385;0;7;0;13;0;1;1;A01
201100009386;0;7;0;2;0;2;14;A01
201100009387;0;7;0;2;0;3;14;A01
201100009388;0;7;0;13;0;2;0;A01
201100009389;0;1;0;0;2;3;23;B02
201100009389;0;7;0;0;2;5;17;A01
201100009390;0;7;0;8;2;2;1;A01
201100009391;0;33;0;0;2;3;1;B02
201100009391;0;7;0;0;2;6;15;A01
201100009392;0;31;0;0;0;1;1;A01
201100009393;0;30;0;0;0;7;1;A01
201100009394;0;7;0;2;0;1;14;A01
201100009395;0;7;0;8;0;7;14;A01
201100009396;0;2;0;13;0;9;1;A01
201100009397;0;7;0;0;2;8;19;B02
201100009397;0;33;0;0;2;1;1;A01
201100009398;0;7;0;0;2;3;1;B02
201100009398;0;33;0;0;2;1;13;A01
201100009399;0;7;0;0;1;3;13;A01
201100009400;0;7;0;0;2;2;1;A01
201100009400;0;7;0;0;2;3;1;B02
201100009401;0;30;0;0;0;1;1;A01
201100009402;0;31;0;0;2;7;17;A01
201100009402;0;7;0;0;2;8;15;B02
201100009403;0;7;0;0;2;2;1;B02
201100009403;0;7;0;0;2;1;19;A01
201100009404;0;7;0;0;0;6;15;B02
201100009404;0;2;0;0;2;1;17;A01
201100009405;0;7;0;0;1;1;1;A01
201100009406;0;7;0;2;0;2;1;A01
201100009407;0;7;0;0;0;0;1;A01
201100009408;0;30;0;0;2;1;13;A01
201100009408;0;7;0;0;2;1;16;B02
201100009409;0;36;0;0;0;1;1;A02
201100009409;0;7;0;0;2;1;1;B01
201100009410;0;7;0;13;0;3;13;A01
201100009411;0;7;0;2;0;1;1;A01
201100009412;0;7;0;0;9;3;1;A01
201100009412;0;1;0;0;2;3;19;B02
201100009413;0;7;0;0;2;3;1;B02
201100009413;0;7;0;0;2;3;13;A01
201100009414;0;7;0;0;2;2;1;B02
201100009414;0;2;0;0;2;1;15;A01
201100009415;0;7;0;1;0;2;1;B02
201100009415;0;21;0;0;0;6;24;A01
201100009416;0;7;0;0;0;3;13;A01
201100009416;0;7;0;0;0;3;1;B02
201100009417;0;7;0;0;2;3;1;B02
201100009417;0;10;0;0;2;3;13;A01
201100009418;0;31;0;13;0;1;1;A01
201100009419;0;7;0;0;2;1;1;B02
201100009419;0;10;0;0;2;3;15;A01
201100009420;0;33;0;16;0;8;1;A01
201100009421;0;7;0;0;2;4;23;B02
201100009421;0;7;0;0;2;1;1;C03
201100009421;0;7;0;0;0;0;15;D04
201100009421;0;20;0;0;2;1;2;A01
201100009422;0;7;0;0;2;8;19;A01
201100009422;0;10;0;0;2;1;1;B02
201100009423;0;7;0;8;0;3;14;A01
201100009424;0;30;0;0;0;0;1;A01
201100009425;0;1;0;0;2;4;2;A01
201100009425;0;7;0;0;2;2;2;B02
201100009426;0;7;0;0;1;2;1;A01
201100009427;0;1;0;0;2;1;1;B02
201100009427;0;7;0;0;2;3;9;A01
201100009428;0;7;0;0;2;1;1;A01
201100009428;0;7;0;0;2;1;17;B02
201100009429;0;7;0;13;0;8;1;A01
201100009430;2;7;0;0;2;8;1;A01
201100009430;0;1;0;0;2;3;1;B01
201100009431;0;7;0;0;2;1;1;B02
201100009431;0;31;0;0;2;1;5;A01
201100009432;0;2;0;0;2;1;1;B02
201100009432;0;7;0;0;2;6;4;A01
201100009433;0;21;0;14;0;2;1;A01
201100009434;0;1;0;0;0;4;2;B02
201100009434;0;7;0;0;2;2;2;A01
201100009435;0;33;0;0;2;3;1;B02
201100009435;0;7;0;0;2;8;1;A01
201100009436;0;7;0;2;0;3;1;A01
201100009437;0;7;0;4;9;2;1;A01
201100009438;0;7;0;0;1;1;1;A01
201100009439;0;7;0;0;2;5;13;A01
201100009439;0;10;0;0;2;1;1;B02
201100009440;0;7;0;0;2;3;1;B02
201100009440;0;7;0;0;2;0;13;A01
201100009441;0;99;0;0;2;1;1;A01
201100009441;0;99;0;0;2;1;1;B02
201100009442;0;33;0;0;0;1;13;A01
201100009443;0;7;0;0;9;3;15;A01
201100009443;0;1;0;0;2;0;15;A02
201100009444;0;7;0;0;2;2;1;A01
201100009444;0;3;0;0;2;3;16;B02
201100009445;0;33;0;0;2;1;1;B02
201100009445;0;33;0;0;2;1;17;A01
201100009446;0;30;0;0;0;1;13;A01
201100009446;0;10;0;0;0;1;0;B02
201100009447;0;33;0;0;2;3;1;A01
201100009447;0;7;0;0;2;3;15;B02
201100009448;0;7;0;6;0;3;1;A01
201100009449;0;7;0;2;0;3;1;A01
201100009450;0;10;0;0;0;0;0;A01
201100009451;0;7;0;0;2;3;1;B02
201100009451;0;14;0;0;2;3;1;A01
201100009452;0;7;0;0;0;8;13;A01
201100009453;0;7;0;0;1;2;1;A01
201100009454;0;7;0;0;1;1;0;A01
201100009455;0;2;0;6;2;1;13;A01
201100009455;0;7;0;0;2;2;1;B02
201100009456;0;31;0;0;2;1;13;A01
201100009456;0;7;0;0;2;1;1;B02
201100009457;0;7;0;4;0;2;1;A01
201100009458;0;2;0;0;5;1;1;A01
201100009459;0;7;0;13;0;9;4;A01
201100009460;0;7;0;4;0;2;6;A01
201100009461;0;7;0;8;5;3;21;A01
201100009462;0;7;0;0;2;0;17;A01
201100009462;0;7;0;0;2;0;1;B02
201100009463;0;7;0;13;0;1;21;A01
201100009464;0;2;0;0;0;3;1;A01
201100009465;0;33;0;0;0;1;1;A01
201100009466;0;2;0;13;0;1;14;A01
201100009467;0;33;0;13;0;1;17;A01
201100009468;0;7;0;0;0;0;0;B02
201100009468;0;31;0;0;2;3;1;A01
201100009469;0;7;0;0;1;3;1;A01
201100009470;0;7;0;0;2;2;17;B02
201100009470;0;7;0;0;2;8;15;A01
201100009471;0;7;0;0;2;1;13;A01
201100009471;0;7;0;0;2;3;1;B02
201100009472;0;7;0;13;0;1;1;A01
201100009473;0;7;0;0;1;1;1;A01
201100009474;0;7;0;0;2;3;19;A01
201100009474;0;33;0;0;2;1;1;B02
201100009475;0;7;0;6;0;2;16;A01
201100009476;0;7;0;0;2;3;1;A01
201100009476;0;7;0;0;1;3;2;B02
201100009477;0;31;0;0;2;1;13;A01
201100009477;0;7;0;0;2;3;1;B02
201100009478;0;7;0;2;0;1;1;A01
201100009479;0;7;0;0;2;1;15;A01
201100009479;0;2;0;0;2;1;1;B02
201100009480;0;7;0;0;2;8;15;A02
201100009480;0;7;0;0;2;1;1;B01
201100009481;0;2;0;0;2;1;15;B02
201100009481;0;33;0;15;2;1;1;A01
201100009482;0;33;0;0;2;1;2;A01
201100009482;0;32;0;0;0;4;2;B02
201100009483;0;10;0;0;2;1;1;B02
201100009483;0;30;0;0;2;4;10;A01
201100009484;0;7;0;0;1;1;1;A01
201100009485;0;7;0;0;1;1;1;A01
201100009486;0;7;0;13;0;8;0;A01
201100009487;0;7;0;0;2;1;15;A01
201100009487;0;7;0;0;2;3;1;B02
201100009488;0;7;0;0;0;4;23;A01
201100009488;0;1;0;1;0;1;1;B02
201100009489;0;33;0;5;0;8;1;A01
201100009490;0;7;0;0;1;2;1;A01
201100009491;0;7;0;0;2;3;19;A01
201100009491;0;33;0;0;2;1;1;B02
201100009492;0;7;0;0;2;3;15;A01
201100009492;0;2;0;0;2;1;1;B02
201100009493;0;31;0;0;2;1;1;A01
201100009493;0;10;0;0;2;3;19;B02
201100009494;0;7;0;0;2;3;19;A01
201100009494;0;10;0;0;2;1;1;B02
201100009495;0;7;0;0;2;2;0;A01
201100009495;0;1;0;0;2;7;1;B02
201100009496;0;7;0;1;0;1;1;B02
201100009496;0;38;0;0;1;6;23;A01
201100009497;0;7;0;0;1;2;15;A01
201100009498;0;7;0;0;1;2;1;A01
201100009499;0;2;0;16;0;1;1;A01
201100009500;0;14;0;0;2;8;1;B02
201100009500;0;7;0;0;2;3;1;A01
201100009501;0;7;0;0;2;1;1;A01
201100009501;0;7;0;0;2;4;0;B02
201100009502;0;7;0;0;0;5;23;E05
201100009502;0;10;0;0;0;4;23;B02
201100009502;0;7;0;0;2;1;2;A01
201100009502;0;7;0;0;0;4;23;C03
201100009502;0;7;0;0;0;4;23;D04
201100009503;0;7;0;0;0;4;1;B02
201100009503;0;7;0;0;0;5;23;C03
201100009503;0;7;0;0;2;1;1;A01
201100009504;0;7;0;0;1;2;1;A01
201100009505;0;30;0;14;2;1;16;A01
201100009505;0;7;0;14;0;2;16;B02
201100009506;0;7;0;8;0;1;14;A01
201100009507;0;7;0;14;0;3;13;A01
201100009508;0;36;0;0;2;3;1;B02
201100009508;0;7;0;0;2;2;19;A01
201100009509;0;7;0;0;2;8;1;A01
201100009509;0;7;0;0;2;7;11;B02
201100009510;0;32;0;0;0;1;1;B02
201100009510;0;7;0;0;2;6;10;A01
201100009511;0;2;0;0;2;1;15;A01
201100009511;0;7;0;0;2;1;2;B02
201100009512;0;7;0;0;2;3;5;C03
201100009512;0;7;0;0;2;3;1;A01
201100009512;0;7;0;0;0;4;2;B02
201100009513;0;7;0;0;2;2;1;A01
201100009513;0;10;0;0;2;3;15;B02
201100009514;0;7;0;0;1;2;1;A01
201100009515;0;2;0;2;0;0;0;A01
201100009516;0;7;0;0;0;3;16;A01
201100009516;0;1;0;0;0;1;1;B02
201100009517;0;7;0;0;2;2;15;A01
201100009517;0;33;0;0;2;1;1;B02
201100009518;0;7;0;2;0;1;1;A01
201100009519;0;2;0;0;2;7;1;A01
201100009519;0;7;0;0;2;1;1;B02
201100009520;0;1;0;0;2;1;19;B02
201100009520;0;7;0;0;2;2;16;A01
201100009521;0;7;0;2;0;2;14;A01
201100009522;0;7;0;0;1;2;1;A01
201100009523;0;7;0;0;1;1;1;A01
201100009524;0;17;0;0;2;6;9;A01
201100009524;0;7;0;0;2;2;2;B02
201100009525;0;7;0;11;0;3;0;A01
201100009526;0;7;0;0;1;3;1;A01
201100009527;0;7;0;0;2;1;9;A01
201100009527;0;30;0;0;0;7;15;B02
201100009528;0;7;0;0;2;3;13;A01
201100009528;0;7;0;0;2;6;1;C03
201100009528;0;7;0;0;2;8;1;B02
201100009529;0;3;0;0;2;3;5;A01
201100009529;0;7;0;0;2;3;5;B02
201100009530;0;33;0;0;2;2;21;A01
201100009530;0;7;0;0;2;8;15;B02
201100009531;0;7;0;0;0;8;0;C03
201100009531;0;7;0;0;0;8;0;B02
201100009531;0;7;0;0;0;6;0;D04
201100009531;0;33;0;1;0;7;17;A01
201100009532;0;7;0;0;2;1;1;A01
201100009532;0;31;0;0;2;4;15;B02
201100009533;0;7;0;2;0;8;1;A01
201100009534;0;99;0;0;0;6;9;A01
201100009534;0;1;0;0;2;4;2;B02
201100009535;0;2;0;0;2;2;15;B02
201100009535;0;7;0;0;2;2;1;A01
201100009536;0;7;0;0;1;2;2;A01
201100009537;0;7;0;0;1;1;1;A01
201100009538;0;7;0;0;2;1;1;B02
201100009538;0;7;0;0;2;2;13;A01
201100009539;0;33;0;1;0;3;13;A01
201100009539;0;7;0;0;0;5;0;B02
201100009540;0;7;0;0;2;3;13;A01
201100009540;0;7;0;0;2;3;1;B02
201100009540;0;7;0;0;2;8;1;C03
201100009541;0;99;0;0;2;1;1;A01
201100009541;0;7;0;0;2;8;1;B02
201100009542;0;7;0;0;9;1;1;C03
201100009542;0;7;0;0;2;3;13;A01
201100009542;0;7;0;0;2;3;1;B02
201100009543;0;7;0;0;2;2;15;A01
201100009543;0;2;0;0;2;7;1;B02
201100009544;0;7;0;0;2;2;1;A01
201100009544;0;30;0;0;2;6;19;B02
201100009545;0;14;0;0;2;1;15;A01
201100009546;0;7;0;0;2;1;17;A01
201100009546;0;33;0;0;2;1;0;B02
201100009547;0;7;0;0;2;1;1;B02
201100009547;0;7;0;0;2;1;1;A01
201100009548;0;30;0;0;2;1;1;A01
201100009548;0;7;0;0;2;2;15;B02
201100009549;0;2;0;2;0;1;13;A01
201100009550;0;31;0;0;2;1;13;A01
201100009550;0;7;0;0;2;3;1;B02
201100009551;0;10;0;0;1;2;1;A01
201100009552;0;10;0;0;2;7;1;C03
201100009552;0;15;0;0;2;3;1;B02
201100009552;0;7;0;0;2;3;13;A01
201100009553;0;7;0;0;0;1;1;B02
201100009553;0;7;0;0;0;3;15;A01
201100009554;0;33;0;0;0;1;1;B02
201100009554;0;7;0;0;0;3;13;A01
201100009555;0;15;0;2;0;1;1;A01
201100009556;0;33;0;0;2;8;13;A01
201100009556;0;17;0;0;2;3;1;B02
201100009557;0;7;0;0;2;3;15;A01
201100009557;0;33;0;0;2;1;17;B02
201100009558;0;33;0;0;0;3;1;A01
201100009559;0;33;0;2;0;1;1;A01
201100009560;0;7;0;2;0;1;1;A01
201100009561;0;7;0;2;0;3;1;A01
201100009562;0;7;0;0;2;8;1;B02
201100009562;0;7;0;0;2;3;13;A01
201100009563;0;7;0;0;0;2;1;C03
201100009563;0;14;0;0;0;3;1;A01
201100009563;0;7;0;0;0;3;13;B02
201100009564;0;7;0;0;2;2;1;A01
201100009564;0;1;0;0;2;3;19;B02
201100009565;0;7;0;1;2;1;1;B02
201100009565;0;31;0;0;0;0;24;D04
201100009565;0;33;0;0;0;0;24;C03
201100009565;0;10;0;0;2;6;10;A01
201100009566;0;10;0;0;2;1;1;B02
201100009566;0;33;0;0;2;1;13;A01
201100009567;0;7;0;2;0;6;13;A01
201100009568;0;30;0;0;2;7;5;A01
201100009568;0;7;0;0;2;3;15;B02
201100009569;0;31;0;0;6;8;1;A01
201100009570;0;7;0;4;0;1;1;A01
201100009571;0;31;0;0;2;1;1;B02
201100009571;0;31;0;0;2;2;15;A01
201100009572;0;7;0;0;1;1;1;A01
201100009572;0;1;0;0;0;0;0;B02
201100009573;0;7;0;2;0;1;1;A01
201100009574;0;7;0;0;2;1;1;B02
201100009574;0;7;0;3;2;7;19;A01
201100009575;0;33;0;0;6;1;1;A01
201100009576;0;7;0;0;2;1;1;B02
201100009576;0;30;0;0;2;8;1;A01
201100009577;0;7;0;0;2;1;1;D04
201100009577;0;7;0;0;2;1;1;C03
201100009577;0;17;0;0;2;1;1;A01
201100009578;0;7;0;0;2;3;5;B02
201100009578;0;7;0;0;2;3;1;A01
201100009579;0;7;0;13;0;0;1;A01
201100009580;0;30;0;0;2;0;13;B02
201100009580;0;1;0;0;0;8;13;A01
201100009581;0;7;0;2;0;1;1;A01
201100009582;0;7;0;0;2;8;15;A01
201100009582;0;33;0;0;2;1;17;B02
201100009583;0;17;0;0;2;3;5;B02
201100009583;0;7;0;16;2;3;5;A01
201100009584;0;33;0;1;0;1;1;A01
201100009585;0;7;0;2;0;7;1;A01
201100009586;0;7;0;2;0;2;1;A01
201100009587;0;7;0;0;1;3;16;A01
201100009588;0;17;0;0;2;3;1;B02
201100009588;0;7;0;0;2;1;2;C03
201100009588;0;7;0;0;2;3;13;A01
201100009588;0;7;0;0;2;1;2;D04
201100009589;0;7;0;2;0;1;14;A01
201100009590;0;7;0;0;2;3;13;A01
201100009590;0;10;0;0;2;3;1;B02
201100009591;0;31;0;0;2;7;1;B02
201100009591;0;7;0;0;2;3;19;A01
201100009592;0;7;0;16;0;9;1;A01
201100009593;0;33;0;0;0;1;1;A01
201100009593;0;33;0;0;0;8;1;B02
201100009594;0;30;0;0;1;1;14;A01
201100009595;0;7;0;0;1;6;1;A01
201100009596;0;33;0;0;0;1;1;B02
201100009596;0;7;0;0;0;2;11;A01
201100009597;0;31;0;0;2;8;1;B02
201100009597;0;7;0;0;2;3;19;A01
201100009598;0;7;0;0;2;1;15;A01
201100009598;0;7;0;0;2;3;1;B02
201100009599;0;7;0;0;0;0;1;A01
201100009600;2;10;0;10;0;2;0;A01
201100009601;0;7;0;2;0;9;1;A01
201100009602;0;7;0;0;1;3;1;A01
201100009603;0;7;0;0;1;3;1;A01
201100009604;0;7;0;0;2;1;1;A01
201100009604;0;31;0;0;2;8;9;B02
201100009605;0;7;0;0;2;3;15;A01
201100009605;0;7;0;0;2;3;1;B02
201100009606;0;7;0;0;2;3;1;B02
201100009606;0;7;0;0;2;5;17;A01
201100009607;0;33;0;0;2;1;17;A01
201100009607;0;7;0;0;0;3;15;B02
201100009608;0;7;0;0;2;1;19;A01
201100009608;0;7;0;0;2;1;1;B02
201100009609;0;7;0;6;0;9;1;A01
201100009610;0;7;0;0;2;1;1;B02
201100009610;0;33;0;0;0;1;1;A01
201100009611;0;7;0;2;0;5;1;A01
201100009612;0;7;0;0;1;1;1;A01
201100009613;0;2;0;0;0;2;1;A01
201100009613;0;1;0;0;0;2;1;B02
201100009614;0;7;0;0;2;3;1;B02
201100009614;0;33;0;1;0;0;13;A01
201100009615;0;7;0;0;2;3;19;B02
201100009615;0;7;0;0;2;1;1;A01
201100009616;0;31;0;0;2;1;1;A01
201100009616;0;7;0;0;2;8;1;B02
201100009617;0;7;0;0;2;2;1;A01
201100009617;0;33;0;0;2;2;13;B02
201100009618;0;33;0;0;0;3;1;A01
201100009619;0;14;0;0;2;8;9;A01
201100009619;0;10;0;0;2;8;1;B02
201100009620;0;32;0;13;0;1;1;A01
201100009621;0;7;0;0;2;7;16;B02
201100009621;0;33;0;0;2;1;17;A01
201100009622;0;7;0;13;0;2;14;A01
201100009623;0;7;0;13;0;9;14;A01
201100009624;0;10;0;0;2;3;1;A01
201100009624;0;17;0;0;2;3;1;B02
201100009625;0;7;0;0;2;1;13;A01
201100009625;0;7;0;0;2;1;1;B02
201100009626;0;33;0;0;1;7;1;A01
201100009627;0;7;0;1;0;2;1;A01
201100009627;0;7;0;0;0;6;24;B02
201100009628;0;7;0;0;2;3;13;A01
201100009628;0;7;0;0;2;3;2;C03
201100009628;0;15;0;0;2;3;1;B02
201100009629;0;1;0;0;0;7;19;B02
201100009629;0;7;0;0;2;2;1;A01
201100009630;0;7;0;0;2;3;1;A01
201100009630;0;1;0;0;2;7;1;B02
201100009631;0;10;0;0;1;2;1;A01
201100009632;0;7;0;6;0;2;16;A01
201100009633;0;33;0;0;0;7;16;A01
201100009634;0;7;0;2;0;2;0;A01
201100009635;0;7;0;2;0;8;1;A01
201100009636;0;33;0;0;2;8;1;A01
201100009636;0;7;0;0;2;0;15;B02
201100009637;0;7;0;0;2;1;1;A01
201100009637;0;7;0;0;2;1;1;B02
201100009638;0;7;0;0;2;3;15;B02
201100009638;0;7;0;0;2;3;17;A01
201100009639;0;7;0;0;2;1;19;A01
201100009639;0;7;0;0;2;1;15;B02
201100009640;0;2;0;13;2;1;17;A01
201100009640;0;21;0;0;2;3;15;B02
201100009641;0;33;0;16;0;9;1;A01
201100009642;0;7;0;0;2;1;1;B02
201100009642;0;7;0;12;2;2;1;A01
201100009643;0;7;0;2;0;1;1;A01
201100009644;0;33;0;0;2;1;1;B02
201100009644;0;7;0;0;2;1;15;A01
201100009645;0;7;0;0;0;6;10;A01
201100009645;0;33;0;0;2;1;1;B02
201100009646;0;33;0;0;2;7;17;B02
201100009646;0;33;0;0;2;3;1;A01
201100009647;0;33;0;0;6;9;21;A01
201100009648;0;7;0;0;2;3;13;B02
201100009648;0;7;0;0;2;3;13;A01
201100009649;0;7;0;0;2;3;1;A01
201100009649;0;7;0;0;2;1;1;B02
201100009650;0;7;0;0;2;3;9;A01
201100009650;0;2;0;0;2;1;2;B02
201100009651;0;7;0;0;2;3;16;B02
201100009651;0;7;0;0;2;3;17;A01