num_acc;senc;catv;occutc;obs;obsm;choc;manv;num_veh
201100009652;0;7;0;0;1;3;15;A01
201100009653;0;7;0;13;0;1;1;A01
201100009654;0;7;0;2;0;3;13;A01
201100009655;0;7;0;0;2;6;1;C03
201100009655;0;7;0;0;2;7;13;A01
201100009655;0;7;0;0;2;1;1;B02
201100009656;0;7;0;0;2;3;19;A01
201100009656;0;1;0;0;2;1;1;B02
201100009657;0;2;0;0;2;1;1;B02
201100009657;0;7;0;0;0;7;15;A01
201100009658;0;7;0;0;2;3;16;B02
201100009658;0;30;0;0;2;7;1;A01
201100009659;0;7;0;2;0;2;1;A01
201100009660;0;7;0;0;0;1;1;A01
201100009660;0;33;0;0;0;3;13;B02
201100009661;0;7;0;2;0;1;1;A01
201100009662;0;7;0;2;0;1;15;A01
201100009663;0;7;0;0;2;1;1;B02
201100009663;0;7;0;0;2;8;19;A01
201100009664;0;7;0;8;0;1;1;A01
201100009665;0;7;0;0;2;1;1;C03
201100009665;0;7;0;0;2;1;13;A01
201100009665;0;7;0;0;2;1;1;B02
201100009666;0;7;0;0;1;2;1;A01
201100009667;0;7;0;0;2;3;1;B02
201100009667;0;7;0;0;2;1;1;A01
201100009668;0;7;0;0;2;2;21;B02
201100009668;0;7;0;2;2;2;1;A01
201100009669;0;7;0;0;2;2;1;C03
201100009669;0;7;0;0;2;6;1;B02
201100009669;0;7;0;0;2;2;13;A01
201100009670;0;33;0;0;0;0;1;A01
201100009671;0;7;0;2;0;1;13;A01
201100009672;0;33;0;0;2;1;1;B02
201100009672;0;7;0;0;2;2;10;A01
201100009673;0;7;0;0;2;1;15;B02
201100009673;0;7;0;0;2;1;1;A01
201100009674;0;30;0;0;0;0;14;A01
201100009675;0;7;0;0;2;3;15;A01
201100009675;0;7;0;0;2;2;1;B02
201100009676;0;7;0;0;2;3;20;A01
201100009676;0;2;0;0;2;1;1;B02
201100009676;0;7;0;1;0;6;0;C03
201100009677;0;1;0;0;0;7;1;A01
201100009678;0;7;0;0;1;2;1;A01
201100009679;0;33;0;0;2;1;1;B02
201100009679;0;7;0;0;0;8;13;A01
201100009680;0;33;0;0;2;8;1;C03
201100009680;0;7;0;0;2;3;13;A01
201100009680;0;7;0;0;2;3;21;B02
201100009681;0;7;0;0;2;4;2;B02
201100009681;0;99;0;14;2;1;2;A01
201100009682;0;10;0;0;0;6;2;B02
201100009682;0;33;0;0;2;1;2;A01
201100009683;0;1;0;0;2;1;1;A01
201100009683;0;1;0;0;2;1;1;B02
201100009684;0;7;0;0;1;1;1;A01
201100009685;0;7;0;0;2;3;1;B02
201100009685;0;7;0;0;2;3;1;A01
201100009686;0;31;0;0;0;7;14;A01
201100009687;0;33;0;0;2;2;1;A01
201100009687;0;7;0;0;2;3;23;B02
201100009688;0;33;0;0;0;0;2;A01
201100009689;0;33;0;0;0;1;0;A01
201100009690;0;7;0;0;2;3;1;B02
201100009690;0;33;0;0;2;7;13;A01
201100009691;0;7;0;2;0;7;1;A01
201100009692;0;7;0;0;2;3;19;B02
201100009692;0;7;0;0;2;3;21;A01
201100009693;0;7;0;0;2;3;5;A01
201100009693;0;7;0;0;2;1;5;B02
201100009693;0;7;0;0;2;1;5;C03
201100009694;0;30;0;0;2;1;1;B02
201100009694;0;7;0;0;2;2;15;A01
201100009695;0;7;0;0;2;1;19;B02
201100009695;0;7;0;0;2;1;1;A01
201100009696;0;7;0;0;2;2;16;B02
201100009696;0;30;0;0;0;5;15;A01
201100009697;0;34;0;0;1;1;1;A01
201100009698;0;7;0;2;0;8;1;A01
201100009699;0;7;0;16;0;9;1;A01
201100009700;0;16;0;0;2;7;1;A01
201100009700;0;38;0;0;2;1;1;B02
201100009701;0;33;0;0;2;1;1;B02
201100009701;0;7;0;0;2;2;16;A01
201100009702;0;7;0;6;0;1;1;A01
201100009703;0;15;0;0;0;0;23;B02
201100009703;0;30;0;0;2;7;1;A01
201100009704;0;33;0;0;2;7;1;A01
201100009704;0;7;0;0;2;1;19;B02
201100009705;0;30;0;0;0;4;1;B02
201100009705;0;7;0;0;2;1;1;A01
201100009706;0;10;0;0;0;4;1;B02
201100009706;0;7;0;0;2;1;1;A01
201100009707;0;7;0;2;0;1;1;A01
201100009708;0;7;0;0;2;1;17;A01
201100009708;0;1;0;0;2;1;1;B02
201100009709;0;7;0;2;0;1;1;A01
201100009710;0;7;0;0;6;1;1;A01
201100009711;0;7;0;0;0;0;15;B02
201100009711;0;1;0;0;2;1;1;C03
201100009711;0;7;0;0;9;3;0;A01
201100009712;0;7;0;0;2;3;13;A01
201100009713;0;33;0;8;0;1;1;A01
201100009714;0;7;0;0;0;0;13;A01
201100009715;0;7;0;16;0;9;1;A01
201100009716;0;36;0;0;2;1;5;A01
201100009716;0;7;0;0;2;1;0;B02
201100009717;0;32;0;0;0;8;13;B02
201100009717;0;7;0;0;2;1;1;A01
201100009718;0;7;0;2;0;1;2;A01
201100009719;0;33;0;0;2;1;1;A01
201100009720;0;7;0;2;0;1;0;A01
201100009721;0;7;0;0;2;1;1;A01
201100009721;0;1;0;0;2;4;1;B02
201100009722;0;1;0;0;2;7;15;A01
201100009722;0;7;0;0;2;1;1;B02
201100009723;0;2;0;0;0;1;14;B02
201100009723;0;10;0;0;0;2;1;A01
201100009724;0;1;0;0;2;0;19;A01
201100009724;0;14;0;0;9;7;1;B02
201100009725;0;33;0;0;0;0;1;A01
201100009726;0;2;0;0;0;0;0;A01
201100009727;0;7;0;0;0;1;1;A01
201100009728;0;7;0;0;2;3;1;B02
201100009728;0;7;0;0;2;3;13;A01
201100009729;0;3;0;10;0;1;1;A01
201100009730;0;7;0;4;9;3;21;B02
201100009730;0;7;0;4;9;3;21;A01
201100009731;0;7;0;0;2;3;13;A01
201100009731;0;14;0;0;2;3;1;B02
201100009732;0;3;0;0;2;6;16;A01
201100009732;0;7;0;0;2;3;1;B02
201100009733;0;1;0;0;0;0;1;A01
201100009733;0;2;0;0;0;4;1;B02
201100009734;0;7;0;0;2;3;19;B02
201100009734;0;2;0;0;2;1;1;A01
201100009735;0;7;0;0;0;0;1;A01
201100009736;0;7;0;0;2;2;15;A01
201100009736;0;2;0;0;2;1;1;B02
201100009737;0;7;0;13;0;3;1;A01
201100009738;0;7;0;11;0;1;1;A01
201100009739;0;2;0;15;0;1;2;A01
201100009740;0;33;0;11;0;9;1;A01
201100009741;0;10;0;13;0;1;13;A01
201100009742;0;7;0;13;0;9;17;A01
201100009743;0;7;0;0;2;2;1;A01
201100009743;0;33;0;0;2;3;15;B02
201100009744;0;7;0;0;1;7;1;A01
201100009745;0;16;0;0;0;4;15;B02
201100009745;0;33;0;0;2;1;17;A01
201100009746;0;31;0;1;0;1;15;A01
201100009747;0;1;0;0;2;5;13;B02
201100009747;0;10;0;0;2;3;1;A01
201100009748;0;10;0;0;0;9;1;A01
201100009749;0;33;0;0;0;2;1;A01
201100009750;0;2;0;0;0;4;23;B02
201100009750;0;7;0;0;2;3;1;A01
201100009751;0;31;0;0;0;8;1;B02
201100009751;0;7;0;0;0;4;10;A01
201100009752;0;7;0;0;2;7;17;A01
201100009752;0;1;0;0;0;8;1;B02
201100009753;0;7;0;0;2;1;1;A01
201100009753;0;7;0;0;0;4;1;B02
201100009754;0;7;0;2;0;1;1;A01
201100009755;0;7;0;2;0;1;1;A01
201100009756;0;7;0;2;0;1;1;A01
201100009757;0;7;0;0;0;2;19;B02
201100009757;0;10;0;0;0;3;1;A01
201100009758;0;7;0;0;2;1;1;B02
201100009758;0;7;0;0;2;8;9;A01
201100009759;0;7;0;0;2;1;1;B02
201100009759;0;7;0;0;2;1;17;A01
201100009760;0;7;0;2;0;7;13;A01
201100009761;0;10;0;6;0;1;1;A01
201100009762;0;33;0;0;2;1;1;A01
201100009762;0;7;0;0;0;6;16;B02
201100009763;0;7;0;0;2;3;1;B02
201100009763;0;7;0;0;2;3;1;A01
201100009764;0;7;0;2;0;9;13;A01
201100009765;0;7;0;0;1;1;1;A01
201100009766;0;1;0;0;2;1;1;B02
201100009766;0;1;0;0;2;4;;A01
201100009767;0;10;0;2;0;7;1;A01
201100009768;0;17;0;0;2;3;1;A01
201100009768;0;7;0;0;2;7;13;B02
201100009769;0;1;0;14;0;1;1;A01
201100009770;0;7;0;7;0;9;14;A01
201100009771;0;7;0;0;2;1;1;A01
201100009771;0;1;0;0;2;3;15;B02
201100009772;0;33;0;0;2;1;1;A01
201100009772;0;7;0;0;2;5;15;B02
201100009773;0;33;0;0;2;1;13;B02
201100009773;0;7;0;0;2;3;1;A01
201100009774;0;7;0;0;0;1;1;C03
201100009774;0;7;0;0;2;1;13;A01
201100009774;0;7;0;0;2;1;1;B02
201100009775;0;33;0;0;0;0;21;B02
201100009775;0;7;0;0;0;0;16;A01
201100009776;0;37;16;0;2;3;1;B02
201100009776;0;7;0;0;2;3;13;A01
201100009777;0;7;0;2;0;4;1;A01
201100009778;0;7;0;0;2;1;1;B02
201100009778;0;7;0;0;2;7;13;A01
201100009779;0;7;0;0;2;7;19;B02
201100009779;0;7;0;0;2;1;1;A01
201100009780;0;7;0;2;0;8;1;A01
201100009780;0;7;0;14;0;2;21;B02
201100009781;0;1;0;0;2;1;16;B02
201100009781;0;7;0;0;2;1;1;A01
201100009782;0;7;0;0;0;8;1;B02
201100009782;0;33;0;0;2;1;1;A01
201100009783;0;30;0;0;6;7;1;A01
201100009784;0;10;0;0;2;5;15;A01
201100009784;0;2;0;0;2;1;1;B02
201100009785;0;1;0;0;0;4;1;B02
201100009785;0;7;0;0;2;2;17;A01
201100009786;0;7;0;2;0;1;1;A01
201100009787;0;33;0;8;0;1;1;A01
201100009788;0;33;0;0;0;1;1;A01
201100009789;0;7;0;0;2;7;17;A01
201100009789;0;1;0;0;2;8;1;B02
201100009790;0;7;0;0;2;3;1;B02
201100009790;0;30;0;0;2;1;19;A01
201100009791;0;7;0;2;2;1;1;A02
201100009791;0;7;0;0;2;1;13;A01
201100009792;0;7;0;2;0;1;1;A01
201100009793;0;7;0;0;0;1;1;A01
201100009794;0;7;0;0;2;1;1;A01
201100009794;0;7;0;0;2;1;6;B02
201100009795;0;7;0;0;2;3;17;A01
201100009795;0;7;0;0;2;3;1;C03
201100009795;0;17;0;0;2;3;1;B02
201100009796;0;33;0;0;2;1;1;B02
201100009796;0;7;0;0;0;4;23;A01
201100009797;0;33;0;0;0;7;1;A01
201100009798;0;33;0;0;2;3;1;A01
201100009798;0;21;0;0;2;1;15;B02
201100009799;0;33;0;0;0;0;1;A01
201100009800;0;7;0;0;0;1;1;A01
201100009801;0;33;0;2;0;1;1;A01
201100009802;0;7;0;2;0;1;1;A01
201100009803;0;7;0;6;0;2;1;A01
201100009804;0;7;0;2;0;1;13;A01
201100009805;0;7;0;0;1;3;1;A01
201100009806;0;21;0;0;0;3;15;B02
201100009806;0;30;0;0;0;2;17;A01
201100009807;0;7;0;6;0;2;1;A01
201100009808;0;13;0;0;2;1;1;A02
201100009808;0;7;0;0;2;1;13;A01
201100009809;0;7;0;0;2;7;13;A01
201100009809;0;7;0;0;2;1;1;B02
201100009810;0;7;0;0;2;3;1;B02
201100009810;0;7;0;0;2;3;13;A01
201100009811;0;33;0;0;0;0;1;A01
201100009812;0;7;0;0;0;8;24;C03
201100009812;0;7;0;1;1;1;1;A01
201100009812;0;7;0;0;2;3;23;B02
201100009813;0;7;0;0;2;2;1;A01
201100009813;0;7;0;0;0;6;23;B02
201100009814;0;30;0;0;2;1;1;B02
201100009814;0;7;0;0;0;3;9;A01
201100009815;0;7;0;0;2;2;1;A01
201100009815;0;1;0;0;2;4;1;B02
201100009816;0;1;0;0;2;1;1;B02
201100009816;0;7;0;0;2;3;15;A01
201100009817;0;33;0;0;2;1;1;A01
201100009817;0;7;0;0;2;2;1;B02
201100009818;0;7;0;0;2;2;1;B02
201100009818;0;7;0;2;2;1;13;A01
201100009819;0;7;0;3;0;1;1;A01
201100009819;1;10;0;0;0;5;15;Z02
201100009820;0;7;0;0;2;3;15;B02
201100009820;0;2;0;0;2;3;1;A01
201100009821;0;30;0;0;1;1;1;A01
201100009822;0;7;0;0;2;1;17;A01
201100009822;0;7;0;0;2;1;1;B02
201100009823;0;7;0;2;0;9;1;A01
201100009824;0;7;0;0;0;3;1;A01
201100009825;0;2;0;0;0;2;21;A01
201100009826;0;7;0;6;0;3;1;A01
201100009827;0;7;0;0;2;3;13;A01
201100009827;0;7;0;0;2;3;1;B02
201100009827;0;7;0;0;2;1;1;C03
201100009828;0;31;0;0;2;1;13;B02
201100009828;0;7;0;0;2;3;23;A01
201100009829;0;7;0;13;0;1;17;A01
201100009830;0;7;0;0;0;1;19;A01
201100009830;0;7;0;0;2;8;1;B02
201100009831;0;38;10;0;2;3;1;A01
201100009831;0;31;0;0;2;1;1;B02
201100009832;0;7;0;0;2;1;13;A01
201100009832;0;7;0;0;2;1;1;B02
201100009833;0;7;0;0;1;1;1;A01
201100009834;0;7;0;0;2;2;19;B02
201100009834;0;2;0;0;2;1;1;A01
201100009835;0;33;0;0;0;0;1;A01
201100009836;0;7;0;13;0;2;1;A01
201100009837;0;30;0;0;2;1;17;A01
201100009837;0;7;0;0;2;6;1;B02
201100009838;0;7;0;13;0;9;1;A01
201100009839;0;7;0;0;2;1;1;A01
201100009839;0;7;0;0;2;3;15;B02
201100009840;0;7;0;8;0;2;1;A01
201100009841;0;7;0;0;2;1;1;A01
201100009841;0;7;0;0;0;4;1;B02
201100009842;0;7;0;2;0;7;13;A01
201100009843;0;7;0;0;2;1;1;B02
201100009843;0;7;0;0;2;7;1;A01
201100009844;0;2;0;0;2;1;1;B02
201100009844;0;2;0;0;2;1;1;A01
201100009845;0;7;0;0;2;1;1;B02
201100009845;0;1;0;0;2;7;1;A01
201100009846;0;33;0;0;2;1;1;B02
201100009846;0;7;0;0;2;7;15;A01
201100009847;0;7;0;2;0;3;1;A01
201100009848;0;7;0;2;0;3;1;A01
201100009849;0;7;0;0;2;5;15;A01
201100009849;0;2;0;0;2;7;1;B02
201100009850;0;1;0;0;2;7;1;A01
201100009850;0;7;0;0;2;1;15;B02
201100009851;0;10;0;13;6;1;1;A01
201100009852;0;33;0;0;2;7;13;A01
201100009852;0;10;0;0;2;7;1;B02
201100009853;0;7;0;2;0;2;14;A01
201100009854;0;7;0;16;0;9;1;A01
201100009855;0;7;0;2;0;1;1;A01
201100009856;0;33;0;0;2;1;12;B02
201100009856;0;7;0;0;2;3;1;A01
201100009857;0;34;0;3;0;3;9;A01
201100009858;0;7;0;4;0;3;21;A01
201100009859;0;7;0;0;1;2;1;A01
201100009860;0;7;0;13;0;9;1;A01
201100009861;0;31;0;0;2;1;1;A01
201100009861;0;7;0;0;2;8;15;B02
201100009862;0;36;0;6;0;1;1;A01
201100009863;0;7;0;0;2;1;1;A01
201100009863;0;7;0;0;0;4;23;B02
201100009864;0;7;0;0;2;2;15;A01
201100009864;0;7;0;0;2;2;1;B02
201100009865;0;7;0;0;2;3;1;B02
201100009865;0;7;0;0;2;3;14;A01
201100009866;0;7;0;0;0;2;16;A01
201100009866;0;33;0;0;2;3;18;B02
201100009867;0;1;0;0;2;8;15;B02
201100009867;0;7;0;0;2;1;1;A01
201100009868;0;7;0;0;1;2;1;A01
201100009869;0;7;0;0;1;2;1;A01
201100009870;0;7;0;3;2;3;9;B02
201100009870;0;7;0;3;2;1;1;A01
201100009871;0;7;0;1;0;3;1;A01
201100009871;0;7;0;0;2;8;22;B02
201100009872;0;7;0;0;1;3;1;A01
201100009873;0;7;0;0;0;3;15;B02
201100009873;0;1;0;0;2;1;16;A01
201100009874;0;7;0;15;0;9;13;A01
201100009875;0;10;0;0;1;3;1;A01
201100009876;0;7;0;0;2;3;1;A01
201100009876;0;7;0;0;2;3;1;B02
201100009877;0;33;0;0;0;1;1;A01
201100009877;0;7;0;0;0;4;23;B02
201100009878;0;31;0;14;0;1;1;A01
201100009879;0;33;0;0;0;4;1;A01
201100009879;0;7;0;0;2;1;9;B02
201100009880;0;7;0;0;6;7;21;A01
201100009881;0;7;0;0;1;3;1;A01
201100009882;0;7;0;0;2;8;13;A01
201100009882;0;7;0;0;2;1;1;B02
201100009883;0;17;0;0;2;6;15;B02
201100009883;0;31;0;0;2;1;17;A01
201100009884;0;33;0;0;2;1;1;A01
201100009884;0;38;1;0;2;3;1;B02
201100009885;0;7;0;0;1;2;0;A01
201100009886;0;7;0;0;0;7;17;A01
201100009887;0;7;0;8;0;9;1;A01
201100009888;0;30;0;0;2;7;1;A01
201100009888;0;7;0;0;2;1;15;B02
201100009889;0;33;0;13;0;9;1;A01
201100009890;0;7;0;0;0;4;2;A01
201100009890;0;7;0;0;0;1;2;B02
201100009891;0;2;0;0;2;1;1;B02
201100009891;0;7;0;0;2;2;1;A01
201100009892;0;10;0;0;2;3;1;B02
201100009892;0;7;0;0;2;3;13;A01
201100009893;0;7;0;6;0;1;13;A01
201100009894;0;7;0;0;2;8;1;B02
201100009894;0;33;0;0;2;8;1;A01
201100009895;0;33;0;6;0;2;1;A01
201100009896;0;7;0;0;2;3;1;C03
201100009896;0;7;0;0;2;3;1;A01
201100009896;0;33;0;0;2;1;1;B02
201100009897;0;7;0;8;0;1;1;A01
201100009898;0;7;0;0;1;8;1;A01
201100009899;0;7;0;6;0;1;1;A01
201100009900;0;1;0;0;2;2;1;B02
201100009900;0;7;0;0;0;3;16;A01
201100009901;0;1;0;0;2;1;6;B02
201100009901;0;7;0;0;2;3;1;A01
201100009902;0;30;0;0;2;1;1;A01
201100009902;0;7;0;0;2;4;23;B02
201100009903;0;7;0;0;1;3;1;A01
201100009904;0;33;0;12;0;1;1;A01
201100009905;0;33;0;13;0;3;1;B02
201100009905;0;33;0;13;0;1;1;A01
201100009906;0;7;0;0;2;1;15;B02
201100009906;0;33;0;0;2;1;1;A01
201100009907;0;7;0;2;0;7;21;A01
201100009908;0;7;0;2;0;3;1;A01
201100009909;0;7;0;10;2;3;1;B02
201100009909;0;7;0;2;2;2;17;A01
201100009910;0;36;0;8;0;6;14;A01
201100009911;0;7;0;0;2;3;19;A01
201100009911;0;7;0;0;2;2;1;B02
201100009911;0;7;0;0;2;8;1;C03
201100009912;0;30;0;0;0;7;14;A01
201100009913;0;7;0;6;0;1;13;A01
201100009914;0;7;0;0;2;1;1;A01
201100009914;0;7;0;0;2;2;1;B02
201100009915;0;7;0;2;0;1;14;A01
201100009916;0;7;0;0;1;4;23;A01
201100009916;0;7;0;0;2;1;1;B02
201100009917;0;33;0;0;2;1;1;B02
201100009917;0;33;0;3;0;0;21;C03
201100009917;0;7;0;0;2;3;13;A01
201100009918;0;7;0;2;0;1;5;A01
201100009919;0;7;0;2;0;2;1;A01
201100009920;0;7;0;0;2;3;1;C03
201100009920;0;7;0;0;2;3;13;A01
201100009920;0;7;0;0;2;2;1;B02
201100009921;0;7;0;16;0;1;1;A01
201100009922;0;14;0;0;2;2;21;B02
201100009922;0;7;0;0;2;8;19;A01
201100009923;0;7;0;16;0;4;1;A01
201100009924;0;10;0;15;0;1;1;A01
201100009925;0;7;0;0;4;7;9;A01
201100009925;0;39;0;0;2;1;1;B02
201100009926;0;33;0;0;6;1;1;A01
201100009927;0;7;0;16;0;2;14;A01
201100009928;0;7;0;0;2;8;1;B02
201100009928;0;7;0;0;2;8;1;C03
201100009928;1;7;0;0;2;1;1;A01
201100009929;0;2;0;0;2;3;13;A01
201100009929;0;10;0;0;2;3;0;B02
201100009930;0;7;0;0;2;1;1;B02
201100009930;0;7;0;6;2;3;1;A01
201100009931;0;7;0;0;2;3;1;B02
201100009931;0;7;0;0;2;3;13;A01
201100009932;0;7;0;2;6;1;21;A01
201100009933;0;7;0;2;0;3;13;A01
201100009934;0;31;0;6;0;3;13;A01
201100009935;0;14;0;0;0;0;0;B02
201100009935;0;33;0;10;0;2;1;A01
201100009936;0;7;0;0;2;2;13;A01
201100009936;0;7;0;0;2;1;1;B02
201100009937;0;7;0;0;0;9;1;A01
201100009938;0;7;0;0;2;2;1;B02
201100009938;0;10;0;0;2;5;19;A01
201100009938;0;17;0;8;2;1;1;C03
201100009939;0;14;0;0;2;3;1;B02
201100009939;0;7;0;0;2;3;13;A01
201100009940;0;17;0;0;2;3;1;B02
201100009940;0;7;0;0;2;1;13;A01
201100009941;0;1;0;0;2;6;2;B02
201100009941;0;7;0;0;2;2;21;A01
201100009942;0;14;0;0;2;2;1;A01
201100009942;0;7;0;0;2;8;19;B02
201100009943;0;7;0;0;2;1;2;A01
201100009943;0;7;0;0;2;5;2;B02
201100009944;0;33;0;0;5;1;1;A01
201100009945;0;2;0;0;2;3;1;A01
201100009945;0;7;0;0;2;2;16;B02
201100009946;0;7;0;0;2;7;19;B02
201100009946;0;10;0;0;2;1;1;A01
201100009947;0;14;0;;2;1;1;B01
201100009947;0;7;0;0;2;7;19;A01
201100009948;0;39;0;0;2;1;1;B02
201100009948;0;15;0;0;4;7;1;A01
201100009949;0;7;0;2;0;7;1;A01
201100009950;0;7;0;0;2;3;2;A01
201100009950;0;7;0;0;0;5;15;B02
201100009951;0;7;0;13;0;1;0;A01
201100009952;0;10;0;0;2;3;0;B02
201100009952;0;7;0;0;2;7;13;A01
201100009953;0;7;0;6;2;1;1;A01
201100009953;0;7;0;0;2;2;19;B02
201100009954;0;30;0;0;0;4;15;B02
201100009954;0;7;0;0;2;1;1;A01
201100009955;0;7;0;0;2;2;21;A01
201100009955;0;7;0;0;2;3;15;B02
201100009956;0;33;0;0;1;1;21;A01
201100009957;0;36;0;13;0;1;1;A01
201100009958;0;33;0;6;0;1;1;A01
201100009959;0;7;0;0;5;3;1;A01
201100009960;0;33;0;0;5;1;1;A01
201100009961;0;33;0;0;2;1;1;B02
201100009961;0;7;0;0;2;5;10;A01
201100009962;0;2;0;8;0;1;13;A01
201100009963;0;10;0;0;2;1;1;B02
201100009963;0;7;0;0;2;8;15;A01
201100009964;0;7;0;0;2;3;13;A01
201100009964;0;14;0;0;2;3;1;B02
201100009965;0;7;0;16;0;9;1;A01
201100009966;0;7;0;0;2;1;13;A01
201100009966;0;17;0;0;2;2;1;B02
201100009967;0;7;0;16;0;9;13;A01
201100009968;0;10;0;16;0;9;14;A01
201100009969;0;7;0;13;0;1;13;A01
201100009970;0;7;0;2;0;1;14;A01
201100009971;0;36;0;13;0;1;1;A01
201100009972;0;31;0;0;0;0;0;A01
201100009973;0;10;0;13;0;2;1;A01
201100009974;0;33;0;6;0;1;1;A01
201100009975;0;7;0;0;0;9;1;A01
201100009976;0;2;0;0;2;1;15;B02
201100009976;0;10;0;0;2;1;1;A01
201100009977;0;7;0;0;2;1;1;B02
201100009977;0;7;0;0;2;1;21;A01
201100009978;0;10;0;16;0;9;1;A01
201100009979;0;7;0;10;0;3;1;A01
201100009980;0;31;0;1;0;1;1;A01
201100009981;0;7;0;0;1;2;1;A01
201100009982;0;7;0;0;0;9;1;A01
201100009983;0;7;0;0;2;3;1;B02
201100009983;0;7;0;0;2;1;13;A01
201100009984;0;31;0;6;0;1;19;A01
201100009985;0;33;0;16;0;0;1;A01
201100009986;0;10;0;0;2;3;19;B02
201100009986;0;7;0;0;2;1;1;A01
201100009987;0;7;0;0;2;2;1;A01
201100009987;0;1;0;0;2;8;19;B02
201100009988;0;14;0;0;2;3;1;A01
201100009988;0;7;0;0;2;3;1;B02
201100009989;0;7;0;6;0;1;1;A01
201100009990;0;7;0;0;2;1;13;A01
201100009990;0;7;0;0;2;1;1;B02
201100009991;0;33;0;0;0;1;1;A01
201100009992;0;13;0;0;1;1;1;A01
201100009993;0;7;0;0;2;1;2;A01
201100009993;0;7;0;0;2;4;1;B02
201100009994;0;3;0;0;2;3;15;A01
201100009994;0;7;0;8;2;3;1;B02
201100009995;0;1;0;0;2;1;1;B02
201100009995;0;7;0;0;2;2;16;A01
201100009996;0;7;0;2;0;8;1;A01
201100009997;0;7;0;11;0;2;1;A01
201100009998;0;7;0;11;0;9;1;A01
201100009999;0;15;0;0;2;1;1;A01
201100009999;0;7;0;0;2;8;19;B02
201100010000;0;17;0;0;2;6;24;B02
201100010000;0;17;0;1;0;2;14;A01
201100010001;0;7;0;0;2;3;13;A01
201100010001;0;15;0;0;2;3;1;B02
201100010002;0;2;0;0;2;7;1;B02
201100010002;0;7;0;0;2;1;19;A01
201100010003;0;7;0;0;1;2;1;A01
201100010004;0;32;0;0;2;1;23;B02
201100010004;0;7;0;0;2;3;15;A01
201100010005;0;33;0;0;6;1;1;A01
201100010006;0;7;0;0;2;3;1;B02
201100010006;0;7;0;0;2;3;13;A01
201100010007;0;10;0;0;2;1;1;B02
201100010007;0;2;0;0;2;7;15;A01
201100010008;0;2;0;0;2;3;13;A01
201100010008;0;2;0;0;2;3;1;B02
201100010009;0;7;0;0;2;4;2;B02
201100010009;0;17;0;0;2;1;2;A01
201100010009;0;7;0;0;2;4;2;C03
201100010009;0;7;0;0;2;4;2;D04
201100010010;0;7;0;0;2;3;1;B02
201100010010;0;7;0;0;2;3;13;A01
201100010011;0;30;0;0;0;0;1;A01
201100010012;0;33;0;0;2;1;21;A01
201100010012;0;10;0;0;2;5;15;B02
201100010013;0;7;0;1;0;1;13;A01
201100010014;0;31;0;0;6;1;1;A01
201100010014;0;17;0;0;2;1;1;B02
201100010015;0;7;0;0;2;2;1;B02
201100010015;0;7;0;0;2;1;13;A01
201100010016;0;7;0;0;1;2;0;A01
201100010017;0;7;0;0;0;1;15;A01
201100010017;0;33;0;0;0;8;1;B02
201100010018;0;10;0;16;0;1;1;A01
201100010019;0;33;0;1;0;1;13;A01
201100010020;0;7;0;13;0;1;1;A01
201100010021;0;7;0;13;0;2;1;A01
201100010022;0;33;0;0;2;1;1;B02
201100010022;0;7;0;0;2;8;10;A01
201100010023;0;10;0;16;0;2;1;A01
201100010024;0;10;0;0;1;3;1;A01
201100010025;0;7;0;0;2;1;13;A01
201100010025;0;7;0;0;2;1;1;B02
201100010026;0;2;0;0;0;1;9;B02
201100010026;0;10;0;0;2;3;0;A01
201100010027;0;17;0;0;2;5;1;B02
201100010027;0;7;0;0;2;3;1;A01
201100010028;0;7;0;0;2;8;13;A01
201100010028;0;7;0;0;2;1;1;B02
201100010029;0;7;0;0;2;1;13;A01
201100010029;0;7;0;0;2;3;1;B02
201100010030;0;7;0;0;2;1;1;B02
201100010030;0;7;0;0;2;7;13;A01
201100010031;0;7;0;0;1;2;1;A01
201100010032;0;17;0;13;0;3;1;A01
201100010033;0;7;0;0;2;3;1;B02
201100010033;0;30;0;0;2;8;19;A01
201100010034;0;7;0;6;0;3;13;A01
201100010035;0;21;0;0;2;3;1;B02
201100010035;0;31;0;0;2;1;17;A01
201100010036;0;7;0;0;2;2;1;A01
201100010036;0;30;0;0;2;3;1;B02
201100010037;0;7;0;13;0;1;1;A01
201100010038;0;7;0;0;2;2;1;A01
201100010038;0;1;0;0;2;7;1;B02
201100010039;0;17;0;0;2;3;13;A01
201100010039;0;17;0;0;2;3;1;B02
201100010039;0;10;0;0;2;3;1;C03
201100010040;0;7;0;0;1;1;1;A01
201100010041;0;7;0;0;2;3;1;A01
201100010041;0;30;0;0;2;1;13;B02
201100010042;0;7;0;0;0;6;1;B02
201100010042;0;31;0;0;0;1;1;A01
201100010043;0;33;0;7;0;1;1;A01
201100010044;0;7;0;0;2;3;13;A01
201100010044;0;15;0;0;2;3;1;B02
201100010045;0;1;0;0;2;4;2;B02
201100010045;0;13;0;14;2;1;2;A01
201100010046;0;10;0;0;2;1;2;B02
201100010046;0;14;0;0;2;6;1;A01
201100010047;0;10;0;0;2;2;1;A01
201100010047;0;2;0;0;2;4;2;B02
201100010048;0;7;0;0;1;1;1;A01