num_acc;senc;catv;occutc;obs;obsm;choc;manv;num_veh
201100010049;0;15;0;0;2;2;9;A01
201100010049;0;7;0;0;2;5;1;B02
201100010050;0;7;0;0;1;1;15;A01
201100010051;0;17;0;0;2;3;13;A01
201100010051;0;7;0;0;2;1;1;B02
201100010052;0;33;0;0;2;1;1;B02
201100010052;0;33;0;0;2;1;1;A01
201100010053;0;7;0;0;2;1;1;B02
201100010053;0;7;0;0;2;7;13;A01
201100010054;0;30;0;0;2;4;1;B02
201100010054;1;7;0;0;2;0;0;A01
201100010055;0;33;0;0;2;1;1;B02
201100010055;0;7;0;0;2;3;1;A01
201100010056;0;33;0;0;0;1;0;A01
201100010057;0;7;0;6;0;2;1;A01
201100010058;0;7;0;0;2;1;1;B02
201100010058;0;7;0;0;2;6;1;C03
201100010058;0;7;0;0;0;0;15;D04
201100010058;0;7;0;0;2;1;21;A01
201100010059;0;7;0;0;2;1;13;A01
201100010059;0;7;0;0;2;1;1;B02
201100010060;0;7;0;0;0;9;0;A01
201100010061;0;7;0;0;2;1;1;A01
201100010061;0;10;0;0;2;7;19;B02
201100010062;0;7;0;13;0;1;1;A01
201100010063;0;7;0;6;0;3;1;A01
201100010064;0;7;0;0;2;7;1;A01
201100010064;0;1;0;0;2;1;19;B02
201100010065;0;7;0;2;0;8;13;A01
201100010066;0;33;0;0;2;1;1;A01
201100010066;0;7;0;0;2;6;21;B02
201100010067;0;7;0;6;0;3;1;A01
201100010068;0;7;0;0;2;3;1;A01
201100010068;0;7;0;0;2;2;19;B02
201100010068;0;7;0;0;2;6;23;C03
201100010069;0;7;0;0;2;3;16;A01
201100010069;0;2;0;0;2;1;1;B02
201100010070;0;33;0;0;2;1;1;A01
201100010070;0;7;0;0;2;4;1;B02
201100010071;0;7;0;2;0;1;15;A01
201100010072;0;7;0;0;1;2;1;A01
201100010073;0;30;0;0;1;1;1;A01
201100010074;0;7;0;3;0;2;15;A01
201100010075;0;7;0;13;0;2;14;A01
201100010076;0;30;0;12;0;1;14;A01
201100010077;0;7;0;0;2;3;19;A01
201100010077;0;1;0;0;2;2;1;B02
201100010078;0;7;0;0;2;5;15;A01
201100010078;0;7;0;0;2;3;1;B02
201100010079;0;37;18;0;1;3;1;A01
201100010080;0;7;0;13;0;3;1;A01
201100010081;0;30;0;12;0;1;1;A01
201100010082;0;7;0;0;1;2;1;A01
201100010083;0;7;0;0;1;1;1;A01
201100010084;0;7;0;0;2;1;20;A01
201100010084;0;2;0;0;2;1;1;B02
201100010085;0;33;0;0;2;5;17;A01
201100010085;0;7;0;0;2;3;17;B02
201100010086;0;7;0;13;0;2;1;A01
201100010087;0;7;0;13;0;3;1;A01
201100010088;0;7;0;6;0;3;1;A01
201100010089;0;7;0;2;0;1;1;A01
201100010090;0;10;0;0;2;3;13;A01
201100010090;0;15;0;0;2;3;1;B02
201100010091;0;14;0;0;2;1;5;A01
201100010091;0;17;0;0;2;1;1;B02
201100010092;0;7;0;0;2;2;15;A01
201100010092;0;7;0;0;2;3;1;B02
201100010093;0;10;0;13;0;1;0;A01
201100010094;0;31;0;6;0;1;1;A01
201100010095;0;7;0;0;0;6;15;A01
201100010095;0;33;0;0;2;1;17;B02
201100010096;0;10;0;0;1;1;1;A01
201100010097;0;7;0;2;0;1;13;A01
201100010098;0;7;0;0;1;2;1;A01
201100010099;0;7;0;2;0;8;21;A01
201100010100;0;10;0;0;2;1;1;B02
201100010100;0;10;0;0;2;1;5;A01
201100010101;0;10;0;0;2;1;1;B02
201100010101;0;7;0;0;2;2;13;A01
201100010102;0;7;0;2;0;1;1;A01
201100010103;0;33;0;16;0;8;14;A01
201100010104;0;7;0;0;2;4;4;A01
201100010104;0;1;0;0;2;1;1;B02
201100010105;0;7;0;13;5;9;21;A01
201100010106;0;7;0;0;1;2;1;A01
201100010107;0;7;0;0;1;1;1;A01
201100010108;0;30;0;0;2;1;1;A01
201100010108;0;7;0;0;2;3;1;B02
201100010109;0;7;0;13;0;1;14;A01
201100010110;0;7;0;0;1;1;0;A01
201100010111;0;33;0;13;0;1;1;A01
201100010112;0;17;0;0;0;1;1;A01
201100010113;0;7;0;2;0;4;1;A01
201100010114;0;33;0;9;0;1;1;A01
201100010115;0;15;0;0;2;3;13;A01
201100010115;0;17;0;0;2;3;1;B02
201100010116;0;7;0;0;2;1;13;A01
201100010116;0;10;0;0;2;8;1;B02
201100010117;0;7;0;0;1;1;1;A01
201100010118;0;37;0;0;1;2;21;A01
201100010119;0;7;0;0;2;1;17;A01
201100010119;0;7;0;0;2;1;1;B02
201100010120;0;7;0;14;0;1;1;A01
201100010121;0;7;0;13;0;3;2;A01
201100010122;0;7;0;0;2;3;1;B02
201100010122;0;2;0;0;2;3;13;A01
201100010123;0;7;0;13;0;1;13;A01
201100010124;0;7;0;0;2;6;10;A01
201100010124;0;33;0;0;2;1;1;B02
201100010125;0;7;0;0;1;1;1;A01
201100010126;0;7;0;13;0;1;1;A01
201100010127;0;7;0;2;9;1;1;A01
201100010128;0;33;0;0;2;3;1;B02
201100010128;0;7;0;0;2;2;15;A01
201100010129;0;7;0;2;0;2;1;A01
201100010130;0;7;0;0;2;5;13;A01
201100010130;0;7;0;0;2;1;1;B02
201100010131;0;7;0;0;1;1;15;A01
201100010132;0;38;0;0;2;3;1;B02
201100010132;0;7;0;0;2;8;15;A01
201100010133;0;7;0;0;2;1;1;A01
201100010133;0;7;0;0;2;8;19;B02
201100010134;0;7;0;0;2;3;13;A01
201100010134;0;7;0;0;2;3;1;B02
201100010135;0;33;0;0;2;3;2;B02
201100010135;0;7;0;0;2;7;15;A01
201100010136;0;33;0;6;0;1;1;A01
201100010137;0;7;0;0;2;2;15;A01
201100010137;0;7;0;0;2;1;1;B02
201100010138;0;7;0;0;2;1;13;A01
201100010138;0;7;0;0;2;1;15;B02
201100010139;0;7;0;0;2;3;1;B02
201100010139;0;14;0;0;2;6;13;A01
201100010140;0;36;0;0;0;8;1;A01
201100010141;0;7;0;0;1;8;15;A01
201100010142;0;7;0;2;0;2;13;A01
201100010143;0;7;0;2;0;3;1;A01
201100010144;0;7;0;0;2;3;1;B02
201100010144;0;7;0;0;0;0;0;A01
201100010145;0;30;0;0;2;1;1;B02
201100010145;0;14;0;0;2;4;1;A01
201100010146;0;1;0;0;2;1;9;A01
201100010146;0;7;0;0;2;2;1;B02
201100010147;0;7;0;0;1;1;1;A01
201100010148;0;7;0;16;0;1;2;A01
201100010149;0;33;0;0;2;2;17;A01
201100010149;0;7;0;0;2;3;15;B02
201100010150;0;7;0;0;1;3;1;A01
201100010150;0;7;0;0;2;6;0;B02
201100010151;0;7;0;0;2;7;0;A01
201100010151;0;7;0;0;2;3;1;B02
201100010152;0;7;0;13;0;3;1;A01
201100010153;0;7;0;13;0;9;1;A01
201100010154;0;1;0;0;2;2;1;B02
201100010154;0;7;0;0;2;2;15;A01
201100010155;0;2;0;8;0;1;1;A01
201100010156;0;10;0;2;0;3;1;A01
201100010157;0;7;0;13;0;1;1;A01
201100010158;0;1;0;0;2;6;2;B02
201100010158;0;7;0;0;2;2;2;A01
201100010159;0;7;0;0;2;1;1;A01
201100010159;0;7;0;0;2;1;1;B02
201100010160;0;15;0;13;0;8;1;A01
201100010161;0;10;0;0;2;1;13;A01
201100010161;0;7;0;0;2;3;21;B02
201100010162;0;10;0;0;2;1;13;A01
201100010162;0;10;0;0;2;1;1;B02
201100010163;0;7;0;2;0;3;1;A01
201100010164;0;7;0;2;0;7;13;A01
201100010165;0;7;0;16;0;2;2;A01
201100010166;0;7;0;0;2;2;20;B02
201100010166;0;7;0;0;2;2;1;A01
201100010167;0;7;0;0;2;5;1;A02
201100010167;0;2;0;0;2;1;1;B01
201100010168;0;17;0;0;2;2;1;B02
201100010168;0;7;0;0;2;2;17;A01
201100010169;0;7;0;0;2;8;1;B01
201100010169;0;7;0;0;2;1;15;A02
201100010170;0;7;0;13;0;3;1;A01
201100010171;0;17;0;0;2;3;1;B02
201100010171;0;7;0;0;2;3;13;A01
201100010172;0;7;0;2;0;1;1;A01
201100010173;0;7;0;2;0;1;13;A01
201100010174;0;7;0;0;2;3;1;A01
201100010174;0;17;0;0;2;3;1;B02
201100010175;0;7;0;2;0;8;1;A01
201100010176;0;7;0;2;0;1;1;A01
201100010177;0;14;0;0;0;0;1;A01
201100010178;0;1;0;0;0;0;1;A01
201100010178;0;7;0;0;0;0;15;B02
201100010179;0;14;0;13;0;3;13;A01
201100010180;0;10;0;0;2;3;1;B02
201100010180;0;7;0;0;0;1;13;A01
201100010181;0;7;0;6;0;1;1;A01
201100010182;0;7;0;0;2;2;1;A01
201100010182;0;7;0;0;2;4;10;B02
201100010183;0;7;0;0;2;6;1;B02
201100010183;0;7;0;16;2;3;13;A01
201100010183;0;7;0;0;2;3;1;C03
201100010184;0;33;0;0;2;1;17;A01
201100010184;0;10;0;0;2;3;15;B02
201100010185;0;7;0;0;2;5;1;A01
201100010185;0;2;0;0;2;1;1;B02
201100010186;0;7;0;2;0;1;14;A01
201100010187;0;33;0;11;0;8;1;A01
201100010188;0;7;0;0;2;8;1;A01
201100010188;0;10;0;0;9;1;1;C03
201100010188;0;10;0;0;2;3;1;B02
201100010189;0;3;0;0;1;2;1;A01
201100010190;0;30;0;0;0;0;1;A01
201100010191;0;7;0;0;2;1;13;A01
201100010191;0;7;0;0;2;1;1;B02
201100010192;0;7;0;0;0;7;21;A01
201100010192;0;7;0;0;0;1;1;B02
201100010193;0;15;0;0;0;0;1;A01
201100010193;0;15;0;0;2;2;1;C03
201100010193;0;7;0;0;9;3;1;B02
201100010193;0;7;0;0;2;3;1;D04
201100010194;0;2;0;0;2;7;1;B02
201100010194;0;7;0;0;2;5;20;A01
201100010195;0;7;0;0;1;3;17;A01
201100010196;0;7;0;0;2;7;15;A01
201100010196;0;7;0;0;2;1;15;B02
201100010196;0;2;0;0;2;3;23;C03
201100010197;0;14;0;0;2;3;1;B02
201100010197;0;7;0;0;2;3;13;A01
201100010198;0;7;0;0;2;1;1;C03
201100010198;0;33;0;0;2;1;1;A01
201100010198;0;33;0;0;2;8;1;B02
201100010199;0;17;0;0;2;8;9;A01
201100010199;0;7;0;0;2;2;21;B02
201100010200;0;30;0;0;2;1;17;A01
201100010200;0;21;0;0;2;3;15;B02
201100010201;0;7;0;2;0;1;13;A01
201100010202;0;7;0;0;2;1;13;A01
201100010202;0;7;0;0;2;7;21;C03
201100010202;0;7;0;0;2;3;1;B02
201100010203;0;7;0;0;2;3;13;A01
201100010203;0;7;0;0;2;3;1;B02
201100010204;0;30;0;0;2;0;1;A01
201100010204;0;7;0;0;2;3;1;B02
201100010205;0;10;0;0;2;3;16;A01
201100010205;0;7;0;0;2;7;1;B02
201100010206;0;7;0;0;0;7;19;A02
201100010206;0;2;0;0;2;1;1;B01
201100010207;0;10;0;0;2;3;13;A01
201100010207;0;7;0;0;2;3;1;B02
201100010207;0;13;0;0;2;3;1;C03
201100010208;0;30;0;0;2;1;1;B01
201100010208;0;7;0;0;2;8;16;A02
201100010209;0;7;0;0;2;1;17;A01
201100010209;0;7;0;0;2;1;1;B02
201100010210;0;7;0;2;0;8;1;A01
201100010211;0;7;0;0;0;0;13;A01
201100010212;0;7;0;8;0;1;1;A01
201100010213;0;14;0;1;0;1;1;A01
201100010214;0;7;0;0;2;8;9;A01
201100010214;0;7;0;0;0;2;1;B02
201100010215;0;20;0;0;2;1;1;B02
201100010215;0;7;0;0;2;3;1;A01
201100010216;0;7;0;0;2;1;0;A01
201100010216;0;7;0;0;2;1;0;B02
201100010217;0;7;0;0;0;1;1;A01
201100010218;0;10;0;0;2;5;19;A01
201100010218;0;31;0;0;2;1;1;B02
201100010219;0;17;0;0;2;6;1;B01
201100010219;0;2;0;0;2;1;16;A02
201100010220;0;7;0;0;2;5;1;A01
201100010220;0;10;0;0;2;2;1;B02
201100010221;0;31;0;0;0;8;1;A01
201100010222;0;7;0;13;0;1;1;A01
201100010223;0;7;0;0;2;8;1;B02
201100010223;0;7;0;0;2;1;1;A01
201100010224;0;10;0;2;0;0;1;A01
201100010225;0;10;0;2;0;1;13;A01
201100010226;0;7;0;13;0;1;1;A01
201100010227;0;7;0;6;0;2;0;A01
201100010228;0;7;0;8;0;4;1;A01
201100010229;0;7;0;0;0;3;16;B02
201100010229;0;2;0;0;2;1;0;A01
201100010230;0;14;0;0;2;3;15;B02
201100010230;0;33;0;0;2;2;17;A01
201100010231;0;7;0;6;0;1;13;A01
201100010232;0;7;0;2;0;1;0;A01
201100010233;0;7;0;0;1;1;1;A01
201100010234;0;7;0;0;1;1;1;A01
201100010235;0;7;0;2;0;9;1;A01
201100010236;0;7;0;0;2;3;15;A01
201100010236;0;34;0;0;2;3;1;B02
201100010237;0;7;0;0;2;3;15;A01
201100010237;0;7;0;0;2;1;1;B02
201100010238;0;7;0;2;2;4;2;C03
201100010238;0;7;0;0;2;1;17;B02
201100010238;0;7;0;0;0;0;13;A01
201100010239;0;7;0;2;0;3;17;A01
201100010240;0;7;0;0;2;3;1;B02
201100010240;0;1;0;0;2;1;13;A01
201100010241;0;7;0;2;0;2;13;A01
201100010242;0;7;0;0;0;5;1;B02
201100010242;0;1;0;0;2;1;19;A01
201100010243;0;7;0;0;0;9;1;A01
201100010244;0;7;0;8;0;1;1;A01
201100010245;0;33;0;0;0;7;15;A01
201100010246;0;21;0;0;0;9;1;A01
201100010247;0;7;0;2;6;1;0;A01
201100010248;0;7;0;6;0;8;1;A01
201100010249;0;7;0;0;2;2;1;A01
201100010249;0;7;0;0;2;3;1;B02
201100010250;0;33;0;16;0;8;1;A01
201100010251;0;7;0;0;2;2;13;A01
201100010251;0;14;0;0;2;3;1;B02
201100010252;0;7;0;13;0;9;1;A01
201100010253;0;10;0;0;2;3;1;B02
201100010253;0;7;0;0;2;3;13;A01
201100010254;0;7;0;16;0;2;2;A01
201100010255;0;7;0;0;0;5;0;A01
201100010255;0;2;0;0;2;1;2;B02
201100010256;0;7;0;6;0;1;16;A01
201100010257;0;7;0;0;0;3;13;A01
201100010258;0;7;0;0;0;9;1;A01
201100010259;0;10;0;0;2;3;20;A01
201100010259;0;2;0;0;2;1;1;B02
201100010260;0;33;0;3;0;2;1;A01
201100010261;0;7;0;0;2;8;1;B02
201100010261;0;7;0;0;2;3;1;A01
201100010262;0;7;0;2;0;5;1;A01
201100010263;0;2;0;0;0;0;15;A01
201100010264;0;7;0;6;0;1;1;A01
201100010265;0;7;0;0;2;1;13;A01
201100010265;0;7;0;0;2;1;1;B02
201100010266;0;7;0;0;2;4;2;A01
201100010266;0;7;0;0;2;4;2;B02
201100010266;0;7;0;0;2;1;2;E05
201100010266;0;7;0;0;2;1;2;D04
201100010266;0;7;0;0;2;4;2;C03
201100010267;0;7;0;2;0;1;1;A01
201100010268;0;33;0;0;2;7;17;B02
201100010268;0;7;0;0;2;3;11;A01
201100010269;0;7;0;0;2;3;1;A01
201100010269;0;7;0;0;2;2;19;B02
201100010270;0;7;0;0;6;9;1;A01
201100010271;0;33;0;0;0;1;14;A01
201100010272;0;7;0;0;0;3;15;B02
201100010272;0;15;0;0;0;3;1;A01
201100010273;0;7;0;0;2;4;2;B02
201100010273;0;33;0;0;2;1;2;A01
201100010274;0;1;0;0;2;0;1;B02
201100010274;1;7;0;0;9;7;13;A01
201100010275;0;7;0;2;0;6;0;A01
201100010276;0;7;0;13;0;1;1;A01
201100010277;0;7;0;0;0;7;15;B02
201100010277;0;31;0;0;2;2;1;A01
201100010278;0;7;0;0;0;0;1;A01
201100010279;0;10;0;13;0;3;1;A01
201100010280;0;7;0;0;5;1;1;A01
201100010281;0;30;0;0;2;1;16;A01
201100010281;0;7;0;0;2;5;1;B02
201100010282;0;7;0;2;0;1;1;A01
201100010283;0;13;0;0;0;3;1;A01
201100010284;0;7;0;2;0;1;13;A01
201100010285;0;7;0;0;0;0;0;A01
201100010285;0;17;0;0;2;1;21;B02
201100010286;0;33;0;16;0;9;17;A01
201100010287;0;7;0;0;2;5;0;B02
201100010287;0;2;0;0;2;1;20;A01
201100010288;0;10;0;0;1;4;4;A01
201100010289;0;7;0;0;2;1;13;A01
201100010289;0;7;0;0;2;3;1;B02
201100010290;0;35;0;0;0;0;0;A01
201100010291;0;7;0;0;0;9;15;A01
201100010292;0;7;0;0;0;3;1;A01
201100010293;0;7;0;2;0;2;1;A01
201100010294;0;7;0;0;2;8;1;B02
201100010294;0;7;0;0;2;1;19;A01
201100010295;0;7;0;2;0;1;0;A01
201100010296;0;10;0;14;0;0;1;A01
201100010297;0;7;0;2;0;7;1;A01
201100010298;0;7;0;0;9;1;1;A01
201100010299;0;7;0;0;1;3;1;A01
201100010300;0;15;0;0;2;6;5;A01
201100010300;0;10;0;0;2;3;5;B02
201100010301;0;33;0;0;2;3;13;A01
201100010301;0;7;0;0;2;6;1;C03
201100010301;0;7;0;0;2;6;1;B02
201100010302;0;7;0;0;0;1;1;B02
201100010302;0;7;0;0;2;1;13;A01
201100010303;0;7;0;0;0;2;1;B02
201100010303;0;7;0;0;0;3;13;A01
201100010304;0;31;0;0;0;8;15;A01
201100010305;0;7;0;0;0;0;15;B02
201100010305;0;33;0;13;0;9;1;A01
201100010306;0;7;0;0;2;7;17;A01
201100010306;0;7;0;0;2;7;23;C03
201100010307;0;2;0;0;0;0;1;A01
201100010308;0;14;0;0;2;3;1;B02
201100010308;0;7;0;0;2;3;1;A01
201100010309;0;7;0;0;2;1;2;C03
201100010309;0;7;0;0;2;3;17;A01
201100010309;0;14;0;0;2;3;1;B02
201100010310;0;7;0;0;1;2;1;A01
201100010311;0;7;0;16;2;9;17;A01
201100010312;0;14;0;0;2;5;1;A01
201100010312;0;7;0;0;2;7;19;B02
201100010313;0;7;0;13;0;3;13;A01
201100010314;0;7;0;0;2;3;15;B02
201100010314;0;7;0;0;2;3;1;A01
201100010314;0;7;0;0;2;1;23;C03
201100010315;0;10;0;0;2;2;1;B02
201100010315;0;2;0;0;2;1;5;A01
201100010316;0;7;0;0;0;2;19;A01
201100010316;0;33;0;0;0;1;1;B02
201100010317;0;7;0;8;0;1;21;A01
201100010318;0;7;0;15;0;1;1;A01
201100010319;0;7;0;10;0;3;1;A01
201100010320;0;17;0;0;2;4;1;B02
201100010320;0;7;0;0;2;1;1;A01
201100010321;0;36;0;3;0;2;1;A01
201100010322;0;33;0;0;2;1;1;B02
201100010322;0;7;0;0;2;2;11;A01
201100010323;0;21;0;12;0;3;15;A01
201100010324;0;33;0;13;0;2;1;A01
201100010325;0;7;0;0;2;1;13;A01
201100010325;0;10;0;0;2;1;1;B02
201100010326;0;7;0;0;2;5;1;A01
201100010326;0;7;0;0;2;1;1;B02
201100010327;0;7;0;0;2;1;13;A01
201100010327;0;15;0;0;2;1;13;B02
201100010328;0;32;0;0;0;8;1;A01
201100010329;0;7;0;0;0;0;0;A01
201100010330;0;7;0;0;0;9;1;A01
201100010331;0;33;0;0;6;1;1;A01
201100010332;0;10;0;0;2;2;1;B02
201100010332;0;7;0;0;2;3;19;A01
201100010333;0;7;0;13;0;1;13;B02
201100010333;0;7;0;13;0;1;2;A01
201100010334;0;7;0;0;2;1;17;A01
201100010334;0;10;0;0;2;1;1;B02
201100010335;0;17;0;0;2;2;1;B02
201100010335;0;7;0;7;2;5;19;A01
201100010336;0;10;0;0;1;1;17;A01
201100010337;0;7;0;0;1;2;1;A01
201100010338;0;30;0;0;2;8;15;B02
201100010338;0;30;0;0;2;7;17;A01
201100010339;0;17;0;0;2;3;1;B02
201100010339;0;7;0;0;2;3;13;A01
201100010340;0;7;0;13;0;3;1;A01
201100010341;0;7;0;0;6;3;19;A01
201100010342;0;7;0;3;2;7;13;A01
201100010342;0;15;0;0;2;1;5;B02
201100010343;0;21;0;0;2;6;1;B02
201100010343;0;30;0;0;2;3;13;A01
201100010344;0;7;0;13;0;1;1;A01
201100010344;0;7;0;16;0;9;1;B02
201100010345;0;7;0;13;0;1;1;A01
201100010346;0;7;0;0;2;1;1;C03
201100010346;0;7;0;0;2;1;1;B02
201100010346;0;7;0;0;2;1;1;A01
201100010347;0;30;0;10;0;8;1;A01
201100010348;0;7;0;13;0;2;1;A01
201100010349;0;33;0;0;2;1;2;A01
201100010349;0;7;0;0;0;4;2;B02
201100010350;0;7;0;0;2;3;15;A01
201100010350;0;2;0;0;2;1;1;B02
201100010351;0;99;0;2;0;1;13;A01
201100010352;0;7;0;16;0;9;13;A01
201100010353;0;10;0;0;2;2;17;A01
201100010353;0;1;0;0;0;8;1;B02
201100010354;0;33;0;13;0;1;1;A01
201100010355;0;7;0;2;0;9;1;A01
201100010356;0;7;0;0;2;1;1;A01
201100010356;0;7;0;0;2;9;23;C03
201100010356;0;7;0;0;0;4;23;B02
201100010357;0;17;0;3;0;7;14;A01
201100010358;0;10;0;0;0;6;1;B02
201100010358;0;7;0;3;2;1;2;A01
201100010359;0;7;0;13;0;1;0;A01
201100010360;0;7;0;0;2;1;2;A01
201100010360;0;32;0;0;2;4;2;B02
201100010361;0;32;0;0;2;1;17;A01
201100010361;0;7;0;0;0;8;19;B02
201100010362;0;2;0;0;2;1;1;A01
201100010362;0;10;0;0;0;4;1;B02
201100010363;0;7;0;0;2;2;19;A01
201100010363;0;2;0;0;2;1;1;B02
201100010364;0;7;0;2;0;7;13;A01
201100010365;0;2;0;0;2;1;1;A01
201100010365;0;7;0;0;2;3;15;B02
201100010366;0;7;0;0;2;1;13;A01
201100010366;0;7;0;0;2;1;1;B02
201100010367;0;33;0;10;0;1;1;A01
201100010368;0;7;0;0;2;1;16;B02
201100010368;0;7;0;8;0;7;1;A01
201100010369;0;33;0;3;0;1;1;A01
201100010370;0;1;0;0;2;4;2;B02
201100010371;0;7;0;6;1;1;13;A01
201100010372;0;7;0;0;2;1;17;A01
201100010372;0;7;0;0;2;1;1;B02
201100010372;0;7;0;0;2;1;1;C03
201100010373;0;7;0;0;0;8;15;B02
201100010373;0;33;0;0;2;2;17;A01
201100010374;0;1;0;0;0;8;2;B02
201100010374;0;7;0;0;9;2;2;A01
201100010375;0;1;0;0;2;1;5;A01
201100010375;0;7;0;0;2;1;1;B02
201100010376;0;33;0;0;2;2;1;A01
201100010376;0;7;0;0;2;3;9;B02
201100010377;0;7;0;0;9;4;20;A01
201100010377;0;1;0;0;2;7;1;B02
201100010378;0;31;0;0;0;7;0;A01
201100010379;0;7;0;0;2;4;1;B02
201100010379;0;33;0;0;2;4;1;A01
201100010380;0;7;0;0;2;3;13;A01
201100010380;0;10;0;0;2;3;1;B02
201100010381;0;33;0;0;2;2;17;A01
201100010381;0;15;0;0;2;3;15;B02
201100010382;0;7;0;6;0;2;17;A01
201100010383;0;2;0;0;2;1;1;A01
201100010383;0;7;0;0;2;4;1;B01
201100010384;0;7;0;16;0;0;13;A01
201100010385;0;31;0;0;2;8;1;B02
201100010385;0;7;0;0;2;3;11;A01
201100010386;0;7;0;0;2;1;1;A01
201100010386;0;7;0;0;2;1;1;B02
201100010387;0;7;0;0;1;3;1;A01
201100010388;0;2;0;0;9;3;0;A01
201100010389;0;7;0;0;2;8;1;A01
201100010389;0;33;0;0;2;1;19;B02
201100010390;0;7;0;4;0;6;13;A01
201100010391;0;30;0;0;2;1;1;A01
201100010391;0;7;0;0;9;3;19;B02
201100010392;0;7;0;0;2;1;3;A01
201100010392;0;7;0;0;2;1;1;B02
201100010393;0;7;0;13;0;8;1;A01
201100010394;0;7;0;0;0;9;0;A01
201100010395;0;33;0;0;6;1;1;A01
201100010396;0;7;0;0;0;1;1;A01
201100010397;0;7;0;2;0;8;1;A01
201100010398;0;7;0;0;2;3;13;A01
201100010398;0;7;0;0;2;3;0;B01
201100010399;0;30;0;13;0;1;1;A01
201100010400;0;33;0;0;2;7;1;B02
201100010400;0;7;0;0;2;1;1;A01
201100010401;0;30;0;0;2;1;1;B02
201100010401;0;30;0;0;2;4;1;A01
201100010402;0;7;0;0;2;8;9;A01
201100010402;0;2;0;0;0;1;1;B02
201100010403;0;7;0;0;2;1;1;B02
201100010403;0;7;0;0;2;1;13;A01
201100010404;0;7;0;0;1;2;21;A01
201100010405;0;13;0;0;0;1;23;B02
201100010405;0;7;0;0;0;8;0;A01
201100010406;0;7;0;0;2;1;15;B02
201100010406;0;2;0;0;2;1;1;A01
201100010407;0;7;0;0;2;1;1;A01
201100010407;0;7;0;0;2;5;1;B02
201100010408;0;7;0;0;2;2;1;B02
201100010408;0;7;0;0;2;2;13;A01
201100010409;0;33;0;0;2;2;1;B02
201100010409;0;7;0;0;2;1;1;A01
201100010410;0;1;0;0;2;1;19;A01
201100010410;0;7;0;0;2;1;1;B02
201100010411;0;7;0;0;1;7;1;A01
201100010412;0;7;0;0;2;1;1;A01
201100010412;0;7;0;0;2;1;1;B02
201100010413;0;7;0;0;0;6;10;A01
201100010413;0;33;0;0;2;0;1;B02
201100010414;0;7;0;0;2;1;1;B02
201100010414;0;1;0;0;2;4;1;A01
201100010415;0;33;0;0;2;1;0;A01
201100010415;0;2;0;0;2;1;0;B02
201100010416;0;7;0;0;2;0;19;A01
201100010416;0;7;0;0;2;6;1;B01
201100010417;0;7;0;0;2;5;13;A01
201100010417;0;7;0;0;2;2;1;B02
201100010418;0;7;0;0;2;4;2;C03
201100010418;0;7;0;0;0;4;2;D04
201100010418;0;7;0;0;2;4;2;B02
201100010418;0;7;0;0;2;1;2;A01
201100010419;0;7;0;13;0;9;1;A01
201100010420;0;17;0;0;2;5;13;A01
201100010420;0;17;0;0;2;3;1;B02
201100010421;0;7;0;0;9;1;1;A01
201100010421;0;1;0;0;2;1;2;B02
201100010422;0;7;0;0;2;1;1;A01
201100010422;0;7;0;0;2;8;19;B02
201100010423;0;33;0;3;0;2;1;A01
201100010424;0;7;0;8;0;2;1;A01
201100010425;0;7;0;0;2;3;1;A01
201100010425;0;33;0;0;2;5;1;B02
201100010426;0;7;0;0;2;3;0;A01
201100010426;0;7;0;0;0;3;0;B02
201100010427;0;7;0;0;2;3;1;A01
201100010427;0;7;0;0;2;1;1;B02
201100010428;0;7;0;0;0;5;19;A01
201100010428;0;33;0;0;2;2;1;B02
201100010429;0;7;0;0;2;1;5;A01
201100010429;0;7;0;0;2;3;1;B02
201100010430;0;7;0;0;0;1;2;A01
201100010431;0;7;0;0;2;7;13;A01
201100010431;0;10;0;0;2;1;1;B02
201100010432;0;7;0;0;2;2;1;B02
201100010432;0;7;0;0;2;6;19;A01
201100010433;0;7;0;3;0;0;23;A01
201100010433;0;7;0;0;0;1;2;B01
201100010434;0;7;0;0;1;1;15;A01
201100010434;0;1;0;0;0;0;0;B01
201100010435;0;7;0;0;2;1;13;A01
201100010435;0;7;0;0;2;1;1;B02
201100010436;0;7;0;0;2;1;1;A01
201100010436;0;7;0;0;2;1;1;B02
201100010437;0;7;0;13;0;2;1;A01
201100010438;0;10;0;0;2;3;1;B02
201100010438;0;33;0;0;2;1;13;A01
201100010439;0;7;0;0;2;3;13;A01
201100010439;0;7;0;0;2;3;1;B02
201100010440;0;7;0;0;2;2;13;B02
201100010440;0;7;0;0;2;3;15;A01
201100010441;0;10;0;0;2;2;17;A01
201100010441;0;7;0;0;2;8;15;B02
201100010442;0;14;0;0;2;2;15;B02
201100010442;0;7;0;0;2;1;1;A01
201100010443;0;7;0;0;0;4;2;B02
201100010443;0;3;0;0;2;4;2;A01
201100010444;0;7;0;0;1;2;1;A01
201100010445;0;31;0;6;0;7;1;A01
201100010446;0;33;0;16;0;7;13;A01
201100010447;0;7;0;16;0;1;1;A01
201100010448;0;30;0;0;2;7;1;A01
201100010448;0;7;0;0;2;1;1;B02
201100010449;0;7;0;13;0;1;1;B02
201100010449;0;7;0;0;0;0;15;A01