num_acc;senc;catv;occutc;obs;obsm;choc;manv;num_veh
201100010450;0;7;0;6;0;8;1;A01
201100010451;0;14;0;16;0;9;0;A01
201100010452;0;7;0;0;2;2;1;B02
201100010452;0;7;0;0;2;1;11;A01
201100010453;0;7;0;2;0;8;1;A01
201100010454;0;7;0;6;0;1;0;A01
201100010455;0;7;0;2;0;2;0;A01
201100010456;0;7;0;2;0;2;1;A01
201100010457;0;7;0;2;0;0;1;A01
201100010458;0;7;0;0;1;2;19;A01
201100010459;0;31;0;2;0;1;1;A01
201100010460;0;7;0;2;0;5;1;A01
201100010461;0;7;0;0;2;1;13;B02
201100010461;0;7;0;0;0;1;1;A01
201100010462;0;7;0;0;0;0;1;A01
201100010463;0;7;0;15;2;3;15;A01
201100010463;0;17;0;0;2;2;1;B02
201100010464;0;7;0;0;2;2;15;A01
201100010464;0;7;0;0;2;1;21;B02
201100010465;0;7;0;1;0;1;14;A01
201100010466;0;7;0;0;2;3;19;A01
201100010466;0;2;0;0;2;7;1;B02
201100010467;0;7;0;0;0;3;1;A01
201100010467;0;7;0;0;0;3;5;B02
201100010468;0;7;0;2;0;8;1;A01
201100010469;0;7;0;0;2;3;17;A01
201100010469;0;30;0;0;2;3;1;B02
201100010470;0;7;0;0;1;1;0;A01
201100010471;0;7;0;0;1;2;2;A01
201100010472;0;7;0;2;0;7;1;A01
201100010473;0;7;0;0;0;4;2;A01
201100010473;0;10;0;0;2;1;2;B02
201100010474;0;7;0;7;0;1;1;A01
201100010474;0;7;0;8;0;2;1;B02
201100010475;0;7;0;6;0;7;13;A01
201100010476;0;14;0;0;1;1;1;A01
201100010477;0;30;0;1;0;1;14;A01
201100010478;0;7;0;2;0;9;14;A01
201100010479;0;1;0;0;2;8;13;A01
201100010479;0;7;0;0;0;6;21;B02
201100010479;0;10;0;14;1;2;21;C03
201100010480;0;7;0;6;2;5;1;A01
201100010480;0;7;0;0;2;1;1;B01
201100010481;0;7;0;2;0;1;15;A01
201100010482;0;35;0;0;0;2;14;A01
201100010483;0;7;0;0;2;1;1;A03
201100010484;0;7;0;8;0;3;1;A01
201100010485;0;1;0;0;2;8;15;B02
201100010485;0;7;0;0;2;3;1;A01
201100010486;0;33;0;0;2;1;1;B02
201100010486;0;7;0;0;0;3;10;A01
201100010487;0;7;0;0;2;1;13;A01
201100010487;0;7;0;0;2;3;1;B02
201100010488;0;7;0;0;1;2;1;A01
201100010489;0;1;0;0;0;5;15;B02
201100010489;0;33;0;0;0;3;17;A01
201100010490;0;13;0;13;0;3;1;A01
201100010491;0;7;0;0;2;3;15;A01
201100010491;0;2;0;0;2;1;1;B02
201100010492;0;7;0;6;0;2;16;A01
201100010493;0;33;0;0;2;8;17;A01
201100010493;0;7;0;0;2;8;1;B02
201100010493;0;7;0;13;0;0;21;C03
201100010494;0;7;0;0;0;3;13;A01
201100010494;0;33;0;0;2;1;17;B02
201100010495;0;2;0;0;2;1;1;A01
201100010495;0;7;0;0;0;8;1;B02
201100010496;0;10;0;0;2;8;1;B02
201100010496;0;1;0;0;2;1;1;A01
201100010497;0;7;0;0;2;5;17;B02
201100010497;0;7;0;0;2;3;1;A01
201100010497;0;1;0;0;2;8;19;C03
201100010498;0;14;0;3;2;8;19;A01
201100010498;0;14;0;0;2;3;1;B02
201100010499;0;7;0;0;1;7;1;A01
201100010500;0;7;0;0;2;1;1;B02
201100010500;0;7;0;0;2;1;13;A01
201100010501;0;7;0;0;2;2;13;A01
201100010501;0;7;0;0;2;3;1;B02
201100010502;0;7;0;0;2;8;16;A01
201100010502;0;7;0;0;2;1;21;B02
201100010503;0;7;0;13;0;2;1;A01
201100010504;0;7;0;0;1;2;1;A01
201100010505;0;7;0;16;0;9;1;A01
201100010506;0;7;0;0;0;1;1;A01
201100010506;0;10;0;0;0;1;1;B02
201100010507;0;7;0;13;0;3;1;A01
201100010508;0;7;0;8;0;8;14;A01
201100010509;0;10;0;0;2;4;2;B02
201100010509;0;10;0;0;2;1;2;A01
201100010510;0;14;0;0;2;8;1;B02
201100010510;0;7;0;0;2;3;1;A01
201100010511;0;31;0;0;2;1;1;A01
201100010511;0;31;0;0;2;1;1;B02
201100010512;0;7;0;8;0;7;1;A01
201100010513;0;33;0;8;0;8;1;A01
201100010514;0;7;0;0;2;8;1;A01
201100010514;0;33;0;0;2;1;1;B02
201100010515;0;7;0;0;2;2;15;A01
201100010515;0;7;0;0;2;1;1;B02
201100010516;0;1;0;0;2;1;1;A01
201100010516;0;21;0;0;9;3;1;B02
201100010517;0;33;0;0;2;1;21;B02
201100010517;0;21;0;0;2;3;15;A01
201100010518;0;7;0;13;0;1;13;A01
201100010519;0;7;0;13;0;1;1;A01
201100010520;0;7;0;8;0;4;17;A01
201100010521;0;7;0;0;2;3;1;B02
201100010521;0;30;0;0;2;7;15;A01
201100010522;0;21;0;0;2;1;1;B02
201100010522;0;7;0;0;2;1;13;A01
201100010523;0;33;0;16;0;1;1;A01
201100010524;0;30;0;2;0;1;13;A01
201100010525;0;7;0;2;0;7;1;A01
201100010526;0;7;0;0;1;2;13;A01
201100010527;0;10;0;2;0;1;1;A01
201100010528;0;7;0;2;0;2;1;A01
201100010529;0;7;0;2;0;1;1;A01
201100010530;0;7;0;0;2;1;1;A01
201100010530;0;7;0;0;2;1;1;B02
201100010531;0;10;0;0;2;3;19;A01
201100010531;0;10;0;0;2;1;1;B02
201100010532;0;33;0;13;0;1;1;A01
201100010533;0;2;0;7;0;8;1;A01
201100010534;0;33;0;0;0;8;1;A01
201100010535;0;7;0;13;0;1;13;A01
201100010536;0;7;0;0;2;1;5;A01
201100010536;0;33;0;0;2;1;1;B02
201100010537;0;2;0;0;2;1;19;A01
201100010537;0;7;0;0;0;8;15;B02
201100010538;0;33;0;13;0;1;1;A01
201100010539;0;7;0;0;2;2;1;B02
201100010539;0;30;0;0;2;1;19;A01
201100010540;0;7;0;2;0;1;1;A01
201100010541;0;7;0;6;0;2;1;A01
201100010542;0;7;0;0;1;1;1;A01
201100010543;0;33;0;12;0;1;1;A01
201100010544;0;1;0;0;2;8;2;A01
201100010545;0;7;0;0;2;4;2;B02
201100010545;0;7;0;0;2;4;1;A01
201100010546;0;21;0;0;2;6;15;A01
201100010546;0;2;0;0;2;7;17;B02
201100010547;0;7;0;0;0;6;1;B02
201100010547;0;7;0;0;2;1;1;A01
201100010548;0;7;0;13;0;1;1;A01
201100010549;0;14;0;0;2;7;16;A01
201100010549;0;30;0;0;2;1;14;B02
201100010550;0;7;0;0;1;2;16;A01
201100010551;0;7;0;13;0;1;1;A01
201100010552;0;31;0;0;2;2;1;B02
201100010552;0;7;0;0;2;2;15;A01
201100010553;0;7;0;0;2;2;1;B02
201100010553;0;30;0;0;2;1;1;A01
201100010554;0;7;0;0;9;8;16;B02
201100010554;0;7;0;0;2;2;1;A01
201100010554;0;7;0;0;2;1;1;C03
201100010555;0;7;0;0;2;8;10;A01
201100010555;0;33;0;0;2;1;2;B02
201100010556;0;7;0;0;2;2;13;B02
201100010556;0;7;0;0;2;1;1;A01
201100010557;0;10;0;0;2;1;17;A01
201100010557;0;7;0;0;2;1;1;B02
201100010558;0;32;0;0;2;3;21;B02
201100010558;0;7;0;0;2;1;15;A01
201100010559;0;7;0;0;2;1;1;B02
201100010559;0;7;0;0;2;7;13;A01
201100010560;0;7;0;0;2;1;13;A01
201100010560;0;33;0;0;2;1;1;B02
201100010561;0;7;0;13;0;1;13;A01
201100010562;0;33;0;0;2;1;1;B02
201100010562;0;7;0;0;2;1;15;A01
201100010563;0;30;0;0;2;3;2;B02
201100010563;0;2;0;0;2;5;14;A01
201100010564;0;7;0;8;0;1;1;A01
201100010565;0;7;0;13;0;1;0;A01
201100010566;0;7;0;0;2;9;2;D04
201100010566;0;7;0;0;2;4;2;C03
201100010566;0;7;0;0;2;9;2;E05
201100010566;0;17;0;0;2;1;2;A01
201100010566;0;7;0;0;2;4;2;B02
201100010566;0;7;0;0;2;4;2;F06
201100010567;0;7;0;0;2;7;15;A01
201100010567;0;32;0;0;2;1;1;B02
201100010568;0;7;0;0;1;1;1;A01
201100010569;0;17;0;0;2;3;1;B02
201100010569;0;7;0;0;2;3;13;A01
201100010570;0;7;0;8;0;1;1;A01
201100010571;0;7;0;0;0;3;0;B02
201100010571;0;2;0;0;0;7;0;A01
201100010572;0;7;0;0;2;1;13;A01
201100010572;0;36;0;0;2;1;1;B02
201100010573;0;3;0;0;2;1;1;B02
201100010573;0;7;0;0;0;8;19;A01
201100010574;0;7;0;0;2;1;1;B02
201100010574;0;33;0;0;0;8;19;A01
201100010575;0;30;0;13;0;1;1;A01
201100010576;0;7;0;6;0;2;1;A01
201100010577;0;7;0;0;2;1;13;B02
201100010577;0;7;0;0;2;1;1;A01
201100010578;0;33;0;0;2;7;1;B02
201100010578;0;30;0;0;2;1;1;A01
201100010579;0;2;0;0;2;1;1;B02
201100010579;0;7;0;0;2;7;15;A01
201100010580;0;7;0;0;1;2;1;A01
201100010581;0;7;0;0;2;1;1;A01
201100010581;0;14;0;0;2;1;23;B02
201100010582;0;7;0;6;0;1;1;A01
201100010583;0;7;0;0;2;5;2;A01
201100010583;0;30;0;0;2;1;21;B02
201100010584;0;33;0;0;2;1;21;A01
201100010584;0;7;0;0;2;2;9;B02
201100010585;0;7;0;0;2;3;1;B02
201100010585;0;7;0;0;2;3;1;A01
201100010586;0;7;0;6;0;3;13;A01
201100010587;0;7;0;9;2;7;1;A01
201100010587;0;10;0;0;2;1;1;B02
201100010588;0;1;0;0;2;8;21;A01
201100010588;0;10;0;0;2;3;1;B02
201100010589;0;7;0;2;0;2;1;A01
201100010590;0;7;0;0;2;3;0;A01
201100010590;0;14;0;0;2;2;1;B02
201100010591;0;7;0;15;0;5;19;B02
201100010591;0;7;0;0;2;1;1;A01
201100010592;0;7;0;0;0;5;15;A01
201100010592;0;31;0;0;2;1;1;B02
201100010593;0;1;0;0;2;1;15;A01
201100010593;0;10;0;0;2;4;1;B02
201100010594;0;7;0;0;0;8;19;A01
201100010594;0;31;0;0;2;1;1;B02
201100010595;0;31;0;13;5;1;1;A01
201100010596;0;30;0;13;0;1;16;A01
201100010597;0;31;0;0;2;1;15;A01
201100010597;0;7;0;0;2;3;1;B02
201100010598;0;33;0;0;2;3;1;A01
201100010598;0;10;0;0;2;3;1;B02
201100010599;0;7;0;13;0;1;13;A01
201100010600;0;30;0;0;2;1;1;A01
201100010600;0;7;0;0;2;8;1;B02
201100010601;0;7;0;8;0;1;1;A01
201100010602;0;7;0;2;0;1;1;A01
201100010603;0;7;0;0;2;3;13;A01
201100010603;0;7;0;0;2;3;1;B02
201100010604;0;7;0;6;0;1;1;A01
201100010605;0;7;0;0;2;2;19;A01
201100010605;0;2;0;0;2;7;1;B02
201100010606;0;7;0;0;0;9;1;A01
201100010607;0;7;0;6;0;9;13;A01
201100010608;0;7;0;0;1;3;0;A01
201100010609;0;30;0;0;2;2;1;C03
201100010609;0;30;0;0;2;6;15;B02
201100010609;0;36;0;0;0;0;15;A01
201100010609;0;30;0;0;0;0;1;D04
201100010610;0;7;0;6;0;1;1;A01
201100010611;0;33;0;13;0;1;1;A01
201100010612;0;2;0;0;2;1;13;A01
201100010612;0;7;0;0;2;1;1;B02
201100010613;0;10;0;0;2;1;1;A01
201100010613;0;7;0;0;2;1;13;B02
201100010614;0;7;0;0;2;3;1;B02
201100010614;2;7;0;0;2;3;1;A01
201100010615;0;30;0;0;2;1;1;A01
201100010615;0;7;0;0;9;1;23;B02
201100010615;0;7;0;0;2;3;1;C03
201100010616;0;7;0;13;0;7;14;A01
201100010617;0;7;0;0;2;3;16;B02
201100010617;0;2;0;0;2;1;15;A01
201100010618;0;7;0;0;2;1;10;A01
201100010618;0;7;0;0;2;1;1;B02
201100010619;0;21;0;0;0;8;1;A01
201100010620;0;7;0;0;2;3;13;A01
201100010620;0;10;0;0;2;3;1;B02
201100010621;0;7;0;0;2;1;1;B02
201100010621;0;7;0;0;0;8;15;A01
201100010622;0;7;0;0;1;1;1;A01
201100010623;0;31;0;0;0;7;1;A01
201100010623;0;7;0;0;2;1;15;B02
201100010624;0;10;0;8;0;1;1;A01
201100010625;0;7;0;0;2;6;1;B02
201100010625;0;33;0;0;2;7;17;A01
201100010626;0;7;0;13;0;9;1;A01
201100010627;0;10;0;0;2;2;20;B02
201100010627;0;2;0;0;2;1;21;A01
201100010628;0;7;0;0;2;1;13;A01
201100010628;0;10;0;0;2;1;1;B02
201100010629;0;7;0;0;2;1;15;A01
201100010629;0;7;0;0;2;3;1;B02
201100010630;0;7;0;0;2;8;1;C03
201100010630;0;10;0;0;2;3;17;A01
201100010630;0;7;0;0;2;3;1;B02
201100010631;0;30;0;0;0;1;1;A01
201100010632;0;15;0;0;2;2;1;B02
201100010632;0;15;0;16;0;3;19;A01
201100010633;0;7;0;13;0;1;1;A01
201100010634;0;15;0;0;0;0;1;A01
201100010635;0;31;0;0;2;1;1;B02
201100010635;0;30;0;0;0;8;10;A01
201100010636;0;21;0;0;2;8;1;A01
201100010636;0;7;0;0;2;8;1;B02
201100010637;0;15;0;7;0;8;1;A01
201100010638;0;7;0;0;2;7;19;A01
201100010638;0;7;0;0;2;1;1;B02
201100010639;0;33;0;13;0;7;1;A01
201100010640;0;7;0;13;0;4;1;A01
201100010641;0;33;0;0;2;1;1;A01
201100010641;0;7;0;0;2;7;15;B02
201100010642;0;33;0;0;5;1;1;A01
201100010643;0;2;0;0;2;1;21;B02
201100010643;0;7;0;0;2;6;23;A01
201100010644;0;14;0;0;2;2;21;B02
201100010644;0;7;0;0;2;2;13;A01
201100010645;0;15;0;0;2;8;1;B02
201100010645;0;7;0;0;2;1;1;A01
201100010646;0;7;0;16;0;9;1;A01
201100010647;0;30;0;0;2;1;13;A01
201100010647;0;7;0;0;2;1;1;B02
201100010648;0;7;0;0;2;2;2;A01
201100010648;0;1;0;0;2;7;2;B02
201100010649;0;10;0;0;2;2;1;A01
201100010649;0;7;0;0;2;3;19;B02
201100010650;0;17;0;0;2;3;1;B02
201100010650;0;7;0;0;2;1;13;A01
201100010651;0;3;0;0;2;2;10;A01
201100010651;0;1;0;0;2;2;17;B02
201100010652;0;7;0;6;0;1;13;A01
201100010653;0;30;0;6;0;3;13;A01
201100010654;0;7;0;0;2;1;13;A01
201100010654;0;7;0;0;2;1;1;B02
201100010655;0;7;0;0;2;3;1;B02
201100010655;0;7;0;0;2;3;13;A01
201100010656;0;30;0;13;0;7;1;A01
201100010657;0;33;0;0;2;8;10;A01
201100010657;0;7;0;0;2;2;21;B02
201100010658;0;33;0;0;2;1;13;A01
201100010658;0;14;0;0;2;2;21;B02
201100010659;0;33;0;3;0;1;1;A01
201100010660;0;33;0;0;2;1;1;A01
201100010660;0;7;0;0;2;3;19;B02
201100010661;0;7;0;0;2;1;1;B02
201100010661;0;7;0;0;2;1;13;A01
201100010662;0;7;0;6;0;1;14;A01
201100010663;0;14;0;0;2;1;13;A01
201100010663;0;17;0;0;2;3;1;B02
201100010664;0;7;0;0;2;1;15;B02
201100010664;0;33;0;0;2;2;1;A01
201100010665;0;13;0;0;0;2;17;A01
201100010666;0;7;0;2;0;2;15;A01
201100010667;0;7;0;0;2;1;1;A01
201100010667;0;7;0;0;2;1;1;B02
201100010668;0;7;0;0;1;2;1;A01
201100010669;0;7;0;6;2;3;1;A01
201100010669;0;7;0;0;2;3;10;B02
201100010670;0;7;0;0;1;6;4;A01
201100010671;0;7;0;0;2;1;15;A01
201100010671;0;3;0;0;2;1;1;B02
201100010672;0;1;0;0;2;4;9;B02
201100010672;0;10;0;0;2;3;1;A01
201100010673;0;1;0;0;2;7;16;A01
201100010673;0;7;0;0;2;1;1;B02
201100010674;0;7;0;2;0;3;1;A01
201100010675;0;7;0;2;0;8;1;A01
201100010676;0;10;0;0;0;0;1;A01
201100010677;0;2;0;0;0;0;1;A01
201100010678;0;7;0;8;0;1;1;A01
201100010679;0;7;0;0;2;1;17;A01
201100010679;0;21;0;0;2;8;15;B02
201100010680;0;7;0;0;2;3;1;A01
201100010680;0;7;0;0;2;1;1;B02
201100010681;0;7;0;0;2;1;13;A01
201100010681;0;10;0;0;2;1;2;C03
201100010681;0;7;0;0;2;1;1;B02
201100010682;0;7;0;0;2;2;1;B02
201100010682;0;10;0;0;0;3;16;A01
201100010683;0;7;0;6;0;1;19;A01
201100010684;0;7;0;0;1;1;1;A01
201100010685;0;7;0;0;0;0;1;A01
201100010686;0;17;0;3;0;2;0;A01
201100010687;0;1;0;0;2;5;1;A01
201100010687;1;7;0;0;0;0;0;B01
201100010688;0;33;0;16;0;0;1;A01
201100010689;0;7;0;0;2;1;13;A01
201100010689;0;17;0;0;2;1;1;B02
201100010690;0;30;0;15;0;0;1;A01
201100010691;0;1;0;0;2;1;1;B02
201100010691;0;7;0;0;9;8;16;A01
201100010692;0;7;0;0;2;1;2;A01
201100010692;0;1;0;0;0;4;2;B02
201100010693;0;7;0;0;2;7;15;A01
201100010693;0;2;0;0;2;1;1;B02
201100010694;0;32;0;0;2;1;1;B02
201100010694;0;7;0;0;2;1;1;A01
201100010695;0;7;0;0;0;1;1;A01
201100010696;0;7;0;0;1;2;1;A01
201100010697;0;7;0;6;0;1;1;A01
201100010698;0;14;0;0;2;6;1;C03
201100010698;0;14;0;0;2;4;1;A01
201100010698;0;14;0;0;2;1;1;B02
201100010699;0;2;0;0;2;1;17;B02
201100010699;0;13;0;0;2;8;15;A01
201100010700;0;33;0;0;2;1;1;A01
201100010700;0;2;0;0;2;1;15;B02
201100010701;0;33;0;0;0;0;1;A01
201100010702;0;10;0;0;2;8;0;A01
201100010702;0;7;0;0;2;1;19;B02
201100010703;0;2;0;0;2;1;1;B02
201100010703;0;7;0;0;2;0;15;A01
201100010704;0;7;0;0;2;1;1;A01
201100010704;0;7;0;0;2;8;19;B02
201100010705;0;7;0;0;1;2;1;A01
201100010706;0;7;0;0;2;6;15;A01
201100010706;0;33;0;0;2;1;2;B02
201100010707;0;2;0;0;1;1;1;A01
201100010708;0;7;0;0;1;3;1;A01
201100010709;0;17;0;0;2;3;21;B02
201100010709;0;7;0;0;2;1;13;A01
201100010710;0;7;0;0;0;6;23;A01
201100010710;0;31;0;0;2;1;2;B02
201100010711;0;7;0;6;0;2;1;A01
201100010712;0;7;0;13;0;0;1;C03
201100010712;0;7;0;0;2;1;1;B02
201100010712;0;7;0;0;2;1;1;A01
201100010713;0;10;0;0;2;3;1;A01
201100010713;0;7;0;0;2;1;19;B02
201100010714;0;7;0;0;2;1;15;A01
201100010714;0;33;0;0;2;1;1;B01
201100010715;0;7;0;0;0;2;1;B02
201100010715;0;7;0;0;0;3;15;A01
201100010716;0;32;0;8;0;1;14;A01
201100010717;0;30;0;0;2;1;13;A01
201100010717;0;7;0;0;2;3;1;B02
201100010718;0;7;0;0;0;3;0;B02
201100010718;0;7;0;0;0;3;1;A01
201100010719;0;33;0;6;0;1;1;A01
201100010720;0;7;0;0;1;3;15;A01
201100010721;0;7;0;13;0;2;14;A01
201100010722;0;7;0;13;0;2;1;A01
201100010723;0;7;0;0;2;3;1;B02
201100010723;0;7;0;0;2;6;15;A01
201100010724;0;7;0;0;2;7;1;A01
201100010724;0;7;0;0;2;1;1;B02
201100010725;0;7;0;0;1;2;1;A01
201100010726;0;7;0;0;0;1;5;A01
201100010726;0;7;0;0;2;1;1;B02
201100010727;0;3;0;13;0;1;13;A01
201100010728;0;7;0;0;0;2;1;B02
201100010728;0;7;0;0;0;3;1;A01
201100010729;0;7;0;13;2;7;21;A01
201100010730;0;10;0;0;2;7;15;A01
201100010730;0;7;0;0;2;1;1;B02
201100010731;0;7;0;0;2;3;13;A01
201100010731;0;7;0;0;2;3;1;B02
201100010732;0;10;0;0;2;3;19;A01
201100010732;0;17;0;0;2;1;1;B02
201100010733;0;21;0;0;2;6;2;A01
201100010733;0;30;0;0;2;1;2;B02
201100010734;0;10;0;0;2;1;5;A01
201100010734;0;17;0;0;2;3;1;B02
201100010735;0;10;0;0;0;7;1;A01
201100010735;0;31;0;0;0;3;13;B02
201100010736;0;7;0;0;2;1;1;B02
201100010736;0;33;0;0;2;2;13;A01
201100010737;0;33;0;3;0;8;1;A01
201100010738;0;7;0;0;2;2;1;B02
201100010738;0;7;0;0;2;3;10;A01
201100010739;0;7;0;0;2;1;2;A01
201100010739;0;15;0;0;2;4;2;B02
201100010740;0;10;0;0;0;0;1;A01
201100010741;0;7;0;3;2;9;17;A01
201100010741;0;38;0;0;2;6;1;B02
201100010742;0;17;0;0;2;1;2;A01
201100010742;0;14;0;0;0;4;1;B02
201100010743;0;10;0;0;2;2;2;A01
201100010743;0;7;0;0;2;6;2;B02
201100010744;0;10;0;0;2;1;2;B02
201100010744;0;17;0;0;2;6;2;A01
201100010745;0;7;0;3;0;3;1;A01
201100010746;0;10;0;0;2;1;2;A01
201100010746;0;15;0;0;2;4;2;B02
201100010747;0;33;0;0;6;1;1;A01
201100010748;0;7;0;0;2;3;1;B02
201100010748;0;7;0;0;2;5;14;A01
201100010749;0;7;0;13;0;1;14;A01
201100010750;0;7;0;4;0;2;11;A01
201100010751;0;15;0;0;0;2;2;A01
201100010751;0;15;0;0;0;6;2;B02
201100010752;0;15;0;0;2;6;2;B02
201100010752;0;15;0;0;2;8;1;C03
201100010752;0;7;0;0;2;1;2;A01
201100010753;0;7;0;3;0;2;1;A01
201100010754;0;10;0;0;0;6;23;B02
201100010754;0;17;0;1;0;2;14;A01
201100010755;0;7;0;13;0;2;2;A01
201100010756;0;14;0;0;0;2;21;A01
201100010756;0;7;0;0;0;8;11;C03
201100010757;0;7;0;0;0;4;1;C03
201100010757;0;7;0;0;0;1;2;A01
201100010757;0;7;0;0;0;4;1;B02
201100010758;0;7;0;13;0;1;1;A01
201100010759;0;7;0;3;2;0;1;B02
201100010759;0;7;0;3;0;0;1;A01
201100010760;0;7;0;0;0;2;17;A01
201100010761;0;7;0;0;2;1;1;B02
201100010761;0;7;0;0;2;6;15;A01
201100010762;0;33;0;16;0;1;1;A01
201100010763;0;10;0;0;0;0;19;B01
201100010763;0;7;0;16;2;1;14;A01
201100010764;0;36;0;2;0;1;14;A01
201100010765;0;10;0;2;0;2;1;A01
201100010766;0;33;0;0;2;1;1;B02
201100010766;0;7;0;0;2;1;1;A01
201100010767;0;7;0;2;0;1;1;A01
201100010768;0;7;0;0;2;3;1;B02
201100010768;0;31;0;0;2;8;17;A01
201100010769;0;14;0;0;0;3;21;B02
201100010769;0;7;0;0;0;1;1;A01
201100010770;0;7;0;0;0;9;1;A01
201100010771;0;7;0;0;2;0;1;B02
201100010771;0;7;0;0;2;1;1;A01
201100010772;0;7;0;0;2;3;15;B02
201100010772;0;10;0;0;2;2;1;A01
201100010773;0;2;0;6;0;1;16;A01
201100010774;0;7;0;6;0;3;13;A01
201100010775;0;7;0;0;2;3;1;A01
201100010775;0;7;0;0;2;3;13;B02
201100010776;2;7;0;0;2;7;17;A01
201100010776;0;1;0;0;2;6;1;C03
201100010776;0;1;0;0;2;6;1;B02
201100010777;0;7;0;0;2;3;13;B02
201100010777;0;10;0;0;2;3;1;A01
201100010778;0;30;0;0;2;2;15;B02
201100010778;0;7;0;0;2;6;1;A01
201100010779;0;7;0;0;2;2;5;B02
201100010779;0;7;0;0;2;2;1;A01
201100010780;0;10;0;8;0;1;14;A01
201100010781;0;7;0;13;0;9;1;A01
201100010782;0;7;0;2;0;9;1;A01
201100010783;0;10;0;16;0;2;0;A01
201100010784;0;7;0;13;0;7;1;A01
201100010785;2;7;0;0;2;1;1;A01
201100010785;0;7;0;0;2;5;15;B02
201100010786;0;7;0;0;2;3;23;C03
201100010786;0;7;0;0;2;3;1;B02
201100010786;0;7;0;0;2;2;15;A01
201100010787;0;7;0;0;0;3;1;A01
201100010788;0;7;0;2;0;1;19;A01
201100010789;0;7;0;6;2;3;17;A01
201100010789;0;1;0;0;2;3;1;B02
201100010790;0;7;0;6;0;1;1;A01
201100010791;0;7;0;0;2;3;1;B02
201100010791;0;7;0;0;2;3;17;A01
201100010792;0;7;0;0;0;9;0;A01
201100010793;0;33;0;0;2;2;1;A01
201100010793;0;7;0;0;2;5;15;B02
201100010794;0;7;0;8;0;9;1;A01
201100010795;0;10;0;3;0;3;1;A01
201100010796;0;7;0;0;2;3;1;B02
201100010796;0;7;0;0;2;7;13;A01
201100010797;0;7;0;0;1;3;1;A01
201100010798;0;7;0;0;1;2;1;A01
201100010799;0;10;0;3;0;3;1;A01
201100010800;0;33;0;0;2;1;1;B02
201100010800;0;7;0;0;9;2;1;A01
201100010801;0;7;0;2;0;3;1;A01
201100010802;0;7;0;10;0;8;1;A01
201100010803;0;7;0;0;2;1;1;B02
201100010803;0;7;0;0;2;2;15;A01
201100010804;0;7;0;0;2;1;0;B02
201100010804;0;7;0;0;0;1;5;A01
201100010805;0;7;0;16;0;4;1;A01
201100010806;0;7;0;0;0;8;9;B02
201100010806;0;7;0;0;2;1;0;A01
201100010807;0;7;0;0;2;1;5;A01
201100010807;0;10;0;0;2;1;1;B02
201100010808;0;2;0;0;2;1;1;B02
201100010808;0;7;0;0;2;8;15;A01
201100010809;0;7;0;16;0;3;0;A01
201100010810;0;7;0;0;2;1;1;B02
201100010810;0;7;0;1;2;1;13;A01
201100010811;0;10;0;0;2;7;1;A01
201100010811;0;10;0;0;2;1;1;B02
201100010812;0;7;0;2;0;3;1;A01
201100010813;0;31;0;0;2;8;1;A01
201100010813;0;7;0;0;2;1;1;B02
201100010814;0;7;0;2;0;1;1;A01
201100010815;0;7;0;0;2;3;1;B02
201100010815;0;30;0;0;2;1;13;A01
201100010816;0;7;0;13;0;1;13;A01
201100010817;0;7;0;0;2;1;1;A01
201100010817;0;7;0;0;2;3;15;B02
201100010818;0;33;0;16;0;1;1;A01
201100010819;0;20;0;0;2;1;19;B02
201100010819;0;7;0;0;2;7;1;A01
201100010820;0;7;0;16;0;9;14;A01
201100010821;0;7;0;0;2;8;1;B02
201100010821;0;13;0;0;2;2;1;A01
201100010822;0;7;0;0;2;1;15;A01
201100010822;0;2;0;0;2;1;1;B02
201100010823;0;7;0;0;2;2;1;B02
201100010823;0;2;0;0;2;2;13;A01
201100010824;0;7;0;0;2;3;13;B02
201100010824;0;17;0;0;2;8;1;A01
201100010825;0;7;0;0;2;8;19;A01
201100010825;0;7;0;0;2;1;21;B02
201100010826;0;7;0;5;0;7;1;A01
201100010827;0;33;0;13;0;1;1;A01
201100010828;0;7;0;13;0;9;1;A01
201100010829;0;33;0;0;0;1;23;A01
201100010829;0;33;0;0;0;1;1;B02
201100010830;0;33;0;13;0;0;14;A01
201100010831;0;7;0;6;0;1;1;A01
201100010832;0;7;0;0;2;2;1;B01
201100010832;0;30;0;0;2;7;15;A02
201100010833;0;7;0;0;0;1;17;A01
201100010834;0;30;0;0;0;4;1;A01
201100010834;0;7;0;0;2;1;1;B02
201100010835;0;33;0;16;0;1;1;A01
201100010836;0;7;0;0;0;9;1;A01
201100010837;0;33;0;8;0;1;1;A01
201100010838;0;30;0;0;2;1;5;A01
201100010838;0;7;0;0;2;2;1;B02
201100010839;0;7;0;6;0;1;1;A01
201100010840;0;7;0;0;2;3;13;A01
201100010840;0;7;0;0;2;1;1;B02
201100010841;0;7;0;0;2;3;1;B02
201100010841;0;7;0;0;2;3;13;A01
201100010842;0;10;0;15;0;0;15;A01
201100010843;0;7;0;0;6;9;21;A01
201100010844;0;7;0;0;2;3;13;B02
201100010844;0;7;0;0;2;3;1;A01
201100010845;0;33;0;8;0;1;1;A01
201100010846;0;33;0;6;0;1;1;A01