num_acc;senc;catv;occutc;obs;obsm;choc;manv;num_veh
201100010847;0;7;0;0;2;1;1;A01
201100010847;0;7;0;0;2;7;19;B02
201100010848;0;7;0;2;0;7;1;A01
201100010849;0;17;0;0;2;3;21;B02
201100010849;0;7;0;13;2;2;19;A01
201100010850;0;7;0;0;1;4;0;A01
201100010851;0;7;0;0;0;6;11;A01
201100010851;0;30;0;0;2;1;1;B02
201100010852;0;1;0;0;0;4;0;A01
201100010853;0;1;0;0;2;8;1;B02
201100010853;0;7;0;0;2;1;15;A01
201100010854;0;2;0;0;2;8;1;B02
201100010854;0;7;0;0;2;3;15;A01
201100010855;0;33;0;0;2;1;1;A01
201100010855;0;14;0;0;2;8;19;B02
201100010856;0;30;0;0;1;1;1;A01
201100010857;0;30;0;0;0;0;1;A01
201100010858;0;7;0;0;1;3;1;A01
201100010859;0;7;0;0;2;9;19;A01
201100010859;0;7;0;0;0;8;23;B02
201100010860;0;7;0;0;2;3;13;A01
201100010860;0;7;0;0;2;3;14;B02
201100010861;0;17;0;3;0;2;1;A01
201100010862;0;7;0;0;1;1;1;A01
201100010863;0;7;0;0;2;9;1;B02
201100010863;0;7;0;0;2;6;15;A01
201100010864;0;7;0;0;2;3;23;B02
201100010864;0;2;0;1;0;8;1;A01
201100010865;1;7;0;0;1;1;1;A01
201100010866;0;7;0;0;1;7;20;A01
201100010867;0;7;0;0;1;1;15;A01
201100010868;0;7;0;0;2;8;1;A01
201100010869;0;7;0;0;2;2;19;A01
201100010869;0;7;0;0;2;1;1;B02
201100010870;0;7;0;2;0;7;13;A01
201100010871;0;7;0;13;0;2;1;A01
201100010872;0;2;0;0;0;0;1;A01
201100010873;0;7;0;0;2;3;1;B02
201100010873;0;38;32;8;2;2;1;A01
201100010874;0;2;0;0;0;0;16;A01
201100010875;0;7;0;6;0;1;1;A01
201100010876;0;7;0;0;2;1;17;A01
201100010876;0;7;0;0;2;3;1;B02
201100010876;0;10;0;0;2;1;1;C03
201100010877;0;7;0;6;0;1;1;A01
201100010878;0;7;0;13;2;3;1;B02
201100010878;0;33;0;0;2;1;1;C03
201100010878;0;33;0;0;2;1;13;A01
201100010879;0;7;0;2;0;8;14;A01
201100010880;0;7;0;13;0;1;17;A01
201100010881;0;15;0;2;0;1;1;A01
201100010882;0;7;0;0;2;3;19;A01
201100010882;0;33;0;0;2;1;1;B02
201100010883;0;30;0;0;2;1;23;B02
201100010883;0;7;0;0;2;3;11;A01
201100010884;0;3;0;2;0;8;1;A01
201100010885;0;7;0;0;2;8;15;A01
201100010885;0;7;0;0;2;2;2;B02
201100010886;0;10;0;2;0;3;1;A01
201100010887;0;7;0;0;1;3;1;A01
201100010888;0;7;0;8;0;3;1;A01
201100010889;0;2;0;0;9;2;1;B02
201100010889;0;21;0;0;2;7;10;A01
201100010890;0;7;0;0;2;3;1;B02
201100010890;0;7;0;0;2;3;5;A01
201100010891;0;7;0;0;2;1;13;B02
201100010891;0;7;0;0;2;7;15;A01
201100010892;0;7;0;0;2;7;1;A01
201100010892;0;10;0;0;2;1;1;B02
201100010893;0;14;0;16;0;3;1;A01
201100010894;0;30;0;0;0;4;2;B02
201100010894;0;7;0;0;2;1;2;A01
201100010895;0;21;0;16;0;0;1;A01
201100010896;0;7;0;0;2;1;1;B02
201100010896;0;7;0;0;2;1;1;A01
201100010897;0;7;0;0;2;3;1;B02
201100010897;0;33;0;0;2;1;5;A01
201100010898;0;30;0;16;2;4;1;A01
201100010899;0;33;0;0;0;9;1;A01
201100010900;0;7;0;0;1;3;1;A01
201100010901;0;7;0;0;2;7;15;B02
201100010901;0;7;0;0;2;1;1;A01
201100010902;0;30;0;12;0;1;1;A01
201100010903;0;1;0;0;2;9;0;A01
201100010903;0;1;0;0;2;1;0;B02
201100010904;0;7;0;0;2;1;1;B02
201100010904;0;2;0;0;2;1;13;A01
201100010905;0;7;0;2;0;8;13;A01
201100010906;0;7;0;16;0;9;1;A01
201100010907;0;7;0;13;0;9;1;A01
201100010908;0;7;0;0;1;6;4;A01
201100010909;0;7;0;6;0;1;1;A01
201100010910;0;7;0;2;0;2;0;A01
201100010911;0;14;0;0;2;3;1;B02
201100010911;0;7;0;0;2;3;13;A01
201100010912;0;10;0;0;2;1;1;B02
201100010912;0;7;0;0;2;1;17;A01
201100010913;0;14;0;0;2;3;1;B02
201100010913;0;7;0;0;2;1;13;A01
201100010914;0;7;0;1;0;1;2;A01
201100010915;0;2;0;8;0;1;1;A01
201100010916;0;31;0;0;0;1;1;A01
201100010917;0;7;0;0;0;9;1;A01
201100010918;0;7;0;0;1;3;13;A01
201100010919;0;1;0;0;2;1;1;B02
201100010919;0;7;0;0;2;5;4;A01
201100010920;0;7;0;0;0;9;1;A01
201100010921;0;36;0;13;0;1;1;A01
201100010922;0;7;0;0;2;3;1;B02
201100010922;0;7;0;0;2;3;5;A01
201100010922;0;7;0;0;2;3;1;C03
201100010923;0;7;0;0;2;1;1;A01
201100010923;0;7;0;0;2;8;15;B02
201100010924;0;7;0;3;0;1;1;A01
201100010925;0;7;0;2;0;7;1;A01
201100010926;0;15;0;0;2;1;1;B02
201100010926;0;7;0;0;2;3;13;A01
201100010927;0;7;0;8;0;8;1;A01
201100010928;0;7;0;3;0;1;1;A01
201100010929;0;30;0;0;0;0;1;A01
201100010930;0;30;0;0;0;1;1;A01
201100010931;0;14;0;0;0;1;1;A01
201100010932;0;10;0;0;0;9;1;A01
201100010933;0;7;0;6;0;1;13;A01
201100010934;0;7;0;0;0;1;10;A01
201100010935;0;7;0;16;0;2;1;A01
201100010936;0;7;0;0;2;1;1;B02
201100010936;0;7;0;0;2;1;1;A01
201100010937;0;7;0;6;0;8;14;A01
201100010938;0;33;0;0;2;1;1;B02
201100010938;0;7;0;0;2;2;17;A01
201100010939;0;1;0;0;2;0;2;B02
201100010939;2;14;0;0;0;0;0;A01
201100010940;0;33;0;0;2;2;21;C03
201100010940;0;20;0;0;2;2;13;B02
201100010940;0;7;0;0;2;6;23;A01
201100010941;0;7;0;0;2;1;15;A01
201100010941;0;7;0;0;2;3;0;B02
201100010942;0;7;0;0;9;0;0;B02
201100010943;0;7;0;0;2;3;1;A01
201100010943;0;7;0;0;2;8;19;B02
201100010944;0;7;0;0;0;9;1;A01
201100010945;0;1;0;0;2;4;1;B02
201100010945;0;7;0;0;9;2;17;A01
201100010946;0;7;0;0;2;1;1;A01
201100010946;0;7;0;13;2;7;13;B02
201100010947;0;33;0;13;0;8;1;A01
201100010948;0;7;0;0;2;0;1;B02
201100010948;0;7;0;0;2;2;13;A01
201100010949;0;7;0;2;0;1;1;A01
201100010950;0;7;0;0;1;2;1;A01
201100010951;0;33;0;0;2;1;13;A01
201100010951;0;7;0;0;2;8;1;B02
201100010952;0;10;0;2;0;3;1;A01
201100010953;0;30;0;0;1;1;1;A01
201100010954;0;7;0;2;2;3;1;A01
201100010955;0;35;0;0;0;9;1;A01
201100010956;0;14;0;16;0;9;13;A01
201100010957;0;33;0;3;0;1;1;A01
201100010958;0;21;0;0;2;3;1;B02
201100010958;0;7;0;0;2;3;16;A01
201100010959;0;7;0;1;0;3;1;A01
201100010959;0;7;0;0;2;4;23;C03
201100010959;0;7;0;0;2;4;13;B02
201100010959;0;7;0;0;2;1;23;D04
201100010960;0;1;0;12;0;8;13;A01
201100010961;0;33;0;0;2;1;17;A01
201100010961;0;21;0;0;2;3;15;B02
201100010962;0;33;0;16;0;7;1;A01
201100010963;0;7;0;2;0;1;14;A01
201100010964;0;7;0;0;2;3;13;A01
201100010964;0;7;0;0;2;3;1;B02
201100010965;0;7;0;0;1;2;1;A01
201100010966;0;7;0;13;0;9;1;A01
201100010967;0;7;0;0;2;2;13;A01
201100010967;0;7;0;0;2;3;1;B02
201100010968;0;7;0;6;0;3;19;A01
201100010969;0;7;0;0;2;2;15;A01
201100010969;0;7;0;0;2;1;1;B02
201100010970;1;7;0;0;1;2;14;A01
201100010971;0;7;0;0;1;2;14;A01
201100010972;0;7;0;0;2;3;15;A01
201100010972;0;33;0;0;2;1;1;B02
201100010973;0;7;0;2;0;1;1;A01
201100010974;0;33;0;0;0;7;2;A01
201100010975;0;7;0;0;2;1;1;A01
201100010975;0;34;0;0;0;4;23;C03
201100010975;0;7;0;0;2;1;23;B02
201100010976;0;7;0;0;2;8;21;B02
201100010976;0;31;0;0;2;3;13;A01
201100010977;0;7;0;0;2;7;1;A01
201100010977;0;33;0;0;2;1;1;B02
201100010978;0;7;0;0;1;7;17;A01
201100010979;0;7;0;13;0;3;1;A01
201100010980;0;30;0;12;0;8;15;A01
201100010981;0;10;0;0;2;1;13;A01
201100010981;0;37;20;0;2;1;1;B02
201100010982;0;7;0;0;0;0;0;A01
201100010983;0;7;0;0;2;1;13;A01
201100010983;0;33;0;0;2;1;1;B02
201100010984;0;7;0;0;2;3;15;A01
201100010984;0;33;0;0;2;3;1;B02
201100010985;0;7;0;2;0;1;1;A01
201100010986;0;7;0;0;2;2;23;C03
201100010986;0;7;0;0;2;1;1;B02
201100010986;0;7;0;0;2;1;13;A01
201100010987;0;7;0;0;2;1;1;B02
201100010987;0;7;0;0;2;1;13;A01
201100010988;0;30;0;7;0;1;1;A01
201100010989;0;33;0;2;0;8;1;A01
201100010990;0;7;0;2;0;8;1;A01
201100010991;0;30;0;0;1;3;1;A01
201100010992;0;1;0;0;0;7;17;A01
201100010993;0;33;0;2;0;1;14;A01
201100010994;0;33;0;13;0;1;1;A01
201100010995;0;33;0;16;0;2;14;A01
201100010996;0;10;0;0;2;2;1;B02
201100010996;0;33;0;0;2;1;13;A01
201100010997;0;7;0;0;2;1;1;A01
201100010997;0;7;0;0;2;3;1;B02
201100010998;0;7;0;2;0;8;1;A01
201100010999;0;33;0;0;2;1;13;A01
201100010999;0;17;0;0;2;8;21;B02
201100011000;0;7;0;13;0;1;1;A01
201100011001;0;7;0;13;0;1;1;A01
201100011002;0;38;2;0;1;8;9;A01
201100011003;0;7;0;0;2;1;23;C03
201100011003;0;33;0;0;2;1;1;A01
201100011003;0;7;0;0;2;5;15;B02
201100011004;0;7;0;0;2;2;15;B02
201100011004;0;7;0;0;2;1;1;A01
201100011005;0;15;0;0;2;7;1;A01
201100011005;0;1;0;0;2;1;13;B02
201100011006;0;7;0;13;0;2;13;A01
201100011007;0;7;0;0;2;3;13;A01
201100011007;0;7;0;0;2;1;1;B02
201100011008;0;7;0;0;2;3;1;A01
201100011008;0;7;0;0;2;3;17;B02
201100011008;0;15;0;0;2;8;1;C03
201100011009;0;7;0;0;2;1;1;A01
201100011009;0;7;0;0;2;8;1;B02
201100011010;0;7;0;0;2;1;1;B02
201100011010;0;7;0;0;2;2;13;A01
201100011011;0;7;0;0;2;8;1;B02
201100011011;0;33;0;0;2;1;1;C03
201100011011;0;7;0;0;2;5;15;A01
201100011012;0;32;0;0;2;1;17;A01
201100011012;0;3;0;0;2;8;15;B02
201100011013;0;7;0;0;2;3;13;A01
201100011013;0;7;0;0;2;3;1;B02
201100011014;0;7;0;0;2;1;5;A01
201100011014;0;7;0;0;2;1;1;B02
201100011015;0;7;0;13;0;1;0;A01
201100011016;0;33;0;0;2;1;0;B02
201100011016;0;7;0;0;2;5;15;A01
201100011017;0;7;0;0;2;1;1;A01
201100011017;0;7;0;0;2;4;1;B02
201100011018;0;2;0;0;2;1;0;B02
201100011018;0;1;0;0;2;1;0;A01
201100011019;0;10;0;0;2;7;1;B02
201100011019;0;30;0;0;2;8;13;A01
201100011020;0;7;0;0;2;1;1;B02
201100011020;0;7;0;0;2;8;13;A01
201100011021;0;7;0;0;0;9;1;A01
201100011022;0;14;0;0;2;3;1;B02
201100011022;0;7;0;0;2;8;1;C03
201100011022;0;7;0;0;2;3;13;A01
201100011023;0;7;0;0;2;6;19;A01
201100011023;0;33;0;0;2;1;1;B02
201100011024;0;7;0;0;1;2;21;A01
201100011025;0;7;0;0;2;3;15;B02
201100011025;0;14;0;0;2;3;1;A01
201100011026;0;7;0;2;0;1;13;A01
201100011027;0;7;0;0;1;3;1;A01
201100011028;0;7;0;0;2;1;1;B02
201100011028;0;10;0;0;2;7;15;A01
201100011029;0;7;0;13;0;9;14;A01
201100011030;0;7;0;6;0;8;14;A01
201100011031;0;7;0;0;2;2;1;B02
201100011031;0;7;0;2;2;2;1;A01
201100011032;0;7;0;3;2;7;1;A01
201100011032;0;7;0;0;0;2;1;B02
201100011033;0;7;0;0;2;2;19;A01
201100011033;0;7;0;0;2;1;1;B02
201100011034;0;38;11;0;2;1;1;B02
201100011034;0;7;0;0;2;1;13;A01
201100011035;0;7;0;0;0;1;5;A01
201100011036;0;7;0;13;0;2;1;A01
201100011036;0;7;0;0;0;0;1;B02
201100011037;0;7;0;0;0;7;1;A01
201100011038;0;33;0;0;2;1;1;A01
201100011038;0;7;0;0;2;3;15;B02
201100011039;0;7;0;16;0;7;11;A01
201100011039;0;7;0;0;2;1;1;B02
201100011040;0;7;0;2;0;8;2;A01
201100011041;0;7;0;8;0;9;15;A01
201100011042;0;7;0;2;0;3;1;A01
201100011043;0;33;0;0;0;1;1;A01
201100011044;0;15;0;0;0;2;13;A01
201100011044;0;7;0;0;2;3;1;C03
201100011044;0;17;0;0;2;7;21;B02
201100011045;0;7;0;0;2;3;1;A01
201100011045;0;21;0;0;0;6;19;B02
201100011046;0;36;0;0;0;1;1;A01
201100011047;0;7;0;0;2;1;13;A01
201100011047;0;14;0;0;2;1;1;B02
201100011048;0;7;0;13;0;1;14;A01
201100011049;0;3;0;6;0;1;1;A01
201100011050;0;7;0;0;1;8;1;A01
201100011051;0;7;0;13;0;1;1;A01
201100011052;0;10;0;0;2;8;1;B02
201100011052;0;33;0;0;2;8;21;A01
201100011053;0;31;0;0;2;7;1;B02
201100011053;0;7;0;0;0;7;15;A01
201100011054;0;7;0;13;0;1;19;A01
201100011055;0;7;0;0;9;2;1;A01
201100011055;0;1;0;0;2;1;1;B02
201100011056;0;33;0;13;0;1;1;A01
201100011057;0;1;0;7;0;1;1;A01
201100011058;0;7;0;0;2;3;13;A01
201100011058;0;7;0;0;2;3;1;B02
201100011059;0;7;0;0;0;3;0;B02
201100011059;0;7;0;0;0;1;13;A01
201100011060;0;7;0;15;0;1;1;A01
201100011061;0;37;11;0;2;1;0;B02
201100011061;0;7;0;0;2;8;9;A01
201100011062;0;7;0;0;2;8;13;A01
201100011062;0;7;0;0;2;1;0;B02
201100011063;0;10;0;0;2;1;1;B02
201100011063;0;2;0;0;2;1;13;A01
201100011064;0;7;0;0;1;3;1;A01
201100011065;0;7;0;13;0;1;1;A01
201100011066;0;7;0;0;1;2;1;A01
201100011067;0;17;0;0;2;3;1;B02
201100011067;0;7;0;0;2;1;1;C03
201100011067;0;7;0;0;2;1;1;D04
201100011067;0;7;0;0;2;1;17;A01
201100011068;0;7;0;0;2;1;1;C03
201100011068;0;7;0;0;2;3;13;A01
201100011068;0;7;0;0;2;3;1;B02
201100011069;0;7;0;0;1;2;1;A01
201100011070;0;7;0;0;2;8;17;A01
201100011070;0;13;0;0;2;3;1;B02
201100011071;0;7;0;0;0;1;1;A01
201100011072;0;7;0;0;2;1;0;B01
201100011072;0;7;0;0;2;1;11;A01
201100011073;0;33;0;0;2;1;17;B01
201100011073;0;10;0;0;2;3;15;A01
201100011074;0;7;0;0;1;7;1;A01
201100011075;0;7;0;1;0;1;1;A01
201100011076;0;7;0;2;0;1;13;A01
201100011076;0;7;0;0;0;3;15;B01
201100011077;0;7;0;0;0;0;20;A01
201100011077;0;30;0;0;0;0;21;B01
201100011078;0;7;0;0;1;2;1;A01
201100011079;0;7;0;0;0;3;0;A01
201100011079;0;33;0;0;2;1;1;B01
201100011080;0;2;0;0;2;1;2;A01
201100011080;0;7;0;0;0;6;2;B01
201100011081;0;7;0;0;2;2;9;A01
201100011081;0;2;0;0;2;3;1;B01
201100011082;0;7;0;15;;8;2;A01
201100011083;0;7;0;13;0;3;13;A01
201100011084;0;7;0;0;2;6;1;C03
201100011084;0;7;0;0;2;3;13;A01
201100011084;0;7;0;0;2;3;1;B02
201100011085;0;7;0;11;0;1;17;A01
201100011086;0;7;0;0;2;2;1;A01
201100011086;0;2;0;0;2;1;13;B02
201100011087;0;1;0;0;2;1;1;B02
201100011087;0;7;0;0;2;1;1;A01
201100011088;0;7;0;0;2;7;15;B02
201100011088;0;30;0;0;2;1;1;A01
201100011089;0;7;0;0;2;1;2;A01
201100011089;0;3;0;0;0;4;2;B02
201100011090;0;7;0;2;0;8;1;A01
201100011091;0;7;0;2;0;7;13;A01
201100011092;0;7;0;8;0;2;1;A01
201100011093;0;7;0;0;2;6;15;B02
201100011093;0;33;0;0;2;1;17;A01
201100011094;0;33;0;0;2;1;1;B02
201100011094;0;7;0;0;2;7;15;A01
201100011095;0;7;0;0;1;2;1;A01
201100011096;0;33;0;0;2;2;17;A01
201100011096;0;7;0;0;2;8;15;B02
201100011097;0;7;0;0;2;1;1;B02
201100011097;0;7;0;0;2;2;15;A01
201100011098;0;30;0;0;2;1;1;B02
201100011098;0;7;0;0;2;1;19;A01
201100011099;0;7;0;13;0;6;1;A01
201100011100;0;7;0;0;2;1;1;A01
201100011100;0;1;0;0;0;4;1;B02
201100011101;0;7;0;13;0;1;14;A01
201100011102;0;7;0;2;0;3;1;A01
201100011103;0;7;0;0;1;3;1;A01
201100011104;0;7;0;0;1;2;1;A01
201100011105;0;7;0;0;2;3;13;A01
201100011105;0;7;0;0;2;3;1;B02
201100011106;0;30;0;0;2;8;13;A01
201100011106;0;21;0;0;2;8;1;B02
201100011107;0;7;0;15;0;9;1;A01
201100011108;0;99;0;0;2;3;0;C03
201100011108;0;7;0;0;2;3;1;A01
201100011108;0;7;0;0;2;8;1;B02
201100011109;0;7;0;0;2;8;21;B02
201100011109;0;7;0;0;2;3;13;A01
201100011109;0;7;0;0;2;1;2;C03
201100011110;0;7;0;0;0;1;1;A01
201100011111;0;33;0;0;2;1;1;B02
201100011111;0;10;0;0;2;3;1;A01
201100011112;0;7;0;0;0;0;1;A01
201100011113;0;17;0;0;0;0;1;A01
201100011113;0;7;0;2;0;8;1;D04
201100011113;0;7;0;13;0;2;1;C03
201100011114;0;7;0;0;2;3;1;C03
201100011114;0;7;0;0;2;3;17;A01
201100011114;0;15;0;0;2;3;1;B02
201100011115;0;31;0;0;2;1;19;A01
201100011115;0;7;0;0;0;3;1;B02
201100011116;0;7;0;0;2;7;19;B02
201100011116;0;7;0;0;2;1;1;A01
201100011117;0;7;0;15;0;1;1;A01
201100011118;0;7;0;0;1;2;13;A01
201100011119;0;17;0;0;2;1;1;A01
201100011119;0;17;0;0;2;4;1;B02
201100011120;0;14;0;0;2;2;1;B02
201100011120;0;2;0;0;2;1;13;A01
201100011121;0;1;0;0;1;1;1;A01
201100011122;0;7;0;0;2;3;21;B02
201100011122;0;2;0;0;2;3;13;A01
201100011123;0;7;0;2;0;1;13;A01
201100011124;0;10;0;0;0;8;1;C03
201100011124;0;10;0;0;2;3;13;A01
201100011124;0;17;0;0;0;3;1;B02
201100011125;0;10;0;0;2;7;17;A01
201100011125;0;2;0;0;2;8;1;B02
201100011126;0;7;0;2;0;1;1;A01
201100011127;0;7;0;0;2;3;1;B02
201100011127;0;31;0;0;2;3;13;A01
201100011128;0;33;0;0;2;1;1;B02
201100011128;0;7;0;0;0;1;10;A01
201100011129;0;7;0;0;1;2;1;A01
201100011130;0;7;0;0;2;3;13;A01
201100011130;0;15;0;0;2;3;1;B02
201100011131;0;7;0;0;2;1;1;B02
201100011131;0;7;0;0;2;2;15;A01
201100011132;0;7;0;3;0;9;1;A01
201100011133;0;10;0;0;1;1;1;A01
201100011134;0;7;0;0;2;2;17;B02
201100011134;0;2;0;0;2;8;15;A01
201100011135;0;10;0;0;2;3;12;A01
201100011135;0;17;0;0;2;8;1;B02
201100011136;0;7;0;0;2;2;2;A01
201100011136;0;30;0;0;0;4;0;B02
201100011137;0;7;0;0;2;8;15;A01
201100011137;0;31;0;0;2;1;1;B02
201100011138;0;36;0;8;0;2;15;A01
201100011139;0;10;0;0;1;3;1;A01
201100011140;0;33;0;0;6;3;1;A01
201100011141;0;7;0;0;2;2;1;B02
201100011141;0;7;0;0;2;3;15;A01
201100011142;0;3;0;2;0;1;1;A01
201100011143;0;7;0;0;2;1;15;B02
201100011143;0;17;0;0;2;2;1;A01
201100011144;0;33;0;0;2;1;1;B02
201100011144;0;7;0;0;2;5;15;A01
201100011145;0;7;0;0;2;3;15;A01
201100011145;0;30;0;0;2;1;1;B02
201100011146;0;33;0;0;2;1;19;B02
201100011146;0;7;0;0;2;2;1;A01
201100011147;0;10;0;0;2;8;15;B02
201100011147;0;33;0;0;2;7;2;A01
201100011148;0;33;0;0;2;1;17;A01
201100011148;0;15;0;0;2;3;1;B02
201100011149;0;7;0;0;6;1;21;A01
201100011150;0;2;0;0;2;3;15;B02
201100011150;0;7;0;0;2;2;17;A01
201100011151;0;7;0;0;1;1;1;A01
201100011152;0;7;0;6;0;3;1;A01
201100011153;0;7;0;15;0;3;1;A01
201100011154;0;33;0;0;2;7;0;A01
201100011155;0;33;0;0;2;1;1;B02
201100011155;0;7;0;0;2;1;15;A01
201100011156;0;33;0;0;6;1;1;A01
201100011157;0;31;0;0;2;3;13;A01
201100011157;0;7;0;0;2;3;1;B02
201100011158;0;7;0;13;0;1;0;A01
201100011159;0;7;0;0;2;1;1;B02
201100011159;0;7;0;0;2;8;13;A01
201100011160;0;7;0;0;0;0;1;A01
201100011161;0;7;0;0;1;2;1;A01
201100011162;0;7;0;0;2;7;13;A01
201100011162;0;7;0;0;2;1;1;B02
201100011163;0;33;0;2;0;9;14;A01
201100011164;0;7;0;2;0;7;1;A01
201100011165;0;33;0;0;2;1;1;B02
201100011165;0;7;0;0;2;7;15;A01
201100011166;0;2;0;0;2;1;1;B02
201100011166;0;7;0;0;2;7;19;A01
201100011167;0;7;0;0;2;2;14;A01
201100011167;0;7;0;0;2;6;1;B02
201100011168;0;1;0;0;1;1;1;A01
201100011169;2;7;0;6;0;3;1;A01
201100011170;0;7;0;0;2;6;2;B02
201100011170;0;7;0;0;2;1;1;C03
201100011170;0;31;0;0;2;0;2;A01
201100011171;0;33;0;3;0;8;1;A01
201100011172;0;7;0;0;1;2;0;A01
201100011173;0;7;0;0;1;2;1;A01
201100011174;0;7;0;0;2;3;13;A01
201100011174;0;7;0;0;2;1;1;B02
201100011175;0;33;0;0;2;1;1;A01
201100011175;0;7;0;0;2;6;15;B01
201100011176;0;7;0;0;0;6;1;B01
201100011176;0;33;0;0;2;3;13;A01
201100011177;1;30;0;0;0;0;0;X01
201100011178;0;14;0;0;1;7;1;A01
201100011179;0;33;0;0;2;2;17;A01
201100011179;0;7;0;0;2;3;15;B01
201100011180;0;33;0;0;1;1;1;A01
201100011181;0;7;0;0;2;8;20;A01
201100011181;0;30;0;0;2;2;2;B01
201100011182;0;10;0;0;2;3;1;B02
201100011182;0;7;0;0;2;8;13;A01
201100011183;0;7;0;0;1;2;1;A01
201100011184;0;7;0;0;2;3;1;B02
201100011184;0;31;0;0;2;1;13;A01
201100011185;0;33;0;7;0;1;1;A01
201100011186;0;7;0;2;0;1;1;A01
201100011187;0;7;0;0;0;5;24;B02
201100011187;0;30;0;1;0;1;1;A01
201100011188;0;10;0;0;2;3;13;A01
201100011188;0;1;0;0;0;4;13;B02
201100011189;0;7;0;2;0;1;14;A01
201100011190;0;7;0;0;2;3;1;A01
201100011190;0;14;0;0;2;3;1;B02
201100011191;0;2;0;16;0;1;1;A01
201100011192;0;30;0;0;0;0;0;A01
201100011193;0;30;0;0;0;3;1;B02
201100011193;0;7;0;0;0;3;1;A01
201100011194;0;7;0;0;0;2;0;A01
201100011195;0;7;0;13;0;1;1;A01
201100011196;0;30;0;12;0;0;1;A01
201100011197;0;7;0;0;2;3;13;A01
201100011197;0;7;0;0;2;5;1;B02
201100011198;0;7;0;16;0;0;1;A01
201100011199;0;30;0;0;0;0;0;A01
201100011199;0;7;0;0;0;3;0;B02
201100011200;0;7;0;0;2;7;13;A01
201100011200;0;7;0;0;2;1;1;B02
201100011201;0;20;0;0;2;3;1;B02
201100011201;0;7;0;0;2;3;13;A01
201100011202;0;7;0;0;2;7;21;C03
201100011202;0;7;0;0;2;8;1;D04
201100011202;0;17;0;0;2;3;21;B02
201100011202;0;7;0;0;2;3;17;A01
201100011203;0;7;0;13;0;2;1;A01
201100011204;0;7;0;0;2;3;1;B02
201100011204;0;7;0;0;2;3;13;A01
201100011205;0;7;0;0;2;3;13;A01
201100011205;0;15;0;0;2;3;1;B02
201100011206;0;2;0;8;0;1;16;A01
201100011207;0;7;0;0;2;1;1;B02
201100011207;0;17;0;0;2;8;15;A01
201100011208;0;7;0;0;2;6;23;B02
201100011208;0;7;0;0;2;1;21;A01
201100011208;0;7;0;0;2;1;1;C03
201100011209;0;2;0;0;0;1;2;B02
201100011209;0;2;0;0;0;4;2;A01
201100011210;0;33;0;0;0;0;1;A01
201100011211;0;7;0;13;0;1;1;A01
201100011212;0;7;0;2;0;8;1;A01
201100011213;0;33;0;0;2;1;17;A01
201100011213;0;15;0;0;2;1;1;B02
201100011214;0;7;0;0;0;1;1;B02
201100011214;0;7;0;0;0;3;13;A01
201100011215;0;7;0;13;0;9;0;A01
201100011216;0;7;0;0;0;4;1;B02
201100011216;0;7;0;0;2;2;2;A01
201100011217;0;7;0;6;0;3;21;A01
201100011218;0;7;0;0;2;3;19;A01
201100011218;0;2;0;0;2;7;21;B02
201100011219;0;7;0;0;2;1;1;B02
201100011219;0;7;0;0;2;1;21;A01
201100011220;0;7;0;6;0;7;1;A01
201100011221;0;37;25;0;2;3;1;B02
201100011221;0;7;0;0;2;3;17;A01
201100011222;0;33;0;15;0;1;1;A01
201100011223;0;2;0;0;2;1;13;A01
201100011223;0;7;0;0;2;3;1;B02
201100011224;0;7;0;0;2;5;15;B02
201100011224;0;33;0;0;2;3;2;A01
201100011225;0;7;0;0;1;1;21;A01
201100011226;0;33;0;16;0;0;1;B02
201100011226;0;33;0;13;0;0;1;A01
201100011227;0;7;0;0;1;6;1;A01
201100011228;0;7;0;0;2;3;5;A01
201100011228;0;7;0;0;2;3;1;B02
201100011228;0;7;0;0;2;3;1;C03
201100011229;0;7;0;0;1;2;1;A01
201100011230;0;7;0;0;0;2;1;A01
201100011231;0;10;0;4;0;3;12;A01
201100011232;0;2;0;0;2;6;9;A01
201100011232;0;7;0;0;2;1;1;B02
201100011233;0;7;0;0;0;5;13;A01
201100011233;0;17;0;0;0;3;1;B02
201100011234;0;2;0;0;2;1;1;B02
201100011234;0;7;0;0;2;4;4;A01
201100011235;0;7;0;0;0;9;14;A01
201100011236;0;7;0;2;0;1;2;A01
201100011237;0;7;0;0;2;2;13;B02
201100011237;0;7;0;0;2;2;1;A01
201100011238;0;7;0;0;2;1;13;A01
201100011238;0;7;0;0;2;1;1;B02
201100011238;0;7;0;0;2;1;1;C03
201100011239;0;7;0;0;2;1;17;B02
201100011239;0;17;0;0;2;1;1;A01
201100011240;0;31;0;6;2;1;1;A01
201100011240;0;7;0;6;2;3;1;B02
201100011241;0;31;0;12;0;1;5;A01
201100011242;0;7;0;6;0;3;1;A01
201100011243;0;7;0;0;2;8;15;B02
201100011243;0;7;0;0;2;1;1;A01
201100011244;0;7;0;2;0;8;1;A01
201100011245;0;7;0;0;0;9;1;A01
201100011246;0;7;0;0;2;1;1;A01
201100011246;0;2;0;0;2;7;1;B02
201100011247;0;2;0;0;0;1;14;A01
201100011248;0;2;0;0;0;0;1;A01
201100011249;0;7;0;2;0;8;1;A01