num_acc;senc;catv;occutc;obs;obsm;choc;manv;num_veh
201100011250;0;30;0;0;2;1;2;B02
201100011250;0;7;0;0;0;8;10;A01
201100011251;0;10;0;13;0;9;1;A01
201100011252;0;7;0;0;0;0;17;A01
201100011252;0;7;0;0;2;1;1;C03
201100011252;0;7;0;0;2;1;1;B02
201100011253;0;7;0;13;0;3;1;A01
201100011254;0;30;0;0;2;1;13;A01
201100011254;0;17;0;0;2;3;1;B02
201100011255;1;7;0;0;0;0;0;A01
201100011256;0;7;0;0;2;3;1;A01
201100011256;0;7;0;0;2;3;1;B02
201100011257;0;33;0;16;0;7;1;A01
201100011258;0;31;0;11;0;8;0;A01
201100011259;0;7;0;0;2;1;0;B02
201100011259;0;7;0;0;2;1;0;A01
201100011259;0;7;0;0;2;1;0;D04
201100011259;0;7;0;0;2;1;0;C03
201100011260;0;7;0;2;6;1;1;A01
201100011261;0;7;0;0;2;3;13;A01
201100011261;0;7;0;0;2;3;1;B02
201100011262;0;7;0;0;1;3;1;A01
201100011263;0;30;0;0;2;1;13;A01
201100011263;0;7;0;0;2;3;1;B02
201100011264;0;7;0;13;0;9;13;A01
201100011264;0;7;0;0;2;8;1;B02
201100011264;0;7;0;0;0;0;1;C03
201100011265;0;1;0;0;2;1;1;B02
201100011265;0;7;0;0;2;5;2;A01
201100011266;0;7;0;0;2;5;9;A01
201100011266;0;33;0;0;2;3;21;B02
201100011267;0;7;0;8;0;3;0;A01
201100011268;0;7;0;13;0;9;1;A01
201100011269;0;3;0;16;0;1;0;A01
201100011270;0;10;0;0;2;1;1;B02
201100011270;0;10;0;0;2;1;13;A01
201100011271;0;7;0;2;0;8;1;A01
201100011272;0;33;0;13;0;7;1;A01
201100011273;0;7;0;0;2;1;17;A01
201100011273;0;7;0;0;2;1;1;B02
201100011274;0;7;0;0;2;2;1;B02
201100011274;0;30;0;0;2;1;15;A01
201100011275;0;7;0;0;2;1;0;B02
201100011275;0;7;0;0;2;1;13;A01
201100011276;0;17;0;0;2;1;1;B02
201100011276;0;7;0;0;2;1;13;A01
201100011277;0;7;0;0;2;5;1;A01
201100011277;0;7;0;0;2;1;1;B02
201100011278;0;7;0;0;2;3;1;B02
201100011278;0;7;0;0;2;3;1;A01
201100011279;0;37;1;0;2;1;1;B02
201100011279;0;2;0;0;2;1;19;A01
201100011280;0;33;0;6;0;1;13;A01
201100011281;0;21;0;0;0;4;2;B02
201100011281;0;7;0;0;2;1;2;A01
201100011282;0;33;0;0;2;1;1;C03
201100011282;0;33;0;0;0;0;1;E05
201100011282;0;13;0;0;2;8;1;B02
201100011282;0;7;0;0;2;6;13;A01
201100011282;0;33;0;0;2;1;0;D04
201100011283;0;30;0;0;1;1;1;A01
201100011284;0;7;0;0;1;3;1;A01
201100011285;0;7;0;0;2;7;10;A01
201100011285;0;33;0;0;2;1;1;B02
201100011286;0;7;0;0;2;3;15;B02
201100011286;0;30;0;0;2;1;1;A01
201100011287;0;14;0;0;2;3;1;A01
201100011287;0;14;0;0;2;3;13;B02
201100011288;0;7;0;0;1;1;1;A01
201100011289;0;16;0;0;2;3;15;B02
201100011289;0;33;0;0;2;3;17;A01
201100011290;0;33;0;0;0;0;1;A01
201100011291;0;33;0;0;0;1;1;A01
201100011292;0;33;0;8;0;1;1;A01
201100011293;0;7;0;0;2;1;19;A01
201100011293;0;7;0;0;1;3;1;B02
201100011294;0;7;0;0;0;0;1;A01
201100011295;0;10;0;0;2;2;17;A01
201100011295;0;1;0;0;0;4;2;B02
201100011296;0;10;0;0;2;3;1;B02
201100011296;0;10;0;0;2;1;1;A01
201100011297;0;33;0;0;2;1;1;A01
201100011297;0;7;0;0;2;8;15;B02
201100011298;0;33;0;0;0;1;0;A01
201100011299;0;7;0;0;2;3;1;B02
201100011299;0;7;0;0;2;3;13;A01
201100011300;0;7;0;2;0;1;1;A01
201100011301;0;7;0;2;0;8;14;A01
201100011302;0;31;0;0;2;1;19;A01
201100011302;0;7;0;0;2;7;1;B02
201100011303;0;33;0;0;2;1;13;A01
201100011303;0;7;0;0;2;1;1;B02
201100011304;0;33;0;6;0;7;1;A01
201100011305;0;7;0;0;2;1;1;A01
201100011305;0;37;14;0;2;1;1;B02
201100011306;0;7;0;8;0;9;19;A01
201100011307;0;7;0;13;0;1;13;A01
201100011308;0;33;0;0;2;9;17;A01
201100011308;0;33;0;0;2;3;17;B02
201100011308;0;7;0;0;2;8;1;C03
201100011309;0;10;0;0;2;3;1;B02
201100011309;0;7;0;0;2;3;1;A01
201100011310;0;7;0;0;2;1;1;B02
201100011310;0;7;0;0;2;1;13;A01
201100011311;0;33;0;0;2;1;1;B02
201100011311;0;7;0;0;2;5;15;A01
201100011312;0;7;0;8;0;8;1;A01
201100011313;0;33;0;8;0;8;1;A01
201100011314;0;7;0;2;0;1;1;A01
201100011315;0;7;0;0;2;1;14;A01
201100011315;0;7;0;0;2;6;1;B02
201100011315;0;7;0;14;0;1;1;D04
201100011315;0;7;0;14;1;2;1;C03
201100011316;0;15;0;0;2;1;2;B02
201100011316;0;7;0;0;2;4;2;A01
201100011317;0;10;0;0;2;1;1;D04
201100011317;0;10;0;0;2;8;9;E05
201100011317;0;10;0;0;2;7;1;F06
201100011317;0;7;0;3;2;4;1;C03
201100011317;0;7;0;0;2;9;1;B02
201100011317;0;7;0;0;2;2;1;A01
201100011318;0;7;0;4;0;1;1;A01
201100011319;0;7;0;4;0;1;1;A01
201100011320;0;7;0;4;6;1;21;A01
201100011321;0;7;0;13;0;9;21;A01
201100011322;0;7;0;0;2;3;2;B02
201100011322;0;7;0;4;0;1;2;A01
201100011323;0;7;0;0;2;1;2;B02
201100011324;0;7;0;0;2;8;1;B02
201100011324;0;7;0;0;2;3;12;A01
201100011325;0;7;0;13;0;9;1;A01
201100011326;0;7;0;4;2;5;21;B02
201100011326;0;17;0;3;2;7;9;A01
201100011327;0;33;0;0;2;2;1;A01
201100011328;0;33;0;10;0;0;1;A01
201100011329;0;7;0;0;2;1;11;A01
201100011329;0;7;0;4;0;4;1;B02
201100011330;0;7;0;0;2;1;21;A01
201100011330;0;7;0;4;2;1;1;B02
201100011331;0;7;0;3;0;2;9;A01
201100011331;0;10;0;0;2;3;21;C03
201100011331;0;7;0;0;2;3;21;D04
201100011331;0;17;0;0;2;6;1;E05
201100011331;0;7;0;0;2;3;1;B02
201100011332;0;7;0;0;2;4;0;A01
201100011332;0;14;0;0;2;1;2;B02
201100011333;0;7;0;3;1;1;1;B02
201100011333;0;7;0;0;6;1;1;A01
201100011334;0;15;0;3;0;3;16;A01
201100011335;0;15;0;3;0;7;1;A01
201100011336;0;7;0;0;2;1;1;A01
201100011336;0;17;0;0;0;4;2;B02
201100011337;0;7;0;0;1;2;1;A01
201100011338;0;7;0;0;2;2;2;B02
201100011338;0;17;0;0;0;6;1;A01
201100011339;0;7;0;0;0;6;23;B02
201100011339;0;17;0;1;0;2;13;A01
201100011340;0;7;0;4;0;3;21;A01
201100011341;0;7;0;0;1;2;2;A01
201100011342;0;7;0;4;0;3;1;A01
201100011343;0;7;0;4;0;1;21;A01
201100011344;0;17;0;1;0;1;2;E05
201100011344;0;7;0;0;2;4;2;D04
201100011344;0;7;0;0;2;6;24;B02
201100011344;0;17;0;1;0;2;2;A01
201100011344;0;7;0;0;0;4;2;C03
201100011345;0;33;0;0;2;1;2;A01
201100011345;0;7;0;0;2;4;2;B02
201100011346;0;7;0;0;6;2;1;A01
201100011347;0;33;0;0;2;1;13;A01
201100011347;0;7;0;0;0;6;1;B02
201100011348;0;14;0;0;2;3;1;B02
201100011348;0;7;0;0;2;1;1;A01
201100011349;0;33;0;0;1;1;1;A01
201100011350;0;7;0;0;0;1;1;A01
201100011351;0;7;0;0;2;8;16;B02
201100011351;0;7;0;0;2;1;1;A01
201100011352;0;7;0;0;2;1;2;A01
201100011352;0;7;0;0;2;4;15;B02
201100011353;0;7;0;0;2;1;15;B02
201100011353;0;7;0;0;2;2;1;A01
201100011354;0;7;0;0;1;3;1;A01
201100011355;0;7;0;0;0;0;15;C03
201100011355;0;33;0;0;2;1;1;A01
201100011355;0;7;0;0;2;4;2;B02
201100011356;0;33;0;0;2;1;1;A01
201100011356;0;7;0;0;0;3;19;B02
201100011357;0;14;0;0;0;6;24;B02
201100011357;0;7;0;1;0;1;1;A01
201100011358;0;7;0;0;2;1;0;B02
201100011358;0;7;0;0;2;1;13;A01
201100011359;0;7;0;0;0;1;1;A01
201100011360;0;7;0;0;1;7;1;A01
201100011360;0;99;0;0;0;0;0;B02
201100011361;0;7;0;0;2;2;14;B02
201100011361;0;7;0;0;0;8;9;A01
201100011362;0;7;0;0;2;3;11;B02
201100011362;0;7;0;0;2;3;11;A01
201100011363;0;7;0;13;0;1;1;A01
201100011364;0;7;0;0;2;1;0;B02
201100011364;0;33;0;0;2;1;13;A01
201100011365;0;30;0;8;0;2;1;A01
201100011366;0;31;0;0;0;0;1;A01
201100011367;0;7;0;0;2;8;9;A01
201100011367;0;33;0;0;2;2;1;B02
201100011368;0;7;0;0;2;1;15;A01
201100011368;0;7;0;7;0;7;1;B02
201100011369;0;7;0;1;1;6;23;B02
201100011369;0;16;0;1;1;2;2;A01
201100011369;0;7;0;0;9;4;23;C03
201100011370;0;15;0;0;0;7;15;A01
201100011371;0;7;0;0;9;1;2;A01
201100011371;0;1;0;0;2;4;2;B02
201100011371;0;1;0;0;2;4;2;C03
201100011372;0;7;0;0;2;3;15;A01
201100011372;0;30;0;0;2;1;1;B02
201100011373;0;7;0;0;2;3;1;A01
201100011373;0;7;0;0;2;2;2;B02
201100011373;0;14;0;0;0;0;1;H08
201100011373;0;10;0;0;2;4;2;C03
201100011373;0;7;0;0;2;1;2;E05
201100011373;0;7;0;0;0;6;1;D04
201100011373;0;7;0;0;2;1;2;G07
201100011373;0;7;0;0;2;1;2;F06
201100011374;0;7;0;0;1;1;15;A01
201100011375;0;30;0;0;2;1;2;A01
201100011375;0;7;0;0;0;4;2;B02
201100011376;0;33;0;0;0;0;15;A01
201100011377;0;7;0;0;2;1;15;A01
201100011377;0;33;0;0;2;1;1;B02
201100011378;0;7;0;0;2;1;19;A01
201100011378;0;7;0;0;2;1;1;B02
201100011379;0;7;0;8;0;2;1;A01
201100011380;0;32;0;0;2;7;1;B02
201100011380;0;7;0;0;2;3;9;A01
201100011381;0;10;0;13;0;9;1;A01
201100011382;0;7;0;0;2;5;19;A01
201100011382;0;7;0;0;2;1;1;B02
201100011383;0;33;0;16;0;1;1;A01
201100011384;0;7;0;0;2;1;1;E05
201100011384;0;7;0;0;2;1;1;C03
201100011384;0;7;0;0;2;1;13;A01
201100011384;0;7;0;0;2;1;1;D04
201100011384;0;15;0;0;2;1;1;B02
201100011385;0;7;0;0;0;7;15;A01
201100011385;0;33;0;0;2;1;1;B02
201100011386;0;7;0;0;2;1;15;A01
201100011386;0;33;0;0;2;1;1;B02
201100011387;0;7;0;0;2;3;8;B02
201100011387;0;7;0;0;2;2;21;A01
201100011388;0;7;0;6;0;1;1;A01
201100011389;0;7;0;0;2;1;1;B02
201100011389;0;7;0;0;2;1;13;A01
201100011390;0;7;0;0;2;1;15;B02
201100011390;0;32;0;0;2;5;1;A01
201100011391;0;30;0;0;2;1;1;B02
201100011391;0;7;0;0;2;2;15;A01
201100011392;0;7;0;0;2;2;1;B02
201100011392;0;33;0;0;2;7;1;A01
201100011393;0;37;0;0;2;3;1;A01
201100011393;0;7;0;0;2;3;5;B02
201100011394;0;7;0;6;0;3;1;A01
201100011395;0;7;0;0;2;4;15;B02
201100011395;0;30;0;0;2;1;1;A01
201100011396;0;7;0;0;1;1;1;A01
201100011397;0;7;0;0;2;1;13;A01
201100011397;0;7;0;0;2;1;1;B02
201100011398;0;33;0;0;2;8;13;A01
201100011398;0;7;0;0;2;8;1;B02
201100011399;0;10;0;0;2;8;16;A01
201100011399;0;33;0;0;2;1;1;B02
201100011400;0;33;0;10;0;1;14;A01
201100011401;0;7;0;0;2;3;15;A01
201100011401;0;32;0;0;2;1;1;B02
201100011402;0;32;0;13;0;8;13;A01
201100011403;0;7;0;0;2;4;1;B02
201100011403;0;7;0;0;2;1;2;A01
201100011404;0;1;0;0;2;8;1;B02
201100011404;0;10;0;0;9;7;2;A01
201100011405;0;33;0;0;2;1;1;B02
201100011405;0;7;0;0;2;2;19;A01
201100011406;0;7;0;0;2;2;1;A01
201100011406;0;7;0;0;2;2;1;B02
201100011407;0;7;0;0;2;7;12;B02
201100011407;0;7;0;0;2;8;9;A01
201100011408;0;7;0;0;0;0;21;A01
201100011409;0;10;0;0;2;3;15;A01
201100011409;0;7;0;0;2;1;1;B02
201100011410;0;7;0;0;2;2;1;B02
201100011410;0;1;0;0;2;8;15;A01
201100011411;0;7;0;13;0;1;13;A01
201100011412;0;33;0;0;2;1;1;B02
201100011412;0;7;0;0;2;2;15;A01
201100011413;0;7;0;10;0;2;1;A01
201100011414;0;31;0;0;2;2;17;A01
201100011414;0;7;0;0;2;8;15;B02
201100011415;0;7;0;0;2;3;1;B02
201100011415;0;33;0;0;2;3;1;A01
201100011416;0;30;0;0;2;7;15;B02
201100011416;0;7;0;0;2;1;1;A01
201100011417;0;7;0;0;2;8;15;B02
201100011417;0;10;0;13;2;2;17;A01
201100011418;0;7;0;2;0;7;12;A01
201100011419;0;7;0;0;1;7;1;A01
201100011420;0;7;0;0;2;1;17;A01
201100011420;0;7;0;0;2;1;1;B02
201100011421;0;7;0;0;2;1;1;B02
201100011421;0;7;0;0;2;1;13;A01
201100011422;0;7;0;0;2;2;1;A01
201100011422;0;38;0;0;2;6;23;B02
201100011423;0;7;0;0;2;1;1;B02
201100011423;0;7;0;0;2;6;15;C03
201100011423;0;7;0;0;2;1;6;A01
201100011424;0;7;0;2;0;1;1;A01
201100011425;0;7;0;13;0;1;1;A01
201100011426;0;7;0;0;2;6;10;B02
201100011426;0;33;0;0;2;1;17;A01
201100011427;0;7;0;0;0;9;1;A01
201100011428;0;10;0;2;0;3;1;A01
201100011429;0;32;0;16;0;0;0;A01
201100011430;0;7;0;0;2;4;23;C03
201100011430;0;7;0;0;2;1;1;A01
201100011430;0;7;0;0;2;4;23;B02
201100011431;0;7;0;0;2;3;1;B02
201100011431;0;33;0;0;2;1;13;A01
201100011432;0;7;0;0;2;1;1;A01
201100011432;0;7;0;0;0;4;15;B02
201100011433;0;10;0;0;2;2;1;A01
201100011433;0;7;0;0;2;3;1;B02
201100011433;0;7;0;0;2;7;1;C03
201100011434;0;7;0;0;0;3;1;A01
201100011434;0;7;0;0;0;3;1;B02
201100011435;0;30;0;2;0;2;1;A01
201100011436;0;32;0;0;2;1;2;B02
201100011436;0;7;0;0;2;3;10;A01
201100011437;0;7;0;2;0;3;1;A01
201100011438;0;7;0;2;0;1;1;A01
201100011439;0;7;0;0;2;1;1;B02
201100011439;0;7;0;0;2;1;13;A01
201100011440;0;7;0;0;2;7;9;B02
201100011440;0;33;0;0;2;1;1;A01
201100011441;0;33;0;0;2;1;1;B02
201100011441;0;7;0;0;2;1;15;A01
201100011442;0;7;0;0;2;1;1;A01
201100011442;0;7;0;0;2;7;15;B02
201100011443;0;10;0;16;0;0;1;A01
201100011444;0;31;0;0;2;1;17;A01
201100011444;0;7;0;0;0;3;15;B02
201100011445;0;7;0;0;2;1;13;A01
201100011445;0;7;0;0;2;1;1;B02
201100011446;0;7;0;0;2;1;1;B02
201100011446;0;7;0;0;2;1;16;A01
201100011447;0;7;0;13;0;1;1;A01
201100011448;0;7;0;0;2;1;1;B02
201100011448;0;7;0;0;2;1;13;A01
201100011449;0;7;0;0;0;1;1;A01
201100011450;0;7;0;0;2;3;17;B02
201100011450;0;7;0;0;2;3;5;A01
201100011451;0;7;0;13;0;1;1;A01
201100011452;0;33;0;3;0;7;1;A01
201100011453;0;2;0;0;2;3;19;A01
201100011453;0;10;0;0;2;2;1;B02
201100011454;0;1;0;0;2;8;1;B02
201100011454;0;7;0;0;9;3;1;A01
201100011455;0;10;0;13;0;9;13;A01
201100011456;0;7;0;0;0;4;0;A01
201100011456;0;1;0;1;0;1;0;B02
201100011457;0;14;0;0;2;1;1;B02
201100011457;0;20;0;0;0;3;1;C03
201100011457;0;7;0;0;0;8;19;A01
201100011458;0;30;0;0;2;4;0;B02
201100011458;0;7;0;0;2;3;1;A01
201100011459;0;10;0;0;2;2;1;A01
201100011459;0;7;0;0;2;3;0;B02
201100011460;0;7;0;2;0;8;0;A01
201100011461;0;7;0;0;1;6;4;A01
201100011462;0;7;0;2;0;2;1;A01
201100011463;0;7;0;0;2;3;15;A01
201100011463;0;7;0;0;2;1;1;B02
201100011464;0;7;0;2;0;8;1;A01
201100011465;1;7;0;0;1;1;1;A01
201100011466;0;7;0;2;0;1;1;A01
201100011467;0;31;0;0;0;1;1;A01
201100011468;0;7;0;2;0;2;1;A01
201100011469;0;7;0;0;2;3;13;A01
201100011469;0;7;0;0;2;3;1;B02
201100011470;0;34;0;0;2;1;1;A01
201100011470;0;7;0;0;2;8;19;B02
201100011471;0;7;0;0;2;4;15;A01
201100011471;0;7;0;0;2;1;2;B02
201100011472;0;10;0;0;2;3;1;B02
201100011472;0;31;0;0;2;2;13;A01
201100011473;0;7;0;0;2;1;1;B02
201100011473;0;7;0;0;2;1;13;A01
201100011474;0;36;0;0;2;1;17;A01
201100011474;0;7;0;0;2;3;1;B02
201100011475;0;7;0;0;2;3;1;B02
201100011475;0;7;0;0;2;1;1;A01
201100011476;0;7;0;0;2;2;15;A01
201100011476;0;7;0;0;2;3;1;B02
201100011477;0;31;0;0;6;1;1;A01
201100011478;0;33;0;0;2;1;1;B02
201100011478;0;10;0;0;2;2;19;A01
201100011479;0;7;0;0;2;8;1;B02
201100011479;0;33;0;0;2;8;1;A01
201100011480;0;33;0;0;2;1;2;A01
201100011480;0;7;0;0;2;4;1;B02
201100011481;0;10;0;0;2;6;1;C03
201100011481;0;7;0;0;2;1;1;B02
201100011481;0;7;0;0;2;3;13;A01
201100011482;0;33;0;0;2;1;13;A01
201100011482;0;7;0;0;2;3;2;B02
201100011483;0;7;0;0;2;8;15;B02
201100011483;0;7;0;0;2;3;1;A01
201100011484;0;7;0;0;2;3;1;B02
201100011484;0;33;0;9;2;6;1;A01
201100011485;0;33;0;0;2;1;13;A01
201100011485;0;7;0;0;2;1;1;B02
201100011486;0;7;0;0;0;6;10;B02
201100011486;0;34;0;0;2;1;1;A01
201100011487;0;33;0;0;2;1;1;B02
201100011487;0;7;0;0;2;8;19;A01
201100011488;0;7;0;0;2;1;1;B02
201100011489;0;7;0;0;2;1;1;A02
201100011490;0;7;0;0;2;8;15;B02
201100011490;0;32;0;0;2;6;17;A01
201100011491;0;7;0;0;1;1;1;A01
201100011492;0;7;0;0;2;3;19;A01
201100011492;0;7;0;0;2;1;1;B02
201100011493;0;14;0;0;2;1;1;B02
201100011493;0;7;0;0;2;2;6;A01
201100011494;0;7;0;13;0;1;1;A01
201100011495;0;7;0;0;0;8;15;A01
201100011495;0;33;0;0;0;1;1;B02
201100011496;0;33;0;0;2;3;1;B02
201100011496;0;7;0;0;2;2;15;A01
201100011497;0;33;0;16;0;7;1;A01
201100011498;0;30;0;0;2;3;13;A01
201100011498;0;7;0;0;2;8;1;B02
201100011499;0;33;0;0;2;7;1;A01
201100011499;0;1;0;0;2;8;1;B02
201100011500;0;7;0;0;2;3;19;A01
201100011500;0;32;0;0;2;2;1;B02
201100011501;0;33;0;13;2;7;1;A01
201100011501;0;7;0;3;2;8;1;B02
201100011502;0;33;0;0;2;1;13;A01
201100011502;0;7;0;0;2;3;1;B02
201100011503;0;10;0;0;2;3;13;A01
201100011503;0;7;0;0;2;3;1;B02
201100011504;0;7;0;0;1;4;4;A01
201100011505;0;10;0;2;0;8;1;A01
201100011506;0;2;0;0;2;1;17;B02
201100011506;0;7;0;0;2;8;15;A01
201100011507;0;7;0;0;2;1;1;B02
201100011507;0;7;0;0;2;1;13;A01
201100011508;0;33;0;0;2;1;1;A01
201100011508;0;7;0;0;2;3;19;B02
201100011509;0;7;0;2;0;7;1;A01
201100011510;0;33;0;0;2;1;17;A01
201100011510;0;7;0;0;2;1;15;B02
201100011511;0;7;0;0;2;3;1;C03
201100011511;0;10;0;0;0;0;13;A01
201100011511;0;10;0;0;2;3;13;B02
201100011512;0;7;0;0;2;3;1;A01
201100011512;0;32;0;0;2;1;17;B02
201100011513;0;33;0;0;2;8;1;B02
201100011513;0;7;0;0;2;1;15;A01
201100011514;0;7;0;0;2;3;1;B02
201100011514;0;30;0;0;2;5;17;A01
201100011515;0;7;0;0;2;2;20;A01
201100011515;0;33;0;0;2;1;1;B02
201100011516;0;7;0;0;1;2;1;A01
201100011517;0;7;0;0;9;3;1;B02
201100011517;0;33;0;0;0;7;1;A01
201100011518;0;33;0;0;2;8;1;B02
201100011518;0;10;0;0;2;2;17;A01
201100011519;0;7;0;0;1;1;1;A01
201100011520;0;7;0;0;2;3;21;B02
201100011520;0;7;0;0;2;1;19;A01
201100011521;0;7;0;0;0;3;19;A01
201100011521;0;33;0;0;0;1;17;B02
201100011522;0;33;0;0;2;8;13;A01
201100011522;0;7;0;0;2;3;1;B02
201100011523;0;7;0;0;1;1;16;A01
201100011524;0;7;0;0;1;7;1;A01
201100011525;0;10;0;0;2;7;1;A01
201100011525;0;10;0;0;2;1;1;B02
201100011526;0;7;0;0;0;3;9;A01
201100011526;0;33;0;0;2;1;1;B02
201100011527;0;10;0;0;2;6;2;B02
201100011527;0;30;0;0;2;1;2;A01
201100011528;0;7;0;13;0;3;13;A01
201100011529;0;1;0;0;0;0;1;A01
201100011530;0;10;0;8;0;1;1;A01
201100011531;0;14;0;2;0;1;14;A01
201100011532;0;33;0;0;2;8;13;A01
201100011532;0;7;0;0;2;8;1;B02
201100011533;0;2;0;0;2;1;1;B02
201100011533;0;7;0;0;2;1;19;A01
201100011534;0;36;0;2;0;1;1;A01
201100011535;0;7;0;0;2;1;1;B02
201100011535;0;7;0;0;2;1;15;A01
201100011536;0;7;0;0;2;7;13;A01
201100011536;0;10;0;0;2;1;1;B02
201100011537;0;7;0;2;0;3;13;A01
201100011538;0;7;0;0;2;1;13;A01
201100011538;0;7;0;0;2;2;1;B02
201100011539;0;7;0;2;0;3;1;A01
201100011540;0;7;0;0;2;2;2;B02
201100011540;0;7;0;0;2;4;2;A01
201100011541;0;7;0;0;2;1;13;B02
201100011541;0;14;0;0;2;3;0;A01
201100011542;0;33;0;7;0;1;1;A01
201100011543;0;7;0;0;2;1;1;B02
201100011543;0;7;0;0;2;3;9;A01
201100011544;0;7;0;2;0;3;1;A01
201100011545;0;10;0;0;2;5;19;B02
201100011545;0;33;0;0;2;1;1;A01
201100011546;0;7;0;6;0;6;1;A01
201100011547;0;14;0;0;2;1;2;C03
201100011547;0;7;0;8;0;1;13;A01
201100011547;0;14;0;0;2;4;21;B02
201100011548;0;7;0;0;2;4;2;D04
201100011548;0;7;0;0;2;4;2;C03
201100011548;0;7;0;0;2;4;2;E05
201100011548;0;7;0;0;2;4;2;B02
201100011548;0;14;0;1;0;2;2;A01
201100011549;0;15;0;0;2;1;1;B02
201100011549;0;7;0;0;2;8;19;A01
201100011550;0;7;0;0;2;1;5;A01
201100011550;0;7;0;0;2;1;1;B02
201100011551;0;34;0;0;2;1;1;B02
201100011551;0;7;0;0;2;3;15;A01
201100011552;0;7;0;0;2;3;9;A01
201100011552;0;32;0;0;2;5;1;B02
201100011553;0;30;0;0;0;1;1;A01
201100011554;0;7;0;0;2;2;19;A01
201100011554;0;33;0;0;2;7;1;B02
201100011555;0;7;0;0;2;1;17;A01
201100011555;0;14;0;0;2;1;1;B02
201100011556;0;32;0;0;0;2;1;A01
201100011557;0;7;0;0;2;3;13;A01
201100011557;0;33;0;0;2;1;1;B02
201100011558;0;33;0;0;2;1;1;B02
201100011558;0;7;0;0;2;3;15;A01
201100011559;0;33;0;0;2;1;5;A01
201100011559;0;7;0;0;2;1;1;B02
201100011560;0;7;0;2;0;1;17;A01
201100011561;0;7;0;0;2;2;1;B02
201100011561;0;1;0;0;2;1;9;A01
201100011562;0;7;0;0;2;3;13;A01
201100011562;0;33;0;0;2;8;1;B02
201100011563;0;7;0;10;0;0;1;A01
201100011564;0;10;0;0;2;3;1;B02
201100011564;0;10;0;0;2;3;5;A01
201100011565;0;7;0;7;2;3;1;B02
201100011565;0;7;0;10;2;3;13;A01
201100011566;0;7;0;0;2;1;1;B02
201100011566;0;7;0;6;0;2;14;A01
201100011566;0;7;0;0;2;3;1;C03
201100011567;0;7;0;0;2;3;1;B02
201100011567;0;7;0;0;2;3;13;A01
201100011568;0;7;0;0;9;7;15;A01
201100011568;0;33;0;0;2;1;1;B02
201100011569;0;31;0;0;2;1;0;A01
201100011569;0;7;0;0;2;8;0;B02
201100011570;0;7;0;0;0;6;15;B02
201100011570;0;33;0;0;2;1;1;A01
201100011571;0;7;0;6;0;1;14;A01
201100011572;0;30;0;0;2;1;1;A01
201100011572;0;7;0;0;2;3;1;B02
201100011573;0;7;0;0;0;0;1;A01
201100011574;0;7;0;8;0;5;2;A01
201100011575;0;7;0;0;2;3;15;A01
201100011575;0;7;0;0;2;3;1;B02
201100011576;0;7;0;0;2;3;1;A01
201100011576;0;1;0;0;2;1;1;B02
201100011577;0;7;0;0;2;3;1;B02
201100011577;0;7;0;0;2;3;13;A01
201100011578;0;7;0;2;0;3;0;A01
201100011579;0;38;0;0;2;2;0;B02
201100011579;0;7;0;0;2;2;17;A01
201100011580;0;7;0;0;2;3;13;A01
201100011580;0;7;0;0;2;3;1;B02
201100011581;0;7;0;0;0;4;19;A01
201100011581;0;7;0;0;0;1;1;B02
201100011582;0;7;0;6;0;1;1;A01
201100011583;0;7;0;16;0;0;1;A01
201100011584;0;7;0;0;2;1;1;B02
201100011584;0;7;0;0;2;1;8;A01
201100011585;0;7;0;2;0;9;1;A01
201100011586;0;2;0;0;0;8;16;A01
201100011587;0;10;0;0;2;3;1;B02
201100011587;0;33;0;0;2;1;13;A01
201100011588;0;7;0;0;1;8;15;A01
201100011589;0;7;0;0;2;1;1;B02
201100011589;0;7;0;0;2;1;13;A01
201100011589;0;7;0;0;2;1;2;D04
201100011589;0;7;0;0;2;1;2;C03
201100011590;0;10;0;0;2;4;15;B02
201100011590;0;33;0;0;2;1;17;A01
201100011591;0;7;0;0;0;0;0;A01
201100011592;0;7;0;0;2;1;14;A01
201100011592;0;7;0;0;2;1;1;B02
201100011592;0;7;0;0;2;8;1;C03
201100011592;0;7;0;0;2;5;1;D04
201100011593;0;33;0;4;0;1;13;A01
201100011594;0;7;0;0;2;2;15;A01
201100011594;0;33;0;0;2;1;1;B02
201100011595;0;7;0;0;2;5;15;A01
201100011595;0;7;0;0;2;1;1;B02
201100011596;0;33;0;2;0;1;1;A01
201100011597;0;7;0;2;1;1;13;A01
201100011598;0;7;0;0;1;1;19;A01
201100011599;0;7;0;6;0;1;13;A01
201100011600;0;33;0;4;0;1;1;A01
201100011601;0;10;0;10;0;2;14;A01
201100011602;0;30;0;0;2;8;1;A01
201100011602;0;7;0;0;2;1;1;B02
201100011603;0;7;0;13;0;1;1;A01
201100011604;0;7;0;0;2;1;1;B02
201100011604;0;7;0;0;2;1;13;A01
201100011605;0;7;0;0;2;1;1;B02
201100011605;0;7;0;0;2;3;13;A01
201100011606;0;7;0;13;0;1;1;A01
201100011607;0;1;0;0;2;8;21;A01
201100011607;0;33;0;0;2;0;21;B02
201100011608;0;7;0;0;2;7;10;A01
201100011608;0;33;0;0;2;9;1;B02
201100011609;0;7;0;0;2;1;15;A01
201100011609;0;7;0;0;2;1;1;B02