num_acc;senc;catv;occutc;obs;obsm;choc;manv;num_veh
201100011610;0;7;0;2;0;1;14;A01
201100011611;0;1;0;0;2;1;13;A01
201100011611;0;7;0;0;2;1;1;B02
201100011612;0;10;0;0;2;8;1;B02
201100011612;0;36;0;0;2;8;13;A01
201100011613;0;7;0;16;0;1;0;A01
201100011614;0;33;0;2;0;1;15;A01
201100011615;0;10;0;0;0;1;17;A01
201100011615;0;7;0;0;0;1;1;B02
201100011616;0;7;0;13;0;8;13;A01
201100011617;0;33;0;13;2;1;17;A01
201100011617;0;10;0;0;2;2;1;B02
201100011618;0;33;0;13;0;7;1;A01
201100011619;0;7;0;3;2;1;0;B02
201100011619;0;10;0;3;2;1;0;A01
201100011620;0;7;0;0;2;2;1;B02
201100011620;0;33;0;0;2;1;1;A01
201100011621;0;33;0;0;2;3;17;A01
201100011621;0;1;0;0;2;3;1;B02
201100011622;0;33;0;6;0;1;1;A01
201100011623;0;33;0;0;6;1;1;A01
201100011624;0;33;0;0;0;8;1;A01
201100011625;0;33;0;0;2;3;13;A01
201100011625;0;7;0;0;2;3;1;B02
201100011626;0;30;0;0;0;1;1;A01
201100011627;0;33;0;0;2;1;13;B02
201100011627;0;7;0;0;2;1;1;A01
201100011628;0;7;0;0;1;5;0;A01
201100011629;0;7;0;2;0;8;1;A01
201100011630;0;7;0;0;2;3;11;A01
201100011630;0;7;0;0;2;3;1;B02
201100011631;0;7;0;0;0;1;14;A01
201100011632;0;7;0;0;2;7;1;A01
201100011632;0;7;0;0;2;1;1;B02
201100011633;0;7;0;0;2;8;1;B02
201100011633;0;33;0;0;2;8;17;A01
201100011634;0;33;0;0;0;1;1;A01
201100011635;0;7;0;0;2;1;1;A01
201100011635;0;33;0;0;0;4;1;B02
201100011636;0;7;0;0;0;3;13;A01
201100011636;0;7;0;0;0;6;1;B02
201100011637;0;10;0;0;1;4;10;A01
201100011638;0;34;0;13;0;7;0;A01
201100011639;0;31;0;8;0;3;0;A01
201100011640;0;33;0;0;2;8;21;A01
201100011640;0;7;0;0;2;1;15;B02
201100011641;0;33;0;2;0;8;15;A01
201100011642;0;7;0;13;0;2;1;A01
201100011643;0;7;0;0;1;3;1;A01
201100011644;0;7;0;0;2;3;13;A01
201100011644;0;7;0;0;2;8;1;B02
201100011645;0;7;0;0;2;1;1;B02
201100011645;0;10;0;0;2;2;19;A01
201100011646;0;7;0;0;2;3;20;A01
201100011646;0;1;0;0;2;1;2;B02
201100011647;0;7;0;9;0;3;1;A01
201100011648;0;7;0;0;1;2;1;A01
201100011649;0;7;0;2;0;1;1;A01
201100011650;0;7;0;0;2;1;1;B02
201100011650;0;7;0;0;2;3;1;C03
201100011650;0;7;0;0;2;3;19;A01
201100011651;0;17;0;3;0;3;13;A01
201100011652;0;7;0;13;0;2;1;A01
201100011653;0;7;0;0;2;1;1;A01
201100011653;0;7;0;0;2;4;1;B02
201100011653;0;7;0;0;2;4;15;C03
201100011654;0;7;0;0;2;1;15;A01
201100011654;0;7;0;0;2;2;1;B02
201100011655;0;7;0;0;2;1;17;A01
201100011655;0;7;0;0;2;1;1;B02
201100011656;0;7;0;0;2;2;1;A01
201100011656;0;7;0;0;2;1;1;B02
201100011657;0;7;0;13;0;1;1;A01
201100011658;0;31;0;13;0;1;14;A01
201100011659;0;7;0;0;0;9;14;A01
201100011660;0;7;0;0;0;1;1;B02
201100011660;0;7;0;0;2;1;13;A01
201100011661;0;7;0;0;0;3;13;A01
201100011661;0;10;0;0;0;3;1;B02
201100011662;1;31;0;15;0;1;15;A01
201100011663;0;10;0;0;2;1;13;A01
201100011663;0;7;0;0;2;1;1;B02
201100011664;0;2;0;14;0;8;1;B02
201100011664;0;2;0;0;0;8;1;A01
201100011665;0;7;0;0;1;2;1;A01
201100011666;0;14;0;0;2;8;1;B02
201100011666;0;33;0;0;2;1;13;A01
201100011667;0;7;0;15;0;1;14;A01
201100011668;0;7;0;16;0;1;1;A01
201100011669;0;7;0;13;0;3;13;A01
201100011670;0;7;0;2;0;8;14;A01
201100011671;0;10;0;0;4;3;23;A01
201100011671;0;39;2;0;4;1;0;B02
201100011672;0;36;0;16;0;2;0;A01
201100011673;0;7;0;2;0;1;0;A01
201100011674;0;7;0;0;0;1;13;A01
201100011674;0;7;0;0;0;1;1;B02
201100011675;0;7;0;2;0;3;13;A01
201100011676;0;7;0;0;2;1;13;A01
201100011676;0;7;0;0;2;1;1;B02
201100011676;0;7;0;2;2;1;1;C03
201100011676;0;33;0;0;2;1;2;D04
201100011676;0;33;0;0;2;1;2;E05
201100011677;0;7;0;0;0;1;13;A01
201100011677;0;7;0;0;0;1;1;B02
201100011678;0;33;0;0;0;0;17;A01
201100011678;0;10;0;0;0;1;1;B02
201100011679;0;15;0;6;0;3;1;A01
201100011680;0;7;0;0;;1;1;B02
201100011680;0;7;0;0;2;7;13;A01
201100011681;0;33;0;0;2;1;13;A01
201100011681;0;7;0;0;;1;12;B02
201100011682;0;33;0;13;0;8;1;A01
201100011683;0;10;0;2;;1;21;A01
201100011684;0;10;0;3;0;3;1;A01
201100011685;0;7;0;0;2;1;17;A01
201100011685;0;7;0;0;;6;15;B02
201100011686;0;7;0;0;0;9;1;A01
201100011687;0;7;0;0;;3;1;B02
201100011687;0;7;0;0;2;3;13;A01
201100011688;0;7;0;0;;1;1;B02
201100011688;0;10;0;0;2;7;19;A01
201100011689;0;33;0;0;2;5;17;A01
201100011689;0;33;0;0;;3;1;B02
201100011690;0;33;0;6;0;2;1;A01
201100011691;0;33;0;0;6;1;1;A01
201100011692;0;33;0;3;0;7;1;A01
201100011693;0;7;0;2;0;1;14;A01
201100011694;0;7;0;0;0;8;15;B02
201100011694;0;7;0;0;2;2;17;A01
201100011695;0;7;0;0;2;7;15;A01
201100011695;0;7;0;0;;1;1;B02
201100011696;0;7;0;13;0;2;21;A01
201100011697;0;7;0;13;0;1;1;A01
201100011698;0;7;0;8;0;3;21;A01
201100011699;0;7;0;0;;3;1;A01
201100011699;0;7;0;0;2;3;13;B02
201100011700;0;7;0;0;2;1;13;A01
201100011700;0;7;0;0;0;1;1;B02
201100011701;0;10;0;0;;3;1;B01
201100011701;0;7;0;;2;3;13;A01
201100011702;0;33;0;0;2;1;13;A01
201100011702;0;14;0;0;;1;1;B02
201100011703;0;10;0;0;2;1;13;A01
201100011703;0;7;0;0;0;1;1;B02
201100011704;0;30;0;0;;1;1;A01
201100011704;0;7;0;0;2;3;19;B02
201100011705;0;10;0;0;1;2;16;A01
201100011706;0;1;0;0;0;4;1;B02
201100011706;0;10;0;0;2;2;2;A01
201100011707;0;33;0;3;0;1;17;A01
201100011708;0;7;0;0;2;1;1;A01
201100011708;0;7;0;0;0;4;23;B02
201100011709;0;33;0;13;0;9;1;A01
201100011710;0;7;0;13;0;3;1;A01
201100011710;0;15;0;3;0;3;1;B02
201100011711;0;7;0;0;2;8;13;B02
201100011711;0;7;0;0;;8;1;A01
201100011711;0;7;0;0;;8;1;C03
201100011712;0;33;0;0;0;8;1;B02
201100011712;0;7;0;0;2;2;15;A01
201100011713;0;14;0;0;1;3;16;A01
201100011714;0;7;0;0;;1;1;B02
201100011714;0;10;0;0;2;1;13;A01
201100011715;0;33;0;12;0;8;17;A01
201100011716;0;7;0;0;2;1;13;A01
201100011716;0;7;0;0;0;1;1;B02
201100011717;0;7;0;0;1;7;1;A01
201100011718;0;7;0;0;2;6;1;D04
201100011718;0;7;0;0;2;1;17;A01
201100011718;0;7;0;0;2;3;1;C03
201100011718;0;7;0;0;0;1;1;B02
201100011719;0;33;0;0;;7;17;B02
201100011719;2;7;0;0;2;8;17;A01
201100011720;0;10;0;0;;1;1;A01
201100011720;0;7;0;0;2;8;19;B02
201100011721;0;7;0;0;1;2;1;A01
201100011722;0;7;0;0;;6;15;B02
201100011722;0;33;0;0;2;1;2;A01
201100011722;0;7;0;0;;3;1;C03
201100011723;0;33;0;;;1;1;B02
201100011723;0;33;0;0;2;8;10;A01
201100011724;0;10;0;0;1;4;4;A01
201100011725;0;7;0;4;0;1;17;A01
201100011726;0;1;0;14;0;0;1;A01
201100011727;0;33;0;0;2;1;1;C03
201100011727;0;7;0;0;0;4;1;A01
201100011727;0;31;0;0;2;4;1;B02
201100011728;0;31;0;0;2;1;1;A01
201100011728;0;7;0;0;2;4;1;B02
201100011729;0;7;0;0;2;2;13;B02
201100011729;0;1;0;0;2;1;13;A01
201100011730;0;7;0;13;0;1;1;A01
201100011731;0;10;0;2;0;5;1;A01
201100011732;0;7;0;0;2;8;1;B02
201100011732;0;7;0;0;2;2;13;A01
201100011733;0;30;0;0;0;1;1;A01
201100011734;0;33;0;2;0;7;1;A01
201100011735;0;30;0;13;0;2;1;A01
201100011736;0;7;0;1;0;2;14;A01
201100011736;0;10;0;0;2;3;24;B02
201100011737;0;10;0;6;0;3;13;A01
201100011738;0;36;0;1;0;1;1;A01
201100011739;0;7;0;13;0;2;14;A01
201100011740;0;7;0;0;2;2;16;A01
201100011740;0;33;0;1;2;4;21;C03
201100011741;0;7;0;0;2;3;2;B02
201100011741;0;7;0;0;2;8;17;A01
201100011742;0;7;0;0;1;6;13;A01
201100011743;0;7;0;0;2;1;1;B02
201100011743;0;33;0;0;2;1;1;A01
201100011743;0;33;0;0;2;1;1;C03
201100011744;0;14;0;2;0;1;13;A01
201100011745;0;33;0;10;2;0;1;A01
201100011746;0;7;0;0;9;2;1;A01
201100011747;0;33;0;0;1;1;1;A01
201100011748;0;7;0;0;2;3;13;A01
201100011748;0;7;0;0;2;8;1;B02
201100011749;0;31;0;6;0;1;1;A01
201100011750;0;7;0;0;2;8;1;C03
201100011750;0;7;0;0;2;1;5;A01
201100011750;0;7;0;0;2;1;1;B02
201100011751;0;7;0;0;2;3;13;A01
201100011752;0;7;0;3;0;1;1;A01
201100011753;0;7;0;0;2;1;2;D04
201100011753;0;7;0;0;2;4;2;G07
201100011753;0;7;0;0;2;1;2;B02
201100011753;0;7;0;0;2;1;2;E05
201100011753;0;7;0;0;2;1;2;F06
201100011753;0;10;0;0;2;1;2;A01
201100011753;0;7;0;0;2;1;2;H08
201100011753;0;7;0;0;2;1;2;C03
201100011754;0;30;0;6;2;8;18;A01
201100011754;0;7;0;0;2;7;1;B02
201100011755;0;7;0;0;2;6;19;A01
201100011755;0;33;0;0;2;1;1;B02
201100011756;0;7;0;0;2;3;15;A01
201100011756;0;7;0;0;2;1;17;B02
201100011757;0;7;0;0;2;3;9;A01
201100011757;0;2;0;0;0;1;12;B02
201100011758;0;7;0;0;2;3;15;A01
201100011758;0;2;0;0;2;7;17;B02
201100011759;0;33;0;0;0;0;1;A01
201100011760;0;7;0;0;2;4;1;A01
201100011760;0;2;0;0;2;1;1;B02
201100011761;0;7;0;2;0;8;1;A01
201100011762;0;7;0;0;0;2;9;A01
201100011762;0;31;0;0;0;8;1;B02
201100011763;0;30;0;0;2;5;14;A01
201100011763;0;7;0;0;2;3;0;B02
201100011764;0;30;0;0;2;1;1;A01
201100011764;0;7;0;0;2;6;15;B02
201100011765;0;7;0;0;0;3;16;A01
201100011765;0;33;0;0;2;1;1;B02
201100011766;0;7;0;0;0;5;15;B02
201100011766;0;2;0;0;0;1;18;A01
201100011767;0;7;0;0;0;8;15;B02
201100011767;0;31;0;0;2;1;17;A01
201100011768;0;31;0;0;5;8;1;A01
201100011769;0;7;0;6;0;1;0;A01
201100011770;0;30;0;0;2;1;1;A01
201100011770;0;7;0;0;2;3;1;B02
201100011771;0;7;0;0;0;5;0;B02
201100011771;0;30;0;1;0;2;1;A01
201100011772;0;7;0;1;0;8;0;C03
201100011772;0;7;0;0;2;3;15;A01
201100011772;0;31;0;0;2;1;17;B02
201100011773;0;7;0;0;0;2;16;A01
201100011773;0;33;0;15;0;8;1;B02
201100011774;0;7;0;0;0;8;1;B02
201100011774;0;7;0;0;2;2;13;A01
201100011774;0;7;0;0;0;8;1;C03
201100011774;0;33;0;0;0;0;1;D04
201100011775;0;7;0;0;0;7;15;A01
201100011775;0;32;0;0;2;1;1;B02
201100011776;0;7;0;0;0;1;1;A01
201100011776;0;31;0;0;0;1;3;B02
201100011777;0;32;0;0;0;1;0;B02
201100011777;0;7;0;0;0;5;4;A01
201100011778;0;32;0;0;2;3;3;A01
201100011778;0;30;0;0;2;8;3;B02
201100011778;0;33;0;0;9;1;3;C03
201100011778;0;7;0;0;2;8;1;D04
201100011779;0;7;0;0;2;4;1;A01
201100011779;0;7;0;0;2;1;2;B02
201100011780;0;33;0;1;2;2;17;A01
201100011780;0;7;0;0;0;0;0;B02
201100011781;0;2;0;0;0;1;5;A01
201100011782;0;2;0;0;1;1;0;A01
201100011782;0;7;0;0;0;3;0;B02
201100011783;0;30;0;2;0;6;14;A01
201100011784;0;33;0;0;0;1;0;B02
201100011784;0;7;0;0;0;3;15;A01
201100011785;0;7;0;0;2;1;12;B02
201100011785;0;7;0;0;2;1;1;A01
201100011786;0;33;0;0;2;1;5;A01
201100011786;0;7;0;0;2;3;1;B02
201100011787;0;7;0;0;0;3;15;A01
201100011787;0;32;0;0;0;1;17;B02
201100011788;0;32;0;0;2;8;13;B02
201100011788;0;7;0;0;2;7;1;A01
201100011789;0;7;0;0;2;8;19;A01
201100011789;0;33;0;0;2;1;1;B02
201100011790;0;2;0;0;2;1;18;A01
201100011790;0;7;0;0;2;2;15;B02
201100011791;0;7;0;0;0;3;1;A01
201100011791;0;30;0;0;0;1;5;B02
201100011792;0;7;0;0;0;3;0;C03
201100011792;0;7;0;0;0;1;19;B02
201100011792;0;30;0;0;0;1;1;A01
201100011793;0;7;0;0;2;1;1;B02
201100011793;0;34;0;0;2;1;17;A01
201100011794;0;30;0;0;1;1;1;A01
201100011795;0;31;0;0;2;1;1;A01
201100011795;0;7;0;0;2;6;1;B02
201100011796;0;7;0;0;2;7;15;A01
201100011796;0;33;0;0;2;1;1;B02
201100011797;0;7;0;0;2;2;15;A01
201100011797;0;2;0;0;2;1;18;B02
201100011798;0;7;0;0;2;1;1;A01
201100011798;0;7;0;0;2;8;15;B02
201100011799;0;7;0;0;2;2;15;B02
201100011799;0;1;0;0;2;1;1;A01
201100011800;0;7;0;0;2;1;2;A01
201100011800;0;7;0;0;2;4;23;B02
201100011801;0;7;0;0;1;4;4;A01
201100011802;0;10;0;6;0;1;1;A01
201100011803;0;7;0;8;0;3;14;A01
201100011804;0;33;0;0;2;1;13;A01
201100011804;0;7;0;0;2;1;1;B02
201100011805;0;1;0;0;2;3;1;B02
201100011805;0;7;0;0;9;2;15;A01
201100011806;0;33;0;12;0;7;1;A01
201100011807;0;7;0;0;2;6;15;A01
201100011807;0;33;0;0;2;1;2;B02
201100011808;0;7;0;0;2;3;11;A01
201100011808;0;33;0;0;2;2;1;B02
201100011809;0;7;0;0;1;2;14;A01
201100011810;0;10;0;0;2;3;21;B02
201100011810;0;33;0;0;2;9;13;A01
201100011811;0;33;0;0;2;1;1;B02
201100011811;0;7;0;6;0;3;1;A01
201100011812;0;7;0;0;2;2;19;A01
201100011812;0;33;0;0;2;1;1;B02
201100011813;0;10;0;0;2;3;1;B02
201100011813;0;7;0;0;2;3;1;A01
201100011814;0;14;0;0;2;3;15;B02
201100011814;0;31;0;0;2;1;17;A01
201100011815;0;31;0;0;1;1;3;A01
201100011816;0;33;0;14;0;1;6;A01
201100011817;0;7;0;0;2;3;13;A01
201100011817;0;14;0;0;2;3;1;B02
201100011818;0;31;0;0;1;1;1;A01
201100011819;0;33;0;0;0;0;1;A01
201100011820;0;31;0;0;1;1;17;A01
201100011821;0;7;0;0;2;2;9;A01
201100011821;0;33;0;0;2;2;1;B02
201100011822;0;36;0;13;0;3;16;A01
201100011823;0;7;0;16;0;7;14;A01
201100011824;0;7;0;2;0;1;0;A01
201100011825;0;1;0;0;2;1;13;A01
201100011825;0;7;0;0;2;2;13;B02
201100011826;0;7;0;0;2;3;1;C03
201100011826;0;7;0;0;2;1;1;D04
201100011826;0;7;0;0;2;8;1;B02
201100011826;0;7;0;0;2;3;13;A01
201100011827;1;31;0;0;1;1;21;A01
201100011828;0;7;0;0;1;1;2;A01
201100011829;0;7;0;0;2;1;15;A01
201100011829;0;7;0;0;2;1;1;B02
201100011830;0;7;0;0;2;1;1;B02
201100011830;0;7;0;0;2;7;0;A01
201100011831;0;7;0;0;2;6;17;A01
201100011831;0;33;0;4;2;2;17;B02
201100011832;0;7;0;0;2;1;1;B02
201100011832;0;1;0;0;2;1;1;A01
201100011833;0;7;0;0;2;1;13;A01
201100011833;0;7;0;0;2;1;1;B02
201100011834;0;7;0;0;2;1;1;B02
201100011834;0;7;0;0;2;7;15;A01
201100011835;0;33;0;0;0;6;1;B02
201100011835;0;7;0;0;0;3;10;A01
201100011836;0;7;0;4;0;1;13;A01
201100011837;0;99;0;0;0;0;0;A01
201100011837;0;31;0;0;2;1;1;B02
201100011838;0;7;0;1;1;1;1;A01
201100011838;0;7;0;3;0;4;1;B02
201100011839;0;7;0;0;2;3;3;A01
201100011839;0;37;0;0;2;3;1;B02
201100011840;0;30;0;2;0;2;1;A01
201100011841;0;7;0;0;2;3;0;B02
201100011841;0;7;0;0;2;1;2;C03
201100011841;0;7;0;0;2;3;13;A01
201100011842;0;31;0;0;2;5;9;A01
201100011842;0;7;0;0;2;2;1;B02
201100011843;0;7;0;0;0;1;1;A01
201100011844;0;33;0;12;0;1;1;A01
201100011845;0;32;0;3;0;1;1;A01
201100011846;0;2;0;0;0;1;1;B02
201100011846;0;7;0;0;0;8;15;A01
201100011847;0;7;0;0;2;3;13;A01
201100011847;0;7;0;0;2;3;1;B02
201100011848;0;36;0;2;0;1;2;A01
201100011849;0;7;0;0;2;1;1;B02
201100011849;0;33;0;15;2;1;17;A01
201100011850;0;33;0;15;0;1;1;A01
201100011851;0;33;0;13;0;7;1;A01
201100011852;0;7;0;0;2;2;15;B02
201100011852;0;33;0;0;2;1;1;A01
201100011853;0;33;0;10;0;7;1;A01
201100011854;0;10;0;0;2;3;1;B02
201100011854;0;7;0;0;2;2;13;A01
201100011855;0;33;0;0;2;1;1;B02
201100011855;0;14;0;0;0;0;24;C03
201100011855;0;15;0;0;0;8;17;A01
201100011856;0;7;0;0;0;6;23;B02
201100011856;0;10;0;1;0;1;2;A01
201100011857;0;14;0;0;2;1;1;B02
201100011857;0;30;0;0;2;9;17;A01
201100011858;0;30;0;4;0;1;19;A01
201100011859;0;7;0;0;2;8;19;A01
201100011859;0;10;0;0;2;1;1;C03
201100011859;0;33;0;0;2;1;1;B02
201100011860;0;7;0;0;2;3;1;B02
201100011860;0;33;0;0;2;1;13;A01
201100011861;0;32;0;0;2;1;1;A01
201100011862;0;34;0;13;0;1;1;A01
201100011863;0;7;0;0;2;8;1;B02
201100011863;0;31;0;0;2;1;6;A01
201100011864;0;7;0;0;1;3;1;A01
201100011865;0;31;0;10;0;1;1;A01
201100011866;0;7;0;0;1;2;1;A01
201100011867;0;7;0;0;2;2;11;A01
201100011867;0;33;0;0;2;1;1;B02
201100011868;0;7;0;0;1;4;4;A01
201100011869;0;7;0;0;0;2;2;A01
201100011870;0;10;0;0;0;1;24;A01
201100011871;0;7;0;0;2;1;17;A01
201100011871;0;7;0;0;2;1;1;B02
201100011872;0;7;0;0;2;3;13;A01
201100011872;0;7;0;0;2;3;1;B02
201100011873;0;33;0;0;2;1;1;B02
201100011873;0;33;0;0;2;1;13;A01
201100011874;0;33;0;16;0;0;1;A01
201100011875;0;33;0;1;0;1;21;A01
201100011875;0;33;0;0;2;4;0;B02
201100011876;0;33;0;0;2;1;13;A01
201100011876;0;7;0;0;2;1;1;B02
201100011877;0;33;0;3;0;1;1;A01
201100011878;0;33;0;0;2;4;21;A01
201100011878;0;1;0;0;2;4;0;B02
201100011879;0;7;0;6;0;7;1;A01
201100011880;0;1;0;10;0;8;1;A01
201100011881;0;7;0;13;0;1;1;A01
201100011882;0;7;0;0;0;1;1;A01
201100011882;0;7;0;0;0;1;13;B02
201100011883;0;7;0;0;1;2;10;A01
201100011884;0;33;0;0;9;1;1;A01
201100011885;0;33;0;0;1;3;1;A01
201100011886;0;7;0;0;0;3;1;B02
201100011886;0;33;0;0;0;1;5;A01
201100011887;0;33;0;13;0;2;1;A01
201100011888;0;7;0;2;0;8;1;A01
201100011889;0;37;0;0;1;2;1;A01
201100011890;0;7;0;8;0;1;14;A01
201100011891;0;7;0;0;2;1;1;A01
201100011891;0;7;0;0;2;1;1;B02
201100011892;0;7;0;0;2;1;19;A01
201100011892;0;33;0;0;2;1;1;B02
201100011893;0;33;0;0;2;1;1;B02
201100011893;0;7;0;0;2;3;5;A01
201100011894;0;33;0;0;2;1;1;B02
201100011894;0;7;0;0;2;3;19;A01
201100011895;0;7;0;0;2;8;19;A01
201100011895;0;7;0;0;2;1;1;B02
201100011896;0;7;0;0;0;5;15;B02
201100011896;0;7;0;0;2;2;1;C03
201100011896;0;7;0;0;2;3;1;A01
201100011897;0;7;0;0;2;3;1;B02
201100011897;0;7;0;0;2;3;13;A01
201100011898;0;7;0;2;0;2;14;A01
201100011899;0;7;0;0;2;3;1;C03
201100011899;0;33;0;0;2;4;0;A01
201100011899;0;7;0;0;2;3;1;B02
201100011900;0;33;0;3;0;1;0;A01
201100011901;0;33;0;6;0;1;1;A01
201100011902;0;33;0;2;0;0;0;A01
201100011903;0;33;0;2;0;7;1;A01
201100011904;0;33;0;13;0;1;1;A01
201100011905;0;7;0;0;2;2;5;A01
201100011905;0;7;0;0;2;3;1;B02
201100011906;0;7;0;2;0;3;1;A01
201100011907;0;2;0;0;0;0;1;A01
201100011908;0;7;0;0;0;3;13;A01
201100011908;0;7;0;0;0;3;1;B02
201100011909;0;7;0;1;2;3;23;A01
201100011909;0;2;0;1;2;1;1;B02
201100011910;0;10;0;0;2;1;2;A01
201100011910;0;7;0;0;2;4;1;B02
201100011911;0;33;0;0;0;5;1;A01
201100011912;0;20;0;5;0;1;1;A01
201100011913;0;33;0;13;0;1;1;A01
201100011914;0;7;0;13;0;3;1;A01
201100011915;0;7;0;0;2;1;1;B02
201100011915;0;7;0;0;2;8;1;A01
201100011916;0;7;0;0;2;8;17;A01
201100011916;0;10;0;0;2;1;1;B02
201100011917;0;31;0;0;2;1;17;A01
201100011917;0;7;0;0;2;4;15;B02
201100011918;0;1;0;0;2;4;1;B02
201100011919;0;7;0;0;2;8;19;A01
201100011919;0;7;0;0;2;1;1;B02
201100011920;0;33;0;2;0;9;1;A01
201100011921;0;2;0;14;0;1;1;A01
201100011922;0;33;0;3;2;9;2;A01
201100011922;0;7;0;0;2;3;1;B02
201100011923;0;7;0;0;2;7;15;A01
201100011923;0;33;0;0;2;1;1;B02
201100011924;0;32;0;12;0;1;1;A01
201100011925;0;33;0;9;0;1;1;A01
201100011926;0;7;0;6;0;3;1;A01
201100011927;0;34;0;0;2;3;1;B02
201100011927;0;7;0;0;2;3;13;A01
201100011928;0;17;0;0;2;3;23;B02
201100011928;0;7;0;0;2;7;13;A01
201100011929;0;33;0;2;0;8;1;A01
201100011930;0;7;0;0;2;1;2;A01
201100011930;0;7;0;0;0;4;23;B02
201100011931;0;10;0;0;2;3;1;B02
201100011931;0;33;0;0;2;1;13;A01
201100011932;0;7;0;0;2;3;15;B02
201100011932;0;33;0;0;2;1;17;A01
201100011933;0;33;0;13;0;1;13;A01
201100011934;0;7;0;0;1;8;17;A01
201100011935;0;7;0;2;0;7;1;A01
201100011936;0;33;0;0;2;1;17;B02
201100011936;0;15;0;0;2;3;15;A01
201100011937;0;7;0;0;1;0;15;A01
201100011938;0;30;0;6;0;9;17;A01
201100011938;0;7;0;0;0;0;0;B02
201100011939;0;7;0;0;0;3;11;A01
201100011939;0;3;0;0;0;2;17;B02
201100011940;0;7;0;0;1;3;1;A01
201100011941;0;7;0;0;2;3;1;A01
201100011941;0;33;0;0;2;1;1;B02
201100011942;0;2;0;15;2;1;5;B02
201100011942;0;7;0;0;2;3;1;A01
201100011943;0;33;0;0;2;3;1;B02
201100011943;0;7;0;0;2;8;15;A01
201100011944;0;7;0;2;0;3;13;A01
201100011945;0;7;0;13;0;3;1;A01
201100011946;0;10;0;6;0;1;14;A01
201100011947;0;33;0;13;0;2;1;A01
201100011948;0;33;0;3;0;1;1;A01
201100011949;0;31;0;0;2;1;17;A01
201100011949;0;7;0;0;2;3;1;B02
201100011950;0;99;0;0;0;6;0;A01
201100011950;0;7;0;0;2;2;2;B02
201100011951;0;7;0;0;0;3;1;A01
201100011951;0;7;0;0;2;6;1;B02
201100011952;0;33;0;0;2;1;1;B02
201100011952;0;7;0;0;2;7;9;A01
201100011953;0;7;0;2;0;9;13;A01
201100011954;0;7;0;0;2;1;1;B02
201100011954;0;7;0;0;0;3;16;A01
201100011955;0;7;0;2;0;1;13;A01
201100011956;0;31;0;0;0;7;1;A01
201100011957;0;33;0;16;0;3;14;A01
201100011958;0;7;0;2;0;3;0;A01
201100011959;0;7;0;0;0;9;1;A01
201100011960;0;37;0;12;0;8;1;B02
201100011960;0;33;0;12;0;7;17;A01
201100011961;0;3;0;0;0;4;0;A01
201100011961;0;33;0;0;0;1;0;B02
201100011962;0;7;0;0;2;1;10;B02
201100011962;0;33;0;0;2;1;2;A01
201100011963;0;7;0;0;0;3;1;A01
201100011963;0;7;0;0;0;7;17;B02
201100011964;0;7;0;0;1;3;1;A01
201100011965;0;32;0;0;0;9;14;A01
201100011966;0;1;0;0;0;0;1;B02
201100011966;0;14;0;0;0;0;17;A01
201100011967;0;7;0;0;2;3;15;B02
201100011967;0;7;0;0;2;1;15;A01
201100011968;0;7;0;0;2;1;5;A01
201100011968;0;7;0;0;2;1;1;C03
201100011968;0;7;0;0;2;3;1;B02
201100011969;0;7;0;0;2;1;1;A01
201100011969;0;7;0;0;0;4;1;B02
201100011970;0;7;0;0;2;2;1;B02
201100011970;0;7;0;0;2;2;13;A01
201100011971;0;7;0;0;2;9;17;A01
201100011972;0;33;0;13;0;1;13;A01
201100011973;0;7;0;0;2;1;9;B02
201100011973;0;31;0;0;2;7;17;A01
201100011974;0;31;0;13;0;7;21;A01
201100011975;0;7;0;0;2;5;5;A01
201100011975;0;30;0;0;2;1;1;B02
201100011976;0;7;0;0;2;8;15;A01
201100011976;0;31;0;0;2;1;17;B02
201100011977;0;7;0;0;2;3;13;A01
201100011977;0;7;0;0;2;3;21;B02
201100011978;0;7;0;0;2;8;21;B02
201100011978;0;7;0;0;2;1;13;A01
201100011979;0;31;0;13;0;8;1;A01
201100011980;0;7;0;0;2;1;1;B02
201100011980;0;7;0;0;2;1;1;A01
201100011981;0;33;0;13;0;1;14;A01
201100011982;0;10;0;2;0;2;1;A01
201100011983;0;7;0;14;0;1;13;B02
201100011983;0;1;0;0;0;0;1;A01
201100011983;0;7;0;0;0;1;1;C03
201100011984;0;7;0;0;0;1;15;A01
201100011984;0;33;0;0;2;1;1;B02
201100011984;0;33;0;0;2;1;1;C03
201100011985;0;7;0;0;0;1;1;A01
201100011985;0;7;0;0;0;1;1;B02
201100011986;0;7;0;0;2;2;17;A01
201100011986;0;1;0;0;0;4;1;B02
201100011987;0;7;0;0;0;1;1;B02
201100011987;0;7;0;0;0;1;1;A01
201100011988;0;33;0;2;0;1;1;A01
201100011989;0;7;0;0;2;2;1;B02
201100011989;0;30;0;0;2;3;13;A01
201100011990;0;7;0;0;9;2;2;A01
201100011990;0;1;0;0;0;4;2;B02
201100011991;0;7;0;0;1;7;1;A01
201100011992;0;7;0;0;2;3;1;B02
201100011992;0;7;0;0;2;2;1;A01