num_acc;senc;catv;occutc;obs;obsm;choc;manv;num_veh
201100011993;0;7;0;6;0;7;1;A01
201100011994;0;33;0;0;2;8;1;C03
201100011994;0;33;0;0;2;4;1;B02
201100011994;0;33;0;0;0;8;1;A01
201100011995;0;7;0;0;2;2;1;A01
201100011995;0;1;0;0;2;8;19;B02
201100011996;0;10;0;0;2;6;24;B02
201100011996;0;7;0;1;0;2;1;A01
201100011997;0;7;0;0;2;1;1;B02
201100011997;0;7;0;0;2;1;13;A01
201100011998;0;33;0;2;0;2;1;A01
201100011999;0;30;0;0;2;1;5;A01
201100011999;0;3;0;0;2;1;1;B02
201100012000;0;30;0;8;0;1;1;A01
201100012001;0;1;0;0;2;1;1;B02
201100012001;0;10;0;0;2;5;1;A01
201100012002;0;7;0;0;2;1;13;A01
201100012002;0;7;0;0;2;1;1;B02
201100012003;0;7;0;0;2;1;1;A01
201100012003;0;7;0;0;2;1;1;B02
201100012004;0;33;0;0;2;1;1;B02
201100012004;0;7;0;0;2;8;15;A01
201100012005;0;7;0;0;0;0;1;A01
201100012006;0;7;0;0;2;8;15;A01
201100012006;0;33;0;0;2;1;1;B02
201100012007;0;7;0;0;2;3;19;B02
201100012007;0;33;0;0;2;2;1;A01
201100012008;0;33;0;1;0;1;2;A01
201100012008;0;7;0;0;0;4;2;B02
201100012009;0;30;0;13;0;8;1;A01
201100012010;0;7;0;0;2;3;13;A01
201100012010;0;7;0;0;2;3;1;B02
201100012011;0;7;0;0;2;3;1;B02
201100012011;0;17;0;0;2;6;1;A01
201100012012;0;7;0;0;2;5;15;A01
201100012012;0;33;0;0;2;1;1;B02
201100012012;0;7;0;0;2;3;23;C03
201100012013;0;33;0;13;0;1;1;A01
201100012014;0;7;0;0;0;2;15;A01
201100012014;0;33;0;0;0;7;1;B02
201100012015;0;7;0;13;0;4;1;A01
201100012016;0;1;0;0;2;1;0;C03
201100012016;0;7;0;0;2;1;15;A01
201100012016;0;1;0;0;2;8;1;B02
201100012017;0;7;0;13;0;2;0;A01
201100012018;0;33;0;13;0;3;1;A01
201100012019;0;30;0;0;1;1;1;A01
201100012020;0;2;0;0;2;1;1;A01
201100012020;0;7;0;0;2;7;19;B02
201100012021;0;7;0;0;5;2;1;A01
201100012022;0;7;0;0;0;1;13;A01
201100012022;0;7;0;0;0;1;1;B02
201100012023;0;7;0;0;0;2;17;A01
201100012023;0;7;0;0;0;3;1;B02
201100012023;0;33;0;0;0;1;1;C03
201100012024;0;7;0;0;2;1;1;B02
201100012024;0;7;0;0;2;7;21;A01
201100012025;0;7;0;16;0;2;0;A01
201100012026;0;30;0;13;0;2;14;A01
201100012027;0;7;0;0;0;1;1;B02
201100012027;0;10;0;0;0;1;13;A01
201100012028;0;7;0;6;0;2;1;A01
201100012029;0;7;0;0;0;0;1;A01
201100012030;0;14;0;0;2;3;13;A01
201100012030;0;7;0;0;2;3;1;B02
201100012031;0;7;0;0;2;1;1;A01
201100012031;0;7;0;0;2;7;15;B02
201100012032;0;7;0;0;0;4;2;B02
201100012032;0;7;0;0;2;1;2;A01
201100012033;0;7;0;0;2;1;1;A01
201100012033;0;7;0;0;2;1;1;B02
201100012034;0;33;0;0;5;1;1;A01
201100012035;0;7;0;0;0;1;13;A01
201100012035;0;15;0;0;2;3;1;B02
201100012036;0;7;0;0;2;1;1;B02
201100012036;0;7;0;0;6;1;1;A01
201100012037;0;7;0;0;2;2;13;A01
201100012037;0;7;0;0;2;3;1;B02
201100012038;0;30;0;0;2;1;17;B02
201100012038;0;7;0;0;2;8;19;A01
201100012039;0;10;0;0;2;1;1;B02
201100012039;0;7;0;4;2;1;1;A01
201100012040;0;7;0;8;0;7;19;A01
201100012041;0;7;0;0;2;1;13;A01
201100012041;0;7;0;0;2;1;1;B02
201100012042;0;7;0;0;2;1;13;A01
201100012042;0;7;0;0;2;1;9;C03
201100012042;0;7;0;0;2;7;9;B02
201100012043;0;7;0;15;0;1;1;A01
201100012044;0;33;0;0;2;8;17;A01
201100012044;0;7;0;0;2;3;1;B02
201100012045;0;7;0;0;2;2;15;A01
201100012045;0;2;0;0;2;1;1;B02
201100012046;0;7;0;2;0;5;17;A01
201100012047;0;7;0;0;2;3;13;A01
201100012047;0;7;0;0;2;3;1;B02
201100012048;0;2;0;0;2;1;2;B02
201100012048;0;7;0;0;2;4;1;A01
201100012049;0;7;0;0;2;3;13;A01
201100012049;0;7;0;0;2;9;1;B02
201100012050;0;7;0;0;0;8;1;C03
201100012050;0;10;0;0;2;1;1;A01
201100012050;0;10;0;0;2;4;15;B02
201100012051;0;7;0;0;2;2;1;C03
201100012051;0;7;0;14;2;3;1;B02
201100012051;0;7;0;0;2;9;13;A01
201100012052;0;31;0;0;2;1;2;A01
201100012052;0;7;0;0;2;4;2;B02
201100012053;0;7;0;0;2;6;1;C03
201100012053;0;7;0;0;2;1;1;B02
201100012053;0;7;0;0;2;3;15;A01
201100012054;0;30;0;0;1;1;1;A01
201100012055;0;33;0;0;2;1;17;B02
201100012055;0;7;0;0;2;3;15;A01
201100012056;0;30;0;0;2;1;17;A01
201100012056;0;7;0;0;2;6;15;B02
201100012057;0;7;0;0;2;3;15;A01
201100012057;0;33;0;12;2;1;1;B02
201100012058;0;7;0;0;2;1;1;C03
201100012058;0;31;0;0;2;1;17;A01
201100012058;0;7;0;0;2;3;1;B02
201100012059;0;31;0;0;0;2;1;A01
201100012060;0;2;0;0;2;1;1;B02
201100012060;0;7;0;2;0;1;1;A01
201100012061;0;7;0;0;2;8;1;B02
201100012061;0;30;0;0;2;2;17;A01
201100012062;0;7;0;0;2;2;19;A01
201100012062;0;33;0;0;2;1;1;B02
201100012063;0;7;0;0;2;1;15;A01
201100012063;0;32;0;0;2;2;17;B02
201100012063;0;33;0;0;2;1;2;C03
201100012064;0;33;0;0;2;1;17;A01
201100012064;0;7;0;0;2;6;1;B02
201100012065;0;7;0;0;1;8;15;A01
201100012066;0;7;0;0;2;5;1;A01
201100012066;0;33;0;0;2;1;1;B02
201100012067;0;7;0;0;2;2;1;A01
201100012067;0;31;0;1;2;1;15;B02
201100012068;0;7;0;0;2;1;1;B02
201100012068;0;31;0;0;2;1;5;A01
201100012069;0;7;0;2;0;1;1;A01
201100012070;0;34;0;0;1;1;3;A01
201100012071;0;7;0;0;2;3;15;A01
201100012071;0;30;0;0;2;1;1;B02
201100012072;0;7;0;2;0;1;1;A01
201100012073;0;32;0;1;0;1;1;A01
201100012073;0;7;0;0;2;4;23;B02
201100012074;0;7;0;2;0;3;1;A01
201100012075;0;30;0;0;2;1;1;B02
201100012075;0;7;0;0;2;2;15;A01
201100012076;0;32;0;13;0;1;1;A01
201100012077;0;7;0;0;2;3;19;B02
201100012077;0;33;0;0;2;1;17;A01
201100012078;0;10;0;0;0;1;0;C03
201100012078;0;7;0;0;2;3;1;A01
201100012078;0;10;0;0;2;8;1;B02
201100012079;0;2;0;7;0;1;1;A01
201100012080;0;7;0;0;0;1;1;A01
201100012081;0;7;0;0;2;1;1;B02
201100012081;0;7;0;0;2;1;13;A01
201100012082;0;38;0;0;2;3;1;B02
201100012082;0;7;0;0;2;3;1;A01
201100012083;0;34;0;12;0;9;1;A01
201100012084;0;7;0;0;2;3;15;B02
201100012084;0;33;0;1;2;1;1;A01
201100012085;0;7;0;0;9;3;14;A01
201100012085;0;32;0;0;2;1;1;B02
201100012086;0;30;0;0;0;0;1;A01
201100012087;0;33;0;0;9;1;1;A01
201100012088;0;7;0;0;1;1;1;A01
201100012089;0;7;0;0;0;8;19;A01
201100012089;0;7;0;0;2;1;1;B02
201100012090;0;7;0;0;2;8;19;B02
201100012090;0;7;0;0;2;3;1;A01
201100012091;0;7;0;0;2;3;1;A01
201100012091;0;7;0;0;2;1;1;D04
201100012091;0;7;0;0;2;4;23;B02
201100012091;0;7;0;0;2;8;1;C03
201100012092;0;7;0;0;2;3;13;A01
201100012092;0;33;0;0;0;1;1;B02
201100012092;0;33;0;0;2;6;1;C03
201100012093;0;2;0;0;2;8;1;B02
201100012093;0;7;0;0;2;3;15;A01
201100012094;0;7;0;0;2;3;5;A01
201100012094;0;33;0;0;2;1;1;B02
201100012095;0;7;0;0;2;6;10;A01
201100012095;0;33;0;0;2;1;1;B02
201100012096;0;10;0;4;0;1;14;A01
201100012097;0;7;0;1;0;3;21;A01
201100012097;0;7;0;0;2;3;1;C03
201100012097;0;7;0;0;2;5;23;B02
201100012098;0;7;0;0;1;3;1;A01
201100012099;0;7;0;0;1;3;1;A01
201100012100;0;33;0;6;0;7;1;A01
201100012101;0;30;0;0;2;1;1;A01
201100012101;0;99;0;0;0;8;15;B02
201100012102;0;32;0;0;2;8;17;A01
201100012102;0;7;0;0;2;2;20;B02
201100012103;0;1;0;0;2;2;16;B02
201100012103;0;7;0;0;0;6;18;A01
201100012104;0;10;0;0;2;8;1;C03
201100012104;0;7;0;0;0;3;1;B02
201100012104;0;7;0;0;2;3;13;A01
201100012105;0;7;0;0;0;7;20;B02
201100012105;0;33;0;2;2;1;21;A01
201100012106;0;33;0;0;2;7;1;B02
201100012106;0;30;0;0;2;8;15;A01
201100012107;0;7;0;0;1;2;1;A01
201100012108;0;10;0;0;2;0;17;A01
201100012108;0;30;0;0;2;3;1;B02
201100012109;0;7;0;0;2;6;1;A01
201100012109;0;7;0;0;2;3;1;B02
201100012110;0;7;0;0;2;4;23;B02
201100012110;0;33;0;0;2;3;17;A01
201100012111;0;31;0;0;2;1;1;B02
201100012111;0;30;0;0;2;1;17;A01
201100012112;0;7;0;6;0;1;1;A01
201100012113;0;15;0;0;2;0;1;B02
201100012113;0;31;0;0;2;0;1;A01
201100012114;0;2;0;0;2;1;17;A01
201100012114;0;7;0;0;2;8;15;B02
201100012115;0;7;0;0;2;1;1;B02
201100012115;0;7;0;0;2;1;5;A01
201100012116;0;33;0;0;2;6;1;B02
201100012116;0;7;0;0;2;3;5;A01
201100012117;0;7;0;0;2;1;0;B02
201100012117;0;7;0;0;2;1;5;A01
201100012118;0;7;0;0;1;2;1;A01
201100012119;0;7;0;0;2;8;15;B02
201100012119;0;33;0;0;2;1;1;A01
201100012120;0;32;0;0;2;1;1;A01
201100012120;0;1;0;0;2;7;19;B02
201100012121;0;7;0;0;0;7;15;A01
201100012121;0;33;0;0;2;1;1;B02
201100012122;0;7;0;2;0;1;1;A01
201100012123;0;7;0;0;2;3;13;A01
201100012123;0;7;0;0;2;3;1;B02
201100012124;0;10;0;2;2;7;13;A01
201100012124;0;7;0;0;2;1;1;B02
201100012125;0;7;0;2;0;9;13;A01
201100012126;0;2;0;0;0;0;1;A01
201100012127;0;7;0;0;2;1;15;A01
201100012127;0;7;0;0;2;1;1;B02
201100012128;0;7;0;0;2;1;2;A01
201100012128;0;1;0;0;2;4;2;B02
201100012129;0;33;0;0;2;8;1;B02
201100012129;0;33;0;4;2;8;13;A01
201100012130;0;31;0;0;2;1;1;B02
201100012130;0;13;0;0;2;3;9;A01
201100012131;0;7;0;0;2;3;1;B02
201100012131;0;7;0;0;2;3;13;A01
201100012132;0;7;0;0;2;2;1;B02
201100012132;0;7;0;0;2;2;5;A01
201100012133;0;7;0;0;0;4;15;B02
201100012133;0;33;0;0;2;1;2;A01
201100012134;0;7;0;0;2;1;13;A01
201100012134;0;7;0;0;0;0;1;C03
201100012134;0;7;0;0;2;8;1;B02
201100012135;0;7;0;0;2;6;15;A01
201100012135;0;7;0;0;2;1;1;B02
201100012136;0;1;0;0;2;8;1;B02
201100012136;0;14;0;0;2;7;1;A01
201100012137;0;33;0;0;0;1;13;A01
201100012137;0;7;0;0;0;1;1;B02
201100012138;0;30;0;0;2;1;1;B02
201100012138;0;7;0;0;2;3;1;A01
201100012139;0;2;0;14;0;1;1;A01
201100012140;0;7;0;0;2;3;1;B02
201100012140;0;2;0;0;2;1;19;A01
201100012141;0;10;0;0;1;7;1;A01
201100012142;0;2;0;16;0;3;1;A01
201100012143;0;7;0;0;2;7;14;B02
201100012143;0;7;0;0;2;2;23;A01
201100012144;0;7;0;0;2;3;13;A01
201100012144;0;2;0;0;2;6;1;B02
201100012145;0;7;0;0;0;6;1;C03
201100012145;0;7;0;0;2;1;5;A01
201100012145;0;33;0;0;2;1;1;B02
201100012146;0;33;0;0;2;1;1;A01
201100012146;0;7;0;0;2;3;19;B02
201100012147;0;2;0;0;2;1;1;B02
201100012147;0;10;0;0;2;3;15;A01
201100012148;0;34;0;0;2;1;1;A01
201100012148;0;32;0;0;2;2;15;B02
201100012149;0;33;0;0;2;1;1;A01
201100012149;0;7;0;0;2;3;13;B02
201100012150;0;33;0;0;2;1;1;A01
201100012150;0;7;0;0;0;8;9;B02
201100012151;0;7;0;3;0;1;13;A01
201100012152;0;7;0;0;2;3;17;A01
201100012152;0;7;0;0;2;3;1;B02
201100012153;0;7;0;13;0;1;0;A01
201100012154;0;33;0;0;2;1;1;C03
201100012154;0;7;0;0;2;1;13;A01
201100012154;0;33;0;9;2;3;1;B02
201100012155;0;7;0;2;0;2;14;A01
201100012156;0;7;0;8;0;1;13;A01
201100012157;0;30;0;0;1;0;0;A01
201100012158;0;7;0;0;1;2;17;A01
201100012159;0;7;0;0;2;3;13;A01
201100012159;0;7;0;0;2;3;1;B02
201100012160;0;33;0;1;0;1;15;A01
201100012161;0;7;0;0;1;1;1;A01
201100012161;0;7;0;0;1;1;2;B02
201100012162;0;7;0;0;2;6;23;C03
201100012162;0;7;0;0;2;1;1;A01
201100012162;0;10;0;0;2;1;15;B02
201100012163;0;7;0;0;2;9;1;A01
201100012163;0;7;0;0;2;1;1;D04
201100012163;0;16;0;0;2;3;1;B02
201100012163;0;10;0;0;2;8;1;E05
201100012163;0;7;0;0;2;1;1;C03
201100012164;0;33;0;0;2;1;17;A01
201100012164;0;7;0;0;2;6;15;B02
201100012165;0;7;0;0;2;8;1;A01
201100012165;0;7;0;0;2;2;19;B02
201100012166;0;15;0;0;2;1;1;B02
201100012166;0;7;0;0;2;5;13;A01
201100012167;0;33;0;0;2;1;1;B02
201100012167;0;7;0;0;2;8;1;A01
201100012168;0;2;0;0;0;1;1;A01
201100012169;0;7;0;0;1;2;1;A01
201100012170;1;31;0;0;2;4;1;B02
201100012170;0;2;0;0;2;1;1;A01
201100012171;0;7;0;0;2;9;1;B02
201100012171;0;7;0;0;2;1;1;A01
201100012172;0;7;0;0;0;9;1;A01
201100012173;0;7;0;0;0;0;15;A01
201100012173;0;33;0;0;0;0;1;B02
201100012174;0;14;0;0;0;1;1;B02
201100012174;0;7;0;0;0;1;1;A01
201100012175;0;7;0;8;0;3;1;A01
201100012176;0;38;0;0;2;7;1;B02
201100012176;0;2;0;0;2;2;15;A01
201100012177;0;31;0;12;0;1;1;A01
201100012178;0;31;0;0;2;1;9;A01
201100012178;0;7;0;0;2;2;1;B02
201100012179;0;7;0;0;1;7;1;A01
201100012180;0;7;0;0;1;1;1;A01
201100012181;0;10;0;0;9;7;16;A01
201100012181;0;1;0;0;2;1;1;B02
201100012182;0;2;0;0;2;1;1;B02
201100012182;0;7;0;0;2;7;15;A01
201100012183;0;2;0;0;0;8;19;B02
201100012183;0;7;0;0;0;1;21;A01
201100012184;0;7;0;8;0;1;14;A01
201100012185;0;7;0;13;0;1;14;A01
201100012186;0;7;0;0;0;9;1;A01
201100012187;0;7;0;13;0;5;0;A01
201100012188;0;7;0;13;0;1;1;A01
201100012189;0;1;0;0;2;8;13;A01
201100012189;0;7;0;0;9;7;1;B02
201100012190;0;7;0;0;2;2;15;A01
201100012190;0;30;0;0;2;1;1;B02
201100012191;0;30;0;0;2;1;1;A01
201100012191;0;7;0;0;2;3;1;B02
201100012192;0;7;0;0;0;4;1;B02
201100012192;0;32;0;0;2;1;1;A01
201100012193;0;1;0;0;2;1;15;B02
201100012193;0;7;0;0;2;3;1;A01
201100012194;0;7;0;0;2;3;1;A01
201100012194;0;2;0;0;2;2;19;B02
201100012195;0;7;0;0;2;8;15;A01
201100012195;0;33;0;0;2;7;17;B02
201100012196;0;7;0;4;2;2;1;A01
201100012196;0;7;0;4;2;6;1;B02
201100012197;0;7;0;0;0;8;10;A01
201100012197;0;33;0;0;2;1;1;B02
201100012198;0;7;0;0;2;2;1;B02
201100012198;0;7;0;0;2;6;11;A01
201100012199;0;14;0;0;1;7;1;A01
201100012200;0;99;0;0;2;0;9;B02
201100012200;0;7;0;0;2;2;1;A01
201100012201;0;7;0;0;0;5;1;A01
201100012201;0;2;0;0;0;1;1;B02
201100012202;0;7;0;0;2;8;1;C03
201100012202;0;7;0;0;2;2;1;A01
201100012202;0;7;0;0;2;6;15;B02
201100012203;0;7;0;0;0;4;23;C03
201100012203;0;10;0;14;0;1;2;A01
201100012203;0;7;0;14;0;9;23;B02
201100012204;0;2;0;0;2;2;17;B02
201100012204;0;7;0;0;2;3;2;A01
201100012205;0;33;0;0;2;1;13;B02
201100012205;0;7;0;0;2;1;1;A01
201100012206;0;7;0;6;0;2;2;A01
201100012207;0;7;0;0;2;2;2;A01
201100012207;0;1;0;0;0;4;2;B02
201100012208;0;7;0;8;0;1;1;A01
201100012209;0;7;0;0;2;2;9;A01
201100012209;0;33;0;0;2;1;1;B02
201100012210;0;7;0;0;2;1;2;B02
201100012210;0;14;0;0;0;5;16;A01
201100012211;0;7;0;0;0;1;0;B02
201100012211;0;7;0;0;0;4;2;A01
201100012212;0;7;0;0;2;1;13;A01
201100012212;0;7;0;0;2;1;1;B02
201100012212;0;7;0;0;2;3;1;C03
201100012213;0;7;0;0;2;1;1;C03
201100012213;0;7;0;0;2;3;13;A01
201100012213;0;7;0;0;2;3;1;B02
201100012214;0;7;0;2;0;1;1;A01
201100012215;0;7;0;8;0;1;14;A01
201100012216;0;10;0;0;0;1;1;A01
201100012217;0;10;0;0;1;2;1;A01
201100012218;0;7;0;0;0;1;2;A01
201100012218;0;14;0;0;0;4;16;B02
201100012219;0;7;0;16;0;1;13;A01
201100012220;0;10;0;0;1;4;4;A01
201100012221;0;7;0;0;2;3;1;A01
201100012221;0;10;0;0;2;2;1;B02
201100012222;0;7;0;0;2;3;1;A01
201100012222;0;7;0;0;2;1;0;B02
201100012223;0;7;0;0;2;3;13;A01
201100012223;0;7;0;0;0;3;1;B02
201100012224;0;7;0;0;2;3;9;B02
201100012224;0;7;0;0;2;2;1;A01
201100012225;0;7;0;2;0;3;1;A01
201100012226;0;7;0;0;2;3;13;B02
201100012226;0;7;0;0;2;3;1;A01
201100012227;0;7;0;0;1;1;2;A01
201100012228;0;7;0;0;2;7;13;A01
201100012228;0;7;0;0;2;1;1;B02
201100012229;0;7;0;8;0;9;1;A01
201100012230;1;7;0;0;9;1;2;A01
201100012230;0;1;0;0;0;4;1;B02
201100012231;0;10;0;16;0;9;1;A01
201100012232;0;7;0;0;2;3;1;B02
201100012232;0;7;0;0;2;2;15;A01
201100012233;0;7;0;0;1;2;1;A01
201100012234;0;30;0;8;0;3;1;A01
201100012235;0;1;0;0;2;1;1;B02
201100012235;0;7;0;0;0;3;17;A01
201100012236;0;7;0;2;0;8;1;A01
201100012237;0;10;0;0;1;2;15;A01
201100012238;0;7;0;0;2;3;15;A01
201100012238;0;33;0;0;2;1;1;B02
201100012239;0;10;0;0;1;2;19;A01
201100012240;0;33;0;13;0;1;1;A01
201100012240;0;33;0;13;0;1;1;B02
201100012241;0;7;0;2;0;9;1;A01
201100012242;0;7;0;0;2;3;1;B02
201100012242;0;7;0;0;2;1;13;A01
201100012243;0;7;0;0;2;3;1;A01
201100012243;0;7;0;0;2;3;1;B02
201100012244;0;14;0;10;0;7;1;A01
201100012245;0;7;0;14;0;2;1;A01
201100012246;0;10;0;0;0;2;15;A01
201100012246;0;33;0;0;0;1;1;B02
201100012247;0;7;0;0;1;1;15;A01
201100012248;0;7;0;0;2;1;15;A01
201100012248;0;33;0;0;2;1;1;B02
201100012249;0;7;0;2;0;8;1;A01
201100012250;0;7;0;8;0;1;1;A01
201100012251;0;15;0;0;2;7;16;A01
201100012251;0;33;0;0;2;8;1;B02
201100012252;0;7;0;16;0;8;1;A01
201100012253;0;34;0;0;2;3;1;A01
201100012253;0;33;0;0;2;3;1;B02
201100012254;0;7;0;0;2;1;9;A01
201100012254;0;7;0;0;2;4;1;B02
201100012255;0;33;0;3;0;2;1;A01
201100012256;0;7;0;2;0;7;1;A01
201100012257;0;7;0;13;0;1;1;A01
201100012258;0;7;0;15;0;1;1;A01
201100012259;0;7;0;13;0;8;13;A01
201100012260;0;33;0;14;0;1;1;A01
201100012261;0;33;0;0;2;0;21;A01
201100012261;0;7;0;0;9;1;1;B02
201100012262;0;33;0;13;0;1;1;A01
201100012263;0;7;0;2;0;7;1;A01
201100012264;0;7;0;2;0;7;1;A01
201100012265;0;7;0;0;2;8;17;A01
201100012265;0;33;0;0;2;7;17;B02
201100012266;0;33;0;0;0;4;2;A01
201100012267;0;7;0;0;2;7;19;A01
201100012267;0;31;0;0;2;1;1;B02
201100012268;0;1;0;10;0;1;1;A01
201100012269;0;10;0;2;0;3;13;A01
201100012270;0;7;0;0;2;7;15;A01
201100012270;0;30;0;0;2;1;1;B02
201100012271;0;1;0;0;0;0;1;A01
201100012272;0;7;0;0;2;3;1;A01
201100012272;0;33;0;0;2;6;1;B02
201100012273;0;33;0;13;0;2;1;A01
201100012274;0;7;0;0;2;2;19;A01
201100012274;0;7;0;0;2;3;1;B02
201100012275;0;33;0;6;0;3;0;A01
201100012276;0;7;0;6;0;1;1;A01
201100012277;0;1;0;0;0;0;0;C03
201100012277;0;3;0;0;2;4;16;A01
201100012277;0;1;0;0;0;0;0;B02
201100012278;0;7;0;8;0;1;1;A01
201100012279;0;30;0;0;2;1;1;B02
201100012279;0;7;0;0;2;8;15;A01
201100012280;0;7;0;13;0;2;14;A01
201100012281;0;33;0;0;0;8;1;A01
201100012282;0;7;0;6;0;8;14;A01
201100012283;0;7;0;13;0;2;1;A01
201100012284;0;7;0;14;0;1;1;C03
201100012284;0;21;0;0;2;4;1;A01
201100012284;0;7;0;0;2;1;1;B02
201100012285;0;14;0;0;2;2;1;A01
201100012285;0;7;0;8;2;3;15;B02
201100012286;0;7;0;0;2;8;13;A01
201100012286;0;10;0;0;2;9;1;B02
201100012287;0;17;0;11;0;8;14;A01
201100012288;0;10;0;0;0;4;2;A01
201100012288;0;7;0;0;2;2;2;B02
201100012289;0;33;0;0;0;0;17;A01
201100012290;0;7;0;0;0;3;0;A01
201100012290;0;7;0;0;0;3;5;B02
201100012291;0;7;0;0;2;2;15;A01
201100012291;0;7;0;0;2;1;1;B02
201100012292;0;7;0;0;2;3;9;A01
201100012292;0;7;0;0;2;1;1;B02
201100012293;0;30;0;2;0;2;14;A01
201100012294;0;33;0;2;0;1;1;A01
201100012295;0;7;0;7;0;9;1;A01
201100012296;0;17;0;0;2;6;1;C03
201100012296;0;7;0;0;2;1;1;A01
201100012296;0;7;0;0;2;3;1;B02
201100012297;0;33;0;0;0;1;1;A01
201100012298;0;1;0;0;2;3;1;B02
201100012298;0;31;0;0;9;3;1;A01
201100012299;0;7;0;0;2;1;1;B02
201100012299;0;7;0;0;2;1;1;A01
201100012300;0;7;0;0;0;5;0;A01
201100012300;0;33;0;0;2;1;0;B02
201100012301;0;7;0;0;1;1;1;A01
201100012302;0;7;0;0;2;1;5;A01
201100012302;0;15;0;0;2;1;1;B02
201100012303;0;10;0;0;2;2;15;B02
201100012303;0;33;0;0;2;1;1;A01
201100012304;0;7;0;0;2;8;19;A01
201100012304;0;33;0;0;2;1;1;B02
201100012305;0;7;0;0;2;3;13;A01
201100012305;0;7;0;0;2;1;1;B02
201100012306;0;7;0;0;1;1;1;A01
201100012307;0;7;0;0;2;6;13;A01
201100012307;0;7;0;0;2;3;1;B02
201100012308;0;7;0;0;0;3;15;A01
201100012308;0;7;0;0;2;1;1;B02
201100012309;0;31;0;3;0;7;1;A01
201100012310;0;30;0;0;2;7;1;B02
201100012310;0;37;0;0;2;1;9;A01
201100012311;0;30;0;0;2;1;15;B02
201100012312;0;7;0;0;2;3;5;A01
201100012312;0;7;0;0;2;3;1;B02
201100012313;0;33;0;0;2;7;1;A01
201100012313;0;7;0;0;2;1;19;B02
201100012314;0;30;0;0;2;1;1;A01
201100012314;0;7;0;0;2;2;15;B02
201100012315;0;7;0;0;2;1;2;A01
201100012315;0;7;0;0;0;4;0;C03
201100012315;0;7;0;0;2;3;21;B02
201100012316;0;7;0;0;1;3;1;A01
201100012317;0;31;0;0;0;0;0;A01
201100012317;0;7;0;0;0;7;15;B02
201100012318;0;7;0;0;2;1;1;B02
201100012318;0;7;0;0;2;7;1;A01
201100012319;0;10;0;0;2;3;2;A01
201100012319;0;10;0;0;0;5;0;B02
201100012320;0;7;0;0;2;2;2;A01
201100012320;0;1;0;0;0;4;11;B02
201100012321;0;10;0;0;0;2;17;A01
201100012321;0;21;0;0;2;8;15;B02
201100012322;0;7;0;0;2;3;15;A01
201100012322;0;33;0;0;2;1;1;B02
201100012323;0;7;0;0;1;6;20;A01
201100012324;0;33;0;0;0;8;1;A01
201100012325;0;7;0;0;1;2;1;A01
201100012326;0;7;0;0;0;7;15;A01
201100012326;0;31;0;0;0;1;1;B02
201100012327;0;33;0;0;0;1;17;B02
201100012327;0;7;0;0;0;3;15;A01
201100012328;0;7;0;0;1;1;1;A01
201100012329;0;7;0;2;0;9;2;A01
201100012330;0;7;0;6;0;3;5;A01
201100012331;0;7;0;0;2;3;13;A01
201100012331;0;7;0;0;2;3;1;B02
201100012332;0;7;0;0;1;2;1;A01
201100012333;0;7;0;13;0;1;1;A01
201100012334;0;7;0;13;0;2;1;A01
201100012335;0;7;0;0;0;2;1;A01
201100012336;0;7;0;0;0;2;1;A01
201100012337;0;7;0;0;1;2;2;A01
201100012338;0;7;0;12;0;2;1;A01
201100012339;0;30;0;0;0;7;1;A01
201100012340;0;7;0;0;2;2;1;B02
201100012340;0;7;0;0;2;1;9;A01
201100012341;0;7;0;13;0;1;13;A01
201100012342;0;7;0;4;2;1;19;A01
201100012342;0;33;0;0;0;8;1;B02
201100012343;0;7;0;9;0;2;1;A01
201100012344;0;7;0;2;0;9;13;A01
201100012345;0;7;0;0;0;2;1;A01
201100012346;0;7;0;0;2;1;17;A01
201100012346;0;7;0;0;2;1;1;D04
201100012346;0;7;0;0;2;8;1;B02
201100012346;0;7;0;0;2;8;1;C03
201100012347;0;31;0;0;4;1;19;A01
201100012347;0;40;1;0;2;2;1;B02
201100012348;0;31;0;0;2;1;1;B02
201100012348;0;7;0;0;2;3;15;A01
201100012349;0;7;0;0;2;2;15;B02
201100012349;0;7;0;0;2;1;1;A01
201100012350;0;7;0;0;2;1;13;A01
201100012350;0;10;0;0;2;3;1;B02
201100012351;0;33;0;0;0;9;1;A01
201100012352;0;7;0;0;2;2;15;A01
201100012352;0;33;0;0;2;1;1;B02
201100012353;0;10;0;0;9;2;1;B02
201100012353;0;1;0;0;2;1;13;A01
201100012354;0;7;0;0;2;2;16;A01
201100012354;0;32;0;0;2;3;1;B02
201100012355;0;30;0;0;9;1;2;B02
201100012355;0;10;0;0;0;0;1;A01
201100012356;0;7;0;0;1;2;1;A01
201100012357;0;2;0;0;2;5;19;B02
201100012357;0;33;0;0;2;1;1;A01
201100012358;0;2;0;0;2;1;1;B01
201100012358;0;7;0;0;2;3;15;A02
201100012358;0;7;0;0;2;3;1;C03
201100012359;0;15;0;0;0;8;15;A01
201100012359;0;2;0;0;2;1;1;B02
201100012360;0;7;0;0;1;2;17;A01
201100012361;0;10;0;0;1;3;1;A01
201100012362;0;7;0;13;0;3;1;A01
201100012363;0;7;0;0;2;1;13;A01
201100012363;0;7;0;0;2;3;1;B02