num_acc;senc;catv;occutc;obs;obsm;choc;manv;num_veh
201100012364;0;7;0;0;2;3;1;A01
201100012364;0;1;0;0;2;3;1;B02
201100012365;0;7;0;0;2;1;1;B02
201100012365;0;7;0;0;2;5;15;A01
201100012366;0;13;0;0;2;1;1;C03
201100012366;0;7;0;0;2;4;1;A01
201100012366;0;7;0;0;2;4;1;B02
201100012367;0;7;0;2;0;0;1;A01
201100012368;0;7;0;0;2;3;1;B02
201100012368;0;7;0;0;2;3;13;A01
201100012369;0;7;0;0;2;1;1;B02
201100012369;0;7;0;0;2;7;13;A01
201100012370;0;7;0;2;5;2;21;A01
201100012371;0;7;0;0;2;7;1;A01
201100012371;0;7;0;0;2;1;0;B02
201100012372;0;7;0;0;2;1;0;B02
201100012372;0;10;0;0;2;1;0;A01
201100012373;0;7;0;0;1;2;1;A01
201100012374;0;10;0;0;1;2;1;A01
201100012375;0;30;0;0;2;3;5;B02
201100012375;0;10;0;0;2;7;21;A01
201100012376;0;7;0;0;0;4;1;A01
201100012376;0;30;0;15;0;1;1;B02
201100012377;0;33;0;0;0;6;13;B02
201100012377;0;7;0;0;0;2;1;A01
201100012378;0;7;0;2;0;3;0;A01
201100012379;0;33;0;0;0;4;1;B02
201100012379;0;7;0;0;2;3;13;A01
201100012380;0;7;0;0;2;7;1;A01
201100012380;0;1;0;0;2;8;15;B02
201100012381;0;7;0;0;1;1;1;A01
201100012382;0;1;0;0;2;8;0;B02
201100012382;0;10;0;0;2;1;1;A01
201100012383;0;7;0;0;2;1;1;A01
201100012383;0;1;0;0;2;8;19;B02
201100012384;0;7;0;0;2;3;15;B02
201100012384;0;30;0;0;2;1;1;A01
201100012385;0;7;0;13;0;3;1;A01
201100012386;0;7;0;0;2;3;1;B02
201100012386;0;7;0;0;2;3;13;A01
201100012387;0;31;0;0;2;1;2;B02
201100012387;0;7;0;0;2;6;15;A01
201100012388;0;7;0;0;9;2;9;B02
201100012388;0;1;0;0;2;1;5;A01
201100012389;0;7;0;0;1;2;1;A01
201100012390;0;10;0;0;2;4;2;A01
201100012390;0;2;0;0;2;1;2;B02
201100012391;0;7;0;13;0;9;1;A01
201100012392;0;7;0;0;0;7;1;A01
201100012393;0;31;0;1;0;1;1;A01
201100012394;0;7;0;0;2;5;15;A01
201100012394;0;32;0;0;2;1;1;B02
201100012395;0;7;0;2;0;1;1;A01
201100012396;1;7;0;0;1;4;4;A01
201100012397;0;36;0;5;0;3;1;A01
201100012398;0;10;0;0;2;8;9;B02
201100012398;0;30;0;0;2;1;1;A01
201100012399;0;7;0;0;1;2;1;A01
201100012400;0;33;0;0;2;1;17;B02
201100012400;0;7;0;0;2;6;15;A01
201100012401;0;7;0;13;0;1;1;A01
201100012402;0;7;0;0;0;5;15;A01
201100012402;0;33;0;0;2;1;21;B02
201100012403;0;7;0;0;2;1;1;C03
201100012403;0;7;0;0;2;5;15;A01
201100012403;0;33;0;0;2;1;1;B02
201100012404;0;33;0;13;0;0;1;A01
201100012405;0;14;0;0;2;3;1;A01
201100012405;0;7;0;0;2;8;1;B02
201100012406;0;33;0;0;0;0;1;A01
201100012407;0;21;0;16;0;7;1;A01
201100012408;0;7;0;8;0;1;1;A01
201100012409;0;31;0;1;0;1;1;B02
201100012409;0;7;0;0;2;2;19;A01
201100012410;0;31;0;0;2;1;1;B02
201100012410;0;16;0;0;0;4;1;A01
201100012411;0;7;0;6;0;1;1;A01
201100012412;0;10;0;0;2;3;19;B02
201100012412;0;33;0;0;2;1;1;A01
201100012413;0;33;0;0;0;0;1;A01
201100012414;0;7;0;0;2;3;1;B02
201100012414;0;7;0;0;2;1;13;A01
201100012415;0;7;0;2;0;9;13;A01
201100012416;0;7;0;2;0;9;1;A01
201100012417;0;7;0;0;2;3;15;B02
201100012417;0;7;0;0;2;1;1;A01
201100012418;0;10;0;0;2;1;1;B02
201100012418;0;10;0;0;2;1;17;A01
201100012419;0;7;0;2;0;2;1;A01
201100012420;0;7;0;13;0;1;13;A01
201100012421;0;7;0;10;0;9;19;A01
201100012422;0;7;0;10;0;9;13;A01
201100012423;0;30;0;2;2;1;17;B02
201100012423;0;7;0;0;2;3;15;A01
201100012424;0;30;0;0;2;2;19;A01
201100012424;0;7;0;0;2;0;1;B02
201100012425;0;7;0;0;9;4;4;A01
201100012426;0;33;0;0;2;3;1;A01
201100012426;0;7;0;0;2;7;9;B02
201100012427;0;10;0;0;1;4;4;A01
201100012428;0;33;0;0;2;1;1;A01
201100012428;0;7;0;0;2;1;13;B02
201100012429;0;33;0;3;0;2;1;A01
201100012430;0;7;0;0;0;1;1;A01
201100012431;0;30;0;0;1;1;1;A01
201100012432;0;7;0;0;2;3;1;B02
201100012432;0;30;0;0;2;1;13;A01
201100012433;0;7;0;13;0;2;1;A01
201100012434;0;7;0;0;2;1;1;B02
201100012434;0;7;0;0;2;1;13;A01
201100012435;0;10;0;2;0;2;1;A01
201100012436;0;1;0;0;1;1;1;A01
201100012437;0;33;0;0;2;1;1;B02
201100012437;0;7;0;0;2;2;15;A01
201100012438;0;7;0;8;0;8;1;A01
201100012439;0;7;0;11;2;2;15;A01
201100012439;0;7;0;0;2;1;1;B02
201100012440;0;7;0;2;0;3;0;A01
201100012441;0;7;0;13;0;2;1;A01
201100012442;0;7;0;7;0;1;13;A01
201100012443;0;17;0;0;1;2;1;A01
201100012444;0;7;0;0;2;5;24;B02
201100012444;0;10;0;0;1;2;1;A01
201100012445;0;7;0;0;1;1;1;A01
201100012446;0;7;0;2;0;3;1;A01
201100012447;0;7;0;0;2;3;1;B02
201100012447;0;7;0;0;2;3;13;A01
201100012448;0;10;0;0;0;1;1;A01
201100012449;0;7;0;13;0;2;14;A01
201100012450;0;17;0;4;0;0;1;A01
201100012451;0;7;0;16;0;1;14;A01
201100012452;0;33;0;0;2;1;1;A01
201100012452;0;7;0;0;2;3;1;B02
201100012453;0;33;0;0;0;9;1;A01
201100012454;0;33;0;14;0;8;9;A01
201100012455;0;3;0;0;2;7;14;A01
201100012455;0;7;0;0;2;1;1;B02
201100012456;0;31;0;0;2;3;2;B02
201100012456;0;7;0;0;2;6;2;A01
201100012457;0;31;0;0;2;1;1;A01
201100012457;0;7;0;0;2;1;1;B02
201100012458;0;7;0;0;2;3;1;A01
201100012458;0;7;0;0;2;1;1;B02
201100012459;0;7;0;0;0;0;1;A01
201100012460;0;33;0;13;0;1;1;A01
201100012461;0;20;0;0;2;1;19;A01
201100012461;0;2;0;0;2;1;21;B02
201100012462;0;7;0;0;2;1;23;C03
201100012462;0;7;0;0;2;3;19;B02
201100012462;0;7;0;0;2;2;1;A01
201100012463;0;7;0;6;0;7;1;A01
201100012464;0;7;0;0;2;2;1;B02
201100012464;0;30;0;0;2;6;19;A01
201100012465;0;7;0;0;1;2;1;A01
201100012466;0;7;0;0;2;3;17;A01
201100012466;0;31;0;0;2;1;1;B02
201100012467;0;7;0;0;2;1;19;A01
201100012467;0;7;0;0;2;7;1;B02
201100012468;0;7;0;2;0;8;1;A01
201100012469;0;7;0;0;2;8;1;B02
201100012469;0;7;0;2;2;7;17;A01
201100012470;0;2;0;0;2;2;17;A01
201100012470;0;7;0;0;2;8;15;B02
201100012471;0;7;0;2;0;7;1;A01
201100012472;0;33;0;0;2;1;1;A01
201100012472;0;7;0;0;2;4;1;B02
201100012473;0;7;0;0;2;3;1;A01
201100012473;0;7;0;0;2;3;1;B02
201100012474;0;31;0;0;2;1;1;B02
201100012474;0;7;0;0;2;2;15;A01
201100012475;0;37;0;0;1;1;15;A01
201100012476;0;7;0;0;2;1;13;A01
201100012476;0;7;0;0;2;3;1;B02
201100012477;0;7;0;2;0;2;1;A01
201100012478;0;7;0;0;2;3;1;A01
201100012478;0;30;0;0;2;1;1;B02
201100012479;0;1;0;0;2;3;1;B02
201100012479;0;10;0;0;9;3;15;A01
201100012480;0;2;0;0;2;2;1;A01
201100012480;0;7;0;0;2;3;9;B02
201100012481;0;7;0;2;0;1;13;A01
201100012482;0;7;0;0;2;1;1;B02
201100012482;0;7;0;0;2;1;1;A01
201100012483;0;7;0;0;1;3;1;A01
201100012484;0;10;0;3;2;3;13;A01
201100012484;0;7;0;3;2;1;1;B02
201100012485;0;7;0;3;0;1;1;A01
201100012486;0;33;0;2;0;1;1;A01
201100012487;0;31;0;6;0;1;1;A01
201100012488;0;33;0;0;2;1;1;A01
201100012488;0;7;0;0;2;8;1;B02
201100012489;0;33;0;0;2;0;1;A01
201100012489;0;7;0;0;0;3;10;B02
201100012490;0;31;0;16;0;1;2;A01
201100012491;0;2;0;0;2;8;1;B02
201100012491;0;13;0;;2;5;1;C03
201100012491;0;7;0;0;2;7;17;A01
201100012492;0;30;0;0;2;3;10;B02
201100012492;0;3;0;0;2;1;13;B01
201100012493;0;10;0;0;0;0;1;A01
201100012494;0;10;0;0;2;1;1;B02
201100012494;0;10;0;0;2;1;13;A01
201100012495;0;10;0;2;0;2;13;A01
201100012496;0;7;0;0;2;7;1;A01
201100012496;0;7;0;0;2;2;19;B02
201100012497;0;7;0;0;2;3;15;C03
201100012497;0;7;0;0;2;3;1;B02
201100012497;0;7;0;0;2;3;1;A01
201100012498;0;10;0;1;0;4;20;A01
201100012498;0;7;0;0;0;5;24;B02
201100012499;0;7;0;2;0;7;13;A01
201100012500;0;7;0;0;2;2;19;A01
201100012500;0;7;0;0;2;2;1;B02
201100012501;0;10;0;0;0;2;0;A01
201100012502;0;7;0;0;2;3;1;A01
201100012502;0;7;0;0;2;3;1;B02
201100012503;0;7;0;0;0;1;13;A01
201100012503;0;7;0;0;2;1;1;B02
201100012503;0;7;0;0;0;1;0;C03
201100012504;0;7;0;0;2;1;1;A01
201100012504;0;10;0;0;2;3;1;B02
201100012504;0;7;0;14;0;1;1;C03
201100012505;0;7;0;0;0;3;13;A01
201100012505;0;14;0;0;0;3;1;B02
201100012505;0;7;0;0;0;6;1;C03
201100012505;0;7;0;0;0;2;1;D04
201100012506;0;7;0;3;0;2;1;A01
201100012507;0;7;0;0;2;3;20;A01
201100012507;0;7;0;0;2;3;20;B02
201100012508;0;7;0;0;2;1;19;A01
201100012508;0;7;0;3;2;8;1;B02
201100012508;0;7;0;0;2;2;1;C03
201100012509;0;7;0;0;0;0;1;A01
201100012510;0;7;0;0;2;2;2;A01
201100012510;0;1;0;0;2;6;2;B02
201100012511;0;2;0;0;2;1;1;B02
201100012511;0;7;0;0;2;1;19;A01
201100012512;0;7;0;0;2;2;1;A01
201100012512;0;7;0;0;2;6;10;B02
201100012513;0;7;0;0;0;7;0;A01
201100012513;0;7;0;0;2;1;1;C03
201100012513;0;7;0;0;2;1;5;B02
201100012514;0;7;0;0;2;1;23;C03
201100012514;0;31;0;0;2;2;17;B02
201100012514;0;10;0;0;2;3;10;A01
201100012515;0;7;0;0;2;3;19;B02
201100012515;0;7;0;0;2;1;1;A01
201100012516;0;10;0;0;2;2;15;A01
201100012516;0;30;0;0;2;1;1;B02
201100012517;0;30;0;12;0;1;1;A01
201100012518;0;7;0;0;2;8;1;A01
201100012518;1;7;0;0;0;7;17;B02
201100012519;0;7;0;13;0;2;1;A01
201100012519;0;7;0;1;0;1;2;B02
201100012520;0;7;0;0;0;7;13;A01
201100012520;0;7;0;0;0;1;0;B02
201100012521;0;7;0;0;0;3;15;A01
201100012521;0;7;0;0;2;2;17;B02
201100012522;0;31;0;10;0;1;1;A01
201100012523;0;7;0;0;2;0;1;A01
201100012523;0;31;0;13;0;1;1;B02
201100012524;0;7;0;5;0;1;1;A01
201100012525;0;33;0;13;0;0;1;A01
201100012526;0;7;0;0;2;3;1;B02
201100012526;0;7;0;0;2;3;13;A01
201100012527;0;10;0;0;2;8;1;B02
201100012527;0;33;0;0;2;3;13;A01
201100012528;0;7;0;13;0;3;1;A01
201100012529;0;33;0;0;2;1;17;B02
201100012529;0;7;0;0;0;3;15;A01
201100012530;0;1;0;0;2;3;1;B02
201100012530;0;1;0;0;2;3;1;C03
201100012530;0;1;0;0;2;3;1;D04
201100012530;0;33;0;0;9;1;13;A01
201100012531;0;7;0;0;2;3;1;B02
201100012531;0;7;0;0;2;1;13;A01
201100012532;0;33;0;0;0;1;1;A01
201100012533;0;7;0;0;2;1;1;A01
201100012533;0;7;0;0;2;1;1;B02
201100012534;0;7;0;0;1;3;6;A01
201100012535;0;7;0;0;2;6;1;B02
201100012535;0;7;0;0;2;3;1;C03
201100012535;0;2;0;0;2;9;17;A01
201100012536;0;7;0;0;0;3;1;A01
201100012537;0;7;0;2;0;6;13;A01
201100012538;0;7;0;2;0;2;1;A01
201100012539;0;7;0;0;1;3;1;A01
201100012540;0;7;0;0;0;1;1;A01
201100012541;0;7;0;0;2;3;1;A01
201100012541;0;17;0;0;2;8;1;B02
201100012542;0;7;0;0;2;8;0;B02
201100012542;0;14;0;0;2;1;1;A01
201100012543;0;31;0;0;2;1;1;A01
201100012543;0;10;0;0;2;2;1;B02
201100012544;0;7;0;6;0;1;13;A01
201100012545;0;17;0;0;2;1;15;A01
201100012545;0;30;0;0;2;1;1;B02
201100012546;0;33;0;2;0;7;1;A01
201100012547;0;7;0;2;0;1;14;A01
201100012548;0;33;0;12;0;0;1;A01
201100012549;0;33;0;0;0;0;1;A01
201100012550;0;7;0;0;2;3;1;B02
201100012550;0;7;0;0;2;1;17;A01
201100012551;0;7;0;0;2;3;15;A01
201100012551;0;34;0;0;2;1;17;B02
201100012552;0;33;0;0;0;8;14;A01
201100012553;0;30;0;6;0;3;1;A01
201100012554;0;7;0;0;1;1;1;A01
201100012555;0;7;0;0;2;3;10;A01
201100012555;0;7;0;0;2;2;17;B02
201100012556;0;33;0;16;0;2;1;A01
201100012557;0;33;0;13;0;1;1;A01
201100012558;0;7;0;6;0;3;13;A01
201100012559;0;7;0;2;0;2;1;A01
201100012560;0;33;0;0;2;8;1;A01
201100012560;0;7;0;0;2;8;0;B02
201100012561;0;7;0;0;2;3;1;A01
201100012561;0;31;0;0;2;1;1;B02
201100012562;0;30;0;0;2;1;1;B02
201100012562;0;7;0;0;2;2;1;A01
201100012563;0;10;0;0;2;1;1;B02
201100012563;0;7;0;0;2;7;1;A01
201100012564;0;7;0;0;2;4;23;A01
201100012564;0;2;0;0;2;1;1;B02
201100012565;0;7;0;0;2;1;1;A01
201100012565;0;7;0;0;2;1;1;B02
201100012566;0;33;0;0;2;1;13;A01
201100012566;0;7;0;0;2;1;1;B02
201100012567;0;7;0;0;2;1;1;C03
201100012567;0;7;0;0;2;3;1;B02
201100012567;0;7;0;0;2;1;5;A01
201100012568;0;7;0;0;2;3;1;C03
201100012568;0;7;0;0;2;1;13;A01
201100012568;0;7;0;0;2;3;1;B02
201100012569;0;1;0;0;2;1;1;B02
201100012569;0;1;0;0;2;1;1;A01
201100012570;0;7;0;13;0;3;13;A01
201100012571;0;7;0;0;2;3;15;A01
201100012571;0;2;0;0;2;1;1;B02
201100012572;0;31;0;0;1;1;1;A01
201100012573;0;1;0;0;2;4;1;B02
201100012573;0;7;0;0;9;7;1;A01
201100012574;0;7;0;0;2;7;15;A01
201100012574;0;33;0;0;2;1;21;B02
201100012574;0;7;0;0;2;2;23;C03
201100012575;0;14;0;0;2;2;21;B02
201100012575;0;1;0;0;2;0;1;A01
201100012576;0;7;0;2;0;7;1;A01
201100012577;0;7;0;0;5;1;1;A01
201100012578;2;7;0;13;0;9;1;A01
201100012579;0;33;0;0;2;8;19;B02
201100012579;0;7;0;0;2;1;1;A01
201100012580;0;7;0;2;0;1;1;A01
201100012581;0;14;0;0;2;2;15;A01
201100012581;0;30;0;0;2;1;1;B02
201100012582;0;7;0;0;2;8;15;B02
201100012582;0;33;0;0;2;1;17;A01
201100012583;0;33;0;0;2;8;19;A01
201100012583;0;7;0;0;2;1;1;B02
201100012584;0;7;0;0;2;1;1;B02
201100012584;0;7;0;0;2;3;13;A01
201100012585;0;7;0;0;2;2;1;B02
201100012585;0;7;0;13;0;7;21;D04
201100012585;0;7;0;0;2;2;13;A01
201100012585;0;7;0;0;2;2;1;C03
201100012586;0;7;0;0;2;4;1;C03
201100012586;0;7;0;0;2;4;1;B02
201100012586;0;17;0;0;2;1;1;A01
201100012587;0;30;0;0;2;8;19;A01
201100012587;0;7;0;0;2;1;1;B02
201100012588;0;7;0;0;0;1;17;A01
201100012588;0;7;0;0;0;1;1;B02
201100012589;0;7;0;0;2;5;19;A01
201100012589;0;7;0;0;2;2;1;B02
201100012590;0;7;0;0;2;7;17;A01
201100012591;0;7;0;0;1;2;16;A01
201100012592;0;7;0;10;0;1;1;A01
201100012593;0;36;0;0;0;0;16;A01
201100012594;0;7;0;0;2;3;10;A01
201100012594;0;30;0;0;2;1;1;B02
201100012595;0;7;0;0;2;1;13;A01
201100012595;0;7;0;0;2;1;1;B02
201100012596;0;7;0;0;2;3;1;B02
201100012596;0;7;0;0;2;3;13;A01
201100012597;0;7;0;0;2;3;1;B02
201100012597;0;31;0;0;2;1;13;A01
201100012598;0;7;0;2;0;3;13;A01
201100012599;0;7;0;2;0;3;13;A01
201100012600;0;7;0;0;0;9;1;A01
201100012601;0;33;0;12;0;1;13;A01
201100012602;0;7;0;0;2;3;13;B02
201100012602;0;7;0;0;2;3;1;A01
201100012603;0;7;0;13;0;3;0;A01
201100012604;0;7;0;13;0;3;1;A01
201100012605;0;30;0;13;0;1;1;A01
201100012606;0;7;0;0;2;1;15;B01
201100012606;0;7;0;0;2;1;15;A02
201100012607;0;33;0;1;0;1;1;A01
201100012608;0;33;0;16;0;1;1;A01
201100012609;0;7;0;6;0;1;1;A01
201100012610;0;7;0;13;0;9;14;A01
201100012611;0;7;0;0;2;1;1;C03
201100012611;0;17;0;0;2;0;19;A01
201100012612;0;10;0;13;0;3;1;A01
201100012613;0;7;0;2;0;3;5;A01
201100012614;0;7;0;0;2;8;1;B02
201100012614;0;7;0;0;2;1;1;A01
201100012615;0;7;0;2;0;3;2;A01
201100012616;0;7;0;0;2;2;1;B01
201100012616;0;7;0;0;2;3;19;A02
201100012617;0;7;0;13;0;1;13;A01
201100012618;0;10;0;0;9;2;1;C03
201100012618;0;7;0;0;2;3;13;A01
201100012618;0;10;0;0;2;3;1;B02
201100012619;0;7;0;0;2;2;1;A01
201100012619;0;7;0;0;2;6;1;B02
201100012620;0;7;0;13;0;9;13;A01
201100012621;0;7;0;0;2;2;1;B02
201100012621;0;7;0;0;2;3;1;A01
201100012622;0;7;0;0;2;3;1;B02
201100012622;0;7;0;0;2;3;13;A01
201100012623;0;7;0;0;2;1;15;A01
201100012623;0;10;0;0;2;1;1;B02
201100012624;0;7;0;12;0;8;13;A01
201100012625;0;7;0;3;0;3;1;A01
201100012626;0;10;0;13;0;1;13;A01
201100012627;0;33;0;0;2;1;1;B02
201100012627;0;7;0;0;2;6;16;A01
201100012628;0;7;0;13;0;3;1;A01
201100012629;0;7;0;0;2;1;1;B02
201100012629;0;7;0;0;2;1;13;A01
201100012630;0;33;0;0;0;7;1;A01
201100012631;0;30;0;0;0;7;1;A01
201100012632;0;10;0;0;2;1;1;B02
201100012632;0;7;0;0;2;1;13;A01
201100012633;0;7;0;0;1;2;1;A01
201100012634;0;7;0;0;2;3;1;A01
201100012634;0;7;0;0;2;3;1;B02
201100012635;0;31;0;0;2;1;21;B01
201100012635;0;7;0;0;2;2;0;A02
201100012636;0;7;0;0;2;3;1;B02
201100012636;0;7;0;0;2;3;13;A01
201100012636;0;7;0;0;2;8;1;C03
201100012637;0;31;0;1;2;2;2;A01
201100012637;0;7;0;0;2;3;20;B02
201100012638;0;7;0;10;0;7;1;A01
201100012639;0;7;0;13;0;1;1;A01
201100012640;0;7;0;0;2;3;1;B02
201100012640;0;7;0;0;2;3;13;A01
201100012641;0;7;0;0;2;3;13;B02
201100012641;0;7;0;0;2;3;1;A01
201100012642;0;7;0;0;2;2;13;A01
201100012642;0;7;0;0;2;3;1;B02
201100012643;0;33;0;2;0;1;14;A01
201100012644;0;10;0;0;2;3;13;A01
201100012644;0;33;0;0;2;1;1;B02
201100012644;0;7;0;0;2;8;1;C03
201100012645;0;30;0;8;0;1;1;A01
201100012646;0;33;0;6;0;1;1;A01
201100012647;0;10;0;0;1;2;0;A01
201100012648;0;7;0;0;1;2;1;A01
201100012649;0;7;0;0;2;1;1;B02
201100012649;0;31;0;0;2;1;13;A01
201100012650;0;33;0;13;0;1;17;A01
201100012651;0;7;0;0;0;6;19;A01
201100012651;0;33;0;0;2;8;1;B02
201100012652;0;7;0;2;0;7;1;A01
201100012653;0;7;0;2;0;7;13;A01
201100012654;0;33;0;0;2;6;10;A01
201100012654;0;33;0;0;2;1;1;B02
201100012655;0;10;0;2;0;1;13;A01
201100012656;0;7;0;2;0;7;13;A01
201100012657;0;33;0;13;0;8;1;A01
201100012658;0;7;0;2;0;2;1;A01
201100012659;0;7;0;8;0;3;0;A01
201100012660;0;31;0;13;0;1;1;A01
201100012661;0;7;0;0;0;3;15;A01
201100012661;0;33;0;0;2;1;1;B02
201100012662;0;7;0;0;0;1;1;B02
201100012662;0;7;0;0;0;8;19;A01
201100012663;0;7;0;0;2;3;13;A01
201100012663;0;7;0;0;2;3;1;B02
201100012664;0;7;0;5;0;1;14;A01
201100012665;0;7;0;13;0;1;14;A01
201100012666;0;7;0;0;2;1;1;A01
201100012666;0;7;0;0;2;1;1;B02
201100012667;0;7;0;2;0;1;1;A01
201100012668;0;7;0;13;0;1;1;A01
201100012669;0;7;0;0;2;1;1;B02
201100012669;0;7;0;0;2;3;5;A01
201100012670;0;33;0;5;2;6;17;A01
201100012670;0;7;0;0;2;3;17;B02
201100012671;0;7;0;0;0;1;17;A01
201100012671;0;7;0;0;0;1;1;B02
201100012672;0;7;0;0;1;1;1;A01
201100012673;0;7;0;0;2;1;1;B02
201100012673;0;10;0;0;2;1;1;C03
201100012673;0;7;0;0;2;3;13;A01
201100012674;0;7;0;0;1;3;1;A01
201100012675;0;7;0;2;0;1;1;A01
201100012676;0;7;0;0;1;7;1;A01
201100012677;0;7;0;6;0;1;1;A01
201100012678;0;33;0;9;0;1;1;A01
201100012679;0;7;0;0;2;1;1;B02
201100012679;0;21;0;0;2;4;1;A01
201100012680;0;7;0;0;2;2;5;A01
201100012680;0;7;0;0;2;3;1;B02
201100012681;0;17;0;0;2;7;17;B02
201100012681;0;7;0;0;2;6;13;A01
201100012682;0;10;0;2;0;8;13;A01
201100012683;0;7;0;0;2;1;1;A01
201100012683;0;7;0;0;2;1;1;B02
201100012684;0;7;0;0;2;1;1;B02
201100012684;0;7;0;0;2;1;21;A01
201100012685;0;7;0;12;0;2;14;A01
201100012686;0;10;0;0;2;1;5;B02
201100012686;0;7;0;0;2;3;1;A01
201100012687;0;7;0;0;2;1;15;A01
201100012687;0;7;0;0;2;3;1;B02
201100012688;0;33;0;0;2;1;17;B02
201100012688;0;7;0;0;2;6;15;A01
201100012689;0;13;0;13;0;1;13;A01
201100012690;0;7;0;2;0;3;13;A01
201100012691;0;7;0;2;0;3;1;A01
201100012692;0;7;0;13;0;1;1;A01
201100012693;0;21;0;0;0;4;1;A01
201100012693;0;32;0;0;2;1;2;B02
201100012694;0;30;0;0;2;1;1;B02
201100012694;0;7;0;0;2;2;1;A01
201100012695;0;7;0;0;2;8;15;A01
201100012695;0;33;0;0;2;1;1;B02
201100012696;0;34;0;0;2;1;1;B02
201100012696;0;21;0;0;2;8;19;A01
201100012697;0;33;0;0;2;1;0;A01
201100012697;0;7;0;0;2;1;1;B02
201100012698;0;7;0;0;0;6;17;A01
201100012698;0;33;0;0;2;1;17;B02
201100012699;0;7;0;13;0;1;1;A01
201100012700;0;2;0;0;2;1;2;B02
201100012700;0;7;0;0;2;1;1;A01
201100012701;0;7;0;0;2;3;13;A01
201100012701;0;33;0;0;2;1;1;B02
201100012702;0;15;0;0;2;3;1;B02
201100012702;0;7;0;0;9;3;13;A01
201100012703;0;7;0;0;0;3;1;A01
201100012704;0;7;0;8;0;1;15;A01
201100012705;0;31;0;0;2;1;15;A01
201100012705;0;7;0;0;2;5;12;B02
201100012706;0;7;0;0;2;1;13;A01
201100012706;0;7;0;0;2;1;1;C03
201100012706;0;7;0;0;2;3;1;D04
201100012706;0;7;0;0;2;3;1;B02
201100012707;0;7;0;0;1;4;4;A01
201100012708;0;7;0;0;2;1;2;A01
201100012708;0;7;0;0;0;3;1;C03
201100012708;0;7;0;0;2;1;1;D04
201100012708;0;7;0;0;0;7;15;B02
201100012709;0;7;0;8;0;2;1;A01
201100012710;0;7;0;0;2;2;5;A01
201100012710;0;33;0;0;2;1;1;B02
201100012711;0;7;0;0;2;8;1;B02
201100012711;0;7;0;0;1;2;21;C03
201100012711;0;33;0;0;2;8;13;A01
201100012712;0;1;0;0;2;8;19;A01
201100012712;0;7;0;0;2;2;1;B02
201100012713;0;34;0;14;0;1;1;A01
201100012714;0;33;0;0;2;7;16;B02
201100012714;0;7;0;0;2;8;1;A01
201100012715;0;36;0;0;0;3;1;A01
201100012716;0;7;0;0;2;3;1;B02
201100012716;0;7;0;0;2;1;5;A01
201100012717;0;7;0;13;0;1;14;A01
201100012718;0;33;0;0;0;7;1;A01
201100012719;0;7;0;0;2;1;1;A01
201100012719;0;7;0;0;2;4;15;B02
201100012720;0;7;0;13;0;9;17;A01
201100012721;0;7;0;0;2;1;13;A01
201100012721;0;32;0;0;2;1;1;B02
201100012722;0;33;0;13;0;1;15;A01
201100012723;0;17;0;8;9;1;21;A01
201100012724;0;33;0;0;0;0;1;A01
201100012725;0;7;0;0;9;2;0;A01
201100012725;0;1;0;0;0;8;0;B02
201100012726;0;7;0;0;9;3;1;A01
201100012727;0;7;0;0;2;1;1;B02
201100012727;0;7;0;0;2;4;15;A01
201100012728;0;33;0;16;2;9;1;A01
201100012729;0;2;0;0;2;4;1;B02
201100012729;0;7;0;0;2;3;1;A01
201100012730;0;7;0;3;0;1;2;A01
201100012731;0;14;0;0;1;1;16;A01
201100012732;0;7;0;0;2;3;1;A01
201100012732;0;33;0;0;2;1;1;B02
201100012733;0;1;0;0;0;6;15;B02
201100012733;0;7;0;0;2;1;16;A01
201100012734;0;99;0;0;2;4;19;B02
201100012734;0;7;0;0;1;7;1;A01
201100012735;0;33;0;0;1;2;1;A01
201100012736;0;7;0;0;2;3;1;B02
201100012736;0;33;0;0;5;2;17;A01
201100012737;0;34;0;0;0;1;1;A01
201100012738;0;30;0;0;2;1;1;B02
201100012738;0;7;0;0;2;3;15;A01
201100012739;0;7;0;0;0;4;4;A01
201100012740;0;7;0;13;0;9;14;A01
201100012741;0;7;0;0;2;3;17;A01
201100012741;0;7;0;0;2;3;1;B02
201100012742;0;7;0;0;1;1;1;A01
201100012743;0;7;0;13;0;3;0;A01
201100012744;0;7;0;13;0;1;1;A01
201100012745;0;7;0;0;2;2;5;B02
201100012745;0;7;0;0;2;1;5;A01
201100012746;0;10;0;0;2;7;16;A01
201100012746;0;7;0;0;0;2;1;B02
201100012747;0;33;0;0;2;2;17;B02
201100012747;0;7;0;0;0;6;1;A01
201100012748;0;7;0;15;2;8;10;A01
201100012748;0;33;0;15;2;1;17;B02
201100012749;0;33;0;7;0;1;1;A01
201100012750;0;7;0;0;2;3;1;A01
201100012750;0;7;0;0;2;2;16;B02
201100012751;0;7;0;14;0;1;1;B02
201100012751;0;31;0;3;9;1;13;A01
201100012752;0;7;0;3;0;1;1;A01
201100012753;0;7;0;0;2;3;1;B02
201100012753;0;7;0;0;2;3;17;A01
201100012754;0;7;0;0;0;0;0;A01
201100012755;0;36;0;0;0;0;0;A01
201100012756;0;7;0;0;0;0;0;A01
201100012757;0;7;0;0;0;3;0;A01
201100012758;0;7;0;13;0;1;14;A01