num_acc;senc;catv;occutc;obs;obsm;choc;manv;num_veh
201100012759;0;7;0;13;0;1;0;A01
201100012760;0;7;0;14;0;1;2;C03
201100012760;0;7;0;0;2;1;0;A01
201100012760;0;7;0;0;2;1;0;B02
201100012761;0;7;0;0;1;3;1;A01
201100012762;0;7;0;0;2;3;1;B02
201100012762;0;7;0;0;2;1;13;A01
201100012763;0;7;0;0;2;7;10;B02
201100012763;0;31;0;0;2;1;17;A01
201100012764;0;30;0;0;2;8;1;A01
201100012764;0;7;0;0;1;2;1;B02
201100012765;0;7;0;13;2;3;1;B02
201100012765;0;7;0;13;2;2;1;A01
201100012766;0;7;0;0;2;3;9;A01
201100012766;0;31;0;0;2;1;17;B02
201100012767;0;14;0;0;2;3;15;B02
201100012767;0;7;0;0;2;3;1;A01
201100012768;0;14;0;9;0;9;1;A01
201100012769;0;1;0;0;2;7;1;B02
201100012769;0;7;0;0;2;1;19;A01
201100012770;0;7;0;0;2;1;15;B02
201100012770;0;7;0;0;2;1;1;A01
201100012771;0;7;0;0;2;1;1;B02
201100012771;0;7;0;0;2;1;13;A01
201100012772;0;33;0;0;2;3;1;B02
201100012773;0;7;0;6;0;1;1;A01
201100012774;0;7;0;0;2;1;1;A01
201100012774;0;7;0;0;0;4;1;B02
201100012775;0;10;0;0;1;4;4;A01
201100012776;0;7;0;0;2;3;13;A01
201100012776;0;7;0;0;2;3;1;B02
201100012776;0;7;0;0;2;6;1;C03
201100012777;0;7;0;13;0;2;1;A01
201100012778;0;14;0;0;2;2;16;B02
201100012778;0;7;0;0;2;1;1;C03
201100012778;0;7;0;0;2;8;18;A01
201100012779;0;7;0;13;0;1;6;A01
201100012780;0;38;0;0;0;7;14;A01
201100012781;0;7;0;0;1;3;1;A01
201100012782;0;33;0;6;0;1;5;A01
201100012783;0;7;0;0;2;3;1;A01
201100012783;0;7;0;0;2;2;15;B02
201100012784;0;33;0;0;2;1;1;B02
201100012784;0;7;0;0;2;2;19;A01
201100012785;0;7;0;0;2;1;1;C03
201100012785;0;7;0;13;0;1;1;B02
201100012785;0;7;0;0;2;1;5;A01
201100012786;0;7;0;13;0;3;1;A01
201100012787;0;7;0;13;0;7;14;A01
201100012788;0;33;0;0;2;3;1;B02
201100012788;0;33;0;0;2;3;13;A01
201100012789;0;7;0;0;2;3;23;A01
201100012789;0;33;0;0;2;1;1;B02
201100012790;0;7;0;1;0;1;1;A01
201100012790;0;7;0;0;2;1;24;B02
201100012791;0;7;0;10;0;1;1;A01
201100012792;0;7;0;0;0;4;0;A01
201100012792;0;7;0;0;0;3;0;B02
201100012792;0;7;0;0;0;1;0;C03
201100012793;0;7;0;6;0;7;1;A01
201100012794;0;33;0;0;2;3;19;A01
201100012795;0;7;0;0;2;3;1;B02
201100012795;0;30;0;0;2;1;13;A01
201100012796;0;7;0;0;0;6;15;A01
201100012796;0;33;0;0;0;1;1;B02
201100012797;0;7;0;0;2;2;17;A01
201100012797;0;7;0;0;2;8;15;B02
201100012798;0;7;0;0;0;1;5;A02
201100012799;0;33;0;0;0;1;14;A01
201100012800;2;7;0;0;0;1;17;A01
201100012800;0;2;0;0;2;1;1;B02
201100012801;0;30;0;0;0;1;1;A01
201100012802;0;10;0;0;2;3;1;B02
201100012802;0;7;0;0;2;3;13;A01
201100012803;0;7;0;0;1;2;1;A01
201100012804;0;2;0;0;2;1;13;A01
201100012804;0;7;0;0;2;3;1;B02
201100012805;0;7;0;6;0;1;1;A01
201100012806;0;7;0;0;1;7;2;A01
201100012807;0;7;0;0;2;8;13;A01
201100012807;0;7;0;0;2;8;1;B02
201100012808;0;7;0;0;2;3;15;B02
201100012808;0;31;0;0;2;1;17;A01
201100012809;0;10;0;0;2;1;13;A01
201100012809;0;7;0;0;2;1;1;B02
201100012810;0;7;0;0;2;1;10;A01
201100012810;0;7;0;0;2;2;1;B02
201100012811;0;7;0;6;0;1;1;A01
201100012812;0;7;0;0;2;6;1;B02
201100012812;0;7;0;0;2;3;13;A01
201100012813;0;7;0;2;0;1;13;A01
201100012814;0;1;0;0;0;1;1;A01
201100012815;0;7;0;0;2;3;1;B02
201100012815;0;10;0;0;2;1;17;A01
201100012816;0;33;0;0;2;1;1;B02
201100012816;0;33;0;0;2;3;15;A01
201100012817;0;7;0;0;2;8;15;A01
201100012817;0;33;0;0;2;1;1;B02
201100012818;0;2;0;0;2;1;1;B02
201100012818;0;7;0;0;2;2;13;A01
201100012819;0;33;0;0;0;1;1;A01
201100012820;0;7;0;0;2;3;1;A01
201100012820;0;2;0;0;2;1;19;B02
201100012821;0;7;0;16;0;9;11;A01
201100012822;0;7;0;0;6;2;0;A01
201100012823;0;10;0;0;1;7;1;A01
201100012824;0;7;0;0;2;4;23;B02
201100012824;0;7;0;0;2;1;1;C03
201100012824;0;7;0;0;0;4;23;A01
201100012825;0;33;0;10;0;1;17;A01
201100012826;0;7;0;0;2;4;1;A01
201100012826;0;7;0;0;2;1;2;B02
201100012827;0;7;0;2;0;1;1;A01
201100012828;0;33;0;0;0;7;1;A01
201100012829;0;2;0;0;0;0;0;A01
201100012830;0;7;0;2;0;1;1;A01
201100012831;0;7;0;0;2;3;0;B02
201100012831;0;10;0;0;2;3;13;A01
201100012832;0;7;0;0;2;6;1;B02
201100012832;0;7;0;0;2;3;13;A01
201100012833;0;7;0;0;2;5;17;A01
201100012833;0;10;0;0;2;3;1;B02
201100012834;0;7;0;13;0;1;13;A01
201100012835;0;33;0;0;0;1;1;A01
201100012836;0;31;0;0;2;1;1;B02
201100012836;0;7;0;0;2;3;1;A01
201100012837;0;7;0;0;0;0;1;A01
201100012838;0;32;0;13;0;1;2;A01
201100012839;0;7;0;0;2;3;19;A01
201100012839;0;7;0;0;2;8;1;B02
201100012840;0;33;0;0;2;0;2;B02
201100012840;0;33;0;0;2;0;2;A01
201100012840;0;7;0;0;2;7;2;C03
201100012841;0;2;0;0;2;1;2;A01
201100012842;0;7;0;6;0;1;0;A01
201100012843;0;7;0;0;2;3;1;B02
201100012843;0;7;0;0;2;3;1;A01
201100012844;0;10;0;13;0;3;1;A01
201100012845;0;7;0;15;0;1;0;A01
201100012846;0;7;0;0;0;9;1;A01
201100012847;0;34;0;13;0;1;1;A01
201100012848;0;7;0;0;2;2;1;A01
201100012848;0;1;0;0;2;1;19;B02
201100012849;0;7;0;8;0;0;0;A01
201100012850;0;30;0;0;1;1;1;A01
201100012851;0;10;0;0;1;2;1;A01
201100012852;0;7;0;13;0;1;1;A01
201100012853;0;7;0;0;2;1;1;A01
201100012853;0;7;0;0;2;8;15;B02
201100012854;0;31;0;0;5;1;1;A01
201100012855;0;7;0;6;0;1;1;A01
201100012856;0;30;0;0;2;2;1;B02
201100012856;0;7;0;0;2;1;1;A01
201100012857;0;7;0;13;0;1;1;A01
201100012857;0;7;0;1;0;1;1;B02
201100012857;0;7;0;1;0;1;0;C03
201100012858;0;7;0;0;1;1;1;A01
201100012859;0;7;0;0;2;2;1;A01
201100012859;0;7;0;0;0;2;15;B02
201100012860;0;33;0;0;2;1;1;B02
201100012860;0;7;0;0;2;2;15;A01
201100012861;0;7;0;13;0;3;1;A01
201100012862;0;7;0;0;2;3;13;A01
201100012862;0;10;0;0;2;3;1;B02
201100012863;0;7;0;0;2;1;1;B02
201100012863;0;10;0;0;2;8;10;A01
201100012864;0;7;0;0;2;3;0;C03
201100012864;0;7;0;0;2;1;13;A01
201100012864;0;7;0;1;2;1;1;B02
201100012865;0;7;0;0;1;1;1;A01
201100012866;0;7;0;0;1;3;1;A01
201100012867;0;10;0;13;0;3;13;A01
201100012868;0;7;0;0;2;1;1;B02
201100012868;0;7;0;0;2;1;15;A01
201100012869;0;7;0;0;0;4;2;B02
201100012869;0;7;0;0;2;1;2;A01
201100012870;0;7;0;13;2;3;13;A01
201100012870;0;14;0;0;2;3;1;B02
201100012871;0;7;0;2;0;3;1;A01
201100012872;0;7;0;0;1;2;1;A01
201100012873;0;7;0;6;0;7;14;A01
201100012874;0;7;0;2;0;1;1;A01
201100012875;0;33;0;8;0;1;1;A01
201100012876;0;7;0;0;2;1;5;A01
201100012876;0;7;0;0;2;1;1;B02
201100012877;0;31;0;0;2;1;1;A01
201100012877;0;7;0;0;2;1;1;B02
201100012878;0;15;0;0;9;8;1;A01
201100012878;0;30;0;0;0;1;19;B02
201100012879;0;7;0;14;0;1;1;A01
201100012880;0;32;0;0;0;7;16;A01
201100012881;0;7;0;0;2;4;23;A01
201100012882;0;7;0;2;2;2;1;A01
201100012883;0;33;0;0;0;3;1;A01
201100012884;0;7;0;0;1;2;1;A01
201100012885;0;7;0;0;2;2;13;B02
201100012885;0;30;0;0;2;1;13;A01
201100012886;0;33;0;6;0;1;13;A01
201100012887;0;31;0;0;2;1;1;A01
201100012887;0;7;0;0;0;1;15;B02
201100012888;0;7;0;0;2;3;17;A01
201100012888;0;21;0;0;2;6;1;C03
201100012888;0;7;0;0;2;3;1;B02
201100012889;0;7;0;16;0;1;1;A01
201100012890;0;7;0;8;0;9;1;A01
201100012891;0;7;0;0;2;1;15;A01
201100012891;0;10;0;0;2;3;1;B02
201100012892;0;7;0;13;0;9;1;A01
201100012893;0;7;0;13;0;2;2;A01
201100012894;0;7;0;0;0;1;0;B02
201100012894;0;7;0;0;0;1;1;A01
201100012895;0;33;0;0;2;1;1;B02
201100012895;0;7;0;0;0;8;19;A01
201100012896;0;10;0;2;0;1;1;A01
201100012897;0;7;0;8;0;7;1;A01
201100012898;0;7;0;0;1;2;1;A01
201100012899;0;2;0;0;2;3;13;B02
201100012899;0;7;0;0;2;3;1;A01
201100012900;0;33;0;0;2;3;21;B02
201100012900;0;7;0;0;2;2;15;C03
201100012900;0;7;0;0;2;5;1;A01
201100012901;0;33;0;0;0;1;1;B02
201100012901;0;7;0;0;0;7;15;A01
201100012902;0;33;0;0;2;1;1;A01
201100012902;0;7;0;0;2;1;15;B02
201100012903;0;7;0;0;0;4;2;A01
201100012903;0;7;0;0;2;1;2;C03
201100012903;0;2;0;0;2;1;2;B02
201100012904;0;7;0;0;9;2;23;A01
201100012904;0;39;0;0;2;8;1;B02
201100012905;0;33;0;0;2;1;1;B02
201100012905;0;7;0;0;2;8;15;A01
201100012906;0;7;0;0;0;5;15;B02
201100012906;0;33;0;0;2;1;1;A01
201100012907;0;7;0;0;0;0;1;A01
201100012908;0;7;0;6;0;3;14;A01
201100012909;0;7;0;0;1;7;1;A01
201100012910;0;10;0;0;0;6;15;B02
201100012911;0;7;0;2;0;7;1;A01
201100012912;0;7;0;0;0;6;1;A01
201100012912;0;7;0;0;0;1;24;C03
201100012912;0;7;0;1;2;1;21;B02
201100012912;0;33;0;0;0;9;24;D04
201100012912;0;33;0;0;0;9;24;E05
201100012913;0;7;0;0;2;3;1;B02
201100012913;0;7;0;0;2;3;15;A01
201100012914;0;7;0;0;2;3;2;B02
201100012914;0;7;0;0;2;1;17;A01
201100012915;0;36;0;0;2;1;15;B02
201100012915;0;7;0;0;2;1;1;A01
201100012916;0;31;0;0;2;7;1;B02
201100012916;0;7;0;0;2;2;17;A01
201100012917;0;33;0;4;0;1;1;A01
201100012918;0;7;0;2;0;1;13;A01
201100012919;0;7;0;6;0;1;13;A01
201100012920;0;30;0;6;0;2;1;A01
201100012921;0;7;0;0;9;3;21;A01
201100012921;0;7;0;0;2;3;21;B02
201100012922;0;31;0;0;2;2;17;A01
201100012922;0;7;0;0;2;3;1;B02
201100012923;0;7;0;10;0;3;1;A01
201100012924;0;7;0;2;0;1;13;A01
201100012925;0;7;0;13;0;3;1;A01
201100012926;0;7;0;0;0;3;0;B02
201100012926;0;7;0;0;0;3;1;A01
201100012927;0;15;0;0;2;1;1;A01
201100012927;0;7;0;0;2;1;13;B02
201100012928;0;7;0;13;0;3;1;A01
201100012929;0;7;0;0;2;3;1;B02
201100012929;0;7;0;0;2;2;1;A01
201100012930;0;33;0;0;2;1;1;A01
201100012930;0;10;0;0;2;7;15;B02
201100012931;0;7;0;0;2;1;1;A01
201100012931;0;1;0;0;2;1;5;B02
201100012932;0;7;0;2;0;8;1;A01
201100012933;0;7;0;2;0;1;1;A01
201100012934;0;7;0;0;1;2;1;A01
201100012935;0;33;0;0;2;1;1;B02
201100012935;0;7;0;0;2;8;10;A01
201100012936;0;32;0;16;0;0;1;A01
201100012937;0;17;0;0;2;3;1;B02
201100012937;0;10;0;0;2;3;13;A01
201100012938;0;7;0;0;2;6;19;A01
201100012938;0;33;0;0;2;1;1;B02
201100012939;0;7;0;0;0;2;15;A01
201100012939;0;7;0;0;0;1;1;B02
201100012940;0;7;0;0;2;8;2;A01
201100012940;0;33;0;0;2;7;17;B02
201100012941;0;33;0;13;0;1;1;A01
201100012942;0;7;0;6;0;1;1;A01
201100012943;0;21;0;0;2;0;1;B02
201100012943;0;10;0;0;2;3;1;A01
201100012944;0;7;0;0;2;1;1;B02
201100012944;0;7;0;0;2;7;13;A01
201100012945;0;7;0;13;0;1;1;A01
201100012946;0;33;0;6;0;7;2;A01
201100012947;0;10;0;10;0;7;1;A01
201100012948;0;7;0;0;0;4;2;B02
201100012948;0;7;0;0;2;1;2;A01
201100012949;0;7;0;16;0;9;1;A01
201100012950;0;21;0;13;0;7;1;A01
201100012951;0;7;0;4;0;9;14;A01
201100012952;0;33;0;0;2;1;1;B02
201100012952;0;7;0;0;2;3;15;A01
201100012953;0;7;0;16;0;9;14;A01
201100012954;0;7;0;6;0;2;1;A01
201100012955;0;33;0;13;0;1;1;A01
201100012956;0;32;0;8;0;2;15;A01
201100012957;0;7;0;0;2;2;17;A01
201100012957;0;2;0;0;2;8;15;B02
201100012958;0;7;0;0;2;6;16;B02
201100012958;0;7;0;0;2;4;2;A01
201100012958;0;7;0;0;2;1;2;D04
201100012958;0;7;0;0;2;3;2;C03
201100012959;0;7;0;13;0;1;2;A01
201100012960;0;7;0;0;2;1;17;B02
201100012960;0;7;0;0;2;1;1;A01
201100012961;0;7;0;0;2;8;21;A01
201100012961;0;7;0;0;2;1;1;B02
201100012962;0;7;0;0;2;1;13;A01
201100012962;0;7;0;0;2;1;1;B02
201100012963;0;7;0;10;0;8;1;A01
201100012964;0;7;0;0;2;2;19;A01
201100012964;0;33;0;0;2;1;1;B02
201100012965;0;7;0;0;2;2;17;A01
201100012965;0;1;0;0;2;0;1;B02
201100012966;0;7;0;0;2;1;19;A01
201100012966;0;7;0;0;2;1;1;B02
201100012967;0;7;0;13;0;2;1;A01
201100012968;0;7;0;0;1;3;13;A01
201100012969;0;33;0;13;0;1;1;A01
201100012970;0;7;0;0;2;2;13;A01
201100012970;0;33;0;0;2;1;1;B02
201100012971;0;7;0;6;0;1;2;A01
201100012972;0;7;0;0;0;9;1;A01
201100012973;0;7;0;0;2;2;13;B02
201100012973;0;7;0;0;2;3;1;A01
201100012974;1;99;0;0;0;0;0;A01
201100012975;0;7;0;10;0;2;1;A01
201100012976;0;7;0;0;2;1;1;B02
201100012976;0;7;0;0;2;7;13;A01
201100012977;0;7;0;2;0;1;19;A01
201100012978;0;7;0;0;2;1;1;B02
201100012978;0;7;0;0;2;1;13;A01
201100012979;0;7;0;0;1;3;1;A01
201100012980;0;7;0;2;0;7;21;A01
201100012981;0;36;0;16;0;1;1;A01
201100012982;0;17;0;0;2;1;1;B02
201100012982;0;7;0;0;2;1;6;A01
201100012983;0;7;0;2;0;0;1;A01
201100012984;0;7;0;0;2;1;1;C03
201100012984;0;7;0;0;2;1;13;A01
201100012984;0;7;0;0;2;1;1;B02
201100012985;0;33;0;0;2;1;1;D04
201100012985;0;33;0;0;2;1;1;E05
201100012985;0;33;0;0;2;1;1;C03
201100012985;0;33;0;0;2;1;1;F06
201100012985;0;7;0;0;0;8;1;G07
201100012985;0;7;0;0;2;1;17;A01
201100012985;0;33;0;0;2;1;1;B02
201100012986;0;7;0;13;0;3;13;A01
201100012987;0;7;0;8;0;9;14;A01
201100012988;0;7;0;2;0;8;14;A01
201100012989;0;10;0;0;2;6;1;B02
201100012989;0;2;0;6;2;2;1;A01
201100012990;0;36;0;3;0;1;1;A01
201100012991;0;33;0;0;0;0;1;A01
201100012992;0;7;0;16;0;1;1;A01
201100012993;0;33;0;0;2;1;17;A01
201100012993;0;7;0;0;2;3;15;B02
201100012994;0;2;0;0;2;3;13;A01
201100012994;0;7;0;0;2;3;1;B02
201100012995;0;7;0;8;0;8;1;A01
201100012996;0;7;0;0;0;9;13;A01
201100012997;0;7;0;0;0;1;13;A01
201100012997;0;7;0;0;0;1;21;B02
201100012998;0;7;0;0;2;1;1;B02
201100012998;0;7;0;0;2;1;13;A01
201100012999;0;33;0;0;0;6;1;B02
201100012999;0;7;0;0;0;6;10;A01
201100013000;0;7;0;0;1;3;1;A01
201100013001;0;7;0;6;0;1;1;A01
201100013002;2;7;0;;2;8;17;B02
201100013002;0;33;0;0;0;3;1;A01
201100013003;0;7;0;0;1;4;4;A01
201100013004;0;7;0;0;0;9;1;A01
201100013005;0;17;0;3;0;1;14;A01
201100013006;0;10;0;0;2;3;13;A01
201100013006;0;10;0;0;2;3;1;B02
201100013007;0;7;0;0;1;7;1;A01
201100013008;0;7;0;8;0;9;16;A01
201100013009;0;33;0;6;0;7;14;A01
201100013010;0;7;0;0;0;1;13;A01
201100013010;0;14;0;0;0;1;0;B02
201100013011;0;31;0;9;0;3;16;A01
201100013012;0;7;0;0;2;3;1;B02
201100013012;0;14;0;0;2;3;15;A01
201100013013;0;33;0;13;0;2;1;A01
201100013014;0;33;0;0;0;0;1;A01
201100013015;0;7;0;0;2;0;21;A01
201100013016;0;7;0;13;0;1;1;A01
201100013017;0;33;0;0;0;7;2;A01
201100013018;0;7;0;3;0;9;1;A01
201100013019;0;33;0;0;0;8;1;A01
201100013020;0;7;0;13;0;2;1;A01
201100013021;0;7;0;2;0;1;2;A01
201100013022;0;7;0;13;0;2;1;A01
201100013023;0;33;0;13;0;8;1;A01
201100013024;0;7;0;10;0;1;1;A01
201100013025;0;7;0;0;1;1;1;A01
201100013026;0;7;0;0;1;3;1;A01
201100013027;0;7;0;0;2;2;15;A01
201100013027;0;1;0;0;2;1;1;B02
201100013028;0;7;0;0;2;5;1;B02
201100013028;0;33;0;0;2;3;1;A01
201100013029;0;7;0;0;2;1;1;A01
201100013029;0;7;0;0;2;4;1;B02
201100013030;0;7;0;0;2;1;11;A01
201100013030;0;7;0;0;0;6;24;D04
201100013030;0;7;0;0;2;1;1;B02
201100013030;0;7;0;0;2;3;0;C03
201100013031;0;7;0;0;2;7;15;A01
201100013031;0;10;0;0;2;2;1;B02
201100013032;0;7;0;13;0;9;1;A01
201100013033;0;7;0;13;0;1;1;A01
201100013034;0;31;0;2;0;1;1;A01
201100013035;0;7;0;0;2;3;13;A01
201100013035;0;15;0;0;2;1;1;B02
201100013036;0;10;0;0;1;3;1;A01
201100013037;0;7;0;8;0;3;1;A01
201100013038;0;33;0;0;0;3;1;A01
201100013039;0;7;0;8;0;8;1;A01
201100013040;0;7;0;0;2;3;1;A01
201100013040;0;31;0;0;2;1;6;B02
201100013041;0;7;0;2;0;2;1;A01
201100013042;0;7;0;0;2;7;19;A01
201100013042;0;7;0;0;2;1;1;B02
201100013043;0;32;0;2;0;1;1;A01
201100013044;0;7;0;0;1;1;1;A01
201100013045;0;14;0;0;1;5;0;A01
201100013046;0;7;0;0;2;3;13;A01
201100013046;0;7;0;0;2;3;1;B02
201100013047;0;7;0;0;2;2;15;A01
201100013047;0;32;0;0;2;1;1;B02
201100013048;0;37;0;0;2;2;19;A01
201100013048;0;33;0;1;0;1;9;B02
201100013049;0;7;0;0;2;3;1;A01
201100013049;0;10;0;0;2;3;1;B02
201100013050;0;7;0;13;0;9;1;A01
201100013051;0;7;0;4;0;6;2;A01
201100013052;0;33;0;0;2;1;1;B02
201100013052;0;7;0;0;2;5;15;A01
201100013053;0;7;0;0;1;2;1;A01
201100013054;0;7;0;0;1;3;16;A01
201100013055;0;33;0;0;2;1;1;A01
201100013055;0;7;0;0;2;2;19;B02
201100013056;0;7;0;0;2;3;1;A01
201100013056;0;2;0;0;2;1;16;B02
201100013057;0;7;0;0;2;1;13;A01
201100013057;0;7;0;0;2;1;1;B02
201100013058;0;7;0;4;2;1;13;A01
201100013058;0;7;0;0;2;1;1;B02
201100013059;0;7;0;0;2;1;13;A01
201100013059;0;7;0;0;2;1;1;B02
201100013060;0;7;0;0;0;3;1;A01
201100013060;0;7;0;0;0;3;13;B02
201100013061;0;7;0;6;0;3;1;A01
201100013062;0;33;0;3;0;2;1;A01
201100013063;0;7;0;0;2;2;17;A01
201100013063;0;7;0;0;2;6;0;B02
201100013064;0;2;0;0;2;8;1;B02
201100013064;0;7;0;0;2;3;13;A01
201100013065;0;2;0;6;0;1;1;A01
201100013066;0;7;0;13;0;3;13;A01
201100013067;0;7;0;13;0;9;13;A01
201100013068;0;7;0;4;0;1;2;A01
201100013069;0;7;0;16;0;9;1;A01
201100013070;0;2;0;0;2;0;5;A01
201100013071;0;31;0;0;2;1;13;A01
201100013071;0;7;0;0;0;1;1;B02
201100013072;0;7;0;12;0;3;0;A01
201100013073;0;34;0;13;0;7;13;A01
201100013074;0;7;0;0;2;3;5;B02
201100013074;0;7;0;0;2;7;1;A01
201100013075;0;30;0;4;0;8;13;A01
201100013076;0;7;0;0;1;6;4;A01
201100013077;0;7;0;0;2;1;13;A01
201100013077;0;31;0;0;2;1;1;B02
201100013078;0;7;0;0;9;2;15;A01
201100013079;0;7;0;0;9;3;3;A01
201100013079;0;1;0;0;0;4;1;B02
201100013080;0;7;0;0;2;6;15;A01
201100013080;0;33;0;0;2;2;17;B02
201100013081;0;7;0;2;0;0;17;A01
201100013082;0;7;0;0;2;1;13;A01
201100013082;0;7;0;0;2;1;1;B02
201100013083;0;7;0;0;2;2;13;B02
201100013083;0;7;0;0;2;1;1;A01
201100013084;0;7;0;0;2;2;15;A01
201100013084;0;31;0;0;2;1;1;B02
201100013085;0;7;0;0;2;2;21;C03
201100013085;0;10;0;0;0;1;1;B02
201100013085;0;7;0;0;0;1;13;A01
201100013086;0;2;0;0;2;1;21;A01
201100013086;0;10;0;0;0;6;23;B02
201100013087;0;14;0;0;1;1;2;A01
201100013088;0;7;0;0;2;4;1;B02
201100013088;0;10;0;0;2;1;1;A01
201100013088;0;7;0;0;0;4;1;C03
201100013089;0;7;0;0;2;1;1;B02
201100013089;0;7;0;0;2;1;17;A01
201100013090;0;7;0;6;0;3;13;A01
201100013091;0;7;0;0;0;9;1;A01
201100013092;0;7;0;0;2;8;10;A01
201100013092;0;20;0;0;2;1;1;B02
201100013093;0;30;0;0;2;1;1;B02
201100013093;0;7;0;0;0;7;15;A01
201100013094;0;7;0;0;9;2;17;A01
201100013094;0;1;0;0;0;4;2;B02
201100013094;0;1;0;0;0;4;2;C03
201100013094;0;1;0;0;0;4;2;D04
201100013094;0;1;0;0;0;4;2;E05
201100013095;0;31;0;0;2;0;21;A01
201100013096;0;33;0;0;0;1;1;A01
201100013097;0;30;0;0;2;9;15;A01
201100013097;0;7;0;0;2;3;9;B02
201100013098;0;7;0;1;0;1;1;A01
201100013099;0;7;0;10;0;1;1;A01
201100013100;0;7;0;10;0;3;1;A01
201100013100;0;7;0;0;2;6;0;B02
201100013101;0;7;0;0;1;2;1;A01
201100013102;0;2;0;0;2;1;1;B02
201100013102;0;10;0;0;2;3;1;A01
201100013103;0;7;0;0;2;1;13;A01
201100013103;0;7;0;0;2;1;1;B02
201100013104;0;7;0;0;2;3;1;B02
201100013104;0;7;0;0;2;6;1;A01
201100013105;0;7;0;0;2;3;15;A01
201100013105;0;2;0;0;2;1;1;B02
201100013106;0;7;0;0;2;3;1;B02
201100013106;0;7;0;0;2;3;1;A01
201100013107;0;7;0;0;1;3;1;A01
201100013108;0;7;0;0;2;3;15;A01
201100013108;0;33;0;0;2;2;17;B02
201100013109;0;7;0;0;2;1;17;A01
201100013109;0;33;0;0;2;1;1;B02
201100013110;0;7;0;0;2;3;1;B02
201100013110;0;7;0;0;2;3;13;A01
201100013111;0;7;0;0;2;2;13;A01
201100013111;0;10;0;0;2;1;1;C03
201100013111;0;7;0;0;2;3;1;B02
201100013112;0;7;0;0;0;9;1;A01
201100013113;0;7;0;0;2;7;15;B02
201100013113;0;33;0;0;2;3;18;A01
201100013114;0;7;0;0;2;1;1;B02
201100013114;0;7;0;0;2;1;1;A01
201100013115;0;7;0;0;2;1;1;A01
201100013115;0;7;0;0;2;1;0;B02
201100013116;0;7;0;0;2;1;13;A01
201100013116;0;7;0;0;2;1;1;B02
201100013117;0;32;0;0;0;5;1;B02
201100013117;0;7;0;0;0;3;10;A01
201100013118;0;33;0;0;2;1;1;A01
201100013118;0;7;0;0;2;3;13;B02
201100013119;0;7;0;0;2;1;13;A01
201100013119;0;7;0;0;2;1;1;B02
201100013120;0;33;0;0;0;0;1;A01
201100013121;0;10;0;0;0;5;15;A01
201100013121;0;33;0;0;2;1;1;B02
201100013122;0;7;0;0;2;1;1;B02
201100013122;0;10;0;0;2;1;5;A01
201100013123;0;30;0;0;2;3;13;A01
201100013123;0;7;0;0;2;3;1;B02
201100013124;0;7;0;0;0;0;0;A01
201100013125;0;7;0;8;0;3;1;A01
201100013126;0;7;0;0;2;3;13;A01
201100013126;0;7;0;0;2;3;1;B02
201100013126;0;7;0;0;2;1;1;D04
201100013126;0;7;0;0;2;1;1;C03
201100013127;0;7;0;0;2;1;17;A01
201100013127;0;7;0;0;2;1;21;B02
201100013128;0;7;0;0;2;8;1;A01
201100013128;0;33;0;4;2;8;1;B02
201100013129;0;31;0;0;0;0;0;A01
201100013130;0;31;0;8;0;1;21;A01
201100013131;1;7;0;15;1;0;19;A01
201100013132;0;7;0;0;2;3;0;A01
201100013132;0;7;0;0;2;2;1;B02
201100013133;0;7;0;6;0;1;1;A01
201100013134;0;14;0;16;0;1;1;A01
201100013135;0;7;0;0;0;1;1;B02
201100013135;0;7;0;0;0;1;13;A01
201100013136;0;7;0;0;1;1;1;A01
201100013137;0;7;0;3;2;1;19;A01
201100013137;0;10;0;0;2;1;1;B02
201100013138;0;33;0;0;0;8;1;B02
201100013138;0;7;0;0;0;6;19;A01
201100013139;0;7;0;0;2;3;1;A01
201100013139;0;7;0;0;2;3;13;B02
201100013140;0;30;0;12;0;1;0;A01
201100013141;0;33;0;0;2;2;17;A01
201100013141;0;7;0;0;2;6;15;B02
201100013142;0;7;0;0;2;1;1;A01
201100013142;0;7;0;0;2;7;19;B02
201100013143;0;7;0;13;2;6;1;A01
201100013143;0;14;0;0;2;3;21;B02
201100013144;0;7;0;0;2;1;1;B02
201100013144;0;7;0;0;2;1;13;A01
201100013145;0;7;0;0;2;3;13;A01
201100013145;0;7;0;0;2;1;1;B02
201100013146;0;7;0;0;2;3;13;A01
201100013146;0;7;0;0;2;3;1;B02
201100013147;0;7;0;0;2;4;1;B02
201100013147;0;7;0;0;2;1;1;A01
201100013148;0;7;0;0;2;6;17;A01
201100013148;0;7;0;0;2;3;1;B02
201100013149;0;33;0;0;2;7;24;B02
201100013149;0;7;0;1;0;2;1;A01
201100013150;0;30;0;0;2;1;1;B02
201100013150;0;1;0;0;2;3;15;A01
201100013151;0;7;0;0;2;1;1;B02
201100013151;0;7;0;0;2;1;13;A01
201100013152;0;32;0;0;2;2;17;A01
201100013152;0;10;0;0;2;6;15;B02
201100013153;0;7;0;0;0;2;9;A01
201100013153;0;31;0;0;0;1;1;B02
201100013154;0;7;0;0;2;1;1;B02
201100013154;0;7;0;0;2;8;13;A01
201100013155;0;7;0;0;0;8;15;B02
201100013155;0;2;0;0;2;2;17;A01