num_acc;senc;catv;occutc;obs;obsm;choc;manv;num_veh
201100013540;0;7;0;0;2;3;1;B02
201100013540;0;7;0;0;2;2;13;A01
201100013541;0;7;0;0;2;2;1;A01
201100013541;0;7;0;0;2;3;15;B02
201100013542;0;10;0;0;2;1;15;A01
201100013542;0;7;0;0;2;3;16;B02
201100013543;0;33;0;0;0;8;1;A01
201100013544;0;7;0;0;2;3;13;A01
201100013544;0;7;0;0;2;3;1;B02
201100013544;0;7;0;0;2;1;2;C03
201100013545;0;7;0;0;2;1;1;A01
201100013545;0;1;0;0;2;1;1;B02
201100013546;0;1;0;0;2;1;1;B02
201100013546;0;7;0;0;2;5;15;A01
201100013547;0;7;0;0;2;1;1;B02
201100013547;0;7;0;0;2;1;1;A01
201100013548;0;14;0;0;2;7;0;B02
201100013548;0;99;0;0;2;8;1;A01
201100013549;0;7;0;0;2;2;13;A01
201100013549;0;7;0;0;2;2;1;B02
201100013550;0;1;0;0;2;1;1;B02
201100013550;0;1;0;0;2;1;1;A01
201100013551;0;33;0;0;0;7;17;B02
201100013552;0;7;0;0;2;1;1;A01
201100013552;0;7;0;0;2;3;19;B02
201100013553;0;7;0;0;2;2;11;A01
201100013553;0;33;0;0;2;1;1;B02
201100013554;0;31;0;0;2;1;1;A01
201100013554;0;7;0;0;2;1;1;B02
201100013555;0;7;0;13;0;9;1;A01
201100013556;0;7;0;0;2;1;13;A01
201100013556;0;7;0;0;2;1;1;B02
201100013557;0;7;0;2;0;3;1;A01
201100013558;0;7;0;0;2;1;1;A01
201100013558;0;7;0;0;2;1;1;B02
201100013559;0;7;0;0;2;3;1;B02
201100013559;0;7;0;0;2;3;13;A01
201100013560;0;7;0;0;2;1;5;A01
201100013560;0;14;0;0;2;1;1;B02
201100013561;0;7;0;2;0;3;13;A01
201100013562;0;10;0;0;2;4;1;A01
201100013562;0;7;0;0;2;1;17;D04
201100013562;0;7;0;0;2;1;2;B02
201100013562;0;7;0;0;2;1;11;C03
201100013563;0;7;0;13;0;1;1;A01
201100013564;0;7;0;0;2;7;5;A01
201100013564;0;7;0;0;2;2;1;B02
201100013565;0;7;0;2;0;8;1;A01
201100013566;0;7;0;16;0;1;1;A01
201100013567;0;7;0;0;2;8;15;A01
201100013567;0;7;0;0;2;1;1;B02
201100013568;0;7;0;2;0;1;1;A01
201100013569;0;15;0;0;2;3;1;B02
201100013569;0;7;0;0;2;3;13;A01
201100013570;0;1;0;;2;3;1;B02
201100013570;0;10;0;;2;3;10;A01
201100013571;0;2;0;0;2;3;1;B02
201100013571;0;2;0;0;2;3;1;A01
201100013572;0;7;0;0;2;3;1;B02
201100013572;0;7;0;0;2;3;1;A01
201100013573;0;7;0;0;2;3;13;A01
201100013573;0;7;0;0;2;3;1;B02
201100013574;0;7;0;0;2;1;13;A01
201100013574;0;7;0;0;2;2;1;B02
201100013574;0;7;0;0;2;1;1;D04
201100013574;0;7;0;0;2;3;1;C03
201100013575;0;7;0;0;2;1;1;B02
201100013575;0;7;0;0;2;1;17;A01
201100013576;0;33;0;0;6;1;1;A01
201100013577;0;1;0;0;2;1;1;B02
201100013577;0;7;0;0;2;2;15;A01
201100013578;0;15;0;0;2;3;1;A01
201100013578;0;7;0;0;2;3;13;B02
201100013579;0;7;0;16;0;9;1;A01
201100013580;2;7;0;13;0;9;16;A01
201100013581;0;1;0;0;2;1;17;A01
201100013581;0;7;0;0;2;2;16;B02
201100013582;0;7;0;0;2;3;15;B02
201100013582;0;7;0;0;2;3;1;A01
201100013583;0;7;0;;2;8;1;A01
201100013583;0;1;0;;2;1;15;B02
201100013584;0;7;0;0;2;3;13;A01
201100013584;0;14;0;0;2;1;21;C03
201100013584;0;10;0;0;2;3;1;B02
201100013585;0;17;0;0;2;4;23;A01
201100013585;0;7;0;14;0;1;1;B02
201100013586;0;7;0;0;2;1;1;B02
201100013586;0;7;0;0;2;1;13;A01
201100013587;0;33;0;0;2;7;16;B02
201100013587;0;7;0;0;2;1;18;A01
201100013588;0;7;0;0;2;2;2;B02
201100013588;0;10;0;0;2;6;2;A01
201100013589;0;33;0;9;0;2;1;A01
201100013590;0;31;0;0;2;8;15;B02
201100013590;0;33;0;0;2;1;1;A01
201100013591;0;7;0;6;0;1;1;A01
201100013592;0;7;0;6;2;2;1;B02
201100013592;0;7;0;0;2;6;11;A01
201100013593;0;7;0;0;2;8;15;B02
201100013593;0;10;0;0;2;1;1;A01
201100013594;0;7;0;0;2;8;15;A01
201100013594;0;7;0;0;2;1;1;B02
201100013595;0;7;0;2;0;8;13;A01
201100013596;0;7;0;0;2;4;2;B02
201100013596;0;33;0;0;2;1;2;A01
201100013597;0;33;0;0;2;2;2;A01
201100013597;0;7;0;0;2;6;15;B02
201100013598;0;32;0;0;2;6;2;B02
201100013598;0;10;0;0;2;2;2;A01
201100013599;0;7;0;0;2;2;2;A01
201100013599;0;1;0;0;2;5;19;B02
201100013600;0;7;0;0;2;2;15;A01
201100013600;0;31;0;0;2;1;1;B02
201100013601;0;7;0;0;1;2;1;A01
201100013602;0;30;0;0;2;1;1;B02
201100013602;0;7;0;0;2;3;19;A01
201100013603;1;10;0;0;1;4;4;A01
201100013604;0;7;0;0;2;4;1;A01
201100013604;0;30;0;0;2;1;1;B02
201100013605;0;7;0;0;2;1;1;B02
201100013605;0;7;0;0;2;2;1;A01
201100013606;0;7;0;0;2;1;13;B02
201100013606;0;7;0;0;2;1;1;A01
201100013607;0;7;0;0;2;4;23;A01
201100013607;0;7;0;1;;1;1;B02
201100013608;0;7;0;0;1;2;19;A01
201100013609;0;32;0;2;0;1;1;A01
201100013610;0;10;0;0;2;8;1;A01
201100013610;0;30;0;0;2;1;1;B02
201100013611;0;7;0;0;1;1;1;A01
201100013612;0;10;0;0;2;6;19;A01
201100013612;0;10;0;0;2;1;1;B02
201100013613;0;7;0;0;2;1;2;D04
201100013613;0;10;0;0;2;3;14;B02
201100013613;0;7;0;0;2;3;13;A01
201100013613;0;7;0;0;2;1;2;C03
201100013614;0;33;0;0;0;1;1;A01
201100013615;0;33;0;8;0;1;1;A01
201100013616;0;2;0;6;0;1;1;A01
201100013617;0;7;0;11;0;6;0;A01
201100013618;0;7;0;6;0;1;19;A01
201100013619;0;7;0;1;9;2;15;B01
201100013619;0;1;0;0;2;2;1;A02
201100013620;0;33;0;0;2;3;1;B02
201100013620;0;7;0;0;2;1;19;A01
201100013621;0;7;0;0;2;5;15;A01
201100013621;0;33;0;0;2;2;1;B02
201100013622;2;7;0;0;9;3;15;A01
201100013622;0;1;0;0;2;1;1;B02
201100013623;0;7;0;0;2;1;19;A01
201100013623;0;7;0;0;2;6;1;B02
201100013623;0;13;0;0;2;2;1;C03
201100013624;0;15;0;0;2;1;2;A01
201100013624;0;7;0;0;2;4;11;B02
201100013625;0;7;0;0;2;1;2;A01
201100013625;0;7;0;0;2;4;1;B02
201100013625;0;7;0;0;2;1;1;C03
201100013626;0;37;1;0;1;7;20;A01
201100013627;0;7;0;0;2;3;1;B02
201100013627;0;31;0;0;2;1;19;A01
201100013628;0;7;0;13;0;2;14;A01
201100013629;0;7;0;0;9;2;1;A01
201100013629;0;1;0;0;2;1;1;B02
201100013630;0;21;0;0;0;8;16;B02
201100013630;0;33;0;0;2;1;1;A01
201100013631;0;17;0;0;2;2;1;A01
201100013631;0;7;0;0;2;6;19;B02
201100013632;0;7;0;0;0;3;13;A01
201100013632;0;7;0;0;0;3;1;B02
201100013633;0;7;0;4;0;1;1;A01
201100013634;0;1;0;0;0;6;2;B02
201100013634;0;7;0;15;9;6;2;A01
201100013635;0;7;0;0;2;0;15;B02
201100013635;0;7;0;0;2;7;1;A01
201100013636;0;7;0;0;2;1;13;A01
201100013636;0;7;0;0;2;3;1;B02
201100013637;0;34;0;12;0;1;13;A01
201100013638;0;7;0;3;2;4;1;A01
201100013638;0;7;0;3;2;1;1;B02
201100013639;0;7;0;0;2;2;13;A01
201100013639;0;7;0;0;2;3;1;B02
201100013640;0;10;0;0;9;2;19;A01
201100013640;0;30;0;0;2;1;1;B01
201100013641;0;7;0;0;0;5;4;A01
201100013641;0;33;0;0;0;1;1;B02
201100013642;0;33;0;0;2;1;1;A01
201100013642;0;7;0;0;2;3;15;B02
201100013643;0;7;0;0;2;2;15;B02
201100013643;0;7;0;0;2;3;1;A01
201100013644;0;33;0;0;1;0;19;A01
201100013645;0;34;0;3;0;9;1;A01
201100013646;0;7;0;0;0;2;1;A01
201100013647;0;30;0;0;2;1;15;A01
201100013647;0;30;0;0;2;2;1;B02
201100013648;0;7;0;0;0;9;0;A01
201100013649;0;7;0;13;0;1;13;A01
201100013650;1;7;0;0;1;0;0;A01
201100013651;0;7;0;0;2;3;1;B02
201100013651;0;7;0;0;2;3;1;A01
201100013652;0;37;1;8;0;2;14;A01
201100013653;0;7;0;0;0;1;1;B02
201100013653;0;7;0;0;0;5;1;A01
201100013654;0;30;0;0;0;8;16;A01
201100013655;0;7;0;8;0;8;1;A01
201100013656;0;33;0;0;2;1;11;A01
201100013656;0;7;0;0;0;2;1;B02
201100013657;0;31;0;0;0;0;1;A01
201100013658;0;7;0;0;2;2;1;A01
201100013658;0;3;0;1;2;1;13;B02
201100013659;0;7;0;6;0;3;1;A01
201100013660;0;7;0;0;2;2;15;A01
201100013660;0;2;0;0;2;1;1;B02
201100013661;0;7;0;2;0;1;1;A01
201100013662;0;7;0;8;2;1;1;A01
201100013662;0;7;0;0;2;3;23;B02
201100013662;0;7;0;0;2;2;19;C03
201100013663;0;7;0;0;1;2;1;A01
201100013664;0;7;0;2;0;1;1;A01
201100013665;0;7;0;0;0;0;15;A01
201100013665;0;31;0;0;2;1;0;B02
201100013666;0;33;0;0;2;0;0;B02
201100013666;0;7;0;0;2;7;15;A01
201100013667;0;14;0;0;2;3;1;A01
201100013667;0;7;0;0;2;1;13;B02
201100013667;0;7;0;0;2;1;0;C03
201100013668;0;7;0;0;1;2;2;A01
201100013669;0;7;0;0;2;6;15;A01
201100013669;0;33;0;0;2;1;17;B02
201100013670;0;7;0;0;1;2;21;A01
201100013671;0;7;0;6;0;1;13;A01
201100013672;0;7;0;0;2;1;2;A01
201100013672;0;7;0;0;2;4;1;A02
201100013673;0;32;0;3;0;1;1;A01
201100013674;0;17;0;0;2;8;15;A01
201100013674;0;10;0;0;2;1;1;B02
201100013675;0;7;0;0;2;1;17;A01
201100013675;0;10;0;0;2;1;1;B02
201100013676;0;7;0;0;9;8;19;A01
201100013676;0;2;0;0;2;1;2;B02
201100013677;0;33;0;2;0;1;1;A01
201100013677;0;7;0;0;0;0;15;B02
201100013678;0;7;0;0;0;6;17;A01
201100013678;0;33;0;0;0;1;17;B02
201100013679;0;7;0;13;0;3;1;A01
201100013680;0;33;0;0;2;1;1;B02
201100013680;0;7;0;0;2;3;13;A02
201100013681;0;7;0;0;0;1;1;A01
201100013682;0;7;0;0;2;1;5;A01
201100013682;0;7;0;0;2;1;1;B02
201100013683;0;21;0;0;1;2;1;A01
201100013684;0;7;0;0;6;9;1;A01
201100013685;1;7;0;0;0;0;0;A01
201100013686;0;7;0;0;2;6;1;A01
201100013686;0;34;0;0;2;7;17;B02
201100013687;0;7;0;0;0;9;19;A01
201100013688;0;7;0;0;2;1;2;A01
201100013688;0;1;0;0;2;4;2;B02
201100013689;0;10;0;0;2;1;1;B02
201100013689;0;7;0;0;2;1;1;A01
201100013690;0;7;0;2;0;5;1;A01
201100013691;0;7;0;0;2;1;2;A01
201100013691;0;7;0;0;2;4;2;B02
201100013691;0;7;0;0;2;4;2;C03
201100013692;0;7;0;0;2;1;13;A01
201100013692;0;17;0;0;2;1;1;B02
201100013693;0;7;0;13;0;1;1;A01
201100013694;0;10;0;0;0;6;1;A01
201100013694;0;7;0;0;2;3;17;B02
201100013694;0;34;0;0;4;3;1;C02
201100013695;0;15;0;0;2;0;0;A01
201100013695;0;10;0;0;9;1;2;B02
201100013696;0;30;0;0;2;3;13;A01
201100013696;0;7;0;0;2;3;1;B02
201100013697;0;7;0;13;0;9;13;A01
201100013698;0;33;0;0;2;1;11;A01
201100013698;0;17;0;0;2;3;15;B02
201100013699;0;7;0;0;2;8;19;B02
201100013699;0;7;0;0;2;3;21;A01
201100013700;0;33;0;0;0;9;0;A01
201100013700;0;33;0;0;2;9;1;B02
201100013701;0;7;0;8;0;9;0;A01
201100013702;0;33;0;0;1;1;17;A01
201100013703;0;7;0;0;0;9;1;A01
201100013704;0;33;0;0;0;0;1;A01
201100013705;0;7;0;0;2;8;1;A01
201100013705;0;7;0;0;2;3;19;B02
201100013706;0;7;0;0;9;2;2;A01
201100013706;0;1;0;0;2;6;2;B02
201100013707;0;33;0;13;0;8;15;A01
201100013708;0;21;0;0;0;2;16;A01
201100013708;0;33;0;0;0;1;1;B02
201100013709;0;33;0;0;0;0;1;A01
201100013710;0;7;0;0;9;1;1;A01
201100013710;0;1;0;0;2;7;19;B02
201100013711;0;7;0;1;0;1;0;A01
201100013711;0;10;0;0;0;4;24;B02
201100013712;0;7;0;0;2;1;1;B02
201100013712;0;7;0;0;2;8;19;A01
201100013713;0;7;0;0;2;1;13;A01
201100013713;0;7;0;0;2;1;1;B02
201100013714;0;7;0;0;2;1;2;A01
201100013714;0;7;0;0;2;4;15;B02
201100013714;0;7;0;0;2;3;1;C03
201100013715;0;7;0;7;0;9;1;A01
201100013716;0;7;0;8;0;1;1;A01
201100013717;0;7;0;0;2;1;1;A01
201100013717;0;21;0;0;2;3;1;B02
201100013718;0;33;0;8;0;0;1;A01
201100013719;0;7;0;16;0;2;1;A01
201100013720;0;7;0;2;0;7;0;A01
201100013721;0;7;0;2;0;8;13;A01
201100013722;0;7;0;0;1;1;1;A01
201100013723;0;7;0;6;0;2;14;A01
201100013724;0;16;0;0;2;8;2;A01
201100013724;0;33;0;0;2;1;2;B02
201100013725;0;7;0;8;0;7;1;A01
201100013726;0;10;0;2;0;4;1;A01
201100013727;0;7;0;0;2;3;1;A01
201100013727;1;35;0;0;2;0;19;B02
201100013728;0;10;0;14;0;2;1;B02
201100013729;0;7;0;0;1;3;17;A01
201100013730;0;7;0;8;0;1;1;A01
201100013731;0;32;0;0;0;1;17;A01
201100013731;0;7;0;0;0;3;15;B02
201100013732;0;31;0;0;2;1;13;A01
201100013732;0;2;0;0;2;1;1;B02
201100013733;0;7;0;0;0;3;15;A01
201100013734;0;33;0;0;2;1;2;B02
201100013734;0;7;0;0;2;5;2;A01
201100013735;0;34;0;0;2;1;13;A01
201100013735;0;38;1;0;2;3;21;B02
201100013736;0;7;0;2;0;1;1;A01
201100013737;0;30;0;16;0;1;1;A01
201100013738;0;10;0;0;2;2;2;A01
201100013738;0;3;0;0;0;6;2;B02
201100013739;0;7;0;0;2;3;1;A01
201100013739;0;10;0;0;0;4;1;B02
201100013739;0;7;0;14;0;1;1;C03
201100013740;0;7;0;0;6;1;1;A01
201100013741;0;7;0;13;0;1;1;A01
201100013742;0;7;0;0;0;8;19;A01
201100013742;0;7;0;0;2;1;1;B02
201100013743;0;7;0;13;0;1;0;A01
201100013744;0;14;0;0;1;3;1;A01
201100013745;0;10;0;13;0;2;1;A01
201100013746;0;7;0;0;2;1;13;A01
201100013746;0;7;0;0;2;1;1;B02
201100013747;0;7;0;13;2;3;21;A01
201100013747;0;7;0;0;2;2;1;B02
201100013748;0;10;0;0;2;2;19;A01
201100013748;0;33;0;0;2;1;1;B02
201100013749;0;7;0;13;0;1;1;A01
201100013750;0;7;0;13;0;3;0;A01
201100013751;0;7;0;0;2;3;13;A01
201100013751;0;7;0;0;2;1;1;B02
201100013751;0;14;0;0;2;3;1;C03
201100013751;0;17;0;0;2;3;1;D04
201100013752;0;7;0;13;0;1;1;A01
201100013753;0;7;0;0;0;0;14;A01
201100013754;0;34;0;0;2;1;0;A01
201100013754;0;7;0;0;2;1;15;B01
201100013755;0;7;0;0;0;9;14;A01
201100013756;0;33;0;0;2;8;10;A01
201100013756;0;7;0;0;2;2;17;B02
201100013757;0;7;0;0;2;3;13;A01
201100013757;0;33;0;0;2;3;1;B02
201100013758;0;7;0;0;2;1;13;A01
201100013758;0;15;0;0;2;1;1;B02
201100013759;0;33;0;0;0;0;1;A01
201100013760;0;10;0;0;2;3;13;A01
201100013760;0;15;0;0;2;3;1;B02
201100013761;0;7;0;0;0;8;1;B01
201100013761;0;7;0;0;0;1;19;A02
201100013762;0;7;0;0;2;3;13;A01
201100013762;0;7;0;0;2;3;1;B02
201100013763;0;30;0;0;0;0;14;A01
201100013764;0;7;0;0;2;3;13;A01
201100013764;0;7;0;0;2;3;1;B02
201100013765;0;7;0;0;2;3;11;A01
201100013765;0;7;0;0;2;1;11;B02
201100013766;0;15;0;0;2;3;1;A01
201100013766;0;7;0;0;2;1;1;B02
201100013766;0;10;0;0;2;3;1;C03
201100013767;0;7;0;13;0;2;14;A01
201100013768;0;10;0;0;2;1;15;B02
201100013768;0;7;0;0;0;2;15;A01
201100013769;0;7;0;0;2;1;13;A01
201100013769;0;7;0;0;2;8;1;B02
201100013770;0;33;0;6;0;1;0;A01
201100013771;0;7;0;0;2;7;13;A01
201100013771;0;7;0;0;2;1;1;B02
201100013772;0;1;0;0;2;4;1;A01
201100013772;0;7;0;0;9;2;1;C03
201100013773;0;33;0;0;2;1;1;A01
201100013773;0;7;0;0;2;1;19;B02
201100013774;0;7;0;0;2;7;13;A01
201100013774;0;7;0;0;2;1;1;B02
201100013775;0;33;0;0;2;1;2;A01
201100013775;0;7;0;0;0;6;1;B02
201100013776;0;7;0;0;0;2;1;A01
201100013777;0;7;0;8;0;3;1;A01
201100013778;0;7;0;0;2;6;1;B02
201100013778;0;7;0;15;2;3;17;A01
201100013779;0;7;0;8;0;3;1;A01
201100013780;0;7;0;0;2;3;1;A01
201100013780;0;14;0;0;2;3;13;B02
201100013781;0;7;0;2;0;1;1;A01
201100013782;0;7;0;0;1;2;16;A01
201100013783;0;99;0;0;2;1;1;A01
201100013783;0;7;0;0;2;3;9;B02
201100013784;0;7;0;2;0;9;1;A01
201100013785;0;7;0;13;0;9;1;A01
201100013786;0;7;0;6;0;2;21;A01
201100013787;0;7;0;0;2;2;1;B02
201100013787;0;7;0;0;2;2;15;A01
201100013788;0;7;0;13;0;9;1;A01
201100013789;0;7;0;6;0;1;1;A01
201100013790;0;33;0;0;2;1;1;B02
201100013790;0;7;0;0;2;1;15;A01
201100013791;0;7;0;0;2;3;13;A01
201100013791;0;17;0;0;2;3;1;B02
201100013792;0;7;0;0;1;2;1;A01
201100013793;0;7;0;0;1;2;1;A01
201100013794;0;33;0;9;0;1;1;A01
201100013795;0;7;0;1;0;3;17;A01
201100013796;0;7;0;2;0;8;1;A01
201100013797;0;7;0;0;1;7;1;A01
201100013798;0;7;0;0;2;3;13;A01
201100013798;0;17;0;0;2;3;1;B02
201100013799;0;30;0;0;2;1;1;A01
201100013799;0;7;0;0;2;3;16;B02
201100013800;0;7;0;0;1;2;1;A01
201100013801;0;7;0;6;0;3;1;A01
201100013802;0;7;0;2;6;7;21;A01
201100013803;0;7;0;0;2;2;1;A01
201100013803;0;3;0;0;2;3;15;B02
201100013804;0;7;0;0;0;6;15;B02
201100013804;0;33;0;0;2;2;17;A01
201100013805;0;7;0;0;2;3;1;B02
201100013805;0;33;0;0;2;8;17;A01
201100013806;0;7;0;13;0;9;1;A01
201100013807;0;7;0;2;0;1;1;A01
201100013808;0;7;0;0;2;3;13;A01
201100013808;0;7;0;0;2;3;1;B02
201100013809;0;7;0;2;0;6;21;A01
201100013810;0;10;0;0;2;1;1;B02
201100013810;0;7;0;0;2;3;17;A01
201100013811;0;7;0;0;2;2;1;B02
201100013811;0;7;0;8;2;3;1;A01
201100013812;0;7;0;0;2;3;15;A01
201100013812;0;7;0;0;2;2;1;B02
201100013813;0;7;0;8;0;1;1;A01
201100013814;0;31;0;0;2;3;16;B02
201100013814;0;7;0;0;2;2;1;A01
201100013815;0;7;0;1;0;8;1;A01
201100013816;0;7;0;0;2;1;1;B02
201100013816;0;31;0;0;2;6;1;A01
201100013817;0;33;0;0;2;1;17;A01
201100013817;0;7;0;0;0;6;1;B02
201100013818;0;1;0;0;2;1;1;A01
201100013818;0;7;0;0;2;3;15;B02
201100013819;0;7;0;0;2;8;21;C03
201100013819;0;7;0;1;2;3;13;A01
201100013819;0;17;0;0;0;8;24;E05
201100013819;0;7;0;1;2;3;1;B02
201100013819;0;14;0;0;0;8;24;D04
201100013820;0;10;0;0;1;2;1;A01
201100013821;0;33;0;13;0;1;1;A01
201100013822;0;7;0;0;1;1;1;A01
201100013823;0;7;0;0;2;3;13;A01
201100013823;0;7;0;13;2;3;1;B02
201100013824;0;2;0;15;0;7;1;A01
201100013825;0;7;0;13;1;1;1;A01
201100013826;0;7;0;2;0;1;1;A01
201100013827;0;7;0;0;2;1;1;C03
201100013827;0;7;0;0;2;7;13;A01
201100013827;0;7;0;0;2;1;1;B02
201100013828;0;7;0;0;2;1;1;B02
201100013828;0;10;0;0;2;1;13;A01
201100013829;0;33;0;0;2;3;13;A01
201100013829;0;14;0;0;2;6;1;B02
201100013830;0;33;0;8;0;8;1;A01
201100013831;1;7;0;0;1;3;0;A01
201100013832;0;7;0;6;0;2;1;A01
201100013833;0;7;0;0;2;3;13;A01
201100013833;0;7;0;0;2;3;1;B02
201100013834;0;38;1;1;1;6;4;A01
201100013835;0;7;0;8;0;8;1;A01
201100013836;0;7;0;16;0;9;1;A01
201100013837;0;7;0;0;1;1;1;A01
201100013838;0;7;0;0;2;3;1;B02
201100013838;0;7;0;0;2;3;13;A01
201100013839;0;7;0;0;2;7;13;A01
201100013839;0;7;0;0;2;1;1;B02
201100013840;0;7;0;0;2;3;1;B02
201100013840;0;7;0;0;2;3;13;A01
201100013841;1;10;0;0;2;8;1;B02
201100013841;1;10;0;0;2;6;13;A01
201100013841;0;7;0;0;2;3;1;C03
201100013842;0;7;0;6;0;2;1;A01
201100013843;0;7;0;16;0;2;1;A01
201100013844;0;7;0;8;0;3;1;A01
201100013845;0;10;0;0;0;7;1;B02
201100013845;0;1;0;0;2;1;15;A01
201100013846;0;10;0;0;0;5;23;B02
201100013846;0;2;0;14;0;1;2;A01
201100013847;0;17;0;0;2;4;23;A01
201100013847;0;17;0;0;2;1;2;C03
201100013847;0;17;0;0;2;4;23;B02
201100013848;0;7;0;0;2;3;1;B02
201100013848;0;7;0;0;2;3;13;A01
201100013849;0;7;0;10;0;3;14;A01
201100013850;0;7;0;0;2;3;13;A01
201100013850;0;7;0;0;2;8;21;B02
201100013850;0;7;0;0;2;2;21;C03
201100013851;0;33;0;16;0;9;1;A01
201100013852;0;7;0;16;0;9;1;A01
201100013853;0;33;0;16;0;8;1;A01
201100013854;0;7;0;0;2;1;1;A01
201100013854;0;7;0;0;2;1;15;B02
201100013855;0;3;0;6;0;1;1;A01
201100013856;0;1;0;0;2;2;1;B02
201100013856;0;7;0;0;2;6;1;A01
201100013857;0;7;0;13;0;9;13;A01
201100013858;0;2;0;0;2;1;1;B02
201100013858;0;7;0;0;2;3;1;A01
201100013859;0;7;0;0;2;8;15;B02
201100013859;0;32;0;0;2;1;1;A01
201100013860;0;10;0;0;2;1;1;B02
201100013860;0;17;0;0;2;2;1;A01
201100013861;0;7;0;13;0;1;1;A01
201100013862;0;7;0;15;0;6;15;B02
201100013862;0;7;0;0;2;2;17;A01
201100013863;0;7;0;0;0;6;1;B02
201100013863;0;7;0;0;2;1;1;C03
201100013863;0;33;0;0;2;1;17;A01
201100013864;0;7;0;3;2;1;1;A01
201100013865;0;7;0;0;2;1;1;B02
201100013865;0;7;0;0;2;7;1;A01
201100013866;0;7;0;0;0;8;23;C03
201100013866;0;7;0;0;2;3;1;A01
201100013866;0;7;0;0;2;2;15;B02
201100013867;0;7;0;0;2;2;15;B02
201100013867;0;33;0;0;2;1;1;A01
201100013868;0;7;0;0;2;1;13;A01
201100013868;0;17;0;0;2;1;1;B02
201100013869;0;1;0;0;2;1;9;A01
201100013869;0;7;0;0;2;3;1;B02
201100013870;0;7;0;8;0;1;14;A01
201100013871;0;7;0;0;2;1;10;B02
201100013871;0;33;0;0;2;1;13;A01
201100013872;0;33;0;0;2;1;13;A01
201100013872;0;7;0;0;2;8;21;B02
201100013873;0;7;0;6;0;7;13;A01
201100013874;0;31;0;0;2;1;1;A01
201100013874;0;7;0;0;0;7;15;B02
201100013875;0;7;0;13;0;3;13;A01
201100013876;0;7;0;2;0;9;13;A01
201100013877;0;10;0;0;2;2;17;A01
201100013877;0;1;0;0;2;3;15;B02
201100013878;0;2;0;0;2;8;19;A01
201100013878;0;10;0;0;2;1;1;B02
201100013879;0;2;0;0;2;1;1;A01
201100013879;0;15;0;0;2;8;1;B02
201100013879;0;7;0;0;0;4;1;C03
201100013880;0;33;0;12;0;8;1;A01
201100013881;0;7;0;16;0;9;1;A01
201100013882;0;2;0;0;0;6;15;A01
201100013882;0;30;0;0;2;1;1;B02
201100013883;0;7;0;13;0;1;1;A01
201100013884;0;7;0;0;2;1;15;A01
201100013884;0;7;0;0;2;1;1;B02
201100013885;0;7;0;8;0;1;13;A01
201100013886;0;33;0;0;2;1;13;A01
201100013886;0;7;0;0;2;3;21;B02
201100013887;0;7;0;0;2;2;1;B02
201100013887;0;7;0;0;2;3;13;A01
201100013888;0;10;0;0;2;3;9;A01
201100013888;0;1;0;0;2;1;1;B02
201100013889;0;33;0;0;0;1;1;A01
201100013890;0;7;0;0;2;2;13;A01
201100013890;0;30;0;0;2;2;1;B02
201100013891;0;7;0;0;2;1;1;B02
201100013891;0;7;0;0;2;7;13;A01
201100013892;0;1;0;0;2;3;1;B02
201100013892;0;15;0;0;2;5;17;A01
201100013893;0;30;0;0;2;8;1;B02
201100013893;0;7;0;0;2;3;17;A01
201100013894;0;7;0;16;0;9;1;A01
201100013895;0;33;0;0;2;1;1;A01
201100013895;0;38;25;0;2;7;1;B02
201100013896;0;7;0;0;1;7;1;A01
201100013897;0;33;0;0;0;1;1;A01
201100013898;0;7;0;0;1;1;1;A01
201100013899;0;33;0;13;0;1;1;A01
201100013900;0;31;0;6;0;1;1;A01
201100013901;0;7;0;0;2;3;1;B02
201100013901;0;7;0;0;2;3;13;A01
201100013902;0;33;0;2;0;1;1;A01
201100013903;0;2;0;12;0;2;1;A01
201100013904;0;7;0;2;0;3;1;A01
201100013905;0;7;0;13;0;7;1;A01
201100013906;0;33;0;0;0;1;1;A01
201100013907;0;33;0;16;0;1;1;A01
201100013908;0;7;0;13;0;9;1;A01
201100013909;0;7;0;0;2;3;13;B02
201100013909;0;7;0;0;2;3;1;A01
201100013910;0;7;0;0;2;1;1;B02
201100013910;0;30;0;0;2;8;15;A01
201100013911;0;7;0;8;0;6;1;A01
201100013912;0;7;0;0;2;1;1;B02
201100013912;0;7;0;0;2;1;13;A01
201100013913;0;7;0;2;0;1;1;A01
201100013914;0;7;0;7;0;9;1;A01
201100013915;0;7;0;0;2;2;17;A01
201100013915;0;1;0;0;0;6;1;B02
201100013916;0;7;0;2;0;1;1;A01
201100013917;0;7;0;2;0;1;13;A01
201100013918;0;7;0;13;0;1;13;A01
201100013919;0;1;0;0;2;1;0;B02
201100013919;0;7;0;0;2;2;1;A01
201100013920;0;3;0;0;2;1;13;A01
201100013920;0;10;0;0;2;3;1;B02
201100013921;0;7;0;8;0;3;13;A01
201100013922;0;7;0;2;0;3;14;A01
201100013923;0;33;0;2;0;2;1;A01
201100013924;0;7;0;0;2;7;17;A01
201100013924;0;7;0;0;2;1;1;B02
201100013925;0;30;0;0;2;1;1;B02
201100013925;0;7;0;0;2;3;1;A01