num_acc;senc;catv;occutc;obs;obsm;choc;manv;num_veh
201100013926;0;7;0;0;2;3;10;A01
201100013926;0;7;0;0;2;1;1;B02
201100013927;0;7;0;0;2;1;1;C03
201100013927;0;7;0;0;2;2;1;D04
201100013927;0;7;0;0;2;1;13;A01
201100013927;0;7;0;0;2;3;1;B02
201100013928;0;33;0;0;2;1;1;B02
201100013928;0;7;0;0;2;7;1;A01
201100013929;0;30;0;8;0;1;13;A01
201100013930;0;7;0;0;2;8;1;A01
201100013930;0;7;0;5;2;3;13;B02
201100013931;0;33;0;0;2;1;1;B02
201100013931;0;7;0;0;2;7;15;A01
201100013932;0;7;0;0;1;2;1;A01
201100013933;0;7;0;0;2;1;1;B02
201100013933;0;7;0;0;2;7;13;A01
201100013934;0;7;0;0;2;1;13;A01
201100013934;0;21;0;0;2;1;1;B02
201100013935;0;33;0;0;2;1;1;A01
201100013935;0;33;0;0;2;1;1;B02
201100013936;0;17;0;0;2;3;1;A01
201100013936;0;7;0;0;2;7;1;B02
201100013937;0;33;0;13;0;1;1;A01
201100013938;0;7;0;0;2;2;15;A01
201100013938;0;7;0;0;2;3;1;B02
201100013939;0;7;0;0;2;7;13;A01
201100013939;0;7;0;0;2;2;1;B02
201100013940;0;7;0;13;0;1;13;A01
201100013941;0;7;0;16;0;9;17;A01
201100013942;0;33;0;0;5;1;1;A01
201100013943;0;2;0;0;2;1;13;A01
201100013943;0;7;0;0;2;3;1;B02
201100013944;0;7;0;0;2;3;1;A01
201100013944;0;10;0;0;2;1;16;B02
201100013945;1;7;0;0;1;7;1;A01
201100013946;0;7;0;0;2;1;23;C03
201100013946;0;7;0;0;2;7;5;A01
201100013946;0;7;0;0;2;1;19;B02
201100013947;0;7;0;0;2;3;1;B02
201100013947;0;7;0;0;2;3;13;A01
201100013948;0;7;0;0;6;2;1;A01
201100013949;0;7;0;0;1;1;1;A01
201100013950;0;7;0;13;0;9;14;A01
201100013951;0;7;0;0;0;5;1;A01
201100013951;0;1;0;0;2;0;2;B02
201100013952;0;2;0;0;2;7;1;B02
201100013952;0;7;0;0;2;3;1;A01
201100013953;0;1;0;0;2;3;1;A01
201100013953;0;7;0;0;9;2;1;B02
201100013954;0;7;0;14;0;3;1;A01
201100013955;0;7;0;0;2;8;24;A01
201100013955;0;1;0;1;0;1;1;B02
201100013956;0;7;0;13;0;1;17;A01
201100013957;0;1;0;1;0;4;2;B02
201100013957;0;31;0;0;0;1;2;A01
201100013958;0;7;0;13;0;1;1;A01
201100013959;0;10;0;2;0;2;1;A01
201100013960;0;10;0;8;0;8;1;A01
201100013961;0;17;0;0;0;7;1;A01
201100013962;0;33;0;13;0;1;1;A01
201100013963;1;7;0;0;1;2;1;A01
201100013964;0;7;0;0;2;3;13;B02
201100013964;0;7;0;0;2;3;1;A01
201100013965;0;7;0;0;1;1;1;A01
201100013966;0;7;0;0;2;1;1;A01
201100013966;0;7;0;0;2;1;1;B02
201100013967;0;7;0;0;1;3;1;A01
201100013968;0;33;0;0;2;1;2;A01
201100013968;0;7;0;0;0;4;23;B02
201100013969;0;7;0;0;2;1;1;A01
201100013969;0;7;0;9;2;2;19;B02
201100013970;0;33;0;13;0;1;1;A01
201100013971;0;10;0;13;0;1;1;A01
201100013972;0;7;0;6;0;3;1;A01
201100013973;0;7;0;0;0;3;13;A01
201100013974;0;7;0;13;0;1;1;A01
201100013975;0;31;0;0;6;1;1;A01
201100013976;0;15;0;0;2;7;1;B02
201100013976;0;33;0;0;2;1;19;A01
201100013977;0;17;0;0;2;8;1;C03
201100013977;0;7;0;2;2;1;17;A01
201100013977;0;17;0;0;0;0;2;B02
201100013978;0;15;0;2;0;1;13;A01
201100013979;0;7;0;13;0;1;13;A01
201100013980;0;21;0;0;2;3;1;A01
201100013980;0;30;0;0;2;2;1;B02
201100013981;0;7;0;0;0;9;1;A01
201100013982;0;7;0;0;2;1;1;A01
201100013982;0;7;0;0;2;1;1;B02
201100013983;0;7;0;0;2;2;1;A01
201100013983;0;7;0;0;2;5;15;B02
201100013984;0;7;0;0;1;2;20;A01
201100013985;0;7;0;13;0;9;1;A01
201100013986;0;15;0;0;2;1;11;A01
201100013986;0;99;0;0;0;4;11;B02
201100013987;0;7;0;8;0;8;1;A01
201100013988;0;37;0;0;9;2;22;A01
201100013989;0;7;0;2;0;3;13;A01
201100013990;0;7;0;0;1;3;1;A01
201100013991;0;7;0;0;1;3;1;A01
201100013992;0;1;0;0;0;2;1;C03
201100013992;0;1;0;0;0;2;1;B02
201100013992;0;1;0;0;0;2;1;A01
201100013993;0;7;0;0;2;3;13;A01
201100013993;0;7;0;0;2;3;1;B02
201100013994;0;7;0;2;0;3;1;A01
201100013995;0;7;0;0;2;6;13;A01
201100013995;0;15;0;0;2;1;1;B02
201100013995;0;7;0;0;2;1;1;C03
201100013996;0;33;0;0;0;7;14;A01
201100013997;0;33;0;12;0;1;1;A01
201100013997;0;33;0;12;0;1;1;B02
201100013998;0;10;0;0;2;3;15;A01
201100013998;0;7;0;2;2;9;17;B02
201100013999;0;17;0;0;2;3;1;B02
201100013999;0;7;0;0;2;3;13;A01
201100014000;0;7;0;0;2;1;1;B02
201100014000;0;7;0;0;2;1;5;A01
201100014001;0;7;0;0;1;1;1;A01
201100014002;0;33;0;0;2;1;15;B02
201100014002;0;3;0;0;2;3;1;A01
201100014003;0;7;0;0;1;1;1;A01
201100014004;0;7;0;13;0;3;19;A01
201100014005;0;7;0;0;2;3;2;B02
201100014005;0;7;0;0;2;1;2;D04
201100014005;0;7;0;13;0;6;21;C03
201100014005;0;7;0;0;2;5;2;A01
201100014006;0;7;0;0;1;1;1;A01
201100014007;0;30;0;0;2;7;1;B02
201100014007;0;10;0;0;2;1;15;A01
201100014008;0;33;0;0;0;1;1;A01
201100014009;0;7;0;0;2;1;1;A01
201100014009;0;7;0;0;2;2;15;B02
201100014010;0;7;0;13;0;1;1;A01
201100014011;0;7;0;0;0;8;19;A01
201100014011;0;10;0;0;2;1;1;B02
201100014012;0;2;0;0;2;1;1;B02
201100014012;0;7;0;0;2;3;19;A01
201100014013;0;30;0;0;1;1;1;A01
201100014014;0;7;0;0;2;3;1;B02
201100014014;0;7;0;0;0;2;15;A01
201100014015;0;7;0;0;0;2;1;A01
201100014016;0;2;0;0;0;1;1;A01
201100014017;0;2;0;12;0;1;1;A01
201100014018;0;7;0;0;2;3;1;B02
201100014018;0;7;0;0;2;3;1;A01
201100014019;0;2;0;0;0;0;1;A01
201100014020;0;1;0;0;2;8;13;A01
201100014020;0;7;0;0;2;1;1;B02
201100014021;0;7;0;6;0;8;1;A01
201100014022;0;7;0;0;2;1;1;B02
201100014022;0;2;0;0;2;1;13;A01
201100014023;0;7;0;0;1;2;1;A01
201100014024;0;7;0;13;0;1;1;A01
201100014025;0;7;0;0;2;2;1;C03
201100014025;0;7;0;0;2;1;17;A01
201100014025;0;7;0;0;2;3;1;B02
201100014026;0;3;0;0;2;1;1;A01
201100014026;0;7;0;0;2;7;1;B02
201100014027;0;10;0;0;2;2;1;B02
201100014027;0;7;0;0;2;7;15;A01
201100014028;0;7;0;0;2;7;1;B02
201100014028;0;7;0;0;2;1;9;A01
201100014029;0;7;0;9;0;1;1;A01
201100014030;0;33;0;0;2;1;1;A01
201100014030;0;7;0;0;2;3;15;B02
201100014031;0;7;0;0;0;8;1;B02
201100014031;0;1;0;0;2;1;19;A01
201100014032;0;7;0;6;0;1;1;A01
201100014033;0;7;0;6;0;3;1;A01
201100014034;0;7;0;0;0;9;1;A01
201100014035;0;17;0;13;0;7;1;A01
201100014036;0;7;0;0;1;3;9;A01
201100014037;0;7;0;8;0;1;13;A01
201100014038;0;33;0;0;2;1;1;A01
201100014038;0;7;0;0;2;1;19;B02
201100014039;0;33;0;0;2;1;18;A01
201100014039;0;21;0;0;0;7;16;B02
201100014040;0;7;0;0;1;1;1;A01
201100014041;0;7;0;0;2;1;1;B02
201100014041;0;7;0;0;2;2;13;A01
201100014042;0;31;0;0;2;3;13;B02
201100014042;0;31;0;0;2;3;1;A01
201100014043;0;7;0;13;0;3;13;A01
201100014044;0;7;0;0;2;1;13;A01
201100014044;0;15;0;0;2;1;1;B02
201100014045;0;7;0;0;2;1;1;B02
201100014045;0;7;0;0;2;7;19;A01
201100014046;0;7;0;2;0;1;1;A01
201100014047;0;7;0;0;2;3;19;A01
201100014047;0;33;0;0;2;1;1;B02
201100014048;0;32;0;0;2;1;1;B02
201100014048;0;7;0;0;2;3;15;A01
201100014049;0;33;0;0;0;0;17;A01
201100014050;0;7;0;13;0;8;15;A01
201100014050;0;10;0;13;2;1;17;B02
201100014051;0;7;0;11;0;0;1;A01
201100014052;0;30;0;0;0;8;1;A01
201100014053;0;7;0;0;2;1;15;B02
201100014053;0;30;0;0;2;7;1;A01
201100014054;0;7;0;8;0;1;14;A01
201100014055;0;7;0;0;1;0;1;A01
201100014056;0;7;0;0;2;3;15;B02
201100014056;0;7;0;0;2;3;1;A01
201100014057;0;7;0;2;0;1;0;A01
201100014058;0;7;0;2;0;8;14;A01
201100014059;0;21;0;0;9;1;1;B02
201100014059;0;33;0;0;2;1;13;A01
201100014060;0;7;0;0;2;1;17;A01
201100014060;0;7;0;0;2;1;2;C03
201100014060;0;7;0;0;2;1;1;B02
201100014061;0;7;0;0;2;1;1;B02
201100014061;2;7;0;0;2;1;17;A01
201100014062;0;7;0;0;2;1;15;A01
201100014062;0;7;0;0;2;1;1;B02
201100014063;0;7;0;2;0;2;1;A01
201100014064;0;33;0;12;0;1;1;A01
201100014065;0;7;0;8;0;1;1;A01
201100014066;0;7;0;0;2;1;1;B02
201100014066;0;7;0;0;2;1;17;A01
201100014067;0;7;0;0;0;8;1;A01
201100014067;0;31;0;0;2;1;1;B02
201100014068;0;7;0;0;2;3;20;A01
201100014068;0;30;0;0;2;1;1;B02
201100014069;0;7;0;13;0;1;1;A01
201100014070;0;7;0;0;2;4;1;A01
201100014070;0;7;0;0;2;1;1;B02
201100014071;0;10;0;0;1;2;1;A01
201100014072;0;14;0;16;0;1;16;A01
201100014073;0;7;0;0;2;3;15;B02
201100014073;0;2;0;0;2;1;17;A01
201100014074;0;10;0;0;0;7;1;A01
201100014074;0;33;0;0;0;3;15;B02
201100014075;0;30;0;0;2;1;15;A01
201100014075;0;7;0;0;2;2;1;B02
201100014076;0;30;0;0;1;1;0;A01
201100014077;0;7;0;0;2;8;1;A01
201100014077;0;7;0;0;2;1;1;B02
201100014078;0;7;0;2;0;1;14;A01
201100014079;0;7;0;0;2;1;2;B02
201100014079;0;7;0;0;2;8;2;A01
201100014080;0;7;0;0;2;7;1;A01
201100014080;0;32;0;0;2;1;1;B02
201100014081;0;10;0;0;2;3;1;A01
201100014081;0;7;0;0;2;8;15;B02
201100014082;0;10;0;2;0;1;12;A01
201100014083;0;10;0;0;2;7;1;A01
201100014083;0;10;0;0;2;1;1;B02
201100014084;0;10;0;0;2;8;17;A01
201100014084;0;33;0;0;2;2;17;B02
201100014085;0;7;0;13;0;1;1;A01
201100014086;0;1;0;0;2;3;1;B02
201100014086;0;7;0;0;2;3;1;A01
201100014087;0;7;0;0;2;3;15;A01
201100014087;0;30;0;0;2;1;1;B02
201100014088;0;7;0;2;0;7;1;A01
201100014089;0;7;0;0;2;3;1;A01
201100014089;0;14;0;0;2;3;1;B02
201100014090;0;7;0;0;1;2;1;A01
201100014091;0;7;0;0;0;9;1;A01
201100014092;0;7;0;0;2;1;1;A01
201100014092;0;7;0;0;2;7;1;B02
201100014093;0;30;0;0;2;8;15;A01
201100014093;0;7;0;0;2;2;2;B02
201100014094;0;17;0;0;2;3;23;B02
201100014094;0;7;0;0;2;2;1;A01
201100014095;0;7;0;0;2;1;5;A01
201100014095;0;7;0;0;2;1;1;B02
201100014096;0;7;0;0;2;7;1;B02
201100014096;0;7;0;0;2;1;1;A01
201100014097;0;14;0;0;2;3;1;B02
201100014097;0;7;0;0;2;3;13;A01
201100014098;0;7;0;0;2;7;15;A01
201100014098;0;2;0;0;2;1;1;B02
201100014099;0;10;0;0;2;3;1;B02
201100014099;0;7;0;0;2;3;13;A01
201100014100;0;7;0;0;0;1;1;A01
201100014100;0;15;0;0;2;3;1;B02
201100014100;0;7;0;0;0;8;1;C03
201100014101;0;30;0;0;0;1;1;A01
201100014102;0;7;0;0;2;1;1;A01
201100014102;0;7;0;0;2;4;13;B02
201100014103;0;7;0;0;0;2;15;A01
201100014103;0;7;0;0;0;1;1;B02
201100014104;0;1;0;0;0;6;1;B02
201100014104;0;7;0;0;2;2;1;A01
201100014105;0;7;0;6;0;7;0;A01
201100014106;0;7;0;13;0;2;1;A01
201100014107;0;7;0;13;0;2;1;A01
201100014108;0;7;0;2;0;3;13;A01
201100014109;0;7;0;0;2;1;1;B02
201100014109;0;7;0;0;2;3;15;A01
201100014110;0;15;0;0;2;4;1;B02
201100014110;0;15;0;0;2;1;1;A01
201100014111;0;7;0;0;0;6;14;A01
201100014112;0;7;0;0;2;3;12;A01
201100014112;0;10;0;0;1;1;1;B02
201100014112;0;15;0;0;0;0;0;C03
201100014113;0;7;0;2;0;3;1;A01
201100014114;0;10;0;8;2;1;19;B02
201100014114;0;7;0;0;2;7;1;A01
201100014115;0;7;0;0;9;7;1;A01
201100014115;0;1;0;0;2;8;19;B02
201100014116;0;30;0;0;2;1;1;B02
201100014116;0;7;0;0;2;6;1;A01
201100014117;0;7;0;0;2;1;13;A01
201100014117;0;17;0;0;2;2;1;B02
201100014118;0;7;0;2;0;1;1;A01
201100014119;0;7;0;14;0;1;1;A01
201100014120;0;7;0;0;0;0;1;A01
201100014121;0;33;0;0;0;0;1;A01
201100014122;0;33;0;13;0;1;1;A01
201100014123;0;33;0;0;0;0;21;A01
201100014124;0;7;0;0;2;3;13;A01
201100014124;0;30;0;0;2;7;17;B02
201100014125;0;7;0;0;2;2;15;A01
201100014125;0;30;0;0;2;1;1;B02
201100014126;0;7;0;0;2;2;2;B02
201100014126;0;7;0;0;2;4;16;A01
201100014127;0;30;0;0;2;1;2;A01
201100014127;0;21;0;0;2;5;2;B02
201100014128;0;30;0;0;0;1;1;B02
201100014128;0;14;0;0;0;1;16;A01
201100014129;0;7;0;13;0;1;21;A01
201100014130;0;30;0;12;0;8;5;A01
201100014131;0;33;0;13;0;1;1;A01
201100014132;0;7;0;0;0;1;13;A01
201100014132;0;7;0;0;0;1;0;B02
201100014133;0;10;0;0;2;2;17;A01
201100014133;0;17;0;0;2;6;15;B02
201100014134;0;10;0;13;0;0;1;A01
201100014135;0;7;0;0;0;9;1;A01
201100014135;0;7;0;2;0;5;13;B02
201100014136;0;17;0;0;2;1;1;A01
201100014136;0;17;0;0;2;4;1;B02
201100014137;0;7;0;2;0;8;1;A01
201100014138;0;15;0;0;2;5;1;B02
201100014138;0;7;0;0;2;3;2;A01
201100014139;0;1;0;0;0;7;1;A01
201100014140;0;7;0;16;0;9;1;A01
201100014141;0;7;0;0;2;1;5;A01
201100014141;0;7;0;0;2;1;1;B02
201100014142;0;33;0;0;0;9;1;A01
201100014143;0;33;0;0;0;0;1;A01
201100014144;0;7;0;13;0;3;1;A01
201100014145;0;33;0;0;0;7;0;A01
201100014146;0;7;0;13;0;1;1;A01
201100014147;0;7;0;2;2;3;1;A01
201100014148;0;7;0;0;2;7;21;A01
201100014148;0;7;0;0;2;1;1;B02
201100014149;0;7;0;0;2;5;19;A01
201100014149;0;30;0;0;2;1;1;B02
201100014150;0;33;0;16;0;7;13;A01
201100014151;0;7;0;0;0;1;21;A01
201100014152;0;7;0;0;2;7;1;A01
201100014152;0;7;0;0;2;1;1;B02
201100014153;0;2;0;0;2;1;17;A01
201100014153;0;7;0;0;0;4;15;B02
201100014154;0;33;0;0;2;1;1;A01
201100014154;0;7;0;0;2;3;19;B02
201100014155;0;33;0;0;0;3;2;A01
201100014155;0;33;0;0;0;4;2;B02
201100014156;0;30;0;0;1;0;1;A01
201100014157;0;14;0;0;2;1;15;A01
201100014157;0;30;0;0;2;1;1;B02
201100014158;0;7;0;13;0;2;14;A01
201100014159;0;10;0;8;2;1;15;B02
201100014159;0;10;0;6;2;8;1;A01
201100014160;0;7;0;16;0;0;13;A01
201100014161;0;7;0;0;2;7;1;B02
201100014161;0;7;0;0;2;1;1;A01
201100014162;0;17;0;0;2;6;1;A01
201100014162;0;10;0;0;2;1;1;B02
201100014162;0;7;0;0;2;3;1;C03
201100014163;0;7;0;0;0;0;1;A01
201100014164;0;7;0;0;0;1;19;A01
201100014164;0;7;0;0;2;8;1;B02
201100014165;0;7;0;0;1;2;1;A01
201100014166;0;7;0;0;0;9;0;A01
201100014167;0;7;0;0;2;3;17;A01
201100014167;0;33;0;0;2;1;1;B02
201100014168;0;7;0;0;2;3;1;B02
201100014168;0;7;0;0;2;3;13;A01
201100014169;0;7;0;0;2;3;9;A01
201100014169;0;1;0;0;2;1;1;B02
201100014170;0;7;0;8;0;2;1;A01
201100014171;0;30;0;0;0;7;15;A01
201100014171;0;7;0;0;0;1;1;B02
201100014172;0;7;0;0;1;1;1;A01
201100014173;0;7;0;13;0;9;1;A01
201100014174;0;31;0;0;2;7;18;B02
201100014174;0;7;0;0;2;3;15;A01
201100014175;0;2;0;0;2;1;19;A01
201100014175;0;10;0;0;0;0;1;C03
201100014176;0;7;0;0;2;2;1;A01
201100014176;0;3;0;0;2;3;15;B02
201100014177;0;7;0;0;1;1;9;A01
201100014178;0;14;0;0;2;3;1;A01
201100014178;0;7;0;0;2;3;1;B02
201100014179;0;7;0;0;6;3;1;A01
201100014180;0;7;0;0;2;1;1;B02
201100014180;0;30;0;0;6;1;21;A01
201100014181;0;30;0;0;0;0;1;A01
201100014182;0;7;0;6;0;1;13;A01
201100014183;0;7;0;6;0;1;1;A01
201100014184;0;7;0;8;0;3;1;A01
201100014185;0;1;0;0;2;3;9;B02
201100014185;0;7;0;0;2;2;1;A01
201100014186;0;10;0;0;1;7;1;A01
201100014187;0;30;0;0;2;1;1;C03
201100014187;0;30;0;0;2;1;1;B02
201100014187;0;21;0;0;2;2;15;A01
201100014188;0;7;0;0;2;8;13;A01
201100014188;0;7;0;0;2;1;1;B02
201100014189;0;30;0;0;0;8;14;A01
201100014190;0;21;0;0;2;6;1;A01
201100014190;0;33;0;0;2;1;1;B02
201100014191;0;7;0;0;2;7;15;A01
201100014191;0;33;0;0;2;1;1;B02
201100014192;0;7;0;2;6;1;21;A01
201100014193;0;33;0;0;2;1;13;A01
201100014193;0;7;0;0;2;7;19;B02
201100014194;0;7;0;0;2;2;1;A01
201100014194;0;2;0;0;2;4;2;B02
201100014195;0;7;0;6;0;3;15;A01
201100014196;0;10;0;0;2;2;17;A01
201100014196;0;33;0;0;2;3;1;B02
201100014197;0;7;0;0;2;1;15;A01
201100014197;0;1;0;0;2;1;1;C03
201100014197;0;1;0;0;2;1;1;B02
201100014198;0;33;0;0;2;1;2;A01
201100014198;0;10;0;0;2;4;15;B02
201100014199;0;33;0;0;2;1;1;B02
201100014199;0;17;0;0;2;3;17;A01
201100014200;0;33;0;0;2;1;1;B02
201100014200;0;7;0;0;2;3;19;A01
201100014201;0;10;0;2;0;1;13;A01
201100014202;0;7;0;13;0;1;1;A01
201100014203;0;7;0;0;1;3;21;A01
201100014204;0;7;0;13;0;9;1;A01
201100014205;0;7;0;0;1;2;1;A01
201100014206;0;7;0;0;2;2;17;A02
201100014206;0;2;0;0;2;8;15;B01
201100014207;0;7;0;5;0;1;1;A01
201100014208;0;7;0;0;2;1;1;B02
201100014208;0;7;0;0;2;7;17;A01
201100014209;0;2;0;16;0;1;1;A01
201100014210;0;7;0;2;0;1;1;A01
201100014211;0;7;0;0;2;3;1;B02
201100014211;0;7;0;0;2;3;13;A01
201100014212;0;33;0;0;2;4;1;B02
201100014212;0;33;0;0;2;1;1;A01
201100014213;0;2;0;0;2;1;1;A01
201100014213;0;7;0;0;2;3;1;B02
201100014214;0;7;0;0;2;1;1;B02
201100014214;0;7;0;0;2;1;13;A01
201100014215;0;7;0;0;2;2;1;A01
201100014215;0;10;0;0;2;3;21;B02
201100014216;0;1;0;0;0;8;1;B02
201100014216;0;7;0;0;9;5;19;A01
201100014217;0;7;0;13;0;2;1;A01
201100014218;0;7;0;13;0;3;21;A01
201100014219;0;7;0;0;2;2;21;A01
201100014219;0;7;0;0;2;2;21;B02
201100014220;0;7;0;0;1;1;1;A01
201100014221;0;37;1;0;2;5;17;A01
201100014221;0;1;0;0;2;3;13;B02
201100014222;0;30;0;2;0;8;1;A01
201100014223;0;7;0;2;0;2;14;A01
201100014224;0;2;0;16;0;1;1;A01
201100014225;0;1;0;0;2;4;2;B02
201100014225;0;7;0;0;2;2;2;A01
201100014226;0;2;0;0;2;1;13;A01
201100014226;0;7;0;0;2;3;1;B02
201100014227;0;7;0;13;0;1;1;A01
201100014228;0;7;0;0;2;3;13;A01
201100014228;0;7;0;0;2;8;1;B02
201100014229;0;7;0;0;2;1;13;A01
201100014229;0;7;0;0;2;1;13;B02
201100014230;0;7;0;0;2;1;1;B02
201100014230;0;7;0;0;2;8;19;A01
201100014231;0;33;0;15;0;1;1;A01
201100014232;0;33;0;16;0;1;1;A01
201100014233;0;30;0;0;6;7;21;A01
201100014234;0;10;0;0;2;2;17;A01
201100014234;0;7;0;0;2;8;1;B02
201100014235;0;7;0;0;2;1;15;A01
201100014235;0;7;0;0;2;3;1;B01
201100014236;0;7;0;13;0;2;14;A01
201100014237;0;36;0;6;0;2;1;A01
201100014238;0;7;0;0;2;8;10;A01
201100014238;0;7;0;0;2;1;1;B02
201100014239;0;10;0;0;2;3;21;A01
201100014239;0;7;0;0;2;3;1;B02
201100014240;0;7;0;13;0;2;14;A01
201100014241;0;7;0;6;0;3;13;A01
201100014242;0;17;0;0;0;5;16;B02
201100014242;0;10;0;0;2;1;1;A01
201100014243;0;31;0;13;0;7;1;A01
201100014244;0;10;0;13;0;1;1;A01
201100014245;0;33;0;6;0;1;13;A01
201100014246;0;7;0;0;2;1;13;A01
201100014246;0;16;0;0;2;1;1;B02
201100014247;0;1;0;0;2;8;1;B02
201100014247;2;7;0;0;2;5;17;A01
201100014248;0;7;0;0;2;3;9;A01
201100014248;0;1;0;15;2;1;1;B02
201100014249;0;33;0;14;0;8;21;A01
201100014250;0;3;0;13;0;1;1;A01
201100014251;0;3;0;8;0;1;1;A01
201100014252;0;7;0;0;1;1;1;A01
201100014253;0;7;0;0;2;2;2;A01
201100014253;0;30;0;0;0;8;2;B02
201100014254;0;7;0;16;0;8;17;A01
201100014255;1;7;0;0;1;7;14;A01
201100014256;0;7;0;0;2;1;1;B02
201100014256;0;7;0;3;0;7;1;C03
201100014256;0;7;0;0;2;7;13;A01
201100014257;0;7;0;13;0;1;19;A01
201100014258;0;2;0;0;2;7;1;B02
201100014258;0;10;0;0;2;1;15;A01
201100014259;0;7;0;13;0;1;14;A01
201100014260;0;7;0;0;2;1;13;A01
201100014260;0;7;0;0;2;1;1;B02
201100014261;0;2;0;0;1;1;1;A01
201100014262;0;1;0;0;0;0;1;A01
201100014263;0;7;0;0;1;1;1;A01
201100014264;0;7;0;0;2;1;1;B02
201100014264;0;10;0;0;2;7;1;A01
201100014265;0;30;0;6;0;1;1;A01
201100014266;0;7;0;0;2;1;19;A01
201100014266;0;7;0;0;2;5;1;B02
201100014267;0;2;0;0;2;1;1;A01
201100014267;0;7;0;0;2;7;1;B02
201100014268;0;10;0;0;2;1;1;B02
201100014268;0;3;0;0;2;8;19;A01
201100014269;0;33;0;13;0;1;1;A01
201100014270;0;31;0;0;2;1;1;A01
201100014270;0;7;0;0;2;2;15;B02
201100014271;0;33;0;0;2;1;1;B02
201100014271;0;7;0;0;2;5;15;A01
201100014272;2;7;0;0;2;3;17;A01
201100014272;0;7;0;0;2;3;1;B02
201100014273;0;36;0;13;0;0;13;A01
201100014274;0;31;0;13;0;1;14;A01
201100014275;0;33;0;0;6;1;1;A01
201100014276;0;7;0;0;0;3;23;C03
201100014276;0;7;0;0;0;7;17;A01
201100014276;0;15;0;0;2;1;1;B02
201100014277;0;7;0;0;2;3;15;A01
201100014277;0;7;0;0;2;3;1;B02
201100014278;0;7;0;0;1;1;11;A01
201100014279;0;7;0;13;0;9;1;A01
201100014280;0;7;0;0;2;8;15;B02
201100014280;0;7;0;0;2;1;1;A01
201100014281;0;7;0;3;0;8;13;A01
201100014282;0;7;0;0;2;2;1;A01
201100014282;0;7;0;0;2;3;1;B02
201100014283;0;2;0;0;2;1;1;A01
201100014283;0;7;0;0;2;1;15;B02
201100014284;0;30;0;0;2;1;1;A01
201100014284;0;7;0;0;2;3;15;B02
201100014285;0;7;0;0;2;3;0;B02
201100014285;0;7;0;0;2;3;15;A01
201100014286;0;7;0;0;2;5;17;A01
201100014286;0;7;0;0;2;3;15;B02
201100014287;0;7;0;2;0;8;1;A01
201100014288;0;7;0;0;2;7;13;A01
201100014288;0;7;0;0;2;2;1;B02
201100014289;0;7;0;15;0;2;13;A01
201100014290;0;7;0;0;2;3;19;A01
201100014290;0;7;0;0;2;2;1;B02
201100014291;0;33;0;13;0;7;1;A01
201100014292;0;33;0;0;2;2;17;B02
201100014292;0;7;0;0;2;3;15;A01
201100014293;0;7;0;16;0;9;14;A01
201100014294;0;33;0;0;2;2;17;A01
201100014294;0;10;0;0;2;8;15;B02
201100014295;0;31;0;0;0;0;1;A01
201100014296;0;30;0;8;0;1;1;A01
201100014297;0;10;0;13;0;9;0;A01
201100014298;0;7;0;0;1;1;1;A01
201100014299;0;7;0;13;0;1;1;A01
201100014300;0;1;0;0;2;1;1;B02
201100014300;0;38;3;0;2;7;1;A01
201100014301;0;15;0;0;2;2;17;A01
201100014301;0;3;0;0;2;8;15;B02
201100014302;0;7;0;0;2;3;13;A01
201100014302;0;7;0;0;2;3;1;B02
201100014303;0;7;0;13;0;2;1;A01
201100014304;0;7;0;0;2;3;5;A01
201100014304;0;7;0;0;2;3;1;B02
201100014305;0;7;0;0;0;7;19;A01
201100014305;0;7;0;0;2;1;1;B02
201100014306;0;33;0;0;0;0;21;A01
201100014307;0;10;0;0;2;2;1;A01
201100014307;0;30;0;0;2;8;1;B02
201100014308;0;7;0;0;2;7;13;B02
201100014308;0;7;0;0;2;1;1;A01
201100014309;0;7;0;0;1;7;1;A01
201100014310;0;7;0;0;2;3;15;A01
201100014310;0;31;0;0;2;1;2;B02
201100014311;0;14;0;0;2;6;1;B02
201100014311;0;7;0;2;2;2;17;A01
201100014312;0;7;0;0;1;1;20;A01
201100014313;0;30;0;0;2;1;1;A01
201100014313;0;7;0;0;2;7;1;B02
201100014314;0;7;0;11;0;1;1;A01
201100014315;0;32;0;0;2;1;2;B02
201100014315;0;14;0;0;2;3;5;C03
201100014315;0;7;0;0;2;4;2;A01
201100014316;0;10;0;3;2;1;1;C03
201100014316;0;7;0;0;2;1;1;A01
201100014317;0;7;0;13;0;2;14;A01
201100014318;0;33;0;8;0;7;13;A01
201100014319;0;30;0;0;1;1;1;A01
201100014320;0;33;0;0;2;1;1;A01
201100014320;0;3;0;0;2;4;2;B02
201100014321;0;33;0;0;1;2;1;A01
201100014322;0;1;0;0;2;8;1;B02
201100014322;0;7;0;0;9;7;17;A01
201100014323;0;7;0;0;2;2;15;A01
201100014323;0;2;0;0;2;1;1;B02
201100014324;0;33;0;15;0;1;17;A01
201100014325;0;1;0;1;0;1;1;A01
201100014325;0;13;0;0;9;4;24;B02
201100014326;0;7;0;0;1;2;13;A01
201100014327;0;7;0;0;2;3;1;A01
201100014327;0;7;0;0;2;3;1;B02
201100014328;0;7;0;0;2;3;15;A01