num_acc;senc;catv;occutc;obs;obsm;choc;manv;num_veh
201100014328;0;7;0;0;2;3;1;B02
201100014329;0;7;0;13;0;1;13;A01
201100014330;0;7;0;0;2;1;2;A01
201100014330;0;10;0;0;2;4;2;B02
201100014331;0;7;0;6;0;2;1;A01
201100014332;0;7;0;0;1;1;1;A01
201100014333;0;2;0;0;2;1;13;A01
201100014333;0;21;0;0;0;6;1;B02
201100014334;0;10;0;13;2;2;14;A01
201100014335;0;7;0;0;0;1;5;A01
201100014335;0;7;0;0;0;1;1;B02
201100014336;0;14;0;12;0;9;1;A01
201100014337;0;7;0;0;2;1;17;A01
201100014337;0;7;0;0;2;1;1;B02
201100014338;0;33;0;6;0;1;6;A01
201100014339;0;1;0;0;0;0;1;A01
201100014340;0;33;0;6;0;7;1;A01
201100014341;0;7;0;0;2;1;19;A01
201100014341;0;7;0;0;2;3;1;B02
201100014342;0;7;0;0;2;1;15;A01
201100014342;0;34;0;0;2;1;1;B02
201100014343;0;33;0;0;2;7;17;A01
201100014343;0;7;0;0;2;8;15;B02
201100014344;0;7;0;0;2;4;4;A01
201100014344;0;33;0;0;2;1;23;B02
201100014345;0;33;0;0;2;1;17;B02
201100014345;0;21;0;0;2;6;15;A01
201100014346;0;31;0;13;2;7;1;A01
201100014346;0;21;0;0;0;0;19;B01
201100014347;0;7;0;0;2;7;19;B02
201100014347;0;7;0;0;2;1;1;A01
201100014348;0;33;0;11;0;1;1;A01
201100014349;0;37;6;0;1;8;15;A01
201100014350;1;7;0;0;1;2;14;A01
201100014351;0;7;0;0;2;1;23;A01
201100014351;0;7;0;0;0;4;11;C03
201100014351;0;7;0;0;0;4;1;B02
201100014352;0;7;0;0;1;1;1;A01
201100014353;0;7;0;0;1;1;1;A01
201100014354;0;7;0;0;1;1;1;A01
201100014355;0;7;0;0;2;3;1;B02
201100014355;0;7;0;0;0;0;0;A01
201100014356;0;2;0;0;2;1;17;A01
201100014356;0;7;0;0;9;6;15;B02
201100014357;0;7;0;0;2;3;15;B02
201100014357;0;7;0;0;2;1;1;A01
201100014358;0;30;0;0;0;7;1;A01
201100014359;0;7;0;6;0;7;1;A01
201100014360;0;7;0;0;0;9;14;A01
201100014361;0;31;0;8;0;2;1;A01
201100014362;0;7;0;0;0;9;1;A01
201100014363;0;33;0;2;0;1;13;A01
201100014364;0;1;0;0;2;3;16;B02
201100014364;0;7;0;0;2;3;15;A01
201100014365;0;7;0;0;2;3;13;A01
201100014365;0;7;0;0;2;3;1;B02
201100014366;0;30;0;0;2;1;1;B02
201100014366;0;7;0;0;2;1;15;A01
201100014367;0;30;0;0;2;3;13;A01
201100014367;0;7;0;0;2;1;0;B02
201100014368;0;7;0;13;0;1;1;A01
201100014369;0;7;0;0;2;5;19;A01
201100014369;0;7;0;0;2;1;1;B02
201100014370;0;33;0;12;0;1;1;A01
201100014371;0;33;0;12;0;1;1;A01
201100014372;0;2;0;9;0;1;1;A01
201100014373;0;30;0;6;0;2;1;A01
201100014374;0;30;0;11;0;7;10;A01
201100014374;0;10;0;0;2;3;21;B02
201100014375;0;7;0;8;0;2;0;A01
201100014376;0;33;0;0;2;1;2;A01
201100014376;0;30;0;0;2;4;2;B02
201100014377;0;7;0;0;0;1;1;A01
201100014377;0;7;0;0;0;4;23;B02
201100014378;0;30;0;0;2;1;19;A01
201100014378;0;7;0;0;0;6;1;B02
201100014378;0;10;0;0;0;1;23;C03
201100014379;0;33;0;13;0;1;1;A01
201100014380;0;7;0;0;1;3;1;A01
201100014381;0;7;0;0;2;2;13;A01
201100014381;0;33;0;0;2;1;1;B02
201100014382;0;7;0;0;2;3;1;B02
201100014382;0;1;0;0;2;2;15;A01
201100014383;0;7;0;6;0;1;15;A01
201100014384;0;33;0;0;2;1;1;A01
201100014384;0;7;0;0;2;6;19;B02
201100014385;0;7;0;13;0;1;19;A01
201100014386;0;7;0;2;0;3;1;A01
201100014387;0;7;0;0;2;8;1;C03
201100014387;0;7;0;0;2;0;1;B02
201100014387;0;7;0;0;2;1;13;A01
201100014387;0;7;0;0;2;3;1;E05
201100014387;0;7;0;0;2;3;1;D04
201100014388;0;7;0;0;9;2;1;A01
201100014388;0;1;0;0;2;3;15;B02
201100014389;0;7;0;0;2;1;19;A01
201100014389;0;7;0;0;2;8;1;B02
201100014390;0;33;0;0;2;1;13;A01
201100014390;0;33;0;14;0;1;2;C03
201100014390;0;7;0;0;2;3;1;B02
201100014391;0;7;0;0;2;8;1;B02
201100014391;0;10;0;0;2;1;19;A01
201100014392;0;7;0;0;2;2;19;A01
201100014392;0;7;0;0;2;1;1;B02
201100014393;0;33;0;0;6;1;1;A01
201100014394;0;7;0;0;2;3;13;A01
201100014394;0;7;0;0;2;3;1;B02
201100014395;0;7;0;6;0;1;1;A01
201100014396;0;7;0;0;1;1;16;A01
201100014397;0;31;0;0;2;3;13;A01
201100014397;0;7;0;0;0;8;1;B02
201100014398;0;33;0;0;2;2;16;A01
201100014398;0;7;0;0;2;3;19;B02
201100014399;0;7;0;0;2;8;1;C03
201100014399;0;37;9;0;2;3;13;A01
201100014399;0;7;0;0;2;1;1;B02
201100014400;0;7;0;16;0;1;1;A01
201100014401;0;7;0;0;0;3;1;A01
201100014402;0;7;0;2;0;1;1;A01
201100014403;0;14;0;0;0;0;1;A01
201100014403;0;7;0;0;9;3;21;B02
201100014404;0;7;0;13;0;1;1;A01
201100014405;0;7;0;0;0;1;1;A01
201100014406;0;7;0;0;2;1;1;B02
201100014406;0;30;0;0;2;8;19;A01
201100014407;0;10;0;0;9;6;1;A01
201100014408;0;10;0;0;1;7;17;A01
201100014409;0;1;0;0;0;0;2;C03
201100014409;0;2;0;0;2;1;2;A01
201100014409;0;1;0;0;0;4;2;B02
201100014410;0;7;0;0;2;7;19;A01
201100014410;0;10;0;0;2;1;1;B02
201100014411;0;30;0;0;2;1;19;A01
201100014411;0;7;0;0;2;2;1;B02
201100014412;0;17;0;0;2;8;1;A01
201100014412;0;7;0;0;2;1;1;B02
201100014413;0;7;0;13;0;3;19;A01
201100014414;0;7;0;0;2;3;15;A01
201100014414;0;33;0;0;2;1;16;B02
201100014415;0;30;0;11;0;7;1;A01
201100014416;0;7;0;12;1;2;19;A01
201100014417;0;7;0;1;0;5;0;B02
201100014417;0;7;0;1;0;3;1;A01
201100014418;0;7;0;13;0;7;14;A01
201100014419;0;10;0;0;2;3;1;B02
201100014419;0;7;0;0;2;3;13;A01
201100014420;0;33;0;3;0;2;17;A01
201100014421;0;33;0;14;0;1;1;A01
201100014422;0;7;0;0;0;5;15;B02
201100014422;0;7;0;0;2;3;2;A01
201100014423;0;21;0;0;1;2;1;A01
201100014424;0;7;0;3;0;2;1;A01
201100014425;0;7;0;0;2;2;13;A01
201100014426;0;14;0;0;2;3;1;B02
201100014426;0;33;0;0;2;1;1;A01
201100014427;0;7;0;0;2;2;2;A01
201100014427;0;2;0;0;0;4;1;B02
201100014428;0;7;0;0;2;3;13;A01
201100014428;0;17;0;0;2;3;1;B02
201100014429;0;7;0;0;2;1;1;A01
201100014429;0;7;0;0;2;7;19;B02
201100014430;0;7;0;0;2;1;1;A01
201100014430;0;7;0;0;2;7;19;B02
201100014431;0;7;0;0;0;8;19;A01
201100014431;0;10;0;0;2;1;1;B02
201100014432;0;7;0;0;2;4;2;B02
201100014432;0;7;0;0;2;1;1;A01
201100014433;0;1;0;0;0;3;1;B02
201100014433;0;7;0;0;0;3;15;A01
201100014434;0;10;0;0;2;3;17;A01
201100014434;0;7;0;0;2;3;1;B02
201100014435;0;31;0;0;2;1;13;A01
201100014435;0;10;0;0;2;1;1;B02
201100014436;0;7;0;0;2;2;1;B02
201100014436;0;30;0;0;2;8;19;A01
201100014437;0;10;0;0;1;2;9;A01
201100014438;0;30;0;0;2;2;1;B02
201100014438;0;7;0;0;2;3;9;A01
201100014439;0;7;0;2;0;1;1;A01
201100014440;0;38;10;0;2;6;15;B02
201100014440;0;33;0;0;2;7;17;A01
201100014441;0;33;0;11;0;2;1;A01
201100014442;0;7;0;0;2;8;1;B02
201100014442;0;2;0;0;2;1;1;A01
201100014443;0;33;0;0;2;1;1;B02
201100014443;0;7;0;0;2;1;15;A01
201100014444;0;7;0;2;0;3;1;A01
201100014445;0;7;0;0;2;4;24;C03
201100014445;0;7;0;0;2;1;1;B02
201100014445;0;7;0;0;2;1;13;A01
201100014446;0;2;0;0;1;1;1;A01
201100014447;0;7;0;13;0;9;14;A01
201100014448;0;15;0;0;2;1;1;B02
201100014448;0;7;0;0;2;8;15;A01
201100014449;0;7;0;13;0;6;1;A01
201100014450;0;33;0;1;0;1;1;A01
201100014451;0;33;0;0;0;7;1;A01
201100014452;0;7;0;8;0;7;1;A01
201100014453;0;7;0;2;0;1;1;A01
201100014454;0;14;0;0;2;2;15;A01
201100014454;0;33;0;0;2;1;1;B02
201100014455;0;7;0;0;2;1;1;A01
201100014455;0;7;0;0;2;3;1;B02
201100014456;0;7;0;0;1;3;1;A01
201100014457;0;7;0;13;0;1;1;A01
201100014458;0;7;0;0;2;8;10;A01
201100014458;0;33;0;0;2;1;1;B02
201100014459;0;7;0;0;2;1;1;C03
201100014459;0;7;0;0;2;5;15;B02
201100014459;0;33;0;0;2;1;1;A01
201100014460;0;1;0;0;2;1;1;B02
201100014460;0;7;0;0;2;5;4;A01
201100014461;0;17;0;0;2;6;1;A01
201100014461;0;10;0;0;2;3;21;B02
201100014462;0;33;0;0;2;1;17;A01
201100014462;0;7;0;0;2;3;15;B02
201100014463;0;7;0;0;9;3;1;B02
201100014463;0;30;0;0;2;8;16;A01
201100014464;0;7;0;0;2;2;1;A01
201100014464;0;30;0;0;2;1;19;B02
201100014465;0;30;0;0;0;8;15;A01
201100014465;0;7;0;0;0;3;23;B02
201100014466;0;31;0;0;2;1;1;B02
201100014466;0;10;0;0;2;7;19;A01
201100014467;0;33;0;0;2;1;13;A01
201100014467;0;7;0;0;2;8;21;C03
201100014467;0;7;0;0;2;3;1;B02
201100014468;0;33;0;8;0;1;1;A01
201100014469;0;10;0;0;2;1;17;A01
201100014469;0;7;0;0;2;1;1;B02
201100014470;0;7;0;2;0;1;13;A01
201100014471;0;7;0;0;2;2;1;A01
201100014471;0;1;0;0;2;1;15;B02
201100014472;0;7;0;0;2;2;17;A01
201100014472;0;7;0;0;2;3;1;B02
201100014473;0;7;0;13;0;2;1;A01
201100014474;0;2;0;0;2;1;1;B02
201100014474;0;7;0;0;2;3;15;A01
201100014475;0;7;0;0;2;8;19;A01
201100014475;0;7;0;0;2;1;1;B02
201100014476;0;7;0;2;0;1;1;A01
201100014477;0;2;0;0;2;1;1;B02
201100014477;0;7;0;0;2;6;15;A01
201100014478;0;7;0;0;2;1;1;A01
201100014478;0;7;0;0;2;5;1;B02
201100014479;0;30;0;0;0;0;13;A01
201100014480;0;7;0;6;0;1;1;A01
201100014481;0;7;0;0;9;6;1;A01
201100014481;0;1;0;0;2;4;16;B02
201100014482;0;33;0;0;0;1;1;B02
201100014482;0;7;0;0;0;3;15;A01
201100014483;0;7;0;0;2;5;15;A01
201100014483;0;33;0;0;2;1;1;B02
201100014484;0;2;0;0;2;1;1;B02
201100014484;0;7;0;0;2;3;15;A01
201100014485;0;7;0;0;0;2;14;A01
201100014486;0;10;0;0;2;7;1;A01
201100014486;0;7;0;0;2;1;1;B02
201100014487;0;7;0;8;0;1;1;A01
201100014488;0;7;0;15;0;1;1;A01
201100014489;0;7;0;0;2;2;17;A01
201100014489;0;7;0;0;2;6;1;B02
201100014490;0;10;0;0;2;3;13;A01
201100014490;0;3;0;0;0;3;1;B02
201100014491;0;7;0;8;0;1;13;A01
201100014492;0;7;0;13;0;1;1;A01
201100014493;0;7;0;0;2;9;1;B02
201100014493;0;7;0;14;0;1;1;C03
201100014493;0;7;0;0;2;1;13;A01
201100014494;0;7;0;0;2;1;1;B02
201100014494;0;7;0;0;2;7;13;A01
201100014495;0;30;0;0;2;1;1;A01
201100014495;0;10;0;0;2;3;15;B02
201100014496;0;7;0;8;0;1;13;A01
201100014497;0;33;0;0;2;0;1;A01
201100014497;0;7;0;0;9;3;15;B02
201100014498;0;7;0;2;0;1;13;A01
201100014499;0;7;0;8;0;1;1;A01
201100014500;0;33;0;0;0;9;13;A01
201100014501;1;7;0;0;1;3;2;A01
201100014502;0;7;0;0;0;9;0;A01
201100014503;0;7;0;8;0;1;14;A01
201100014504;0;7;0;2;0;8;1;A01
201100014505;0;7;0;0;2;3;1;B02
201100014505;0;7;0;0;2;3;16;A01
201100014506;0;31;0;0;0;0;1;A01
201100014507;0;36;0;8;0;1;1;A01
201100014508;0;7;0;0;0;3;9;A01
201100014508;0;33;0;0;2;1;1;B02
201100014509;0;7;0;0;0;0;21;A01
201100014509;0;10;0;15;2;2;21;B02
201100014510;0;7;0;0;2;3;9;A01
201100014510;0;7;0;0;2;1;1;B02
201100014511;0;14;0;0;2;2;1;B02
201100014511;0;99;0;3;2;3;1;A01
201100014512;0;33;0;0;2;1;1;B02
201100014512;0;7;0;0;2;2;15;A01
201100014513;0;7;0;0;2;1;13;A01
201100014513;0;7;0;0;0;1;1;B02
201100014514;0;33;0;16;0;7;1;A01
201100014515;0;30;0;0;2;1;13;A01
201100014515;0;10;0;0;2;1;1;B02
201100014516;0;7;0;13;0;3;13;A01
201100014517;0;1;0;0;2;6;1;C03
201100014517;0;1;0;0;2;4;1;B02
201100014517;0;7;0;0;2;1;1;A01
201100014518;0;7;0;2;0;9;1;A01
201100014519;0;7;0;0;2;1;1;C03
201100014519;0;7;0;0;2;1;5;A01
201100014519;0;17;0;0;2;1;21;B02
201100014520;0;7;0;0;2;1;13;A01
201100014520;0;33;0;0;2;1;1;B02
201100014521;0;33;0;9;0;9;1;A01
201100014522;0;7;0;0;0;3;13;A01
201100014522;0;7;0;0;0;3;1;B02
201100014523;0;17;0;0;2;3;1;B02
201100014523;0;7;0;0;2;3;13;A01
201100014524;0;7;0;0;2;3;13;A01
201100014524;0;10;0;0;2;1;1;B02
201100014525;0;10;0;0;2;1;1;B02
201100014525;0;10;0;0;2;2;19;A01
201100014526;0;10;0;0;2;3;21;B02
201100014526;0;7;0;0;2;1;21;A01
201100014527;0;7;0;0;2;4;23;B02
201100014527;0;7;0;0;1;1;17;A01
201100014528;0;7;0;0;2;2;1;A01
201100014528;0;2;0;0;2;7;15;B02
201100014529;0;2;0;0;2;8;19;A01
201100014529;0;10;0;0;2;1;1;B02
201100014530;0;7;0;8;0;7;1;A01
201100014531;0;7;0;0;0;2;1;A01
201100014532;0;7;0;0;2;1;1;B02
201100014532;0;1;0;0;2;8;15;A01
201100014533;0;21;0;3;2;5;1;A01
201100014533;0;17;0;3;2;3;21;B02
201100014533;0;7;0;0;2;3;1;C03
201100014534;0;7;0;0;2;3;13;A01
201100014534;0;7;0;0;2;3;1;B02
201100014535;0;10;0;13;0;2;1;A01
201100014536;0;2;0;0;2;1;1;B02
201100014536;0;7;0;0;2;1;15;A01
201100014537;0;31;0;0;0;9;1;A01
201100014538;0;7;0;0;2;3;13;A01
201100014538;0;10;0;0;2;3;1;B02
201100014539;0;7;0;2;0;8;1;A01
201100014540;0;7;0;0;1;1;1;A01
201100014541;0;7;0;13;0;2;14;A01
201100014542;0;7;0;0;2;3;1;B02
201100014542;0;10;0;0;2;3;13;A01
201100014543;0;7;0;16;2;3;1;B02
201100014543;0;7;0;0;2;3;13;A01
201100014544;2;7;0;1;1;1;1;A01
201100014545;0;33;0;6;0;4;1;A01
201100014546;0;7;0;0;0;3;15;A01
201100014546;0;2;0;0;0;3;1;B02
201100014547;0;7;0;0;0;4;2;B02
201100014547;0;30;0;0;2;1;2;A01
201100014548;0;2;0;1;1;1;1;A01
201100014549;0;33;0;6;0;4;14;A01
201100014550;0;33;0;0;0;1;1;A01
201100014551;0;7;0;0;2;3;15;A01
201100014551;0;2;0;0;2;1;1;B02
201100014552;0;7;0;13;0;0;1;A01
201100014553;0;7;0;0;1;3;2;A01
201100014554;0;30;0;1;0;7;1;A01
201100014555;0;7;0;16;0;7;1;A01
201100014556;0;7;0;1;0;1;1;A01
201100014557;0;10;0;0;1;7;1;A01
201100014558;0;7;0;0;2;1;13;B02
201100014558;0;21;0;0;2;6;1;A01
201100014559;0;7;0;0;2;3;1;B02
201100014559;0;10;0;0;2;3;23;A01
201100014560;0;7;0;0;2;3;1;A01
201100014560;0;7;0;0;2;3;1;B02
201100014561;0;10;0;13;0;7;1;A01
201100014562;0;7;0;0;2;1;2;A01
201100014562;0;7;0;0;2;4;15;B02
201100014563;0;7;0;0;0;4;2;A01
201100014563;0;33;0;0;2;1;2;B02
201100014564;0;10;0;0;2;7;1;A01
201100014564;0;1;0;0;2;1;16;B02
201100014565;0;10;0;0;1;2;1;A01
201100014566;0;7;0;0;2;3;13;A01
201100014566;0;10;0;0;2;5;17;B02
201100014567;0;33;0;13;0;1;1;A01
201100014568;0;7;0;12;0;3;1;A01
201100014569;0;7;0;0;2;8;16;A01
201100014569;0;17;0;0;2;2;1;B02
201100014570;0;7;0;0;2;3;15;A01
201100014570;0;7;0;0;2;1;1;B02
201100014571;0;7;0;0;0;7;19;B02
201100014571;0;7;0;0;2;1;1;A01
201100014572;0;30;0;0;2;1;5;A01
201100014572;0;7;0;0;2;1;1;B02
201100014573;0;7;0;0;2;8;1;B02
201100014573;0;7;0;0;2;1;1;A01
201100014574;0;7;0;0;2;1;19;A01
201100014574;0;7;0;0;2;6;0;B02
201100014575;0;33;0;0;2;1;13;A01
201100014575;0;7;0;0;0;2;1;B02
201100014576;0;33;0;0;6;1;0;A01
201100014577;0;7;0;0;2;1;0;A01
201100014577;0;2;0;0;2;7;1;B02
201100014578;0;7;0;0;2;3;13;A01
201100014578;0;7;0;0;2;3;1;B02
201100014579;0;7;0;13;0;6;1;A01
201100014580;0;7;0;7;0;1;1;B02
201100014580;0;7;0;1;0;1;2;A01
201100014581;0;7;0;0;2;7;15;A01
201100014581;0;30;0;0;2;1;1;B02
201100014582;0;7;0;13;0;9;1;A01
201100014583;0;7;0;0;2;7;2;A01
201100014583;0;7;0;0;0;1;15;B02
201100014584;0;33;0;0;2;1;1;B02
201100014584;0;7;0;0;2;7;15;A01
201100014585;0;33;0;0;0;0;0;A01
201100014586;0;1;0;0;2;1;16;A01
201100014586;0;7;0;0;2;3;1;B02
201100014587;0;7;0;0;2;1;1;A01
201100014587;0;7;0;0;0;1;1;B02
201100014588;0;7;0;16;0;1;1;A01
201100014589;0;1;0;0;2;3;19;B02
201100014589;0;7;0;0;2;2;1;A01
201100014590;0;33;0;0;2;1;1;B02
201100014590;0;30;0;0;2;8;9;A01
201100014591;0;3;0;3;0;1;1;A01
201100014592;0;7;0;0;2;2;21;A01
201100014592;0;1;0;0;2;1;15;B02
201100014593;0;7;0;0;0;0;23;A01
201100014593;0;7;0;1;0;1;1;C03
201100014593;0;7;0;0;1;2;1;B02
201100014594;0;7;0;6;0;3;1;A01
201100014595;0;7;0;0;2;3;1;A01
201100014595;0;31;0;0;2;1;1;B02
201100014596;0;7;0;0;2;3;1;B02
201100014596;0;32;0;0;2;8;16;A01
201100014597;0;31;0;6;0;8;0;A01
201100014598;0;7;0;0;2;1;1;A01
201100014598;0;7;0;0;2;3;1;B02
201100014599;0;1;0;0;2;1;1;A01
201100014599;0;14;0;0;9;7;16;B02
201100014600;1;7;0;0;1;2;1;A01
201100014600;1;7;0;0;1;2;1;B02
201100014601;0;30;0;0;2;1;1;B02
201100014601;0;30;0;0;2;7;13;A01
201100014602;0;34;0;0;2;1;1;A01
201100014602;0;7;0;0;0;8;1;B02
201100014603;0;30;0;0;0;8;1;A01
201100014604;0;7;0;13;5;3;21;A01
201100014605;0;2;0;0;0;7;1;A01
201100014606;0;7;0;0;2;1;1;B01
201100014606;0;7;0;0;2;1;13;A01
201100014607;0;7;0;2;0;2;1;A01
201100014608;0;10;0;13;0;7;1;A01
201100014609;0;10;0;0;0;8;13;A01
201100014610;0;7;0;0;2;3;15;A01
201100014610;0;7;0;0;2;3;1;B02
201100014611;0;7;0;2;0;8;13;A01
201100014612;0;10;0;0;1;2;2;A01
201100014613;0;7;0;0;1;1;1;A01
201100014614;0;7;0;0;2;2;16;B01
201100014614;0;7;0;0;1;3;9;A01
201100014615;0;30;0;0;0;0;0;A01
201100014616;0;2;0;0;2;0;9;A01
201100014616;0;37;1;0;2;2;1;B01
201100014617;0;7;0;0;1;2;1;A01
201100014618;0;7;0;0;1;1;1;A01
201100014619;0;7;0;0;1;2;16;A01
201100014620;0;7;0;0;0;2;1;A01
201100014621;0;7;0;0;2;3;0;A01
201100014621;0;32;0;0;2;5;23;B01
201100014622;0;32;0;0;2;1;1;B01
201100014622;0;7;0;0;2;2;15;A01
201100014623;0;99;0;0;2;1;2;A01
201100014623;0;7;0;0;2;8;9;B01
201100014624;0;7;0;0;2;3;15;A01
201100014624;0;31;0;0;2;1;17;B01
201100014625;0;7;0;0;1;3;1;A01
201100014626;0;7;0;0;2;1;15;B01
201100014626;0;30;0;0;2;1;17;A01
201100014627;0;33;0;0;2;1;1;B01
201100014627;0;7;0;0;2;7;2;A01
201100014628;0;7;0;1;1;1;0;A01
201100014629;0;30;0;0;2;1;1;B01
201100014629;0;7;0;0;2;2;19;A01
201100014630;0;10;0;0;2;3;0;B01
201100014630;0;32;0;0;2;2;0;A01
201100014631;0;31;0;1;1;1;1;A01
201100014632;0;7;0;9;0;1;16;A01
201100014633;1;99;0;0;1;1;2;Z01
201100014634;0;7;0;1;2;5;2;B01
201100014634;0;30;0;1;0;1;2;A01
201100014635;0;7;0;3;0;2;1;A01
201100014636;0;2;0;0;2;1;17;B01
201100014636;0;33;0;0;2;1;17;A01
201100014637;0;2;0;0;2;1;1;B01
201100014637;0;13;0;0;0;6;16;A01
201100014638;0;7;0;0;1;4;23;B01
201100014638;1;7;0;0;2;1;1;A01
201100014639;0;2;0;0;2;1;1;A01
201100014639;0;10;0;0;0;4;1;B01
201100014640;0;37;2;0;1;3;15;A01
201100014641;0;32;0;0;1;1;1;A01
201100014642;0;7;0;0;1;2;1;A01
201100014643;0;7;0;0;2;1;15;A01
201100014643;0;33;0;0;2;1;1;B01
201100014644;0;7;0;0;1;1;1;A01
201100014645;0;7;0;1;2;5;0;B01
201100014645;0;7;0;0;2;3;9;A01
201100014646;0;10;0;0;1;1;15;A01
201100014647;0;7;0;0;2;7;1;B01
201100014647;0;7;0;0;2;1;2;A01
201100014648;0;2;0;1;0;1;11;A01
201100014648;0;7;0;0;0;7;1;B01
201100014649;0;1;0;1;0;1;1;B01
201100014649;0;7;0;0;9;3;22;A01
201100014650;0;7;0;0;2;2;1;B01
201100014650;0;7;0;0;0;3;9;A01
201100014651;0;7;0;0;1;1;1;A01
201100014652;0;34;0;0;1;1;1;A01
201100014653;1;7;0;0;9;0;0;Z01
201100014653;0;30;0;0;2;6;2;B01
201100014654;0;7;0;0;1;3;1;A01
201100014655;0;7;0;0;2;4;1;C01
201100014655;0;33;0;0;2;1;1;A01
201100014655;0;7;0;0;2;1;1;B01
201100014656;0;15;0;0;2;4;4;A01
201100014656;0;33;0;0;2;1;23;B01
201100014657;0;7;0;0;1;1;1;A01
201100014658;0;2;0;0;0;0;1;A01
201100014659;0;2;0;0;0;4;1;B01
201100014659;0;7;0;0;2;1;1;A01
201100014660;0;2;0;0;2;1;1;B01
201100014660;0;7;0;0;2;5;15;A01
201100014661;0;7;0;0;2;2;14;A01
201100014661;0;1;0;0;2;1;18;B01
201100014662;0;7;0;0;2;7;10;A01
201100014662;0;1;0;0;0;0;1;B01
201100014663;0;34;0;0;2;1;17;A01
201100014663;0;7;0;0;2;3;15;B01
201100014664;0;33;0;0;1;0;1;A01
201100014665;0;32;0;0;2;1;1;A01
201100014665;0;2;0;0;2;3;1;C01
201100014665;0;14;0;0;9;3;1;B01
201100014666;0;10;0;0;1;1;1;A01
201100014667;0;30;0;0;0;0;1;A01
201100014667;0;33;0;0;2;1;1;B01
201100014668;0;7;0;0;2;2;10;A01
201100014668;0;31;0;0;2;1;1;B01
201100014669;0;31;0;0;2;1;2;B01
201100014669;0;7;0;0;2;6;10;A01
201100014670;0;7;0;0;2;1;0;A01
201100014670;0;7;0;0;2;1;0;B01
201100014671;0;7;0;0;2;1;12;A01
201100014671;0;7;0;0;2;4;1;C01
201100014671;0;33;0;0;2;4;1;B01
201100014672;0;7;0;0;1;2;1;A01
201100014672;0;34;0;0;2;8;24;B01
201100014673;0;34;0;0;0;1;17;B01
201100014673;0;7;0;0;0;3;10;A01
201100014674;0;30;0;0;2;1;1;B01
201100014674;0;7;0;0;2;2;15;A01
201100014675;0;7;0;0;2;3;5;A01
201100014676;0;32;0;0;2;1;1;B01
201100014676;0;7;0;0;0;8;10;A01
201100014677;0;7;0;0;1;1;21;A01
201100014678;0;31;0;6;0;2;0;A01
201100014679;0;34;0;0;2;1;1;A01
201100014679;0;7;0;0;0;4;15;B01
201100014680;0;7;0;7;2;8;1;B01
201100014680;0;7;0;8;2;1;1;A01
201100014681;0;7;0;0;0;2;15;A01
201100014681;0;31;0;0;0;1;0;B01
201100014682;1;7;0;1;2;3;20;A01
201100014682;0;32;0;0;2;7;1;B01
201100014683;0;7;0;0;1;3;4;A01
201100014684;0;30;0;0;2;1;17;B01
201100014684;0;7;0;0;2;8;15;A01
201100014685;0;32;0;0;2;1;0;B01
201100014685;0;7;0;0;2;2;15;A01
201100014686;0;7;0;0;2;2;15;B01
201100014686;0;7;0;0;2;8;1;A01
201100014687;0;32;0;8;0;1;1;A01
201100014688;0;7;0;8;0;9;1;A01
201100014689;0;7;0;0;2;3;17;A01
201100014689;0;7;0;0;2;3;0;B01
201100014690;0;30;0;0;2;1;2;A01
201100014690;0;7;0;0;2;4;1;B01
201100014691;0;7;0;0;2;3;9;B01
201100014691;0;34;0;0;2;1;1;A01
201100014692;0;7;0;0;0;1;5;A01
201100014692;0;7;0;0;0;1;1;B01
201100014693;0;7;0;0;1;2;1;A01
201100014694;0;31;0;0;2;1;1;A01
201100014694;0;7;0;0;2;4;11;B01
201100014695;0;33;0;0;2;1;17;B01
201100014695;0;7;0;0;2;3;9;A01
201100014696;0;2;0;0;2;1;1;B01
201100014696;0;7;0;0;2;4;15;A01
201100014697;0;33;0;0;2;1;1;B01
201100014697;0;7;0;0;2;8;10;A01
201100014698;0;30;0;15;2;8;21;A01
201100014698;0;7;0;0;2;7;0;B01
201100014699;0;7;0;0;1;2;0;A01
201100014700;0;2;0;0;2;7;1;B01
201100014700;0;7;0;0;2;1;15;A01
201100014701;0;7;0;5;0;9;1;A01
201100014702;0;7;0;9;1;2;14;A01
201100014703;0;30;0;0;2;1;1;B01
201100014703;0;7;0;0;0;5;1;A01
201100014704;0;30;0;0;2;1;1;A01
201100014704;0;7;0;0;2;7;1;B01
201100014705;0;7;0;0;2;1;9;A01
201100014705;0;31;0;0;2;1;0;B01
201100014706;0;34;0;11;0;1;0;A01
201100014707;0;7;0;0;1;1;0;A01
201100014708;0;14;0;0;1;3;1;A01
201100014709;0;10;0;0;1;2;1;A01
201100014710;0;7;0;0;1;2;16;A01
201100014711;0;7;0;0;2;2;1;A01
201100014711;0;7;0;0;2;3;15;B01
201100014712;0;7;0;0;2;1;1;A01
201100014712;0;7;0;0;2;3;15;B01
201100014713;0;33;0;0;2;7;1;B01
201100014713;0;7;0;0;2;3;9;A01
201100014714;0;7;0;0;2;1;1;C01
201100014714;0;7;0;0;2;3;1;B01
201100014714;0;30;0;0;2;1;1;A01
201100014715;0;33;0;0;2;0;17;B01
201100014715;0;7;0;0;2;6;15;A01