num_acc;senc;catv;occutc;obs;obsm;choc;manv;num_veh
201100014716;0;7;0;0;1;2;1;A01
201100014717;0;2;0;0;1;1;18;A01
201100014718;0;1;0;0;1;0;1;A01
201100014719;0;7;0;0;1;2;1;A01
201100014720;0;7;0;0;2;1;1;B01
201100014720;0;2;0;0;2;1;1;A01
201100014721;0;7;0;0;2;2;15;A01
201100014721;0;33;0;0;2;1;1;B01
201100014722;0;31;0;0;2;1;1;B01
201100014722;0;7;0;0;2;3;9;A01
201100014723;0;7;0;0;2;2;15;A01
201100014723;0;2;0;0;2;1;1;B01
201100014724;0;7;0;0;2;8;1;C01
201100014724;0;7;0;0;2;8;17;A01
201100014724;0;7;0;0;2;1;16;B01
201100014725;0;7;0;0;2;8;15;A01
201100014725;0;33;0;0;2;1;1;B01
201100014726;0;7;0;0;2;3;1;B01
201100014726;0;30;0;0;2;1;1;A01
201100014727;0;7;0;1;0;2;1;A01
201100014727;0;7;0;0;2;2;24;B01
201100014728;0;7;0;0;2;4;2;B01
201100014728;0;2;0;0;2;1;2;A01
201100014729;0;10;0;0;2;1;2;A01
201100014729;0;2;0;0;2;4;2;B01
201100014730;0;7;0;0;2;1;2;A01
201100014730;0;7;0;0;2;4;2;B01
201100014731;0;7;0;0;1;2;1;A01
201100014732;0;31;0;0;2;8;1;B01
201100014732;0;33;0;0;2;1;6;A01
201100014733;0;33;0;0;2;1;1;B01
201100014733;0;7;0;0;2;2;15;A01
201100014734;0;2;0;1;0;1;1;A01
201100014735;0;2;0;0;2;1;1;B01
201100014735;0;7;0;0;2;5;15;A01
201100014736;0;33;0;12;0;0;1;B01
201100014736;0;7;0;0;0;0;10;A01
201100014737;0;31;0;0;2;0;1;B01
201100014737;0;7;0;0;2;2;15;A01
201100014738;0;7;0;0;1;4;4;A01
201100014739;0;7;0;0;2;6;1;A01
201100014739;0;31;0;0;2;4;1;B01
201100014740;0;7;0;0;1;2;1;A01
201100014741;0;2;0;0;2;2;15;A01
201100014741;0;10;0;0;2;3;15;B01
201100014742;0;33;0;0;2;2;13;B01
201100014742;0;7;0;0;2;8;15;A01
201100014743;0;7;0;0;2;2;17;A01
201100014743;0;7;0;0;2;3;11;B01
201100014744;0;7;0;0;2;1;2;A01
201100014744;0;33;0;0;2;4;2;B01
201100014745;0;30;0;0;2;1;1;A01
201100014745;1;10;0;0;2;0;4;Z01
201100014746;0;31;0;0;2;4;1;B01
201100014746;0;7;0;0;2;2;15;A01
201100014747;0;31;0;0;2;1;2;A01
201100014747;0;7;0;0;2;4;2;B01
201100014748;0;10;0;0;1;2;1;A01
201100014749;0;7;0;0;2;3;1;B01
201100014749;0;7;0;0;2;2;15;A01
201100014750;0;7;0;0;1;1;10;A01
201100014751;0;10;0;0;2;3;1;B01
201100014751;0;7;0;0;2;6;1;C01
201100014751;0;33;0;0;2;8;17;A01
201100014752;0;7;0;0;2;2;1;B01
201100014752;0;31;0;0;2;0;1;A01
201100014753;0;30;0;0;1;1;17;A01
201100014753;0;7;0;0;2;3;1;B01
201100014754;0;10;0;0;2;4;2;B01
201100014754;0;7;0;0;2;4;2;C01
201100014754;0;10;0;0;2;1;2;A01
201100014755;0;7;0;0;2;1;1;B01
201100014755;0;7;0;0;2;6;15;A01
201100014756;0;1;0;0;2;1;1;A01
201100014756;0;10;0;0;2;0;15;B01
201100014757;1;7;0;0;1;7;1;A01
201100014758;0;7;0;0;1;2;1;A01
201100014759;0;2;0;0;2;5;1;A01
201100014759;0;7;0;0;2;2;1;B01
201100014760;0;7;0;0;2;3;15;A01
201100014760;0;30;0;0;2;1;13;B01
201100014761;0;10;0;8;2;3;1;B01
201100014761;0;30;0;0;2;1;5;A01
201100014762;0;7;0;0;2;3;13;A01
201100014762;0;2;0;0;2;7;17;B01
201100014763;0;10;0;0;2;1;2;A01
201100014763;0;7;0;0;2;4;2;B01
201100014764;0;10;0;0;1;2;1;A01
201100014765;0;10;0;0;2;2;1;A01
201100014765;0;1;0;0;2;4;2;B01
201100014766;0;31;0;0;2;1;1;B01
201100014766;0;1;0;0;2;8;15;A01
201100014767;0;33;0;0;2;1;2;A01
201100014767;0;7;0;0;2;4;2;B01
201100014768;0;32;0;0;2;1;1;B01
201100014768;0;7;0;0;2;2;20;A01
201100014769;0;3;0;0;1;1;1;A01
201100014770;0;7;0;0;2;3;15;B01
201100014770;0;32;0;0;2;1;1;A01
201100014771;0;33;0;0;2;4;2;B01
201100014771;0;7;0;0;2;1;2;A01
201100014772;0;31;0;0;2;1;2;A01
201100014772;0;7;0;0;2;4;2;B01
201100014773;0;2;0;0;2;1;6;A01
201100014773;0;33;0;0;2;8;1;B01
201100014774;0;7;0;0;2;1;9;A01
201100014774;0;7;0;1;2;5;1;B01
201100014775;0;7;0;0;2;6;9;A01
201100014775;0;7;0;0;2;6;1;C01
201100014775;0;31;0;0;2;7;1;B01
201100014776;0;10;0;0;2;2;1;A01
201100014776;0;1;0;0;2;8;19;B01
201100014777;0;1;0;0;2;1;2;A01
201100014777;0;7;0;0;2;6;2;B01
201100014778;0;7;0;0;2;8;1;B01
201100014778;0;3;0;0;2;2;15;A01
201100014779;0;7;0;0;2;1;2;A01
201100014779;0;32;0;0;2;4;2;B01
201100014780;0;33;0;0;2;4;2;B01
201100014780;0;7;0;0;2;1;2;A01
201100014781;0;32;0;0;2;1;2;A01
201100014781;0;7;0;0;2;4;2;B01
201100014782;0;7;0;0;1;3;1;A01
201100014783;0;7;0;0;2;2;14;A01
201100014783;0;1;0;0;2;0;1;B01
201100014784;0;7;0;0;2;1;15;A01
201100014784;0;33;0;0;2;1;1;B01
201100014785;0;30;0;0;2;1;2;A01
201100014785;0;7;0;0;2;4;2;B01
201100014786;0;14;0;0;2;6;23;B01
201100014786;0;10;0;0;2;8;1;C01
201100014786;0;33;0;0;2;1;17;A01
201100014787;0;33;0;0;1;8;1;A01
201100014788;0;7;0;0;2;1;15;A01
201100014788;0;32;0;0;2;8;1;B01
201100014789;0;10;0;0;2;2;15;A01
201100014789;0;32;0;0;2;1;1;B01
201100014790;0;7;0;0;2;6;15;B01
201100014790;0;32;0;0;2;1;5;A01
201100014791;0;33;0;0;2;1;15;A01
201100014791;0;2;0;0;2;8;1;B01
201100014792;0;7;0;0;1;3;20;A01
201100014793;0;33;0;0;1;1;1;A01
201100014794;0;1;0;0;2;1;19;A01
201100014794;0;10;0;0;9;1;16;B01
201100014795;0;7;0;0;2;1;1;B01
201100014795;0;7;0;0;2;8;1;A01
201100014796;0;2;0;0;2;0;13;A01
201100014796;0;7;0;0;2;8;1;B01
201100014797;0;7;0;0;2;4;23;B01
201100014797;0;7;0;0;2;1;2;A01
201100014797;0;7;0;0;2;4;23;C01
201100014798;0;32;0;0;2;1;2;A01
201100014798;0;7;0;0;2;3;15;B01
201100014799;0;7;0;0;1;2;1;A01
201100014800;0;7;0;0;2;4;2;A01
201100014800;1;7;0;0;2;0;2;Z01
201100014800;0;7;0;0;2;4;2;B01
201100014800;0;7;0;0;2;4;2;C01
201100014801;0;7;0;1;0;2;1;A01
201100014801;0;7;0;0;2;6;24;B01
201100014802;0;7;0;0;2;4;23;B01
201100014802;0;7;0;0;2;1;2;A01
201100014803;0;7;0;0;2;7;15;A01
201100014803;0;2;0;0;2;1;1;B01
201100014804;0;7;0;0;2;6;10;A01
201100014804;0;7;0;0;2;1;1;B01
201100014805;0;33;0;0;2;8;16;A01
201100014805;0;1;0;0;2;1;1;B01
201100014806;0;7;0;0;2;4;2;B01
201100014806;0;10;0;0;2;4;23;C01
201100014806;0;7;0;0;2;4;23;D01
201100014806;0;7;0;0;2;1;23;A01
201100014807;0;32;0;0;2;1;1;A01
201100014807;0;7;0;0;2;2;15;B01
201100014808;0;33;0;1;0;1;1;A01
201100014809;0;10;0;0;1;1;1;A01
201100014810;0;7;0;0;2;3;15;A01
201100014810;0;32;0;0;2;1;1;B01
201100014811;0;32;0;0;2;1;1;B01
201100014811;0;7;0;0;2;3;15;A01
201100014812;0;2;0;0;2;1;2;A01
201100014812;0;7;0;0;2;4;2;B01
201100014813;0;7;0;0;2;3;1;B01
201100014813;0;30;0;0;2;1;1;A01
201100014814;0;7;0;0;2;2;1;A01
201100014814;0;7;0;0;2;3;15;B01
201100014815;0;7;0;0;2;4;9;A01
201100014815;0;33;0;0;2;8;1;B01
201100014816;2;7;0;0;2;8;10;A01
201100014816;0;7;0;0;2;1;1;B01
201100014817;0;10;0;0;2;3;15;A01
201100014817;0;2;0;0;2;2;1;B01
201100014818;0;10;0;0;2;4;2;C01
201100014818;0;7;0;0;2;4;2;B01
201100014818;0;14;0;0;2;1;2;A01
201100014819;0;10;0;0;2;3;9;A01
201100014819;0;7;0;0;2;2;1;B01
201100014820;0;7;0;0;2;4;2;C01
201100014820;0;7;0;0;2;4;2;B01
201100014820;0;10;0;0;2;1;2;A01
201100014821;0;7;0;0;1;8;1;A01
201100014822;0;32;0;0;2;1;1;B01
201100014822;0;7;0;0;2;3;15;A01
201100014823;0;7;0;0;2;1;2;A01
201100014823;0;7;0;0;2;4;2;B01
201100014824;0;7;0;0;2;7;1;A01
201100014824;0;10;0;0;2;3;1;B01
201100014825;0;14;0;0;2;3;15;A01
201100014825;0;33;0;0;2;1;17;B01
201100014826;0;1;0;0;2;1;9;A01
201100014826;0;7;0;0;2;3;1;B01
201100014827;0;10;0;0;2;3;13;A01
201100014827;0;7;0;0;2;1;1;B01
201100014828;0;7;0;0;0;0;4;A01
201100014829;0;2;0;0;2;1;1;B01
201100014829;0;7;0;0;2;6;15;A01
201100014830;0;7;0;0;2;6;15;A01
201100014830;0;32;0;0;2;1;13;B01
201100014831;0;14;0;0;2;2;15;A01
201100014831;0;32;0;0;2;1;1;B01
201100014832;0;32;0;0;2;6;9;A01
201100014832;0;7;0;0;2;1;1;B01
201100014833;0;32;0;0;0;0;1;B01
201100014833;0;7;0;0;2;0;9;A01
201100014834;0;7;0;1;0;1;14;A01
201100014835;0;2;0;1;0;3;13;B01
201100014835;0;7;0;0;0;0;4;A01
201100014836;0;7;0;0;1;3;1;A01
201100014837;0;32;0;0;2;4;2;B01
201100014837;0;7;0;0;2;4;2;C01
201100014837;0;7;0;0;2;1;2;A01
201100014838;0;7;0;0;2;8;15;A01
201100014838;0;33;0;0;2;2;17;B01
201100014839;0;7;0;0;2;2;15;A01
201100014839;0;33;0;0;2;1;1;B01
201100014840;0;7;0;0;2;8;23;B01
201100014840;0;7;0;0;2;1;14;A01
201100014840;0;7;0;0;2;6;23;D01
201100014840;0;7;0;0;2;5;23;C01
201100014841;0;32;0;0;2;1;1;B01
201100014841;0;10;0;0;2;1;13;A01
201100014841;0;7;0;0;2;4;23;C01
201100014841;0;7;0;0;2;3;1;D01
201100014842;0;33;0;0;2;1;2;A01
201100014842;0;7;0;0;2;4;2;B01
201100014843;0;10;0;0;2;2;15;A01
201100014843;0;33;0;0;2;8;16;B01
201100014844;0;1;0;0;2;0;15;A01
201100014844;0;30;0;0;2;1;1;B01
201100014845;0;7;0;0;2;2;2;A01
201100014845;0;32;0;0;2;4;23;B01
201100014846;0;31;0;0;2;4;23;B01
201100014846;0;7;0;0;2;1;2;A01
201100014847;0;37;1;0;1;1;1;A01
201100014848;0;7;0;0;2;3;15;A01
201100014848;0;31;0;0;2;1;1;B01
201100014849;0;33;0;0;2;2;13;B01
201100014849;0;30;0;0;2;3;15;A01
201100014850;0;1;0;0;2;1;1;A01
201100014850;0;7;0;0;2;2;1;B01
201100014851;0;7;0;0;1;2;1;A01
201100014852;0;30;0;0;2;1;1;B01
201100014852;0;7;0;0;2;3;15;A01
201100014853;0;7;0;0;2;2;12;A01
201100014853;0;33;0;0;2;3;1;B01
201100014854;0;7;0;0;2;1;1;B01
201100014854;0;7;0;0;2;2;15;A01
201100014855;0;7;0;0;2;1;23;B01
201100014855;0;32;0;0;2;0;1;A01
201100014856;0;7;0;0;1;1;1;A01
201100014857;0;30;0;0;2;7;15;A01
201100014857;0;33;0;0;2;7;1;C01
201100014857;0;10;0;0;2;1;1;B01
201100014858;0;7;0;0;2;3;22;B01
201100014858;0;7;0;0;1;2;1;A01
201100014859;0;30;0;0;2;8;13;A01
201100014859;0;7;0;0;2;3;1;B01
201100014860;0;7;0;0;2;2;16;A01
201100014860;0;1;0;0;2;1;1;B01
201100014861;0;7;0;1;0;1;1;A01
201100014862;0;14;0;0;2;2;15;A01
201100014862;0;30;0;0;2;1;1;B01
201100014863;0;33;0;0;1;1;1;A01
201100014864;0;7;0;0;1;3;1;A01
201100014865;0;30;0;0;2;4;2;B01
201100014865;0;7;0;0;2;1;2;A01
201100014866;0;33;0;0;1;1;1;A01
201100014867;0;32;0;0;2;1;1;B01
201100014867;0;7;0;0;2;3;15;A01
201100014868;0;7;0;0;1;1;1;A01
201100014869;0;37;2;0;1;3;15;A01
201100014870;0;33;0;11;0;1;1;A01
201100014871;0;2;0;0;2;1;1;B01
201100014871;0;7;0;0;2;2;12;A01
201100014872;0;33;0;0;2;1;1;B01
201100014872;0;7;0;0;2;3;15;A01
201100014873;0;7;0;0;1;1;1;A01
201100014874;0;38;1;0;2;1;1;A01
201100014875;0;30;0;0;2;0;5;A01
201100014875;0;7;0;0;2;1;1;B01
201100014876;0;7;0;0;2;2;15;A01
201100014876;0;31;0;0;2;1;1;B01
201100014877;0;7;0;0;2;7;15;A01
201100014877;0;33;0;0;2;1;1;B01
201100014878;0;33;0;0;2;8;1;B01
201100014878;0;7;0;0;2;7;12;A01
201100014879;0;32;0;0;2;1;1;B01
201100014879;0;7;0;0;2;2;15;A01
201100014880;0;7;0;0;2;4;2;B01
201100014880;0;7;0;0;2;4;2;C01
201100014880;0;7;0;0;2;1;2;A01
201100014880;0;7;0;0;2;4;2;D01
201100014881;0;7;0;0;2;1;15;A01
201100014881;0;31;0;0;2;2;13;B01
201100014882;0;2;0;0;1;1;13;A01
201100014883;0;7;0;0;2;3;4;A01
201100014883;0;32;0;0;2;1;1;B01
201100014884;0;1;0;0;2;1;1;A01
201100014884;1;7;0;0;2;3;16;Z01
201100014885;0;7;0;0;2;3;22;A01
201100014885;0;30;0;0;2;1;13;B01
201100014885;0;7;0;0;2;6;1;C01
201100014886;0;7;0;0;1;0;1;A01
201100014887;0;7;0;0;2;1;1;B01
201100014887;0;34;0;0;2;5;15;A01
201100014888;0;7;0;0;2;2;15;A01
201100014888;0;30;0;0;2;1;1;B01
201100014889;0;32;0;0;2;1;1;B01
201100014889;0;7;0;0;2;1;15;A01
201100014890;0;10;0;0;2;2;15;A01
201100014890;0;7;0;0;2;1;1;B01
201100014891;0;32;0;0;2;1;1;B01
201100014891;0;7;0;0;2;2;10;A01
201100014892;0;7;0;0;1;2;1;A01
201100014893;0;7;0;0;2;7;1;A01
201100014893;0;7;0;0;2;1;1;B01
201100014894;0;7;0;0;2;8;15;A01
201100014894;0;32;0;0;2;2;13;B01
201100014895;0;10;0;0;1;1;15;A01
201100014896;0;7;0;0;2;8;12;A01
201100014896;0;30;0;0;2;8;1;B01
201100014897;0;7;0;0;2;1;1;B01
201100014897;0;31;0;0;2;1;5;A01
201100014898;0;7;0;0;2;2;15;A01
201100014898;0;33;0;0;2;8;13;B01
201100014899;0;31;0;12;0;1;0;A01
201100014900;0;7;0;0;2;1;1;B01
201100014900;0;7;0;0;2;1;5;A01
201100014901;0;7;0;0;2;1;2;A01
201100014901;0;7;0;0;2;4;2;B01
201100014902;0;7;0;0;1;3;1;A01
201100014903;0;1;0;0;2;1;1;B01
201100014903;0;7;0;0;2;2;15;A01
201100014904;0;33;0;0;1;1;1;A01
201100014905;0;7;0;5;2;4;2;B01
201100014905;0;7;0;0;2;1;2;A01
201100014906;0;10;0;0;1;2;1;A01
201100014907;0;7;0;0;2;2;15;A01
201100014907;0;33;0;0;2;1;1;B01
201100014908;0;7;0;0;2;2;15;B01
201100014908;0;30;0;0;2;7;1;A01
201100014909;0;33;0;0;2;1;1;B01
201100014909;0;7;0;0;2;4;15;A01
201100014910;0;7;0;0;2;3;15;A01
201100014910;0;32;0;0;2;7;1;B01
201100014911;0;32;0;0;2;4;2;B01
201100014911;0;10;0;0;2;1;2;A01
201100014912;0;33;0;0;2;1;1;A01
201100014912;0;7;0;0;2;3;15;B01
201100014913;0;7;0;0;1;1;1;A01
201100014914;0;37;1;0;1;1;15;A01
201100014915;0;7;0;0;2;1;1;A01
201100014916;0;7;0;0;1;3;1;A01
201100014917;0;1;0;0;2;1;0;B01
201100014917;0;10;0;0;2;3;0;A01
201100014918;0;7;0;0;2;3;0;A01
201100014918;0;7;0;0;2;1;0;B01
201100014919;0;7;0;0;2;2;16;A01
201100014919;0;32;0;0;2;1;1;B01
201100014920;0;33;0;0;2;1;1;B01
201100014920;0;7;0;0;2;5;1;A01
201100014921;0;7;0;0;2;1;1;A01
201100014921;0;30;0;0;2;1;1;B01
201100014922;0;7;0;0;1;2;1;A01
201100014923;0;30;0;0;2;1;0;A01
201100014924;0;33;0;0;2;1;0;B01
201100014924;0;7;0;0;0;3;10;A01
201100014925;0;7;0;0;1;1;0;A01
201100014926;0;30;0;0;2;1;1;A01
201100014926;0;32;0;0;2;1;1;B01
201100014927;0;7;0;0;2;3;0;A01
201100014927;0;30;0;0;2;5;0;B01
201100014928;0;7;0;0;2;1;0;A01
201100014928;0;32;0;0;2;1;1;B01
201100014929;0;30;0;0;2;1;1;A01
201100014929;0;30;0;0;0;1;0;B01
201100014930;0;7;0;0;1;1;1;A01
201100014931;0;7;0;0;2;1;1;A01
201100014932;0;7;0;0;2;1;1;B01
201100014932;0;30;0;0;2;1;1;A01
201100014933;0;32;0;0;1;1;0;A01
201100014934;0;7;0;0;2;3;0;B01
201100014934;0;7;0;0;2;3;0;A01
201100014935;0;30;0;0;2;1;17;A01
201100014935;0;37;1;0;2;1;1;B01
201100014936;0;10;0;0;2;1;0;B01
201100014936;0;7;0;0;0;4;0;A01
201100014937;0;32;0;0;2;1;0;B01
201100014937;0;7;0;0;2;1;0;A01
201100014938;0;7;0;0;2;4;0;B01
201100014938;0;30;0;0;2;1;1;A01
201100014939;0;34;0;1;0;1;1;A01
201100014940;0;7;0;0;2;1;2;A01
201100014940;0;7;0;0;2;4;1;B01
201100014940;0;7;0;0;2;1;1;D01
201100014940;0;7;0;0;2;1;1;C01
201100014941;0;30;0;0;2;3;0;B01
201100014941;0;7;0;0;2;1;1;A01
201100014942;0;7;0;6;0;1;0;A01
201100014943;0;7;0;0;2;1;1;A01
201100014944;0;33;0;0;2;2;0;B01
201100014944;0;7;0;0;2;3;0;A01
201100014945;0;7;0;0;2;8;1;A01
201100014945;0;30;0;0;2;1;1;B01
201100014946;0;7;0;0;2;1;1;A01
201100014946;0;30;0;0;2;1;0;B01
201100014947;0;2;0;0;2;1;15;A01
201100014947;0;7;0;0;2;1;1;B01
201100014948;0;7;0;0;2;1;1;A01
201100014948;0;2;0;0;2;1;1;B01
201100014949;0;32;0;0;2;1;0;B01
201100014949;0;7;0;0;2;0;0;A01
201100014950;0;7;0;0;2;1;0;A01
201100014950;0;32;0;0;2;1;0;B01
201100014951;0;32;0;0;1;1;1;A01
201100014952;0;7;0;9;0;1;1;A01
201100014953;0;33;0;0;2;1;1;B01
201100014953;0;7;0;0;2;6;0;A01
201100014954;0;7;0;0;2;1;0;A01
201100014955;0;1;0;0;2;1;0;B01
201100014955;0;7;0;0;2;3;20;A01
201100014956;0;7;0;0;2;1;1;A01
201100014956;0;7;0;0;2;4;1;B01
201100014957;0;7;0;0;2;5;15;A01
201100014957;0;33;0;0;2;1;0;B01
201100014958;0;7;0;0;2;3;1;A01
201100014958;0;32;0;0;2;1;0;B01
201100014959;0;7;0;0;2;2;15;A01
201100014959;0;30;0;0;2;1;1;B01
201100014960;0;7;0;0;2;1;1;A01
201100014960;0;33;0;0;2;1;1;B01
201100014961;0;7;0;0;2;3;10;A01
201100014961;0;30;0;0;2;1;0;B01
201100014962;0;7;0;0;2;1;0;A01
201100014962;0;7;0;0;2;2;1;B01
201100014963;0;7;0;0;2;4;4;A01
201100014964;0;32;0;0;2;1;1;B01
201100014964;0;7;0;0;2;1;1;A01
201100014965;0;7;0;0;2;4;0;B01
201100014965;0;30;0;0;2;1;1;A01
201100014966;0;30;0;4;2;1;0;A01
201100014967;0;7;0;6;0;1;1;A01
201100014968;0;7;0;0;2;3;9;A01
201100014968;0;32;0;0;2;1;1;B01
201100014969;0;30;0;0;2;1;5;A01
201100014969;0;7;0;0;2;1;16;B01
201100014970;0;7;0;0;2;1;1;A01
201100014970;0;13;0;0;2;1;1;B01
201100014971;2;7;0;0;2;1;1;B01
201100014971;0;7;0;0;2;1;1;A01
201100014972;0;7;0;0;2;1;15;A01
201100014972;0;33;0;0;2;1;1;B01
201100014973;0;7;0;0;2;1;15;A01
201100014973;0;30;0;0;2;1;1;B01
201100014974;0;32;0;1;2;1;0;B01
201100014974;0;7;0;0;2;5;4;A01
201100014974;0;7;0;0;2;1;1;D01
201100014975;0;7;0;7;0;3;0;A01
201100014976;0;7;0;0;2;1;0;A01
201100014976;0;33;0;0;2;1;0;B01
201100014977;0;7;0;0;2;2;1;A01
201100014977;0;30;0;0;2;1;0;B01
201100014978;0;7;0;0;0;5;16;B01
201100014978;0;7;0;0;2;1;12;A01
201100014979;0;30;0;0;2;1;13;A01
201100014979;0;10;0;0;2;3;1;B01
201100014980;0;14;0;0;2;1;1;A01
201100014981;0;7;0;0;1;1;0;A01
201100014982;0;7;0;0;2;6;15;A01
201100014982;0;30;0;0;2;1;17;B01
201100014983;0;7;0;0;2;1;1;A01
201100014984;0;31;0;0;2;1;1;B01
201100014984;0;7;0;0;2;1;0;A01
201100014985;0;7;0;0;2;1;1;C01
201100014985;0;7;0;0;2;1;1;B01
201100014985;0;30;0;0;2;1;17;A01
201100014986;0;30;0;0;2;1;1;A01
201100014986;0;7;0;0;2;3;0;B01
201100014987;0;7;0;0;2;4;22;A01
201100014987;0;1;0;0;2;1;1;B01
201100014988;0;7;0;0;2;1;1;A01
201100014988;0;30;0;0;2;1;1;B01
201100014989;0;30;0;0;2;1;0;B01
201100014989;0;7;0;0;2;1;1;A01
201100014990;0;7;0;0;2;1;1;A01
201100014990;0;2;0;0;2;1;1;B01
201100014991;0;7;0;0;2;1;15;A01
201100014991;0;31;0;0;2;1;1;B01
201100014992;0;30;0;0;2;1;0;B01
201100014992;0;7;0;0;2;1;15;A01
201100014993;0;7;0;0;2;1;1;C01
201100014993;0;7;0;0;2;1;0;A01
201100014993;0;7;0;0;2;1;1;B01
201100014994;0;99;0;0;2;1;0;A01
201100014995;0;7;0;0;1;1;0;A01
201100014996;0;33;0;0;2;1;1;B01
201100014996;0;7;0;0;2;1;0;A01
201100014997;0;32;0;12;0;1;1;A01
201100014998;0;7;0;0;1;1;1;A01
201100014999;0;34;0;0;2;3;1;B01
201100014999;0;7;0;0;2;1;1;C01
201100014999;0;7;0;0;2;1;5;A01
201100015000;0;37;0;0;0;1;23;B01
201100015000;0;7;0;8;0;1;0;A01
201100015001;0;7;0;0;2;7;1;B01
201100015001;0;34;0;0;2;1;8;A01
201100015002;0;33;0;0;1;1;0;A01
201100015003;0;7;0;0;2;8;0;A01
201100015003;0;32;0;0;2;1;0;B01
201100015004;0;7;0;0;2;1;15;A01
201100015004;0;31;0;0;2;1;1;B01
201100015005;0;7;0;0;2;3;15;A01
201100015005;0;2;0;0;2;2;17;B01
201100015006;0;7;0;0;1;1;1;A01
201100015007;0;30;0;0;2;1;17;A01
201100015007;0;7;0;0;2;3;15;B01
201100015008;0;7;0;0;2;1;0;B01
201100015008;0;30;0;0;2;1;0;A01
201100015009;0;7;0;0;1;1;2;A01
201100015010;0;7;0;0;2;1;0;A01
201100015010;0;34;0;0;1;1;0;B01
201100015011;0;33;0;1;0;1;1;B01
201100015011;0;7;0;0;2;4;2;A01
201100015012;0;33;0;0;2;1;1;B01
201100015012;0;7;0;0;2;3;1;A01
201100015013;0;30;0;0;2;1;0;B01
201100015013;0;7;0;0;2;6;20;A01
201100015014;0;33;0;0;2;1;1;B01
201100015014;0;7;0;0;2;7;15;A01
201100015015;0;7;0;0;2;8;0;A01
201100015015;0;30;0;0;2;1;2;B01
201100015016;0;7;0;0;2;1;2;B01
201100015016;0;10;0;0;2;8;2;C01
201100015016;0;31;0;0;2;4;0;A01
201100015017;0;33;0;0;1;0;0;A01
201100015018;0;7;0;0;2;1;15;A01
201100015018;0;33;0;0;2;1;0;B01
201100015019;0;7;0;0;2;1;2;A01
201100015019;0;34;0;0;2;4;2;B01
201100015020;0;7;0;0;1;1;1;A01
201100015021;0;37;50;0;2;6;23;B01
201100015021;0;33;0;1;0;1;2;A01
201100015022;0;33;0;0;2;1;1;B01
201100015022;0;7;0;0;2;1;15;A01
201100015023;0;7;0;0;2;1;0;A01
201100015024;0;32;0;0;1;1;15;A01
201100015025;0;30;0;0;2;1;0;B01
201100015026;0;33;0;0;2;1;5;A01
201100015026;0;7;0;0;2;1;0;B01
201100015027;0;7;0;0;2;7;1;A01
201100015027;0;33;0;0;2;1;1;B01
201100015028;0;33;0;0;2;1;0;A01
201100015028;0;7;0;0;2;1;0;B01
201100015029;0;7;0;0;2;1;1;A01
201100015029;0;30;0;0;2;1;1;B01
201100015030;0;7;0;0;2;6;13;A01
201100015030;0;33;0;0;2;1;0;B01
201100015031;0;7;0;0;2;1;0;A01
201100015031;0;7;0;0;2;3;1;B01
201100015032;0;32;0;0;2;1;1;B01
201100015032;0;7;0;0;2;3;15;A01
201100015033;0;7;0;0;1;1;2;A01
201100015034;0;10;0;0;2;4;2;C01
201100015034;0;10;0;0;0;1;2;A01
201100015034;0;7;0;0;2;4;2;B01
201100015035;0;32;0;9;9;1;0;A01
201100015036;0;7;0;0;1;7;2;A01
201100015037;0;7;0;0;2;1;15;A01
201100015037;0;33;0;0;2;8;1;B01
201100015038;0;7;0;0;2;3;9;A01
201100015038;0;7;0;0;2;2;2;B01
201100015039;0;10;0;0;2;1;2;A01
201100015039;0;32;0;0;2;2;19;B01
201100015040;0;7;0;0;2;3;10;A01
201100015040;0;30;0;0;2;1;2;B01
201100015041;0;7;0;0;1;1;0;A01
201100015042;0;7;0;0;1;1;0;A01
201100015043;0;32;0;0;2;1;0;B01
201100015043;0;7;0;0;2;1;1;A01
201100015044;0;7;0;0;1;1;0;A01
201100015045;0;32;0;0;2;1;3;B01
201100015045;0;7;0;0;2;2;16;A01
201100015046;0;32;0;0;2;1;0;B01
201100015046;0;7;0;0;2;1;1;A01
201100015047;0;30;0;0;2;1;1;B01
201100015047;0;7;0;0;2;1;0;A01
201100015048;0;7;0;0;2;1;0;A01
201100015049;0;1;0;0;1;1;0;A01
201100015050;0;7;0;0;1;1;0;A01
201100015051;0;30;0;0;1;1;1;A01
201100015052;0;7;0;0;2;1;0;A01
201100015052;0;30;0;0;2;6;0;B01
201100015053;0;7;0;0;2;3;9;A01
201100015053;0;2;0;0;2;1;1;B01
201100015054;0;1;0;1;0;1;1;B01
201100015054;0;7;0;0;2;3;22;A01
201100015055;0;37;21;0;0;0;2;A01
201100015056;0;30;0;0;2;1;1;B01
201100015056;0;7;0;0;2;1;15;A01
201100015057;0;7;0;0;2;8;6;A01
201100015057;0;30;0;0;2;1;17;B01
201100015058;0;7;0;0;1;1;1;A01
201100015059;0;10;0;0;2;3;9;A01
201100015059;0;30;0;0;2;1;1;B01
201100015060;0;30;0;1;0;1;2;A01
201100015061;0;7;0;0;2;4;20;B01
201100015061;0;1;0;1;0;1;2;A01
201100015062;0;7;0;0;2;4;2;C01
201100015062;0;7;0;0;2;1;2;A01
201100015062;0;7;0;0;2;4;2;B01
201100015063;0;7;0;0;1;1;2;A01