num_acc;senc;catv;occutc;obs;obsm;choc;manv;num_veh
201100015064;0;7;0;0;2;2;2;A01
201100015064;0;7;0;0;2;1;1;B01
201100015065;0;7;0;0;2;1;0;A01
201100015066;0;7;0;0;2;4;0;B01
201100015066;0;7;0;0;2;1;1;A01
201100015067;0;7;0;0;1;1;1;A01
201100015068;0;32;0;0;2;1;17;B01
201100015068;0;7;0;0;2;3;15;A01
201100015069;0;30;0;0;2;1;0;A01
201100015069;0;7;0;0;2;1;0;B01
201100015070;0;7;0;0;2;1;17;A01
201100015070;0;32;0;0;2;1;1;B01
201100015071;0;2;0;0;2;8;1;B01
201100015071;0;10;0;0;2;1;15;A01
201100015072;0;30;0;0;2;1;0;B01
201100015072;0;7;0;0;2;5;16;A01
201100015073;0;7;0;0;1;1;0;A01
201100015074;0;7;0;0;2;3;8;B01
201100015074;0;7;0;0;2;2;15;A01
201100015075;0;3;0;0;2;1;1;A01
201100015076;0;7;0;0;2;7;15;A01
201100015076;0;7;0;0;2;3;1;B01
201100015077;0;30;0;0;2;1;0;A01
201100015078;0;7;0;0;2;2;0;A01
201100015078;0;30;0;0;2;1;0;B01
201100015079;0;34;0;0;2;1;1;B01
201100015079;0;1;0;0;0;0;0;A01
201100015080;0;7;0;0;2;3;15;B01
201100015080;0;32;0;0;2;1;17;A01
201100015081;0;33;0;0;2;1;1;A01
201100015081;0;7;0;0;2;4;23;B01
201100015082;0;7;0;0;2;1;1;A01
201100015082;0;33;0;0;2;1;1;B01
201100015083;0;32;0;0;2;8;16;B01
201100015083;0;7;0;0;2;7;16;A01
201100015084;0;30;0;0;2;1;1;A01
201100015085;0;7;0;0;2;3;1;B01
201100015085;0;34;0;0;2;7;1;A01
201100015086;0;32;0;0;2;1;0;B01
201100015086;0;7;0;0;2;1;0;A01
201100015087;0;14;0;0;1;5;0;A01
201100015088;0;7;0;0;2;1;23;A01
201100015088;0;2;0;0;2;1;1;B01
201100015089;0;7;0;0;2;1;1;A01
201100015089;0;30;0;0;2;7;0;B01
201100015090;0;32;0;0;2;1;17;B01
201100015090;0;7;0;0;2;1;0;A01
201100015091;0;15;0;0;2;6;0;A01
201100015091;0;30;0;0;2;1;0;B01
201100015092;0;31;0;0;2;4;1;B01
201100015092;0;7;0;0;2;2;15;A01
201100015093;0;32;0;0;2;1;1;B01
201100015093;0;7;0;0;2;3;1;A01
201100015094;0;7;0;0;2;1;1;B01
201100015094;0;7;0;0;2;7;1;A01
201100015095;0;34;0;0;2;8;1;B01
201100015095;0;7;0;0;2;2;15;A01
201100015096;0;1;0;0;2;8;19;B01
201100015096;0;33;0;0;1;1;1;A01
201100015097;0;2;0;0;2;2;1;B01
201100015097;1;7;0;0;2;3;15;Z01
201100015098;0;7;0;0;2;7;1;A01
201100015098;0;2;0;0;2;1;1;B01
201100015099;1;7;0;0;2;1;1;Z01
201100015099;0;2;0;0;2;4;1;A01
201100015100;0;7;0;0;2;1;1;B01
201100015100;0;32;0;0;2;7;16;A01
201100015101;0;33;0;0;2;1;1;A01
201100015101;0;7;0;0;2;1;1;B01
201100015102;0;7;0;0;2;1;1;A01
201100015102;0;32;0;0;2;4;0;B01
201100015103;0;7;0;0;2;2;0;A01
201100015103;0;30;0;0;2;2;0;B01
201100015104;0;7;0;0;1;1;1;A01
201100015105;0;7;0;0;2;1;0;A01
201100015105;0;32;0;0;2;1;1;B01
201100015106;0;7;0;0;2;8;1;A01
201100015106;0;2;0;0;2;7;9;B01
201100015107;0;7;0;0;2;8;1;B01
201100015107;0;2;0;0;2;7;17;A01
201100015108;0;33;0;0;2;4;0;B01
201100015108;0;7;0;0;2;1;1;A01
201100015109;0;7;0;0;2;3;9;A01
201100015109;0;2;0;0;2;7;1;B01
201100015110;0;2;0;0;1;1;1;A01
201100015111;0;7;0;0;1;3;15;A01
201100015112;0;2;0;0;2;1;1;B01
201100015112;0;7;0;0;2;3;11;A01
201100015113;0;7;0;0;2;4;1;B01
201100015113;0;7;0;0;2;1;1;A01
201100015114;0;7;0;0;2;1;24;A01
201100015115;0;7;0;0;2;8;15;A01
201100015115;0;33;0;0;2;1;17;B01
201100015116;0;32;0;0;2;1;1;B01
201100015116;0;7;0;0;2;2;15;A01
201100015117;0;7;0;0;2;4;2;A01
201100015117;0;30;0;0;2;1;2;C01
201100015117;0;7;0;0;2;1;2;B01
201100015118;0;34;0;0;2;1;1;A01
201100015118;0;7;0;0;2;1;15;B01
201100015119;0;7;0;0;2;6;9;B01
201100015119;0;2;0;0;2;1;1;A01
201100015120;0;2;0;0;2;1;1;A01
201100015120;0;7;0;0;2;7;16;B01
201100015121;0;2;0;1;0;1;1;A01
201100015122;0;7;0;0;1;2;1;A01
201100015123;0;32;0;0;1;1;0;A01
201100015124;0;30;0;0;2;1;0;B01
201100015124;0;30;0;0;2;1;0;A01
201100015125;0;7;0;0;1;1;15;A01
201100015126;0;7;0;0;2;1;15;A01
201100015126;0;32;0;0;2;1;1;B01
201100015127;0;7;0;0;2;1;1;B01
201100015127;0;7;0;0;2;8;0;A01
201100015128;0;7;0;0;2;2;1;B01
201100015128;0;7;0;0;2;3;9;A01
201100015129;0;30;0;0;2;1;0;B01
201100015129;0;7;0;0;2;1;0;A01
201100015130;0;7;0;0;1;1;1;A01
201100015131;0;7;0;0;1;1;15;A01
201100015132;0;99;0;0;2;1;0;A01
201100015132;0;32;0;0;2;1;0;B01
201100015133;0;33;0;0;1;1;1;A01
201100015134;0;7;0;0;2;0;0;A01
201100015134;0;30;0;0;2;1;0;B01
201100015135;0;7;0;0;2;8;9;A01
201100015135;0;2;0;0;2;1;1;B01
201100015136;0;30;0;0;2;1;1;A01
201100015136;0;7;0;0;0;0;20;C01
201100015136;0;7;0;0;2;4;20;B01
201100015137;0;7;0;0;2;0;9;A01
201100015137;0;2;0;0;2;1;1;B01
201100015138;0;7;0;0;2;8;9;A01
201100015138;0;2;0;0;2;1;1;B01
201100015139;0;7;0;0;1;2;1;A01
201100015140;0;7;0;0;2;1;0;A01
201100015140;0;1;0;0;2;1;0;B01
201100015141;0;7;0;0;1;1;1;A01
201100015142;0;2;0;0;2;1;17;B01
201100015142;0;7;0;0;2;3;1;C01
201100015142;0;7;0;0;2;3;9;A01
201100015143;1;7;0;0;1;1;0;Z01
201100015144;0;7;0;0;2;8;9;A01
201100015144;0;7;0;0;2;1;1;B01
201100015145;0;7;0;0;2;3;15;B01
201100015145;0;2;0;0;2;1;17;A01
201100015146;0;7;0;6;0;0;0;A01
201100015147;0;7;0;6;0;0;0;A01
201100015148;0;2;0;1;0;0;13;A01
201100015148;0;37;0;0;0;3;23;B01
201100015149;0;7;0;0;2;1;2;A01
201100015149;0;7;0;0;0;4;2;B01
201100015150;0;7;0;6;0;0;0;A01
201100015151;0;7;0;0;2;1;1;A01
201100015151;0;7;0;0;0;4;23;B01
201100015152;0;7;0;12;0;0;14;A01
201100015153;0;2;0;0;0;0;0;A01
201100015154;0;2;0;0;2;2;2;A01
201100015154;0;7;0;0;0;6;2;B01
201100015155;0;33;0;0;0;0;9;B01
201100015155;0;10;0;0;2;2;1;A01
201100015156;0;7;0;0;2;3;15;A01
201100015156;0;30;0;0;2;1;1;B01
201100015157;0;7;0;0;1;0;0;A01
201100015158;0;33;0;0;0;0;0;A01
201100015159;0;7;0;6;0;0;0;A01
201100015160;0;30;0;0;2;7;17;B01
201100015160;0;7;0;0;2;3;0;A01
201100015161;0;33;0;0;2;1;1;B01
201100015161;0;7;0;0;2;8;15;A01
201100015162;0;7;0;0;2;2;16;B01
201100015162;0;2;0;0;2;3;18;A01
201100015163;0;2;0;0;2;1;17;A01
201100015163;0;10;0;0;2;8;15;B01
201100015164;0;7;0;0;0;0;0;A01
201100015165;0;7;0;0;2;3;1;B01
201100015165;0;7;0;0;2;2;15;A01
201100015166;0;7;0;0;1;0;1;A01
201100015167;0;33;0;0;2;7;1;B01
201100015167;0;7;0;0;2;1;9;A01
201100015168;0;30;0;0;0;0;0;A01
201100015169;0;31;0;0;2;2;17;A01
201100015169;0;7;0;0;2;3;9;B01
201100015170;0;7;0;0;2;1;1;B01
201100015170;0;7;0;0;2;8;9;A01
201100015171;0;7;0;0;0;4;2;B01
201100015171;0;14;0;0;2;3;2;A01
201100015172;0;7;0;0;2;3;1;B01
201100015172;0;7;0;0;2;2;1;A01
201100015173;0;7;0;0;1;1;1;A01
201100015174;0;31;0;0;0;0;0;A01
201100015175;0;31;0;0;0;0;0;A01
201100015176;0;7;0;0;0;4;2;B01
201100015176;0;7;0;0;2;1;2;A01
201100015177;0;3;0;0;1;0;0;A01
201100015178;0;7;0;0;1;4;20;A01
201100015179;0;7;0;0;0;4;15;B01
201100015179;0;7;0;0;2;1;2;A01
201100015180;0;7;0;0;2;1;1;B01
201100015180;0;7;0;0;2;1;13;A01
201100015181;0;7;0;0;2;1;1;A01
201100015181;0;7;0;0;0;4;23;C01
201100015181;0;7;0;0;2;4;23;B01
201100015182;0;10;0;0;2;4;4;A01
201100015182;0;2;0;0;2;1;23;B01
201100015183;0;7;0;6;0;3;13;A01
201100015184;0;30;0;0;2;1;1;B01
201100015184;0;7;0;0;2;7;15;A01
201100015185;0;30;0;0;2;0;9;A01
201100015185;0;7;0;0;2;0;1;B01
201100015186;0;7;0;0;2;1;1;B01
201100015186;0;14;0;6;2;7;13;A01
201100015187;0;7;0;0;2;4;1;B01
201100015187;0;30;0;0;2;1;1;A01
201100015188;0;7;0;0;2;3;1;B01
201100015188;0;7;0;0;2;2;13;A01
201100015189;0;10;0;0;2;1;13;A01
201100015189;0;2;0;0;2;1;1;B01
201100015190;0;7;0;6;0;0;0;A01
201100015191;0;30;0;0;1;1;1;A01
201100015192;0;7;0;0;2;2;15;A01
201100015192;0;30;0;0;2;1;1;B01
201100015193;0;32;0;0;0;0;0;A01
201100015194;0;10;0;15;0;0;0;A01
201100015195;0;2;0;0;2;1;13;A01
201100015195;0;10;0;0;2;3;1;B01
201100015196;0;7;0;0;0;0;0;A01
201100015197;0;7;0;0;2;1;13;A01
201100015197;0;7;0;0;2;1;1;B01
201100015198;0;30;0;0;2;1;13;A01
201100015198;0;14;0;0;2;1;1;B01
201100015199;0;7;0;0;2;1;1;A01
201100015199;0;32;0;0;2;4;23;B01
201100015200;0;34;0;15;0;1;14;A01
201100015201;0;33;0;0;0;4;23;B01
201100015201;0;7;0;0;2;1;1;A01
201100015202;0;7;0;0;1;1;0;A01
201100015203;0;33;0;11;2;3;13;A01
201100015203;0;7;0;0;2;8;1;B01
201100015204;0;7;0;0;0;4;2;B01
201100015204;0;7;0;0;2;1;2;A01
201100015205;0;7;0;0;1;0;1;A01
201100015206;0;7;0;0;2;0;9;A01
201100015206;0;7;0;0;2;0;0;B01
201100015207;0;2;0;0;0;1;0;A01
201100015208;0;7;0;0;1;1;1;A01
201100015209;0;7;0;4;0;2;21;A01
201100015210;0;7;0;0;0;4;23;B01
201100015210;0;14;0;0;2;1;1;A01
201100015211;0;7;0;0;2;3;1;C01
201100015211;0;10;0;0;2;3;13;A01
201100015211;0;10;0;0;2;8;1;B01
201100015212;0;30;0;6;0;0;0;A01
201100015213;0;10;0;0;2;1;1;B01
201100015213;0;2;0;0;2;8;9;A01
201100015214;0;7;0;6;0;0;0;A01
201100015215;0;2;0;0;2;1;0;A01
201100015215;0;7;0;0;2;5;1;B01
201100015216;0;7;0;0;0;4;2;B01
201100015216;0;30;0;1;2;1;2;A01
201100015217;0;33;0;4;0;0;0;A01
201100015218;0;10;0;0;2;1;1;B01
201100015218;0;38;1;0;2;1;17;A01
201100015219;0;30;0;0;0;4;23;B01
201100015219;0;7;0;0;2;1;1;A01
201100015220;0;7;0;0;2;7;1;A01
201100015220;0;33;0;0;2;1;1;B01
201100015221;0;7;0;0;0;4;1;B01
201100015221;0;7;0;0;2;1;1;A01
201100015222;0;7;0;0;1;2;1;A01
201100015223;2;7;0;2;0;0;13;A01
201100015224;0;33;0;0;2;1;2;A01
201100015224;0;7;0;0;0;4;2;B01
201100015225;0;2;0;1;0;0;0;A01
201100015225;0;7;0;0;0;0;24;B01
201100015226;0;7;0;6;0;0;14;A01
201100015226;0;10;0;0;0;0;23;B01
201100015227;0;7;0;0;2;7;17;A01
201100015227;0;30;0;0;0;8;1;B01
201100015228;0;3;0;0;2;1;13;A01
201100015228;0;7;0;0;2;1;1;B01
201100015229;0;7;0;8;0;1;14;A01
201100015230;0;1;0;16;0;1;13;A01
201100015231;0;7;0;0;2;1;1;A01
201100015231;0;7;0;0;0;4;23;B01
201100015232;0;33;0;6;0;0;0;A01
201100015233;0;10;0;0;0;4;23;B01
201100015233;0;30;0;0;2;1;1;A01
201100015234;0;2;0;0;0;4;13;B01
201100015234;0;7;0;0;2;1;1;A01
201100015235;0;7;0;0;2;1;2;A01
201100015235;0;7;0;0;0;4;2;B01
201100015236;0;7;0;0;2;1;1;B01
201100015236;0;7;0;0;2;1;13;A01
201100015237;0;2;0;0;2;1;1;B01
201100015237;0;7;0;0;2;8;15;A01
201100015238;0;7;0;6;0;1;13;A01
201100015239;0;7;0;6;0;0;0;A01
201100015240;0;7;0;0;2;3;1;A01
201100015240;0;30;0;0;2;1;1;B01
201100015241;0;2;0;0;0;0;0;A01
201100015242;0;7;0;0;1;8;1;A01
201100015243;0;7;0;0;2;1;1;A01
201100015243;0;7;0;0;0;4;1;B01
201100015244;0;30;0;12;0;1;14;A01
201100015245;0;7;0;11;2;1;6;A01
201100015245;0;7;0;0;0;8;1;B01
201100015245;0;7;0;0;0;0;1;C01
201100015246;0;30;0;0;2;1;15;A01
201100015246;0;30;0;0;2;1;1;B01
201100015247;0;7;0;0;0;4;15;B01
201100015247;0;30;0;0;2;1;1;A01
201100015248;0;31;0;0;2;1;17;A01
201100015248;0;7;0;0;0;8;15;B01
201100015249;0;7;0;6;0;1;0;A01
201100015250;0;7;0;0;2;1;5;A01
201100015250;0;7;0;0;2;1;1;B01
201100015251;0;30;0;0;2;1;1;A01
201100015251;0;7;0;0;0;4;1;B01
201100015252;0;33;0;0;2;1;17;A01
201100015252;0;7;0;0;2;4;15;B01
201100015253;0;33;0;0;0;0;0;A01
201100015254;0;32;0;0;2;1;1;B01
201100015254;0;7;0;0;2;3;9;A01
201100015255;0;32;0;0;2;1;2;A01
201100015255;0;7;0;0;0;4;2;B01
201100015256;0;7;0;0;0;4;1;B01
201100015256;0;30;0;0;2;1;1;A01
201100015257;0;1;0;0;2;1;2;A01
201100015257;0;1;0;0;0;4;2;B01
201100015258;0;32;0;0;0;0;0;A01
201100015259;0;7;0;2;0;1;13;A01
201100015260;0;7;0;0;2;1;1;B01
201100015260;0;7;0;0;2;1;5;A01
201100015261;0;30;0;0;2;3;17;A01
201100015261;0;32;0;0;2;1;17;B01
201100015262;0;32;0;0;2;1;17;A01
201100015262;0;7;0;0;0;6;15;B01
201100015263;0;7;0;6;0;1;14;A01
201100015264;0;7;0;0;2;1;0;A01
201100015264;0;10;0;0;2;1;0;B01
201100015265;0;7;0;0;0;4;2;B01
201100015265;0;7;0;0;2;1;2;A01
201100015266;0;7;0;13;2;0;14;A01
201100015266;0;7;0;0;2;1;1;B01
201100015267;0;2;0;0;2;0;1;B01
201100015267;0;2;0;0;2;0;0;A01
201100015268;0;7;0;0;2;3;9;A01
201100015268;0;7;0;0;2;2;1;B01
201100015269;0;30;0;15;0;0;0;A01
201100015270;0;1;0;0;2;4;1;B01
201100015270;0;33;0;0;2;1;17;A01
201100015271;0;33;0;0;2;1;1;B01
201100015271;0;99;0;0;2;2;10;A01
201100015272;0;30;0;0;0;0;0;A01
201100015273;0;7;0;0;0;6;15;A01
201100015273;0;34;0;0;2;1;1;B01
201100015274;0;34;0;0;0;5;1;B01
201100015274;0;7;0;0;2;1;1;A01
201100015275;0;7;0;0;2;3;1;C01
201100015275;0;7;0;0;2;3;13;A01
201100015275;0;7;0;0;2;8;1;B01
201100015276;0;7;0;0;2;3;2;A01
201100015276;0;7;0;0;2;4;2;B01
201100015276;0;7;0;0;0;6;2;C01
201100015277;0;14;0;0;2;3;0;B01
201100015277;0;33;0;0;2;1;13;A01
201100015278;0;7;0;0;1;1;1;A01
201100015279;0;2;0;0;0;0;0;A01
201100015280;0;32;0;0;2;7;17;A01
201100015280;0;7;0;0;2;3;13;B01
201100015281;0;7;0;1;0;0;0;A01
201100015282;0;7;0;6;0;1;21;A01
201100015283;0;7;0;0;2;2;13;A01
201100015283;0;7;0;0;2;3;1;B01
201100015284;0;32;0;0;0;0;0;A01
201100015285;0;33;0;0;0;0;0;A01
201100015286;0;30;0;0;2;4;16;B01
201100015286;0;7;0;0;2;2;1;A01
201100015287;0;7;0;0;2;1;1;A01
201100015287;0;7;0;0;2;4;23;B01
201100015288;0;10;0;0;1;2;17;A01
201100015289;0;7;0;6;2;2;0;A01
201100015289;0;7;0;0;2;8;1;B01
201100015290;0;7;0;13;0;0;13;A01
201100015291;0;10;0;15;0;2;14;A01
201100015292;0;30;0;0;0;0;0;A01
201100015293;1;7;0;0;2;1;2;Z01
201100015293;0;7;0;0;0;4;23;A01
201100015294;0;7;0;0;2;8;1;B01
201100015294;0;37;15;0;2;2;15;A01
201100015295;0;32;0;0;2;1;1;B01
201100015295;0;7;0;0;0;7;15;A01
201100015296;0;30;0;0;2;7;17;A01
201100015296;0;7;0;0;2;8;15;B01
201100015297;0;32;0;0;0;4;2;B01
201100015297;0;7;0;0;2;1;2;A01
201100015298;0;7;0;0;2;1;2;A01
201100015298;0;7;0;0;0;4;2;B01
201100015299;0;33;0;0;0;0;0;A01
201100015300;0;7;0;0;2;8;1;B01
201100015300;0;17;0;0;2;0;12;A01
201100015301;0;7;0;0;2;1;2;A01
201100015301;0;30;0;0;0;4;2;B01
201100015302;0;2;0;0;2;1;2;A01
201100015302;0;7;0;0;0;4;2;B01
201100015303;0;30;0;0;2;1;17;A01
201100015303;0;10;0;0;2;6;15;B01
201100015304;0;7;0;8;0;1;0;A01
201100015305;0;33;0;0;2;0;17;A01
201100015305;0;7;0;0;2;8;15;B01
201100015306;0;7;0;0;0;4;9;A01
201100015306;0;33;0;0;2;1;1;B01
201100015307;0;30;0;0;2;2;17;A01
201100015307;0;7;0;0;2;8;15;B01
201100015308;0;7;0;12;0;0;0;A01
201100015309;0;30;0;0;0;0;0;A01
201100015310;0;33;0;0;2;1;2;A01
201100015310;0;7;0;0;0;6;2;B01
201100015311;0;7;0;0;1;3;15;A01
201100015312;0;30;0;0;0;0;1;A01
201100015313;0;7;0;0;2;2;1;B01
201100015313;0;33;0;0;2;1;13;A01
201100015314;0;7;0;0;2;3;15;A01
201100015314;0;30;0;0;2;1;1;B01
201100015315;0;32;0;0;2;1;2;A01
201100015315;0;7;0;0;0;4;2;B01
201100015316;0;2;0;0;0;4;23;B01
201100015316;0;7;0;0;2;1;2;A01
201100015317;0;7;0;0;2;1;2;A01
201100015317;0;7;0;0;0;4;2;B01
201100015318;1;7;0;0;2;0;2;Z01
201100015318;0;30;0;0;0;4;15;A01
201100015319;0;32;0;0;0;0;0;A01
201100015320;0;7;0;0;2;1;15;A01
201100015320;0;7;0;0;2;1;1;B01
201100015321;0;1;0;0;0;0;0;A01
201100015322;0;33;0;0;2;2;1;B01
201100015322;0;7;0;0;2;8;10;A01
201100015323;0;30;0;0;0;0;0;A01
201100015324;2;7;0;7;0;0;14;A01
201100015325;0;7;0;0;0;8;15;B01
201100015325;0;30;0;0;2;2;17;A01
201100015326;0;7;0;6;2;2;1;A01
201100015326;0;7;0;0;2;8;1;B01
201100015327;0;7;0;0;2;1;2;A01
201100015327;0;7;0;0;0;4;2;B01
201100015328;0;32;0;0;2;1;17;A01
201100015328;0;7;0;0;2;1;1;B01
201100015329;0;33;0;0;0;0;0;A01
201100015330;0;1;0;15;0;1;0;A01
201100015331;0;7;0;0;2;2;15;A01
201100015331;0;7;0;0;2;3;1;B01
201100015332;0;7;0;0;2;8;1;B01
201100015332;0;33;0;0;2;0;11;A01
201100015333;1;7;0;9;2;3;13;Z01
201100015333;0;7;0;0;2;3;9;A01
201100015334;0;7;0;0;2;3;1;A01
201100015334;0;10;0;0;2;1;1;C01
201100015334;0;10;0;0;2;4;23;B01
201100015335;0;30;0;0;0;0;0;A01
201100015336;0;7;0;0;1;3;1;A01
201100015337;0;7;0;0;2;3;13;A01
201100015337;0;14;0;0;2;6;1;B01
201100015337;0;10;0;0;2;3;1;C01
201100015338;0;30;0;0;0;0;0;A01
201100015339;0;7;0;1;0;3;20;A01
201100015340;0;7;0;0;2;8;15;A01
201100015340;0;30;0;0;2;1;17;B01
201100015341;0;2;0;0;2;1;1;A01
201100015341;0;7;0;0;0;4;23;B01
201100015342;0;7;0;1;0;2;14;A01
201100015343;0;2;0;0;0;0;0;A01
201100015344;0;33;0;0;2;1;1;B01
201100015344;0;10;0;0;2;2;15;A01
201100015345;0;20;0;0;1;4;4;A01
201100015346;0;30;0;0;0;0;0;A01
201100015347;0;30;0;0;0;0;0;A01
201100015348;0;7;0;13;0;0;0;A01
201100015349;0;7;0;8;0;0;0;A01
201100015350;0;34;0;0;0;0;17;A01
201100015351;0;7;0;15;0;3;15;A01
201100015352;0;7;0;0;0;0;0;A01
201100015353;0;7;0;0;1;0;0;A01
201100015354;1;2;0;0;2;0;0;Z01
201100015354;0;1;0;0;2;4;0;A01
201100015355;0;7;0;6;0;0;0;A01
201100015356;0;7;0;0;2;8;1;B01
201100015356;0;7;0;0;2;1;15;A01
201100015357;0;7;0;0;1;2;1;A01
201100015358;0;7;0;12;0;0;0;A01
201100015359;0;7;0;13;0;7;0;A01
201100015360;0;7;0;0;1;1;1;A01
201100015361;0;2;0;0;2;2;17;B01
201100015361;0;7;0;0;2;8;9;A01
201100015362;0;7;0;7;2;7;1;B01
201100015362;1;7;0;0;2;1;16;A01
201100015363;0;7;0;0;1;0;1;A01
201100015364;0;7;0;1;2;5;9;A01
201100015364;0;7;0;0;2;1;1;B01
201100015364;0;14;0;0;2;0;4;C01
201100015365;0;10;0;0;1;1;15;A01
201100015366;0;7;0;0;2;0;15;B01
201100015366;0;30;0;0;2;1;0;A01
201100015367;0;32;0;0;0;0;0;A01
201100015368;0;33;0;0;0;0;0;A01
201100015369;0;32;0;0;2;2;17;A01
201100015369;0;7;0;0;2;1;15;B01
201100015370;0;7;0;15;0;0;13;A01
201100015371;0;7;0;0;2;1;1;A01
201100015371;0;7;0;0;0;4;2;C01
201100015371;0;7;0;0;2;4;2;B01
201100015372;0;7;0;8;2;0;13;A01
201100015372;0;7;0;0;0;6;1;B01
201100015373;0;7;0;0;1;4;4;A01
201100015374;0;7;0;0;2;2;13;A01
201100015374;0;7;0;0;2;2;1;B01
201100015375;0;14;0;12;0;3;1;A01
201100015376;0;7;0;0;2;1;1;A01
201100015376;0;7;0;0;1;4;23;B01
201100015377;0;7;0;0;0;3;15;B01
201100015377;0;33;0;0;2;1;17;A01
201100015378;0;7;0;8;0;0;0;A01
201100015379;0;33;0;0;0;0;0;A01
201100015380;0;7;0;0;1;1;1;A01
201100015381;0;7;0;0;2;6;15;B01
201100015381;0;30;0;0;2;1;17;A01
201100015382;0;7;0;8;0;1;13;A01
201100015383;0;33;0;0;2;0;0;B01
201100015383;0;7;0;0;2;1;1;A01
201100015384;0;30;0;0;0;0;0;A01
201100015385;0;10;0;6;0;0;0;A01
201100015386;0;7;0;4;0;3;13;A01
201100015387;0;7;0;6;0;0;0;A01
201100015388;0;7;0;0;2;1;1;B01
201100015388;0;33;0;0;2;1;13;A01
201100015389;0;7;0;0;2;1;1;A01
201100015389;0;7;0;0;2;4;23;B01
201100015390;0;30;0;0;0;0;0;A01
201100015391;0;7;0;0;2;1;1;A01
201100015391;0;7;0;0;0;4;23;C01
201100015391;0;7;0;0;2;4;23;B01
201100015392;0;10;0;0;2;8;15;B01
201100015392;0;7;0;0;2;1;1;A01
201100015393;0;7;0;0;2;1;2;A01
201100015393;0;7;0;0;2;4;2;B01
201100015394;0;7;0;1;0;5;9;A01
201100015394;0;7;0;1;2;1;2;B01
201100015395;0;34;0;0;0;0;0;A01
201100015396;0;7;0;0;2;7;5;A01
201100015396;0;2;0;0;2;2;15;B01
201100015397;0;14;0;0;1;7;1;A01
201100015398;0;10;0;0;1;3;1;A01
201100015399;0;10;0;4;0;1;21;A01
201100015399;0;7;0;0;0;0;9;B01
201100015400;0;10;0;0;2;2;1;B01
201100015400;0;7;0;0;2;3;9;A01
201100015401;0;7;0;0;2;1;15;A01
201100015401;0;33;0;0;2;1;1;B01
201100015402;0;7;0;0;1;1;1;A01
201100015403;0;32;0;0;2;2;1;B01
201100015403;0;1;0;0;0;4;13;A01
201100015404;0;7;0;14;0;7;1;A01
201100015405;0;32;0;0;2;7;1;B01
201100015405;0;7;0;0;0;8;10;A01
201100015406;0;30;0;0;2;1;1;B01
201100015406;0;7;0;0;0;3;16;A01
201100015407;0;7;0;0;2;1;1;B01
201100015407;0;33;0;0;2;1;13;A01
201100015408;0;7;0;0;2;7;17;A01
201100015408;0;1;0;0;0;0;1;B01
201100015409;2;7;0;1;0;3;1;A01
201100015410;0;7;0;0;2;3;15;A01
201100015410;0;33;0;0;2;8;1;B01
201100015411;0;31;0;1;2;3;1;B01
201100015411;0;99;0;0;0;5;4;A01
201100015412;0;7;0;12;0;9;1;A01
201100015413;0;7;0;0;0;1;1;B01
201100015413;0;7;0;0;2;1;13;A01
201100015414;0;33;0;2;0;1;1;A01
201100015415;0;7;0;0;0;3;23;B01
201100015415;0;2;0;0;2;1;17;A01
201100015416;0;7;0;0;2;3;13;A01
201100015416;0;7;0;0;0;1;1;B01
201100015417;0;7;0;0;1;4;4;A01
201100015418;0;7;0;0;0;8;1;B01
201100015418;0;32;0;0;2;1;17;A01
201100015419;0;31;0;0;0;1;14;A01
201100015420;0;7;0;0;0;3;13;A01
201100015420;0;7;0;0;0;3;1;B01
201100015421;0;7;0;0;1;2;1;A01
201100015422;0;30;0;1;0;3;13;A01
201100015423;0;33;0;0;0;2;1;B01
201100015423;0;7;0;0;2;1;15;A01
201100015424;0;31;0;0;1;1;1;A01
201100015425;0;33;0;0;1;1;1;A01
201100015426;0;2;0;0;2;4;2;B01
201100015426;0;7;0;0;0;4;2;C01
201100015426;0;7;0;0;2;1;2;A01
201100015427;0;30;0;12;0;7;14;A01
201100015428;0;7;0;1;0;9;13;A01
201100015429;0;34;0;0;0;0;13;A01
201100015429;0;7;0;0;0;0;0;B01
201100015430;0;7;0;0;0;0;1;C01
201100015430;0;32;0;0;2;1;17;A01
201100015430;0;32;0;0;0;4;17;B01
201100015431;0;7;0;1;2;3;15;A01
201100015431;0;7;0;0;0;1;2;C01
201100015431;0;7;0;1;0;8;1;B01
201100015432;0;14;0;0;0;8;15;B01
201100015432;0;32;0;0;2;7;17;A01
201100015433;0;7;0;0;9;7;15;A01
201100015433;0;32;0;0;2;1;1;B01
201100015434;0;10;0;0;0;1;1;C01
201100015434;0;32;0;0;2;3;17;A01
201100015434;0;32;0;0;2;3;17;B01
201100015435;0;32;0;0;2;1;1;B01
201100015435;0;7;0;0;0;3;19;A01
201100015436;0;30;0;1;0;1;14;A01
201100015437;0;34;0;9;0;1;1;A01
201100015438;0;7;0;0;0;6;23;A01
201100015438;0;33;0;0;2;1;17;B01
201100015439;0;10;0;0;2;2;0;A01
201100015439;0;32;0;0;2;3;1;B01
201100015440;0;33;0;0;1;1;1;A01
201100015441;0;7;0;0;1;1;1;A01
201100015442;0;32;0;8;0;0;17;A01
201100015443;0;7;0;0;1;1;11;A01
201100015444;0;30;0;0;0;0;0;A01
201100015445;0;7;0;0;0;5;23;B01
201100015445;0;31;0;0;2;1;1;A01