num_acc;senc;catv;occutc;obs;obsm;choc;manv;num_veh
201100015446;0;33;0;0;0;3;1;C01
201100015446;0;33;0;0;0;1;1;B01
201100015446;0;33;0;0;2;1;17;A01
201100015447;0;31;0;0;0;1;1;B01
201100015447;0;32;0;0;2;1;1;C01
201100015447;0;7;0;6;2;2;15;A01
201100015447;0;7;0;0;0;7;1;D01
201100015448;0;7;0;0;2;8;10;A01
201100015448;0;33;0;0;2;1;1;B01
201100015449;0;7;0;6;0;1;1;A01
201100015450;0;7;0;0;0;4;15;A01
201100015450;0;33;0;0;2;1;1;B01
201100015451;0;7;0;0;0;6;10;B01
201100015451;0;33;0;0;2;1;17;A01
201100015452;0;7;0;0;0;1;1;C01
201100015452;0;32;0;1;2;1;5;A01
201100015452;0;7;0;0;0;8;1;B01
201100015453;0;7;0;0;2;3;1;B01
201100015453;0;7;0;0;0;1;15;A01
201100015454;0;7;0;0;2;1;9;A01
201100015454;0;30;0;0;2;7;1;B01
201100015455;0;7;0;0;2;1;5;A01
201100015455;0;7;0;0;0;1;1;B01
201100015456;0;33;0;0;2;1;1;B01
201100015456;0;32;0;0;2;1;1;A01
201100015457;0;2;0;6;0;2;14;A01
201100015458;0;30;0;0;0;8;13;A01
201100015459;0;33;0;0;2;1;18;A01
201100015459;0;7;0;0;0;7;16;B01
201100015460;0;7;0;0;2;1;5;Z01
201100015460;0;7;0;0;0;1;1;A01
201100015461;0;7;0;0;2;1;13;A01
201100015461;0;7;0;0;0;1;1;B01
201100015462;0;33;0;11;0;9;6;A01
201100015463;0;2;0;0;2;1;1;B01
201100015463;0;7;0;0;0;8;1;A01
201100015464;0;33;0;0;2;1;17;A01
201100015464;0;7;0;0;0;8;1;C01
201100015464;0;7;0;0;2;3;17;B01
201100015465;0;7;0;0;2;1;15;A01
201100015465;0;34;0;0;2;1;1;B01
201100015466;0;7;0;0;1;2;1;A01
201100015467;0;2;0;0;0;0;21;A01
201100015468;0;2;0;0;2;1;1;A01
201100015468;0;7;0;0;2;3;15;B01
201100015469;0;32;0;0;2;1;1;B01
201100015469;0;7;0;0;0;8;10;A01
201100015470;0;7;0;0;1;3;15;A01
201100015471;0;7;0;0;0;8;10;A01
201100015471;0;33;0;0;2;1;1;B01
201100015472;0;32;0;0;1;1;17;A01
201100015473;0;31;0;0;0;1;1;A01
201100015474;0;7;0;0;1;2;1;A01
201100015475;0;7;0;1;0;9;14;A01
201100015476;0;32;0;0;1;1;17;A01
201100015477;0;32;0;0;1;1;1;A01
201100015478;0;7;0;0;1;3;1;A01
201100015479;0;30;0;0;1;1;1;A01
201100015480;0;1;0;0;0;8;9;B01
201100015480;0;7;0;0;2;2;1;A01
201100015481;0;7;0;0;0;3;1;B01
201100015481;0;7;0;0;2;3;17;A01
201100015482;0;7;0;0;2;4;2;B01
201100015482;0;7;0;0;0;4;2;C01
201100015482;0;7;0;0;2;1;1;A01
201100015483;0;7;0;0;0;3;9;A01
201100015483;0;32;0;0;2;2;1;B01
201100015484;0;33;0;0;2;1;17;A01
201100015484;0;7;0;0;2;8;15;B01
201100015485;0;30;0;12;0;1;1;A01
201100015486;0;7;0;0;1;6;4;A01
201100015487;0;2;0;0;2;1;2;A01
201100015487;0;7;0;0;0;4;1;B01
201100015488;0;7;0;0;2;3;1;B01
201100015488;0;32;0;0;2;1;1;A01
201100015489;0;7;0;0;0;3;1;B01
201100015489;0;33;0;0;2;1;5;A01
201100015490;0;7;0;0;1;1;2;A01
201100015491;0;31;0;0;1;1;0;A01
201100015492;0;7;0;0;1;1;1;A01
201100015493;0;33;0;0;1;1;1;A01
201100015494;0;34;0;15;0;1;1;A01
201100015495;0;2;0;3;0;7;14;A01
201100015496;0;7;0;0;0;0;15;B01
201100015496;0;33;0;0;0;7;21;A01
201100015497;0;7;0;0;2;7;15;A01
201100015497;0;33;0;0;2;1;1;B01
201100015498;0;7;0;0;1;3;1;A01
201100015499;0;7;0;0;1;8;1;A01
201100015500;0;32;0;0;0;5;2;A01
201100015500;0;33;0;0;2;1;21;B01
201100015501;0;7;0;0;2;1;1;A01
201100015501;0;7;0;0;2;3;1;B01
201100015502;0;7;0;0;2;6;1;B01
201100015502;0;30;0;0;2;0;1;A01
201100015503;0;7;0;0;2;3;1;B01
201100015503;0;7;0;0;2;1;13;A01
201100015504;0;7;0;0;2;3;1;A01
201100015504;0;31;0;0;2;1;1;B01
201100015505;0;30;0;0;2;4;1;B01
201100015505;0;14;0;0;2;2;1;A01
201100015506;0;7;0;8;2;1;1;A01
201100015507;0;7;0;0;2;2;16;B01
201100015507;0;2;0;0;2;3;1;A01
201100015508;0;30;0;0;2;1;1;B01
201100015508;0;7;0;0;2;1;9;A01
201100015509;0;7;0;0;2;1;1;B01
201100015509;0;7;0;0;2;1;15;A01
201100015510;0;7;0;0;1;1;15;A01
201100015511;0;7;0;0;2;2;1;B01
201100015511;0;10;0;0;2;2;9;A01
201100015512;0;7;0;0;1;1;1;A01
201100015513;0;7;0;0;1;1;15;A01
201100015514;0;30;0;0;2;2;1;A01
201100015514;0;7;0;0;2;3;0;B01
201100015515;0;30;0;0;2;1;1;B01
201100015515;0;7;0;0;2;2;15;A01
201100015516;0;1;0;0;4;2;16;A01
201100015516;0;40;0;0;2;1;1;B01
201100015517;0;7;0;0;2;4;2;C01
201100015517;0;7;0;0;2;4;1;B01
201100015517;0;7;0;0;2;1;2;A01
201100015518;0;7;0;0;2;3;15;B01
201100015518;0;30;0;0;2;1;17;A01
201100015519;0;7;0;0;1;1;1;A01
201100015520;0;31;0;0;2;1;1;B01
201100015520;0;7;0;0;2;2;6;A01
201100015521;0;7;0;0;2;1;15;A01
201100015521;0;2;0;0;2;1;1;B01
201100015522;0;7;0;0;2;3;1;A01
201100015522;0;31;0;0;2;1;1;B01
201100015523;0;31;0;0;2;1;1;B01
201100015523;0;7;0;0;2;3;1;A01
201100015524;0;7;0;0;2;1;15;A01
201100015524;0;32;0;0;2;2;1;B01
201100015525;0;7;0;0;1;1;1;A01
201100015526;0;33;0;0;1;2;1;A01
201100015527;0;7;0;0;2;4;23;B01
201100015527;0;7;0;14;0;1;1;A01
201100015528;0;33;0;10;0;1;13;A01
201100015529;0;32;0;0;2;8;1;B01
201100015529;0;7;0;0;2;2;9;A01
201100015530;0;7;0;0;2;4;2;B01
201100015530;0;7;0;14;0;1;1;A01
201100015531;0;7;0;0;1;1;1;A01
201100015532;0;7;0;0;2;1;1;C01
201100015532;0;7;0;0;2;4;1;B01
201100015532;0;7;0;0;2;4;1;A01
201100015533;0;33;0;0;2;7;1;A01
201100015533;0;7;0;0;2;3;15;B01
201100015534;0;7;0;0;2;6;1;C01
201100015534;0;2;0;0;2;1;13;A01
201100015534;0;99;0;0;2;8;1;B01
201100015535;0;7;0;0;2;1;15;A01
201100015535;0;7;0;0;2;3;1;C01
201100015535;0;2;0;0;2;1;1;B01
201100015536;0;33;0;0;2;8;3;A01
201100015536;0;37;1;0;2;2;1;B01
201100015537;0;2;0;0;2;0;21;B01
201100015537;0;7;0;0;2;2;15;A01
201100015538;0;7;0;0;1;2;14;A01
201100015539;0;7;0;0;2;1;1;B01
201100015539;0;36;0;0;2;1;15;A01
201100015540;0;7;0;0;2;0;1;B01
201100015540;0;31;0;0;2;1;9;A01
201100015541;0;32;0;0;2;1;1;B01
201100015541;0;7;0;0;2;2;16;A01
201100015542;0;2;0;0;2;2;1;A01
201100015542;0;7;0;0;2;3;9;B01
201100015543;0;7;0;0;1;1;1;A01
201100015544;0;7;0;0;2;1;1;A01
201100015544;0;7;0;1;2;3;1;B01
201100015545;0;7;0;0;1;4;4;A01
201100015546;0;7;0;0;2;5;1;B01
201100015546;0;2;0;0;2;1;1;A01
201100015547;0;7;0;0;2;2;1;B01
201100015547;0;1;0;0;2;0;9;A01
201100015548;0;33;0;0;2;1;1;B01
201100015548;0;7;0;0;2;7;15;A01
201100015549;0;32;0;0;1;1;1;A01
201100015550;0;31;0;0;2;1;2;A01
201100015550;0;7;0;0;2;4;1;B01
201100015551;0;7;0;0;1;1;15;A01
201100015552;0;7;0;0;2;8;1;B01
201100015552;0;31;0;0;2;7;1;A01
201100015553;0;31;0;0;2;1;1;A01
201100015553;0;7;0;0;2;7;16;B01
201100015554;0;7;0;0;2;4;0;B01
201100015554;0;33;0;0;2;1;1;C01
201100015554;0;33;0;0;2;1;0;A01
201100015555;0;31;0;0;2;2;1;B01
201100015555;0;7;0;0;2;3;9;A01
201100015556;0;37;1;0;2;2;15;A01
201100015556;0;30;0;0;2;1;1;B01
201100015557;0;7;0;4;0;2;1;A01
201100015558;1;2;0;0;2;1;1;A01
201100015558;0;37;1;0;2;4;1;B01
201100015559;0;7;0;0;2;5;1;C01
201100015559;0;33;0;0;2;1;5;A01
201100015559;0;7;0;0;2;3;1;B01
201100015560;0;2;0;0;1;1;1;A01
201100015561;0;33;0;0;2;1;1;B01
201100015561;0;7;0;0;2;6;9;A01
201100015562;0;32;0;0;2;1;1;B01
201100015562;0;7;0;0;2;3;9;A01
201100015563;0;7;0;0;2;4;1;B01
201100015563;0;2;0;0;2;1;1;A01
201100015564;0;33;0;0;0;8;1;A01
201100015565;0;7;0;1;0;2;14;A01
201100015565;0;7;0;0;2;6;24;B01
201100015566;0;10;0;0;2;7;16;A01
201100015566;0;2;0;0;2;1;18;B01
201100015567;0;37;1;0;1;2;1;A01
201100015568;0;7;0;0;2;0;1;B01
201100015568;0;31;0;0;2;3;15;A01
201100015569;0;1;0;0;2;1;1;B01
201100015569;0;10;0;0;2;3;1;A01
201100015570;0;7;0;0;2;4;1;B01
201100015570;0;30;0;0;2;1;1;A01
201100015571;0;7;0;0;2;2;15;A01
201100015571;0;7;0;0;2;3;1;B01
201100015572;0;7;0;0;2;7;16;A01
201100015572;0;30;0;0;2;0;1;B01
201100015573;0;7;0;0;2;4;2;C01
201100015573;0;7;0;14;0;1;1;A01
201100015573;0;7;0;14;2;4;2;B01
201100015574;0;30;0;0;2;1;1;A01
201100015574;0;10;0;0;2;4;2;B01
201100015575;0;7;0;0;2;1;1;A01
201100015575;0;31;0;0;2;0;1;B01
201100015576;0;40;0;0;1;2;1;A01
201100015577;0;7;0;0;2;5;1;B01
201100015577;0;33;0;0;2;1;1;A01
201100015578;0;33;0;0;2;1;17;A01
201100015578;0;7;0;0;2;3;15;B01
201100015579;0;7;0;0;1;2;16;A01
201100015580;0;7;0;0;1;2;1;A01
201100015581;0;30;0;0;2;1;1;B01
201100015581;0;7;0;0;2;2;1;A01
201100015582;0;33;0;0;2;1;1;A01
201100015582;0;7;0;0;2;7;1;B01
201100015583;0;7;0;6;0;1;14;A01
201100015584;0;2;0;1;0;1;1;A01
201100015585;0;7;0;0;2;2;9;A01
201100015585;0;31;0;0;2;2;1;B01
201100015586;0;7;0;0;2;5;1;C01
201100015586;0;33;0;0;2;2;3;A01
201100015586;0;7;0;0;2;6;2;B01
201100015587;0;7;0;0;2;4;2;B01
201100015587;0;10;0;0;2;1;2;A01
201100015588;0;7;0;0;2;1;15;A01
201100015589;0;32;0;0;1;1;1;A01
201100015590;0;32;0;0;2;2;15;B01
201100015590;0;7;0;0;2;3;9;A01
201100015591;0;7;0;0;2;1;0;A01
201100015591;0;7;0;0;2;4;1;B01
201100015592;0;2;0;0;2;1;1;A01
201100015592;0;7;0;0;2;4;1;B01
201100015593;0;10;0;1;0;3;13;A01
201100015594;0;32;0;0;2;3;9;B01
201100015594;0;7;0;0;2;2;1;A01
201100015595;0;7;0;0;1;1;1;A01
201100015596;0;7;0;0;1;1;1;A01
201100015597;0;7;0;0;2;4;1;B01
201100015597;0;2;0;0;2;1;1;A01
201100015598;2;7;0;1;2;1;14;A01
201100015599;0;7;0;0;2;2;1;A01
201100015599;0;7;0;0;2;2;1;B01
201100015600;0;7;0;0;2;4;0;A01
201100015600;0;7;0;0;2;1;1;B01
201100015601;0;30;0;0;2;1;7;A01
201100015601;0;7;0;0;2;2;16;B01
201100015602;0;7;0;0;2;1;9;A01
201100015602;0;7;0;0;2;1;1;B01
201100015603;0;7;0;0;2;1;1;A01
201100015603;0;7;0;0;2;6;1;B01
201100015604;0;1;0;0;2;1;0;A01
201100015604;0;7;0;0;2;1;0;B01
201100015605;0;2;0;0;2;1;5;A01
201100015605;0;10;0;0;2;1;1;B01
201100015606;0;37;0;0;2;1;1;B01
201100015606;0;1;0;0;2;8;1;A01
201100015607;0;30;0;0;0;0;1;A01
201100015608;0;32;0;0;2;3;0;B01
201100015608;0;7;0;0;2;2;12;A01
201100015609;0;7;0;0;2;5;15;A01
201100015609;0;2;0;0;1;1;1;B01
201100015610;0;1;0;0;2;1;1;B01
201100015610;0;7;0;0;2;4;16;A01
201100015611;0;2;0;0;2;1;1;B01
201100015611;0;7;0;0;2;6;10;A01
201100015612;0;7;0;0;0;4;2;D01
201100015612;0;7;0;0;2;1;2;C01
201100015612;0;7;0;0;2;4;2;B01
201100015612;0;10;0;0;2;1;2;A01
201100015613;0;7;0;0;0;2;1;A01
201100015613;0;31;0;0;0;1;1;B01
201100015614;0;7;0;0;2;5;2;B01
201100015614;0;30;0;0;2;1;2;A01
201100015615;0;7;0;0;1;1;15;A01
201100015616;0;7;0;0;2;1;1;A01
201100015617;0;7;0;0;2;1;1;B01
201100015617;0;7;0;0;2;1;1;A01
201100015618;0;7;0;0;2;4;1;B01
201100015618;2;7;0;2;2;1;13;A01
201100015619;0;7;0;0;2;3;20;A01
201100015620;0;7;0;0;2;6;4;A01
201100015620;0;33;0;0;2;1;1;B01
201100015621;0;7;0;0;2;5;9;A01
201100015621;0;7;0;0;2;3;1;B01
201100015622;0;2;0;0;1;1;1;A01
201100015623;0;7;0;0;1;2;1;A01
201100015624;0;10;0;0;1;4;20;A01
201100015625;0;7;0;0;2;1;1;A01
201100015625;0;31;0;0;2;3;1;B01
201100015626;0;7;0;0;2;7;15;B01
201100015626;0;2;0;0;2;0;1;A01
201100015627;0;7;0;0;0;1;0;A01
201100015627;0;7;0;0;0;8;0;B01
201100015628;0;37;1;0;2;3;1;B01
201100015628;0;10;0;0;2;5;16;A01
201100015629;0;7;0;1;2;9;1;B01
201100015629;1;7;0;0;2;1;0;Z01
201100015630;0;10;0;0;1;1;1;A01
201100015631;0;7;0;0;0;1;0;A01
201100015632;0;7;0;0;0;4;1;B01
201100015632;0;7;0;0;0;1;1;A01
201100015633;0;2;0;0;2;1;12;A01
201100015633;0;7;0;0;2;5;1;B01
201100015634;0;13;0;0;0;2;15;A01
201100015634;0;7;0;0;0;2;0;B01
201100015635;0;2;0;0;2;0;1;B01
201100015635;0;2;0;0;2;0;0;A01
201100015636;0;7;0;0;0;2;0;A01
201100015636;0;32;0;0;0;8;0;B01
201100015637;0;33;0;0;0;3;0;A01
201100015638;0;31;0;0;2;9;1;B01
201100015638;0;13;0;0;2;8;13;A01
201100015639;0;7;0;0;1;3;1;A01
201100015640;0;7;0;0;1;4;4;A01
201100015641;0;7;0;0;0;8;11;A01
201100015641;0;33;0;0;0;1;1;B01
201100015642;0;30;0;0;0;1;5;B01
201100015642;0;7;0;0;0;1;1;A01
201100015643;0;7;0;0;0;7;0;A01
201100015643;0;33;0;0;0;1;1;B01
201100015644;0;10;0;0;2;1;1;A01
201100015644;0;7;0;0;2;4;1;B01
201100015645;0;7;0;0;0;8;0;A01
201100015645;0;7;0;0;0;8;0;B01
201100015646;0;10;0;0;0;3;1;A01
201100015647;0;7;0;0;0;2;1;A01
201100015648;0;7;0;0;2;4;1;B01
201100015648;0;2;0;0;2;1;1;A01
201100015649;0;7;0;0;0;4;0;B01
201100015649;0;32;0;0;0;1;0;A01
201100015650;0;7;0;2;2;1;1;A01
201100015651;0;33;0;0;2;1;2;A01
201100015651;0;7;0;0;2;4;4;B01
201100015652;0;31;0;0;1;7;1;A01
201100015653;0;31;0;0;2;1;1;B01
201100015653;0;7;0;0;2;8;15;A01
201100015654;0;1;0;0;1;1;1;A01
201100015655;0;2;0;0;2;3;15;B01
201100015655;0;7;0;0;2;2;15;A01
201100015656;0;7;0;0;1;3;1;A01
201100015657;0;7;0;0;2;3;15;A01
201100015657;0;1;0;0;2;8;1;B01
201100015658;0;32;0;0;2;3;1;B01
201100015658;0;7;0;0;2;0;15;A01
201100015659;0;2;0;0;2;1;1;B01
201100015659;0;7;0;0;2;8;15;A01
201100015660;0;2;0;1;0;2;1;A01
201100015660;0;7;0;0;0;3;1;B01
201100015661;0;40;0;0;2;1;1;B01
201100015661;0;2;0;0;4;3;1;A01
201100015662;0;10;0;0;2;1;2;A01
201100015662;0;7;0;0;2;1;2;B01
201100015662;0;32;0;0;0;4;1;C01
201100015663;0;7;0;0;2;5;9;A01
201100015663;0;30;0;0;2;1;1;B01
201100015664;0;7;0;0;2;0;0;A01
201100015664;0;32;0;0;2;4;1;B01
201100015665;0;7;0;0;1;1;1;A01
201100015666;0;7;0;0;2;6;1;B01
201100015666;0;7;0;0;2;1;1;A01
201100015667;0;7;0;0;2;5;1;B01
201100015667;0;7;0;0;2;1;1;A01
201100015668;0;30;0;0;2;1;1;B01
201100015668;0;7;0;0;2;3;9;A01
201100015669;0;2;0;0;4;1;1;A01
201100015669;0;40;0;0;2;1;1;B01
201100015670;0;34;0;0;2;2;17;B01
201100015670;0;7;0;0;2;1;9;A01
201100015671;0;31;0;0;1;1;1;A01
201100015672;0;7;0;0;2;1;1;A01
201100015672;0;7;0;0;2;0;1;C01
201100015672;0;7;0;0;2;4;2;B01
201100015673;0;7;0;0;1;1;1;A01
201100015674;0;7;0;0;1;3;1;A01
201100015675;0;7;0;0;2;1;1;A01
201100015675;0;7;0;0;2;4;1;B01
201100015675;0;7;0;0;2;4;1;C01
201100015676;0;31;0;0;2;2;17;B01
201100015676;0;7;0;0;2;1;9;A01
201100015677;0;7;0;0;2;1;17;A01
201100015677;0;32;0;0;2;3;15;B01
201100015678;0;7;0;0;2;4;2;B01
201100015678;0;7;0;0;2;1;2;A01
201100015679;0;31;0;0;1;1;1;A01
201100015680;0;7;0;0;1;2;1;A01
201100015681;0;2;0;14;0;2;1;B01
201100015681;1;7;0;0;2;8;22;Z01
201100015682;0;10;0;0;2;3;1;A01
201100015683;0;40;0;0;1;2;1;A01
201100015684;0;7;0;0;1;1;1;A01
201100015685;0;7;0;0;2;2;15;A01
201100015685;0;33;0;0;2;1;1;B01
201100015686;0;7;0;0;2;4;1;C01
201100015686;0;33;0;0;2;9;17;A01
201100015686;0;33;0;0;2;9;17;B01
201100015687;0;2;0;0;2;1;1;B01
201100015687;0;7;0;0;2;7;15;A01
201100015688;0;7;0;0;2;4;1;B01
201100015688;0;2;0;0;2;1;1;A01
201100015689;0;37;1;0;1;1;1;A01
201100015690;0;7;0;0;1;4;4;A01
201100015691;0;7;0;0;2;3;1;C01
201100015691;0;7;0;0;2;7;1;B01
201100015691;0;7;0;8;2;1;1;A01
201100015692;0;7;0;12;0;4;0;A01
201100015693;0;7;0;0;2;4;24;A01
201100015693;0;33;0;1;0;1;1;B01
201100015694;0;7;0;0;2;3;10;A01
201100015694;0;32;0;0;2;1;17;B01
201100015695;0;7;0;0;2;5;1;A01
201100015695;0;33;0;0;2;4;1;B01
201100015696;0;37;5;0;1;2;1;A01
201100015697;0;7;0;0;2;4;1;B01
201100015697;0;31;0;0;2;3;1;A01
201100015698;0;7;0;6;0;1;1;A01
201100015699;0;10;0;0;2;1;1;B01
201100015699;0;7;0;0;2;1;1;A01
201100015700;0;10;0;0;1;1;16;A01
201100015701;0;7;0;0;2;8;15;A01
201100015701;0;33;0;0;2;2;1;B01
201100015702;0;7;0;0;2;1;1;C01
201100015702;0;7;0;0;2;1;2;A01
201100015702;0;7;0;0;2;4;2;B01
201100015703;0;7;0;0;0;0;14;A01
201100015703;0;31;0;0;2;3;1;B01
201100015704;0;7;0;0;2;4;1;B01
201100015704;0;7;0;0;2;1;1;A01
201100015705;0;7;0;0;2;0;22;A01
201100015705;0;31;0;0;2;1;1;B01
201100015706;0;7;0;0;2;1;1;A01
201100015706;0;7;0;0;2;4;1;B01
201100015707;0;7;0;0;2;1;15;A01
201100015707;0;33;0;0;2;1;1;B01
201100015708;0;33;0;0;2;1;2;A01
201100015708;0;7;0;0;2;4;2;B01
201100015709;0;40;0;0;1;1;1;A01
201100015710;0;33;0;0;2;1;1;B01
201100015710;0;7;0;0;2;3;1;A01
201100015711;0;2;0;0;2;1;1;B01
201100015711;0;7;0;0;2;2;15;A01
201100015712;0;7;0;0;2;3;22;A01
201100015712;0;32;0;0;2;7;1;B01
201100015713;0;31;0;0;2;0;1;A01
201100015713;0;7;0;0;2;2;16;B01
201100015714;0;7;0;0;2;8;15;B01
201100015714;0;32;0;0;2;2;0;A01
201100015715;0;7;0;0;2;1;13;A01
201100015715;0;7;0;0;2;1;1;B01
201100015716;0;7;0;0;2;3;1;A01
201100015716;0;30;0;0;2;4;15;B01
201100015717;0;10;0;0;2;4;2;B01
201100015717;0;7;0;0;2;1;2;A01
201100015718;0;7;0;0;1;7;1;A01
201100015719;0;2;0;0;0;1;0;A01
201100015720;0;30;0;0;2;0;1;B01
201100015720;0;7;0;0;2;0;1;A01
201100015721;0;7;0;0;2;1;16;B01
201100015721;0;33;0;0;2;1;1;A01
201100015722;0;10;0;0;2;2;15;A01
201100015722;0;37;3;0;2;2;1;B01
201100015723;0;7;0;0;0;0;0;A01
201100015724;0;7;0;0;2;1;1;A01
201100015724;0;7;0;0;2;4;1;B01
201100015725;0;1;0;1;0;1;1;B01
201100015725;0;7;0;0;2;3;22;A01
201100015726;0;7;0;0;2;2;15;A01
201100015726;0;31;0;0;2;1;0;B01
201100015727;0;7;0;0;2;1;0;C01
201100015727;0;33;0;0;2;1;1;B01
201100015727;0;7;0;0;2;1;0;A01
201100015728;0;7;0;0;2;7;15;A01
201100015728;0;33;0;0;2;1;1;B01
201100015729;0;34;0;0;2;1;1;B01
201100015729;0;7;0;0;2;3;0;A01
201100015730;0;1;0;0;2;1;9;A01
201100015730;0;7;0;0;2;3;1;B01
201100015731;0;32;0;0;0;2;1;B01
201100015731;0;7;0;0;2;2;22;A01
201100015732;0;7;0;0;0;1;15;A01
201100015732;0;32;0;0;0;1;1;B01
201100015733;0;33;0;5;0;2;14;A01
201100015734;0;7;0;0;2;3;15;A01
201100015734;0;2;0;0;2;1;1;B01
201100015735;0;7;0;0;2;1;1;B01
201100015735;0;2;0;0;2;7;1;A01
201100015736;0;7;0;0;2;3;16;B01
201100015736;0;33;0;0;2;2;1;A01
201100015737;0;10;0;0;1;1;1;A01
201100015738;0;7;0;0;1;1;1;A01
201100015739;0;10;0;0;2;2;1;B01
201100015739;0;30;0;0;2;1;5;A01
201100015740;0;37;16;0;2;2;7;B01
201100015740;0;7;0;0;2;8;9;A01
201100015741;0;30;0;0;2;1;1;A01
201100015741;0;7;0;0;2;4;1;B01
201100015742;0;33;0;0;0;3;0;B01
201100015742;0;7;0;0;0;8;0;A01
201100015743;1;10;0;0;1;1;0;Z01
201100015744;0;7;0;0;2;2;15;A01
201100015745;0;7;0;0;2;3;15;A01
201100015745;0;31;0;0;2;1;1;B01
201100015746;0;7;0;0;2;8;15;B01
201100015746;0;2;0;0;2;2;17;A01
201100015747;0;31;0;0;2;7;13;B01
201100015747;0;7;0;0;2;3;13;A01
201100015748;0;32;0;5;2;3;1;B01
201100015748;0;7;0;0;2;3;15;A01
201100015749;0;7;0;0;2;7;1;B01
201100015749;0;30;0;0;2;3;13;A01
201100015750;0;7;0;0;2;2;15;A01
201100015750;0;7;0;0;2;6;1;B01
201100015751;0;7;0;0;1;2;1;A01
201100015752;0;7;0;0;1;6;20;A01
201100015753;0;7;0;0;2;1;1;A01
201100015753;0;32;0;0;2;4;1;B01
201100015754;0;7;0;0;2;3;1;B01
201100015754;0;10;0;0;2;7;15;A01
201100015755;0;7;0;0;2;3;1;B01
201100015755;0;7;0;0;2;1;15;A01
201100015756;0;7;0;0;1;7;1;A01
201100015757;0;7;0;0;2;3;0;A01
201100015757;0;2;0;0;2;2;17;B01
201100015758;0;7;0;0;2;3;15;A01
201100015758;0;13;0;0;2;3;1;B01
201100015759;0;31;0;0;1;1;1;A01
201100015760;0;33;0;0;2;2;1;A01
201100015760;0;7;0;0;2;3;15;B01
201100015761;0;7;0;0;2;8;15;A01
201100015761;0;31;0;0;2;1;17;B01
201100015762;0;7;0;0;2;5;15;A01
201100015762;0;33;0;0;2;2;21;B01
201100015763;0;37;1;0;2;2;1;B01
201100015763;0;32;0;0;2;1;1;A01
201100015764;0;7;0;0;2;7;1;C01
201100015764;0;2;0;0;2;9;1;A01
201100015764;0;7;0;0;2;6;1;B01
201100015765;0;7;0;0;1;6;1;A01
201100015766;0;31;0;0;2;7;0;B01
201100015766;0;7;0;0;2;1;0;A01
201100015767;0;30;0;0;2;1;1;A01
201100015767;0;7;0;0;2;4;23;B01
201100015768;0;32;0;1;2;9;1;B01
201100015768;2;7;0;0;2;3;15;A01
201100015769;0;33;0;0;2;1;1;A01
201100015769;0;7;0;0;2;4;15;B01
201100015770;0;33;0;1;0;1;17;A01
201100015770;0;7;0;0;2;3;15;B01
201100015771;0;7;0;0;1;3;1;A01
201100015772;0;1;0;0;1;1;1;A01
201100015773;0;7;0;0;2;3;15;A01
201100015773;0;3;0;12;2;5;1;B01
201100015774;0;2;0;0;2;5;1;B01
201100015774;0;7;0;0;2;2;1;A01
201100015775;0;2;0;0;2;8;16;B01
201100015775;1;7;0;0;2;1;15;Z01
201100015776;0;33;0;0;2;7;1;B01
201100015776;0;2;0;0;2;8;15;A01
201100015777;0;7;0;0;2;4;2;B01
201100015777;0;33;0;0;2;1;2;A01
201100015778;0;40;0;0;2;2;1;B01
201100015778;0;30;0;0;4;1;1;A01
201100015779;0;30;0;0;0;0;0;A01
201100015780;0;33;0;0;2;1;1;B01
201100015780;0;7;0;0;2;3;15;A01
201100015781;0;2;0;0;2;7;17;A01
201100015781;0;31;0;0;2;2;15;B01
201100015782;0;1;0;0;2;0;15;A01
201100015782;0;30;0;0;1;0;21;B01
201100015783;0;7;0;0;1;1;15;A01
201100015784;0;40;0;0;1;7;1;A01
201100015785;0;33;0;0;2;2;17;B01
201100015785;0;7;0;0;2;3;15;A01
201100015786;0;7;0;0;2;3;11;A01
201100015786;0;30;0;0;2;1;1;B01
201100015787;0;10;0;0;2;4;2;C01
201100015787;0;10;0;0;2;1;2;A01
201100015787;0;7;0;0;2;4;2;B01
201100015788;0;2;0;0;1;1;1;A01
201100015789;0;7;0;0;2;3;1;B01
201100015789;0;10;0;0;2;3;13;A01
201100015790;0;37;26;0;1;7;16;A01
201100015791;0;7;0;0;2;2;1;B01
201100015791;0;32;0;0;2;1;1;A01
201100015792;0;7;0;0;1;1;9;A01
201100015793;0;7;0;0;1;2;1;A01
201100015794;0;7;0;0;2;3;1;A01
201100015795;0;7;0;0;1;1;1;A01
201100015796;0;40;0;0;1;1;1;A01
201100015797;0;31;0;0;2;0;0;A01
201100015798;0;32;0;1;9;0;1;A01
201100015799;0;7;0;0;2;2;1;B01
201100015799;0;7;0;0;2;8;15;A01
201100015800;0;30;0;1;0;1;13;A01
201100015801;0;1;0;0;0;0;1;A01
201100015802;0;7;0;0;2;3;9;B01
201100015802;0;2;0;0;2;7;1;A01
201100015803;0;7;0;0;2;3;10;A01
201100015803;0;2;0;0;1;1;17;B01
201100015804;0;34;0;0;2;3;1;A01
201100015804;0;7;0;0;2;2;15;B01
201100015805;0;7;0;0;2;2;1;A01
201100015805;0;1;0;0;2;1;1;B01
201100015806;0;7;0;0;1;2;16;A01
201100015807;0;7;0;0;2;3;15;B01
201100015807;0;32;0;0;2;1;1;A01
201100015808;0;33;0;0;2;1;0;A01
201100015808;0;7;0;0;2;1;1;B01