num_acc;senc;catv;occutc;obs;obsm;choc;manv;num_veh
201100015809;0;7;0;0;2;3;1;B01
201100015809;0;10;0;0;2;2;1;A01
201100015810;0;14;0;8;0;4;4;A01
201100015810;0;1;0;0;0;1;1;B01
201100015811;0;2;0;0;2;1;1;A01
201100015811;0;33;0;0;2;4;23;B01
201100015812;0;7;0;0;1;0;1;A01
201100015813;0;10;0;0;2;4;1;B01
201100015813;0;33;0;0;2;1;1;A01
201100015814;0;2;0;0;0;0;0;A01
201100015815;0;7;0;0;2;2;1;B01
201100015815;0;2;0;0;2;1;1;A01
201100015816;0;7;0;6;1;1;1;B01
201100015816;1;7;0;0;2;0;5;A01
201100015817;0;7;0;0;2;3;1;A01
201100015817;0;7;0;1;2;2;1;B01
201100015817;0;7;0;0;2;4;0;C01
201100015818;0;32;0;0;2;8;1;B01
201100015818;0;7;0;0;2;2;15;A01
201100015819;0;31;0;0;2;4;1;B01
201100015819;0;7;0;0;2;1;1;A01
201100015820;0;7;0;0;1;1;1;A01
201100015821;0;32;0;0;2;2;17;B01
201100015821;0;7;0;0;2;3;15;A01
201100015822;0;37;14;0;2;4;1;C01
201100015822;0;7;0;0;2;0;0;B01
201100015822;0;33;0;0;2;0;11;A01
201100015823;0;10;0;0;2;5;1;B01
201100015823;0;33;0;0;2;1;1;A01
201100015824;0;7;0;14;0;1;16;A01
201100015824;0;33;0;0;2;1;23;B01
201100015825;0;7;0;0;1;1;1;A01
201100015826;1;7;0;0;1;1;1;Z01
201100015827;0;33;0;0;2;0;0;A01
201100015827;0;7;0;0;2;3;15;B01
201100015828;0;7;0;0;2;3;9;A01
201100015828;0;33;0;0;2;7;1;B01
201100015829;0;7;0;0;1;1;1;A01
201100015830;0;34;0;0;9;1;1;A01
201100015831;0;7;0;0;2;3;10;A01
201100015831;0;32;0;0;2;7;1;B01
201100015832;0;32;0;0;2;2;17;B01
201100015832;0;7;0;0;2;3;15;A01
201100015833;0;37;1;0;2;1;1;A01
201100015833;0;10;0;0;0;0;0;B01
201100015834;0;33;0;0;2;3;1;B01
201100015834;0;7;0;0;2;2;19;A01
201100015835;0;7;0;0;1;2;1;A01
201100015836;0;7;0;1;2;0;1;A01
201100015836;0;7;0;0;2;1;1;B01
201100015837;0;7;0;0;2;1;1;A01
201100015837;0;37;1;0;2;4;1;B01
201100015838;0;30;0;0;1;1;1;A01
201100015839;0;10;0;0;1;1;15;A01
201100015840;0;7;0;0;2;1;5;A01
201100015840;0;7;0;0;2;1;1;B01
201100015841;0;33;0;0;2;2;1;B01
201100015841;0;10;0;0;2;7;15;A01
201100015842;0;7;0;0;2;4;1;C01
201100015842;0;7;0;14;0;1;1;A01
201100015842;0;7;0;14;2;4;23;B01
201100015843;0;7;0;0;1;1;1;A01
201100015844;0;7;0;0;2;8;15;A01
201100015844;0;38;1;0;2;2;1;B01
201100015845;0;7;0;0;2;1;2;B01
201100015845;0;7;0;0;2;4;1;A01
201100015846;0;10;0;0;1;4;4;A01
201100015847;0;7;0;0;1;1;15;A01
201100015848;0;7;0;0;2;4;1;B01
201100015848;0;30;0;0;2;1;1;A01
201100015849;0;2;0;0;1;1;1;A01
201100015850;0;7;0;0;1;1;1;A01
201100015851;0;7;0;0;2;1;1;A01
201100015851;0;31;0;0;2;0;1;B01
201100015852;0;10;0;0;2;8;15;A01
201100015852;0;33;0;0;2;1;21;B01
201100015853;0;7;0;0;2;2;16;A01
201100015853;0;30;0;0;2;3;1;B01
201100015854;0;7;0;0;2;2;16;B01
201100015854;0;7;0;0;2;1;1;A01
201100015855;0;30;0;0;0;0;0;A01
201100015855;0;37;1;0;2;2;1;B01
201100015856;0;32;0;0;2;1;1;B01
201100015856;0;32;0;0;2;1;15;A01
201100015857;0;7;0;0;2;1;1;A01
201100015857;0;7;0;0;2;8;1;B01
201100015858;0;7;0;0;2;3;15;B01
201100015858;0;1;0;0;2;1;1;A01
201100015859;0;10;0;0;2;1;1;B01
201100015859;0;10;0;0;2;2;1;A01
201100015860;0;33;0;0;2;1;1;B01
201100015860;0;7;0;0;2;8;10;A01
201100015861;0;31;0;0;2;2;1;B01
201100015861;0;7;0;0;2;6;15;A01
201100015862;0;10;0;0;1;0;1;A01
201100015863;0;2;0;0;2;1;1;A01
201100015863;0;7;0;0;2;1;1;B01
201100015864;0;10;0;0;0;0;1;A01
201100015865;0;7;0;0;1;7;1;A01
201100015866;0;7;0;0;2;1;1;B01
201100015866;0;2;0;0;2;3;1;A01
201100015867;0;2;0;0;2;2;1;B01
201100015867;0;7;0;0;2;3;13;A01
201100015868;0;7;0;0;1;1;1;A01
201100015869;0;40;0;0;1;0;1;A01
201100015870;0;7;0;0;2;1;1;A01
201100015870;0;7;0;0;2;4;1;C01
201100015870;0;7;0;0;2;4;1;B01
201100015871;0;10;0;0;2;1;9;A01
201100015871;0;7;0;0;2;1;1;B01
201100015872;0;33;0;0;2;1;1;B01
201100015872;0;7;0;0;2;2;15;A01
201100015873;0;33;0;0;2;1;1;A01
201100015873;0;7;0;0;2;5;1;B01
201100015874;0;10;0;0;1;1;15;A01
201100015875;0;10;0;0;2;1;16;A01
201100015876;0;1;0;0;2;1;1;A01
201100015876;0;2;0;0;2;1;1;B01
201100015877;1;32;0;0;1;0;1;Z01
201100015878;0;7;0;0;2;6;1;B01
201100015878;0;7;0;0;2;1;1;A01
201100015879;0;2;0;0;1;1;1;A01
201100015880;0;31;0;0;2;2;1;A01
201100015880;0;7;0;0;2;2;19;B01
201100015881;0;33;0;0;2;1;0;A01
201100015881;0;7;0;0;2;1;1;B01
201100015882;0;7;0;14;2;7;13;A01
201100015882;0;7;0;0;2;1;1;B01
201100015883;1;7;0;0;2;0;0;Z01
201100015884;0;7;0;0;2;7;1;C01
201100015884;0;7;0;0;2;7;0;A01
201100015884;0;10;0;0;2;1;16;B01
201100015885;0;14;0;0;2;1;1;A01
201100015885;0;7;0;0;2;4;2;B01
201100015886;0;10;0;0;1;4;4;A01
201100015887;0;7;0;0;0;0;16;A01
201100015887;0;31;0;0;0;9;1;B01
201100015888;0;10;0;0;2;1;2;A01
201100015888;0;10;0;0;2;4;2;B01
201100015889;0;7;0;1;2;8;1;B01
201100015889;0;7;0;8;2;1;1;A01
201100015890;0;33;0;0;2;1;9;A01
201100015890;0;37;1;0;2;3;15;B01
201100015891;0;7;0;0;2;1;1;A01
201100015891;0;7;0;0;2;4;1;B01
201100015892;0;7;0;0;2;3;15;A01
201100015892;0;33;0;0;2;2;1;B01
201100015893;0;33;0;0;2;8;1;B01
201100015893;0;7;0;0;2;2;1;A01
201100015894;0;7;0;0;1;8;1;A01
201100015895;0;33;0;0;2;1;1;A01
201100015895;0;7;0;0;2;4;2;B01
201100015896;0;40;0;0;2;0;0;B01
201100015896;0;2;0;0;2;2;9;A01
201100015897;0;2;0;0;2;1;1;A01
201100015897;0;7;0;0;2;2;15;B01
201100015898;0;7;0;0;1;1;16;A01
201100015899;0;7;0;0;2;8;15;B01
201100015899;2;33;0;0;2;1;7;A01
201100015900;0;7;0;0;2;1;1;B01
201100015900;0;7;0;0;2;8;1;A01
201100015901;0;7;0;2;0;1;14;A01
201100015902;0;7;0;0;2;4;1;B01
201100015902;0;30;0;0;2;1;1;A01
201100015903;0;7;0;0;2;1;1;A01
201100015903;0;33;0;0;2;4;2;B01
201100015904;0;30;0;0;2;1;1;A01
201100015904;0;7;0;0;0;3;0;B01
201100015905;0;33;0;8;0;9;1;A01
201100015906;0;7;0;0;1;2;1;A01
201100015907;0;7;0;12;0;0;21;C01
201100015907;0;7;0;8;2;1;13;A01
201100015907;0;7;0;0;2;8;1;B01
201100015908;0;37;14;0;2;7;1;B01
201100015908;0;33;0;0;2;1;1;A01
201100015909;0;32;0;0;2;1;2;A01
201100015909;0;7;0;0;2;4;2;B01
201100015910;0;30;0;0;2;3;1;A01
201100015910;0;33;0;0;2;1;1;B01
201100015911;0;33;0;16;0;1;1;A01
201100015911;0;7;0;0;2;4;23;B01
201100015912;0;31;0;0;2;2;9;A01
201100015912;0;33;0;0;2;1;1;B01
201100015913;0;10;0;0;2;1;1;A01
201100015913;0;10;0;0;2;4;1;B01
201100015914;0;34;0;0;2;2;1;B01
201100015914;0;10;0;0;2;6;10;A01
201100015915;0;7;0;0;1;1;1;A01
201100015916;0;30;0;0;2;3;9;A01
201100015916;0;37;0;0;2;2;1;B01
201100015917;0;30;0;0;2;1;1;B01
201100015917;0;7;0;0;2;3;0;A01
201100015918;0;34;0;0;2;1;1;B01
201100015918;0;7;0;0;2;2;19;A01
201100015919;0;7;0;0;2;4;2;B01
201100015919;0;31;0;14;0;1;1;A01
201100015920;0;31;0;0;2;0;17;B01
201100015920;0;7;0;0;2;3;15;A01
201100015921;0;7;0;0;2;6;0;A01
201100015921;0;31;0;0;2;8;0;B01
201100015922;1;7;0;0;0;3;16;Z01
201100015922;0;31;0;0;2;2;1;B01
201100015923;0;7;0;0;2;4;23;B01
201100015923;0;7;0;0;2;9;1;A01
201100015923;1;7;0;0;2;1;1;Z01
201100015924;0;7;0;0;2;1;1;B01
201100015924;0;7;0;0;2;7;1;A01
201100015925;0;33;0;0;2;7;14;A01
201100015925;0;32;0;0;2;3;18;B01
201100015926;0;7;0;0;2;5;16;A01
201100015926;0;37;1;0;2;8;1;B01
201100015927;0;10;0;0;2;1;1;B01
201100015927;0;7;0;0;2;1;5;A01
201100015928;0;7;0;0;2;1;2;A01
201100015928;0;7;0;0;2;4;2;B01
201100015929;0;30;0;0;2;1;13;A01
201100015929;0;7;0;0;2;1;1;B01
201100015930;0;31;0;0;2;8;1;A01
201100015930;0;7;0;0;0;0;1;B01
201100015931;0;30;0;0;2;1;1;A01
201100015931;0;7;0;0;2;7;1;B01
201100015932;0;7;0;0;4;2;1;B01
201100015932;0;40;0;0;2;2;1;A01
201100015933;0;2;0;0;2;7;1;A01
201100015933;0;40;0;0;2;1;1;B01
201100015934;0;7;0;0;2;7;15;A01
201100015934;0;34;0;0;2;8;1;B01
201100015935;0;7;0;0;2;2;14;A01
201100015935;0;2;0;0;2;1;1;B01
201100015936;0;7;0;0;2;8;15;B01
201100015936;0;2;0;0;2;1;15;A01
201100015937;0;7;0;0;2;2;9;A01
201100015938;0;7;0;0;2;1;1;A01
201100015938;0;2;0;0;2;4;2;B01
201100015939;0;7;0;8;0;1;14;A01
201100015940;0;13;0;0;2;1;1;A01
201100015940;0;7;0;0;2;4;1;B01
201100015941;0;15;0;6;2;8;1;A01
201100015941;0;7;0;0;2;7;1;B01
201100015942;0;7;0;0;2;4;1;B01
201100015942;0;31;0;0;2;1;1;A01
201100015943;0;7;0;0;2;1;1;B01
201100015943;0;30;0;0;2;7;1;A01
201100015944;0;7;0;0;2;2;1;A01
201100015944;0;7;0;0;2;3;1;B01
201100015945;0;7;0;0;2;8;9;A01
201100015945;0;33;0;0;2;1;1;B01
201100015946;0;2;0;0;2;1;1;A01
201100015946;0;7;0;0;2;4;1;B01
201100015947;0;7;0;0;2;2;0;A01
201100015947;0;33;0;0;2;1;0;B01
201100015948;0;7;0;0;2;1;15;A01
201100015948;0;2;0;0;2;1;1;B01
201100015949;0;7;0;0;2;2;15;A01
201100015949;0;32;0;0;2;1;1;B01
201100015950;0;37;16;0;2;1;1;B01
201100015950;0;33;0;0;2;1;13;A01
201100015951;0;31;0;0;0;0;1;A01
201100015952;0;7;0;0;1;7;1;A01
201100015953;0;7;0;4;2;3;13;A01
201100015953;0;10;0;0;2;3;1;B01
201100015954;0;31;0;0;1;1;1;B01
201100015955;0;7;0;1;1;1;21;A01
201100015956;0;7;0;0;2;1;1;B01
201100015956;0;2;0;0;2;1;5;A01
201100015957;0;2;0;0;4;1;1;A01
201100015957;0;40;0;0;2;6;1;B01
201100015958;0;30;0;0;2;1;1;A01
201100015958;0;7;0;0;2;1;1;B01
201100015959;0;7;0;0;1;0;1;A01
201100015960;0;7;0;14;2;4;2;B01
201100015960;0;7;0;14;2;4;2;C01
201100015960;0;7;0;0;2;4;2;D01
201100015960;0;7;0;14;0;1;1;A01
201100015961;0;7;0;0;2;3;1;B01
201100015961;0;7;0;0;2;1;1;A01
201100015962;0;7;0;0;2;5;1;B01
201100015962;0;33;0;0;2;1;1;A01
201100015963;0;32;0;0;2;7;1;B01
201100015963;0;2;0;0;2;3;1;A01
201100015964;0;7;0;0;2;1;1;B01
201100015964;0;7;0;0;2;3;9;A01
201100015965;0;31;0;0;2;1;1;A01
201100015965;0;7;0;0;2;4;1;B01
201100015966;0;33;0;0;2;2;1;B01
201100015966;0;7;0;0;2;3;10;A01
201100015967;0;7;0;0;1;4;4;A01
201100015968;0;31;0;11;0;0;0;A01
201100015969;0;7;0;0;2;2;12;A01
201100015969;0;33;0;0;2;7;0;B01
201100015970;0;2;0;0;2;1;1;A01
201100015970;0;7;0;0;2;1;1;B01
201100015971;0;7;0;0;2;7;0;B01
201100015971;0;7;0;0;2;3;13;A01
201100015972;0;7;0;0;2;1;5;A01
201100015972;0;7;0;0;2;1;1;B01
201100015973;0;7;0;0;1;2;20;A01
201100015974;0;2;0;8;0;1;14;A01
201100015975;0;33;0;0;1;1;1;A01
201100015976;0;7;0;0;1;1;1;A01
201100015977;0;1;0;0;0;9;1;A01
201100015978;0;2;0;0;2;7;17;B01
201100015978;0;7;0;0;2;8;15;A01
201100015979;0;31;0;0;2;8;1;B01
201100015979;0;7;0;0;2;7;1;A01
201100015980;0;30;0;0;1;1;1;A01
201100015981;0;34;0;0;2;1;1;A01
201100015981;0;7;0;1;2;2;13;B01
201100015982;0;7;0;0;2;4;4;A01
201100015983;0;2;0;0;2;2;17;A01
201100015983;0;7;0;0;2;3;15;B01
201100015984;0;7;0;0;2;3;1;A01
201100015984;0;7;0;0;2;2;1;B01
201100015985;0;7;0;0;2;6;0;B01
201100015985;0;7;0;0;2;1;1;A01
201100015986;0;31;0;14;2;1;1;A01
201100015986;0;33;0;0;2;4;23;B01
201100015986;0;37;15;0;2;4;23;C01
201100015987;0;7;0;0;1;2;21;A01
201100015988;0;33;0;0;2;1;1;A01
201100015989;0;2;0;1;0;2;14;A01
201100015990;0;7;0;0;2;2;15;A01
201100015990;0;10;0;0;2;3;1;B01
201100015991;0;30;0;0;2;1;9;A01
201100015991;0;7;0;0;2;5;1;B01
201100015992;0;7;0;0;2;4;2;B01
201100015992;0;7;0;0;2;1;2;A01
201100015992;0;7;0;0;2;4;2;C01
201100015993;0;7;0;0;2;4;2;B01
201100015993;0;30;0;0;2;1;1;A01
201100015994;0;7;0;0;2;2;9;A01
201100015994;0;31;0;0;2;1;1;B01
201100015995;0;1;0;0;2;0;0;A01
201100015995;0;7;0;0;2;1;0;B01
201100015996;0;7;0;0;2;2;15;A01
201100015996;0;1;0;0;2;1;1;B01
201100015997;0;7;0;0;1;1;1;A01
201100015998;0;10;0;0;2;1;1;B01
201100015998;0;31;0;0;2;1;1;C01
201100015998;0;7;0;0;2;5;1;A01
201100015999;0;10;0;0;1;4;4;A01
201100016000;0;7;0;0;2;2;1;B01
201100016000;0;30;0;9;2;8;1;A01
201100016001;0;7;0;0;2;3;15;A01
201100016001;0;33;0;0;2;1;1;B01
201100016002;0;7;0;0;2;2;14;A01
201100016002;0;33;0;0;2;0;1;B01
201100016003;0;7;0;0;2;1;16;A01
201100016003;0;2;0;0;2;7;1;B01
201100016004;0;30;0;0;2;3;1;B01
201100016004;0;7;0;0;2;2;1;A01
201100016005;0;7;0;0;1;3;1;A01
201100016006;0;32;0;0;2;7;17;A01
201100016006;0;7;0;0;2;3;15;B01
201100016007;0;7;0;0;1;2;21;A01
201100016008;0;2;0;1;0;1;13;A01
201100016009;0;31;0;0;2;8;1;B01
201100016009;0;7;0;0;2;3;15;A01
201100016010;0;7;0;0;2;4;2;B01
201100016010;0;17;0;0;2;1;1;A01
201100016011;0;32;0;0;2;7;17;A01
201100016011;0;10;0;0;2;3;15;B01
201100016012;0;7;0;0;2;1;1;B01
201100016012;0;31;0;0;2;1;1;A01
201100016013;0;30;0;0;2;8;0;A01
201100016013;0;7;0;0;2;1;0;B01
201100016014;0;32;0;0;2;7;1;B01
201100016014;0;1;0;0;2;0;13;A01
201100016015;0;7;0;0;2;5;2;B01
201100016015;0;2;0;0;2;8;1;A01
201100016016;0;7;0;0;2;3;9;A01
201100016016;0;2;0;0;2;2;1;B01
201100016017;0;2;0;0;0;1;1;A01
201100016017;0;7;0;0;2;4;1;B01
201100016018;0;37;2;0;0;0;0;B01
201100016018;0;7;0;0;0;4;0;A01
201100016019;0;2;0;0;2;7;1;B01
201100016019;0;7;0;0;2;8;11;A01
201100016020;0;7;0;0;2;3;1;C01
201100016020;0;30;0;0;2;2;13;A01
201100016020;0;7;0;0;2;6;1;B01
201100016021;0;31;0;0;0;8;1;A01
201100016021;0;7;0;0;0;0;9;B01
201100016022;0;2;0;0;2;2;0;A01
201100016022;0;30;0;0;2;8;1;B01
201100016023;0;7;0;0;1;8;1;A01
201100016024;0;7;0;0;2;3;13;A01
201100016024;0;10;0;0;2;9;1;B01
201100016025;0;7;0;6;0;9;1;A01
201100016026;0;7;0;0;2;2;0;A01
201100016026;0;7;0;0;2;6;0;B01
201100016027;0;2;0;0;2;9;1;A01
201100016027;0;7;0;0;2;1;1;B01
201100016028;0;7;0;0;2;1;1;A01
201100016028;0;33;0;0;2;4;1;B01
201100016029;0;7;0;0;1;1;1;A01
201100016030;0;2;0;0;2;8;1;B01
201100016030;1;7;0;0;2;0;0;Z01
201100016031;0;7;0;0;1;4;4;A01
201100016032;0;7;0;0;2;5;16;B01
201100016032;0;2;0;0;2;3;1;A01
201100016033;0;7;0;0;1;1;1;A01
201100016034;0;2;0;0;2;3;1;A01
201100016034;0;7;0;0;2;2;14;B01
201100016035;0;31;0;0;1;1;1;A01
201100016036;0;7;0;0;2;7;23;B01
201100016036;0;2;0;14;0;3;18;A01
201100016037;0;7;0;0;0;4;15;A01
201100016037;0;33;0;0;2;1;0;B01
201100016038;0;1;0;1;0;2;1;B01
201100016038;0;7;0;0;2;8;22;A01
201100016039;0;7;0;0;2;7;23;A01
201100016039;0;2;0;0;2;8;1;B01
201100016040;0;7;0;0;2;2;13;A01
201100016040;0;33;0;0;2;7;1;B01
201100016041;0;34;0;0;2;8;1;A01
201100016041;0;7;0;0;2;4;1;B01
201100016042;0;7;0;0;2;8;16;B01
201100016042;0;10;0;0;0;0;16;A01
201100016043;0;7;0;0;2;1;1;A01
201100016043;0;7;0;0;2;1;1;C01
201100016043;0;7;0;0;2;4;15;B01
201100016044;0;7;0;0;2;3;24;B01
201100016044;0;7;0;1;0;3;21;A01
201100016045;0;7;0;0;2;1;16;A01
201100016045;0;7;0;0;2;1;1;B01
201100016046;0;33;0;4;0;9;13;A01
201100016047;0;30;0;0;2;1;1;A01
201100016047;0;7;0;0;2;4;2;B01
201100016048;0;7;0;0;2;4;24;B01
201100016048;0;34;0;0;1;9;1;A01
201100016049;0;7;0;0;2;4;1;B01
201100016049;0;7;0;14;0;1;1;A01
201100016050;0;7;0;0;2;3;1;A01
201100016051;0;2;0;6;0;2;14;A01
201100016052;0;7;0;14;0;1;1;A01
201100016052;0;7;0;14;2;1;2;B01
201100016052;0;7;0;0;2;4;2;C01
201100016053;0;30;0;0;2;1;18;A01
201100016053;0;7;0;0;2;2;16;B01
201100016054;0;31;0;0;2;7;1;A01
201100016054;0;7;0;0;2;1;1;B01
201100016055;0;7;0;0;2;1;1;A01
201100016055;0;3;0;0;2;4;1;B01
201100016056;0;7;0;0;1;1;1;A01
201100016057;0;2;0;0;1;1;1;A01
201100016058;0;7;0;1;2;2;20;A01
201100016058;0;2;0;0;2;1;1;B01
201100016059;0;32;0;0;2;1;1;B01
201100016059;0;7;0;0;2;2;15;A01
201100016060;0;2;0;0;1;1;1;A01
201100016061;0;30;0;0;2;3;1;B01
201100016061;0;7;0;0;2;2;16;A01
201100016062;0;7;0;0;2;1;1;A01
201100016062;0;7;0;0;2;7;1;B01
201100016063;0;7;0;0;1;2;16;A01
201100016064;0;7;0;0;2;6;1;B01
201100016064;0;2;0;0;2;5;1;A01
201100016065;0;7;0;0;2;3;1;B01
201100016065;0;7;0;0;2;1;1;A01
201100016066;0;10;0;0;2;3;13;A01
201100016066;0;32;0;14;2;5;1;B01
201100016066;0;7;0;0;2;4;23;C01
201100016067;0;31;0;0;2;7;1;B01
201100016067;0;7;0;0;2;6;1;A01
201100016068;0;7;0;0;2;2;15;A01
201100016068;0;31;0;0;2;9;1;B01
201100016069;0;7;0;0;2;4;2;B01
201100016069;0;32;0;14;0;1;1;A01
201100016070;0;7;0;0;1;4;4;A01
201100016071;0;2;0;0;2;1;2;A01
201100016071;0;7;0;0;2;4;2;B01
201100016072;0;7;0;14;2;4;1;B01
201100016072;0;7;0;14;0;1;1;A01
201100016072;0;7;0;0;2;4;2;C01
201100016073;0;32;0;0;2;1;1;A01
201100016073;0;7;0;0;2;4;2;B01
201100016074;0;33;0;0;2;1;1;A01
201100016074;0;7;0;0;2;4;1;B01
201100016075;0;7;0;0;1;0;1;A01
201100016076;0;7;0;0;2;1;2;A01
201100016076;0;7;0;0;2;4;2;B01
201100016077;0;31;0;0;2;1;1;B01
201100016077;1;7;0;0;2;5;1;A01
201100016078;0;7;0;0;1;1;1;A01
201100016079;0;34;0;0;0;0;1;A01
201100016080;0;7;0;0;2;1;1;A01
201100016080;0;7;0;0;2;4;1;B01
201100016081;0;7;0;0;1;1;15;A01
201100016082;0;2;0;0;2;1;1;B01
201100016082;0;7;0;0;2;4;1;A01
201100016083;0;7;0;0;2;4;1;B01
201100016083;0;7;0;6;2;3;0;A01
201100016084;0;2;0;0;2;3;16;A01
201100016084;0;7;0;0;2;7;14;B01
201100016085;0;30;0;0;2;3;1;B01
201100016085;0;7;0;0;2;2;1;A01
201100016086;0;2;0;0;2;7;17;A01
201100016086;0;7;0;0;2;3;15;B01
201100016087;0;7;0;0;2;4;1;C01
201100016087;0;7;0;0;2;1;1;A01
201100016087;0;7;0;0;2;9;1;B01
201100016088;0;7;0;0;2;6;4;A01
201100016088;0;2;0;0;2;7;1;B01
201100016089;0;7;0;0;2;3;0;B01
201100016089;0;32;0;1;2;2;12;A01
201100016090;0;7;0;14;2;1;1;A01
201100016090;0;7;0;0;1;3;1;B01
201100016091;0;7;0;0;2;2;15;A01
201100016091;0;33;0;0;2;1;1;B01
201100016092;0;7;0;0;2;2;1;B01
201100016092;0;2;0;0;2;8;9;A01
201100016093;0;7;0;0;2;1;1;Z01
201100016094;0;7;0;0;2;2;9;A01
201100016094;0;32;0;0;2;8;1;B01
201100016095;0;40;0;0;1;1;1;A01
201100016096;0;7;0;0;1;1;1;A01
201100016097;0;33;0;0;2;9;17;B01
201100016097;0;7;0;0;2;8;15;A01
201100016098;0;7;0;0;2;3;15;A01
201100016098;0;30;0;0;2;2;1;B01
201100016099;0;7;0;0;2;4;2;B01
201100016099;0;7;0;0;2;1;2;A01
201100016100;0;7;0;0;2;0;0;A01
201100016100;0;31;0;0;2;0;0;B01
201100016101;0;7;0;0;1;1;15;A01
201100016102;0;7;0;0;0;0;13;B01
201100016102;0;2;0;0;2;3;18;A01
201100016103;0;32;0;0;2;1;0;B01
201100016103;1;7;0;0;2;1;0;A01
201100016104;0;33;0;0;2;7;1;C01
201100016104;1;7;0;0;2;0;12;Z01
201100016104;0;32;0;0;2;1;1;B01
201100016105;0;31;0;0;2;1;1;B01
201100016105;0;7;0;0;2;3;9;A01
201100016106;0;7;0;0;2;1;1;B01
201100016106;0;7;0;0;2;2;13;A01
201100016107;0;10;0;0;2;1;1;A01
201100016107;0;33;0;0;2;4;1;B01
201100016108;0;7;0;0;1;1;15;A01
201100016109;0;37;1;0;2;7;9;C01
201100016109;0;1;0;0;2;8;17;B01
201100016109;0;7;0;0;0;0;24;A01
201100016110;0;7;0;0;2;4;2;B01
201100016110;0;7;0;0;2;1;2;A01
201100016110;0;7;0;0;2;4;2;C01
201100016111;0;7;0;0;2;1;15;A01
201100016111;0;31;0;0;2;9;18;B01
201100016112;0;7;0;0;2;1;1;A01
201100016112;0;10;0;0;2;6;16;B01
201100016113;0;2;0;0;2;1;1;B01
201100016113;0;7;0;0;2;3;9;A01
201100016114;0;7;0;0;2;0;13;A01
201100016114;0;33;0;0;2;3;1;B01
201100016115;0;7;0;2;0;5;13;A01
201100016116;0;7;0;0;2;1;2;A01
201100016116;0;1;0;0;2;4;1;B01
201100016117;0;10;0;0;1;1;0;A01
201100016118;0;7;0;8;0;1;0;A01
201100016119;0;31;0;0;2;0;23;A01
201100016119;0;14;0;0;2;0;1;B01
201100016120;0;7;0;0;2;1;1;B01
201100016120;0;7;0;0;2;3;15;A01
201100016121;0;7;0;0;2;1;1;B01
201100016121;0;2;0;0;2;1;13;A01
201100016122;0;10;0;0;1;1;15;A01
201100016123;0;7;0;0;2;2;16;A01
201100016123;0;30;0;0;2;3;1;B01
201100016124;0;10;0;0;2;3;15;A01
201100016124;0;30;0;0;2;1;1;B01
201100016125;0;33;0;0;2;1;1;B01
201100016125;0;7;0;0;2;3;15;A01
201100016126;0;7;0;0;2;2;15;A01
201100016126;0;31;0;0;2;1;1;B01
201100016127;0;7;0;0;2;7;1;B01
201100016127;0;7;0;0;2;2;9;A01
201100016128;0;33;0;0;2;9;1;A01
201100016128;0;7;0;0;2;6;1;B01
201100016128;0;7;0;0;2;3;1;C01
201100016129;0;7;0;0;2;2;15;A01
201100016129;0;33;0;0;2;1;1;B01
201100016130;0;2;0;0;2;1;1;B01
201100016130;0;10;0;0;2;4;4;A01
201100016131;0;7;0;0;2;2;0;B01
201100016131;0;32;0;0;2;0;0;A01
201100016132;0;7;0;0;2;4;1;C01
201100016132;0;32;0;0;2;4;1;B01
201100016132;0;7;0;0;2;1;1;A01
201100016133;0;37;1;0;1;2;1;A01
201100016134;0;7;0;0;2;4;1;B01
201100016134;1;7;0;0;2;1;1;Z01
201100016135;0;7;0;0;1;1;1;A01
201100016136;0;31;0;1;2;1;1;B01
201100016136;0;7;0;0;2;1;9;A01
201100016137;0;7;0;0;2;1;15;A01
201100016137;0;31;0;0;2;8;1;B01
201100016138;0;7;0;0;1;1;1;A01
201100016139;0;7;0;0;2;9;1;B01
201100016139;0;7;0;0;2;1;1;A01
201100016139;0;7;0;0;2;5;1;C01
201100016140;0;7;0;0;2;4;15;B01
201100016140;0;30;0;0;2;1;1;A01
201100016141;0;7;0;0;2;3;15;B01
201100016141;0;30;0;0;2;1;1;A01
201100016142;0;7;0;0;2;4;2;B01
201100016142;0;10;0;0;2;1;2;A01
201100016143;0;99;0;0;2;3;9;A01
201100016143;0;2;0;0;2;1;1;B01
201100016144;0;7;0;0;2;3;0;A01
201100016144;0;33;0;0;2;7;17;B01
201100016145;0;31;0;0;2;3;1;B01
201100016145;0;7;0;0;2;7;16;A01
201100016146;0;2;0;0;1;9;1;A01
201100016147;0;38;1;0;1;7;0;A01
201100016148;0;10;0;0;2;1;1;B01
201100016148;0;2;0;0;2;1;1;A01
201100016149;0;99;0;0;2;1;2;A01
201100016149;0;10;0;0;2;4;2;B01
201100016150;0;2;0;0;1;8;1;A01
201100016151;0;7;0;0;2;4;1;B01
201100016151;0;33;0;0;2;1;1;A01
201100016152;0;7;0;0;2;1;15;A01
201100016152;0;31;0;0;2;7;1;B01
201100016153;0;7;0;6;0;1;0;A01
201100016154;0;7;0;0;0;1;1;A01
201100016155;0;30;0;0;2;1;2;A01
201100016155;0;7;0;0;2;4;2;B01
201100016156;0;7;0;0;2;1;1;A01
201100016157;0;31;0;0;2;0;1;A01
201100016157;0;7;0;0;0;0;1;B01
201100016158;0;7;0;0;1;1;1;A01
201100016159;0;7;0;0;2;7;16;A01
201100016159;0;2;0;0;2;9;1;B01