num_acc;senc;catv;occutc;obs;obsm;choc;manv;num_veh
201100016160;0;7;0;0;2;4;1;B01
201100016160;0;33;0;0;2;1;1;A01
201100016161;0;2;0;1;2;8;13;B01
201100016161;0;2;0;0;2;7;1;A01
201100016162;1;7;0;0;2;2;15;A01
201100016162;0;31;0;0;2;1;1;B01
201100016163;0;7;0;1;0;3;1;A01
201100016164;0;30;0;1;0;1;2;A01
201100016165;0;10;0;0;1;2;16;A01
201100016166;0;31;0;8;0;1;14;A01
201100016167;0;7;0;0;2;2;16;A01
201100016167;0;32;0;0;2;1;1;B01
201100016168;0;99;0;0;1;3;15;A01
201100016169;0;7;0;0;2;0;15;A01
201100016170;0;7;0;0;1;4;4;A01
201100016171;0;7;0;0;2;8;15;A01
201100016171;0;7;0;0;2;7;1;B01
201100016172;0;31;0;0;2;4;23;B01
201100016172;1;7;0;14;0;1;1;Z01
201100016173;0;7;0;0;2;2;10;A01
201100016173;0;33;0;0;2;1;1;B01
201100016174;0;7;0;0;0;0;4;A01
201100016174;0;33;0;0;2;7;1;B01
201100016175;0;1;0;0;2;8;1;B01
201100016175;0;7;0;0;2;7;9;A01
201100016176;0;7;0;0;2;4;2;B01
201100016176;0;7;0;0;2;1;1;A01
201100016177;0;7;0;0;2;1;1;A01
201100016177;0;7;0;0;2;4;1;B01
201100016178;0;10;0;0;2;4;4;A01
201100016178;0;31;0;0;4;1;1;B01
201100016179;0;7;0;0;2;2;15;A01
201100016179;0;32;0;0;2;1;1;B01
201100016180;0;2;0;0;2;1;1;A01
201100016180;0;1;0;0;2;4;2;B01
201100016181;0;7;0;0;2;1;1;A01
201100016181;0;7;0;0;2;4;1;B01
201100016182;0;2;0;0;2;1;1;A01
201100016182;0;7;0;0;2;4;1;B01
201100016183;0;7;0;0;2;2;1;B01
201100016183;0;31;0;0;2;9;9;A01
201100016184;0;7;0;6;0;1;1;A01
201100016185;0;33;0;0;2;1;1;B01
201100016185;0;7;0;0;2;3;10;A01
201100016186;0;7;0;6;0;1;0;A01
201100016187;0;30;0;0;2;2;1;A01
201100016187;0;7;0;0;2;3;1;B01
201100016188;0;7;0;0;2;3;15;B01
201100016188;0;32;0;0;2;1;1;A01
201100016189;0;7;0;0;1;1;1;A01
201100016190;0;1;0;0;2;8;1;B01
201100016190;0;7;0;0;2;1;1;A01
201100016191;0;10;0;0;1;1;15;A01
201100016192;0;7;0;0;2;4;1;B01
201100016192;0;7;0;0;2;1;1;A01
201100016193;0;7;0;0;2;1;1;A01
201100016193;0;33;0;0;2;4;2;B01
201100016194;0;7;0;0;1;1;1;A01
201100016195;0;1;0;0;2;6;1;B01
201100016195;0;7;0;0;1;3;14;A01
201100016196;0;7;0;0;2;0;16;B01
201100016196;0;34;0;0;2;8;14;A01
201100016197;0;7;0;0;2;1;14;B01
201100016197;0;7;0;0;2;1;1;C01
201100016197;0;34;0;0;2;9;1;A01
201100016198;0;7;0;0;1;1;1;A01
201100016199;0;7;0;0;1;2;1;A01
201100016200;0;30;0;0;2;0;1;A01
201100016200;0;7;0;0;0;5;23;B01
201100016201;0;7;0;0;2;8;23;C01
201100016201;0;33;0;14;2;2;1;B01
201100016201;0;7;0;0;2;3;11;A01
201100016202;0;7;0;0;2;2;16;B01
201100016202;0;32;0;0;2;1;1;A01
201100016203;0;33;0;0;2;9;7;A01
201100016203;0;7;0;0;2;7;15;B01
201100016204;0;31;0;0;1;1;1;A01
201100016205;0;7;0;6;0;1;16;A01
201100016206;0;10;0;0;2;3;0;A01
201100016206;0;32;0;0;2;1;1;B01
201100016207;0;7;0;0;1;1;16;A01
201100016208;0;7;0;0;2;1;1;B01
201100016208;0;2;0;0;2;7;1;A01
201100016209;0;7;0;0;2;9;1;B01
201100016209;0;7;0;0;2;2;1;A01
201100016210;0;2;0;1;0;1;1;A01
201100016211;0;33;0;0;1;1;16;A01
201100016212;0;30;0;0;2;0;0;B01
201100016212;0;32;0;0;2;1;1;A01
201100016213;0;7;0;0;2;3;15;A01
201100016213;0;33;0;0;2;1;1;B01
201100016214;0;7;0;10;2;4;4;A01
201100016214;0;7;0;0;2;1;1;B01
201100016215;0;2;0;0;2;1;1;A01
201100016215;0;7;0;0;2;7;1;B01
201100016216;0;7;0;6;0;1;13;A01
201100016217;0;32;0;0;2;3;16;A01
201100016217;0;31;0;0;2;0;1;B01
201100016218;0;37;4;0;2;2;1;B01
201100016218;0;7;0;0;2;8;15;A01
201100016219;0;7;0;0;2;0;10;A01
201100016219;0;33;0;0;2;0;1;B01
201100016220;0;7;0;0;1;1;1;A01
201100016221;0;7;0;0;2;2;15;A01
201100016221;0;30;0;0;2;4;15;B01
201100016222;0;7;0;0;2;5;2;A01
201100016222;0;32;0;0;2;3;2;B01
201100016223;0;1;0;0;2;1;0;A01
201100016223;0;7;0;0;2;1;1;B01
201100016224;0;31;0;0;2;1;1;A01
201100016224;0;33;0;0;2;4;1;B01
201100016225;0;32;0;0;2;1;2;B01
201100016225;0;7;0;0;2;3;20;A01
201100016226;0;7;0;0;1;1;1;A01
201100016227;0;7;0;0;2;4;1;A01
201100016227;0;2;0;0;2;1;1;B01
201100016228;0;32;0;0;2;8;1;B01
201100016228;0;7;0;0;2;3;20;A01
201100016229;0;1;0;0;9;1;13;B01
201100016229;0;1;0;0;9;2;1;A01
201100016230;0;7;0;0;1;7;1;A01
201100016231;0;30;0;0;2;1;1;A01
201100016231;0;7;0;0;2;3;15;B01
201100016232;0;31;0;0;2;8;1;B01
201100016232;0;7;0;0;2;2;24;W01
201100016232;0;7;0;0;2;5;15;A01
201100016233;0;7;0;0;0;5;14;A01
201100016233;0;32;0;0;2;1;2;B01
201100016234;1;7;0;0;2;1;2;Z01
201100016234;0;32;0;0;2;4;2;B01
201100016235;0;7;0;0;2;5;1;A01
201100016235;0;32;0;0;2;1;1;B01
201100016236;0;7;0;0;2;3;10;A01
201100016236;0;33;0;0;2;1;1;B01
201100016237;0;30;0;0;2;1;1;B01
201100016237;0;7;0;0;2;3;1;A01
201100016238;2;2;0;0;1;1;1;A01
201100016239;0;10;0;0;1;1;1;A01
201100016240;0;2;0;0;2;7;1;A01
201100016240;0;7;0;0;2;3;17;B01
201100016241;0;7;0;0;1;1;1;A01
201100016242;0;7;0;0;2;5;16;B01
201100016242;0;7;0;0;2;2;1;A01
201100016243;0;7;0;0;2;4;2;B01
201100016243;0;32;0;0;2;1;2;A01
201100016244;0;7;0;0;2;1;1;A01
201100016245;0;7;0;0;1;1;1;A01
201100016246;0;7;0;0;1;3;16;A01
201100016247;0;7;0;0;2;1;1;A01
201100016247;0;7;0;0;0;0;0;C01
201100016247;0;7;0;0;2;4;2;B01
201100016248;0;2;0;0;2;4;0;B01
201100016248;0;33;0;0;2;3;0;A01
201100016249;0;1;0;0;2;8;5;A01
201100016249;0;7;0;0;2;1;1;B01
201100016250;0;2;0;0;2;3;17;A01
201100016250;0;20;0;0;2;3;15;B01
201100016251;0;10;0;0;2;4;4;A01
201100016251;0;33;0;0;2;7;9;B01
201100016252;0;7;0;0;2;5;15;B01
201100016252;0;30;0;0;2;1;1;A01
201100016253;0;7;0;0;1;1;1;A01
201100016254;0;32;0;0;2;2;1;B01
201100016254;0;7;0;0;2;3;9;A01
201100016255;0;7;0;1;0;1;14;A01
201100016256;0;7;0;0;2;7;1;B01
201100016256;0;7;0;0;2;1;1;A01
201100016257;0;7;0;0;2;1;2;A01
201100016257;0;7;0;0;0;4;1;B01
201100016258;0;1;0;0;2;1;1;A01
201100016258;0;30;0;0;9;1;1;B01
201100016259;0;7;0;0;2;2;10;A01
201100016259;0;33;0;0;2;1;1;B01
201100016260;0;7;0;0;2;3;1;B01
201100016260;0;7;0;0;2;3;1;A01
201100016261;0;10;0;0;2;5;17;B01
201100016261;0;30;0;0;2;3;13;A01
201100016262;0;7;0;0;2;1;15;A01
201100016262;0;7;0;0;2;8;1;B01
201100016263;0;7;0;0;2;1;1;A01
201100016263;0;7;0;0;2;4;1;B01
201100016264;0;7;0;0;2;3;1;B01
201100016264;0;2;0;0;2;1;1;A01
201100016265;0;7;0;1;1;6;20;A01
201100016266;0;7;0;0;2;1;0;B01
201100016266;0;33;0;0;2;1;13;A01
201100016267;0;2;0;0;2;1;1;A01
201100016267;0;33;0;0;2;0;1;B01
201100016268;0;31;0;0;2;3;1;A01
201100016268;0;7;0;0;2;2;1;B01
201100016269;0;30;0;0;2;2;1;B01
201100016269;0;7;0;0;2;3;1;A01
201100016270;0;10;0;0;2;3;1;B01
201100016270;0;34;0;0;2;7;0;A01
201100016271;0;7;0;0;2;4;1;B01
201100016271;0;7;0;0;2;1;1;A01
201100016272;0;7;0;0;2;2;1;B01
201100016272;0;7;0;0;2;6;1;A01
201100016273;0;7;0;1;0;2;1;A01
201100016274;0;7;0;12;0;1;1;A01
201100016275;0;7;0;0;1;1;1;A01
201100016276;0;7;0;1;0;2;1;A01
201100016276;0;7;0;0;2;2;24;B01
201100016277;0;32;0;0;2;3;1;A01
201100016277;0;7;0;0;2;2;11;B01
201100016278;0;2;0;0;2;1;1;A01
201100016278;0;10;0;0;2;4;2;B01
201100016279;0;2;0;0;1;1;1;A01
201100016280;0;32;0;0;2;1;2;A01
201100016280;0;7;0;0;2;4;1;B01
201100016281;0;31;0;0;2;7;1;B01
201100016281;0;10;0;0;2;5;15;A01
201100016282;0;7;0;12;2;1;1;B01
201100016282;0;7;0;0;2;1;1;A01
201100016283;0;32;0;0;2;7;1;B01
201100016283;0;7;0;0;2;0;15;A01
201100016284;0;7;0;0;1;1;1;A01
201100016285;0;7;0;0;2;4;1;B01
201100016285;0;7;0;0;2;1;2;A01
201100016286;0;7;0;0;2;3;1;B01
201100016286;0;14;0;0;2;8;1;A01
201100016287;0;7;0;0;2;3;9;A01
201100016287;0;31;0;0;2;1;1;B01
201100016288;0;2;0;0;1;1;1;A01
201100016289;0;7;0;0;2;6;11;B01
201100016289;0;32;0;0;2;1;1;A01
201100016290;0;13;0;0;1;1;15;A01
201100016291;0;7;0;0;2;1;1;B01
201100016291;0;7;0;0;2;2;15;A01
201100016292;0;7;0;0;0;0;1;C01
201100016292;0;32;0;0;2;1;1;B01
201100016292;0;7;0;0;2;2;1;A01
201100016293;0;33;0;0;2;7;1;A01
201100016293;0;7;0;0;2;3;16;B01
201100016294;0;3;0;0;2;1;15;A01
201100016294;0;7;0;0;2;8;1;B01
201100016295;0;2;0;0;1;1;1;A01
201100016296;0;10;0;0;1;3;1;A01
201100016297;0;10;0;0;2;6;9;A01
201100016297;0;32;0;0;2;1;1;B01
201100016298;0;7;0;0;2;1;1;B01
201100016298;0;7;0;0;2;1;13;A01
201100016299;0;10;0;0;1;1;1;A01
201100016300;0;2;0;0;2;9;1;B01
201100016300;0;10;0;0;2;1;1;C01
201100016300;0;7;0;0;2;1;15;A01
201100016301;0;2;0;1;2;1;1;B01
201100016301;0;7;0;0;2;2;15;A01
201100016301;0;7;0;0;2;3;24;C01
201100016302;0;10;0;0;2;1;1;A01
201100016302;0;10;0;0;2;7;1;B01
201100016303;0;10;0;0;2;3;1;A01
201100016303;0;7;0;0;2;4;1;C01
201100016303;0;7;0;0;2;4;1;B01
201100016304;0;7;0;0;2;8;11;A01
201100016304;0;33;0;0;2;1;1;B01
201100016305;0;10;0;0;1;1;1;A01
201100016306;0;1;0;0;2;1;12;A01
201100016306;0;7;0;0;2;3;1;B01
201100016307;0;7;0;0;2;3;1;B01
201100016307;0;33;0;0;2;1;21;A01
201100016308;0;7;0;0;2;2;15;A01
201100016308;0;7;0;0;2;3;1;B01
201100016309;0;7;0;0;2;5;1;B01
201100016309;0;7;0;0;2;3;11;A01
201100016310;0;31;0;0;2;3;17;A01
201100016310;0;10;0;0;2;7;16;B01
201100016311;0;7;0;0;2;8;1;D01
201100016311;0;15;0;0;2;1;1;A01
201100016311;0;7;0;0;2;4;1;C01
201100016311;0;7;0;0;2;4;1;B01
201100016312;0;32;0;0;2;1;0;A01
201100016312;0;10;0;0;2;7;0;B01
201100016313;0;7;0;1;0;1;14;A01
201100016314;0;2;0;0;2;3;7;A01
201100016314;0;7;0;0;2;1;1;B01
201100016315;0;31;0;0;1;1;12;A01
201100016316;0;31;0;0;2;3;1;B01
201100016316;0;7;0;0;2;2;15;A01
201100016317;0;7;0;0;9;0;1;A01
201100016317;0;34;0;0;0;1;1;B01
201100016318;0;10;0;0;2;4;1;C01
201100016318;0;2;0;1;2;4;1;A01
201100016319;0;7;0;0;2;1;15;A01
201100016319;0;2;0;0;2;1;1;B01
201100016320;0;31;0;0;2;0;17;B01
201100016320;0;1;0;0;2;0;15;A01
201100016321;0;7;0;0;2;8;15;B01
201100016321;0;7;0;0;2;1;23;C01
201100016321;0;31;0;14;2;1;1;A01
201100016322;0;10;0;0;1;1;1;A01
201100016323;0;30;0;0;2;3;11;A01
201100016323;0;30;0;0;2;1;1;B01
201100016324;0;33;0;0;1;1;1;A01
201100016325;0;7;0;0;2;7;23;B01
201100016325;0;31;0;14;0;1;3;A01
201100016326;0;2;0;0;2;7;15;B01
201100016326;0;7;0;0;2;1;15;A01
201100016327;0;10;0;0;1;3;1;A01
201100016328;0;32;0;0;2;1;1;A01
201100016328;0;10;0;0;2;1;1;B01
201100016329;0;7;0;0;2;2;16;B01
201100016329;0;7;0;0;2;5;15;A01
201100016330;0;32;0;0;2;6;1;C01
201100016330;0;7;0;0;2;3;22;A01
201100016330;0;1;0;0;2;1;1;B01
201100016331;1;10;0;0;0;0;0;Z01
201100016331;0;2;0;0;2;0;0;A01
201100016332;0;7;0;0;2;3;9;A01
201100016332;0;33;0;0;2;2;1;B01
201100016333;0;32;0;0;2;0;1;B01
201100016333;0;7;0;0;2;1;1;A01
201100016334;0;7;0;0;0;4;1;B01
201100016334;0;7;0;0;2;4;1;C01
201100016334;0;7;0;0;2;3;1;A01
201100016335;0;7;0;0;2;2;1;B01
201100016335;0;7;0;0;2;1;19;A01
201100016336;0;7;0;0;2;4;23;B01
201100016336;0;10;0;0;2;4;23;C01
201100016336;0;37;10;0;2;1;13;A01
201100016337;0;7;0;0;2;7;22;A01
201100016337;0;33;0;14;0;3;3;B01
201100016338;0;7;0;0;2;1;15;A01
201100016338;0;33;0;0;2;1;1;B01
201100016339;0;10;0;0;2;4;2;C01
201100016339;0;10;0;0;2;1;2;A01
201100016339;0;10;0;0;2;4;2;D01
201100016339;0;10;0;0;2;4;2;B01
201100016340;0;2;0;0;2;1;1;B01
201100016340;0;10;0;0;0;4;23;C01
201100016340;0;10;0;0;0;6;12;A01
201100016341;0;7;0;0;2;4;10;A01
201100016341;0;30;0;0;2;1;1;B01
201100016342;1;7;0;0;2;1;2;A01
201100016342;0;32;0;0;2;4;1;B01
201100016343;0;33;0;0;2;1;1;B01
201100016343;0;7;0;0;2;2;9;A01
201100016344;0;30;0;0;2;1;1;A01
201100016344;0;1;0;0;2;4;1;B01
201100016345;0;7;0;0;1;1;1;A01
201100016346;0;33;0;0;2;8;1;A01
201100016346;0;10;0;0;2;7;1;B01
201100016347;0;2;0;0;1;1;1;A01
201100016348;0;7;0;0;2;2;15;A01
201100016348;0;33;0;0;2;0;1;B01
201100016349;0;7;0;0;1;1;1;A01
201100016350;0;7;0;0;2;4;24;B01
201100016350;0;2;0;1;0;1;1;A01
201100016351;0;7;0;0;2;1;1;A01
201100016351;0;33;0;0;2;5;1;B01
201100016352;0;31;0;0;1;7;0;A01
201100016353;0;31;0;0;2;7;1;B01
201100016353;0;7;0;0;2;3;15;A01
201100016354;0;7;0;0;2;1;1;A01
201100016354;0;7;0;0;2;4;23;B01
201100016355;0;7;0;0;1;3;1;A01
201100016356;0;7;0;0;2;1;1;A01
201100016356;0;7;0;0;2;4;1;B01
201100016357;0;7;0;0;2;3;17;A01
201100016357;0;7;0;0;2;1;1;B01
201100016358;0;7;0;0;2;2;12;A01
201100016358;0;30;0;0;2;1;1;B01
201100016359;0;7;0;0;2;8;1;B01
201100016359;0;30;0;0;2;2;1;A01
201100016360;0;2;0;0;2;2;16;B01
201100016360;0;10;0;0;0;0;16;A01
201100016361;0;7;0;0;2;1;1;A01
201100016361;0;7;0;0;2;6;1;B01
201100016361;0;7;0;0;2;1;1;C01
201100016362;0;7;0;0;2;1;1;A01
201100016362;0;32;0;0;2;4;1;B01
201100016363;0;7;0;0;2;2;16;A01
201100016363;0;37;0;0;2;3;1;B01
201100016364;0;7;0;0;2;1;1;B01
201100016364;0;7;0;0;2;1;13;A01
201100016365;0;7;0;0;1;1;1;A01
201100016366;0;7;0;0;1;4;4;A01
201100016367;0;7;0;0;2;1;15;A01
201100016368;0;7;0;0;2;7;15;A01
201100016368;0;7;0;0;2;1;1;B01
201100016369;0;34;0;0;2;1;1;B01
201100016369;0;7;0;0;2;1;15;A01
201100016370;0;7;0;0;1;3;1;A01
201100016371;0;7;0;0;2;3;9;A01
201100016371;0;7;0;0;2;8;1;B01
201100016371;0;7;0;0;2;8;1;C01
201100016372;0;7;0;0;1;1;1;A01
201100016373;0;30;0;0;2;8;1;B01
201100016373;0;7;0;0;2;2;12;A01
201100016374;0;30;0;0;2;7;16;A01
201100016374;0;32;0;0;2;8;1;B01
201100016375;0;33;0;3;0;2;0;A01
201100016376;0;7;0;0;2;6;1;B01
201100016376;0;31;0;0;2;1;1;A01
201100016377;0;7;0;0;2;7;1;B01
201100016377;0;32;0;0;2;1;1;A01
201100016378;0;7;0;0;2;6;9;A01
201100016378;0;31;0;0;2;1;1;B01
201100016379;0;31;0;0;1;1;1;A01
201100016380;0;2;0;0;2;3;0;A01
201100016380;0;2;0;0;2;1;1;B01
201100016381;0;7;0;0;2;3;1;C01
201100016381;0;33;0;0;2;1;1;A01
201100016381;0;7;0;0;2;6;23;B01
201100016382;0;7;0;0;2;4;1;A01
201100016382;1;7;0;0;2;1;0;B01
201100016383;0;7;0;0;2;8;1;B01
201100016383;0;2;0;0;2;1;17;A01
201100016384;0;33;0;0;2;6;16;A01
201100016384;0;13;0;0;2;0;0;B01
201100016385;0;7;0;0;2;1;1;A01
201100016385;0;7;0;0;2;4;1;B01
201100016385;0;7;0;0;2;4;1;C01
201100016386;0;33;0;0;2;8;1;A01
201100016386;0;10;0;0;2;1;1;B01
201100016387;0;2;0;0;2;3;1;A01
201100016387;0;7;0;0;2;1;1;B01
201100016388;0;10;0;0;2;1;1;A01
201100016388;0;33;0;1;2;8;1;B01
201100016389;0;7;0;0;1;1;15;A01
201100016390;0;7;0;0;2;3;15;A01
201100016390;0;7;0;0;2;3;16;B01
201100016391;0;7;0;0;2;7;12;A01
201100016391;0;7;0;0;2;6;1;B01
201100016391;0;7;0;0;2;3;1;C01
201100016392;0;7;0;0;1;1;1;A01
201100016393;0;1;0;0;2;1;0;A01
201100016393;0;7;0;0;2;3;15;B01
201100016394;0;32;0;0;2;8;21;B01
201100016394;0;7;0;0;2;3;1;C01
201100016394;0;2;0;0;2;0;20;A01
201100016395;0;7;0;0;2;9;15;A01
201100016395;0;7;0;0;2;1;1;B01
201100016396;0;7;0;0;2;1;1;B01
201100016396;0;7;0;0;2;8;15;A01
201100016397;0;7;0;0;2;4;2;B01
201100016397;0;32;0;0;0;1;1;A01
201100016398;0;7;0;0;2;8;17;A01
201100016398;0;7;0;0;2;8;0;B01
201100016399;0;7;0;0;2;2;1;A01
201100016399;0;10;0;0;2;5;1;B01
201100016400;0;7;0;0;2;3;1;B01
201100016400;0;7;0;0;2;1;1;A01
201100016401;0;7;0;0;2;5;1;A01
201100016401;0;31;0;0;2;7;1;B01
201100016402;0;7;0;0;1;1;1;A01
201100016403;0;32;0;8;0;1;1;A01
201100016404;0;7;0;0;1;2;1;A01
201100016405;0;7;0;0;2;3;1;B01
201100016405;0;7;0;0;2;3;1;A01
201100016406;0;30;0;0;2;1;1;A01
201100016406;0;30;0;0;2;4;1;B01
201100016407;0;7;0;0;2;4;1;C01
201100016407;0;7;0;0;2;1;1;A01
201100016407;0;7;0;0;2;4;1;B01
201100016408;0;2;0;0;1;1;21;A01
201100016409;0;7;0;0;2;1;1;B01
201100016409;0;7;0;0;2;4;1;C01
201100016409;0;7;0;0;2;1;1;A01
201100016410;0;2;0;0;2;3;1;A01
201100016410;0;7;0;14;2;1;1;B01
201100016411;0;30;0;0;0;0;0;A01
201100016412;0;30;0;0;2;1;15;B01
201100016412;0;33;0;0;2;1;1;A01
201100016413;0;7;0;0;2;9;1;B01
201100016413;0;7;0;0;2;8;1;C01
201100016413;0;7;0;0;2;1;1;A01
201100016414;0;32;0;0;1;1;1;A01
201100016415;0;7;0;0;1;1;1;A01
201100016416;0;30;0;0;2;1;1;B01
201100016416;0;32;0;0;2;1;1;A01
201100016417;0;7;0;0;1;1;1;A01
201100016418;0;7;0;0;2;1;0;A01
201100016418;0;33;0;0;2;1;1;B01
201100016419;0;2;0;0;2;0;1;B01
201100016419;0;7;0;0;2;0;1;A01
201100016420;0;7;0;0;2;1;9;A01
201100016420;0;30;0;0;2;1;17;B01
201100016421;0;7;0;0;2;2;16;A01
201100016421;0;2;0;0;2;3;1;B01
201100016422;0;30;0;0;1;1;0;A01
201100016423;0;7;0;0;2;2;2;B01
201100016423;0;7;0;0;2;4;1;A01
201100016424;0;30;0;0;2;1;1;A01
201100016424;0;7;0;0;2;4;23;B01
201100016425;0;7;0;0;2;4;1;B01
201100016425;0;7;0;0;2;4;1;C01
201100016425;0;7;0;0;2;1;1;A01
201100016426;0;33;0;0;2;2;0;B01
201100016426;0;7;0;0;2;8;0;A01
201100016427;0;7;0;0;2;3;11;A01
201100016427;0;7;0;0;2;2;1;B01
201100016428;0;7;0;0;1;1;15;A01
201100016429;0;7;0;0;2;1;1;B01
201100016429;0;7;0;0;2;1;0;A01
201100016430;0;7;0;1;2;0;1;A01
201100016430;0;7;0;0;2;1;1;B01
201100016431;0;7;0;0;2;3;1;B01
201100016431;0;7;0;0;0;7;1;A01
201100016432;0;7;0;0;2;4;1;B01
201100016432;0;33;0;0;2;9;1;A01
201100016433;0;7;0;0;1;4;4;A01
201100016434;0;7;0;0;1;2;1;A01
201100016435;0;10;0;0;1;1;1;A01
201100016436;0;10;0;0;1;1;1;A01
201100016437;0;33;0;0;2;1;1;A01
201100016437;0;7;0;0;2;5;1;B01
201100016438;0;30;0;0;2;3;1;A01
201100016438;0;7;0;0;2;5;1;B01
201100016439;0;7;0;0;0;0;1;A01
201100016439;0;32;0;0;9;7;1;B01
201100016440;0;7;0;0;1;2;1;A01
201100016441;0;32;0;0;2;3;1;A01
201100016441;0;7;0;0;2;3;1;B01
201100016442;0;7;0;0;1;0;1;A01
201100016443;0;15;0;0;2;0;0;B01
201100016443;0;30;0;0;2;3;0;A01
201100016444;0;7;0;0;0;0;20;C01
201100016444;0;7;0;0;2;4;23;B01
201100016444;0;7;0;14;0;1;21;A01
201100016445;0;7;0;0;2;2;9;A01
201100016445;0;33;0;0;2;9;1;B01
201100016446;0;7;0;0;1;3;15;A01
201100016447;0;7;0;0;2;4;2;B01
201100016447;0;7;0;0;2;4;2;C01
201100016447;0;7;0;0;2;1;2;A01
201100016447;0;7;0;0;2;4;2;D01
201100016448;0;7;0;0;2;1;1;B01
201100016448;0;7;0;0;2;1;1;A01
201100016449;0;7;0;0;2;0;15;A01
201100016449;0;10;0;0;2;0;1;B01
201100016450;0;7;0;1;0;0;0;A01
201100016451;0;7;0;0;1;3;15;A01
201100016452;0;30;0;0;2;1;1;A01
201100016452;0;7;0;0;2;2;15;B01
201100016453;0;7;0;0;2;2;15;A01
201100016453;0;32;0;0;2;1;1;B01
201100016454;0;2;0;0;2;1;1;A01
201100016454;0;7;0;0;2;6;16;B01
201100016455;0;7;0;0;2;1;2;A01
201100016455;0;7;0;0;2;4;1;B01
201100016456;0;13;0;0;2;5;1;A01
201100016456;0;33;0;0;2;1;1;B01
201100016457;0;30;0;0;2;6;15;A01
201100016457;0;31;0;0;2;1;17;B01
201100016458;0;33;0;0;2;1;1;B01
201100016458;0;10;0;0;2;4;4;A01
201100016459;0;7;0;0;2;4;1;B01
201100016459;0;10;0;0;2;1;2;A01
201100016460;0;32;0;0;2;3;1;B01
201100016460;0;7;0;0;2;7;12;A01
201100016461;0;7;0;0;2;4;1;B01
201100016461;0;7;0;0;2;4;2;C01
201100016461;0;7;0;0;2;1;1;A01
201100016462;0;31;0;0;2;1;1;B01
201100016462;0;7;0;0;2;0;15;A01
201100016463;0;10;0;0;2;5;1;A01
201100016463;0;7;0;0;2;0;1;B01
201100016464;0;7;0;0;1;1;15;A01
201100016465;0;30;0;0;1;1;1;A01
201100016466;0;30;0;0;2;7;1;A01
201100016466;0;7;0;0;2;2;1;B01
201100016467;0;7;0;0;2;4;12;A01
201100016467;0;10;0;0;2;1;1;B01
201100016468;0;33;0;0;2;4;1;B01
201100016468;0;7;0;0;2;1;2;A01
201100016469;0;32;0;0;2;1;1;B01
201100016469;0;7;0;0;2;0;9;A01
201100016470;0;7;0;0;2;2;6;A01
201100016470;0;30;0;0;2;0;1;B01
201100016471;0;30;0;0;2;4;2;B01
201100016471;0;7;0;0;2;2;2;A01
201100016472;0;38;1;0;2;2;17;A01
201100016472;0;1;0;0;2;0;1;B01
201100016473;0;7;0;0;2;2;15;A01
201100016473;0;32;0;0;2;1;1;B01
201100016474;0;7;0;0;1;1;1;A01
201100016475;0;30;0;0;2;1;1;A01
201100016475;0;7;0;0;2;3;1;B01
201100016476;0;7;0;0;2;2;15;A01
201100016476;0;7;0;0;2;3;1;B01
201100016477;0;7;0;0;1;1;15;A01
201100016478;0;7;0;0;2;1;0;A01
201100016478;0;30;0;0;2;2;1;B01
201100016479;0;10;0;0;1;1;15;A01
201100016480;0;31;0;0;2;1;1;A01
201100016480;0;7;0;0;2;3;1;B01
201100016481;0;7;0;0;2;1;1;A01
201100016481;0;2;0;0;2;7;1;B01
201100016482;0;7;0;0;1;1;15;A01
201100016483;0;2;0;0;2;1;13;A01
201100016483;0;37;1;0;2;3;1;B01
201100016484;0;10;0;0;1;1;16;A01
201100016485;0;7;0;0;1;1;0;A01
201100016486;0;7;0;0;1;1;0;A01
201100016487;0;30;0;0;0;0;0;B01
201100016487;0;1;0;0;2;6;15;A01
201100016488;0;37;1;0;1;7;1;A01
201100016489;0;10;0;0;2;2;1;A01
201100016489;0;31;0;0;2;8;1;B01
201100016490;0;7;0;0;2;1;1;A01
201100016490;0;31;0;0;2;4;0;B01
201100016491;0;7;0;0;2;1;1;A01
201100016491;0;7;0;0;2;4;23;B01
201100016492;0;7;0;0;2;1;1;B01
201100016492;0;7;0;0;2;1;15;A01
201100016493;0;7;0;0;2;1;1;A01
201100016493;0;7;0;0;2;4;23;B01
201100016494;0;7;0;0;1;3;15;A01
201100016495;0;7;0;0;2;1;2;A01
201100016495;0;10;0;0;2;4;2;B01
201100016496;0;33;0;0;2;1;1;A01
201100016496;0;7;0;0;2;5;1;B01
201100016497;1;7;0;0;2;3;1;B01
201100016497;0;33;0;0;2;7;1;A01
201100016498;0;7;0;0;2;1;1;B01
201100016498;0;7;0;7;2;3;1;A01
201100016499;0;34;0;0;2;1;1;A01
201100016499;0;7;0;0;2;6;2;B01
201100016500;0;7;0;0;2;2;13;A01
201100016500;0;7;0;0;2;1;1;B01
201100016501;0;7;0;0;2;3;9;A01
201100016501;0;2;0;0;2;1;1;B01
201100016502;0;7;0;0;2;4;2;B01
201100016502;0;31;0;0;2;1;1;A01
201100016503;0;7;0;0;2;1;1;A01
201100016503;0;7;0;0;2;4;15;B02
201100016504;0;10;0;0;2;7;15;A01
201100016504;0;7;0;0;2;1;1;B02
201100016505;0;7;0;0;2;6;15;B02
201100016505;0;33;0;0;2;1;17;A01
201100016506;0;7;0;0;1;7;1;A01
201100016507;0;7;0;0;2;3;13;A01