num_acc;senc;catv;occutc;obs;obsm;choc;manv;num_veh
201100016507;0;7;0;0;2;3;1;B02
201100016508;0;30;0;0;2;1;5;A01
201100016508;0;30;0;0;2;1;16;B02
201100016509;0;7;0;0;1;1;1;A01
201100016510;0;7;0;0;2;3;19;A01
201100016510;0;7;0;0;2;2;21;B02
201100016511;0;10;0;6;0;3;1;A01
201100016512;0;7;0;2;0;8;1;A01
201100016513;0;33;0;0;0;7;1;A01
201100016514;0;33;0;0;2;1;1;A01
201100016514;0;7;0;0;2;7;1;B02
201100016515;0;33;0;6;0;1;1;A01
201100016516;0;2;0;0;2;1;13;B02
201100016516;0;7;0;0;2;3;1;A01
201100016517;0;7;0;0;2;4;15;A01
201100016517;0;2;0;0;2;1;1;B01
201100016518;0;7;0;0;2;3;15;A01
201100016518;0;2;0;0;2;1;17;B01
201100016519;0;7;0;0;2;7;15;A01
201100016519;0;7;0;0;2;1;1;B02
201100016520;0;7;0;0;2;8;1;B02
201100016520;0;7;0;0;2;1;1;A01
201100016521;0;7;0;15;0;2;1;A01
201100016522;0;7;0;0;1;2;15;A01
201100016523;0;7;0;0;2;1;13;A01
201100016523;0;7;0;0;2;1;1;B02
201100016524;0;2;0;0;2;1;1;B02
201100016524;0;10;0;0;2;3;11;A01
201100016525;0;10;0;0;2;8;13;A01
201100016525;0;33;0;13;2;1;17;B02
201100016526;0;7;0;0;0;1;1;B02
201100016526;0;7;0;0;0;1;19;A01
201100016527;0;30;0;13;0;1;1;A01
201100016528;0;7;0;0;2;7;15;A01
201100016528;0;33;0;0;2;1;1;B02
201100016528;0;33;0;14;0;1;1;C03
201100016529;0;21;0;0;2;6;1;B02
201100016529;0;7;0;0;2;1;17;A01
201100016530;0;7;0;0;2;1;1;B02
201100016530;0;7;0;0;2;1;5;A01
201100016531;0;7;0;0;2;8;17;A01
201100016531;0;33;0;0;2;7;17;B02
201100016532;0;7;0;0;2;1;13;A01
201100016532;0;7;0;0;2;1;13;B02
201100016533;0;7;0;0;2;3;0;B02
201100016533;0;10;0;0;2;2;13;A01
201100016534;0;7;0;0;2;1;13;A01
201100016534;0;7;0;0;2;1;1;B01
201100016535;0;14;0;0;2;2;19;B02
201100016535;0;7;0;0;2;1;1;A01
201100016536;0;7;0;2;0;7;1;A01
201100016537;0;33;0;0;2;1;1;B02
201100016537;0;10;0;0;2;8;19;A01
201100016538;0;7;0;13;0;3;13;A01
201100016539;0;33;0;16;0;0;1;A01
201100016540;0;7;0;2;0;1;14;A01
201100016541;0;7;0;1;0;1;1;A01
201100016542;0;7;0;0;1;1;1;A01
201100016543;0;7;0;0;1;1;1;A01
201100016544;0;7;0;0;1;8;1;A01
201100016545;0;7;0;0;2;1;1;B01
201100016545;0;2;0;0;2;7;5;A01
201100016546;0;33;0;0;2;7;1;C01
201100016546;0;33;0;0;2;1;1;B01
201100016546;0;7;0;0;0;7;15;A01
201100016547;0;7;0;0;1;3;1;A01
201100016548;0;33;0;0;2;8;1;B01
201100016548;0;7;0;0;2;2;19;A01
201100016549;0;7;0;0;1;1;1;A01
201100016550;0;10;0;0;0;6;15;A01
201100016550;0;31;0;0;2;0;17;B01
201100016551;0;1;0;0;2;8;15;B01
201100016551;0;7;0;0;9;0;15;A01
201100016552;0;2;0;0;2;7;17;A01
201100016552;0;7;0;0;2;3;15;B01
201100016553;0;7;0;0;2;1;1;C01
201100016553;0;7;0;0;2;3;19;A01
201100016553;0;7;0;0;2;3;1;B01
201100016554;0;17;0;0;0;6;13;A01
201100016554;0;7;0;0;0;3;1;B01
201100016555;0;7;0;0;2;2;15;A01
201100016555;0;31;0;0;2;1;21;B01
201100016556;0;7;0;12;1;3;13;A01
201100016557;0;7;0;0;2;1;15;A01
201100016557;0;33;0;0;2;1;1;B01
201100016558;0;2;0;0;2;1;2;A01
201100016558;0;7;0;0;0;2;0;B01
201100016559;0;7;0;0;1;2;1;A01
201100016560;0;7;0;0;2;2;15;A01
201100016560;0;2;0;0;2;1;1;B01
201100016561;0;7;0;0;2;2;15;A01
201100016561;0;37;1;0;2;3;1;B01
201100016562;0;7;0;0;2;1;1;B01
201100016562;0;7;0;0;2;1;15;A01
201100016563;0;33;0;0;2;4;18;A01
201100016563;0;7;0;0;9;3;1;B01
201100016564;0;33;0;0;0;0;17;A01
201100016564;0;7;0;0;0;0;1;B01
201100016565;0;7;0;6;0;1;1;A01
201100016566;0;1;0;0;2;5;1;B01
201100016566;0;7;0;0;2;3;16;A01
201100016567;0;32;0;0;2;1;1;B01
201100016567;0;7;0;0;2;2;15;A01
201100016568;0;7;0;0;2;1;16;B01
201100016568;0;1;0;0;2;1;5;A01
201100016569;0;1;0;0;2;1;13;A01
201100016569;0;7;0;0;9;3;1;B01
201100016570;0;7;0;0;2;3;1;B01
201100016570;0;7;0;0;2;3;17;A01
201100016571;0;7;0;0;2;1;1;B01
201100016571;0;7;0;0;2;5;1;A01
201100016572;0;7;0;0;2;1;13;A01
201100016572;0;15;0;0;2;3;1;B01
201100016573;0;7;0;0;2;7;15;A01
201100016573;0;33;0;0;2;1;1;B01
201100016574;0;7;0;0;2;2;1;D01
201100016574;0;7;0;14;2;1;1;A01
201100016574;0;7;0;14;2;8;1;B01
201100016574;0;7;0;4;2;1;1;C01
201100016575;0;7;0;0;2;2;10;A01
201100016575;0;7;0;0;2;1;1;B02
201100016576;0;7;0;6;0;2;19;A01
201100016577;0;7;0;0;2;2;1;B02
201100016577;0;7;0;0;2;2;17;A01
201100016578;0;7;0;0;2;3;19;A01
201100016578;0;33;0;0;2;1;1;B02
201100016579;0;7;0;0;2;8;1;A01
201100016579;0;7;0;0;2;1;1;B02
201100016580;0;7;0;0;0;5;16;A01
201100016580;0;1;0;0;0;0;0;B02
201100016581;0;2;0;0;2;1;1;B02
201100016581;0;7;0;0;2;3;17;A01
201100016582;0;7;0;0;0;9;1;A01
201100016583;0;30;0;8;0;1;14;A01
201100016584;0;7;0;0;2;9;13;A01
201100016584;0;7;0;0;2;3;1;C01
201100016584;0;7;0;6;2;6;1;B01
201100016585;0;7;0;0;0;8;15;A01
201100016585;0;33;0;0;2;1;17;B01
201100016586;0;7;0;0;2;1;11;B01
201100016586;0;7;0;0;2;1;1;A01
201100016587;0;7;0;0;2;2;16;B01
201100016587;0;2;0;2;2;0;18;A01
201100016588;0;7;0;0;2;1;1;B01
201100016588;0;7;0;0;2;8;13;A01
201100016589;0;7;0;0;2;2;1;B01
201100016589;0;7;0;0;2;1;9;A01
201100016590;0;30;0;0;2;8;1;B01
201100016590;1;7;0;0;2;7;17;A01
201100016591;0;7;0;0;1;1;1;A01
201100016592;0;7;0;0;2;7;0;A01
201100016592;0;7;0;0;2;1;1;B01
201100016593;0;7;0;2;0;1;1;A01
201100016594;0;30;0;0;0;0;2;B01
201100016594;0;7;0;0;0;6;14;A01
201100016595;0;2;0;0;1;1;1;A01
201100016596;0;7;0;0;0;3;20;B01
201100016596;0;33;0;0;2;2;1;A01
201100016597;0;7;0;0;1;1;1;A01
201100016598;0;7;0;0;2;1;1;B01
201100016598;0;7;0;0;2;1;11;A01
201100016599;0;30;0;0;0;1;1;A01
201100016600;0;7;0;0;2;3;15;B02
201100016600;0;7;0;0;2;2;1;A01
201100016601;0;33;0;0;2;1;1;B02
201100016601;0;7;0;0;2;2;15;A01
201100016602;0;31;0;0;2;2;1;A01
201100016602;0;7;0;0;2;3;9;B02
201100016603;0;33;0;13;0;1;1;A01
201100016604;0;7;0;13;0;2;1;A01
201100016605;0;7;0;2;0;2;1;A01
201100016606;0;7;0;0;2;1;2;C03
201100016606;0;7;0;0;2;3;1;B02
201100016606;0;7;0;0;2;2;17;A01
201100016606;0;7;0;0;2;1;1;D04
201100016607;0;7;0;3;2;1;13;A01
201100016607;0;7;0;0;2;2;1;B02
201100016608;0;31;0;0;2;1;5;B01
201100016608;0;7;0;0;2;2;9;A02
201100016609;0;7;0;0;2;8;1;A01
201100016609;0;32;0;0;2;2;2;B02
201100016610;0;33;0;13;0;1;1;A01
201100016611;0;7;0;0;1;3;1;A01
201100016612;0;1;0;0;0;1;23;B02
201100016612;0;10;0;0;9;3;15;A01
201100016613;0;7;0;0;2;1;9;B02
201100016613;0;1;0;0;2;4;1;A01
201100016614;0;7;0;0;1;1;1;A01
201100016615;0;7;0;3;0;2;1;A01
201100016616;0;7;0;0;2;3;1;A01
201100016616;0;7;0;0;2;3;13;B02
201100016617;0;33;0;3;2;1;1;A01
201100016617;0;7;0;16;0;8;9;B02
201100016618;0;34;0;0;2;1;17;A02
201100016618;0;2;0;0;2;6;15;B01
201100016619;0;7;0;0;1;2;1;A01
201100016620;0;7;0;8;0;1;13;A01
201100016621;0;7;0;13;0;2;17;A01
201100016622;0;2;0;0;2;1;1;C03
201100016622;0;2;0;1;2;7;1;A01
201100016623;0;7;0;0;0;1;1;A01
201100016624;0;7;0;0;2;3;13;A01
201100016624;0;7;0;0;0;0;0;B02
201100016625;0;7;0;0;2;1;15;A01
201100016625;0;15;0;0;2;2;1;B02
201100016626;0;7;0;4;0;1;1;A01
201100016627;0;7;0;0;0;0;0;A01
201100016628;0;10;0;0;2;4;23;A01
201100016628;0;7;0;1;2;1;1;B02
201100016629;0;15;0;0;2;1;2;A01
201100016629;0;7;0;0;2;4;1;B02
201100016630;0;7;0;4;0;3;13;A01
201100016631;0;14;0;3;0;1;14;A01
201100016632;0;7;0;1;2;1;1;A01
201100016632;0;7;0;1;2;4;2;B02
201100016633;0;7;0;1;0;2;14;A01
201100016634;0;7;0;13;0;2;14;A01
201100016635;0;7;0;0;2;1;1;B02
201100016635;0;7;0;0;0;3;1;A01
201100016636;0;7;0;13;0;2;1;A01
201100016637;0;7;0;13;0;2;1;A01
201100016638;0;7;0;4;0;5;1;A01
201100016639;0;15;0;0;0;7;1;A01
201100016639;0;7;0;14;0;1;1;B02
201100016640;0;7;0;13;0;3;1;A01
201100016641;0;7;0;0;2;6;23;B02
201100016641;0;7;0;0;2;2;21;A01
201100016642;0;7;0;4;0;1;1;A01
201100016643;0;17;0;0;0;6;24;A01
201100016643;0;14;0;1;0;2;14;C03
201100016644;0;2;0;1;0;1;15;A01
201100016644;0;10;0;0;0;5;24;B02
201100016645;0;7;0;0;2;3;1;B02
201100016645;0;7;0;12;2;1;5;A01
201100016646;0;7;0;0;2;5;19;A01
201100016646;0;7;0;0;2;1;1;B02
201100016647;0;7;0;0;2;3;21;B02
201100016647;0;7;0;0;2;3;17;A01
201100016648;0;1;0;0;2;4;2;B02
201100016648;0;7;0;0;2;2;17;A01
201100016649;0;33;0;0;2;1;21;A01
201100016649;0;21;0;0;2;2;9;B02
201100016650;0;7;0;0;1;2;1;A01
201100016651;0;33;0;3;0;3;0;A01
201100016652;0;7;0;2;0;3;19;A01
201100016653;0;33;0;14;0;1;19;A01
201100016654;0;10;0;0;2;1;1;B02
201100016654;0;7;0;0;2;2;13;A01
201100016655;0;7;0;0;2;3;15;A01
201100016655;0;30;0;0;2;1;1;B01
201100016656;0;7;0;0;2;2;15;A01
201100016656;0;2;0;0;2;7;3;B02
201100016657;0;7;0;6;0;1;1;A01
201100016658;0;7;0;0;2;1;1;B02
201100016658;0;7;0;0;2;1;13;A01
201100016659;0;7;0;0;2;3;1;A01
201100016659;0;7;0;0;0;1;1;B02
201100016660;0;14;0;0;2;7;17;A01
201100016660;0;2;0;0;2;0;15;B02
201100016661;0;7;0;0;2;3;1;B02
201100016661;0;7;0;0;2;3;17;A01
201100016662;0;15;0;0;2;3;0;B02
201100016662;0;10;0;0;2;3;1;A01
201100016663;0;7;0;0;1;2;1;A01
201100016664;0;7;0;13;0;1;0;A01
201100016665;0;7;0;5;0;8;1;A01
201100016666;0;7;0;0;9;2;1;A01
201100016666;0;1;0;0;2;8;1;B02
201100016667;0;7;0;0;2;2;15;B02
201100016667;0;33;0;0;2;7;1;A01
201100016668;0;7;0;0;0;0;0;A01
201100016668;0;7;0;0;2;2;1;B02
201100016669;0;7;0;0;2;1;13;A01
201100016669;0;7;0;0;2;1;1;B02
201100016670;0;7;0;8;0;1;1;A01
201100016671;0;7;0;13;0;3;1;A01
201100016672;0;30;0;0;0;3;1;A01
201100016672;0;7;0;0;0;3;1;B02
201100016673;0;1;0;0;2;3;15;B02
201100016673;0;7;0;0;2;2;1;A01
201100016674;0;33;0;2;0;2;0;A01
201100016675;0;32;0;0;2;1;1;A01
201100016675;0;1;0;0;2;1;1;B02
201100016676;0;7;0;0;2;3;1;B02
201100016676;0;10;0;0;2;3;13;A01
201100016677;0;2;0;0;2;1;1;B02
201100016677;0;7;0;0;2;2;5;A01
201100016678;0;31;0;0;2;2;13;A01
201100016678;0;7;0;0;2;2;1;B02
201100016679;0;7;0;0;2;1;1;B02
201100016679;0;7;0;0;2;1;13;A01
201100016680;0;7;0;0;2;7;13;A01
201100016680;0;7;0;0;2;1;1;B02
201100016681;0;32;0;0;0;9;13;A01
201100016682;0;7;0;0;2;1;13;A01
201100016682;0;7;0;0;2;1;1;B02
201100016683;0;7;0;13;0;1;1;A01
201100016684;0;7;0;0;1;2;1;A01
201100016685;0;33;0;0;2;3;1;B02
201100016685;0;7;0;0;2;7;15;A01
201100016686;0;7;0;0;0;4;1;B02
201100016686;0;2;0;0;2;1;1;A01
201100016687;0;7;0;0;2;2;15;A01
201100016687;0;2;0;0;2;1;1;B02
201100016688;0;7;0;13;6;1;2;A01
201100016689;0;2;0;0;2;1;1;A01
201100016689;0;7;0;0;2;2;19;B02
201100016689;0;7;0;0;2;3;23;C03
201100016690;0;7;0;0;9;3;15;A01
201100016690;0;30;0;0;2;1;1;B02
201100016691;0;7;0;0;1;8;15;A01
201100016692;0;7;0;0;2;2;17;A01
201100016692;0;2;0;0;2;8;1;B02
201100016693;0;33;0;9;0;1;14;A01
201100016694;0;31;0;6;0;2;1;A01
201100016695;0;2;0;0;2;1;1;B02
201100016695;0;7;0;0;2;2;15;A01
201100016696;0;7;0;0;5;9;1;A01
201100016697;0;14;0;0;0;4;2;B02
201100016697;0;7;0;0;2;0;2;A01
201100016698;0;3;0;16;0;6;1;A01
201100016698;0;7;0;0;2;1;1;B02
201100016699;0;7;0;0;1;1;15;A01
201100016700;0;7;0;8;0;1;1;A01
201100016701;0;33;0;0;6;1;1;A01
201100016702;0;33;0;6;0;2;1;A01
201100016703;0;7;0;0;2;2;13;A01
201100016703;0;7;0;0;2;3;1;B02
201100016704;0;7;0;13;0;3;0;A01
201100016705;0;7;0;0;1;1;1;A01
201100016706;0;7;0;4;0;3;1;A01
201100016707;0;7;0;0;0;6;2;B02
201100016707;0;7;0;0;2;2;21;A01
201100016708;0;7;0;0;2;4;2;B02
201100016708;0;7;0;0;2;1;2;A01
201100016709;0;7;0;0;2;2;1;A01
201100016709;0;15;0;0;2;6;2;B02
201100016710;0;7;0;4;2;5;17;A01
201100016710;0;17;0;0;2;5;13;B02
201100016711;0;7;0;0;2;1;17;A01
201100016711;0;10;0;0;2;8;17;B02
201100016711;0;17;0;0;2;8;1;C02
201100016712;0;7;0;0;2;9;5;A01
201100016712;0;7;0;0;2;3;1;B02
201100016713;0;7;0;13;0;2;0;A01
201100016714;0;7;0;4;2;1;1;A01
201100016715;0;7;0;0;0;4;23;A02
201100016715;0;7;0;13;1;1;14;A01
201100016716;0;7;0;0;0;4;23;A01
201100016716;0;14;0;0;2;1;1;A02
201100016717;0;7;0;3;2;3;19;A01
201100016717;0;15;0;0;2;8;1;B02
201100016718;0;10;0;0;2;2;14;A01
201100016718;0;7;0;0;0;6;1;B02
201100016719;0;33;0;0;0;2;1;A01
201100016720;0;7;0;0;2;2;2;A01
201100016720;0;17;0;0;2;3;2;B02
201100016721;0;33;0;0;2;1;21;A01
201100016721;0;7;0;0;0;6;2;B02
201100016721;0;7;0;0;2;3;1;C03
201100016722;0;7;0;0;0;4;0;A01
201100016722;0;7;0;1;2;1;2;B02
201100016723;0;33;0;0;2;3;18;A01
201100016723;0;37;1;0;2;5;12;B02
201100016723;0;17;0;0;2;3;21;C03
201100016724;0;7;0;0;2;1;0;A01
201100016724;0;10;0;0;0;4;1;B02
201100016725;0;7;0;0;0;9;0;A01
201100016726;0;7;0;0;2;2;3;A01
201100016726;0;17;0;0;0;6;1;B02
201100016727;0;7;0;0;0;0;23;A01
201100016727;0;7;0;0;9;1;2;B02
201100016727;0;7;0;0;2;1;2;C03
201100016728;0;7;0;13;0;2;12;A01
201100016729;0;7;0;4;0;3;1;A01
201100016730;0;17;0;13;0;2;1;A01
201100016731;0;7;0;4;0;3;11;A01
201100016732;0;7;0;0;2;1;2;A01
201100016732;0;15;0;0;0;6;0;B02
201100016733;0;7;0;0;2;1;14;A01
201100016733;0;15;0;0;0;4;23;B02
201100016734;0;7;0;4;0;1;1;A01
201100016735;0;7;0;0;2;1;2;F06
201100016735;0;7;0;0;0;4;1;A01
201100016735;0;7;0;0;2;4;2;B02
201100016735;0;7;0;0;2;4;2;C03
201100016735;0;7;0;0;2;4;2;E05
201100016735;0;7;0;0;2;4;2;G07
201100016735;0;7;0;0;2;4;2;D04
201100016735;0;7;0;0;2;4;2;H08
201100016736;0;7;0;13;0;9;14;A01
201100016737;0;33;0;0;0;7;0;A01
201100016738;0;7;0;2;0;1;1;A01
201100016739;0;7;0;13;0;2;1;A01
201100016740;0;7;0;10;0;1;1;A01
201100016740;0;7;0;0;2;1;1;B02
201100016741;0;7;0;0;2;2;1;A01
201100016741;0;13;0;0;0;6;1;B02
201100016741;0;7;0;0;0;3;1;C03
201100016742;0;7;0;0;2;5;2;A01
201100016742;0;17;0;0;2;3;0;B02
201100016743;0;15;0;0;0;4;1;B02
201100016743;0;7;0;0;2;1;17;A01
201100016744;0;7;0;13;0;1;1;A01
201100016745;0;7;0;4;2;1;11;B02
201100016745;0;7;0;4;2;6;1;A01
201100016746;0;7;0;14;0;2;1;B02
201100016746;0;7;0;4;0;9;1;A01
201100016747;0;17;0;3;0;1;1;A01
201100016748;0;15;0;0;0;4;14;A01
201100016749;0;7;0;0;2;4;2;B02
201100016749;0;7;0;0;2;1;2;A01
201100016750;0;7;0;0;2;2;1;A01
201100016750;0;7;0;0;2;4;1;B02
201100016751;0;7;0;4;0;9;21;A01
201100016752;0;7;0;0;2;8;0;B02
201100016752;0;10;0;0;2;7;1;A01
201100016753;0;17;0;4;0;3;1;A01
201100016754;0;7;0;4;0;3;1;A01
201100016755;0;7;0;0;2;3;1;B02
201100016755;0;7;0;4;2;4;9;A01
201100016756;0;7;0;3;0;7;1;A01
201100016757;0;7;0;0;2;2;21;B02
201100016757;0;7;0;4;0;1;1;A01
201100016758;0;10;0;0;2;6;23;A01
201100016758;0;17;0;1;0;2;14;B02
201100016759;0;7;0;14;0;1;1;B02
201100016759;0;7;0;3;0;1;1;A01
201100016760;0;10;0;0;0;3;0;A01
201100016761;0;17;0;0;0;4;0;B02
201100016761;0;7;0;0;0;0;0;A01
201100016762;0;17;0;0;2;4;2;B02
201100016762;0;17;0;0;2;3;21;D04
201100016762;0;17;0;0;2;8;1;C03
201100016762;0;7;0;4;2;1;2;A01
201100016763;0;7;0;3;0;2;14;A01
201100016764;0;7;0;3;0;1;13;A01
201100016765;0;10;0;0;2;1;2;A01
201100016765;0;10;0;0;2;6;2;B02
201100016766;0;17;0;0;2;8;1;C03
201100016766;0;7;0;0;2;4;2;B02
201100016766;0;7;0;0;2;1;2;A01
201100016767;0;10;0;0;2;2;11;A01
201100016767;0;15;0;0;0;0;1;B02
201100016768;0;7;0;0;0;2;19;A01
201100016768;0;7;0;0;2;1;1;B02
201100016769;0;7;0;4;0;1;0;A01
201100016770;0;7;0;4;0;8;13;A01
201100016771;0;7;0;4;0;3;17;A01
201100016772;0;17;0;3;0;7;1;A01
201100016773;0;7;0;0;2;3;0;A01
201100016773;0;7;0;0;2;3;0;B02
201100016774;0;7;0;0;2;1;2;B02
201100016774;0;7;0;0;2;4;2;A01
201100016775;0;17;0;0;2;1;2;A01
201100016775;0;7;0;0;0;4;2;C03
201100016776;0;7;0;4;2;7;21;B02
201100016776;0;7;0;0;2;8;13;A01
201100016777;0;7;0;14;0;3;2;B02
201100016777;0;7;0;4;0;3;13;A01
201100016778;0;7;0;0;0;1;2;B02
201100016778;0;7;0;0;0;4;2;A01
201100016779;0;7;0;0;2;1;2;A01
201100016779;0;17;0;0;2;0;1;B02
201100016780;0;14;0;0;0;1;1;A01
201100016781;0;7;0;0;1;3;1;A01
201100016782;0;7;0;0;2;7;1;B02
201100016782;0;33;0;0;2;8;11;A01
201100016783;0;7;0;0;2;2;1;B02
201100016783;0;10;0;3;2;6;18;A01
201100016784;0;7;0;0;2;4;2;C03
201100016784;0;7;0;0;2;4;2;B02
201100016784;0;7;0;14;0;0;2;A01
201100016785;0;7;0;0;2;1;2;B02
201100016785;0;7;0;0;2;1;13;A01
201100016786;0;33;0;0;0;8;1;A01
201100016787;0;7;0;0;0;4;1;B02
201100016787;0;7;0;0;2;1;2;A01
201100016788;0;7;0;3;0;4;1;A01
201100016789;0;33;0;0;2;1;2;C03
201100016789;0;33;0;0;2;1;2;A01
201100016789;0;7;0;0;0;5;1;B02
201100016790;0;7;0;0;2;1;1;B02
201100016790;0;7;0;0;2;1;5;A01
201100016791;0;7;0;0;0;6;1;B02
201100016791;0;7;0;0;2;2;2;A01
201100016792;0;15;0;0;2;2;1;B02
201100016793;0;33;0;0;2;1;2;A01
201100016793;0;7;0;0;0;5;2;B02
201100016794;0;38;0;0;2;3;1;B02
201100016794;0;7;0;3;2;1;1;A01
201100016795;0;7;0;0;9;3;17;B02
201100016795;0;7;0;3;0;3;13;A01
201100016796;0;7;0;14;0;1;2;C03
201100016796;0;7;0;0;2;1;2;A01
201100016796;0;15;0;0;2;4;2;B02
201100016797;0;7;0;0;0;6;2;C03
201100016797;0;7;0;0;2;6;1;B02
201100016797;0;7;0;0;2;1;2;A01
201100016797;0;7;0;0;2;2;2;D04
201100016798;0;7;0;8;0;1;14;A01
201100016799;0;7;0;1;0;2;1;A01
201100016799;0;17;0;0;2;6;23;B02
201100016800;0;7;0;3;0;3;2;B02
201100016800;0;7;0;0;2;1;2;C03
201100016800;0;7;0;3;0;3;2;A01
201100016800;0;7;0;0;0;6;2;D04
201100016801;0;7;0;0;2;5;12;A01
201100016801;0;7;0;0;2;3;1;B02
201100016802;0;33;0;0;0;8;1;A01
201100016803;0;7;0;0;2;2;2;A01
201100016803;0;7;0;0;0;6;1;B02
201100016804;0;7;0;10;0;1;1;A01
201100016805;0;10;0;14;0;2;12;B02
201100016805;0;15;0;3;0;2;1;A01
201100016806;0;15;0;0;1;5;2;B02
201100016806;0;7;0;3;0;2;1;A01
201100016807;0;7;0;3;0;3;1;A01
201100016808;0;17;0;0;2;4;2;B02
201100016808;0;10;0;0;2;1;2;A01
201100016809;0;10;0;3;0;2;1;A01
201100016809;0;7;0;1;0;1;1;C03
201100016809;0;17;0;0;2;3;1;B02
201100016810;0;7;0;3;0;3;17;A01
201100016811;0;7;0;0;2;3;1;A01
201100016811;0;33;0;0;2;3;1;B02
201100016812;0;17;0;1;0;2;1;A01
201100016812;0;15;0;0;0;6;23;B02
201100016813;0;10;0;0;2;1;2;A01
201100016813;0;10;0;0;0;4;2;B02
201100016814;0;17;0;0;2;1;1;C03
201100016814;0;33;0;0;2;1;17;A01
201100016814;0;17;0;0;0;4;17;B02
201100016815;0;7;0;16;0;9;2;A01
201100016816;0;17;0;0;2;6;1;B02
201100016816;0;10;0;0;2;2;11;A01
201100016817;0;7;0;0;2;1;1;B02
201100016817;0;15;0;0;2;4;1;A01
201100016818;0;10;0;0;2;7;23;A01
201100016819;0;7;0;0;2;6;23;A01
201100016819;0;7;0;4;2;1;1;B02
201100016820;0;14;0;0;1;2;1;A01
201100016821;0;7;0;4;2;8;0;A01
201100016821;0;7;0;0;2;7;1;B02
201100016822;0;7;0;0;0;0;0;A01
201100016823;0;7;0;14;2;1;2;B02
201100016823;0;7;0;14;2;1;2;D04
201100016823;0;7;0;14;2;2;21;C03
201100016823;0;7;0;3;0;2;14;A01
201100016824;0;10;0;0;9;1;1;E05
201100016824;0;7;0;0;9;1;1;D04
201100016824;0;10;0;0;2;3;2;A01
201100016824;0;14;0;0;0;6;2;B02
201100016824;0;7;0;14;0;1;1;C03
201100016825;0;10;0;0;0;4;2;A01
201100016825;0;17;0;0;2;1;2;B02
201100016826;0;14;0;6;0;2;14;A01
201100016827;0;7;0;4;0;2;1;A01
201100016828;0;7;0;3;0;1;1;A01
201100016829;0;33;0;0;0;7;1;A01
201100016830;0;7;0;0;2;2;14;A01
201100016830;0;15;0;0;2;6;1;B02
201100016831;0;10;0;4;0;8;1;A01
201100016832;0;7;0;0;2;3;21;A01
201100016832;0;14;0;0;2;7;1;B02
201100016832;0;7;0;0;2;5;1;C03
201100016833;0;7;0;4;0;2;14;A01
201100016834;0;10;0;0;2;2;3;A01
201100016834;0;7;0;0;0;6;1;B02
201100016835;0;7;0;4;0;3;13;A01
201100016836;0;7;0;3;2;4;1;B02
201100016836;0;7;0;3;2;1;1;A01
201100016837;0;7;0;1;0;1;1;A01
201100016837;0;7;0;0;2;4;23;B02
201100016838;0;33;0;8;0;7;1;A01
201100016839;0;1;0;0;0;0;21;C03
201100016839;0;10;0;0;2;3;17;A01
201100016839;0;10;0;0;2;3;1;B02
201100016840;0;7;0;0;1;1;1;A01
201100016841;0;7;0;0;2;3;1;B02
201100016841;0;30;0;0;2;1;13;A01
201100016842;0;7;0;0;2;8;1;B02
201100016842;0;30;0;0;2;1;13;A01
201100016843;0;7;0;0;2;3;16;B02
201100016843;0;7;0;0;2;2;1;A01
201100016844;0;7;0;0;2;7;13;A01
201100016844;0;7;0;0;2;1;1;B02
201100016845;0;7;0;0;2;3;13;A01
201100016845;0;7;0;0;2;3;1;B02
201100016846;0;2;0;0;2;1;1;B02
201100016846;0;7;0;0;2;3;15;A01
201100016847;0;7;0;0;2;1;1;B02
201100016847;0;7;0;0;2;1;1;A01
201100016848;0;3;0;0;2;3;13;A01
201100016848;0;7;0;0;2;3;1;B02
201100016849;0;2;0;0;2;1;1;B02
201100016849;0;7;0;0;2;3;15;A01
201100016850;2;7;0;0;1;0;1;A01
201100016851;0;7;0;3;0;3;21;A01
201100016852;0;10;0;0;2;5;2;B02
201100016852;0;15;0;0;2;0;9;C03
201100016852;0;7;0;0;2;1;13;A01
201100016853;0;7;0;0;2;4;23;B02
201100016853;0;17;0;1;0;3;2;C03
201100016853;0;7;0;4;0;2;23;A01
201100016854;0;14;0;3;0;2;14;A01
201100016855;0;7;0;3;0;1;1;A01
201100016856;0;99;0;0;0;0;0;A01
201100016856;0;14;0;0;0;4;2;B02
201100016857;0;7;0;4;0;6;1;A01
201100016858;0;7;0;0;0;8;19;A01
201100016858;0;7;0;0;2;1;1;B02
201100016859;0;7;0;0;2;1;2;A01
201100016859;0;7;0;0;0;4;1;B02
201100016860;0;7;0;4;0;3;1;A01
201100016861;0;7;0;0;2;1;1;A01
201100016862;0;7;0;0;0;0;0;B02
201100016862;0;7;0;0;0;0;0;A01
201100016863;0;7;0;0;2;1;2;C03
201100016863;0;7;0;0;2;1;1;B02
201100016863;0;7;0;0;2;6;17;A01
201100016864;0;33;0;0;2;4;12;A01
201100016864;0;33;0;0;2;1;12;B02
201100016865;0;7;0;0;2;1;21;C02
201100016865;0;7;0;4;1;3;1;B01
201100016866;0;17;0;0;2;1;1;A01
201100016866;0;17;0;0;0;6;1;B02
201100016867;0;7;0;13;0;0;1;A01
201100016868;0;7;0;0;2;4;1;A01
201100016868;0;7;0;0;2;1;2;C03
201100016868;0;7;0;0;2;1;2;B02
201100016869;0;7;0;4;0;1;1;A01