num_acc;senc;catv;occutc;obs;obsm;choc;manv;num_veh
201100016870;0;7;0;4;0;2;0;A01
201100016871;0;7;0;0;2;1;2;A01
201100016871;0;14;0;0;2;3;2;B02
201100016872;0;7;0;3;0;9;14;A01
201100016873;0;7;0;0;2;2;5;A01
201100016873;0;17;0;0;2;2;1;B02
201100016874;0;17;0;1;1;1;24;A01
201100016875;0;14;0;3;0;9;1;A01
201100016876;0;7;0;0;2;1;1;A01
201100016876;0;7;0;0;2;4;1;B02
201100016877;0;7;0;4;0;1;0;A01
201100016878;0;17;0;0;0;0;1;B02
201100016878;0;7;0;0;2;1;1;A01
201100016879;0;7;0;4;0;1;17;A01
201100016880;0;17;0;0;0;6;1;B02
201100016880;0;10;0;14;0;1;2;C03
201100016880;0;7;0;0;2;1;1;A01
201100016881;0;17;0;4;0;1;1;A01
201100016882;0;7;0;16;0;1;14;A01
201100016883;0;7;0;4;0;3;13;A01
201100016884;0;10;0;0;0;0;1;A01
201100016884;0;7;0;0;0;1;1;C03
201100016884;0;7;0;0;0;4;0;B02
201100016885;0;10;0;3;0;8;1;A01
201100016886;0;15;0;0;0;6;1;B02
201100016886;0;10;0;0;2;2;14;A01
201100016887;0;7;0;0;2;8;1;A01
201100016887;0;7;0;0;2;1;1;D04
201100016887;0;7;0;0;2;1;1;C03
201100016888;0;15;0;0;2;5;2;B02
201100016888;0;17;0;0;2;4;2;F06
201100016888;0;17;0;0;2;5;2;E05
201100016888;0;17;0;0;2;4;2;D04
201100016888;0;14;0;0;2;7;2;C03
201100016888;0;15;0;0;2;1;12;A01
201100016889;0;33;0;0;0;8;1;B02
201100016889;0;10;0;16;0;1;1;A01
201100016890;0;7;0;0;0;1;14;A01
201100016891;0;7;0;0;0;1;13;A01
201100016892;0;7;0;0;0;6;1;A01
201100016892;0;17;0;0;2;2;2;B02
201100016892;0;10;0;0;2;1;21;C03
201100016893;0;7;0;0;0;4;23;A01
201100016893;0;15;0;0;0;0;1;D04
201100016893;0;14;0;0;0;4;23;C03
201100016893;0;17;0;0;0;0;23;B02
201100016894;0;7;0;0;0;3;0;A01
201100016895;0;10;0;0;2;1;2;A01
201100016895;0;7;0;0;2;4;2;B02
201100016896;0;7;0;0;2;1;1;A01
201100016897;0;7;0;0;0;1;0;B02
201100016897;0;7;0;0;0;1;15;A01
201100016898;0;33;0;0;0;0;1;A01
201100016899;0;7;0;0;2;3;16;A01
201100016899;0;7;0;0;2;1;1;B02
201100016900;0;7;0;0;2;1;1;A01
201100016900;0;1;0;0;2;8;15;B02
201100016901;0;33;0;2;0;1;1;A01
201100016902;0;33;0;0;2;1;13;A01
201100016902;0;7;0;0;2;1;1;B02
201100016903;0;7;0;0;2;3;1;B02
201100016903;0;7;0;0;2;2;10;A01
201100016904;0;10;0;4;0;3;1;A01
201100016905;0;7;0;0;1;6;4;A01
201100016906;0;17;0;1;0;7;14;A01
201100016906;0;10;0;0;2;8;23;B02
201100016907;0;7;0;0;2;1;2;A01
201100016907;0;17;0;0;0;4;2;B02
201100016908;0;10;0;0;2;1;2;A01
201100016908;0;7;0;0;2;4;23;B02
201100016908;0;7;0;0;2;4;23;C03
201100016908;0;10;0;0;2;4;23;D04
201100016908;0;17;0;0;2;6;23;E05
201100016909;0;7;0;4;0;3;0;A01
201100016910;0;7;0;4;0;3;1;A01
201100016911;0;7;0;4;0;1;21;A01
201100016912;0;7;0;13;0;9;13;A01
201100016912;0;17;0;0;0;0;1;B02
201100016913;0;7;0;0;2;1;2;A01
201100016913;0;7;0;0;2;4;2;B02
201100016913;0;7;0;0;2;2;21;C03
201100016914;0;7;0;0;2;1;2;A01
201100016914;0;17;0;0;2;4;2;B02
201100016915;0;7;0;13;0;1;1;A01
201100016916;0;17;0;0;0;6;2;B02
201100016916;0;7;0;0;2;2;2;A01
201100016917;0;10;0;0;0;7;1;A01
201100016918;0;7;0;0;2;1;2;A01
201100016918;0;10;0;0;0;4;2;B02
201100016918;0;7;0;0;9;1;2;C03
201100016919;0;7;0;5;0;1;1;A01
201100016920;0;7;0;13;0;0;11;B02
201100016920;0;7;0;13;0;0;14;A01
201100016921;0;7;0;0;9;2;17;B02
201100016921;0;7;0;3;0;1;13;A01
201100016922;0;7;0;3;0;9;1;A01
201100016923;0;14;0;0;2;1;2;A01
201100016923;0;15;0;0;0;4;2;B02
201100016924;1;10;0;0;1;8;13;A01
201100016925;0;7;0;0;2;2;17;A01
201100016925;0;7;0;0;2;4;1;B02
201100016926;0;10;0;1;0;1;2;C03
201100016926;0;10;0;0;0;4;23;B02
201100016926;0;7;0;4;0;1;1;A01
201100016926;0;14;0;0;2;8;21;D04
201100016927;0;7;0;0;2;1;1;A01
201100016927;0;37;3;0;0;4;23;C03
201100016927;0;36;0;14;2;4;23;B02
201100016928;0;10;0;0;2;1;1;A01
201100016928;0;7;0;0;2;7;19;B02
201100016929;0;33;0;0;2;5;16;A01
201100016929;0;30;0;0;2;2;1;B02
201100016930;0;14;0;0;2;2;15;A01
201100016930;0;7;0;0;2;1;1;B02
201100016931;0;7;0;13;0;3;1;A01
201100016932;0;7;0;8;0;2;1;A01
201100016933;0;7;0;16;0;1;1;A01
201100016934;0;7;0;0;0;3;9;B02
201100016934;0;30;0;0;0;1;1;A01
201100016935;0;33;0;13;0;2;14;A01
201100016936;0;7;0;0;2;6;13;A01
201100016936;0;2;0;0;2;1;1;B02
201100016937;0;7;0;8;0;2;1;A01
201100016938;0;7;0;0;2;2;19;B02
201100016938;0;33;0;0;2;1;1;A01
201100016939;0;7;0;0;2;3;1;B02
201100016939;0;7;0;0;2;3;13;A01
201100016940;0;7;0;13;0;1;1;A01
201100016941;0;33;0;16;0;0;15;A01
201100016942;0;7;0;16;0;9;1;A01
201100016943;0;7;0;0;0;4;1;B02
201100016943;0;10;0;0;0;8;1;C03
201100016943;0;33;0;0;2;1;1;A01
201100016944;0;33;0;0;0;1;1;B02
201100016944;0;15;0;0;0;6;19;A01
201100016945;0;7;0;0;2;3;1;B02
201100016945;0;21;0;0;2;1;1;A01
201100016946;0;1;0;0;2;1;13;A01
201100016946;0;7;0;0;2;3;1;B02
201100016946;0;1;0;0;0;8;1;C03
201100016946;0;1;0;0;0;8;1;D04
201100016947;0;33;0;0;2;3;5;A01
201100016948;0;7;0;0;2;3;1;B02
201100016948;0;10;0;0;2;3;13;A01
201100016949;0;7;0;0;2;7;17;A01
201100016949;0;14;0;0;2;1;1;B02
201100016950;0;7;0;9;0;2;1;A01
201100016951;0;14;0;13;0;9;1;A01
201100016952;0;7;0;0;2;2;21;B02
201100016952;0;10;0;0;2;5;1;A01
201100016953;0;7;0;0;1;1;17;A01
201100016954;0;7;0;0;0;4;2;A01
201100016954;0;7;0;0;2;1;2;B02
201100016955;0;33;0;0;2;7;1;B02
201100016955;0;7;0;0;2;3;9;A01
201100016956;0;30;0;0;1;1;1;A01
201100016957;0;33;0;16;0;1;1;A01
201100016958;0;7;0;0;2;2;1;A01
201100016958;0;1;0;0;2;1;1;B02
201100016959;0;7;0;3;0;2;2;A01
201100016960;0;7;0;13;0;9;1;A01
201100016961;0;31;0;3;0;7;17;A01
201100016962;0;7;0;13;0;2;14;A01
201100016963;0;7;0;0;2;3;5;A01
201100016963;0;7;0;0;2;1;1;B02
201100016964;0;7;0;0;2;2;17;A01
201100016964;0;99;0;0;0;0;1;C03
201100016965;0;7;0;0;2;1;1;C03
201100016965;0;7;0;3;0;6;1;B02
201100016965;0;7;0;0;2;2;14;A01
201100016966;0;7;0;3;0;8;9;A01
201100016967;0;7;0;3;0;8;17;A01
201100016968;0;7;0;12;0;3;16;A01
201100016969;0;7;0;3;0;2;11;A01
201100016970;0;10;0;2;2;2;1;A01
201100016970;0;7;0;0;1;8;2;B02
201100016971;0;7;0;0;0;3;1;B02
201100016971;0;7;0;0;0;1;15;A01
201100016972;0;7;0;0;2;3;15;B02
201100016972;0;32;0;15;2;1;1;A01
201100016973;0;7;0;0;2;3;13;A01
201100016973;0;33;0;0;2;1;1;B02
201100016974;0;7;0;0;2;3;15;A01
201100016974;0;34;0;0;0;3;1;B02
201100016975;0;33;0;0;0;7;1;A01
201100016976;0;33;0;13;0;1;1;A01
201100016977;0;30;0;0;2;1;1;A01
201100016977;0;7;0;0;2;7;15;B02
201100016978;0;7;0;0;2;1;15;B02
201100016978;0;7;0;0;2;1;1;A01
201100016979;0;30;0;0;2;1;13;A01
201100016979;0;7;0;0;2;3;1;B02
201100016980;0;7;0;1;0;2;2;A01
201100016980;0;7;0;0;0;6;23;B02
201100016981;0;33;0;0;2;2;14;A01
201100016981;0;7;0;0;2;8;1;B02
201100016982;0;7;0;0;2;4;2;B02
201100016982;0;7;0;0;2;1;2;A01
201100016983;0;14;0;0;2;1;1;A01
201100016983;0;17;0;0;0;4;1;B02
201100016984;0;7;0;0;2;4;2;A01
201100016984;0;7;0;0;2;3;2;B02
201100016985;0;17;0;0;2;6;1;D04
201100016985;0;10;0;0;2;7;14;A01
201100016985;0;10;0;0;2;8;1;B02
201100016986;0;33;0;0;6;7;11;A01
201100016987;0;7;0;3;0;9;1;A01
201100016988;0;7;0;0;2;2;17;A01
201100016988;0;7;0;0;2;6;2;B02
201100016989;0;7;0;0;2;1;2;B02
201100016989;0;7;0;3;0;3;2;A01
201100016990;0;7;0;3;0;1;2;A01
201100016991;0;7;0;0;2;2;2;B02
201100016991;0;7;0;0;2;6;1;A01
201100016992;0;7;0;4;0;3;0;A01
201100016993;0;7;0;4;0;9;15;A01
201100016994;0;7;0;0;2;4;2;B02
201100016994;0;17;0;0;2;1;2;A01
201100016995;0;7;0;0;2;2;1;B02
201100016995;0;10;0;0;2;3;13;A01
201100016996;0;7;0;3;0;1;1;A01
201100016997;0;7;0;0;2;1;1;A01
201100016997;0;7;0;0;0;4;0;B02
201100016998;0;10;0;0;2;1;1;C03
201100016998;0;14;0;0;2;1;1;B02
201100016998;0;7;0;3;0;9;1;A01
201100016999;0;7;0;13;0;7;16;A01
201100017000;0;10;0;0;2;5;1;B02
201100017000;0;7;0;0;2;3;14;A01
201100017001;0;7;0;1;0;1;14;A01
201100017001;0;7;0;0;0;0;24;C03
201100017001;0;14;0;0;2;6;20;B02
201100017002;0;7;0;4;0;3;1;A01
201100017003;0;7;0;0;2;2;1;B02
201100017003;0;17;0;0;2;6;1;A01
201100017004;0;7;0;0;5;1;2;A01
201100017004;0;7;0;1;0;1;1;B02
201100017004;0;7;0;1;0;1;0;C03
201100017005;0;7;0;13;0;0;1;A01
201100017006;0;7;0;4;0;1;1;A01
201100017006;0;7;0;14;0;1;1;B02
201100017006;0;7;0;0;2;1;1;C03
201100017007;0;7;0;4;0;3;2;A01
201100017008;0;7;0;0;2;7;12;A01
201100017008;0;7;0;0;2;3;1;B02
201100017008;0;7;0;0;2;8;1;C03
201100017009;0;10;0;0;1;6;2;A01
201100017010;0;15;0;0;2;8;1;A01
201100017010;0;7;0;0;2;2;14;B02
201100017011;0;7;0;1;0;2;14;A01
201100017011;0;17;0;0;2;3;24;B02
201100017012;0;7;0;0;2;4;23;B02
201100017012;0;7;0;0;2;4;23;C03
201100017012;0;7;0;0;2;1;1;A01
201100017013;0;7;0;0;2;1;12;A01
201100017013;0;15;0;0;0;4;0;B02
201100017014;0;7;0;4;0;1;1;A01
201100017015;2;7;0;3;0;1;13;A01
201100017015;0;7;0;0;2;3;0;B02
201100017016;0;7;0;0;2;4;2;B02
201100017016;0;7;0;0;2;1;2;A01
201100017017;0;17;0;0;2;2;0;C03
201100017017;0;7;0;0;0;4;1;A01
201100017017;0;17;0;0;2;2;1;B02
201100017018;0;7;0;0;0;9;1;A01
201100017019;0;10;0;0;2;6;13;A01
201100017019;0;7;0;0;2;7;0;B02
201100017020;0;7;0;3;0;1;1;A01
201100017021;0;7;0;4;2;6;1;B02
201100017021;0;7;0;4;2;7;17;A01
201100017022;0;7;0;3;2;3;0;A01
201100017022;0;17;0;0;2;6;0;B02
201100017023;0;7;0;0;2;6;1;A01
201100017023;0;7;0;0;2;2;2;B02
201100017024;0;7;0;15;0;9;16;A01
201100017025;0;7;0;0;0;4;1;B02
201100017025;0;15;0;0;2;1;1;A01
201100017026;0;7;0;3;2;3;1;B02
201100017026;0;7;0;4;2;5;17;A01
201100017027;0;33;0;3;0;4;1;B02
201100017027;0;7;0;0;2;1;1;A01
201100017027;0;7;0;0;2;1;1;C03
201100017028;0;17;0;0;2;6;1;B02
201100017028;0;7;0;0;2;2;2;A01
201100017029;0;17;0;3;0;8;19;A01
201100017029;0;7;0;0;9;1;1;B02
201100017030;0;7;0;3;0;1;21;A01
201100017031;0;7;0;0;9;0;0;C03
201100017031;0;10;0;0;9;0;1;E05
201100017031;0;7;0;3;2;4;1;B02
201100017031;2;7;0;0;2;1;2;A01
201100017031;0;7;0;0;9;0;1;D04
201100017032;0;7;0;0;2;2;2;A01
201100017032;0;17;0;0;2;6;1;B02
201100017033;0;7;0;0;2;8;1;B02
201100017033;0;33;0;0;2;1;1;A01
201100017034;0;7;0;0;2;3;13;A01
201100017034;0;7;0;0;2;3;1;B02
201100017035;0;7;0;0;0;1;2;A01
201100017035;0;7;0;0;2;4;23;B02
201100017036;0;13;0;0;1;4;4;A01
201100017037;0;33;0;2;0;1;1;A01
201100017038;0;14;0;0;2;2;1;A01
201100017038;0;33;0;0;2;7;16;B02
201100017039;0;15;0;2;0;8;16;A01
201100017040;0;7;0;6;0;1;13;A01
201100017041;0;7;0;0;2;3;1;B02
201100017041;0;7;0;0;2;3;13;A01
201100017042;0;7;0;0;0;3;15;B02
201100017042;0;33;0;0;2;1;17;A01
201100017043;0;7;0;0;2;8;19;A01
201100017043;0;10;0;0;2;1;1;B02
201100017044;0;7;0;11;0;1;1;A01
201100017045;0;7;0;0;2;1;23;C03
201100017045;0;7;0;0;2;0;15;A01
201100017045;0;33;0;0;2;1;1;B02
201100017046;0;7;0;0;2;1;13;A01
201100017046;0;7;0;0;2;8;2;B02
201100017047;0;7;0;0;2;1;1;B02
201100017047;0;7;0;0;2;7;1;A01
201100017048;0;33;0;0;2;1;1;B02
201100017048;0;10;0;0;2;8;15;A01
201100017049;0;7;0;13;0;2;1;A01
201100017050;0;30;0;12;0;1;1;A01
201100017051;0;7;0;0;1;1;1;A01
201100017052;0;7;0;0;2;1;1;A01
201100017052;0;7;0;0;2;1;1;B02
201100017053;0;17;0;0;2;4;1;C03
201100017053;0;17;0;0;2;3;1;B02
201100017053;0;7;0;14;0;1;1;D04
201100017053;0;10;0;4;2;7;17;A01
201100017054;0;7;0;4;2;2;17;A01
201100017054;0;7;0;0;0;6;1;B02
201100017055;0;15;0;0;0;8;1;A01
201100017055;0;10;0;0;2;7;14;B02
201100017056;0;7;0;0;1;5;20;B02
201100017056;0;7;0;13;0;9;12;A01
201100017057;0;7;0;4;0;3;13;A01
201100017058;0;7;0;13;0;1;14;A01
201100017059;0;7;0;4;0;6;1;B02
201100017059;0;7;0;0;2;2;14;A01
201100017060;0;7;0;13;0;9;1;A01
201100017061;0;7;0;13;0;1;1;A01
201100017062;0;38;38;0;2;2;2;A01
201100017062;0;10;0;3;0;6;20;B02
201100017063;0;7;0;13;0;1;1;A01
201100017064;0;7;0;3;0;9;0;A01
201100017065;0;7;0;0;2;2;17;A01
201100017065;0;17;0;0;0;6;1;B02
201100017066;0;10;0;13;0;2;1;A01
201100017067;0;7;0;0;1;4;4;A01
201100017068;0;7;0;0;2;2;11;A01
201100017068;0;17;0;0;2;6;1;B02
201100017069;0;7;0;13;0;1;1;A01
201100017070;0;7;0;13;0;1;1;A01
201100017071;0;20;0;0;2;2;17;B02
201100017071;0;13;0;0;2;3;10;A01
201100017072;0;7;0;4;0;1;1;A01
201100017073;0;7;0;0;2;1;1;A01
201100017073;0;7;0;0;0;4;15;B02
201100017073;0;37;0;0;2;1;1;C03
201100017074;0;7;0;0;0;8;15;B02
201100017074;0;33;0;0;2;1;17;A01
201100017075;0;30;0;11;0;1;16;A01
201100017076;0;7;0;0;2;8;10;A01
201100017076;0;33;0;0;2;1;1;B02
201100017077;0;32;0;0;0;8;14;A01
201100017078;0;7;0;0;2;3;0;B02
201100017078;0;7;0;0;2;3;14;C03
201100017078;0;7;0;0;2;3;5;A01
201100017079;0;17;0;0;2;3;2;A01
201100017079;0;7;0;0;2;1;1;C03
201100017079;0;7;0;0;2;6;2;B02
201100017080;0;7;0;4;0;1;12;A01
201100017081;0;33;0;4;0;1;16;A01
201100017082;0;7;0;0;0;4;2;B02
201100017082;0;7;0;0;2;1;2;A01
201100017083;0;31;0;0;0;1;1;A01
201100017084;0;7;0;3;0;9;1;A01
201100017085;0;7;0;3;2;4;1;D04
201100017085;0;7;0;0;2;4;1;A01
201100017085;0;17;0;0;2;7;1;C03
201100017085;0;17;0;3;2;1;1;B02
201100017086;0;7;0;0;1;8;1;A01
201100017087;0;7;0;2;0;1;1;A01
201100017088;0;7;0;2;0;1;6;A01
201100017089;0;7;0;0;1;4;4;A01
201100017090;0;7;0;9;0;1;13;A01
201100017091;0;32;0;0;2;7;17;A01
201100017091;0;30;0;0;2;8;0;B02
201100017092;0;7;0;0;2;3;1;B02
201100017092;0;7;0;0;2;3;1;A01
201100017093;0;7;0;0;0;2;1;A01
201100017093;0;2;0;0;0;1;1;B02
201100017094;0;2;0;0;0;1;0;A01
201100017094;0;7;0;0;0;2;0;B02
201100017095;0;7;0;0;0;5;16;A01
201100017095;0;39;0;0;2;2;1;B02
201100017096;0;2;0;0;2;1;1;B02
201100017096;0;7;0;0;2;3;17;A01
201100017097;0;7;0;0;2;1;5;A01
201100017097;0;10;0;0;2;3;1;B02
201100017098;0;7;0;2;0;1;1;A01
201100017099;0;7;0;0;0;4;1;A01
201100017099;0;7;0;0;2;1;1;B02
201100017100;0;7;0;3;0;2;1;A01
201100017101;0;7;0;0;2;1;2;A01
201100017101;0;7;0;0;2;4;2;B01
201100017102;0;10;0;4;2;3;17;A01
201100017102;0;17;0;0;2;6;1;B02
201100017103;0;33;0;0;0;8;1;A01
201100017104;0;7;0;0;2;1;2;B02
201100017104;0;17;0;0;0;6;2;A01
201100017105;0;7;0;4;0;9;1;A01
201100017106;0;7;0;0;2;6;1;B02
201100017106;0;7;0;0;2;2;14;A01
201100017107;0;7;0;0;2;1;1;B02
201100017107;0;7;0;0;2;1;1;A01
201100017108;0;33;0;0;0;8;2;A01
201100017109;0;7;0;0;2;2;2;A01
201100017109;0;17;0;0;2;3;2;B02
201100017110;0;7;0;4;2;1;17;A01
201100017110;0;7;0;3;2;2;1;B02
201100017111;0;10;0;3;0;3;1;A01
201100017112;0;7;0;3;0;3;1;A01
201100017113;0;15;0;0;2;0;2;C03
201100017113;0;7;0;0;0;7;0;A01
201100017113;0;7;0;0;0;1;0;B02
201100017114;0;14;0;0;0;6;1;B02
201100017114;0;7;0;0;2;2;17;A01
201100017115;0;7;0;13;0;2;1;A01
201100017116;0;10;0;0;0;1;2;A01
201100017116;0;7;0;0;0;1;2;B02
201100017116;0;33;0;0;0;4;2;C03
201100017117;0;10;0;0;2;3;1;A01
201100017117;0;14;0;0;2;6;1;B02
201100017118;0;7;0;0;2;1;1;B02
201100017118;0;7;0;0;2;1;5;A01
201100017119;0;7;0;3;0;2;1;A01
201100017120;0;33;0;0;6;3;1;A01
201100017121;0;7;0;0;0;9;1;A01
201100017122;0;7;0;0;2;5;17;B02
201100017122;0;15;0;0;2;6;1;C03
201100017122;0;7;0;0;2;2;17;A01
201100017123;0;7;0;4;0;2;17;A01
201100017124;0;7;0;0;2;2;2;A01
201100017124;0;32;0;0;2;4;1;B01
201100017125;0;7;0;0;1;1;1;A01
201100017126;0;30;0;0;1;1;1;A01
201100017127;0;7;0;0;1;1;1;A01
201100017128;0;7;0;0;2;6;1;B01
201100017128;0;7;0;0;2;1;1;A01
201100017129;0;7;0;0;2;2;15;A01
201100017129;0;2;0;0;2;1;1;B01
201100017130;0;7;0;4;2;1;13;A01
201100017130;0;17;0;0;2;4;1;B01
201100017131;0;32;0;5;0;1;13;A01
201100017131;0;16;0;0;0;0;1;B01
201100017132;0;7;0;0;2;4;1;B01
201100017132;0;2;0;0;2;1;1;A01
201100017133;0;33;0;0;2;1;1;B01
201100017133;0;7;0;0;2;2;10;A01
201100017134;0;7;0;0;2;1;19;A01
201100017134;0;1;0;0;2;7;1;B01
201100017135;0;7;0;0;1;4;4;A01
201100017136;0;7;0;0;1;1;1;A01
201100017137;0;7;0;0;1;1;1;A01
201100017138;0;7;0;0;2;1;1;A01
201100017138;0;7;0;0;2;4;23;B01
201100017139;0;30;0;0;2;3;21;B01
201100017139;0;7;0;0;2;3;9;A01
201100017140;0;7;0;0;1;2;1;A01
201100017141;0;7;0;0;0;1;14;A01
201100017141;0;1;0;0;0;4;1;B01
201100017142;0;7;0;14;0;2;5;A01
201100017142;1;30;0;0;0;1;0;B01
201100017143;2;34;0;0;1;1;0;A01
201100017144;0;7;0;0;1;4;4;A01
201100017145;0;2;0;0;2;8;1;A01
201100017145;0;37;10;0;2;1;1;B01
201100017146;0;7;0;0;1;4;20;A01
201100017147;0;7;0;0;0;1;1;A01
201100017148;0;30;0;0;0;1;0;A01
201100017149;0;30;0;6;0;3;0;A01
201100017150;0;17;0;3;0;2;0;A01
201100017151;0;33;0;0;2;1;1;A01
201100017151;0;30;0;0;2;1;1;B01
201100017152;0;32;0;0;2;1;1;B01
201100017152;0;7;0;0;2;8;19;A01
201100017153;0;33;0;0;2;2;3;A01
201100017153;0;7;0;0;2;6;11;B01
201100017154;0;7;0;2;0;1;1;A01
201100017155;0;7;0;0;1;1;1;A01
201100017156;0;7;0;0;2;3;15;A01
201100017156;0;2;0;0;2;1;1;B01
201100017157;0;7;0;0;0;1;1;A01
201100017158;0;7;0;0;1;2;1;A01
201100017159;0;17;0;0;0;0;1;A01
201100017159;0;7;0;0;9;1;1;C03
201100017159;0;10;0;0;9;1;2;E05
201100017159;0;7;0;0;9;1;1;D04
201100017160;0;7;0;1;0;2;1;A01
201100017161;0;7;0;0;2;1;1;C01
201100017161;0;7;0;0;0;4;11;A01
201100017161;0;7;0;0;0;1;1;D01
201100017161;0;7;0;0;2;4;1;B01
201100017161;0;7;0;0;2;1;1;F01
201100017161;0;7;0;0;2;1;1;E01
201100017162;0;7;0;0;2;6;1;F06
201100017162;0;7;0;3;2;5;1;E05
201100017162;0;7;0;0;2;4;1;G07
201100017162;0;7;0;0;2;5;1;C03
201100017162;0;7;0;0;2;4;1;D04
201100017162;0;14;0;0;2;2;1;A01
201100017162;0;7;0;0;0;4;1;B02
201100017163;0;7;0;13;0;1;1;A01
201100017164;0;7;0;3;0;1;1;A01
201100017165;0;7;0;3;0;2;1;A01
201100017166;0;7;0;2;0;3;13;A01
201100017167;0;7;0;0;2;1;1;B02
201100017167;0;7;0;0;2;1;1;A01
201100017168;0;7;0;6;0;7;19;A01
201100017169;0;33;0;0;2;8;1;B02
201100017169;1;7;0;0;2;3;13;A01
201100017169;0;33;0;0;2;8;1;C03
201100017170;0;7;0;0;2;1;1;B02
201100017170;0;7;0;13;2;3;1;A01
201100017171;0;99;0;2;0;1;1;A01
201100017172;0;7;0;13;0;2;1;A01
201100017173;0;7;0;0;2;3;15;B02
201100017173;0;32;0;0;2;1;17;A01
201100017174;0;7;0;0;1;1;1;A01
201100017175;0;7;0;0;2;1;1;A01
201100017175;0;33;0;0;2;9;13;B02
201100017176;0;7;0;0;2;5;15;A01
201100017176;0;2;0;0;2;1;1;B02
201100017177;0;7;0;13;0;3;16;A01
201100017178;0;10;0;4;0;1;1;A01
201100017178;0;7;0;14;0;1;21;B02
201100017178;0;7;0;4;0;1;21;C03
201100017178;0;7;0;14;0;1;21;D04
201100017178;0;7;0;0;0;0;0;E05
201100017179;0;7;0;0;5;0;1;A01
201100017180;0;7;0;13;0;1;14;A01
201100017181;0;33;0;0;2;1;14;A01
201100017181;0;7;0;0;2;4;1;B02
201100017182;0;7;0;13;0;2;1;A01
201100017183;0;10;0;3;0;2;0;A01
201100017184;0;10;0;0;2;6;1;B02
201100017184;0;33;0;0;2;1;11;A01
201100017185;0;13;0;0;2;4;1;B02
201100017186;0;7;0;13;0;9;14;A01
201100017187;0;7;0;0;0;2;1;A01
201100017188;0;14;0;0;0;4;2;B02
201100017188;0;99;0;0;2;1;2;A01
201100017189;0;7;0;13;0;9;14;A01
201100017190;0;17;0;13;0;2;14;A01
201100017191;0;7;0;0;2;1;1;A01
201100017191;0;30;0;0;0;4;1;B02
201100017192;0;33;0;0;2;0;1;B02
201100017192;0;7;0;0;2;0;15;A01
201100017193;0;30;0;0;2;2;5;A01
201100017193;0;7;0;0;2;2;1;B02
201100017194;0;7;0;0;2;3;1;B02
201100017194;0;17;0;0;2;1;1;A01
201100017195;0;7;0;8;0;2;14;A01
201100017196;0;33;0;15;0;0;1;A01
201100017197;0;31;0;16;0;1;1;A01
201100017198;0;7;0;0;0;5;1;A01
201100017198;0;30;0;0;2;1;2;B02
201100017199;0;7;0;0;0;1;0;C03
201100017200;0;7;0;0;2;3;10;A01
201100017200;0;31;0;0;2;1;2;B02
201100017201;0;7;0;0;2;4;17;A01
201100017201;0;2;0;0;2;1;1;B02
201100017202;0;31;0;0;0;4;1;A01
201100017203;0;7;0;0;2;3;1;B02
201100017203;0;7;0;0;2;3;1;A01
201100017204;0;7;0;0;0;9;1;A01
201100017205;0;7;0;16;0;9;1;A01
201100017206;0;7;0;0;2;1;2;C03
201100017206;0;2;0;1;0;1;1;A01
201100017206;0;7;0;0;0;6;23;B02
201100017207;0;7;0;0;2;8;16;B02
201100017207;0;33;0;0;2;2;1;A01
201100017208;0;1;0;0;2;4;2;B02
201100017208;0;7;0;0;9;2;2;A01
201100017209;0;32;0;13;2;0;21;A01
201100017209;0;7;0;0;0;0;1;B02
201100017210;0;7;0;0;1;2;16;A01
201100017211;0;7;0;14;0;1;1;A01
201100017212;0;33;0;0;0;1;1;A01
201100017213;0;33;0;0;2;1;1;A01
201100017213;0;7;0;0;2;2;15;B02
201100017214;0;10;0;0;1;2;15;A01
201100017215;0;33;0;0;0;2;15;A01
201100017216;0;7;0;0;0;7;19;A01
201100017216;0;2;0;0;2;1;1;C03
201100017216;0;2;0;0;2;1;1;B02
201100017217;0;7;0;13;0;7;1;A01
201100017218;0;7;0;0;1;1;1;A01
201100017219;0;7;0;0;2;2;5;A01
201100017219;0;30;0;0;2;1;1;B02
201100017220;0;7;0;13;0;3;1;A01
201100017221;0;7;0;3;2;6;0;A01
201100017222;0;33;0;0;2;3;3;A01
201100017222;0;7;0;0;0;5;23;B02
201100017223;0;15;0;0;1;2;1;A01
201100017224;0;13;0;0;0;4;23;C03
201100017224;0;7;0;1;2;4;1;B02
201100017224;0;37;1;1;2;1;1;A01
201100017225;0;7;0;3;2;0;13;A01
201100017226;0;33;0;0;0;3;13;A01
201100017227;0;7;0;0;2;7;1;A01
201100017227;0;14;0;0;2;2;12;B02
201100017228;0;7;0;0;0;6;11;B02
201100017228;0;7;0;0;2;2;12;A01
201100017229;0;7;0;0;2;1;2;A01
201100017229;0;10;0;0;0;6;2;B02
201100017230;0;7;0;0;1;4;4;A01
201100017231;0;15;0;0;2;1;2;B02
201100017231;0;7;0;0;2;6;2;A02
201100017232;0;7;0;14;0;1;1;B02
201100017232;0;15;0;3;0;1;1;A01
201100017232;0;7;0;14;0;1;1;C03
201100017233;0;15;0;1;0;2;1;B02
201100017233;0;7;0;3;0;9;23;A01
201100017234;0;7;0;0;2;3;1;C03
201100017234;0;7;0;0;2;1;1;B02
201100017234;0;10;0;0;2;1;5;A01
201100017234;0;7;0;0;2;1;1;D04