num_acc;senc;catv;occutc;obs;obsm;choc;manv;num_veh
201100017235;0;7;0;3;2;1;1;A01
201100017236;0;7;0;0;1;1;1;A01
201100017237;0;7;0;0;2;2;1;A01
201100017237;0;7;0;10;0;2;1;D02
201100017237;0;10;0;0;1;1;1;E03
201100017238;0;7;0;0;2;1;1;C03
201100017238;0;7;0;10;2;2;1;D04
201100017238;0;17;0;0;2;1;1;B02
201100017238;0;7;0;0;2;1;1;E05
201100017238;0;17;0;10;2;1;1;A01
201100017239;0;7;0;0;2;7;2;A01
201100017239;0;14;0;0;0;3;1;B02
201100017240;0;7;0;3;0;3;1;A01
201100017241;0;15;0;1;1;2;2;A01
201100017242;0;7;0;3;0;1;3;A01
201100017243;0;7;0;0;2;1;1;A01
201100017243;0;15;0;0;2;4;1;B02
201100017244;0;17;0;0;2;5;2;B02
201100017244;0;7;0;0;2;3;13;A01
201100017245;0;7;0;0;2;4;2;I09
201100017245;0;7;0;0;2;2;2;F06
201100017245;0;10;0;0;2;6;2;G07
201100017245;0;7;0;1;0;2;2;E05
201100017245;0;17;0;0;2;1;2;A01
201100017245;0;7;0;0;2;1;2;J10
201100017245;0;7;0;0;2;4;2;K11
201100017245;0;17;0;0;2;4;2;D04
201100017245;0;17;0;1;0;1;2;C03
201100017245;0;17;0;0;2;4;2;B02
201100017245;0;99;0;0;2;2;2;H08
201100017246;0;7;0;0;2;1;2;A01
201100017246;0;17;0;0;2;4;2;B02
201100017247;0;7;0;3;0;3;1;A01
201100017248;0;7;0;1;1;3;2;A01
201100017248;0;7;0;0;0;7;23;B02
201100017249;0;7;0;14;0;1;1;A01
201100017250;0;7;0;0;0;1;1;A01
201100017251;0;10;0;16;0;1;1;A01
201100017252;0;10;0;3;0;1;14;A01
201100017253;0;30;0;0;2;1;1;B02
201100017253;0;7;0;0;2;3;15;A01
201100017254;0;10;0;0;1;1;15;A01
201100017255;0;7;0;0;2;1;13;A01
201100017255;0;7;0;0;2;1;1;B02
201100017256;0;7;0;8;0;0;1;A01
201100017257;0;7;0;0;2;1;19;B02
201100017257;0;33;0;0;2;7;1;A01
201100017258;0;10;0;0;9;7;1;A01
201100017258;0;1;0;0;2;8;1;B02
201100017259;0;10;0;0;2;1;1;B02
201100017259;0;10;0;0;2;7;1;A01
201100017260;0;31;0;0;2;5;17;B02
201100017260;0;7;0;0;2;3;15;A01
201100017261;0;10;0;0;1;3;1;A01
201100017262;0;31;0;12;0;1;21;A01
201100017263;0;17;0;3;0;2;1;A01
201100017263;0;7;0;14;0;1;1;B02
201100017264;0;7;0;0;2;3;1;A01
201100017264;0;33;0;0;2;4;17;B02
201100017265;0;33;0;0;2;1;2;A01
201100017265;0;7;0;0;2;4;2;B02
201100017266;0;33;0;0;2;3;2;A01
201100017266;0;7;0;0;0;5;1;B02
201100017267;0;7;0;0;2;2;17;B02
201100017267;0;7;0;0;2;6;21;A01
201100017268;0;33;0;0;2;0;17;A01
201100017268;0;7;0;0;2;3;1;B02
201100017269;0;33;0;0;0;8;2;A01
201100017270;0;33;0;0;0;3;1;A01
201100017271;0;15;0;0;0;6;24;A01
201100017271;0;7;0;1;0;1;16;B02
201100017272;0;7;0;4;0;1;1;A01
201100017273;0;7;0;3;2;8;13;A01
201100017273;0;7;0;0;2;3;17;B02
201100017274;0;7;0;0;2;4;12;B02
201100017274;0;7;0;0;0;3;2;D04
201100017274;0;15;0;0;2;3;1;A01
201100017274;0;7;0;0;2;2;2;C03
201100017275;0;17;0;3;0;8;1;A01
201100017276;0;7;0;0;2;6;1;A01
201100017276;0;7;0;0;2;2;17;B02
201100017277;1;7;0;0;1;2;1;A01
201100017278;0;2;0;0;1;0;1;A01
201100017279;0;7;0;6;0;0;0;A01
201100017280;0;7;0;4;0;3;21;A01
201100017281;0;15;0;0;2;6;2;B02
201100017281;0;7;0;0;2;1;2;A01
201100017282;0;33;0;3;0;1;14;A01
201100017283;0;15;0;0;2;4;2;B02
201100017283;0;7;0;0;2;1;2;A01
201100017284;0;33;0;3;0;9;1;A01
201100017285;0;7;0;4;0;1;21;A01
201100017286;0;7;0;3;0;9;17;A01
201100017287;0;33;0;0;2;1;2;B02
201100017287;0;7;0;0;0;4;2;A01
201100017288;0;7;0;6;0;2;1;A01
201100017289;0;7;0;13;0;1;0;A01
201100017290;0;7;0;0;2;1;0;B02
201100017290;0;7;0;3;0;8;21;D04
201100017290;0;7;0;13;0;0;21;C03
201100017290;0;7;0;0;2;1;5;A01
201100017291;0;17;0;0;2;4;2;B02
201100017291;0;7;0;0;2;1;1;A01
201100017292;0;33;0;0;2;1;1;A01
201100017292;0;7;0;0;2;6;2;B02
201100017293;0;7;0;0;2;3;13;B02
201100017293;0;7;0;8;0;3;1;A01
201100017294;0;1;0;0;2;1;1;B02
201100017294;0;7;0;0;2;2;15;A01
201100017295;0;17;0;0;2;2;12;A01
201100017295;0;7;0;0;2;6;1;B02
201100017296;0;17;0;4;0;8;1;A01
201100017297;0;7;0;0;2;3;1;A01
201100017297;0;14;0;0;2;2;19;B02
201100017298;0;33;0;0;0;3;15;A01
201100017299;0;7;0;0;2;8;15;B02
201100017299;0;32;0;0;2;2;17;A01
201100017300;0;7;0;0;1;1;1;A01
201100017301;0;14;0;9;0;1;1;A01
201100017302;0;7;0;0;2;1;15;A01
201100017302;0;1;0;0;2;8;19;B02
201100017303;0;7;0;0;1;1;1;A01
201100017304;0;7;0;0;2;7;15;A01
201100017304;0;31;0;0;2;1;1;B02
201100017305;0;7;0;0;2;2;15;A01
201100017305;0;33;0;0;2;1;1;B02
201100017306;0;33;0;0;2;1;1;B02
201100017306;0;7;0;0;2;1;15;A01
201100017307;0;7;0;0;2;1;1;B02
201100017307;0;7;0;0;2;3;5;A01
201100017308;0;7;0;0;2;1;1;A01
201100017308;0;7;0;8;2;7;15;B02
201100017309;0;7;0;4;0;1;0;A01
201100017310;0;1;0;1;0;1;13;A01
201100017311;0;1;0;10;0;1;1;A01
201100017312;0;33;0;0;0;8;1;A01
201100017313;0;7;0;0;0;4;24;D04
201100017313;0;7;0;1;0;1;1;A01
201100017313;0;7;0;0;0;4;24;C03
201100017313;0;7;0;1;0;4;24;B02
201100017314;0;7;0;13;0;2;1;A01
201100017315;0;7;0;0;2;6;10;A01
201100017315;0;7;0;0;2;1;1;B02
201100017316;0;14;0;0;2;4;2;B02
201100017316;0;15;0;0;2;1;2;A01
201100017317;0;15;0;3;0;3;1;A01
201100017318;0;37;0;0;1;2;1;A01
201100017319;0;33;0;0;0;8;1;A01
201100017320;0;17;0;0;2;4;2;A01
201100017320;0;17;0;0;2;1;2;C03
201100017320;0;7;0;0;2;1;2;D04
201100017320;0;17;0;0;2;1;2;B02
201100017321;0;7;0;0;0;6;1;B02
201100017321;0;7;0;0;2;3;17;A01
201100017322;0;7;0;3;0;2;16;A01
201100017323;0;7;0;11;0;1;0;A01
201100017324;0;7;0;13;0;3;1;A01
201100017325;0;14;0;0;2;1;2;A01
201100017325;0;14;0;0;2;4;2;B02
201100017326;0;7;0;0;0;4;2;D04
201100017326;0;17;0;0;2;1;2;A01
201100017326;0;7;0;0;0;5;2;F06
201100017326;0;7;0;0;0;4;2;E05
201100017326;0;7;0;0;0;4;2;C03
201100017326;0;7;0;0;0;4;1;B02
201100017327;0;7;0;3;0;1;13;A01
201100017328;0;7;0;13;0;2;14;A01
201100017329;0;17;0;0;0;6;1;B02
201100017329;0;10;0;0;2;2;1;A01
201100017330;0;10;0;3;0;1;1;A01
201100017331;0;7;0;4;2;2;1;A01
201100017332;0;7;0;13;0;3;1;A01
201100017333;0;7;0;0;1;2;1;A01
201100017334;0;7;0;3;0;1;1;A01
201100017335;0;7;0;14;0;1;13;C03
201100017335;0;10;0;0;0;4;1;A01
201100017335;0;17;0;0;2;1;1;B02
201100017336;0;7;0;3;0;3;17;A01
201100017337;0;7;0;13;0;9;1;A01
201100017338;0;7;0;13;0;1;14;A01
201100017339;2;7;0;0;2;1;2;A01
201100017340;0;7;0;0;0;4;1;B02
201100017340;0;7;0;0;2;1;1;A01
201100017341;0;7;0;3;2;4;1;B02
201100017341;0;7;0;0;2;3;2;A01
201100017342;0;7;0;3;0;2;17;A01
201100017343;0;7;0;4;1;6;22;A01
201100017344;0;7;0;13;0;3;0;A01
201100017345;0;7;0;0;2;1;2;A01
201100017345;0;7;0;0;2;4;2;B02
201100017346;0;15;0;0;2;3;2;B02
201100017346;0;32;0;15;2;4;23;A01
201100017347;0;33;0;0;2;8;1;B02
201100017347;0;14;0;0;2;7;17;A01
201100017348;0;7;0;0;2;7;14;A01
201100017348;0;7;0;3;2;9;1;B02
201100017349;0;33;0;0;0;8;2;A01
201100017350;0;33;0;0;1;1;2;A01
201100017351;0;32;0;14;0;1;9;A01
201100017352;0;33;0;3;0;1;2;A01
201100017353;0;17;0;0;0;4;1;A01
201100017353;0;14;0;0;2;1;2;C03
201100017353;0;10;0;0;2;4;2;B02
201100017353;0;15;0;0;2;1;2;D04
201100017354;0;33;0;3;0;1;1;A01
201100017355;0;7;0;3;0;9;0;A01
201100017356;0;14;0;0;0;4;2;B02
201100017356;0;14;0;0;2;1;2;A01
201100017357;0;15;0;4;0;8;1;A01
201100017358;0;33;0;0;0;0;2;A01
201100017359;0;17;0;0;2;4;2;B02
201100017359;0;7;0;0;2;1;2;A01
201100017360;0;14;0;0;1;2;2;A01
201100017361;0;7;0;0;0;3;0;A01
201100017361;0;15;0;1;0;0;21;B02
201100017362;0;7;0;0;2;2;1;B02
201100017362;0;17;0;0;2;8;1;C03
201100017362;0;13;0;3;2;8;11;A01
201100017363;0;7;0;1;0;8;0;A01
201100017363;0;14;0;1;0;5;0;B02
201100017364;0;7;0;4;0;8;21;B02
201100017364;0;7;0;0;2;3;5;A01
201100017365;0;7;0;0;2;1;2;A01
201100017365;0;10;0;0;2;4;2;B02
201100017366;0;7;0;0;0;4;23;C03
201100017366;0;10;0;0;2;1;1;A01
201100017366;0;7;0;0;0;4;23;B02
201100017367;0;7;0;4;0;3;1;A01
201100017368;0;7;0;0;2;1;2;A01
201100017368;0;7;0;0;2;4;0;B02
201100017369;0;7;0;2;0;2;0;A01
201100017370;0;7;0;0;0;9;17;A01
201100017371;0;15;0;0;0;6;0;A01
201100017371;0;7;0;0;2;1;2;B02
201100017372;0;7;0;13;0;2;1;A01
201100017373;0;7;0;3;0;8;1;A01
201100017374;0;33;0;0;0;7;1;A01
201100017375;0;7;0;0;2;1;2;A01
201100017375;0;7;0;0;0;4;1;B02
201100017376;0;7;0;3;0;1;1;A01
201100017377;0;14;0;3;0;7;0;A01
201100017378;0;7;0;0;2;3;5;A01
201100017378;0;7;0;0;2;3;17;B02
201100017379;0;17;0;13;0;2;1;A01
201100017380;0;7;0;0;0;4;23;A01
201100017380;0;32;0;0;2;1;2;B02
201100017381;0;33;0;0;2;3;2;B02
201100017381;0;7;0;0;2;3;17;A01
201100017382;0;31;0;9;0;1;1;A01
201100017383;0;2;0;0;2;1;1;B02
201100017383;0;7;0;0;2;7;15;A01
201100017384;0;31;0;8;0;1;1;A01
201100017385;0;7;0;0;2;4;1;A01
201100017385;0;7;0;3;2;1;14;B02
201100017386;0;7;0;3;2;6;17;A01
201100017387;0;33;0;5;0;1;1;A01
201100017388;0;7;0;14;0;1;2;C03
201100017388;0;7;0;0;0;4;2;B02
201100017388;0;7;0;0;0;2;11;A01
201100017389;0;7;0;0;2;2;0;A01
201100017389;0;33;0;0;0;4;21;B02
201100017390;0;33;0;4;0;1;6;A01
201100017391;0;7;0;0;2;9;13;A01
201100017391;0;17;0;0;2;1;1;B02
201100017392;0;7;0;0;2;1;2;B02
201100017392;0;7;0;0;0;4;1;A01
201100017393;0;7;0;4;0;3;21;A01
201100017394;0;7;0;3;0;2;14;A01
201100017395;0;33;0;0;0;4;2;B02
201100017395;0;7;0;0;2;2;2;A01
201100017396;0;7;0;0;2;4;2;A01
201100017396;0;7;0;0;2;6;2;B02
201100017396;0;7;0;0;2;1;2;C03
201100017397;0;10;0;0;2;1;1;A01
201100017397;0;14;0;0;0;4;1;B02
201100017398;0;10;0;0;2;3;2;A01
201100017398;0;10;0;0;2;5;2;B02
201100017399;0;7;0;4;0;3;13;A01
201100017400;0;7;0;0;2;2;17;B02
201100017400;0;7;0;0;0;0;0;A01
201100017401;0;33;0;0;2;8;2;A01
201100017401;0;7;0;0;2;7;0;B02
201100017402;0;7;0;4;0;3;3;A01
201100017402;0;7;0;0;2;2;1;B02
201100017403;0;7;0;0;2;7;1;C03
201100017403;0;7;0;0;2;6;2;A01
201100017403;0;33;0;0;2;1;2;B02
201100017404;0;7;0;0;2;3;2;A01
201100017404;0;7;0;0;2;4;2;B02
201100017404;0;7;0;0;2;4;2;C03
201100017405;0;7;0;4;0;9;17;A01
201100017406;0;10;0;14;0;1;1;C03
201100017406;0;7;0;0;0;8;23;A01
201100017406;0;7;0;0;0;4;23;B02
201100017407;0;7;0;0;2;4;23;B02
201100017407;0;7;0;0;2;1;2;A01
201100017408;0;7;0;0;2;2;2;A01
201100017408;0;7;0;0;2;6;2;B02
201100017409;0;7;0;4;0;3;1;A01
201100017410;0;33;0;0;2;1;23;B02
201100017410;0;37;0;0;2;4;4;A01
201100017411;0;17;0;0;2;4;1;B02
201100017411;0;7;0;0;2;1;17;A01
201100017412;0;33;0;1;0;7;14;A01
201100017412;0;7;0;0;2;6;23;B02
201100017413;0;33;0;0;9;1;1;A01
201100017414;0;14;0;0;2;1;2;A01
201100017414;0;31;0;0;2;4;2;B02
201100017415;0;7;0;6;0;3;17;A01
201100017416;0;7;0;14;0;1;1;A01
201100017417;0;7;0;13;0;9;21;A01
201100017418;0;10;0;3;0;1;1;A01
201100017419;0;17;0;0;2;1;1;A01
201100017419;0;7;0;0;2;5;12;B02
201100017420;0;1;0;0;2;4;0;B02
201100017420;0;7;0;0;2;2;1;A01
201100017421;0;16;0;0;0;8;16;A01
201100017421;0;15;0;0;0;1;1;B02
201100017422;0;7;0;0;2;1;5;A01
201100017422;0;7;0;0;2;1;11;B02
201100017423;0;17;0;3;2;3;6;A01
201100017423;0;17;0;0;2;3;1;B02
201100017423;0;17;0;0;2;3;1;C03
201100017424;0;7;0;3;0;3;1;A01
201100017424;0;7;0;0;2;4;1;B02
201100017424;0;7;0;0;2;1;2;C03
201100017425;0;2;0;14;0;1;2;B02
201100017425;0;7;0;0;0;5;23;A01
201100017426;0;7;0;16;0;1;1;A01
201100017427;0;7;0;0;2;1;1;B02
201100017427;0;7;0;0;2;1;1;A01
201100017428;0;37;0;0;1;7;20;A01
201100017429;0;7;0;0;9;2;0;A01
201100017429;0;1;0;0;2;4;19;B02
201100017430;0;7;0;0;2;1;1;B02
201100017430;0;7;0;0;2;8;15;A01
201100017431;0;7;0;0;0;8;1;B02
201100017431;0;30;0;0;0;8;13;A01
201100017432;0;7;0;0;2;1;13;A01
201100017432;0;17;0;0;2;1;1;B02
201100017433;0;7;0;0;2;6;1;B02
201100017433;0;7;0;0;2;3;13;A01
201100017434;0;33;0;0;2;2;17;A01
201100017434;0;7;0;0;2;8;19;B02
201100017435;0;7;0;0;2;2;15;A01
201100017435;0;30;0;0;2;1;1;B02
201100017436;0;1;0;0;2;1;19;B02
201100017436;0;7;0;0;2;2;1;A01
201100017437;0;7;0;0;2;4;0;C03
201100017437;0;7;0;0;2;4;0;B02
201100017437;0;7;0;0;2;1;1;A01
201100017438;0;7;0;0;1;7;0;A01
201100017439;0;7;0;0;2;1;15;A01
201100017439;0;2;0;0;0;1;1;B02
201100017440;0;7;0;0;2;1;15;A01
201100017440;0;7;0;0;2;3;1;B02
201100017441;0;7;0;13;0;9;21;A01
201100017442;0;7;0;0;9;6;15;A01
201100017442;0;2;0;0;2;1;17;B02
201100017443;0;33;0;0;2;4;23;B02
201100017443;0;7;0;0;2;1;1;A01
201100017444;0;7;0;0;2;2;2;A01
201100017444;0;7;0;0;2;1;5;B02
201100017445;0;7;0;0;9;3;1;B02
201100017445;0;1;0;0;2;3;17;A01
201100017446;0;1;0;;2;2;;B02
201100017446;0;7;0;0;2;2;0;A01
201100017447;0;7;0;9;0;1;5;A01
201100017448;0;7;0;0;2;2;17;A01
201100017448;0;7;0;0;0;3;1;B02
201100017449;0;7;0;0;0;0;0;A01
201100017450;0;7;0;6;2;5;1;C03
201100017450;0;7;0;0;2;1;1;B02
201100017450;0;7;0;0;2;4;23;A01
201100017451;0;7;0;2;0;0;0;A01
201100017452;0;7;0;0;1;0;1;A01
201100017453;0;7;0;0;2;1;2;E05
201100017453;0;7;0;0;0;6;2;B02
201100017453;0;10;0;0;2;4;2;D04
201100017453;0;33;0;0;2;8;2;A01
201100017453;0;7;0;0;1;4;2;C03
201100017454;0;10;0;0;0;6;1;A01
201100017454;0;7;0;14;0;1;1;B02
201100017454;0;7;0;1;0;3;1;C03
201100017454;0;7;0;3;0;9;0;D04
201100017455;0;33;0;0;9;1;1;C03
201100017455;0;7;0;0;0;0;1;B02
201100017456;0;10;0;0;0;5;24;B01
201100017456;0;33;0;1;0;1;2;A02
201100017457;0;7;0;0;2;1;1;A01
201100017457;0;2;0;0;2;8;1;B02
201100017458;0;30;0;1;0;1;1;A01
201100017459;0;17;0;0;0;7;14;A01
201100017460;0;7;0;3;0;8;13;A01
201100017461;0;20;0;1;0;4;0;B02
201100017461;0;17;0;1;0;1;2;A01
201100017462;0;10;0;13;9;1;12;A01
201100017463;0;7;0;3;0;3;14;A01
201100017464;0;7;0;3;0;9;0;A01
201100017465;0;7;0;0;2;1;12;A01
201100017465;0;7;0;0;0;4;1;B02
201100017466;0;7;0;0;2;4;2;A01
201100017466;0;17;0;0;2;1;2;B02
201100017467;0;7;0;0;2;1;1;A01
201100017467;0;7;0;0;2;3;15;B01
201100017468;0;7;0;0;1;5;20;A01
201100017469;0;10;0;0;2;2;15;A01
201100017469;0;33;0;0;2;2;1;A02
201100017470;0;33;0;0;2;1;17;A01
201100017470;0;7;0;0;2;3;15;A02
201100017471;0;7;0;0;1;1;1;A01
201100017472;0;3;0;0;0;4;1;B01
201100017472;2;7;0;0;2;1;1;A01
201100017472;0;7;0;0;2;3;1;C01
201100017473;0;7;0;0;1;1;1;A01
201100017474;2;30;0;0;2;8;1;B02
201100017474;0;7;0;0;2;1;1;A01
201100017475;0;7;0;0;2;3;1;B02
201100017475;0;7;0;0;2;3;1;A01
201100017475;0;7;0;0;2;8;1;C03
201100017476;0;7;0;0;2;4;23;A01
201100017476;0;7;0;0;2;1;1;B02
201100017477;0;7;0;0;2;1;2;B02
201100017477;0;15;0;0;2;4;2;A01
201100017478;0;33;0;0;2;1;1;B02
201100017478;0;7;0;0;2;1;15;A01
201100017479;0;31;0;8;0;1;21;A01
201100017480;0;10;0;0;2;1;1;B02
201100017480;0;7;0;0;2;1;13;A01
201100017481;0;37;1;0;2;3;1;B02
201100017481;0;7;0;0;2;1;13;A01
201100017482;0;33;0;13;0;7;1;A01
201100017483;0;33;0;6;0;8;16;A01
201100017484;0;1;0;0;2;3;2;B01
201100017484;0;7;0;0;0;3;15;A01
201100017485;0;7;0;0;0;0;1;A01
201100017486;0;30;0;0;2;3;13;A01
201100017486;0;7;0;0;2;3;1;B01
201100017487;0;7;0;0;1;6;4;A01
201100017488;0;7;0;0;9;7;16;A01
201100017488;0;1;0;0;2;1;16;B01
201100017489;0;33;0;8;9;1;1;A01
201100017490;0;10;0;0;2;3;1;B01
201100017490;0;7;0;0;2;3;13;A01
201100017491;0;32;0;1;0;1;1;A01
201100017492;0;7;0;0;2;8;15;B01
201100017492;0;32;0;0;2;1;17;A01
201100017493;0;7;0;0;1;1;1;A01
201100017494;0;7;0;0;2;7;15;B01
201100017494;0;2;0;0;2;1;1;A01
201100017495;0;7;0;0;0;1;14;A01
201100017496;0;7;0;5;0;1;3;A01
201100017497;0;7;0;3;0;8;1;A01
201100017498;0;7;0;0;2;1;2;A01
201100017498;0;17;0;0;2;4;1;B02
201100017499;0;7;0;13;0;1;1;A01
201100017500;0;10;0;3;0;3;0;A01
201100017501;0;17;0;0;0;5;24;B02
201100017501;0;7;0;3;0;1;1;A01
201100017502;0;14;0;0;2;4;23;A01
201100017502;0;7;0;0;2;1;2;B02
201100017503;0;7;0;0;2;2;2;A01
201100017503;0;15;0;0;2;6;2;B02
201100017504;0;31;0;0;2;5;11;A01
201100017504;0;7;0;0;2;6;11;B02
201100017505;0;7;0;0;2;2;14;A01
201100017505;0;17;0;0;2;6;1;B02
201100017506;0;10;0;13;0;2;2;A01
201100017507;0;33;0;0;2;7;3;A01
201100017507;0;10;0;0;0;8;1;B02
201100017507;0;7;0;0;0;7;1;C03
201100017508;0;7;0;0;6;4;1;A01
201100017508;0;7;0;0;2;1;2;B02
201100017509;0;7;0;4;0;2;1;A01
201100017510;0;7;0;13;0;9;1;A01
201100017511;0;7;0;3;0;2;1;A01
201100017512;0;10;0;0;2;1;1;A01
201100017512;0;10;0;0;2;6;1;B02
201100017512;0;7;0;0;2;1;2;C03
201100017513;0;33;0;0;2;2;0;B02
201100017513;0;7;0;0;0;6;11;A01
201100017514;0;7;0;13;0;3;1;A01
201100017515;0;33;0;0;2;1;1;A01
201100017515;0;7;0;0;2;8;15;B02
201100017516;0;7;0;3;2;8;13;A01
201100017517;0;33;0;0;0;9;1;A01
201100017518;0;10;0;1;1;2;13;A01
201100017519;0;7;0;13;0;2;0;A01
201100017519;0;7;0;0;2;1;2;B02
201100017520;0;7;0;3;0;1;1;A01
201100017521;0;7;0;13;0;9;1;A01
201100017522;0;17;0;0;1;5;4;A01
201100017523;0;7;0;1;0;2;14;A01
201100017523;0;15;0;0;2;6;24;B02
201100017524;0;7;0;0;2;1;2;A01
201100017524;0;14;0;0;0;4;2;B02
201100017525;0;33;0;0;2;1;3;A01
201100017525;0;7;0;0;2;2;17;B02
201100017526;0;7;0;0;0;4;2;A01
201100017526;0;10;0;0;2;1;2;B02
201100017527;0;33;0;0;2;1;1;C03
201100017527;0;17;0;0;2;1;1;A01
201100017527;0;7;0;0;2;8;9;B02
201100017528;0;7;0;0;2;4;2;B02
201100017528;0;7;0;0;2;1;2;A01
201100017529;0;33;0;0;0;7;1;A01
201100017530;0;10;0;4;0;1;1;A01
201100017531;0;7;0;3;0;1;0;A01
201100017532;0;7;0;3;0;1;13;A01
201100017533;0;7;0;8;0;1;14;A01
201100017534;0;7;0;6;0;1;0;A01
201100017535;0;7;0;0;2;2;1;B02
201100017535;0;7;0;0;0;6;1;A01
201100017536;0;7;0;13;0;1;21;A01
201100017537;0;7;0;1;0;2;2;A01
201100017537;0;10;0;0;0;6;23;B02
201100017538;0;15;0;0;0;4;0;B02
201100017538;0;7;0;0;2;1;2;A01
201100017539;0;37;9;3;0;1;13;A01
201100017540;0;17;0;3;0;1;1;A01
201100017541;0;7;0;0;2;3;1;A01
201100017541;1;10;0;0;2;5;14;B02
201100017542;0;10;0;3;0;2;3;A01
201100017543;0;7;0;0;2;2;2;A01
201100017543;0;17;0;0;2;6;2;B02
201100017544;0;17;0;0;2;6;1;B02
201100017544;0;7;0;0;2;2;17;A01
201100017545;0;33;0;2;0;1;1;A01
201100017546;0;7;0;13;2;3;13;A01
201100017546;0;7;0;0;0;6;0;B02
201100017547;0;33;0;0;2;1;2;A01
201100017547;0;33;0;0;2;1;2;B02
201100017547;0;7;0;0;2;4;23;C03
201100017548;0;33;0;0;2;7;1;A01
201100017548;0;7;0;0;2;5;15;B02
201100017549;0;34;0;13;2;1;5;C03
201100017549;0;10;0;0;2;3;5;B02
201100017549;0;7;0;13;2;6;5;A01
201100017550;0;7;0;0;2;1;0;C03
201100017550;0;33;0;0;2;1;13;A01
201100017550;0;7;0;0;2;6;1;B02
201100017551;0;30;0;0;2;1;13;A01
201100017551;0;7;0;0;2;3;1;B02
201100017552;0;7;0;0;0;7;0;C03
201100017552;0;7;0;1;0;7;1;A01
201100017552;0;7;0;0;0;7;0;B02
201100017553;0;7;0;0;1;8;1;A01
201100017554;0;10;0;0;2;8;1;B02
201100017554;0;33;0;0;2;1;13;A01
201100017555;0;7;0;0;2;3;1;B02
201100017555;0;7;0;0;2;3;13;A01
201100017556;0;7;0;12;0;1;13;A01
201100017557;0;17;0;3;0;3;1;A01
201100017558;0;7;0;3;0;1;14;A01
201100017559;0;15;0;0;2;5;1;B02
201100017559;0;7;0;3;2;7;14;A01
201100017560;0;15;0;0;0;4;1;B02
201100017561;0;7;0;0;2;2;17;A01
201100017561;0;7;0;0;0;6;1;B01
201100017562;0;33;0;1;0;1;0;A01
201100017563;0;7;0;0;2;2;15;A01
201100017563;0;30;0;0;0;7;1;B02
201100017564;0;7;0;0;2;1;15;A01
201100017564;0;30;0;0;2;8;1;B02
201100017565;0;30;0;0;2;0;1;B02
201100017565;0;7;0;0;2;3;21;A01
201100017566;0;10;0;0;2;3;23;C03
201100017566;0;14;0;0;2;1;1;A01
201100017566;0;7;0;0;2;2;19;B02
201100017567;0;2;0;0;2;1;5;A01
201100017567;0;7;0;0;2;3;1;B02
201100017568;0;7;0;0;1;4;4;A01
201100017569;0;7;0;2;0;2;0;A01
201100017570;0;7;0;0;2;2;15;A01
201100017570;0;31;0;0;2;1;1;B02
201100017571;0;7;0;1;1;2;1;A01
201100017572;0;7;0;0;0;6;4;A01
201100017573;0;7;0;0;2;3;15;A01
201100017573;0;33;0;0;2;1;5;B02
201100017574;0;33;0;12;0;1;1;A01
201100017575;0;7;0;0;2;1;1;B02
201100017575;0;30;0;0;2;1;5;A01
201100017576;0;7;0;0;2;3;1;A01
201100017576;0;1;0;0;2;4;19;B02
201100017577;0;7;0;0;1;1;15;A01
201100017578;0;7;0;0;0;8;19;B02
201100017578;0;7;0;0;2;1;1;A01
201100017579;0;38;0;0;1;3;1;A01
201100017580;0;10;0;0;0;6;0;C03
201100017580;0;10;0;0;0;1;0;B02
201100017580;0;10;0;0;0;7;13;A01
201100017581;0;30;0;0;0;1;11;B02
201100017581;0;10;0;0;2;1;1;A01
201100017582;0;33;0;0;2;1;17;B02
201100017582;0;7;0;0;2;3;10;A01
201100017583;0;30;0;15;0;1;2;A01
201100017584;0;33;0;0;2;1;1;B02
201100017584;0;7;0;0;2;5;19;A01
201100017585;0;2;0;0;0;3;1;A01
201100017585;0;10;0;0;0;3;1;B02
201100017586;0;33;0;0;2;7;15;A01
201100017586;0;7;0;0;0;8;1;B02
201100017587;0;7;0;0;0;2;15;A01
201100017587;0;30;0;0;0;0;2;B02
201100017588;0;7;0;0;2;3;1;A01
201100017588;0;7;0;0;2;3;1;B02
201100017589;0;7;0;0;0;3;0;A01
201100017590;0;7;0;0;2;4;23;A01
201100017590;0;1;0;0;2;1;1;B01
201100017591;0;7;0;0;0;2;1;B01
201100017591;0;7;0;0;0;3;1;A02
201100017592;0;7;0;0;2;3;13;A01
201100017592;0;2;0;0;2;1;1;B02
201100017593;0;33;0;0;2;1;1;A01
201100017593;0;7;0;0;2;7;15;B02
201100017594;0;33;0;12;0;7;21;A01
201100017595;0;1;0;14;0;8;2;A01
201100017596;0;7;0;9;0;7;0;A01
201100017597;0;1;0;0;2;7;1;B02
201100017597;0;7;0;0;9;0;19;A01
201100017598;0;33;0;14;0;0;1;A01
201100017599;0;7;0;2;0;3;13;A01
201100017600;0;7;0;0;1;2;2;A01
201100017601;0;7;0;0;2;1;1;A01
201100017601;0;2;0;0;2;8;9;B02
201100017602;0;31;0;0;0;0;14;A01
201100017603;0;32;0;0;0;4;1;B02
201100017603;0;7;0;0;2;1;1;A01
201100017604;0;1;0;0;2;6;16;A01
201100017604;0;7;0;0;9;3;1;B02