num_acc;senc;catv;occutc;obs;obsm;choc;manv;num_veh
201100017605;0;7;0;0;0;5;9;A01
201100017605;0;33;0;0;2;3;2;B02
201100017606;0;7;0;0;2;1;1;A01
201100017606;0;7;0;0;2;1;1;B02
201100017607;0;7;0;5;0;7;17;A01
201100017607;0;17;0;0;0;3;1;B02
201100017608;0;7;0;0;0;0;0;A01
201100017608;0;17;0;0;0;0;21;B02
201100017609;0;10;0;0;2;3;1;B02
201100017609;0;7;0;0;2;1;5;A01
201100017610;0;7;0;3;0;3;1;A01
201100017611;0;7;0;0;2;1;2;A01
201100017611;0;7;0;0;2;6;1;B02
201100017612;0;7;0;0;2;6;23;B02
201100017612;0;7;0;0;2;2;9;A01
201100017613;0;7;0;0;2;4;2;A01
201100017613;0;7;0;0;2;1;2;B02
201100017614;0;33;0;3;0;7;16;A01
201100017615;0;7;0;4;2;4;2;B02
201100017615;0;7;0;0;2;1;2;A01
201100017616;0;30;0;0;0;7;0;A01
201100017617;0;7;0;0;2;3;2;A01
201100017617;0;7;0;0;0;5;2;B02
201100017617;0;7;0;0;1;2;2;C03
201100017618;0;7;0;0;2;2;21;A01
201100017618;0;33;0;0;2;6;2;B02
201100017619;0;7;0;0;0;1;14;A01
201100017620;0;7;0;4;0;1;1;A01
201100017621;0;7;0;14;2;1;1;A01
201100017621;0;7;0;3;0;2;1;B02
201100017622;0;7;0;0;2;3;1;B02
201100017622;0;10;0;0;2;2;14;A01
201100017623;0;7;0;14;0;1;11;C03
201100017623;0;7;0;14;0;3;2;D04
201100017623;0;10;0;0;0;4;1;A01
201100017623;0;10;0;0;2;1;2;B02
201100017624;0;7;0;4;2;1;1;A01
201100017624;0;10;0;0;2;8;1;E05
201100017624;0;7;0;0;2;4;1;C03
201100017624;0;7;0;0;2;8;1;D04
201100017624;0;10;0;0;2;4;1;B02
201100017625;0;17;0;1;0;1;0;C03
201100017625;0;10;0;3;0;9;6;A01
201100017625;0;17;0;0;0;4;23;B02
201100017625;0;7;0;14;0;2;1;D04
201100017626;0;17;0;3;0;9;1;A01
201100017626;0;7;0;14;0;1;1;B02
201100017627;0;7;0;3;0;3;1;A01
201100017628;0;17;0;3;0;1;1;A01
201100017629;0;17;0;3;0;8;6;A01
201100017629;0;10;0;13;0;1;14;B02
201100017630;0;7;0;3;0;3;2;A01
201100017631;0;7;0;0;6;1;21;A01
201100017631;0;7;0;14;0;1;1;B02
201100017632;0;7;0;0;0;4;1;B02
201100017632;0;7;0;0;2;1;1;A01
201100017633;0;15;0;0;2;0;14;A01
201100017633;0;7;0;0;2;3;2;B02
201100017634;0;7;0;0;2;1;2;A01
201100017634;0;7;0;0;0;4;1;B02
201100017635;0;7;0;3;0;3;1;A01
201100017636;0;7;0;0;2;1;23;B02
201100017636;0;7;0;1;2;1;5;A01
201100017637;0;7;0;3;0;1;1;A01
201100017638;1;7;0;0;1;0;1;Z01
201100017639;0;7;0;0;0;1;1;A01
201100017639;0;1;0;0;0;7;1;B02
201100017640;0;7;0;0;1;2;1;A01
201100017641;0;7;0;0;2;2;1;B01
201100017641;0;7;0;0;2;2;15;A02
201100017642;0;7;0;0;2;3;15;A01
201100017642;0;33;0;0;2;1;1;B02
201100017643;0;7;0;6;0;3;13;A01
201100017644;0;7;0;0;1;3;1;A01
201100017645;0;7;0;3;0;1;1;A01
201100017646;0;7;0;0;2;1;17;A01
201100017646;0;7;0;0;2;1;1;B02
201100017647;0;7;0;16;0;0;1;A01
201100017648;0;33;0;0;5;3;1;A01
201100017649;0;7;0;0;0;9;1;A01
201100017650;0;7;0;0;2;3;1;B02
201100017650;0;7;0;0;2;6;15;C03
201100017650;0;7;0;0;2;3;13;A01
201100017651;0;10;0;0;2;3;15;A01
201100017651;0;30;0;0;2;1;5;B02
201100017652;0;7;0;0;1;7;1;A01
201100017653;0;1;0;0;0;4;1;B02
201100017653;0;7;0;0;9;1;9;A01
201100017654;0;10;0;0;9;1;1;A01
201100017655;0;33;0;0;2;1;1;B02
201100017655;0;7;0;0;2;2;10;A01
201100017656;0;7;0;0;2;1;1;B01
201100017656;0;7;0;0;2;1;13;A02
201100017657;0;7;0;0;1;2;1;A01
201100017658;0;7;0;0;2;1;17;C03
201100017658;0;15;0;0;2;6;17;A01
201100017658;0;7;0;0;2;7;17;B02
201100017659;0;7;0;4;0;1;0;A01
201100017660;0;7;0;0;0;1;1;A01
201100017661;0;14;0;3;0;3;6;A01
201100017662;0;10;0;3;0;1;0;A01
201100017663;0;7;0;14;0;3;13;C03
201100017663;0;7;0;0;0;4;1;B02
201100017663;0;7;0;0;2;1;1;A01
201100017664;0;7;0;0;2;3;1;C03
201100017664;0;7;0;3;2;9;5;A01
201100017664;0;7;0;0;2;3;1;B02
201100017665;0;31;0;0;2;8;13;B02
201100017665;0;7;0;0;2;1;1;A01
201100017666;0;33;0;0;0;3;17;A01
201100017666;0;7;0;0;0;3;1;B02
201100017667;0;7;0;0;2;1;1;B02
201100017667;0;33;0;0;2;1;17;A01
201100017668;0;2;0;0;2;8;13;A01
201100017668;0;7;0;0;2;3;21;B02
201100017669;0;7;0;0;0;3;1;B02
201100017669;0;7;0;0;0;1;13;A01
201100017670;0;7;0;0;2;2;1;B02
201100017670;0;7;0;0;2;3;1;A01
201100017671;0;7;0;6;0;1;1;A01
201100017672;0;7;0;0;2;1;1;B02
201100017672;0;7;0;0;2;7;15;A01
201100017673;0;7;0;0;1;1;1;A01
201100017674;0;7;0;0;1;2;1;A01
201100017675;0;2;0;1;0;1;1;A01
201100017676;0;7;0;0;1;3;15;A01
201100017677;0;7;0;0;1;3;1;A01
201100017678;0;7;0;0;2;1;1;C03
201100017678;0;33;0;0;2;8;1;A01
201100017678;0;7;0;13;2;3;1;D04
201100017678;0;7;0;0;2;5;24;B02
201100017679;0;7;0;0;2;3;1;B02
201100017679;0;7;0;0;2;3;13;A01
201100017680;0;14;0;0;2;3;1;A01
201100017680;0;7;0;0;2;3;13;B02
201100017681;0;10;0;0;1;2;1;A01
201100017682;0;7;0;13;0;0;13;A01
201100017683;0;30;0;0;0;0;1;A01
201100017684;0;1;0;0;2;4;1;B02
201100017684;0;7;0;0;2;2;1;A01
201100017685;0;33;0;0;6;8;1;A01
201100017686;0;33;0;0;2;1;13;A01
201100017686;0;7;0;0;2;1;1;B02
201100017687;0;30;0;0;0;0;2;A01
201100017688;0;7;0;0;2;1;1;A01
201100017688;0;14;0;0;2;1;1;B02
201100017689;0;7;0;0;1;6;4;A01
201100017690;0;7;0;0;2;1;9;A01
201100017690;0;7;0;0;2;3;1;B02
201100017691;0;17;0;0;2;1;1;B02
201100017691;0;7;0;0;2;1;13;A01
201100017692;0;7;0;16;0;1;1;A01
201100017693;0;10;0;0;2;2;1;B02
201100017693;0;7;0;0;0;1;13;A01
201100017694;0;33;0;0;0;2;17;A01
201100017695;0;7;0;0;2;1;15;A01
201100017695;0;32;0;0;2;1;1;B02
201100017696;0;1;0;0;2;1;1;B02
201100017696;0;7;0;0;2;2;1;A01
201100017697;0;7;0;0;0;9;1;A01
201100017698;0;7;0;0;1;7;1;A01
201100017699;0;7;0;0;2;3;15;A01
201100017699;0;34;0;0;2;5;17;B02
201100017700;0;7;0;0;2;3;15;A01
201100017700;0;33;0;0;2;1;17;B02
201100017701;0;30;0;1;0;1;17;A01
201100017702;0;7;0;0;2;3;13;A01
201100017702;0;33;0;0;2;8;1;B02
201100017703;0;7;0;0;9;6;1;C03
201100017703;0;33;0;0;2;9;1;A01
201100017703;0;7;0;0;9;1;1;B02
201100017704;0;7;0;6;0;2;21;A01
201100017705;0;31;0;0;2;1;1;B02
201100017705;0;7;0;0;2;2;15;A01
201100017706;0;33;0;0;2;1;1;B02
201100017706;1;7;0;0;2;3;17;A01
201100017706;0;7;0;0;2;8;1;C03
201100017707;0;7;0;0;2;4;23;A01
201100017707;0;7;0;1;0;1;2;B02
201100017708;0;7;0;0;9;7;17;A01
201100017708;0;1;0;0;2;6;1;B02
201100017709;0;7;0;0;2;3;13;A01
201100017709;0;7;0;0;2;3;1;B02
201100017710;0;10;0;0;2;1;9;A01
201100017710;0;2;0;0;2;7;1;B02
201100017711;0;34;0;0;2;1;1;B02
201100017711;0;7;0;0;2;3;5;A01
201100017712;0;7;0;0;2;1;1;B02
201100017712;0;7;0;0;2;2;13;A01
201100017713;0;7;0;13;0;3;15;A01
201100017714;0;7;0;0;2;2;1;A01
201100017714;0;33;0;0;2;1;13;B02
201100017715;0;31;0;0;2;7;1;A01
201100017715;0;7;0;0;0;0;5;B02
201100017716;0;2;0;0;2;1;13;A01
201100017716;0;7;0;0;2;1;1;B02
201100017717;0;7;0;0;2;1;6;A01
201100017717;0;7;0;0;2;1;1;B02
201100017718;0;7;0;0;0;2;13;A01
201100017718;0;1;0;0;0;8;0;B02
201100017719;0;31;0;0;2;0;1;B02
201100017719;0;7;0;0;2;0;15;A01
201100017720;0;31;0;0;2;8;1;A01
201100017720;0;7;0;0;2;3;15;B02
201100017721;0;7;0;0;2;1;1;B02
201100017721;0;7;0;0;2;2;15;A01
201100017722;0;7;0;0;0;1;13;A01
201100017722;0;10;0;0;0;1;1;B02
201100017723;0;32;0;0;2;7;17;A01
201100017723;0;10;0;0;2;2;19;B02
201100017724;0;7;0;0;2;2;19;A01
201100017724;0;33;0;0;2;1;17;B02
201100017725;0;7;0;0;2;2;2;A01
201100017725;0;33;0;0;0;4;23;B01
201100017726;0;7;0;0;0;7;15;A01
201100017726;0;31;0;0;2;1;1;B02
201100017727;0;30;0;0;2;1;17;A01
201100017727;0;7;0;0;0;3;15;B02
201100017728;0;7;0;0;2;2;15;A01
201100017728;0;33;0;0;2;1;1;B02
201100017729;0;7;0;0;1;3;1;A01
201100017730;0;7;0;0;2;8;15;A01
201100017730;0;33;0;0;2;1;17;B02
201100017731;0;7;0;0;1;1;1;A01
201100017732;0;7;0;0;2;8;1;C03
201100017732;0;7;0;0;2;1;1;B02
201100017732;0;7;0;0;2;1;13;A01
201100017733;0;7;0;0;2;3;13;B02
201100017733;0;7;0;0;2;3;1;A01
201100017734;0;7;0;0;2;3;1;C03
201100017734;0;31;0;0;2;1;1;A01
201100017734;0;7;0;0;2;6;1;B02
201100017735;0;7;0;0;1;3;1;A01
201100017736;0;7;0;0;2;3;1;A01
201100017736;0;2;0;0;2;1;2;B02
201100017737;0;7;0;0;2;1;1;B02
201100017737;0;7;0;0;2;3;15;A01
201100017738;0;7;0;0;2;1;1;A01
201100017738;0;7;0;0;2;3;1;B02
201100017739;0;7;0;0;2;2;1;B02
201100017739;0;7;0;0;2;1;13;A01
201100017740;0;7;0;0;1;2;1;A01
201100017741;0;14;0;0;1;3;1;A01
201100017742;0;2;0;0;2;1;1;A01
201100017742;0;7;0;0;2;5;15;B02
201100017743;0;7;0;0;9;7;1;B02
201100017743;0;1;0;0;2;1;15;A01
201100017744;0;7;0;0;1;6;4;A01
201100017745;0;31;0;0;0;2;1;B02
201100017745;0;7;0;0;0;6;19;A01
201100017746;0;7;0;0;2;2;1;B02
201100017746;0;36;0;0;2;1;5;A01
201100017747;0;7;0;0;2;3;1;B02
201100017747;0;7;0;0;2;3;13;A01
201100017748;0;7;0;0;0;4;23;B02
201100017748;0;7;0;0;2;1;2;A01
201100017749;0;33;0;0;2;1;1;A02
201100017749;0;7;0;0;2;5;15;B01
201100017750;0;7;0;8;0;2;1;A01
201100017751;0;7;0;0;1;2;1;A01
201100017752;0;7;0;3;2;8;13;A01
201100017752;0;7;0;0;2;1;1;B02
201100017753;0;14;0;0;2;1;1;B02
201100017753;0;7;0;0;2;1;13;A01
201100017754;0;7;0;0;2;3;1;A01
201100017754;0;7;0;0;2;2;13;B02
201100017755;0;33;0;13;0;1;1;A01
201100017756;0;7;0;0;2;1;1;A01
201100017756;0;7;0;0;2;1;1;C03
201100017756;0;3;0;0;0;8;10;B02
201100017757;0;7;0;0;2;1;1;B02
201100017757;0;7;0;0;2;1;17;A01
201100017758;0;7;0;0;2;1;1;A01
201100017758;0;7;0;0;2;7;19;B02
201100017759;0;30;0;0;2;6;5;A01
201100017759;0;7;0;0;2;3;1;B02
201100017760;0;15;0;0;2;3;1;B02
201100017760;0;7;0;0;2;3;13;A01
201100017761;0;14;0;0;1;1;1;A01
201100017762;0;1;0;0;2;8;2;B02
201100017762;0;10;0;0;9;2;14;A01
201100017763;0;7;0;0;2;0;1;A01
201100017763;0;30;0;0;2;1;1;B02
201100017764;0;7;0;0;2;2;19;A01
201100017764;0;33;0;0;2;1;1;B02
201100017765;0;7;0;14;0;3;2;A01
201100017766;0;7;0;3;0;2;1;A01
201100017767;0;7;0;0;2;1;2;A01
201100017767;0;7;0;0;0;4;2;B02
201100017768;0;7;0;0;2;1;14;A01
201100017768;0;7;0;3;2;4;9;B02
201100017769;0;10;0;3;0;9;14;A01
201100017770;0;7;0;0;2;3;13;A01
201100017770;0;7;0;0;2;3;1;B02
201100017771;0;7;0;0;2;3;23;C03
201100017771;0;7;0;0;2;7;15;A01
201100017771;0;7;0;0;2;1;1;B02
201100017772;0;7;0;0;2;3;1;A01
201100017772;0;7;0;0;0;3;13;B02
201100017773;0;7;0;0;0;2;1;A01
201100017773;0;33;0;0;0;1;1;B02
201100017774;0;7;0;6;0;1;6;A01
201100017775;0;7;0;0;1;2;16;A01
201100017776;0;31;0;0;2;1;1;B02
201100017776;0;7;0;0;2;8;19;A01
201100017777;0;7;0;13;0;1;1;A01
201100017778;0;7;0;0;2;1;1;B02
201100017778;0;30;0;0;2;4;9;A01
201100017779;0;7;0;0;1;3;1;A01
201100017780;0;7;0;0;2;7;12;B02
201100017780;0;33;0;0;2;1;3;A01
201100017781;0;7;0;0;0;0;0;D04
201100017781;0;7;0;0;0;5;1;C03
201100017781;0;7;0;0;0;8;11;A01
201100017781;0;33;0;0;0;1;3;B02
201100017782;0;7;0;0;2;7;15;A01
201100017782;0;7;0;0;2;1;1;B02
201100017783;0;33;0;0;2;7;1;B02
201100017783;0;7;0;0;2;3;15;A01
201100017784;0;7;0;6;0;1;1;A01
201100017785;0;7;0;0;0;0;21;A01
201100017786;0;7;0;0;2;2;15;A01
201100017786;0;10;0;0;2;3;23;C03
201100017786;0;7;0;0;2;3;1;B02
201100017787;0;33;0;0;2;1;1;A01
201100017787;0;7;0;0;2;4;23;B02
201100017788;0;7;0;2;0;9;1;A01
201100017789;0;31;0;0;2;1;1;A01
201100017789;1;10;0;0;2;5;15;B02
201100017790;0;17;0;0;2;4;23;B02
201100017790;0;7;0;0;2;1;2;A01
201100017791;0;7;0;6;0;3;0;A01
201100017792;0;7;0;16;0;1;1;A01
201100017793;0;33;0;0;1;1;1;A01
201100017794;0;33;0;3;0;1;1;A01
201100017795;0;7;0;0;2;1;1;B02
201100017795;0;33;0;0;2;1;17;A01
201100017795;0;7;0;0;2;1;13;C03
201100017795;0;10;0;0;2;3;1;D04
201100017796;0;7;0;13;0;9;1;A01
201100017797;0;10;0;0;1;2;1;A01
201100017798;0;7;0;0;2;8;13;A01
201100017798;0;7;0;0;2;3;1;B02
201100017799;0;7;0;0;1;1;1;A01
201100017800;0;32;0;0;0;7;0;A01
201100017801;0;7;0;0;2;8;9;A01
201100017801;0;31;0;0;2;7;1;B02
201100017802;0;7;0;6;0;1;1;A01
201100017803;0;7;0;0;1;3;1;A01
201100017804;0;7;0;0;1;7;1;A01
201100017805;0;33;0;0;2;3;13;A01
201100017805;0;7;0;0;2;3;1;B02
201100017806;0;7;0;15;0;3;1;A01
201100017807;0;30;0;7;0;1;14;A01
201100017808;0;7;0;0;2;3;1;A01
201100017808;0;1;0;0;2;1;1;B02
201100017809;0;30;0;0;2;8;15;A01
201100017809;0;7;0;0;2;7;17;B02
201100017810;0;7;0;0;2;3;9;A01
201100017810;0;7;0;0;2;2;1;B02
201100017811;0;1;0;0;2;5;9;A01
201100017811;0;32;0;0;2;3;21;B02
201100017812;0;17;0;0;0;4;1;B02
201100017812;0;7;0;0;2;1;13;A01
201100017813;0;7;0;3;0;5;1;A01
201100017814;0;7;0;0;2;1;2;A01
201100017814;0;7;0;0;2;4;2;B02
201100017815;0;7;0;4;0;3;1;A01
201100017816;0;7;0;0;0;8;1;A01
201100017817;0;7;0;4;0;3;0;A01
201100017818;0;7;0;4;0;1;0;A01
201100017819;0;15;0;0;2;1;2;A01
201100017819;0;7;0;0;0;4;2;B02
201100017820;0;7;0;14;0;2;1;A01
201100017821;0;7;0;0;0;1;1;A01
201100017822;0;7;0;4;0;1;1;A01
201100017823;0;7;0;3;0;1;17;A01
201100017824;0;7;0;0;0;2;1;A01
201100017825;0;7;0;1;0;1;14;A01
201100017826;0;7;0;0;2;2;2;A01
201100017826;0;7;0;1;0;1;1;B02
201100017826;0;7;0;0;0;6;1;C03
201100017827;0;7;0;0;0;6;1;A01
201100017827;0;7;0;0;2;3;1;B02
201100017828;0;7;0;5;0;1;14;A01
201100017829;0;7;0;3;0;3;13;A01
201100017830;0;33;0;0;2;1;1;B02
201100017830;0;7;0;0;2;2;15;A01
201100017831;0;7;0;0;2;1;1;B02
201100017831;0;30;0;0;2;1;13;A01
201100017832;0;7;0;0;2;2;17;A01
201100017832;0;7;0;0;2;6;1;B02
201100017833;0;7;0;0;1;6;4;A01
201100017834;0;10;0;0;2;7;19;A01
201100017834;0;33;0;0;2;1;1;B02
201100017835;0;7;0;0;2;3;21;B02
201100017835;0;7;0;0;2;3;3;A01
201100017836;0;7;0;0;1;6;4;A01
201100017837;0;7;0;3;0;1;13;A01
201100017838;0;7;0;3;0;3;14;A01
201100017839;0;15;0;6;0;2;1;A01
201100017840;0;7;0;3;2;3;2;B02
201100017840;0;7;0;13;0;2;2;A01
201100017841;0;7;0;0;2;1;14;B02
201100017841;0;17;0;0;2;4;1;A01
201100017842;0;7;0;0;2;1;13;A01
201100017842;0;7;0;0;2;1;1;B02
201100017843;0;1;0;0;2;1;1;A01
201100017843;0;7;0;0;9;5;19;B02
201100017844;0;33;0;6;0;3;1;A01
201100017845;0;21;0;0;1;5;16;A01
201100017846;0;7;0;0;2;1;1;B02
201100017846;0;7;0;0;2;8;1;A01
201100017847;0;2;0;0;2;1;1;B02
201100017847;0;7;0;0;2;6;23;A01
201100017848;0;7;0;8;0;1;13;A01
201100017849;0;33;0;0;0;1;17;B02
201100017849;0;7;0;0;0;5;15;A01
201100017850;0;7;0;0;2;2;1;B02
201100017850;0;30;0;0;2;1;1;A01
201100017851;0;33;0;0;0;0;14;A01
201100017852;0;7;0;3;0;3;1;A01
201100017853;0;7;0;0;0;0;13;A01
201100017854;0;7;0;0;2;3;1;B02
201100017854;0;1;0;0;2;8;1;D04
201100017854;0;7;0;0;2;2;17;A01
201100017854;0;1;0;0;2;8;1;C03
201100017855;0;7;0;13;0;2;14;A01
201100017856;0;7;0;0;2;3;13;A01
201100017856;0;14;0;0;2;8;1;B02
201100017856;0;33;0;0;2;1;1;C03
201100017857;0;7;0;0;1;3;1;A01
201100017858;0;7;0;0;1;2;1;A01
201100017859;0;7;0;0;2;4;2;A01
201100017859;0;14;0;0;2;5;2;B02
201100017860;0;7;0;0;2;7;1;A01
201100017860;0;7;0;0;2;1;1;B02
201100017860;0;7;0;0;2;1;1;C03
201100017861;0;7;0;3;2;3;13;A01
201100017861;0;7;0;3;2;3;1;B02
201100017862;0;31;0;0;2;2;1;A01
201100017862;0;7;0;0;2;3;15;B02
201100017863;0;7;0;0;2;1;1;A01
201100017863;0;7;0;0;2;8;19;B02
201100017864;0;7;0;0;2;7;0;A01
201100017864;0;7;0;0;2;1;1;B02
201100017865;0;7;0;2;0;9;1;A01
201100017866;0;7;0;0;2;3;1;A01
201100017866;0;1;0;0;;4;11;B02
201100017867;0;7;0;0;2;1;2;A01
201100017867;0;17;0;0;0;4;2;B02
201100017868;0;7;0;4;0;1;1;A01
201100017869;0;33;0;0;2;1;2;A01
201100017869;0;15;0;0;2;6;2;B02
201100017870;0;15;0;0;2;5;2;B02
201100017870;0;7;0;0;2;1;2;A01
201100017871;0;17;0;0;2;4;2;B02
201100017871;0;10;0;0;2;1;2;A01
201100017872;0;7;0;0;2;1;2;A01
201100017872;0;15;0;0;2;4;2;B02
201100017873;0;7;0;3;2;3;2;A01
201100017873;0;10;0;0;2;1;21;B02
201100017874;0;10;0;0;2;2;2;A01
201100017874;0;7;0;3;0;6;23;C03
201100017874;0;7;0;3;0;6;23;B02
201100017875;0;10;0;0;2;1;2;A01
201100017875;0;17;0;0;0;0;2;B02
201100017876;0;7;0;3;0;7;1;A01
201100017877;0;7;0;13;0;2;14;A01
201100017878;0;7;0;1;0;1;2;A01
201100017878;0;7;0;0;0;4;23;B02
201100017879;0;7;0;3;0;9;14;A01
201100017880;0;7;0;0;2;1;1;A01
201100017880;0;7;0;0;2;6;1;B02
201100017881;0;17;0;;2;4;23;A01
201100017881;0;17;0;1;0;1;14;B02
201100017882;0;7;0;3;2;8;13;A01
201100017882;0;10;0;0;2;2;2;B02
201100017883;0;7;0;13;0;9;14;A01
201100017884;0;7;0;13;0;1;14;A01
201100017885;0;7;0;4;0;1;13;A01
201100017886;0;33;0;0;2;6;1;A01
201100017886;1;7;0;;2;;2;B02
201100017887;0;7;0;0;1;1;1;A01
201100017888;0;33;0;0;0;8;1;A01
201100017889;0;7;0;0;2;1;1;B02
201100017889;0;30;0;0;2;1;1;A01
201100017890;0;33;0;0;2;1;2;A01
201100017890;0;7;0;0;2;4;2;B02
201100017891;0;7;0;0;2;1;13;A01
201100017891;0;7;0;0;2;3;14;B02
201100017892;0;33;0;13;0;1;1;A01
201100017893;0;7;0;0;0;1;13;A01
201100017894;0;7;0;0;1;2;2;A01
201100017894;0;1;0;0;2;8;2;B02
201100017895;0;7;0;0;1;6;4;A01
201100017896;0;7;0;0;4;4;1;B01
201100017896;0;7;0;1;0;1;1;A01
201100017896;0;7;0;0;2;4;2;D01
201100017896;0;7;0;0;2;4;2;C01
201100017897;0;7;0;0;1;1;1;A01
201100017898;0;7;0;0;2;3;17;A01
201100017898;0;15;0;0;0;8;1;C01
201100017898;0;7;0;0;2;1;1;B01
201100017899;0;7;0;0;2;3;1;B01
201100017899;0;7;0;0;2;1;1;A01
201100017900;0;37;27;0;1;8;15;A01
201100017901;0;7;0;0;1;1;15;A01
201100017902;0;7;0;15;0;1;0;A01
201100017903;0;7;0;0;1;1;1;A01
201100017904;0;7;0;0;1;3;1;A01
201100017905;0;7;0;8;0;3;1;A01
201100017906;0;33;0;0;2;1;2;A01
201100017906;0;7;0;0;0;4;1;B01
201100017907;0;7;0;0;1;1;0;A01
201100017908;0;7;0;0;1;2;1;A01
201100017909;0;7;0;0;2;5;15;A01
201100017909;0;33;0;0;2;1;1;B01
201100017910;0;2;0;0;2;1;1;B01
201100017910;0;7;0;0;2;3;16;A01
201100017911;0;7;0;0;2;3;1;A01
201100017911;0;1;0;0;2;1;1;B01
201100017912;0;10;0;0;1;1;1;A01
201100017913;0;7;0;1;;1;0;B03
201100017913;0;7;0;1;2;9;0;B02
201100017913;0;7;0;1;2;1;1;B01
201100017913;0;7;0;0;2;1;19;A01
201100017914;0;7;0;0;1;1;16;A01
201100017915;0;2;0;0;2;1;1;B01
201100017915;0;7;0;0;2;7;19;A01
201100017916;0;7;0;0;2;5;11;A01
201100017916;0;33;0;0;2;1;1;B01
201100017917;0;7;0;0;2;3;11;B01
201100017917;0;30;0;0;2;1;2;A01
201100017918;0;33;0;0;2;1;1;B01
201100017918;0;7;0;0;2;8;15;A01
201100017919;0;7;0;0;1;1;1;A01
201100017920;0;7;0;0;2;3;1;B01
201100017920;0;30;0;0;2;1;5;A01
201100017921;0;7;0;0;2;2;15;A01
201100017921;0;3;0;0;2;1;1;B01
201100017922;0;7;0;1;0;5;23;A01
201100017922;0;7;0;0;2;5;23;B01
201100017923;0;30;0;0;1;1;1;A01
201100017924;1;1;0;0;1;1;5;Z01
201100017925;1;7;0;0;1;0;0;Z01
201100017926;0;7;0;0;2;1;23;B01
201100017926;0;7;0;0;2;1;23;C01
201100017926;0;7;0;14;2;1;1;A01
201100017927;0;7;0;0;0;4;2;B01
201100017927;0;7;0;0;0;4;2;C01
201100017927;0;7;0;0;2;1;1;A01
201100017928;1;7;0;0;2;0;19;A01
201100017928;0;31;0;0;2;0;1;B01
201100017929;0;7;0;0;2;7;15;A01
201100017929;0;2;0;0;2;1;1;B01
201100017930;0;7;0;0;2;1;1;A01
201100017930;0;7;0;0;2;2;1;B01
201100017931;0;7;0;0;2;0;1;A01
201100017931;0;30;0;0;2;1;15;B01
201100017932;0;30;0;0;2;1;1;A01
201100017932;0;7;0;0;2;3;11;B01
201100017933;0;7;0;0;9;3;11;A01
201100017933;0;1;0;0;2;3;15;B01
201100017934;0;7;0;0;0;4;1;B01
201100017934;0;7;0;0;2;1;2;A01
201100017935;0;30;0;0;2;4;1;A01
201100017935;0;7;0;0;2;4;2;B01
201100017936;0;30;0;0;2;8;23;B01
201100017936;0;7;0;0;2;8;12;A01
201100017937;0;7;0;0;2;1;12;A01
201100017937;0;7;0;0;0;4;23;B01
201100017938;0;7;0;0;2;7;12;A01
201100017938;0;2;0;0;2;8;1;B01
201100017939;0;1;0;0;1;1;1;A01
201100017940;0;2;0;15;1;0;1;A01
201100017941;0;1;0;0;2;1;1;B01
201100017941;0;7;0;0;2;5;16;A01
201100017942;0;2;0;0;2;1;1;B01
201100017942;0;7;0;0;2;3;0;A01
201100017943;0;36;0;0;1;6;1;A01
201100017944;0;7;0;0;2;1;17;A01
201100017944;0;33;0;0;2;1;1;B01
201100017945;0;1;0;0;2;7;1;B01
201100017945;0;7;0;0;2;1;9;A01
201100017946;0;33;0;0;2;1;1;A01
201100017946;0;7;0;0;2;5;15;B01
201100017947;0;1;0;0;2;8;15;A01
201100017947;0;7;0;0;2;7;17;B01
201100017948;0;7;0;0;2;1;2;A01
201100017948;0;31;0;0;2;4;2;B01
201100017949;0;37;1;0;2;8;1;B01
201100017949;0;1;0;0;2;3;0;A01
201100017950;0;7;0;0;2;2;15;A01
201100017950;0;7;0;0;2;1;1;B01
201100017951;0;7;0;0;2;4;23;B01
201100017951;0;7;0;0;2;4;23;D01
201100017951;0;7;0;0;2;4;23;C01
201100017951;0;7;0;0;2;1;1;A01
201100017952;0;7;0;0;2;5;15;A01
201100017952;0;2;0;0;2;1;1;B01
201100017953;0;30;0;0;2;8;0;A01
201100017953;0;7;0;0;2;2;1;B01
201100017954;0;7;0;0;1;0;1;A01
201100017955;0;33;0;0;2;1;13;A01
201100017955;0;33;0;0;2;8;16;B01
201100017956;0;7;0;0;2;1;1;B01
201100017956;0;7;0;0;2;1;13;A01
201100017957;0;7;0;0;2;1;9;A01
201100017957;0;37;40;0;2;7;1;B01
201100017958;0;7;0;14;0;8;0;A01
201100017958;0;2;0;0;2;0;0;B01
201100017959;0;7;0;0;1;3;15;A01
201100017960;0;1;0;0;0;1;1;B01
201100017960;0;7;0;0;9;3;9;A01
201100017961;0;1;0;0;2;1;5;A01
201100017961;0;7;0;0;9;3;15;B01
201100017962;0;30;0;0;2;1;17;A01
201100017962;0;7;0;0;2;2;2;B01
201100017963;0;2;0;0;1;1;18;A01
201100017964;0;7;0;0;1;1;1;A01
201100017965;0;7;0;0;2;1;19;A01
201100017965;0;7;0;0;2;8;1;B01
201100017966;0;1;0;0;2;8;1;B01
201100017966;0;7;0;0;9;1;1;A01
201100017967;0;7;0;0;2;3;15;A01
201100017967;0;7;0;0;2;3;21;B01
201100017968;1;7;0;0;2;3;1;Z01
201100017968;0;30;0;0;2;0;1;B01
201100017969;0;1;0;0;2;8;2;B01
201100017969;0;7;0;0;2;7;2;A01
201100017970;0;7;0;11;0;1;6;A01
201100017971;0;30;0;11;0;1;1;A01