num_acc;senc;catv;occutc;obs;obsm;choc;manv;num_veh
201100017971;0;7;0;0;2;0;0;B01
201100017972;0;7;0;0;2;1;1;A01
201100017972;0;7;0;0;2;1;1;B01
201100017973;0;7;0;0;2;3;1;B01
201100017973;0;2;0;0;2;1;13;A01
201100017974;0;7;0;0;2;6;9;A01
201100017974;0;7;0;0;2;1;1;C01
201100017974;0;17;0;0;2;2;1;B01
201100017975;0;30;0;0;2;1;1;B01
201100017975;0;7;0;0;2;3;10;A01
201100017976;0;30;0;0;0;8;1;B01
201100017976;0;3;0;0;2;3;1;A01
201100017977;0;1;0;0;2;8;1;A01
201100017977;0;7;0;0;2;3;1;B01
201100017978;0;7;0;0;2;1;2;A01
201100017978;0;7;0;0;0;4;23;B01
201100017979;0;3;0;0;1;4;4;A01
201100017980;0;7;0;0;2;4;23;C01
201100017980;0;7;0;0;2;1;1;A01
201100017980;0;7;0;0;2;4;23;B01
201100017981;0;31;0;0;2;1;1;B01
201100017981;0;7;0;0;2;2;9;A01
201100017982;0;14;0;0;2;1;15;A01
201100017982;0;7;0;0;2;3;1;B01
201100017983;0;14;0;0;2;6;1;C01
201100017983;0;7;0;0;2;1;1;A01
201100017983;0;7;0;0;2;6;1;B01
201100017984;0;7;0;0;2;1;16;A01
201100017984;0;7;0;0;2;3;1;B01
201100017985;0;7;0;0;2;3;9;B01
201100017985;0;30;0;0;2;1;1;A01
201100017986;0;7;0;0;2;1;1;A01
201100017986;0;7;0;0;0;4;23;E01
201100017986;0;7;0;0;2;4;23;B01
201100017986;0;7;0;0;2;4;23;D01
201100017986;0;10;0;0;2;4;23;C01
201100017987;0;30;0;0;2;1;1;A01
201100017987;0;7;0;0;2;2;1;B01
201100017988;0;7;0;0;2;2;9;A01
201100017988;0;7;0;0;2;5;1;B01
201100017989;0;1;0;0;2;1;1;B01
201100017989;0;7;0;0;2;2;9;A01
201100017990;0;7;0;0;1;2;1;A01
201100017991;0;7;0;0;1;3;1;A01
201100017992;0;7;0;0;1;0;1;A01
201100017993;0;7;0;0;2;3;9;A01
201100017993;0;10;0;0;2;2;1;B01
201100017994;0;32;0;0;2;1;1;A01
201100017994;0;7;0;0;0;5;23;B01
201100017995;0;7;0;0;2;2;5;A01
201100017995;0;2;0;0;2;1;0;B01
201100017996;0;7;0;0;1;0;0;A01
201100017997;0;7;0;1;2;1;2;A01
201100017997;0;7;0;1;0;4;2;B01
201100017997;0;7;0;1;0;4;2;C01
201100017997;0;7;0;1;0;4;2;D01
201100017998;0;7;0;0;2;3;15;A01
201100017998;0;33;0;0;2;3;17;B01
201100017999;2;7;0;0;2;3;13;A01
201100017999;0;7;0;0;2;3;1;B01
201100018000;0;7;0;0;2;1;9;A01
201100018000;0;33;0;0;2;5;1;B01
201100018001;0;7;0;0;2;1;1;A01
201100018001;0;7;0;0;2;4;1;B01
201100018002;0;1;0;0;0;0;0;B01
201100018002;1;7;0;0;9;0;0;Z01
201100018003;0;7;0;15;2;3;1;A01
201100018003;0;7;0;0;2;3;15;B01
201100018003;0;7;0;0;2;1;15;C01
201100018004;1;7;0;0;9;3;20;A01
201100018004;0;1;0;0;2;7;1;B01
201100018005;0;7;0;0;9;7;15;A01
201100018005;0;1;0;0;2;1;1;B01
201100018006;0;1;0;0;0;4;0;B01
201100018006;0;7;0;9;1;2;14;A01
201100018007;0;32;0;0;2;7;1;B01
201100018007;0;7;0;0;2;1;9;A01
201100018008;0;7;0;0;2;4;2;B01
201100018008;0;17;0;0;2;1;2;A01
201100018008;0;17;0;0;2;6;2;C01
201100018008;0;17;0;0;2;4;2;D01
201100018009;0;7;0;0;2;1;2;A01
201100018009;0;7;0;;0;4;2;C01
201100018009;0;7;0;0;2;4;2;B01
201100018010;0;10;0;0;0;0;1;A01
201100018010;0;7;0;14;0;3;1;B01
201100018010;0;7;0;0;2;1;1;C01
201100018011;0;30;0;0;2;1;13;A01
201100018011;0;7;0;0;2;6;1;B01
201100018012;0;7;0;0;1;2;1;A01
201100018013;0;7;0;0;2;2;1;A01
201100018013;0;7;0;0;2;1;1;B01
201100018014;0;2;0;0;2;1;17;A01
201100018014;0;7;0;0;2;3;15;B01
201100018015;0;7;0;0;1;1;15;A01
201100018016;0;7;0;0;2;1;2;A01
201100018016;0;7;0;0;0;4;2;B01
201100018017;0;7;0;13;0;2;1;A01
201100018018;0;7;0;0;2;3;1;B02
201100018018;0;30;0;0;2;1;13;A01
201100018019;0;33;0;0;2;8;2;A01
201100018019;0;7;0;0;0;4;1;B02
201100018020;0;7;0;0;2;3;21;B02
201100018020;0;7;0;0;2;3;13;A01
201100018021;0;7;0;1;0;2;1;A01
201100018022;0;1;0;0;0;8;19;B02
201100018022;0;2;0;0;9;1;17;A01
201100018023;0;7;0;0;2;3;1;B02
201100018023;0;7;0;0;2;2;15;A01
201100018024;0;7;0;0;1;1;1;A01
201100018025;0;10;0;0;2;1;1;A01
201100018025;0;14;0;0;2;1;1;B02
201100018026;0;7;0;0;1;2;16;A01
201100018027;0;7;0;0;1;3;1;A01
201100018028;0;7;0;15;0;1;1;A01
201100018029;0;7;0;0;9;5;1;A01
201100018029;0;1;0;0;2;1;19;B02
201100018030;0;7;0;0;2;4;2;A01
201100018030;0;7;0;0;2;1;2;B02
201100018031;0;7;0;0;1;1;1;A01
201100018032;0;7;0;0;0;2;1;A01
201100018033;0;7;0;0;2;1;9;A01
201100018033;0;2;0;0;2;1;17;B02
201100018034;0;33;0;0;2;1;1;B02
201100018034;0;7;0;0;2;3;17;A01
201100018035;0;7;0;0;2;2;1;B02
201100018035;0;1;0;0;2;3;19;A01
201100018036;0;33;0;0;2;1;13;A01
201100018036;0;13;0;0;2;3;1;B02
201100018037;0;7;0;0;2;1;1;A01
201100018037;0;30;0;0;2;1;1;B02
201100018038;0;33;0;0;2;1;1;B02
201100018038;0;7;0;0;2;1;15;A01
201100018039;0;7;0;16;0;9;2;A01
201100018040;0;7;0;0;2;2;2;C03
201100018040;0;7;0;0;2;2;2;A01
201100018040;0;7;0;0;2;6;2;B02
201100018041;0;7;0;2;0;1;1;A01
201100018042;0;7;0;4;0;3;1;A01
201100018043;0;7;0;4;0;3;1;A01
201100018044;0;7;0;4;0;3;1;A01
201100018045;0;7;0;14;0;1;2;C03
201100018045;0;7;0;14;0;8;2;B02
201100018045;0;7;0;0;6;1;1;A01
201100018046;0;7;0;0;0;0;5;A01
201100018046;0;7;0;13;0;1;1;B02
201100018047;0;17;0;0;2;4;1;B02
201100018047;0;7;0;0;2;1;1;A01
201100018048;0;15;0;3;0;7;1;A01
201100018049;0;10;0;0;2;1;2;A01
201100018049;0;15;0;0;2;6;2;B02
201100018050;0;7;0;0;2;1;2;A01
201100018050;0;33;0;0;0;4;2;B02
201100018051;0;7;0;0;1;3;1;A01
201100018052;0;33;0;0;2;7;1;A01
201100018052;0;7;0;0;2;1;15;B02
201100018053;0;7;0;0;1;3;1;A01
201100018054;0;7;0;0;0;3;0;A01
201100018054;0;1;0;0;0;1;0;B02
201100018055;0;7;0;0;2;3;1;A01
201100018055;0;7;0;0;2;3;1;B02
201100018056;0;33;0;0;2;1;1;B02
201100018056;0;7;0;0;2;2;1;A01
201100018057;0;7;0;0;9;3;13;B01
201100018057;0;1;0;0;2;3;1;A02
201100018058;0;33;0;0;2;5;23;B02
201100018058;0;33;0;1;0;3;20;A01
201100018059;0;7;0;0;2;2;21;A01
201100018059;0;14;0;0;2;3;1;B02
201100018060;0;7;0;0;2;1;1;A01
201100018060;0;17;0;0;0;4;1;B02
201100018061;0;7;0;0;0;4;1;A01
201100018061;0;7;0;0;2;1;1;B02
201100018062;0;7;0;0;2;1;2;A01
201100018062;0;14;0;0;0;4;2;B02
201100018063;0;15;0;1;0;6;1;A02
201100018063;0;15;0;0;0;6;23;B01
201100018064;0;7;0;0;2;8;15;A01
201100018064;0;10;0;0;2;2;2;B01
201100018065;0;31;0;0;9;0;2;A01
201100018066;0;7;0;4;0;1;2;A01
201100018067;0;15;0;0;2;6;1;B02
201100018067;0;7;0;0;2;1;17;A01
201100018068;0;7;0;4;0;7;1;A01
201100018069;0;7;0;0;6;8;21;A01
201100018070;0;7;0;0;9;8;0;A01
201100018071;0;7;0;0;2;5;15;A01
201100018071;0;33;0;0;2;7;1;B02
201100018072;0;7;0;0;0;5;2;A01
201100018072;0;1;0;0;0;3;2;B02
201100018073;0;7;0;0;1;1;1;A01
201100018074;0;10;0;0;1;6;20;A01
201100018075;0;7;0;0;0;0;0;A01
201100018075;0;7;0;0;2;3;1;B02
201100018076;0;7;0;0;2;7;1;B02
201100018076;0;7;0;0;2;1;13;A01
201100018076;0;33;0;0;2;1;1;C03
201100018076;0;33;0;0;2;1;1;D04
201100018077;0;7;0;0;2;1;13;A01
201100018077;0;33;0;0;2;1;13;B02
201100018078;0;7;0;0;2;7;15;A01
201100018078;0;33;0;0;2;1;1;B02
201100018079;0;33;0;8;0;0;1;A01
201100018080;0;7;0;0;2;8;1;A01
201100018081;0;7;0;2;0;3;13;A01
201100018082;0;17;0;13;9;3;19;A01
201100018083;0;7;0;13;0;2;1;A01
201100018084;0;7;0;0;2;4;2;B02
201100018084;0;7;0;0;2;1;2;A01
201100018085;0;13;0;0;2;1;1;B02
201100018085;0;7;0;0;2;1;13;A01
201100018086;0;7;0;3;0;8;17;A01
201100018087;0;7;0;3;0;9;1;A01
201100018088;0;7;0;0;2;1;2;A01
201100018088;0;7;0;0;2;4;23;B01
201100018089;0;7;0;14;0;1;1;A01
201100018090;0;7;0;0;0;1;14;A01
201100018091;0;7;0;3;0;1;14;A01
201100018092;0;7;0;0;0;0;1;A01
201100018093;0;7;0;3;0;3;1;A01
201100018094;0;7;0;13;0;1;1;A01
201100018095;0;1;0;0;2;4;1;B02
201100018095;1;7;0;0;2;1;1;A01
201100018096;0;7;0;0;2;7;1;B02
201100018096;0;7;0;0;2;1;1;C03
201100018096;0;21;0;0;2;2;15;A01
201100018097;0;7;0;5;0;9;21;A01
201100018098;0;7;0;0;0;4;2;C03
201100018098;0;15;0;0;2;1;2;A01
201100018098;0;10;0;0;2;4;2;B02
201100018099;0;7;0;0;9;0;2;C03
201100018099;0;15;0;0;0;8;5;A01
201100018099;0;7;0;0;9;1;1;B02
201100018100;0;7;0;0;0;4;1;A01
201100018100;0;15;0;0;0;1;1;B02
201100018101;0;17;0;0;0;7;1;A01
201100018102;0;7;0;3;0;1;2;A01
201100018102;0;7;0;3;0;4;0;B02
201100018103;0;7;0;0;0;1;1;A01
201100018104;0;7;0;5;0;1;2;A01
201100018105;0;99;0;3;0;3;13;A01
201100018106;0;10;0;5;0;1;1;A01
201100018107;0;10;0;0;0;6;0;A01
201100018107;2;7;0;0;2;1;17;B02
201100018108;0;7;0;13;0;2;14;A01
201100018109;0;7;0;0;1;2;1;A01
201100018110;0;7;0;13;0;1;1;A01
201100018111;0;7;0;13;0;0;1;A01
201100018112;0;33;0;0;2;1;17;B02
201100018112;0;7;0;0;0;8;15;A01
201100018113;0;1;0;0;2;3;13;B02
201100018113;0;14;0;0;9;6;1;A01
201100018114;0;7;0;0;1;7;4;A01
201100018115;0;7;0;0;1;8;1;A01
201100018116;0;7;0;0;1;7;1;A01
201100018117;0;7;0;0;1;2;1;A01
201100018118;0;7;0;0;2;8;1;A01
201100018118;0;7;0;0;2;8;1;B01
201100018119;0;7;0;0;2;1;15;A01
201100018119;0;7;0;0;2;1;1;B01
201100018120;0;7;0;0;2;2;1;A01
201100018120;0;7;0;0;2;2;24;B01
201100018121;0;30;0;0;2;1;1;B01
201100018121;0;7;0;0;2;7;15;A01
201100018122;0;33;0;2;0;1;13;A01
201100018123;0;33;0;0;2;7;1;B01
201100018123;0;7;0;0;2;0;1;A01
201100018124;0;33;0;11;0;1;1;A01
201100018125;0;7;0;0;2;8;1;A01
201100018125;0;15;0;0;2;8;1;B01
201100018126;0;7;0;3;2;1;13;A01
201100018126;0;7;0;0;2;1;1;B01
201100018127;0;7;0;16;0;9;14;A01
201100018128;0;7;0;0;2;1;1;A01
201100018128;0;7;0;0;2;1;1;B01
201100018129;0;7;0;0;0;4;2;C01
201100018129;0;31;0;0;2;4;2;B01
201100018129;0;2;0;0;2;2;2;A01
201100018130;0;32;0;1;2;1;1;A01
201100018130;0;7;0;0;2;4;23;B01
201100018131;0;16;0;0;2;3;1;A01
201100018131;0;32;0;0;2;2;1;B01
201100018132;0;7;0;0;1;8;1;A01
201100018133;0;32;0;10;0;1;1;A01
201100018134;0;7;0;0;2;1;13;A01
201100018134;0;7;0;0;2;1;1;B01
201100018135;0;7;0;0;1;2;1;A01
201100018136;0;7;0;0;2;8;10;A01
201100018136;0;33;0;0;2;1;17;B01
201100018137;0;7;0;0;2;8;16;A01
201100018137;0;7;0;0;2;1;1;B01
201100018138;0;7;0;0;1;0;1;A01
201100018139;0;7;0;0;2;1;2;A01
201100018139;0;7;0;0;0;4;2;B01
201100018140;0;7;0;0;2;1;1;A01
201100018140;0;7;0;0;2;1;15;B01
201100018141;0;7;0;0;2;1;1;B01
201100018141;0;7;0;0;2;1;13;A01
201100018141;0;7;0;0;2;6;1;D01
201100018141;0;7;0;0;2;8;1;C01
201100018142;0;1;0;0;2;4;3;A01
201100018142;0;7;0;0;2;1;17;C01
201100018142;0;7;0;0;2;8;1;B01
201100018143;0;33;0;0;0;0;0;A01
201100018144;0;7;0;5;0;9;1;A01
201100018145;0;7;0;13;0;1;14;A01
201100018146;0;7;0;15;0;7;0;A01
201100018147;0;7;0;0;2;1;2;A01
201100018147;0;7;0;0;2;4;1;B01
201100018148;0;31;0;0;2;1;1;B01
201100018148;0;7;0;0;2;3;10;A01
201100018149;0;7;0;0;1;1;1;A01
201100018150;0;7;0;0;2;0;15;B01
201100018150;0;7;0;0;2;7;1;A01
201100018151;0;7;0;0;0;0;0;A01
201100018152;0;7;0;0;0;0;0;A01
201100018152;0;7;0;0;0;0;0;B01
201100018153;0;7;0;3;1;0;1;A01
201100018154;0;1;0;0;2;7;1;B01
201100018154;0;7;0;0;2;0;0;A01
201100018155;0;1;0;0;0;0;1;A01
201100018156;0;7;0;0;2;7;1;A01
201100018156;0;7;0;0;2;0;1;B01
201100018157;0;7;0;0;0;4;1;B01
201100018157;0;7;0;0;2;4;1;A01
201100018158;0;37;1;0;2;3;1;B01
201100018158;0;7;0;0;2;2;1;A01
201100018159;0;7;0;0;2;1;0;B01
201100018159;0;7;0;0;2;7;0;A01
201100018160;0;7;0;0;2;0;15;B01
201100018160;0;2;0;0;2;1;1;A01
201100018161;0;7;0;0;2;2;1;B01
201100018161;0;7;0;0;2;3;0;A01
201100018162;0;7;0;0;2;1;0;A01
201100018162;0;7;0;0;2;1;1;B01
201100018163;0;31;0;0;2;7;0;B01
201100018163;0;32;0;0;2;0;0;A01
201100018164;0;7;0;0;0;3;1;B01
201100018164;0;7;0;0;2;0;1;A01
201100018165;0;7;0;2;1;7;1;A01
201100018166;0;7;0;0;2;4;0;B01
201100018166;0;32;0;1;0;0;1;A01
201100018167;0;7;0;0;2;0;1;B01
201100018167;0;7;0;0;2;0;0;A01
201100018168;0;7;0;0;0;0;0;A01
201100018169;0;7;0;3;1;7;1;A01
201100018170;0;7;0;0;2;0;0;B01
201100018170;0;33;0;0;2;7;1;A01
201100018171;0;1;0;0;2;8;1;B01
201100018171;0;7;0;0;2;7;0;A01
201100018172;0;30;0;0;2;7;1;A01
201100018172;0;7;0;0;2;7;1;B01
201100018173;0;7;0;0;0;0;0;A01
201100018174;0;7;0;0;1;7;0;A01
201100018175;0;7;0;0;2;4;1;B01
201100018175;0;7;0;0;2;0;1;A01
201100018176;0;7;0;0;2;7;1;A01
201100018176;0;1;0;0;2;0;0;B01
201100018177;0;7;0;0;2;0;1;A01
201100018177;0;7;0;0;2;0;1;B01
201100018178;0;7;0;0;1;7;1;A01
201100018179;0;1;0;0;2;8;1;B01
201100018179;0;7;0;0;2;7;1;A01
201100018180;0;7;0;0;2;1;1;B01
201100018180;0;7;0;0;2;1;0;A01
201100018181;0;32;0;0;2;0;1;A01
201100018182;0;7;0;0;2;0;1;B01
201100018182;0;7;0;0;0;5;1;A01
201100018183;0;7;0;0;2;7;15;B01
201100018183;0;7;0;0;2;0;0;A01
201100018184;0;7;0;0;1;0;0;A01
201100018185;0;7;0;0;2;0;15;B01
201100018185;0;1;0;1;2;0;1;A01
201100018186;0;7;0;0;2;8;1;B01
201100018186;0;7;0;0;1;8;1;A01
201100018187;0;7;0;0;0;9;1;A01
201100018188;0;7;0;0;1;0;1;A01
201100018189;0;30;0;0;2;7;1;A01
201100018189;0;7;0;0;2;0;1;B01
201100018190;0;1;0;0;2;0;0;B01
201100018190;0;7;0;0;2;0;0;A01
201100018191;0;7;0;0;0;0;0;B01
201100018191;0;7;0;1;0;0;1;C01
201100018191;0;7;0;13;0;0;1;A01
201100018192;0;7;0;0;2;6;9;A01
201100018192;0;7;0;0;2;2;1;B01
201100018193;1;7;0;0;9;1;0;Z01
201100018193;0;1;0;15;0;1;0;B01
201100018194;0;7;0;0;2;1;2;B01
201100018194;0;7;0;0;0;4;1;A01
201100018195;0;33;0;0;2;1;18;A01
201100018195;0;7;0;0;2;2;16;B01
201100018196;0;7;0;13;0;0;1;A01
201100018197;0;7;0;0;1;1;1;A01
201100018198;0;34;0;0;0;0;0;A01
201100018199;0;7;0;0;0;2;15;B01
201100018199;0;30;0;0;2;1;0;A01
201100018200;0;7;0;0;2;2;16;B01
201100018200;0;2;0;0;2;7;18;A01
201100018201;0;1;0;0;0;0;0;A01
201100018202;0;33;0;0;2;2;1;B01
201100018202;0;7;0;0;2;1;19;A01
201100018203;0;7;0;0;2;1;1;A01
201100018203;0;30;0;0;0;4;1;B01
201100018204;0;7;0;0;2;2;1;B01
201100018204;0;30;0;0;2;3;1;A01
201100018205;0;7;0;2;0;0;1;A01
201100018206;0;7;0;0;0;5;2;B01
201100018206;0;7;0;14;0;1;2;A01
201100018206;0;30;0;14;0;1;2;C01
201100018207;0;7;0;0;2;8;1;B01
201100018207;0;7;0;0;2;8;1;A01
201100018208;0;7;0;0;1;1;1;A01
201100018209;0;7;0;0;1;1;1;A01
201100018210;0;7;0;14;0;0;1;A01
201100018211;0;7;0;0;2;7;0;B01
201100018211;0;7;0;14;2;0;0;A01
201100018212;0;7;0;0;2;0;1;B01
201100018212;0;7;0;0;2;0;0;A01
201100018213;0;2;0;0;2;1;2;A01
201100018213;0;7;0;0;9;4;2;B01
201100018214;1;7;0;0;9;0;2;A01
201100018214;0;30;0;0;2;8;2;B01
201100018215;0;7;0;0;9;8;15;B01
201100018215;0;2;0;0;2;1;2;A01
201100018216;0;7;0;0;1;1;1;A01
201100018217;0;30;0;0;2;1;18;A01
201100018217;0;7;0;0;9;7;2;B01
201100018218;0;7;0;0;0;9;14;A01
201100018219;0;7;0;0;9;2;15;A01
201100018219;0;30;0;0;2;1;1;B01
201100018220;0;7;0;0;9;3;15;B01
201100018220;0;30;0;0;2;1;1;A01
201100018221;0;2;0;0;2;1;1;B01
201100018221;0;7;0;0;9;1;9;A01
201100018222;0;33;0;0;0;0;14;A01
201100018223;0;7;0;0;0;0;16;A01
201100018223;0;33;0;0;0;0;1;B01
201100018224;0;7;0;0;9;7;1;A01
201100018224;0;2;0;0;2;1;19;B01
201100018225;0;30;0;0;0;0;1;A01
201100018226;0;7;0;0;2;1;1;B01
201100018226;0;7;0;0;2;2;10;A01
201100018227;0;33;0;0;0;0;0;A01
201100018228;0;7;0;0;0;3;15;A01
201100018228;0;1;0;0;2;1;1;B01
201100018229;0;1;0;0;2;0;0;B01
201100018229;0;7;0;0;9;0;0;A01
201100018230;0;33;0;0;0;0;0;A01
201100018231;0;7;0;0;0;1;2;A01
201100018231;0;7;0;0;2;4;2;B01
201100018232;0;30;0;0;2;1;1;B01
201100018232;0;7;0;0;1;1;1;C01
201100018232;0;7;0;0;9;3;20;A01
201100018233;0;7;0;0;9;2;15;A01
201100018233;0;33;0;0;2;1;1;B01
201100018234;0;7;0;0;2;4;2;B01
201100018234;0;7;0;0;2;1;2;A01
201100018235;0;7;0;0;6;9;1;A01
201100018236;0;7;0;0;2;2;1;B01
201100018236;0;7;0;0;2;1;15;A01
201100018237;0;2;0;0;2;4;9;A01
201100018237;0;7;0;0;9;3;1;B01
201100018238;0;7;0;0;9;8;15;B01
201100018238;0;1;0;0;2;1;5;A01
201100018239;0;31;0;0;2;1;1;B01
201100018239;0;7;0;0;9;5;15;A01
201100018240;0;7;0;0;2;1;2;A01
201100018240;0;7;0;0;2;4;2;B01
201100018241;0;2;0;0;0;0;0;A01
201100018242;0;7;0;0;9;6;15;A01
201100018242;0;2;0;0;2;1;1;B01
201100018243;0;7;0;0;2;4;16;B01
201100018243;0;7;0;0;2;1;2;A01
201100018244;0;37;1;0;2;4;2;B01
201100018244;0;7;0;0;2;1;2;A01
201100018245;0;33;0;0;1;1;1;A01
201100018246;0;10;0;0;2;3;21;B01
201100018246;0;7;0;0;2;3;13;A01
201100018247;0;7;0;2;0;0;1;A01
201100018248;0;7;0;0;2;1;15;A01
201100018248;0;33;0;14;2;8;1;B01
201100018249;0;2;0;0;2;6;15;A01
201100018249;0;7;0;0;2;2;17;B01
201100018250;0;7;0;0;1;3;15;A01
201100018251;0;7;0;0;1;6;4;A01
201100018252;0;1;0;0;2;8;10;A01
201100018252;0;7;0;0;2;2;1;B01
201100018253;0;2;0;0;2;1;1;B01
201100018253;0;7;0;0;2;2;15;A01
201100018254;0;7;0;14;0;1;1;D04
201100018254;0;7;0;0;2;2;17;A01
201100018254;0;14;0;0;0;8;1;B02
201100018254;0;10;0;3;0;1;1;C03
201100018255;0;7;0;0;2;1;1;B02
201100018255;0;7;0;0;2;8;15;A01
201100018256;0;7;0;0;0;8;23;A01
201100018256;0;7;0;1;9;1;1;C03
201100018256;2;7;0;0;0;0;24;B02
201100018257;0;99;0;3;0;0;1;A01
201100018258;0;10;0;3;0;1;1;A01
201100018259;0;7;0;0;2;2;11;A01
201100018259;0;17;0;0;0;6;1;B02
201100018260;0;10;0;1;0;2;1;A01
201100018260;0;10;0;0;2;6;0;B02
201100018261;0;7;0;13;0;1;1;A01
201100018262;0;7;0;1;0;1;1;A01
201100018262;0;7;0;0;0;4;23;B02
201100018263;0;7;0;4;0;2;0;A01
201100018264;0;2;0;12;0;0;1;A01
201100018265;0;1;0;0;2;8;13;A01
201100018265;0;7;0;0;2;2;1;B01
201100018266;0;7;0;0;2;2;1;A01
201100018266;0;7;0;0;2;1;1;B01
201100018267;0;7;0;1;0;4;23;B01
201100018267;0;7;0;0;2;1;1;A01
201100018268;0;7;0;0;2;1;1;A01
201100018268;0;7;0;0;2;4;1;B01
201100018269;0;7;0;0;2;6;1;B01
201100018269;0;7;0;0;2;1;1;A01
201100018270;0;7;0;0;1;1;1;A01
201100018271;0;7;0;0;2;3;1;B01
201100018271;0;7;0;0;2;1;1;A01
201100018272;0;2;0;0;0;0;1;A01
201100018273;0;7;0;14;0;1;0;A01
201100018274;0;7;0;0;2;2;15;B01
201100018274;0;7;0;0;2;3;1;A01
201100018275;0;7;0;3;0;9;1;A01
201100018276;0;2;0;0;2;1;15;A01
201100018276;0;7;0;0;2;1;1;B01
201100018277;0;33;0;0;2;0;1;B01
201100018277;0;7;0;0;2;0;15;A01
201100018278;0;7;0;0;2;1;2;A01
201100018278;0;7;0;0;2;4;2;B01
201100018278;0;7;0;0;2;4;2;C01
201100018279;0;7;0;0;2;1;2;A01
201100018279;0;7;0;0;2;4;2;B01
201100018280;1;30;0;0;1;0;1;A01
201100018281;0;7;0;0;2;6;4;B01
201100018281;0;7;0;0;2;1;6;A01
201100018282;0;7;0;15;2;4;1;A01
201100018282;0;7;0;0;2;2;1;B01
201100018283;0;7;0;0;0;2;14;A01
201100018284;0;7;0;1;2;1;1;A01
201100018284;0;7;0;0;0;4;1;B01
201100018285;0;7;0;0;1;0;15;A01
201100018286;0;2;0;0;2;1;17;A01
201100018286;0;7;0;0;2;3;15;B01
201100018287;0;7;0;15;0;1;1;A01
201100018288;0;7;0;2;0;3;1;A01
201100018289;0;7;0;13;0;1;6;A01
201100018290;0;30;0;1;2;0;0;B01
201100018290;0;7;0;0;2;0;0;A01
201100018291;0;7;0;1;0;6;20;A01
201100018291;0;7;0;0;2;8;24;B01
201100018292;0;7;0;15;0;2;1;A01
201100018293;0;7;0;0;2;4;2;B01
201100018293;0;7;0;0;2;4;2;C01
201100018293;0;7;0;0;2;4;2;D01
201100018293;0;7;0;0;2;1;2;A01
201100018294;0;7;0;0;1;1;14;A01
201100018295;0;30;0;0;1;2;17;A01
201100018296;0;7;0;6;0;9;13;A01
201100018297;0;10;0;13;0;9;1;A01
201100018298;0;7;0;0;1;0;0;A01
201100018299;0;2;0;1;0;2;15;A01
201100018300;0;33;0;16;0;7;21;A01
201100018300;0;7;0;0;0;0;4;B01
201100018301;0;7;0;0;2;2;1;B01
201100018301;0;7;0;0;2;8;10;A01
201100018302;0;7;0;8;2;1;1;A01
201100018302;0;7;0;0;2;4;1;B01
201100018303;0;1;0;0;2;1;18;B01
201100018303;0;7;0;0;2;5;15;A01
201100018304;0;7;0;0;2;1;0;A01
201100018304;0;1;0;0;2;1;1;B01
201100018305;0;10;0;0;2;1;13;A01
201100018305;0;7;0;0;2;7;17;B01
201100018306;0;33;0;0;2;2;16;A01
201100018306;0;7;0;0;2;3;1;B01
201100018307;0;7;0;0;2;6;15;B01
201100018307;0;7;0;0;2;2;21;A01
201100018308;0;33;0;0;2;1;1;B01
201100018308;0;7;0;0;2;3;13;A01
201100018309;0;1;0;0;1;1;1;A01
201100018310;0;7;0;8;0;1;14;A01
201100018311;0;7;0;0;2;0;0;B01
201100018311;0;1;0;0;2;0;1;A01
201100018312;0;7;0;0;2;1;2;A01
201100018312;0;7;0;0;2;4;2;B01
201100018312;0;7;0;0;2;4;2;D01
201100018312;0;7;0;0;0;4;2;E01
201100018312;0;7;0;0;0;4;2;C01
201100018313;0;7;0;0;2;3;1;B01
201100018313;0;7;0;0;2;3;15;A01
201100018314;0;7;0;0;1;0;0;A01
201100018315;0;7;0;0;1;2;1;A01
201100018316;0;7;0;0;1;0;1;A01
201100018317;0;14;0;0;1;7;15;A01
201100018318;0;7;0;0;2;3;15;A01
201100018318;0;1;0;0;2;8;1;B01
201100018319;0;1;0;0;2;0;1;A01
201100018319;0;7;0;0;2;0;15;B01
201100018320;0;7;0;0;2;1;1;A01
201100018320;0;33;0;0;2;4;23;B01
201100018321;0;36;0;10;0;2;1;A01
201100018322;0;7;0;8;0;1;1;A01
201100018323;0;7;0;8;0;1;14;A01
201100018324;0;1;0;0;2;6;1;B01
201100018324;0;7;0;0;2;1;1;A01
201100018325;0;7;0;0;2;2;1;A01
201100018325;0;33;0;0;2;6;1;B01
201100018326;0;7;0;0;1;1;1;A01
201100018327;0;7;0;0;2;2;15;A01
201100018327;0;33;0;0;2;6;21;B01
201100018328;0;1;0;0;2;7;1;B01
201100018328;0;7;0;0;2;1;1;A01
201100018329;0;7;0;0;1;2;1;A01
201100018330;0;1;0;0;2;4;1;B01
201100018330;0;7;0;0;2;3;1;A01
201100018331;0;7;0;0;2;3;1;B01
201100018331;0;7;0;0;2;3;13;A01
201100018332;0;7;0;0;0;6;23;B01
201100018332;0;7;0;0;2;3;1;A01
201100018333;0;33;0;0;0;0;1;A01
201100018334;0;7;0;0;2;3;1;B01
201100018334;0;7;0;0;2;1;13;A01
201100018335;0;7;0;0;0;0;15;A01
201100018335;0;33;0;0;0;8;21;B01
201100018336;0;7;0;0;0;4;23;B01
201100018336;0;7;0;0;2;1;1;A01
201100018337;0;7;0;0;2;1;1;A01
201100018337;0;7;0;0;2;4;1;B01
201100018338;0;7;0;2;0;1;13;A01
201100018339;0;7;0;0;2;1;2;A01