num_acc;senc;catv;occutc;obs;obsm;choc;manv;num_veh
201100018339;0;7;0;0;2;1;2;B01
201100018339;0;7;0;0;2;4;2;C01
201100018340;0;1;0;0;2;2;15;B01
201100018340;0;7;0;0;2;5;15;A01
201100018341;0;7;0;0;2;4;2;B01
201100018341;0;7;0;0;2;1;2;E01
201100018341;0;7;0;0;2;4;2;D01
201100018341;0;7;0;0;2;1;2;A01
201100018341;0;7;0;0;2;4;2;C01
201100018342;0;14;0;0;1;0;0;A01
201100018343;0;2;0;0;0;0;0;A01
201100018344;0;7;0;0;2;0;0;B01
201100018344;0;33;0;0;2;0;0;A01
201100018345;0;2;0;0;0;0;0;B01
201100018345;0;7;0;0;2;0;0;A01
201100018346;0;33;0;0;0;0;1;B01
201100018346;0;7;0;0;0;0;1;A01
201100018347;0;7;0;0;1;1;1;A01
201100018348;0;7;0;0;0;0;0;A01
201100018349;0;2;0;0;2;0;0;B01
201100018349;0;7;0;0;2;0;0;A01
201100018350;0;30;0;0;0;0;0;A01
201100018351;0;30;0;0;0;0;0;A01
201100018352;0;7;0;0;0;0;0;A01
201100018353;0;7;0;0;2;4;2;A01
201100018353;0;7;0;0;2;1;2;B01
201100018354;0;7;0;0;2;1;1;A01
201100018354;0;7;0;0;0;0;0;B01
201100018355;0;7;0;0;2;0;0;A01
201100018355;0;32;0;0;2;0;0;B01
201100018356;0;7;0;0;2;0;0;A01
201100018356;0;33;0;0;0;0;0;B01
201100018357;0;7;0;0;0;0;0;A01
201100018357;0;7;0;0;0;2;2;B01
201100018358;0;7;0;0;0;0;0;A01
201100018359;0;2;0;0;2;0;18;A01
201100018359;0;14;0;0;2;0;16;B01
201100018360;0;2;0;0;2;1;1;A01
201100018360;0;7;0;0;0;4;23;B01
201100018361;0;7;0;0;2;0;0;B01
201100018361;0;7;0;0;2;0;0;A01
201100018362;0;7;0;0;0;0;0;B01
201100018362;0;7;0;0;0;0;0;A01
201100018363;0;2;0;8;0;1;0;A01
201100018364;0;1;0;0;0;0;0;A01
201100018365;0;7;0;0;2;4;2;B01
201100018365;0;1;0;0;0;0;0;A01
201100018366;0;7;0;1;0;0;0;A01
201100018367;0;7;0;0;2;0;0;B01
201100018367;0;7;0;0;2;0;0;A01
201100018368;0;7;0;0;9;1;0;A01
201100018368;0;1;0;0;2;0;0;B01
201100018369;0;7;0;0;2;1;1;A01
201100018369;0;10;0;0;2;4;1;B01
201100018370;0;7;0;0;2;7;1;B01
201100018370;0;2;0;0;2;8;21;A01
201100018371;0;2;0;0;2;2;0;A01
201100018371;0;7;0;0;2;2;15;B01
201100018372;0;7;0;0;2;4;2;B01
201100018372;0;7;0;0;2;1;2;A01
201100018373;0;13;0;0;2;1;1;A01
201100018373;0;7;0;0;2;3;1;B01
201100018374;0;2;0;0;2;0;0;B01
201100018374;0;7;0;0;2;0;0;A01
201100018375;0;7;0;0;2;0;9;A01
201100018375;0;30;0;0;2;0;0;B01
201100018376;0;30;0;0;2;0;0;A01
201100018376;0;7;0;0;2;0;0;B01
201100018377;0;7;0;14;0;0;0;A01
201100018378;0;7;0;0;2;0;0;B01
201100018378;0;7;0;0;2;0;0;A01
201100018379;0;7;0;0;2;0;0;A01
201100018380;0;30;0;0;0;0;1;A01
201100018381;0;7;0;0;2;1;1;A01
201100018381;0;7;0;0;2;4;1;B01
201100018382;0;31;0;0;2;7;1;B01
201100018382;0;7;0;0;2;8;13;A01
201100018383;0;7;0;0;2;0;0;B01
201100018383;0;7;0;0;2;2;19;A01
201100018384;0;33;0;0;2;7;17;A01
201100018384;0;7;0;0;2;8;1;B01
201100018385;0;7;0;0;1;0;0;A01
201100018386;0;7;0;0;0;0;0;A01
201100018387;0;7;0;0;0;0;0;B01
201100018387;0;7;0;0;0;0;0;A01
201100018388;0;7;0;0;2;1;9;A01
201100018388;0;32;0;0;2;0;1;B01
201100018389;0;2;0;0;2;0;0;A01
201100018389;0;7;0;0;0;0;0;B01
201100018390;0;1;0;0;0;0;0;A01
201100018391;0;7;0;0;2;0;0;A01
201100018391;0;33;0;0;2;0;0;B01
201100018392;0;2;0;0;0;0;0;A01
201100018393;0;30;0;0;0;0;0;A01
201100018394;0;7;0;0;0;0;0;B01
201100018394;0;2;0;0;0;0;0;A01
201100018395;0;7;0;0;2;0;0;A01
201100018395;0;7;0;0;2;0;0;B01
201100018396;0;1;0;0;0;0;0;A01
201100018397;0;30;0;0;2;0;17;A01
201100018397;0;7;0;0;2;3;1;B01
201100018398;0;2;0;0;0;0;0;A01
201100018399;0;7;0;0;2;6;9;B01
201100018399;0;2;0;0;2;1;1;A01
201100018400;0;32;0;0;0;0;0;A01
201100018401;0;7;0;8;0;1;0;A01
201100018402;0;10;0;0;1;1;1;A01
201100018403;0;2;0;0;0;0;1;A01
201100018404;0;1;0;0;2;0;0;B01
201100018404;0;10;0;0;2;0;0;A01
201100018405;0;7;0;13;0;9;14;A01
201100018406;0;7;0;0;1;7;1;A01
201100018407;0;32;0;0;0;0;21;A01
201100018408;0;7;0;0;2;1;1;A01
201100018408;0;7;0;0;2;4;1;C01
201100018408;0;7;0;0;2;4;1;B01
201100018409;0;7;0;0;2;2;1;A01
201100018409;0;30;0;0;2;0;1;B01
201100018410;0;32;0;0;0;0;0;A01
201100018411;0;2;0;0;2;7;1;B01
201100018411;0;7;0;0;2;1;16;A01
201100018412;0;33;0;0;0;8;21;A01
201100018413;0;7;0;0;1;1;1;A01
201100018414;0;7;0;0;1;1;1;A01
201100018415;0;7;0;0;2;1;9;A01
201100018415;0;1;0;0;2;0;1;B01
201100018416;0;7;0;0;2;2;1;A01
201100018416;0;7;0;0;2;3;1;B01
201100018417;0;7;0;0;2;0;1;B01
201100018417;0;7;0;0;2;0;15;A01
201100018418;1;7;0;0;1;1;1;A01
201100018419;0;7;0;0;1;4;20;A01
201100018420;0;7;0;0;2;2;15;A01
201100018420;0;33;0;0;2;1;1;B01
201100018421;0;31;0;0;0;0;1;A01
201100018422;0;7;0;14;0;1;1;A01
201100018423;0;7;0;0;2;5;1;B01
201100018423;0;7;0;0;2;2;1;A01
201100018424;0;7;0;0;2;3;15;A01
201100018424;0;1;0;0;2;1;1;B01
201100018425;0;7;0;0;2;4;2;B01
201100018425;0;7;0;0;2;1;2;A01
201100018426;0;7;0;0;2;2;0;B01
201100018426;0;7;0;0;2;8;0;A01
201100018427;0;7;0;0;2;3;1;B01
201100018427;0;7;0;0;2;2;1;A01
201100018428;0;7;0;0;1;0;1;A01
201100018429;0;20;0;0;0;4;1;B02
201100018429;0;7;0;0;2;1;1;A01
201100018430;0;7;0;0;2;1;14;A01
201100018430;0;7;0;0;0;4;1;B02
201100018431;0;14;0;0;2;1;1;A01
201100018431;0;7;0;0;0;4;1;B02
201100018432;0;7;0;0;0;6;1;B02
201100018432;0;7;0;0;2;3;17;A01
201100018433;0;7;0;4;0;3;1;A01
201100018434;0;10;0;5;0;1;13;A01
201100018435;0;7;0;3;0;1;1;A01
201100018436;0;7;0;1;0;1;14;A01
201100018436;0;17;0;0;2;6;23;B02
201100018437;0;7;0;0;2;1;14;A01
201100018437;0;15;0;0;2;4;2;B02
201100018438;0;7;0;0;1;1;1;A01
201100018439;0;7;0;0;0;2;15;B02
201100018439;0;7;0;0;2;3;1;A01
201100018440;0;7;0;0;2;1;1;A01
201100018440;0;7;0;0;2;8;15;B02
201100018441;0;33;0;0;2;1;17;A01
201100018441;0;7;0;0;2;8;15;B02
201100018442;0;30;0;12;0;0;1;A01
201100018443;0;7;0;0;1;3;1;A01
201100018444;0;7;0;13;0;1;1;A01
201100018445;0;7;0;2;0;1;1;A01
201100018446;0;30;0;2;0;1;1;A01
201100018447;0;7;0;16;0;3;14;A01
201100018448;0;7;0;0;2;4;2;C03
201100018448;0;7;0;0;2;1;2;A01
201100018448;0;7;0;0;2;4;2;B02
201100018449;0;7;0;0;2;1;2;A01
201100018449;0;14;0;0;0;4;0;B02
201100018450;0;7;0;4;0;3;17;A01
201100018450;0;14;0;13;0;3;1;B02
201100018451;0;7;0;0;2;1;1;A01
201100018451;0;13;0;0;2;4;2;B02
201100018452;0;7;0;0;2;0;1;D04
201100018452;0;7;0;0;2;4;1;C03
201100018452;0;7;0;0;2;7;17;B02
201100018452;0;7;0;0;2;3;13;A01
201100018453;0;7;0;0;6;1;21;A01
201100018454;0;7;0;0;2;1;2;A01
201100018454;0;7;0;0;0;4;2;B02
201100018455;0;7;0;0;2;4;2;C03
201100018455;0;7;0;0;2;4;2;D04
201100018455;0;7;0;0;2;4;2;B02
201100018455;0;15;0;0;2;1;2;A01
201100018456;0;32;0;3;0;1;11;A01
201100018457;0;7;0;0;2;4;2;A01
201100018457;0;7;0;0;2;1;2;B02
201100018458;0;10;0;3;0;2;1;A01
201100018459;0;10;0;0;0;2;2;B02
201100018459;0;10;0;16;0;9;2;A01
201100018460;0;10;0;1;0;5;0;B02
201100018460;0;14;0;0;0;3;2;A01
201100018461;0;7;0;0;0;4;23;B02
201100018461;0;7;0;0;0;4;23;C03
201100018461;0;7;0;1;0;1;1;A01
201100018462;0;7;0;0;0;3;2;B02
201100018462;0;7;0;3;2;2;2;A01
201100018463;0;7;0;3;0;2;1;A01
201100018464;0;7;0;0;0;9;1;A01
201100018465;0;7;0;1;0;2;14;A01
201100018466;0;10;0;13;0;1;1;A01
201100018467;0;7;0;13;0;5;14;A01
201100018468;0;7;0;0;1;3;1;A01
201100018468;0;7;0;0;1;8;23;B02
201100018469;0;7;0;0;1;1;1;A01
201100018470;0;10;0;0;2;3;1;B02
201100018470;0;7;0;0;2;3;17;A01
201100018471;0;38;0;0;2;1;15;B02
201100018471;0;2;0;0;2;1;13;A01
201100018472;0;7;0;0;2;3;1;B02
201100018472;0;7;0;0;2;3;19;A01
201100018473;0;30;0;0;2;1;1;B02
201100018473;0;14;0;0;2;8;15;A01
201100018474;0;1;0;0;0;8;1;B02
201100018474;0;7;0;0;0;7;2;A01
201100018475;0;10;0;0;2;3;23;B02
201100018475;0;7;0;0;2;3;13;A01
201100018475;0;7;0;0;2;3;23;C03
201100018476;0;7;0;0;2;2;6;A01
201100018476;0;7;0;0;2;3;1;B02
201100018477;0;30;0;4;0;8;1;A01
201100018478;0;7;0;0;2;3;15;A01
201100018478;0;30;0;0;2;1;17;B02
201100018479;0;7;0;8;0;7;1;A01
201100018480;0;33;0;0;2;1;1;B02
201100018480;0;7;0;0;2;5;15;A01
201100018481;0;7;0;11;0;2;1;A01
201100018482;0;7;0;0;0;0;1;B02
201100018482;0;7;0;13;0;3;1;A01
201100018483;0;7;0;0;2;7;2;A01
201100018483;0;7;0;0;2;3;2;B02
201100018484;0;10;0;0;2;1;2;A01
201100018484;0;7;0;0;0;5;2;B02
201100018485;0;7;0;3;0;1;12;A01
201100018486;0;7;0;0;2;1;1;C03
201100018486;0;7;0;13;0;1;1;A01
201100018486;0;7;0;0;2;0;1;B02
201100018487;0;33;0;16;0;8;1;A01
201100018488;0;7;0;11;0;1;19;A01
201100018489;0;10;0;3;0;1;13;A01
201100018490;0;7;0;0;2;1;1;A01
201100018490;0;17;0;0;2;4;1;B02
201100018491;0;7;0;7;0;1;1;A01
201100018492;0;33;0;0;0;3;1;A01
201100018493;0;7;0;4;0;8;1;A01
201100018494;0;7;0;13;0;1;1;A01
201100018495;0;17;0;3;0;2;1;A01
201100018496;0;7;0;4;0;9;1;A01
201100018497;0;7;0;4;0;3;13;A01
201100018498;0;7;0;4;0;3;13;C03
201100018498;0;17;0;0;2;5;23;B02
201100018498;0;7;0;14;0;1;21;A01
201100018499;0;7;0;3;0;3;17;A01
201100018500;0;15;0;0;2;1;2;A01
201100018500;0;17;0;0;2;6;2;B02
201100018501;0;7;0;3;0;7;17;B02
201100018501;0;7;0;4;0;8;13;A01
201100018502;0;7;0;0;2;1;1;B01
201100018502;0;7;0;0;2;8;1;A01
201100018503;0;10;0;0;9;8;16;A01
201100018503;0;1;0;0;2;7;1;B01
201100018504;0;7;0;0;1;3;15;A01
201100018505;0;2;0;0;2;1;1;B01
201100018505;0;7;0;0;2;5;15;A01
201100018506;0;7;0;0;1;6;1;A01
201100018507;0;2;0;0;2;1;1;B01
201100018507;1;7;0;0;2;2;13;Z01
201100018508;0;7;0;0;1;2;14;A01
201100018509;0;7;0;0;2;1;2;C01
201100018509;0;17;0;0;1;1;1;A01
201100018509;0;7;0;0;2;1;2;B01
201100018510;0;7;0;0;1;3;15;A01
201100018511;0;7;0;15;0;2;14;A01
201100018512;0;7;0;0;2;1;0;B01
201100018512;0;7;0;0;2;7;15;A01
201100018513;0;7;0;0;1;3;2;A01
201100018514;0;7;0;15;0;1;1;A01
201100018515;0;7;0;0;2;3;15;A01
201100018515;0;32;0;0;2;1;1;B01
201100018516;0;33;0;12;0;0;12;A01
201100018516;0;7;0;0;0;0;22;B01
201100018517;0;7;0;0;1;1;15;A01
201100018518;0;7;0;0;1;7;1;A01
201100018519;0;7;0;0;2;2;1;A01
201100018519;0;30;0;0;2;3;9;B01
201100018520;0;33;0;0;2;1;21;B01
201100018520;0;7;0;0;2;8;19;A01
201100018521;0;7;0;0;0;0;5;C01
201100018521;0;2;0;0;2;1;1;B01
201100018521;0;7;0;0;2;2;15;A01
201100018522;0;1;0;0;2;1;1;B01
201100018522;0;7;0;0;2;7;15;A01
201100018523;0;7;0;0;1;0;0;A01
201100018524;0;7;0;6;0;2;14;A01
201100018525;0;7;0;0;0;7;15;A01
201100018525;0;2;0;0;2;1;21;B01
201100018526;0;33;0;13;0;1;1;A01
201100018527;0;7;0;0;1;3;1;A01
201100018528;0;7;0;0;1;3;0;A01
201100018529;0;7;0;0;2;8;1;C01
201100018529;0;7;0;0;2;1;13;A01
201100018529;0;7;0;0;2;3;1;B01
201100018530;0;7;0;0;2;1;23;C01
201100018530;0;7;0;0;2;1;23;B01
201100018530;0;10;0;0;2;1;9;A01
201100018530;0;7;0;0;2;4;23;D01
201100018531;0;7;0;13;0;1;17;A01
201100018531;0;7;0;13;0;1;17;B01
201100018532;0;33;0;0;0;0;1;A01
201100018533;0;10;0;0;1;2;1;A01
201100018534;0;7;0;2;2;3;5;A01
201100018535;0;7;0;1;2;2;1;B01
201100018535;0;7;0;1;2;1;16;A01
201100018536;0;7;0;0;1;1;1;A01
201100018537;0;7;0;0;0;0;9;A01
201100018537;0;2;0;0;9;1;1;B01
201100018538;0;33;0;0;2;1;17;B01
201100018538;0;7;0;0;2;3;15;A01
201100018539;0;7;0;0;2;4;23;B01
201100018539;0;7;0;0;2;1;2;A01
201100018540;0;7;0;0;1;2;1;A01
201100018541;0;7;0;16;0;9;1;A01
201100018542;0;2;0;12;0;1;16;A01
201100018543;0;7;0;6;0;1;1;A01
201100018544;0;2;0;0;2;0;5;A01
201100018544;0;7;0;0;2;1;1;B01
201100018545;0;30;0;0;2;1;19;B01
201100018545;0;7;0;0;2;3;9;A01
201100018546;0;7;0;0;2;3;9;A01
201100018546;0;2;0;0;2;1;1;B01
201100018547;0;30;0;2;0;1;1;A01
201100018548;0;7;0;0;2;3;13;A01
201100018548;0;30;0;0;2;1;17;B01
201100018549;0;10;0;0;2;4;1;B01
201100018549;0;7;0;0;2;1;2;A01
201100018550;0;33;0;0;0;0;1;A01
201100018551;0;33;0;0;2;1;1;B01
201100018551;0;10;0;0;2;3;15;A01
201100018552;0;1;0;12;0;1;1;Y01
201100018553;0;32;0;0;2;1;1;A01
201100018553;0;7;0;0;2;4;1;B01
201100018554;0;7;0;0;1;3;1;A01
201100018555;0;30;0;0;2;1;2;B01
201100018555;0;7;0;0;2;2;16;A01
201100018556;0;7;0;0;1;1;16;A01
201100018557;0;7;0;0;2;1;1;B01
201100018557;0;7;0;0;2;5;10;A01
201100018558;0;7;0;0;1;1;1;A01
201100018559;1;7;0;0;1;0;0;Z01
201100018560;0;7;0;0;1;1;1;A01
201100018561;0;10;0;0;1;8;1;A01
201100018562;0;7;0;0;1;1;1;A01
201100018563;0;7;0;13;0;1;1;A01
201100018564;0;7;0;3;0;2;1;A01
201100018565;0;7;0;0;2;3;2;A01
201100018565;0;17;0;0;2;5;1;B02
201100018566;0;33;0;3;0;3;0;A01
201100018567;0;7;0;13;0;9;1;A01
201100018568;0;7;0;13;0;2;1;A01
201100018569;0;7;0;0;2;1;1;B02
201100018569;0;7;0;0;2;5;1;A01
201100018570;0;10;0;3;0;3;6;A01
201100018571;0;7;0;6;0;3;1;A01
201100018572;0;17;0;3;0;1;6;A01
201100018573;0;7;0;13;0;1;1;A01
201100018574;0;7;0;13;0;2;11;A01
201100018575;0;7;0;3;0;1;14;A01
201100018576;0;7;0;1;0;9;0;A01
201100018576;0;7;0;3;0;1;1;D04
201100018576;0;7;0;3;0;6;1;C03
201100018576;0;7;0;0;2;4;23;B02
201100018577;0;14;0;0;0;6;2;B02
201100018577;0;10;0;3;2;2;2;A01
201100018577;0;33;0;0;9;7;2;C03
201100018578;0;7;0;0;0;2;14;A01
201100018579;0;33;0;16;0;7;17;A01
201100018580;0;7;0;0;2;8;1;B02
201100018580;0;7;0;0;2;2;2;A01
201100018581;0;17;0;1;0;2;14;B02
201100018581;0;17;0;0;2;6;23;A01
201100018582;0;7;0;3;0;1;1;A01
201100018583;0;14;0;6;0;2;1;A01
201100018584;0;7;0;13;0;1;14;A01
201100018585;0;7;0;0;2;2;17;A01
201100018585;0;17;0;0;2;6;1;B02
201100018586;0;7;0;13;0;9;1;A01
201100018587;0;7;0;3;0;2;14;A01
201100018588;0;10;0;0;0;5;23;B02
201100018588;0;7;0;1;0;3;1;A01
201100018589;0;7;0;14;0;0;1;B02
201100018589;0;7;0;3;0;2;1;A01
201100018590;0;37;1;0;1;1;0;A01
201100018591;0;7;0;0;2;1;1;A01
201100018591;0;7;0;0;2;2;1;B01
201100018592;0;7;0;0;1;2;1;A01
201100018593;0;33;0;0;1;7;1;A01
201100018594;0;7;0;0;1;4;4;A01
201100018595;0;7;0;7;2;1;11;B01
201100018595;0;7;0;7;2;1;2;A01
201100018596;1;7;0;0;2;0;0;A01
201100018596;0;33;0;0;2;8;2;B01
201100018597;0;7;0;0;1;1;1;A01
201100018598;0;7;0;0;1;2;15;A01
201100018599;0;7;0;0;2;1;0;B01
201100018599;0;7;0;8;2;7;0;A01
201100018600;0;33;0;0;2;7;1;B01
201100018600;0;7;0;0;2;3;9;A01
201100018601;0;33;0;0;1;1;1;A01
201100018602;0;7;0;0;2;5;1;A01
201100018602;0;7;0;0;2;7;1;B01
201100018603;0;7;0;0;2;7;9;A01
201100018603;0;32;0;0;2;3;1;B01
201100018604;0;10;0;0;0;0;0;B01
201100018604;0;2;0;0;2;0;0;A01
201100018605;0;7;0;0;1;0;0;A01
201100018606;0;7;0;4;0;3;2;B01
201100018606;0;7;0;0;0;1;5;A01
201100018607;0;7;0;0;2;8;2;B01
201100018607;0;33;0;8;2;7;16;A01
201100018608;0;7;0;0;2;3;2;A01
201100018608;0;32;0;0;2;8;1;B01
201100018609;0;7;0;0;2;1;2;A01
201100018609;0;7;0;0;0;4;2;C01
201100018609;0;7;0;0;2;1;2;B01
201100018610;0;7;0;0;2;1;17;A01
201100018610;0;7;0;0;2;1;1;B01
201100018611;0;7;0;0;2;3;15;A01
201100018611;0;2;0;0;2;1;0;B01
201100018612;0;7;0;0;1;4;4;A01
201100018613;0;10;0;0;1;6;2;A01
201100018613;0;13;0;0;0;0;23;B01
201100018614;0;37;1;0;1;1;1;A01
201100018615;0;7;0;9;2;1;1;B01
201100018615;0;7;0;0;2;2;15;A01
201100018616;0;7;0;0;2;4;15;A01
201100018616;0;33;0;0;2;1;1;B01
201100018617;0;32;0;0;2;1;17;A01
201100018617;0;7;0;0;2;3;15;B01
201100018618;0;37;6;0;2;2;7;A01
201100018618;0;7;0;15;2;2;16;B01
201100018618;0;7;0;0;0;4;7;C01
201100018619;0;30;0;0;2;2;2;A01
201100018619;0;7;0;0;9;3;2;B01
201100018620;0;7;0;0;0;3;16;A01
201100018621;0;1;0;0;0;0;1;A01
201100018622;0;10;0;0;9;0;0;B01
201100018622;0;33;0;0;2;3;3;A01
201100018623;0;7;0;0;2;2;1;B01
201100018623;0;7;0;0;2;2;5;A01
201100018624;0;7;0;9;0;1;6;A01
201100018625;0;7;0;0;0;2;1;A01
201100018625;0;7;0;0;2;3;1;B01
201100018626;0;7;0;9;0;1;6;A01
201100018627;0;7;0;0;2;3;13;A01
201100018627;0;33;0;0;2;1;17;B01
201100018628;0;7;0;0;0;2;13;A01
201100018628;0;7;0;0;0;3;1;B01
201100018629;0;7;0;0;9;3;0;B01
201100018629;0;30;0;0;0;1;5;A01
201100018630;0;7;0;0;0;4;23;D01
201100018630;0;7;0;0;2;1;2;B01
201100018630;0;7;0;0;2;4;23;C01
201100018630;0;7;0;0;0;0;2;A01
201100018631;0;7;0;0;1;1;1;A01
201100018632;0;7;0;0;2;2;2;A01
201100018632;0;30;0;0;0;4;23;B01
201100018633;0;7;0;13;0;9;1;A01
201100018634;0;7;0;0;1;4;0;B01
201100018634;0;10;0;0;2;1;2;A01
201100018635;0;7;0;0;2;4;1;B01
201100018635;0;7;0;0;2;1;1;A01
201100018636;0;7;0;1;0;1;1;B01
201100018636;0;7;0;0;2;3;13;A01
201100018637;0;7;0;0;1;2;1;A01
201100018638;0;31;0;0;0;1;1;A01
201100018639;0;7;0;0;0;8;1;B01
201100018639;0;7;0;0;2;1;14;A01
201100018640;0;33;0;0;2;1;3;B01
201100018640;0;15;0;0;2;1;1;C01
201100018640;0;7;0;0;2;1;3;A01
201100018641;0;7;0;0;1;3;1;A01
201100018642;0;33;0;0;2;1;1;B01
201100018642;0;7;0;0;2;6;19;A01
201100018643;0;33;0;9;0;9;1;A01
201100018644;0;30;0;0;2;1;1;A01
201100018644;0;30;0;0;0;3;9;B01
201100018645;0;7;0;0;1;7;0;A01
201100018646;0;7;0;0;1;2;0;A01
201100018647;0;33;0;0;2;9;1;B01
201100018647;0;7;0;0;2;6;19;A01
201100018648;0;7;0;0;1;3;1;A01
201100018649;0;33;0;0;2;1;2;B01
201100018649;0;7;0;0;2;3;15;A01
201100018650;0;7;0;0;2;8;15;B01
201100018650;0;33;0;0;2;1;17;A01
201100018651;0;33;0;0;2;7;2;A01
201100018651;0;7;0;0;2;6;15;B01
201100018652;0;7;0;0;2;0;1;B01
201100018652;0;30;0;0;2;0;0;A01
201100018653;0;33;0;0;2;1;17;B01
201100018653;0;7;0;0;2;3;10;A01
201100018654;0;7;0;0;0;9;0;A01
201100018655;0;33;0;0;2;1;21;B01
201100018655;0;10;0;0;2;3;9;A01
201100018656;0;7;0;0;2;0;0;A01
201100018656;0;32;0;0;2;0;1;B01
201100018657;0;7;0;0;2;1;1;A01
201100018657;0;7;0;0;2;8;1;B01
201100018658;0;3;0;11;0;0;16;A01
201100018658;0;7;0;0;0;0;1;B01
201100018659;0;7;0;2;2;5;1;B01
201100018659;0;7;0;0;2;3;9;A01
201100018660;0;32;0;0;2;1;0;A01
201100018660;0;7;0;0;2;7;0;B01
201100018661;0;7;0;0;2;1;1;A01
201100018661;0;2;0;0;2;8;1;B01
201100018662;0;7;0;14;0;9;6;A01
201100018663;0;7;0;0;1;1;1;A01
201100018664;0;7;0;0;0;4;0;B01
201100018664;0;33;0;0;2;4;0;A01
201100018665;0;7;0;0;2;3;15;A01
201100018665;0;30;0;0;2;1;1;B01
201100018666;0;32;0;0;2;7;17;B01
201100018666;0;7;0;0;2;3;10;A01
201100018667;0;7;0;1;2;3;1;B01
201100018668;0;7;0;0;1;3;0;A01
201100018669;0;10;0;0;1;2;2;A01
201100018670;0;34;0;0;2;2;1;B01
201100018670;1;7;0;0;2;1;0;Z01
201100018671;0;1;0;0;2;9;19;B01
201100018671;0;37;0;0;2;0;16;A01
201100018672;0;30;0;0;2;1;1;A01
201100018672;0;7;0;0;2;2;15;B01
201100018673;0;13;0;0;2;1;13;A01
201100018674;0;7;0;0;1;0;0;A01
201100018675;0;13;0;0;0;0;0;A01
201100018676;0;32;0;0;0;1;14;B01
201100018676;0;7;0;0;0;8;10;A01
201100018677;0;10;0;0;2;1;21;A01
201100018677;0;10;0;0;1;5;12;B01
201100018678;0;7;0;0;2;1;1;A01
201100018678;0;7;0;0;2;4;1;B01
201100018679;0;7;0;0;2;1;2;A01
201100018679;0;7;0;0;2;4;2;B01
201100018679;0;7;0;0;1;4;2;D01
201100018679;0;7;0;0;2;4;2;C01
201100018680;0;7;0;0;2;1;23;B01
201100018680;0;33;0;0;2;7;21;A01
201100018681;0;34;0;0;2;3;1;B01
201100018681;0;7;0;0;2;2;12;A01
201100018682;0;33;0;0;2;8;7;A01
201100018682;0;7;0;0;2;2;12;B01
201100018683;0;7;0;6;0;1;0;A01
201100018684;0;7;0;0;4;3;1;A01
201100018684;0;39;0;0;2;2;1;B01
201100018685;0;10;0;0;1;1;1;A01
201100018686;0;7;0;0;0;9;1;A01
201100018687;0;10;0;3;0;1;2;A01
201100018687;0;7;0;0;2;3;2;C01
201100018687;0;38;2;0;2;3;1;B01
201100018688;0;10;0;0;2;3;1;A01
201100018688;0;10;0;0;2;1;12;B01
201100018689;0;7;0;0;0;3;1;C01
201100018689;0;2;0;0;2;1;2;A01
201100018689;0;7;0;0;0;4;0;B01
201100018690;0;7;0;0;1;3;15;A01
201100018691;0;33;0;0;2;2;17;A01
201100018691;0;7;0;0;2;1;15;B01
201100018692;0;7;0;0;2;3;1;B01
201100018692;0;10;0;0;2;1;17;A01
201100018693;0;7;0;0;1;3;9;A01
201100018694;0;33;0;0;2;1;1;B01
201100018694;0;7;0;0;2;1;15;A01
201100018695;0;7;0;0;1;3;1;A01
201100018696;0;7;0;0;1;8;0;A01
201100018697;0;33;0;0;2;1;1;B01
201100018697;0;2;0;0;2;8;1;A01
201100018698;0;7;0;0;2;1;1;B01
201100018698;0;33;0;0;2;1;0;A01
201100018699;0;13;0;0;1;4;0;A01
201100018700;0;30;0;0;2;7;0;A01
201100018700;0;10;0;0;2;2;0;B01
201100018701;0;99;0;0;2;1;2;B01
201100018701;0;7;0;0;0;7;16;A01
201100018702;0;10;0;0;2;1;2;A01
201100018702;0;10;0;0;0;4;2;B01
201100018703;0;10;0;0;1;3;0;A01
201100018704;0;30;0;0;2;1;1;A01
201100018704;0;7;0;0;2;3;1;B01
201100018705;0;10;0;0;2;1;9;A01
201100018705;0;10;0;0;2;9;21;B01
201100018706;0;7;0;0;0;0;10;A01
201100018706;0;33;0;0;2;0;0;B01
201100018707;0;7;0;0;2;2;15;A01
201100018707;0;31;0;0;2;1;3;B01
201100018708;0;32;0;0;2;9;17;A01
201100018708;0;10;0;0;0;1;1;B01
201100018709;0;32;0;0;0;8;0;B01
201100018709;0;7;0;0;0;0;0;A01
201100018710;0;7;0;6;0;7;1;A01
201100018711;0;7;0;0;1;2;1;A01
201100018712;0;10;0;2;0;1;0;A01
201100018713;0;7;0;0;1;1;1;A01
201100018714;0;7;0;0;0;0;0;B01
201100018714;0;32;0;0;0;1;1;A01
201100018715;0;7;0;2;0;2;1;A01
201100018716;0;7;0;0;1;2;1;A01
201100018717;0;7;0;0;2;3;13;A01
201100018717;0;7;0;0;2;3;23;B01
201100018718;0;7;0;16;2;1;9;A01
201100018718;0;7;0;0;2;1;1;B01
201100018718;0;7;0;0;2;1;1;C01
201100018719;0;7;0;0;2;3;20;A01
201100018719;0;31;0;0;2;2;1;B01
201100018720;0;30;0;0;1;1;1;A01
201100018721;0;7;0;0;2;1;1;B01
201100018721;0;7;0;0;2;4;1;C01
201100018721;0;7;0;0;2;1;1;A01
201100018722;0;7;0;0;0;4;2;B01
201100018722;0;14;0;0;2;1;2;A01
201100018723;0;33;0;0;0;4;0;B01
201100018723;0;7;0;0;2;1;2;A01
201100018724;0;7;0;0;2;1;15;A01