num_acc;senc;catv;occutc;obs;obsm;choc;manv;num_veh
201100018724;0;7;0;0;2;2;1;B01
201100018725;0;2;0;0;0;0;2;A01
201100018726;0;7;0;0;2;2;1;B01
201100018726;0;32;0;0;2;2;0;A01
201100018727;0;2;0;0;2;1;1;B01
201100018727;0;7;0;0;2;4;4;A01
201100018728;0;7;0;0;1;1;1;A01
201100018729;0;7;0;0;2;3;1;A01
201100018729;0;2;0;0;2;1;1;B01
201100018730;0;7;0;0;2;2;15;A01
201100018730;0;2;0;0;2;1;1;B01
201100018731;0;7;0;0;1;1;1;A01
201100018732;0;10;0;0;2;6;1;B01
201100018732;0;7;0;0;2;3;13;A01
201100018733;1;30;0;0;1;0;0;A01
201100018734;0;10;0;0;2;3;24;B01
201100018734;0;7;0;1;0;1;13;A01
201100018735;0;1;0;0;2;1;1;B01
201100018735;0;7;0;0;2;1;1;A01
201100018736;0;7;0;0;2;7;17;A01
201100018736;0;2;0;0;2;8;15;B01
201100018737;0;30;0;0;2;7;9;A01
201100018737;0;7;0;0;2;1;1;B01
201100018738;0;7;0;0;2;8;15;A01
201100018738;0;31;0;0;2;1;1;B01
201100018739;0;7;0;0;2;8;15;A01
201100018739;0;7;0;6;2;1;1;B01
201100018740;0;31;0;0;2;1;1;B01
201100018740;0;7;0;0;2;3;15;A01
201100018741;0;7;0;0;2;4;15;C01
201100018741;0;10;0;0;2;1;1;B01
201100018741;0;7;0;0;2;1;1;A01
201100018742;0;30;0;0;2;1;1;B01
201100018742;0;7;0;0;2;8;15;A01
201100018743;0;7;0;0;2;7;1;A01
201100018743;0;7;0;0;2;1;15;B01
201100018744;0;7;0;0;2;4;1;C01
201100018744;0;7;0;0;2;4;1;B01
201100018744;0;10;0;0;2;1;1;A01
201100018745;0;7;0;0;1;1;1;A01
201100018746;0;7;0;0;2;1;23;A01
201100018746;0;1;0;0;2;1;19;B01
201100018747;0;2;0;0;0;1;0;B01
201100018747;0;7;0;0;0;3;0;A01
201100018748;0;7;0;2;0;7;1;A01
201100018749;0;7;0;13;0;1;1;A01
201100018750;0;17;0;0;0;4;1;B01
201100018750;0;14;0;0;2;1;1;A01
201100018751;0;7;0;0;1;1;0;A01
201100018752;0;7;0;0;1;0;1;A01
201100018753;0;7;0;0;2;3;9;B01
201100018753;0;7;0;0;2;2;2;A01
201100018754;0;32;0;0;2;1;1;B01
201100018754;0;7;0;0;2;1;15;A01
201100018755;0;10;0;0;2;1;1;A01
201100018755;0;7;0;0;0;5;1;B01
201100018756;0;7;0;0;0;3;1;A01
201100018756;0;33;0;0;2;1;17;B01
201100018757;0;33;0;0;2;1;1;B01
201100018757;0;7;0;0;2;8;10;A01
201100018758;0;33;0;12;0;8;14;A01
201100018759;0;7;0;0;0;4;2;A01
201100018759;0;32;0;0;2;1;17;B01
201100018760;0;7;0;0;2;7;16;A01
201100018760;0;31;0;0;2;1;18;B01
201100018761;0;1;0;0;2;8;0;B01
201100018761;0;7;0;0;2;7;0;A01
201100018762;0;7;0;0;2;7;20;A01
201100018762;0;30;0;0;2;2;1;B01
201100018763;0;7;0;0;2;3;1;B01
201100018763;0;7;0;1;2;3;15;A01
201100018764;0;7;0;10;0;3;17;A01
201100018764;0;7;0;0;0;0;2;B01
201100018765;0;7;0;0;2;2;2;B01
201100018765;0;7;0;0;2;3;15;A01
201100018766;1;7;0;0;0;6;0;B01
201100018766;0;7;0;1;0;2;0;A01
201100018767;0;7;0;0;2;5;4;A01
201100018767;0;31;0;0;2;1;1;B01
201100018768;0;7;0;0;0;7;1;B01
201100018768;0;7;0;0;2;3;1;A01
201100018769;0;7;0;0;2;6;1;B01
201100018769;0;7;0;0;2;3;13;A01
201100018769;0;7;0;0;2;1;1;C01
201100018770;0;7;0;0;0;5;2;B01
201100018770;0;30;0;0;2;1;2;A01
201100018771;0;7;0;0;2;3;15;A01
201100018771;0;2;0;0;2;5;1;B01
201100018772;0;7;0;0;2;2;1;B01
201100018772;0;31;0;0;2;0;0;A01
201100018773;0;7;0;0;1;3;0;A01
201100018774;0;7;0;0;2;5;1;B01
201100018774;0;7;0;0;2;2;1;A01
201100018775;0;30;0;0;1;1;0;A01
201100018776;0;7;0;0;1;2;17;A01
201100018776;0;14;0;0;9;6;23;B01
201100018777;0;30;0;0;2;1;1;B01
201100018777;0;7;0;0;2;3;9;A01
201100018778;0;7;0;0;1;1;1;A01
201100018779;0;7;0;0;1;2;15;A01
201100018780;0;7;0;0;1;3;1;A01
201100018781;0;7;0;6;0;2;0;A01
201100018782;0;7;0;0;1;2;1;A01
201100018783;0;33;0;0;2;1;1;B01
201100018783;0;7;0;0;2;8;15;A01
201100018784;0;37;0;0;0;0;23;A01
201100018784;0;7;0;0;1;1;1;B01
201100018785;0;7;0;0;0;0;0;A01
201100018786;0;7;0;0;2;1;2;A01
201100018786;0;7;0;0;2;4;2;B01
201100018787;0;7;0;0;0;8;15;A01
201100018787;0;7;0;0;2;1;1;B01
201100018788;0;7;0;0;2;1;2;A01
201100018788;0;7;0;0;0;4;23;B01
201100018789;0;7;0;0;1;1;1;A01
201100018790;1;7;0;0;1;2;1;X01
201100018791;0;7;0;0;2;4;2;C01
201100018791;0;34;0;0;2;1;1;A01
201100018791;0;37;2;0;2;3;1;B01
201100018792;0;33;0;0;2;1;1;B01
201100018792;0;7;0;5;2;9;16;A01
201100018793;0;2;0;0;1;2;9;A01
201100018794;0;30;0;0;2;1;17;B01
201100018794;0;7;0;0;2;3;15;A01
201100018795;0;7;0;0;2;1;15;A01
201100018795;0;33;0;0;2;1;21;B01
201100018796;0;33;0;0;0;0;2;A01
201100018797;0;7;0;0;2;3;1;B01
201100018797;0;7;0;0;2;2;19;A01
201100018797;0;7;0;0;0;8;23;C01
201100018798;0;7;0;0;2;1;19;A01
201100018798;0;7;0;0;2;3;1;B01
201100018799;0;99;0;0;0;1;19;A01
201100018799;0;31;0;0;0;7;21;B01
201100018800;0;7;0;0;1;8;1;A01
201100018801;1;33;0;0;1;1;0;A01
201100018802;0;2;0;1;0;0;17;B01
201100018802;0;7;0;0;2;0;15;A01
201100018803;0;32;0;0;2;1;1;B01
201100018803;0;7;0;0;2;5;15;A01
201100018804;0;7;0;0;0;3;15;B01
201100018804;0;34;0;0;2;1;17;A01
201100018805;0;7;0;12;0;1;5;A01
201100018806;0;7;0;0;2;1;2;A01
201100018806;0;7;0;0;0;4;2;B01
201100018807;0;7;0;0;2;2;1;A01
201100018807;0;1;0;0;2;3;1;B01
201100018808;0;10;0;0;2;2;15;B01
201100018809;0;7;0;0;2;1;1;A01
201100018809;0;30;0;0;2;7;19;B01
201100018810;0;33;0;0;0;7;17;B01
201100018810;0;7;0;0;2;3;10;A01
201100018811;0;7;0;4;2;3;2;A01
201100018811;0;7;0;0;0;5;15;B01
201100018812;0;7;0;1;2;4;2;B01
201100018812;0;7;0;0;2;1;2;A01
201100018813;0;32;0;0;1;1;15;A01
201100018814;0;33;0;0;2;1;1;A01
201100018814;0;7;0;0;0;6;1;B01
201100018815;0;34;0;0;2;1;1;A01
201100018815;0;1;0;0;0;6;13;B01
201100018816;0;7;0;0;2;3;24;B01
201100018816;1;7;0;0;0;0;0;Z01
201100018816;0;30;0;0;0;4;2;A01
201100018817;0;7;0;0;0;3;15;B01
201100018817;0;33;0;0;2;1;3;A01
201100018818;0;7;0;1;0;3;13;A01
201100018819;0;7;0;0;0;4;2;B01
201100018819;0;34;0;0;2;1;1;A01
201100018820;0;7;0;0;2;3;9;A01
201100018820;0;33;0;0;2;7;15;B01
201100018821;0;7;0;0;0;4;15;B01
201100018821;0;30;0;0;2;1;2;A01
201100018822;0;99;0;0;2;2;2;B01
201100018822;0;7;0;8;2;2;14;A01
201100018823;0;33;0;0;2;1;13;A01
201100018823;0;38;1;0;2;3;1;B01
201100018824;0;7;0;0;2;3;15;B01
201100018824;0;32;0;0;2;1;13;A01
201100018825;0;7;0;0;2;1;1;B01
201100018825;0;7;0;0;2;1;5;A01
201100018826;0;7;0;0;0;4;2;B01
201100018826;0;7;0;0;2;1;2;A01
201100018827;0;7;0;0;1;3;1;A01
201100018828;0;99;0;0;2;2;1;A01
201100018828;0;15;0;0;2;4;4;B01
201100018829;0;7;0;0;2;8;0;B01
201100018829;0;7;0;0;2;3;13;A01
201100018830;0;3;0;0;2;3;1;B01
201100018830;0;30;0;0;2;1;13;A01
201100018831;0;30;0;0;1;1;1;A01
201100018832;0;7;0;0;2;2;15;A01
201100018832;0;2;0;0;2;1;1;B01
201100018833;0;7;0;0;2;3;15;A01
201100018833;0;34;0;0;2;8;1;B01
201100018834;0;15;0;0;0;5;2;B01
201100018834;0;2;0;0;2;8;2;A01
201100018835;0;32;0;0;0;1;1;B01
201100018835;0;7;0;0;0;5;15;A01
201100018836;0;7;0;0;2;8;15;A01
201100018836;0;33;0;0;2;1;1;B01
201100018837;0;32;0;0;2;1;2;A01
201100018837;0;33;0;0;2;4;2;B01
201100018838;0;7;0;0;0;5;2;B01
201100018838;0;33;0;0;2;1;2;A01
201100018839;0;7;0;6;2;2;1;A01
201100018839;0;7;0;0;2;3;1;B01
201100018840;0;33;0;0;2;0;0;B01
201100018840;0;7;0;0;0;0;0;A01
201100018841;0;7;0;0;1;4;4;A01
201100018842;0;7;0;0;1;5;4;A01
201100018843;0;7;0;0;2;3;1;B01
201100018843;0;33;0;0;2;1;13;A01
201100018843;0;7;0;0;2;1;1;C01
201100018844;0;33;0;15;0;1;1;A01
201100018845;0;33;0;0;2;1;1;B01
201100018845;0;7;0;0;2;5;1;A01
201100018846;0;30;0;6;2;4;21;A01
201100018846;0;7;0;0;2;3;21;B01
201100018847;0;30;0;0;2;1;1;A01
201100018847;0;7;0;0;0;4;1;B01
201100018848;0;7;0;0;2;1;1;B01
201100018848;0;33;0;0;2;1;5;A01
201100018849;0;14;0;0;2;6;11;A01
201100018849;0;33;0;14;2;2;2;B01
201100018850;0;2;0;0;2;1;9;A01
201100018850;0;33;0;0;2;8;1;B01
201100018851;0;7;0;0;0;6;10;A01
201100018851;0;32;0;0;2;1;1;B01
201100018852;0;34;0;0;2;1;1;B01
201100018852;0;7;0;0;2;8;20;A01
201100018853;0;7;0;0;1;8;1;A01
201100018854;0;2;0;0;2;0;5;A01
201100018854;0;30;0;0;2;1;1;C01
201100018855;0;34;0;0;0;0;1;B01
201100018855;0;7;0;0;0;0;0;A01
201100018856;0;33;0;0;2;1;0;A01
201100018856;0;37;1;0;2;6;9;B01
201100018857;0;14;0;0;2;1;15;A01
201100018857;0;33;0;0;2;1;1;B01
201100018858;0;7;0;0;2;1;15;A01
201100018858;0;30;0;0;0;4;16;B01
201100018859;0;7;0;0;2;2;15;A01
201100018859;0;30;0;0;2;2;1;B01
201100018860;0;33;0;0;2;2;0;A01
201100018860;0;7;0;0;2;2;1;B01
201100018861;0;7;0;12;0;9;1;A01
201100018862;0;7;0;2;0;3;1;A01
201100018863;0;2;0;0;2;1;1;B01
201100018863;0;7;0;0;2;3;1;A01
201100018864;0;7;0;0;1;1;1;A01
201100018865;0;1;0;0;2;0;1;K03
201100018865;0;1;0;0;2;1;1;G02
201100018865;0;1;0;0;2;3;1;C01
201100018865;0;1;0;0;0;8;1;B01
201100018865;0;1;0;0;2;1;1;E01
201100018865;0;1;0;0;2;1;1;F02
201100018865;0;1;0;0;0;0;1;I02
201100018865;0;33;0;0;0;1;17;A01
201100018865;0;1;0;0;0;0;0;D01
201100018865;0;1;0;0;0;0;1;J02
201100018865;0;1;0;0;0;0;1;H02
201100018866;0;30;0;0;1;1;1;A01
201100018867;0;30;0;0;1;1;1;A01
201100018868;0;10;0;0;1;4;4;A01
201100018869;0;7;0;0;2;1;1;B01
201100018869;0;7;0;0;2;3;1;A01
201100018870;0;7;0;0;9;2;2;A01
201100018870;0;1;0;3;2;1;1;C01
201100018871;0;7;0;0;2;3;1;B01
201100018871;0;7;0;0;2;3;11;A01
201100018872;0;7;0;0;2;2;16;A01
201100018872;0;2;0;0;2;4;16;B01
201100018873;1;7;0;0;1;0;1;Z01
201100018874;0;7;0;0;2;1;1;A01
201100018874;0;7;0;0;2;4;1;B01
201100018875;0;7;0;0;0;3;1;D01
201100018875;0;7;0;0;0;1;1;E01
201100018875;0;33;0;3;2;1;1;B01
201100018875;0;7;0;0;2;1;1;C01
201100018875;0;7;0;0;2;1;5;A01
201100018876;0;7;0;0;2;3;2;B01
201100018876;0;38;1;0;2;2;1;A01
201100018877;0;7;0;0;2;1;1;A01
201100018877;0;7;0;0;2;1;1;B01
201100018878;0;37;24;13;0;7;14;A01
201100018879;0;7;0;0;0;6;23;B01
201100018879;0;32;0;0;0;1;1;A01
201100018880;0;31;0;0;0;1;1;B01
201100018880;0;7;0;0;0;3;13;A01
201100018881;0;7;0;0;1;1;2;A01
201100018882;0;7;0;0;1;7;1;A01
201100018883;0;7;0;0;2;3;9;A01
201100018883;0;7;0;0;2;5;1;B01
201100018884;0;7;0;0;0;4;20;B01
201100018884;0;7;0;0;2;1;2;A01
201100018885;0;30;0;0;0;1;1;B01
201100018885;0;7;0;0;0;8;1;A01
201100018886;0;10;0;0;0;2;15;A01
201100018886;0;7;0;0;0;1;1;B01
201100018887;0;30;0;0;2;7;1;B01
201100018887;0;7;0;0;0;1;1;A01
201100018888;0;7;0;0;0;1;2;A01
201100018888;0;7;0;0;2;4;23;B01
201100018888;0;3;0;0;2;4;23;C01
201100018888;0;7;0;0;2;4;23;E01
201100018888;0;7;0;0;2;4;23;D01
201100018889;0;7;0;0;0;3;2;A01
201100018889;0;7;0;0;0;5;15;B01
201100018890;0;7;0;0;2;1;2;B01
201100018890;0;7;0;0;2;2;9;A01
201100018891;0;7;0;0;0;3;2;A01
201100018892;0;32;0;0;2;3;17;A01
201100018892;0;7;0;0;2;6;15;B01
201100018893;0;7;0;0;2;2;1;A01
201100018893;0;7;0;0;2;8;6;B01
201100018894;0;7;0;0;0;6;4;A01
201100018895;0;7;0;0;0;1;1;B01
201100018895;0;7;0;6;0;7;9;A01
201100018896;0;7;0;0;2;3;0;B01
201100018896;0;7;0;0;2;3;16;A01
201100018897;0;7;0;0;0;0;12;A01
201100018897;0;7;0;13;0;1;21;B01
201100018898;0;7;0;0;0;4;2;B01
201100018898;0;10;0;0;2;4;2;A01
201100018899;0;14;0;0;2;3;15;A01
201100018899;0;10;0;0;2;2;1;B01
201100018900;0;33;0;0;0;7;1;A01
201100018900;0;7;0;0;0;1;15;B01
201100018901;1;99;0;0;0;0;0;B01
201100018901;0;33;0;0;0;4;2;C01
201100018901;0;7;0;0;2;1;2;A01
201100018902;0;7;0;0;2;1;2;A01
201100018902;0;7;0;0;2;8;1;B01
201100018903;0;7;0;0;2;1;15;B01
201100018903;0;7;0;0;2;2;17;A01
201100018904;0;7;0;0;2;2;2;B01
201100018904;0;7;0;0;0;6;2;C01
201100018904;0;7;0;1;0;0;5;A01
201100018905;0;7;0;0;5;2;1;B01
201100018906;0;7;0;0;2;7;1;B01
201100018906;0;7;0;0;2;3;16;A01
201100018907;0;34;0;0;2;3;1;B01
201100018907;0;7;0;0;0;3;5;A01
201100018908;0;2;0;0;2;1;0;A01
201100018908;0;7;0;0;2;3;0;B01
201100018909;0;7;0;0;2;1;2;A01
201100018909;0;7;0;0;2;9;2;B01
201100018909;0;7;0;0;2;4;2;C01
201100018910;0;7;0;0;0;2;1;B01
201100018910;0;7;0;0;0;3;9;A01
201100018911;0;2;0;0;2;1;17;B01
201100018911;0;10;0;0;0;8;10;A01
201100018912;0;33;0;1;2;9;18;A01
201100018912;0;7;0;0;2;2;1;B01
201100018913;0;7;0;0;2;2;2;B01
201100018913;0;32;0;0;0;1;2;A01
201100018914;0;7;0;13;0;1;0;A01
201100018915;0;7;0;0;5;1;21;A01
201100018916;0;7;0;0;0;2;1;C01
201100018916;0;7;0;0;0;3;17;A01
201100018916;0;7;0;0;0;3;2;B01
201100018917;0;7;0;1;1;3;1;A01
201100018918;0;2;0;14;0;0;1;A01
201100018919;0;7;0;0;0;0;13;A01
201100018920;0;30;0;0;2;8;13;A01
201100018920;0;10;0;0;0;8;1;B01
201100018921;1;7;0;0;2;1;2;A01
201100018921;0;7;0;0;0;4;2;B01
201100018922;0;7;0;0;0;1;9;A01
201100018922;0;7;0;0;0;1;1;B01
201100018923;0;7;0;0;2;3;15;A01
201100018923;0;30;0;0;2;1;1;B01
201100018924;0;7;0;0;0;1;1;A01
201100018925;0;7;0;4;0;3;6;A01
201100018925;0;7;0;0;0;8;1;B01
201100018925;0;7;0;0;0;3;1;C01
201100018926;0;7;0;16;0;1;14;A01
201100018927;0;7;0;0;2;1;2;A01
201100018927;0;7;0;0;2;4;2;B01
201100018928;0;7;0;0;2;4;2;B01
201100018928;0;7;0;0;0;4;2;A01
201100018928;0;7;0;0;2;1;2;D01
201100018928;0;7;0;0;2;4;2;C01
201100018929;0;2;0;0;0;6;1;A01
201100018929;0;7;0;0;0;3;1;B01
201100018930;0;7;0;0;2;2;15;A01
201100018930;0;2;0;0;2;1;1;B01
201100018931;0;7;0;8;0;1;1;A01
201100018932;0;7;0;0;2;7;2;B01
201100018932;0;7;0;0;2;3;2;C01
201100018932;1;7;0;0;2;1;1;Z01
201100018933;0;7;0;0;0;5;2;B01
201100018933;0;2;0;0;2;1;2;A01
201100018934;0;7;0;0;0;2;2;A01
201100018934;0;7;0;0;0;4;2;C01
201100018934;0;7;0;0;0;4;2;B01
201100018935;0;7;0;0;0;4;2;B01
201100018935;0;2;0;0;0;1;2;A01
201100018936;0;7;0;0;2;1;1;A01
201100018936;1;99;0;0;2;0;4;Z01
201100018937;0;7;0;0;1;1;2;A01
201100018938;0;7;0;0;0;8;1;B01
201100018938;0;2;0;0;0;2;14;A01
201100018939;0;7;0;1;0;0;4;A01
201100018940;0;37;1;0;1;7;1;A01
201100018941;0;10;0;0;2;1;0;A01
201100018941;0;33;0;0;2;7;17;B01
201100018942;0;7;0;0;2;1;2;A01
201100018942;0;7;0;0;9;4;2;B01
201100018943;0;7;0;0;1;3;15;A01
201100018944;0;33;0;0;2;1;21;B01
201100018944;0;7;0;0;9;3;10;A01
201100018945;0;30;0;0;2;1;17;A01
201100018945;0;7;0;0;2;3;15;B01
201100018946;0;30;0;0;2;1;19;A01
201100018946;0;33;0;0;2;2;1;B01
201100018947;0;7;0;14;0;1;1;A01
201100018948;0;7;0;0;2;3;21;A01
201100018948;0;7;0;8;2;3;1;B01
201100018949;0;15;0;0;2;1;1;A01
201100018949;0;7;0;0;0;4;2;B01
201100018950;0;7;0;0;2;1;1;B01
201100018950;0;7;0;0;2;3;19;A01
201100018951;0;7;0;1;0;3;11;A01
201100018951;0;7;0;0;0;2;1;B01
201100018952;0;7;0;0;1;2;13;A01
201100018953;0;7;0;0;1;7;2;A01
201100018954;0;32;0;0;2;2;1;B01
201100018954;0;7;0;0;2;3;15;A01
201100018955;0;7;0;0;0;1;2;A01
201100018955;0;10;0;0;0;4;1;B01
201100018956;0;7;0;0;2;2;15;A01
201100018956;0;33;0;0;2;1;1;B01
201100018957;0;30;0;0;2;1;0;A01
201100018957;0;7;0;0;2;3;16;B01
201100018958;0;7;0;9;0;1;6;A01
201100018959;1;7;0;0;1;0;1;Z01
201100018960;1;7;0;0;2;1;5;Z01
201100018960;0;7;0;0;2;1;1;B01
201100018961;1;7;0;0;2;1;1;Z01
201100018961;0;7;0;0;2;4;23;B01
201100018962;0;7;0;0;0;2;16;A01
201100018962;0;2;0;0;0;1;1;B01
201100018963;0;7;0;0;2;4;1;A01
201100018963;1;7;0;0;2;1;1;Z01
201100018964;0;7;0;0;1;2;9;A01
201100018965;0;32;0;0;2;1;21;B01
201100018965;0;7;0;0;2;3;9;A01
201100018966;0;10;0;0;2;1;2;A01
201100018966;0;7;0;0;2;4;2;B01
201100018967;0;7;0;0;0;5;1;B01
201100018967;0;7;0;0;0;3;2;A01
201100018968;0;7;0;0;2;2;15;A01
201100018968;0;32;0;0;2;1;1;B01
201100018969;0;32;0;0;2;2;17;B01
201100018969;0;7;0;0;2;3;9;A01
201100018970;0;33;0;0;2;2;10;A01
201100018970;0;7;0;0;2;1;1;B01
201100018971;0;1;0;11;0;1;1;A01
201100018972;0;7;0;0;0;4;1;B01
201100018972;0;7;0;0;0;1;1;A01
201100018973;0;7;0;0;1;2;0;A01
201100018974;0;33;0;0;1;1;17;A01
201100018975;0;7;0;0;2;8;1;B01
201100018975;0;15;0;0;2;7;12;A01
201100018976;0;7;0;0;0;4;0;A01
201100018976;1;7;0;0;2;1;0;Z01
201100018977;0;7;0;0;0;1;2;A01
201100018977;0;7;0;0;0;4;0;B01
201100018978;0;7;0;0;1;1;1;A01
201100018979;0;7;0;0;2;1;1;B01
201100018979;0;33;0;0;2;9;13;A01
201100018980;0;32;0;0;2;1;1;B01
201100018980;0;7;0;0;2;5;19;A01
201100018981;0;7;0;0;2;1;1;B01
201100018981;0;7;0;0;0;1;19;A01
201100018982;0;7;0;0;2;1;15;A01
201100018982;0;31;0;0;2;1;17;B01
201100018983;0;10;0;5;0;1;15;A01
201100018984;0;33;0;0;2;3;1;B01
201100018984;0;10;0;0;2;2;15;A01
201100018985;0;7;0;0;1;1;1;A01
201100018986;0;7;0;0;1;1;16;A01
201100018987;0;31;0;0;1;1;2;A01
201100018988;0;30;0;0;2;1;16;B01
201100018988;0;10;0;0;2;3;7;A01
201100018989;0;7;0;0;2;1;9;A01
201100018989;0;33;0;0;2;1;1;B01
201100018989;0;7;0;0;2;3;1;C01
201100018990;0;7;0;0;0;1;2;A01
201100018990;0;7;0;0;0;4;0;B01
201100018991;2;7;0;0;0;1;1;A01
201100018991;0;7;0;0;0;4;2;B01
201100018992;1;7;0;0;1;4;4;Z01
201100018993;0;30;0;0;2;1;17;A01
201100018993;0;7;0;0;2;6;15;B01
201100018994;0;7;0;0;2;8;2;A01
201100018994;0;7;0;0;2;1;2;B01
201100018995;0;7;0;0;1;2;1;A01
201100018996;0;31;0;0;0;0;15;A01
201100018997;0;32;0;0;2;1;1;B01
201100018997;0;7;0;0;2;0;9;A01
201100018998;0;7;0;12;0;1;1;A01
201100018999;0;7;0;2;2;8;1;B01
201100018999;0;7;0;0;2;1;1;A01
201100019000;0;32;0;0;0;1;0;B01
201100019000;0;7;0;0;2;3;9;A01
201100019001;0;7;0;0;2;3;13;A01
201100019001;0;7;0;0;2;3;1;B01
201100019002;0;7;0;0;2;0;0;B01
201100019002;0;7;0;0;2;0;1;A01
201100019003;0;34;0;0;2;1;0;A01
201100019003;0;7;0;0;0;4;15;B01
201100019004;0;7;0;0;2;6;23;D01
201100019004;0;7;0;0;2;8;23;B01
201100019004;0;7;0;0;2;7;23;C01
201100019004;1;2;0;0;2;2;14;A01
201100019005;0;7;0;0;2;1;1;A01
201100019005;0;7;0;3;2;1;1;B01
201100019006;0;7;0;0;1;1;1;A01
201100019007;0;34;0;0;2;1;21;B01
201100019007;0;7;0;0;0;3;15;A01
201100019008;0;7;0;0;1;1;1;A01
201100019009;0;7;0;0;1;4;4;A01
201100019010;0;7;0;14;0;1;2;A01
201100019011;0;32;0;0;2;1;1;B01
201100019011;0;7;0;0;2;1;1;A01
201100019012;0;7;0;0;2;4;23;B01
201100019012;1;7;0;0;2;1;1;Z01
201100019013;0;7;0;0;0;1;0;A01
201100019014;0;7;0;0;2;3;15;B01
201100019014;0;35;0;0;2;2;2;A01
201100019015;0;33;0;1;9;1;21;A01
201100019016;0;7;0;15;0;1;0;A01
201100019017;0;2;0;0;1;1;1;A01
201100019018;0;7;0;0;2;1;1;A01
201100019018;0;7;0;1;2;9;1;C01
201100019018;0;7;0;8;2;9;1;B01
201100019019;0;7;0;0;2;1;0;B01
201100019019;0;7;0;1;2;1;1;A01
201100019020;0;30;0;0;0;3;21;A01
201100019021;1;7;0;0;1;0;5;Z01
201100019022;0;33;0;0;2;4;23;B01
201100019022;1;7;0;0;2;1;1;Z01
201100019023;0;7;0;0;2;8;13;A01
201100019023;0;33;0;0;2;7;17;B01
201100019024;0;7;0;1;0;0;15;A01
201100019025;0;7;0;0;1;7;1;A01
201100019026;0;7;0;1;2;1;17;A01
201100019026;0;7;0;0;2;1;16;B01
201100019027;0;7;0;0;1;4;1;B01
201100019027;1;7;0;0;2;1;1;Z01
201100019028;0;7;0;0;2;2;12;A01
201100019028;0;7;0;0;2;3;1;B01
201100019029;0;7;0;1;0;4;1;B01
201100019029;0;7;0;0;2;1;1;A01
201100019030;0;34;0;0;2;1;1;B01
201100019030;0;7;0;0;2;6;0;A01
201100019031;1;99;0;0;1;0;1;Z01
201100019032;0;7;0;0;1;3;1;A01
201100019033;1;7;0;0;2;7;14;Z01
201100019033;0;1;0;0;2;8;1;B01
201100019034;1;30;0;0;1;0;0;Z01
201100019035;1;7;0;0;1;0;0;Z01
201100019036;0;32;0;0;1;1;1;A01
201100019037;0;7;0;0;2;7;1;A01
201100019037;0;37;1;0;2;3;1;B01
201100019038;0;7;0;0;9;3;9;A01
201100019038;0;30;0;0;2;3;1;B01
201100019039;0;37;10;0;2;8;1;B01
201100019039;0;32;0;0;2;2;6;A01
201100019040;1;7;0;0;1;4;4;Z01
201100019041;1;7;0;0;1;0;1;Z01
201100019042;0;31;0;0;1;1;1;A01
201100019043;0;7;0;0;2;3;1;B01
201100019043;0;32;0;0;2;1;1;A01
201100019044;0;7;0;10;0;3;2;A01
201100019045;0;7;0;0;2;8;10;A01
201100019045;0;7;0;0;2;1;1;B01
201100019046;0;7;0;0;1;1;1;A01
201100019047;0;7;0;0;0;4;23;B01
201100019047;0;7;0;14;0;1;2;A01
201100019048;0;7;0;0;2;1;13;A01
201100019048;0;7;0;0;2;1;1;B01
201100019049;0;7;0;0;2;8;1;C01
201100019049;0;7;0;0;2;1;13;A01
201100019049;0;7;0;0;2;1;1;D01
201100019049;0;33;0;0;2;1;17;B01
201100019050;0;7;0;0;1;1;17;A01
201100019051;0;7;0;0;2;2;2;A01
201100019051;0;7;0;0;2;6;2;B01
201100019052;0;7;0;0;0;0;15;B01
201100019052;0;7;0;0;2;1;11;A01
201100019053;1;7;0;0;1;1;1;Z01
201100019054;1;7;0;0;1;0;4;Z01
201100019055;0;32;0;0;0;8;1;A01
201100019056;0;7;0;0;2;1;12;B01
201100019056;0;7;0;0;2;4;20;A01
201100019057;0;7;0;0;1;2;17;A01
201100019058;0;7;0;0;2;1;1;B01
201100019058;0;7;0;0;2;1;5;A01
201100019059;0;31;0;0;2;1;2;B01
201100019059;0;7;0;0;2;2;11;A01
201100019060;1;7;0;0;2;1;1;Z01
201100019061;0;7;0;0;0;4;2;B01
201100019061;0;7;0;0;0;1;2;A01
201100019062;0;30;0;0;1;8;3;A01
201100019063;0;7;0;0;1;1;0;A01
201100019064;0;7;0;0;2;3;0;B01
201100019064;0;30;0;0;2;0;0;A01
201100019065;0;7;0;0;2;1;1;B01
201100019065;0;10;0;0;2;1;1;A01
201100019066;0;7;0;1;2;3;11;A01
201100019066;0;31;0;0;2;7;17;B01
201100019067;0;7;0;0;2;7;10;A01
201100019067;0;33;0;0;2;8;1;B01
201100019068;0;7;0;0;2;3;9;B01
201100019068;0;33;0;0;2;1;17;A01
201100019069;0;7;0;0;2;8;10;A01
201100019069;0;30;0;0;2;2;2;B01
201100019070;0;7;0;0;2;4;1;B01
201100019070;0;7;0;0;2;1;1;A01
201100019071;0;34;0;0;1;1;1;A01
201100019072;0;7;0;0;1;3;1;A01
201100019073;1;7;0;0;2;1;1;Z01
201100019073;0;7;0;0;2;4;1;B01
201100019074;0;7;0;0;2;1;1;B01
201100019074;0;7;0;0;2;1;17;A01
201100019075;0;7;0;0;2;1;1;A01
201100019075;0;7;0;0;2;1;1;B01
201100019076;0;2;0;0;2;0;1;B01
201100019076;1;7;0;0;2;7;14;Z01