num_acc;senc;catv;occutc;obs;obsm;choc;manv;num_veh
201100019077;0;7;0;6;0;3;0;A01
201100019078;0;10;0;0;2;2;1;A01
201100019078;0;10;0;0;2;3;9;B01
201100019079;0;10;0;0;9;7;2;B01
201100019079;0;34;0;0;2;3;18;A01
201100019080;0;7;0;0;2;2;1;A01
201100019081;0;7;0;0;0;1;2;A01
201100019081;0;34;0;0;0;4;2;B01
201100019082;0;7;0;0;1;8;0;A01
201100019083;0;32;0;0;0;0;0;A01
201100019084;0;7;0;0;2;2;2;A01
201100019084;0;2;0;0;2;3;2;B01
201100019085;0;7;0;0;2;4;2;B01
201100019085;0;10;0;0;2;1;2;A01
201100019086;0;33;0;0;2;1;1;A01
201100019086;0;7;0;0;2;8;10;B01
201100019087;0;7;0;0;2;6;10;A01
201100019087;0;33;0;11;2;7;1;B01
201100019088;0;7;0;0;2;2;1;B01
201100019088;0;7;0;0;2;6;4;A01
201100019089;0;7;0;0;2;8;15;B01
201100019089;0;7;0;0;2;1;15;A01
201100019090;0;7;0;0;1;3;17;A01
201100019091;0;7;0;0;1;1;1;A01
201100019092;0;7;0;0;2;3;20;A01
201100019092;0;2;0;0;2;3;21;B01
201100019093;0;34;0;0;1;1;1;A01
201100019094;0;33;0;0;1;0;1;A01
201100019095;0;7;0;1;2;1;1;B01
201100019095;0;7;0;0;2;2;9;A01
201100019096;0;31;0;3;0;1;0;A01
201100019097;0;37;3;0;2;2;13;A01
201100019097;0;7;0;0;2;8;15;B01
201100019098;0;7;0;0;2;4;23;B01
201100019098;0;7;0;0;2;1;12;A01
201100019099;0;10;0;0;2;2;23;B01
201100019099;0;30;0;0;2;1;1;A01
201100019100;0;7;0;0;2;3;2;A01
201100019100;0;34;0;0;2;0;2;B01
201100019101;0;7;0;0;2;8;5;A01
201100019101;0;32;0;0;2;1;1;B01
201100019102;0;7;0;0;0;7;2;A01
201100019102;0;32;0;0;0;8;2;B01
201100019103;0;7;0;0;0;7;1;A01
201100019104;0;7;0;0;2;1;1;A01
201100019104;0;7;0;0;2;1;1;B01
201100019105;0;7;0;13;0;2;2;A01
201100019106;0;30;0;0;0;0;2;A01
201100019107;0;7;0;0;2;3;13;A01
201100019107;0;32;0;0;2;1;17;B01
201100019108;0;32;0;0;2;1;2;B01
201100019108;0;7;0;0;2;5;1;A01
201100019109;0;7;0;0;2;5;15;B01
201100019109;0;7;0;0;2;1;15;A01
201100019110;0;7;0;0;9;3;0;A01
201100019110;0;1;0;0;2;1;1;B01
201100019111;0;7;0;0;0;9;1;A01
201100019112;0;33;0;0;0;1;0;B01
201100019112;0;7;0;0;2;5;0;A01
201100019113;0;33;0;0;0;1;0;A01
201100019114;0;7;0;0;2;3;9;B01
201100019114;0;32;0;0;2;1;0;A01
201100019115;0;7;0;8;0;1;1;A01
201100019116;0;7;0;0;2;1;2;A01
201100019116;0;7;0;0;0;4;2;B01
201100019117;0;33;0;0;2;1;7;A01
201100019117;0;7;0;0;2;2;15;B01
201100019118;0;33;0;0;1;7;1;A01
201100019119;0;31;0;0;2;7;2;B01
201100019119;0;7;0;0;2;1;19;A01
201100019120;0;7;0;0;2;8;1;A01
201100019120;0;2;0;0;2;1;1;B01
201100019121;0;7;0;0;2;8;10;A01
201100019121;0;33;0;0;2;1;17;B01
201100019122;0;30;0;0;2;7;17;A01
201100019122;0;7;0;0;9;3;23;B01
201100019123;0;7;0;0;2;5;0;A01
201100019123;0;7;0;1;2;5;0;C01
201100019123;0;33;0;1;2;1;0;B01
201100019124;0;7;0;0;2;3;0;A01
201100019124;0;7;0;0;2;3;1;B01
201100019125;0;7;0;0;2;1;2;A01
201100019125;0;7;0;0;2;4;2;B01
201100019126;0;7;0;0;2;2;0;A01
201100019126;0;7;0;1;2;3;0;B01
201100019127;0;7;0;0;2;3;1;B01
201100019127;0;30;0;0;2;1;19;A01
201100019128;0;7;0;0;2;1;15;A01
201100019128;0;32;0;0;2;1;1;B01
201100019129;0;2;0;0;2;0;15;B01
201100019129;0;10;0;0;2;3;9;A01
201100019130;0;33;0;0;2;7;2;C01
201100019130;0;10;0;0;2;3;15;A01
201100019130;0;33;0;0;2;1;17;B01
201100019131;0;32;0;0;2;1;9;A01
201100019131;0;7;0;0;2;2;2;B01
201100019132;0;31;0;0;2;0;1;B01
201100019132;1;7;0;0;2;0;1;Z01
201100019133;0;7;0;0;1;2;1;A01
201100019134;0;10;0;0;2;2;1;A01
201100019134;0;7;0;0;2;3;1;B01
201100019135;0;30;0;0;2;1;2;A01
201100019135;0;7;0;0;0;4;2;B01
201100019136;0;7;0;0;2;1;23;B01
201100019136;1;7;0;0;2;4;4;Z01
201100019137;0;33;0;12;0;0;1;A01
201100019138;0;7;0;0;0;3;15;A01
201100019138;0;32;0;0;2;1;17;B01
201100019139;1;7;0;0;2;1;1;Z01
201100019139;0;7;0;0;2;4;23;B01
201100019140;0;7;0;0;2;7;12;A01
201100019140;0;7;0;0;2;8;1;B01
201100019141;0;30;0;0;2;0;1;B01
201100019141;1;7;0;0;2;7;13;Z01
201100019142;0;7;0;0;1;1;2;A01
201100019143;0;7;0;0;2;4;1;A01
201100019143;1;7;0;0;2;1;2;Z01
201100019144;1;30;0;0;2;1;0;Z01
201100019144;0;32;0;0;2;8;1;A01
201100019145;0;7;0;0;1;3;1;A01
201100019146;0;7;0;0;2;1;1;B01
201100019146;0;7;0;0;2;2;15;A01
201100019147;0;7;0;0;2;2;2;B01
201100019147;0;7;0;8;2;8;9;A01
201100019148;0;7;0;0;2;1;2;A01
201100019148;0;7;0;0;0;4;0;B01
201100019149;0;7;0;0;1;1;2;A01
201100019150;0;7;0;0;2;1;1;A01
201100019150;0;7;0;0;2;9;1;B01
201100019151;0;7;0;0;2;2;12;B01
201100019151;0;33;0;0;2;3;1;A01
201100019152;0;30;0;0;1;1;1;A01
201100019153;0;7;0;0;1;7;1;A01
201100019154;0;31;0;0;2;1;1;A01
201100019154;0;7;0;0;2;3;15;B01
201100019155;0;33;0;0;2;4;23;C01
201100019155;0;7;0;0;2;3;1;B01
201100019155;0;10;0;0;2;1;1;A01
201100019156;0;7;0;0;1;0;1;A01
201100019157;0;34;0;8;0;3;1;B01
201100019157;1;7;0;0;2;0;0;Z01
201100019158;0;7;0;0;2;4;20;B01
201100019158;0;33;0;0;2;1;2;A01
201100019159;0;7;0;0;2;2;10;A01
201100019159;0;32;0;1;2;3;1;B01
201100019160;0;31;0;0;2;1;21;B01
201100019160;0;7;0;0;2;6;19;A01
201100019161;0;37;2;0;2;3;7;A01
201100019161;0;7;0;0;2;7;16;B01
201100019162;0;7;0;0;2;8;15;B01
201100019162;0;33;0;0;2;1;17;A01
201100019163;0;7;0;0;2;1;1;A01
201100019163;0;7;0;0;2;4;1;B01
201100019164;0;10;0;0;2;2;2;A01
201100019164;0;7;0;0;2;6;2;B01
201100019165;0;7;0;0;2;1;2;B01
201100019165;0;7;0;0;2;3;15;A01
201100019166;0;30;0;0;2;3;5;A01
201100019166;0;7;0;0;2;3;2;B01
201100019167;0;10;0;0;1;3;1;A01
201100019168;0;7;0;0;2;8;0;B01
201100019168;0;32;0;0;2;1;0;A01
201100019169;1;30;0;0;2;1;0;Z01
201100019169;0;7;0;0;2;3;15;B01
201100019170;0;7;0;0;0;4;1;B01
201100019170;0;7;0;0;0;1;1;A01
201100019171;0;7;0;0;2;4;2;B01
201100019171;0;33;0;0;2;4;2;A01
201100019172;0;7;0;0;2;1;1;B01
201100019172;0;7;0;0;2;2;10;A01
201100019173;0;30;0;0;2;4;16;B01
201100019173;1;7;0;0;2;1;2;Z01
201100019174;0;7;0;0;1;4;20;A01
201100019175;0;7;0;1;0;5;0;A01
201100019176;0;7;0;0;1;2;1;A01
201100019177;0;7;0;0;2;1;9;B01
201100019177;0;7;0;0;2;8;1;A01
201100019178;0;7;0;0;2;7;1;A01
201100019178;0;31;0;0;2;3;3;B01
201100019179;0;7;0;0;0;3;9;A01
201100019179;0;7;0;0;2;2;21;B01
201100019180;0;7;0;0;0;4;2;B01
201100019180;1;7;0;0;2;1;2;Z01
201100019181;1;7;0;0;1;0;1;Z01
201100019182;0;7;0;0;1;1;1;A01
201100019183;0;7;0;0;2;3;0;B01
201100019183;0;32;0;0;2;0;13;A01
201100019184;0;7;0;11;2;2;13;A01
201100019184;0;7;0;0;2;2;21;B01
201100019185;0;30;0;0;1;1;2;A01
201100019186;0;32;0;0;2;1;17;B01
201100019186;0;7;0;0;2;3;15;A01
201100019187;0;7;0;0;1;1;2;A01
201100019188;0;7;0;0;2;1;1;B01
201100019188;0;31;0;0;2;8;13;A01
201100019189;0;30;0;0;2;1;17;A01
201100019189;0;7;0;0;2;3;10;B01
201100019190;2;7;0;0;2;1;1;A01
201100019190;0;7;0;0;2;4;1;B01
201100019191;0;7;0;0;0;1;1;A01
201100019192;0;7;0;0;0;1;2;A01
201100019192;0;7;0;0;0;4;15;C01
201100019192;0;7;0;0;2;4;1;B01
201100019193;0;7;0;12;0;2;1;A01
201100019194;0;7;0;0;2;3;9;A01
201100019194;0;33;0;0;2;1;1;B01
201100019195;0;7;0;0;1;1;15;A01
201100019196;0;7;0;0;2;4;2;B01
201100019196;0;7;0;0;2;1;2;A01
201100019197;0;33;0;0;2;1;1;B01
201100019197;0;7;0;0;2;1;15;A01
201100019198;0;7;0;9;0;1;1;A01
201100019199;0;32;0;0;2;1;21;B01
201100019199;0;7;0;0;2;6;15;A01
201100019200;0;20;0;0;2;4;4;A01
201100019200;0;7;0;0;2;7;1;B01
201100019201;0;7;0;5;2;2;11;A01
201100019201;0;7;0;0;2;3;1;B01
201100019201;0;14;0;0;2;3;1;C01
201100019202;0;7;0;1;0;3;1;A01
201100019203;0;30;0;0;1;1;17;A01
201100019204;0;30;0;0;2;0;1;B01
201100019204;1;7;0;0;2;0;1;Z01
201100019205;0;2;0;0;2;7;0;B01
201100019205;1;7;0;0;2;8;1;Z01
201100019206;0;7;0;0;2;7;0;A01
201100019206;0;37;0;0;2;3;3;B01
201100019207;1;7;0;0;2;2;17;Z01
201100019207;0;7;0;0;2;6;1;B01
201100019208;0;7;0;0;1;2;1;A01
201100019209;0;7;0;0;2;5;16;B01
201100019209;0;33;0;0;2;1;7;A01
201100019210;0;7;0;0;2;2;15;A01
201100019210;0;33;0;0;2;2;1;B01
201100019211;0;33;0;0;2;6;16;A01
201100019211;1;7;0;0;2;0;0;Z01
201100019212;0;33;0;0;2;0;21;B01
201100019212;0;7;0;0;2;8;10;A01
201100019213;0;7;0;0;2;1;1;A01
201100019213;0;7;0;0;0;4;2;B01
201100019214;0;7;0;0;2;1;1;A01
201100019214;0;7;0;0;2;2;15;B01
201100019215;0;7;0;0;2;6;19;B01
201100019215;0;34;0;0;2;1;17;A01
201100019216;0;7;0;0;2;3;9;A01
201100019216;0;34;0;0;2;2;1;B01
201100019217;0;7;0;0;9;1;15;A01
201100019217;0;1;0;0;2;0;1;B01
201100019218;0;34;0;0;0;0;0;A01
201100019219;0;33;0;1;2;1;2;A01
201100019219;0;7;0;0;2;7;12;B01
201100019220;0;7;0;0;2;3;2;A01
201100019220;0;33;0;0;0;4;23;B01
201100019221;0;7;0;0;1;1;1;A01
201100019222;0;7;0;0;2;8;15;A01
201100019222;0;7;0;0;2;1;2;B01
201100019223;0;33;0;12;0;1;1;A01
201100019224;0;7;0;0;2;6;19;A01
201100019224;0;33;0;0;2;1;1;B01
201100019225;0;7;0;0;2;2;1;A01
201100019225;0;7;0;0;2;1;0;C01
201100019225;0;33;0;0;2;1;1;B01
201100019226;0;7;0;1;0;3;1;A01
201100019227;0;7;0;0;2;8;19;A01
201100019227;0;33;0;0;2;1;1;B01
201100019228;0;32;0;0;2;8;1;B01
201100019228;1;7;0;0;2;7;12;Z01
201100019229;0;7;0;0;1;1;0;A01
201100019230;0;33;0;0;2;1;2;A01
201100019230;0;32;0;0;2;6;2;B01
201100019231;0;7;0;0;1;3;1;A01
201100019232;0;7;0;0;2;1;2;A01
201100019232;0;7;0;0;2;4;2;B01
201100019233;0;33;0;0;2;1;1;A01
201100019233;0;7;0;0;2;2;15;B01
201100019234;0;7;0;0;2;3;9;A01
201100019234;0;33;0;0;2;1;2;B01
201100019235;0;7;0;0;2;0;1;B01
201100019235;0;7;0;0;2;3;15;A01
201100019236;0;7;0;0;2;1;9;A01
201100019236;0;32;0;0;2;0;1;B01
201100019237;0;17;0;3;0;0;0;A01
201100019238;0;30;0;0;2;8;1;A01
201100019238;0;7;0;0;2;3;1;B01
201100019239;0;31;0;0;2;1;2;A01
201100019239;0;33;0;0;0;4;2;B01
201100019240;0;7;0;0;1;2;2;A01
201100019241;0;7;0;0;2;3;1;A01
201100019241;0;7;0;0;2;6;0;B01
201100019242;0;33;0;0;2;1;17;B01
201100019242;0;7;0;0;2;1;15;A01
201100019243;0;30;0;0;0;0;1;A01
201100019244;0;7;0;0;2;3;9;A01
201100019244;0;31;0;0;2;1;2;B01
201100019245;0;2;0;0;2;1;1;B01
201100019245;0;7;0;0;2;3;15;A01
201100019246;0;7;0;0;2;3;13;A01
201100019246;0;30;0;0;2;1;1;B01
201100019247;0;33;0;0;2;1;1;A01
201100019247;0;7;0;0;2;6;23;B01
201100019248;0;7;0;0;1;1;1;A01
201100019249;0;32;0;0;2;1;1;B01
201100019249;1;2;0;0;2;1;0;Z01
201100019250;0;7;0;0;2;1;15;A01
201100019250;0;7;0;0;2;3;1;B01
201100019251;1;7;0;0;1;0;0;Z01
201100019252;0;7;0;2;0;1;1;A01
201100019253;1;7;0;0;2;4;2;Z01
201100019253;0;2;0;0;0;0;2;B01
201100019254;0;7;0;0;0;1;2;A01
201100019255;0;7;0;14;0;1;0;A01
201100019256;0;33;0;0;0;3;1;A01
201100019257;0;7;0;0;2;1;15;A01
201100019257;0;7;0;0;2;1;1;B01
201100019258;0;30;0;0;2;3;15;A01
201100019258;0;32;0;0;2;2;15;B01
201100019259;0;33;0;0;0;8;1;A01
201100019260;0;7;0;0;1;4;20;A01
201100019261;0;7;0;0;2;1;1;A01
201100019261;0;7;0;6;2;3;1;B01
201100019262;0;31;0;0;2;1;2;A01
201100019262;0;7;0;0;2;4;2;B01
201100019263;0;7;0;0;1;1;1;A01
201100019264;0;30;0;0;2;3;18;B01
201100019264;0;7;0;0;2;7;23;A01
201100019265;0;7;0;0;1;1;0;A01
201100019266;0;7;0;0;2;6;2;A01
201100019266;0;7;0;0;2;8;9;B01
201100019267;0;7;0;0;2;1;2;A01
201100019267;0;7;0;0;0;4;0;B01
201100019268;0;7;0;0;2;3;10;B01
201100019268;0;34;0;0;2;1;0;A01
201100019269;0;34;0;0;2;1;2;B01
201100019269;0;7;0;0;2;2;19;A01
201100019270;0;7;0;0;1;5;4;A01
201100019271;0;10;0;0;2;1;2;A01
201100019271;0;7;0;0;2;4;23;B01
201100019272;0;7;0;0;0;0;19;A01
201100019272;0;34;0;0;0;0;21;B01
201100019273;0;7;0;0;2;2;19;A01
201100019273;0;30;0;0;2;1;1;B01
201100019274;0;7;0;0;0;7;15;A01
201100019274;0;32;0;0;0;1;1;B01
201100019275;0;7;0;12;2;1;6;A01
201100019275;0;7;0;0;2;8;1;B01
201100019276;0;7;0;0;2;2;15;A01
201100019276;0;31;0;0;2;1;1;B01
201100019277;0;30;0;0;2;3;1;B01
201100019277;0;7;0;0;2;2;15;A01
201100019278;0;7;0;0;2;3;15;B01
201100019278;0;2;0;0;2;1;1;A01
201100019279;2;7;0;0;2;3;15;B01
201100019279;0;32;0;0;2;1;1;A01
201100019280;0;31;0;0;2;0;5;A01
201100019280;0;7;0;0;2;3;1;B01
201100019281;0;7;0;0;0;7;15;A01
201100019281;0;7;0;0;0;1;2;B01
201100019282;0;32;0;0;2;3;3;A01
201100019282;0;7;0;0;2;7;1;B01
201100019283;0;30;0;11;0;3;13;A01
201100019284;0;30;0;0;0;1;1;B01
201100019284;0;7;0;0;2;5;10;A01
201100019285;0;30;0;1;0;7;0;A01
201100019286;0;30;0;0;1;1;1;A01
201100019287;0;99;0;0;2;1;1;A01
201100019287;0;7;0;0;2;8;1;B01
201100019288;0;7;0;0;1;3;0;B01
201100019289;0;7;0;0;2;4;2;B01
201100019289;0;7;0;0;2;1;2;A01
201100019290;0;7;0;0;2;1;2;A01
201100019290;0;7;0;0;2;4;2;B01
201100019291;1;7;0;0;1;1;1;Z01
201100019292;0;7;0;0;2;4;23;A01
201100019292;1;7;0;0;2;1;2;Z01
201100019293;0;34;0;0;2;1;1;B01
201100019293;0;7;0;0;2;7;10;A01
201100019294;0;30;0;0;2;7;15;A01
201100019294;0;30;0;0;2;1;1;B01
201100019295;0;7;0;0;2;6;1;C01
201100019295;0;7;0;0;2;1;2;B01
201100019295;0;7;0;0;2;1;5;A01
201100019296;0;7;0;0;0;2;1;A01
201100019296;0;7;0;0;0;3;15;B01
201100019297;0;10;0;0;1;4;4;A01
201100019298;0;2;0;0;2;8;11;A01
201100019298;0;7;0;0;2;7;2;B01
201100019299;0;7;0;13;2;3;13;A01
201100019299;0;7;0;0;2;3;1;B01
201100019300;0;7;0;0;0;1;2;A01
201100019300;0;7;0;0;0;4;2;B01
201100019301;1;33;0;0;1;0;1;Z01
201100019302;0;7;0;0;2;1;1;B01
201100019302;0;7;0;1;2;3;9;A01
201100019303;1;7;0;0;2;1;2;Z01
201100019303;0;7;0;0;2;4;23;B01
201100019304;1;30;0;0;2;1;1;Z01
201100019305;0;7;0;8;2;3;1;A01
201100019305;0;7;0;0;2;1;1;B01
201100019306;0;7;0;0;2;1;1;A01
201100019306;0;7;0;0;2;9;1;B01
201100019307;0;2;0;0;2;1;7;A01
201100019307;0;7;0;0;2;7;16;B01
201100019308;0;32;0;0;2;2;2;B01
201100019308;0;7;0;0;2;3;2;A01
201100019309;0;30;0;0;2;1;17;B01
201100019309;0;7;0;0;2;1;17;A01
201100019310;0;7;0;0;1;3;2;A01
201100019311;0;7;0;0;2;1;1;A01
201100019311;0;7;0;0;2;4;1;B01
201100019312;0;7;0;0;1;3;1;A01
201100019313;0;30;0;0;1;1;16;A01
201100019314;0;2;0;1;0;1;13;A01
201100019315;0;7;0;0;2;4;23;B01
201100019315;1;7;0;0;2;1;2;Z01
201100019316;1;7;0;0;2;0;5;A01
201100019316;0;32;0;0;2;0;1;B01
201100019317;1;7;0;0;1;1;0;X01
201100019318;0;32;0;0;0;0;1;B01
201100019318;1;7;0;0;0;0;13;Z01
201100019319;0;2;0;0;0;0;1;A01
201100019320;0;33;0;0;2;1;1;B01
201100019320;0;7;0;0;2;5;15;A01
201100019321;0;2;0;0;2;1;17;B01
201100019321;0;13;0;0;2;6;10;A01
201100019322;0;7;0;0;0;2;9;B01
201100019322;0;30;0;0;2;1;1;A01
201100019323;0;7;0;0;2;3;1;A01
201100019323;0;7;0;0;2;1;1;B01
201100019324;0;32;0;0;2;1;5;A01
201100019324;0;7;0;0;2;3;1;B01
201100019325;0;32;0;0;0;7;10;A01
201100019326;0;7;0;0;0;3;15;B01
201100019326;0;31;0;0;2;3;2;A01
201100019327;0;7;0;0;2;7;9;A01
201100019327;0;32;0;0;2;1;9;B01
201100019328;0;33;0;0;2;3;1;B01
201100019328;0;7;0;0;2;2;15;A01
201100019329;0;7;0;0;2;3;20;B01
201100019329;0;10;0;0;2;2;1;A01
201100019330;0;31;0;0;0;1;3;A01
201100019330;0;7;0;0;0;5;1;C01
201100019330;0;7;0;0;0;7;2;D01
201100019330;0;7;0;0;0;7;1;B01
201100019331;0;7;0;0;1;4;20;A01
201100019332;0;2;0;0;2;7;0;B01
201100019332;0;7;0;0;2;8;0;A01
201100019333;0;7;0;0;2;0;15;A01
201100019333;0;1;0;0;0;0;1;B01
201100019334;0;10;0;0;0;5;0;B01
201100019334;0;7;0;0;2;2;9;A01
201100019335;0;32;0;0;1;1;3;A01
201100019336;0;33;0;0;2;1;1;B01
201100019336;0;7;0;0;2;3;15;A01
201100019337;0;7;0;0;2;1;1;B01
201100019337;1;7;0;0;2;1;1;Z01
201100019338;1;7;0;0;2;1;1;Z01
201100019338;0;7;0;1;2;5;1;A01
201100019339;0;7;0;0;2;4;1;B01
201100019339;0;7;0;0;2;1;1;A01
201100019340;0;7;0;0;2;6;15;A01
201100019340;0;33;0;0;2;1;1;B01
201100019341;0;7;0;0;1;0;1;A01
201100019342;0;7;0;0;1;1;2;A01
201100019343;0;7;0;0;1;1;17;A01
201100019344;0;7;0;0;2;3;2;A01
201100019344;0;34;0;1;2;2;17;B01
201100019345;0;7;0;0;2;3;15;A01
201100019345;0;33;0;0;2;1;16;B01
201100019346;0;7;0;0;2;8;9;A01
201100019346;0;33;0;0;2;1;2;B01
201100019347;0;7;0;0;0;4;1;A01
201100019347;0;31;0;0;2;1;1;B01
201100019348;0;7;0;0;2;6;0;A01
201100019348;0;32;0;0;2;1;0;B01
201100019349;0;7;0;0;2;4;23;B01
201100019349;1;30;0;0;2;1;1;Z01
201100019350;0;1;0;0;2;1;1;B01
201100019350;1;7;0;0;2;3;17;Z01
201100019351;1;7;0;0;2;1;1;Z01
201100019351;0;7;0;0;2;4;1;B01
201100019352;0;30;0;0;2;6;1;B01
201100019352;1;7;0;0;2;8;5;Z01
201100019353;0;7;0;0;2;4;23;B01
201100019353;1;7;0;0;2;1;2;Z01
201100019354;1;34;0;0;2;1;19;A01
201100019354;1;34;0;0;2;0;1;Z01
201100019355;1;32;0;0;2;0;1;A01
201100019355;1;14;0;0;2;0;12;Z01
201100019356;0;7;0;0;2;1;1;B01
201100019356;1;7;0;0;2;1;13;Z01
201100019357;1;7;0;0;1;0;1;Z01
201100019358;0;7;0;8;0;1;1;A01
201100019359;1;31;0;0;1;0;1;Z01
201100019360;0;7;0;0;2;4;23;B01
201100019360;0;7;0;14;0;1;2;A01
201100019361;0;1;0;0;2;8;1;B01
201100019361;0;2;0;0;2;7;1;A01
201100019362;0;7;0;0;2;2;1;A01
201100019363;0;7;0;0;2;2;10;A01
201100019363;0;34;0;0;2;1;1;B01
201100019364;0;7;0;0;1;3;15;A01
201100019365;0;7;0;0;2;8;13;A01
201100019365;0;34;0;0;2;7;17;B01
201100019366;0;7;0;0;2;2;16;B01
201100019366;0;2;0;0;2;1;18;A01
201100019367;0;7;0;1;0;1;0;A01
201100019368;0;2;0;0;2;1;1;A01
201100019368;0;7;0;0;2;1;1;B01
201100019369;0;32;0;0;1;7;0;A01
201100019370;0;33;0;8;2;1;1;B01
201100019370;0;7;0;0;2;0;5;A01
201100019371;0;14;0;0;0;4;23;B01
201100019371;0;7;0;1;0;1;9;A01
201100019372;0;30;0;0;9;1;0;A01
201100019372;0;1;0;0;9;1;0;B01
201100019373;0;7;0;1;1;8;13;A01
201100019374;0;7;0;0;2;1;15;B01
201100019374;0;7;0;0;2;7;2;A01
201100019375;0;7;0;0;2;4;2;B01
201100019375;0;7;0;0;2;1;2;A01
201100019376;1;7;0;0;2;1;17;Z01
201100019376;0;34;0;0;2;4;1;B01
201100019377;0;7;0;0;2;4;23;B01
201100019377;1;7;0;0;2;1;2;Z01
201100019378;0;10;0;0;2;2;15;A01
201100019378;0;7;0;0;2;1;1;B01
201100019379;0;7;0;0;0;0;0;C01
201100019379;0;37;1;0;0;0;0;B01
201100019379;0;7;0;0;0;1;0;A01
201100019380;0;7;0;0;0;8;17;B01
201100019380;0;30;0;0;0;3;11;A01
201100019381;0;32;0;0;0;8;1;A01
201100019382;0;34;0;0;2;1;18;A01
201100019382;0;7;0;0;2;2;16;B01
201100019383;0;33;0;0;2;0;0;A01
201100019384;0;7;0;0;0;7;0;B01
201100019384;0;33;0;0;2;1;1;A01
201100019385;0;7;0;0;2;2;1;B01
201100019385;0;7;0;0;2;3;1;A01
201100019386;0;33;0;0;1;3;1;A01
201100019387;0;33;0;0;2;7;2;B01
201100019387;0;7;0;0;2;6;10;A01
201100019388;0;7;0;0;1;2;1;A01
201100019389;0;33;0;0;0;1;1;A01
201100019389;0;7;0;0;0;8;15;B01
201100019390;0;7;0;0;1;4;2;B01
201100019390;0;33;0;0;0;1;2;A01
201100019391;0;7;0;1;0;1;18;A01
201100019392;0;7;0;0;2;1;0;A01
201100019392;0;7;0;0;0;4;0;B01
201100019393;0;2;0;0;2;1;0;B01
201100019393;0;7;0;0;2;3;0;A01
201100019394;0;7;0;0;2;1;2;A01
201100019394;0;7;0;0;2;4;1;B01
201100019395;0;30;0;0;0;8;1;B01
201100019395;1;7;0;0;2;1;1;Z01
201100019396;0;7;0;0;0;6;0;C01
201100019396;0;32;0;0;0;4;0;B01
201100019396;0;7;0;14;0;1;0;A01
201100019397;0;33;0;0;1;1;17;A01
201100019398;0;30;0;0;1;0;0;A01
201100019399;0;34;0;0;2;1;1;B01
201100019399;0;7;0;0;2;7;15;A01
201100019400;0;33;0;0;1;7;15;A01
201100019401;0;30;0;0;2;9;2;B01
201100019401;0;7;0;0;2;1;2;A01
201100019402;1;7;0;0;1;0;5;Z01
201100019403;0;30;0;1;0;1;1;A01
201100019404;0;7;0;0;2;4;1;B01
201100019404;0;7;0;0;2;1;1;A01
201100019405;0;7;0;0;2;3;16;B01
201100019405;0;31;0;0;2;8;17;A01
201100019406;0;7;0;0;2;0;0;B01
201100019406;0;7;0;0;0;0;0;A01
201100019407;1;10;0;0;2;6;10;Z01
201100019407;0;32;0;0;2;1;1;A01
201100019408;0;7;0;0;2;4;2;B01
201100019408;0;7;0;0;2;1;2;A01
201100019408;0;7;0;0;2;4;2;C01
201100019409;0;2;0;0;2;1;2;A01
201100019409;0;7;0;0;2;5;2;B01
201100019410;0;1;0;0;2;8;13;B01
201100019410;0;10;0;0;1;7;1;A01
201100019411;0;7;0;0;1;2;1;A01
201100019412;0;34;0;0;2;1;17;A01
201100019412;0;7;0;0;2;3;9;B01
201100019413;1;7;0;0;2;1;1;Z01
201100019413;0;33;0;0;2;4;23;B01
201100019414;0;7;0;0;1;3;5;A01
201100019415;0;7;0;0;1;1;1;A01
201100019416;1;2;0;0;0;0;17;Z01
201100019416;0;7;0;0;0;3;15;B01
201100019417;1;7;0;0;2;0;22;Z01
201100019417;0;34;0;0;2;0;18;B01
201100019418;0;7;0;0;2;3;11;A01
201100019418;0;37;1;0;2;3;1;B01
201100019419;0;7;0;0;0;0;13;A01
201100019419;0;2;0;12;0;1;2;B01
201100019420;0;7;0;8;0;1;0;A01
201100019421;0;10;0;0;2;2;2;A01
201100019421;0;7;0;0;2;4;2;B01
201100019422;0;10;0;2;2;9;13;A01
201100019422;0;7;0;0;2;8;1;B01
201100019422;0;10;0;0;2;2;1;C01
201100019423;0;7;0;11;2;3;9;A01
201100019423;0;7;0;0;2;1;1;B01
201100019424;0;7;0;0;1;8;1;A01
201100019425;2;7;0;8;0;1;0;A01
201100019426;0;7;0;0;2;8;1;B01
201100019426;0;32;0;0;2;0;1;A01
201100019427;1;7;0;0;1;2;1;Z01
201100019428;1;7;0;0;1;1;2;Z01
201100019428;0;7;0;0;2;4;1;B01
201100019429;0;7;0;13;0;1;1;A01
201100019430;0;7;0;1;2;4;1;B01
201100019430;1;7;0;0;2;1;2;Z01
201100019431;0;7;0;0;0;4;23;C01
201100019431;0;99;0;0;2;0;2;A01
201100019431;0;7;0;0;2;1;2;B01
201100019432;0;7;0;0;2;3;15;A01
201100019432;0;30;0;0;2;1;2;B01
201100019433;0;2;0;0;2;8;2;A01
201100019433;0;7;0;0;2;6;5;B01
201100019434;0;7;0;10;0;1;1;A01
201100019434;0;7;0;0;9;3;1;B01
201100019435;0;7;0;0;2;5;15;A01
201100019435;0;32;0;0;2;1;1;B01
201100019436;0;7;0;0;1;1;1;A01
201100019437;0;33;0;0;2;1;17;A01
201100019437;0;7;0;0;2;3;15;B01
201100019438;0;7;0;0;2;5;10;A01
201100019438;0;34;0;0;2;1;1;B01
201100019439;0;32;0;0;2;1;1;B01