num_acc;senc;catv;occutc;obs;obsm;choc;manv;num_veh
201100019439;0;7;0;0;2;8;9;A01
201100019440;0;7;0;2;0;9;1;A01
201100019441;0;7;0;0;2;1;2;A01
201100019441;0;7;0;0;0;4;1;B01
201100019442;0;7;0;1;0;1;1;A01
201100019442;0;7;0;1;0;6;24;B01
201100019443;0;7;0;6;0;2;1;A01
201100019444;0;7;0;0;2;3;2;B01
201100019444;0;13;0;0;2;2;12;A01
201100019445;0;34;0;0;2;1;1;B01
201100019445;0;10;0;0;2;5;15;A01
201100019446;0;10;0;0;2;6;15;A01
201100019446;0;33;0;0;2;2;17;B01
201100019447;0;7;0;0;1;1;0;A01
201100019448;0;38;1;0;1;1;1;A01
201100019449;0;33;0;0;2;1;12;A01
201100019449;0;7;0;0;2;5;1;B01
201100019450;0;30;0;0;0;0;0;A01
201100019451;2;7;0;0;2;1;2;Z01
201100019451;0;7;0;0;2;2;15;B01
201100019452;0;7;0;0;2;5;10;A01
201100019452;0;32;0;0;2;1;1;B01
201100019453;0;30;0;0;1;1;5;A01
201100019454;0;7;0;0;1;4;4;A01
201100019455;0;30;0;0;2;1;17;A01
201100019455;0;7;0;0;0;3;11;B01
201100019456;1;7;0;0;2;0;15;Z01
201100019456;0;7;0;0;2;2;1;A01
201100019457;0;31;0;0;0;2;1;A01
201100019458;0;7;0;0;2;7;15;B01
201100019458;0;30;0;0;2;1;17;A01
201100019459;0;34;0;0;2;8;1;A01
201100019459;1;7;0;0;2;2;12;Z01
201100019460;0;7;0;0;0;8;15;A01
201100019460;0;30;0;0;0;7;17;B01
201100019461;0;32;0;0;2;3;18;A01
201100019461;0;7;0;0;2;2;17;B01
201100019462;1;32;0;0;1;1;0;Z01
201100019463;0;37;0;0;1;0;0;A01
201100019464;1;7;0;0;2;1;2;Z01
201100019464;0;7;0;0;2;4;23;B01
201100019465;1;7;0;0;1;0;1;Z01
201100019466;0;7;0;2;0;1;14;A01
201100019467;1;7;0;0;1;0;1;Z01
201100019468;1;7;0;0;1;0;1;Z01
201100019469;1;7;0;0;2;0;1;Z01
201100019469;0;7;0;0;2;0;1;B01
201100019470;1;7;0;0;1;1;1;Z01
201100019471;0;33;0;0;2;1;1;B01
201100019471;0;7;0;0;2;3;0;A01
201100019472;0;30;0;14;0;8;1;A01
201100019473;0;7;0;0;1;7;1;A01
201100019474;0;7;0;0;2;8;1;A01
201100019474;0;33;0;0;2;1;1;B01
201100019475;0;7;0;0;1;4;0;A01
201100019476;0;2;0;0;2;0;0;B01
201100019476;0;7;0;0;2;7;0;A01
201100019477;0;7;0;0;2;1;16;A01
201100019477;0;32;0;0;2;8;1;B01
201100019478;0;3;0;0;2;5;16;B01
201100019478;0;7;0;0;2;1;7;A01
201100019479;0;33;0;8;0;1;0;A01
201100019480;0;7;0;0;0;3;15;A01
201100019480;0;33;0;12;0;7;1;B01
201100019481;0;7;0;0;2;2;1;B01
201100019481;1;2;0;0;2;0;15;Z01
201100019482;0;33;0;0;2;7;17;A01
201100019482;0;7;0;0;2;8;15;B01
201100019482;0;7;0;0;2;2;1;C01
201100019483;0;7;0;0;2;7;19;A01
201100019483;0;7;0;0;2;1;1;B01
201100019484;0;34;0;0;2;1;1;A01
201100019484;1;7;0;0;2;0;15;Z01
201100019485;0;7;0;0;2;8;1;B01
201100019485;1;7;0;0;2;2;1;Z01
201100019486;0;7;0;0;1;2;0;A01
201100019487;0;7;0;0;2;0;0;B01
201100019487;0;1;0;0;2;0;0;A01
201100019488;1;7;0;0;2;0;0;Z01
201100019488;0;33;0;0;2;0;0;B01
201100019489;0;7;0;0;2;4;2;E01
201100019489;0;7;0;0;2;1;2;A01
201100019489;0;7;0;0;2;4;2;C01
201100019489;0;7;0;0;2;4;2;F02
201100019489;0;7;0;0;2;4;2;B01
201100019489;0;7;0;0;2;4;2;D01
201100019490;0;7;0;0;1;1;2;A01
201100019491;0;7;0;0;0;4;9;B01
201100019491;0;7;0;0;2;1;2;A01
201100019492;1;7;0;0;0;1;0;A01
201100019492;0;7;0;0;0;8;2;B01
201100019493;0;2;0;1;0;7;1;B01
201100019493;0;7;0;1;0;3;16;A01
201100019494;0;31;0;0;2;1;0;A01
201100019494;0;7;0;0;2;7;0;B01
201100019495;0;7;0;0;2;3;15;B01
201100019495;0;7;0;0;2;3;8;A01
201100019496;0;7;0;0;2;8;1;B01
201100019496;0;7;0;0;2;2;1;A01
201100019497;0;7;0;0;9;1;9;A01
201100019497;0;32;0;0;2;7;1;B01
201100019498;0;7;0;0;0;8;15;A01
201100019498;0;30;0;0;2;1;1;B01
201100019499;0;7;0;1;0;1;2;A01
201100019499;0;7;0;0;0;2;2;C01
201100019499;0;7;0;0;0;4;2;B01
201100019500;1;7;0;0;2;0;0;Z01
201100019500;0;34;0;0;2;0;0;B01
201100019501;0;34;0;0;2;1;0;A01
201100019501;0;7;0;0;2;5;16;B01
201100019502;0;2;0;0;0;1;0;A01
201100019503;0;10;0;0;1;8;1;A01
201100019504;0;1;0;0;2;8;15;A01
201100019504;0;7;0;0;2;5;17;B01
201100019505;0;7;0;0;1;3;0;A01
201100019506;0;32;0;0;2;0;0;B01
201100019506;0;7;0;0;2;0;15;A01
201100019507;0;7;0;0;0;0;15;A01
201100019507;0;30;0;8;0;1;0;B01
201100019508;0;7;0;0;1;4;4;A01
201100019509;0;7;0;0;2;1;1;A01
201100019509;0;7;0;0;2;4;1;B01
201100019510;0;7;0;0;0;7;9;B01
201100019510;0;34;0;0;0;1;7;A01
201100019511;0;7;0;0;2;1;2;B01
201100019511;0;7;0;0;2;2;6;A01
201100019512;0;7;0;0;2;5;1;B01
201100019512;0;32;0;0;2;1;18;A01
201100019513;0;30;0;0;2;0;1;B01
201100019513;1;7;0;0;2;0;13;Z01
201100019514;0;32;0;0;2;4;23;B01
201100019514;0;32;0;0;2;1;21;A01
201100019515;0;7;0;0;2;3;1;B01
201100019515;0;7;0;0;2;1;13;A01
201100019516;0;33;0;0;1;1;1;A01
201100019517;0;7;0;0;2;3;15;B01
201100019517;0;10;0;9;2;2;17;A01
201100019518;0;7;0;0;2;5;9;B01
201100019518;0;7;0;0;2;1;9;A01
201100019519;0;7;0;0;2;1;2;A01
201100019519;0;7;0;0;2;4;2;B01
201100019519;0;7;0;0;2;4;2;C01
201100019520;0;33;0;14;0;1;1;A01
201100019521;0;7;0;0;2;1;19;A01
201100019521;0;7;0;0;2;1;19;B01
201100019522;0;33;0;0;2;7;1;B01
201100019522;1;7;0;0;2;5;10;Z01
201100019523;0;33;0;0;0;0;0;A01
201100019523;0;7;0;0;0;0;0;B01
201100019524;0;30;0;1;0;1;14;A01
201100019525;0;7;0;0;2;3;15;A01
201100019525;0;30;0;0;2;1;1;B01
201100019526;0;7;0;6;0;1;21;B01
201100019526;1;7;0;0;0;0;9;Z01
201100019527;0;7;0;0;2;2;9;A01
201100019527;0;33;0;0;2;7;1;B01
201100019528;0;7;0;0;0;7;1;B01
201100019528;2;7;0;0;2;1;1;A01
201100019529;0;7;0;0;2;6;1;B01
201100019529;0;2;0;0;2;1;11;A01
201100019530;0;7;0;0;0;6;9;B01
201100019530;0;2;0;0;2;1;3;A01
201100019531;1;33;0;0;1;0;0;Z01
201100019532;0;99;0;0;2;6;24;C01
201100019532;0;7;0;1;2;8;17;A01
201100019532;0;13;0;0;2;2;1;B01
201100019533;0;7;0;0;0;1;0;B01
201100019533;0;7;0;0;0;8;1;A01
201100019534;0;7;0;8;0;4;23;B01
201100019534;0;7;0;0;4;1;2;A01
201100019535;1;7;0;0;2;0;15;Z01
201100019535;0;30;0;0;2;2;1;B01
201100019536;0;7;0;0;1;1;10;A01
201100019537;0;10;0;0;1;4;1;A01
201100019538;0;10;0;0;2;4;2;C01
201100019538;0;7;0;0;2;4;2;B01
201100019538;0;7;0;0;2;1;1;A01
201100019539;0;7;0;0;1;2;0;A01
201100019540;0;30;0;0;1;1;1;A01
201100019541;0;7;0;0;1;3;1;A01
201100019542;0;7;0;0;2;1;1;A01
201100019542;0;10;0;6;2;9;1;B01
201100019543;0;33;0;0;2;6;1;B01
201100019543;0;99;0;0;2;2;6;A01
201100019544;0;7;0;0;2;4;2;B01
201100019544;0;7;0;0;2;1;2;A01
201100019545;0;34;0;0;2;1;1;B01
201100019545;0;7;0;0;2;5;1;A01
201100019546;0;10;0;0;2;3;20;C01
201100019546;0;33;0;0;2;3;2;A01
201100019546;0;10;0;0;2;5;1;B01
201100019547;0;30;0;0;2;0;1;A01
201100019548;0;2;0;0;2;1;13;B01
201100019548;0;7;0;0;2;2;11;A01
201100019549;0;34;0;0;2;1;2;B01
201100019549;0;7;0;0;2;8;9;A01
201100019550;0;37;0;0;2;3;1;B01
201100019550;1;7;0;0;2;5;16;Z01
201100019551;0;33;0;0;2;1;1;B01
201100019551;1;7;0;0;2;2;10;Z01
201100019552;0;32;0;13;0;1;0;A01
201100019553;0;34;0;0;0;2;17;B01
201100019553;0;7;0;0;2;3;15;A01
201100019554;0;7;0;0;2;6;2;A01
201100019554;0;33;0;0;2;0;2;B01
201100019555;1;30;0;0;2;7;15;Z01
201100019555;0;34;0;0;2;1;1;B01
201100019556;1;7;0;0;2;1;2;Z01
201100019556;0;33;0;0;2;4;23;B01
201100019557;0;7;0;1;0;8;1;A01
201100019558;0;33;0;0;0;0;0;A01
201100019559;0;32;0;0;2;1;1;B01
201100019559;0;7;0;0;2;2;0;A01
201100019560;0;7;0;0;2;0;0;A01
201100019560;0;7;0;0;2;0;0;B01
201100019561;0;33;0;0;2;1;2;A01
201100019561;0;7;0;0;2;5;1;B01
201100019562;0;30;0;0;2;1;17;A01
201100019562;0;7;0;0;2;8;15;B01
201100019563;0;30;0;0;0;0;0;A01
201100019564;0;7;0;0;2;7;12;A01
201100019564;0;31;0;0;2;8;1;B01
201100019565;0;7;0;0;1;4;4;A01
201100019566;0;7;0;0;2;1;15;B01
201100019566;0;30;0;0;2;2;1;A01
201100019567;0;33;0;0;2;1;17;A01
201100019567;0;7;0;0;2;8;13;B01
201100019568;0;7;0;0;1;1;0;A01
201100019569;0;7;0;0;0;1;1;A01
201100019570;0;30;0;0;2;1;17;A01
201100019570;0;7;0;0;0;8;15;B01
201100019571;0;30;0;0;2;1;0;B01
201100019571;0;7;0;0;2;5;10;A01
201100019572;0;7;0;0;0;4;2;C01
201100019572;0;7;0;0;2;4;2;B01
201100019572;0;10;0;0;2;1;2;A01
201100019573;0;32;0;0;0;7;1;B01
201100019573;0;7;0;0;0;0;9;A01
201100019574;0;7;0;0;0;4;23;B01
201100019574;0;30;0;0;0;0;2;A01
201100019575;0;7;0;0;0;2;0;A01
201100019575;0;1;0;0;0;1;1;B01
201100019576;0;7;0;12;2;9;1;A01
201100019576;1;7;0;0;2;1;1;Z01
201100019577;0;30;0;0;0;0;0;A01
201100019578;0;7;0;0;2;4;23;B01
201100019578;0;33;0;0;2;1;1;A01
201100019579;0;7;0;0;1;1;1;A01
201100019580;0;33;0;0;0;0;0;A01
201100019581;0;31;0;0;2;0;0;B01
201100019581;0;7;0;0;0;0;0;A01
201100019582;0;30;0;0;1;1;1;A01
201100019583;0;7;0;0;2;6;1;A01
201100019583;0;7;0;0;0;3;1;C01
201100019583;0;7;0;0;0;1;1;D01
201100019583;0;7;0;0;0;8;1;B01
201100019584;0;7;0;0;2;1;2;B01
201100019584;0;7;0;0;2;1;1;A01
201100019584;0;7;0;0;2;4;2;C01
201100019585;0;30;0;0;2;3;21;A01
201100019585;0;7;0;0;0;3;1;B01
201100019586;0;7;0;0;0;3;1;B01
201100019586;0;7;0;0;0;7;16;A01
201100019587;0;7;0;0;2;1;15;B01
201100019587;0;7;0;0;2;2;1;A01
201100019588;0;7;0;0;2;1;23;A01
201100019588;0;7;0;0;2;4;23;C01
201100019588;0;7;0;0;2;4;23;B01
201100019589;0;7;0;0;1;3;8;A01
201100019590;0;7;0;0;2;3;1;B01
201100019590;0;7;0;0;2;1;9;A01
201100019591;0;32;0;0;1;1;17;A01
201100019592;0;7;0;0;0;6;23;B01
201100019592;0;7;0;0;2;2;21;A01
201100019593;0;7;0;0;2;8;15;A01
201100019593;0;1;0;0;2;4;1;B01
201100019594;0;7;0;0;0;0;0;C01
201100019594;0;7;0;0;2;0;0;B01
201100019594;0;1;0;2;2;0;0;A01
201100019595;0;7;0;0;1;1;1;A01
201100019596;0;7;0;0;2;3;9;C01
201100019596;0;7;0;1;2;1;2;A01
201100019596;0;7;0;0;2;6;1;B01
201100019597;0;7;0;6;0;1;2;A01
201100019598;0;7;0;0;1;1;1;A01
201100019599;0;7;0;0;0;4;1;A01
201100019599;0;7;0;0;2;1;2;B01
201100019600;0;37;1;0;2;2;2;B01
201100019600;0;32;0;0;9;8;18;A01
201100019601;0;30;0;1;0;1;2;A01
201100019602;0;7;0;0;1;3;7;A01
201100019603;1;7;0;0;0;0;0;Z01
201100019603;0;33;0;0;2;4;0;B01
201100019604;0;33;0;0;2;1;2;A01
201100019604;0;33;0;0;0;4;2;B01
201100019605;0;7;0;0;2;2;2;A01
201100019605;0;10;0;0;2;4;0;B01
201100019606;0;7;0;15;1;3;24;A01
201100019607;0;1;0;0;0;1;2;B01
201100019607;0;7;0;0;2;5;23;A01
201100019608;1;7;0;0;1;1;1;Z01
201100019609;0;7;0;0;0;5;4;A01
201100019609;0;32;0;0;0;1;14;B01
201100019610;0;30;0;0;2;0;0;A01
201100019610;0;32;0;0;2;0;0;B01
201100019611;0;31;0;0;2;0;0;B01
201100019611;0;7;0;0;0;0;0;A01
201100019612;0;7;0;0;2;0;0;A01
201100019612;0;7;0;0;2;2;0;B01
201100019613;0;32;0;0;0;3;1;A01
201100019613;0;7;0;0;0;2;20;B01
201100019614;0;7;0;0;2;1;1;A01
201100019614;0;7;0;0;1;5;1;B01
201100019615;0;33;0;11;0;1;1;A01
201100019616;0;7;0;0;1;2;2;A01
201100019617;0;7;0;0;1;1;1;A01
201100019618;0;7;0;0;2;4;2;A01
201100019618;0;7;0;0;2;1;2;B01
201100019619;0;10;0;0;2;1;2;A01
201100019619;0;7;0;0;2;4;23;B01
201100019619;0;7;0;0;2;4;2;C01
201100019620;0;7;0;0;2;1;1;B01
201100019620;0;7;0;0;2;2;15;A01
201100019621;0;7;0;0;2;2;12;A01
201100019621;0;30;0;0;2;1;2;B01
201100019622;0;7;0;0;1;4;4;A01
201100019623;0;7;0;0;2;3;1;B01
201100019623;0;10;0;0;2;1;0;A01
201100019624;1;34;0;0;2;1;0;Z01
201100019624;0;7;0;0;2;2;15;B01
201100019625;1;2;0;0;1;1;1;Z01
201100019626;1;7;0;0;1;1;1;Z01
201100019627;0;32;0;0;2;7;1;B01
201100019627;1;7;0;0;2;4;4;Z01
201100019628;0;10;0;0;2;4;2;B01
201100019628;0;7;0;0;2;1;2;A01
201100019629;0;7;0;0;2;2;2;A01
201100019629;0;7;0;0;2;5;2;B01
201100019630;0;7;0;14;0;4;2;C01
201100019630;0;7;0;0;0;4;2;D01
201100019630;0;7;0;14;0;4;2;B01
201100019630;0;10;0;14;0;1;2;A01
201100019631;0;33;0;0;2;1;1;B01
201100019631;0;7;0;0;2;1;15;A01
201100019632;0;1;0;0;2;1;16;A01
201100019632;0;7;0;0;2;2;1;B01
201100019633;0;7;0;0;2;5;2;B01
201100019633;0;7;0;0;2;1;2;A01
201100019634;0;7;0;0;2;1;1;B01
201100019634;0;1;0;0;2;1;5;A01
201100019635;0;13;0;0;2;8;1;B01
201100019635;0;7;0;0;2;7;17;A01
201100019636;0;7;0;0;1;8;2;A01
201100019637;0;34;0;12;0;7;1;A01
201100019638;0;7;0;0;2;7;9;A01
201100019638;0;7;0;0;2;1;2;B01
201100019639;0;32;0;0;2;1;1;A01
201100019639;0;7;0;0;2;1;0;B01
201100019640;0;32;0;0;2;1;2;A01
201100019640;0;7;0;0;2;3;15;B01
201100019641;0;32;0;0;2;2;17;B01
201100019641;0;7;0;0;2;8;15;A01
201100019642;0;32;0;0;2;7;17;A01
201100019642;0;7;0;0;2;3;15;B01
201100019643;0;10;0;0;0;4;2;B01
201100019643;0;7;0;0;0;1;2;A01
201100019644;0;7;0;1;2;3;9;A01
201100019644;0;32;0;0;2;1;1;B01
201100019644;0;7;0;0;2;2;2;C01
201100019645;0;13;0;14;0;1;0;A01
201100019646;0;7;0;0;2;2;14;A01
201100019646;0;34;0;0;2;8;2;B01
201100019647;0;7;0;0;1;3;15;A01
201100019648;0;1;0;0;2;3;2;A01
201100019648;0;7;0;0;2;2;15;B01
201100019649;0;30;0;0;2;8;6;B01
201100019649;0;7;0;0;2;1;6;A01
201100019650;0;7;0;0;2;2;20;A01
201100019650;0;32;0;0;2;7;17;B01
201100019651;0;7;0;0;2;5;15;A01
201100019651;0;33;0;0;2;1;1;B01
201100019652;0;7;0;6;0;1;14;A01
201100019653;1;7;0;1;0;0;0;Z01
201100019654;1;7;0;0;0;0;1;Z01
201100019654;0;31;0;0;0;0;1;B01
201100019655;1;7;0;0;1;1;1;Z01
201100019656;1;10;0;0;2;1;2;Z01
201100019656;0;7;0;0;2;4;23;B01
201100019657;0;33;0;0;1;0;21;A01
201100019658;0;33;0;0;2;1;5;A01
201100019658;0;7;0;0;2;3;15;B01
201100019659;0;7;0;0;2;7;12;A01
201100019659;0;7;0;0;2;4;2;C01
201100019659;0;38;32;0;2;1;7;B01
201100019660;0;7;0;0;2;1;0;A01
201100019660;0;7;0;0;2;7;0;B01
201100019661;0;7;0;0;1;7;1;A01
201100019662;0;33;0;0;2;1;13;A01
201100019662;0;7;0;0;2;3;1;B01
201100019663;0;7;0;0;1;0;0;A01
201100019664;0;7;0;0;2;3;9;B01
201100019664;0;7;0;0;2;0;1;A01
201100019665;0;7;0;0;2;1;14;A01
201100019666;0;7;0;0;2;8;0;A01
201100019666;0;30;0;0;2;1;0;B01
201100019667;0;7;0;0;2;1;23;C01
201100019667;0;33;0;0;2;1;1;A01
201100019667;0;7;0;0;2;3;15;B01
201100019668;0;7;0;0;0;6;0;A01
201100019668;1;7;0;0;2;1;2;Z01
201100019669;0;7;0;0;2;2;9;A01
201100019669;0;33;0;0;2;3;1;B01
201100019669;0;7;0;0;2;5;1;C01
201100019670;0;3;0;0;0;4;2;B01
201100019670;0;10;0;0;2;1;0;A01
201100019671;0;32;0;0;2;1;1;B01
201100019671;0;7;0;0;2;7;15;A01
201100019672;0;7;0;0;1;2;1;A01
201100019673;0;7;0;1;0;8;15;A01
201100019673;0;32;0;0;2;1;2;B01
201100019674;0;7;0;0;2;6;15;B01
201100019674;0;2;0;12;2;2;17;A01
201100019675;0;33;0;0;2;2;17;B01
201100019675;0;32;0;0;2;3;15;A01
201100019675;0;7;0;0;2;2;24;C01
201100019676;0;7;0;0;0;2;23;C01
201100019676;0;32;0;15;2;3;18;A01
201100019676;0;7;0;0;0;5;23;B01
201100019677;0;34;0;0;0;0;1;A01
201100019678;0;16;0;0;1;2;1;A01
201100019679;0;1;0;0;2;8;23;B01
201100019679;0;7;0;0;0;4;4;A01
201100019680;0;7;0;1;0;1;15;A01
201100019681;0;7;0;0;2;4;0;B01
201100019681;0;7;0;0;2;1;2;A01
201100019682;0;7;0;0;1;7;9;A01
201100019683;0;7;0;0;0;5;0;A01
201100019683;0;32;0;0;0;1;0;B01
201100019684;0;7;0;0;2;1;23;C01
201100019684;0;7;0;0;2;1;15;A01
201100019684;0;7;0;0;2;1;1;B01
201100019685;0;13;0;0;2;7;16;A01
201100019685;0;1;0;0;2;1;1;B01
201100019686;0;30;0;0;0;1;1;A01
201100019687;0;7;0;0;0;5;15;C01
201100019687;0;33;0;0;2;1;1;A01
201100019687;0;7;0;0;2;3;1;B01
201100019688;0;7;0;0;2;8;15;B01
201100019688;0;34;0;0;2;1;17;A01
201100019689;0;7;0;0;0;7;15;A01
201100019689;0;33;0;0;2;1;1;B01
201100019690;0;7;0;0;2;1;15;A01
201100019690;0;30;0;0;2;8;1;B01
201100019691;0;36;0;0;0;0;0;A01
201100019692;0;7;0;12;0;2;0;A01
201100019693;0;7;0;0;0;0;0;B01
201100019693;0;7;0;0;2;0;0;A01
201100019694;0;30;0;0;2;3;11;A01
201100019694;0;34;0;0;2;2;1;B01
201100019695;0;7;0;0;2;5;2;B01
201100019695;0;30;0;0;0;0;0;C01
201100019695;0;34;0;0;2;1;2;A01
201100019696;0;30;0;0;2;2;17;A01
201100019696;0;7;0;0;2;3;15;B01
201100019697;0;7;0;0;1;2;0;A01
201100019698;0;10;0;0;1;5;4;A01
201100019699;0;7;0;0;2;4;2;C01
201100019699;0;7;0;0;2;4;2;B01
201100019699;0;7;0;0;2;1;2;A01
201100019700;0;7;0;0;2;3;15;B01
201100019700;0;30;0;0;2;1;17;A01
201100019701;0;32;0;0;2;0;21;A01
201100019702;0;33;0;0;2;1;3;A01
201100019702;0;7;0;0;0;6;15;B01
201100019703;0;10;0;0;2;1;2;A01
201100019703;0;10;0;0;2;4;23;B01
201100019704;0;32;0;0;2;7;1;B01
201100019704;0;7;0;0;2;1;15;A01
201100019705;1;7;0;1;2;1;1;Z01
201100019705;0;7;0;0;2;4;23;B01
201100019706;0;7;0;0;2;1;1;A01
201100019706;0;7;0;0;2;4;1;B01
201100019707;0;7;0;0;2;5;2;B01
201100019707;0;30;0;0;2;1;2;A01
201100019708;0;7;0;0;0;4;0;B01
201100019708;0;7;0;0;2;1;2;A01
201100019709;0;7;0;0;2;1;15;A01
201100019709;0;32;0;0;2;0;0;B01
201100019709;0;33;0;0;2;8;1;C01
201100019710;0;7;0;0;1;8;1;A01
201100019711;1;7;0;0;1;0;1;Z01
201100019712;0;33;0;0;2;1;7;A01
201100019712;0;7;0;0;2;5;15;B01
201100019713;1;2;0;0;1;3;18;Z01
201100019714;0;30;0;0;0;1;1;A01
201100019714;0;7;0;0;0;2;1;B01
201100019715;0;7;0;0;2;3;2;A01
201100019715;0;7;0;0;0;5;23;B01
201100019716;0;7;0;0;1;0;1;A01
201100019717;0;7;0;0;1;1;15;A01
201100019718;0;7;0;0;1;2;1;A01
201100019719;0;2;0;0;2;4;9;A01
201100019719;1;7;0;0;2;1;2;Z01
201100019720;1;7;0;0;2;1;1;Z01
201100019720;0;7;0;0;2;4;23;B01
201100019721;1;7;0;0;2;1;17;Z01
201100019721;0;7;0;0;2;3;0;B01
201100019722;0;7;0;0;2;1;2;A01
201100019722;0;7;0;0;2;4;1;B01
201100019723;0;7;0;0;2;3;1;B01
201100019723;0;14;0;0;2;5;13;A01
201100019724;0;7;0;0;1;1;0;A01
201100019725;0;7;0;0;2;3;0;B01
201100019725;0;1;0;0;2;7;1;A01
201100019726;0;7;0;0;1;1;1;A01
201100019727;0;7;0;3;0;3;1;A01
201100019728;0;7;0;0;2;7;14;A01
201100019728;0;37;4;0;2;3;2;B01
201100019729;0;7;0;0;2;4;2;B01
201100019729;0;7;0;0;2;1;2;A01
201100019729;0;7;0;0;2;4;2;C01
201100019730;0;7;0;0;1;2;0;A01
201100019731;0;30;0;0;2;1;13;B01
201100019731;0;7;0;0;2;6;15;A01
201100019732;0;7;0;0;2;1;2;A01
201100019732;0;7;0;0;2;4;2;B01
201100019732;0;7;0;0;2;4;2;C01
201100019732;0;7;0;0;2;4;2;D01
201100019733;0;33;0;0;0;7;2;B01
201100019733;0;10;0;0;2;1;2;A01
201100019734;0;13;0;0;2;1;2;A01
201100019734;0;7;0;0;2;4;2;B01
201100019735;0;33;0;0;2;1;2;B01
201100019735;0;7;0;0;2;3;15;A01
201100019736;0;10;0;0;2;3;2;A01
201100019736;0;7;0;0;2;1;19;B01
201100019737;0;7;0;0;2;1;1;A01
201100019737;0;7;0;0;2;4;1;B01
201100019738;0;7;0;0;2;2;10;A01
201100019738;0;34;0;0;2;1;1;B01
201100019739;0;32;0;0;2;1;1;B01
201100019739;0;7;0;0;2;3;15;A01
201100019740;0;7;0;8;0;8;0;A01
201100019741;0;7;0;0;2;3;15;A01
201100019741;0;7;0;0;2;3;1;B01
201100019742;0;7;0;0;2;8;0;B01
201100019742;0;17;0;0;2;1;2;A01
201100019743;0;7;0;0;0;7;2;A01
201100019743;0;33;0;0;2;1;14;B01
201100019744;0;7;0;0;2;2;10;A01
201100019744;0;7;0;0;0;3;2;B01
201100019745;0;7;0;1;0;3;15;A01
201100019745;0;33;0;0;2;1;1;B01
201100019746;0;7;0;0;2;3;15;A01
201100019746;0;33;0;0;2;1;2;B01
201100019747;0;7;0;0;2;1;0;B01
201100019747;0;7;0;8;2;8;0;A01
201100019748;0;7;0;0;2;1;11;B01
201100019748;0;33;0;0;2;1;11;A01
201100019749;0;7;0;0;1;2;2;A01
201100019750;0;7;0;0;2;2;1;B01
201100019750;0;30;0;0;2;1;1;A01
201100019751;0;7;0;0;0;4;2;B01
201100019751;0;7;0;0;2;1;2;A01
201100019752;0;7;0;0;2;1;2;A01
201100019752;0;7;0;0;0;4;2;C01
201100019752;0;31;0;0;2;4;2;B01
201100019753;0;34;0;1;2;1;2;B01
201100019753;0;3;0;0;2;3;15;A01
201100019754;0;34;0;0;1;1;0;A01
201100019755;1;7;0;0;1;0;10;Z01
201100019756;0;10;0;0;2;1;0;A01
201100019756;0;10;0;0;2;4;0;B01
201100019757;0;38;1;0;2;7;1;B01
201100019757;0;7;0;0;2;3;0;A01
201100019758;0;33;0;0;2;1;2;B01
201100019758;0;7;0;0;2;3;10;A01
201100019759;0;7;0;0;0;7;15;A01
201100019759;0;7;0;0;0;3;1;B01
201100019760;0;30;0;0;2;1;1;B01
201100019760;0;7;0;0;2;3;15;A01
201100019761;0;30;0;0;0;0;21;A01
201100019762;0;7;0;0;2;9;1;C01
201100019762;0;7;0;0;2;5;2;B01
201100019762;0;7;0;0;2;1;1;A01
201100019763;0;32;0;0;2;1;17;B01
201100019763;0;7;0;0;2;8;15;A01
201100019764;0;2;0;0;2;3;1;B01
201100019764;0;7;0;0;2;1;15;A01
201100019765;0;7;0;0;2;4;2;B01
201100019765;0;10;0;0;2;1;2;A01
201100019766;0;7;0;0;0;1;0;B01
201100019766;0;7;0;8;0;2;0;A01
201100019767;0;7;0;0;2;3;1;A01
201100019767;0;7;0;0;2;8;15;B01
201100019768;0;2;0;0;1;1;18;A01
201100019769;0;33;0;0;1;7;3;A01
201100019769;0;7;0;0;2;3;23;B01
201100019770;0;7;0;0;2;1;15;A01
201100019770;0;33;0;0;2;1;1;B01
201100019771;0;32;0;0;2;5;1;A01
201100019771;1;7;0;0;2;0;11;Z01
201100019772;0;7;0;0;2;7;1;B01
201100019772;0;7;0;0;2;1;16;A01
201100019773;1;7;0;0;2;3;15;Z01
201100019773;0;31;0;1;2;2;1;A01
201100019774;0;33;0;15;0;7;1;A01
201100019775;0;30;0;0;2;2;0;A01
201100019776;0;31;0;0;2;1;17;A01
201100019776;0;7;0;0;2;6;15;B01
201100019777;0;30;0;0;2;1;17;B01
201100019777;1;7;0;0;2;8;15;Z01
201100019778;0;7;0;0;2;0;1;B01
201100019778;0;7;0;0;2;0;1;A01
201100019779;0;7;0;0;0;7;19;A01
201100019779;0;7;0;0;0;1;0;B01
201100019780;1;7;0;0;1;4;4;Z01
201100019781;0;7;0;0;2;1;2;A01
201100019781;0;7;0;0;0;4;2;B01
201100019782;0;7;0;0;2;1;2;A01
201100019782;0;7;0;0;0;4;1;B01
201100019783;0;7;0;0;2;5;16;B01
201100019783;0;30;0;0;2;1;0;A01
201100019784;0;7;0;0;1;1;15;A01
201100019785;0;7;0;10;0;1;1;A01
201100019786;0;7;0;0;0;6;1;B01
201100019786;0;32;0;0;2;1;16;A01
201100019787;0;32;0;0;2;3;18;A01
201100019787;0;7;0;0;2;2;1;B01
201100019788;0;7;0;0;2;7;15;A01
201100019788;0;30;0;0;2;1;1;B01
201100019789;0;7;0;0;2;3;6;A01