num_acc;senc;catv;occutc;obs;obsm;choc;manv;num_veh
201100019789;0;33;0;0;2;7;1;B01
201100019790;0;7;0;0;2;1;2;A01
201100019790;0;32;0;0;2;4;2;B01
201100019791;0;7;0;15;2;7;15;B01
201100019791;0;7;0;0;2;1;2;A01
201100019792;0;15;0;0;2;3;11;A01
201100019792;0;34;0;0;2;2;1;B01
201100019793;0;7;0;0;2;2;2;A01
201100019793;0;33;0;0;2;6;2;B01
201100019794;0;7;0;0;1;2;17;A01
201100019795;0;7;0;0;2;7;15;A01
201100019795;0;32;0;0;2;1;1;B01
201100019796;0;2;0;0;2;0;0;B01
201100019796;1;7;0;0;0;0;0;Z01
201100019797;1;7;0;0;1;0;15;Z01
201100019798;1;10;0;0;2;0;5;Z01
201100019798;0;7;0;0;2;3;1;B01
201100019799;0;30;0;0;9;0;15;A01
201100019800;0;7;0;0;2;8;1;B01
201100019800;0;7;0;0;2;1;19;A01
201100019801;0;33;0;0;2;1;17;A01
201100019801;0;7;0;0;2;3;19;B01
201100019802;0;7;0;0;2;1;15;A01
201100019802;0;33;0;0;2;1;2;B01
201100019803;0;7;0;13;0;7;20;A01
201100019804;0;7;0;0;0;0;2;A01
201100019804;0;33;0;0;2;0;2;B01
201100019805;0;7;0;12;0;2;2;A01
201100019806;0;33;0;7;0;1;13;A01
201100019807;0;7;0;8;0;8;0;A01
201100019808;0;7;0;0;2;1;2;A01
201100019808;0;7;0;0;0;4;2;B01
201100019809;0;7;0;0;2;2;12;A01
201100019809;0;7;0;0;2;8;1;B01
201100019810;0;7;0;0;2;3;9;A01
201100019810;0;34;0;0;2;1;17;B01
201100019811;0;7;0;0;2;7;16;B01
201100019811;0;33;0;0;2;8;1;A01
201100019812;0;30;0;0;2;6;1;A01
201100019812;0;7;0;0;2;3;15;B01
201100019813;0;30;0;0;2;4;2;B01
201100019813;0;34;0;0;2;1;2;A01
201100019814;0;7;0;0;2;1;2;A01
201100019814;0;7;0;0;2;4;2;B01
201100019815;0;2;0;0;2;1;1;B01
201100019815;0;7;0;0;2;2;1;A01
201100019816;0;7;0;0;1;3;1;A01
201100019817;0;30;0;0;2;2;1;A01
201100019817;0;7;0;0;2;3;16;B01
201100019818;0;7;0;0;1;0;0;A01
201100019819;0;7;0;0;2;1;2;A01
201100019819;0;3;0;0;2;4;2;B01
201100019820;0;32;0;0;2;1;5;A01
201100019820;0;7;0;0;2;1;1;B01
201100019821;0;34;0;0;2;1;2;A01
201100019821;0;7;0;0;0;3;1;B01
201100019822;0;30;0;0;2;1;1;B01
201100019822;0;7;0;0;2;8;10;A01
201100019823;0;34;0;0;2;8;21;A01
201100019823;0;7;0;0;0;0;19;B01
201100019824;0;32;0;0;2;1;1;A01
201100019824;0;31;0;0;2;1;1;B01
201100019825;0;7;0;0;2;7;1;A01
201100019825;0;32;0;0;2;1;1;B01
201100019826;0;7;0;0;2;7;16;B01
201100019826;0;7;0;8;2;3;2;A01
201100019827;0;30;0;0;0;1;0;A01
201100019827;0;7;0;0;0;7;16;B01
201100019828;0;2;0;0;0;0;1;A01
201100019829;0;33;0;0;2;2;1;B01
201100019829;0;7;0;0;2;3;15;A01
201100019830;0;7;0;0;1;2;1;A01
201100019831;0;7;0;0;2;2;1;A01
201100019831;0;34;0;0;2;8;1;B01
201100019832;0;33;0;0;2;1;2;A01
201100019832;0;7;0;0;2;5;2;B01
201100019833;1;7;0;0;1;1;0;Z01
201100019834;0;30;0;0;0;1;0;A01
201100019835;0;30;0;0;1;1;0;B01
201100019836;2;7;0;0;2;0;4;A01
201100019836;0;30;0;0;2;1;2;B01
201100019837;0;7;0;0;1;2;1;A01
201100019838;0;7;0;0;1;1;15;A01
201100019839;0;7;0;0;2;3;1;B01
201100019839;0;7;0;0;2;3;13;A01
201100019840;1;7;0;0;1;1;1;Z01
201100019841;0;10;0;0;1;4;20;A01
201100019842;0;7;0;0;2;3;23;B01
201100019842;0;30;0;11;2;7;17;A01
201100019843;0;7;0;0;2;4;4;C01
201100019843;0;7;0;0;2;1;1;A01
201100019843;0;7;0;0;2;4;1;B01
201100019844;0;7;0;0;2;3;2;B01
201100019844;0;7;0;0;2;2;2;A01
201100019845;0;32;0;0;2;4;23;B01
201100019845;0;32;0;0;2;4;23;C01
201100019845;0;10;0;0;2;3;1;A01
201100019846;0;7;0;0;2;1;5;A01
201100019846;0;7;0;0;2;3;21;B01
201100019847;1;30;0;0;1;1;1;Z01
201100019848;0;31;0;0;2;1;1;A01
201100019848;1;7;0;0;2;8;10;Z01
201100019849;1;7;0;0;2;4;4;Z01
201100019849;0;30;0;0;2;0;1;B01
201100019850;0;30;0;0;2;0;2;A01
201100019850;0;7;0;0;2;6;2;B01
201100019851;0;2;0;0;2;3;11;A01
201100019851;0;7;0;0;2;8;11;B01
201100019852;0;7;0;0;2;3;10;A01
201100019852;0;33;0;0;2;7;17;B01
201100019853;0;32;0;0;0;7;17;A01
201100019853;0;7;0;0;0;8;15;B01
201100019854;0;37;3;0;0;4;2;B01
201100019854;0;7;0;0;2;1;2;A01
201100019855;0;13;0;0;2;1;1;A01
201100019855;0;7;0;0;2;4;1;B01
201100019856;0;7;0;0;2;4;1;B01
201100019856;0;2;0;0;2;1;1;A01
201100019857;0;30;0;0;2;1;1;B01
201100019857;0;7;0;0;2;2;15;A01
201100019858;1;7;0;0;2;0;0;Z01
201100019858;0;32;0;8;2;1;1;A01
201100019859;0;34;0;0;2;8;18;A01
201100019859;0;7;0;0;2;2;20;B01
201100019860;0;7;0;0;2;3;1;B01
201100019860;0;33;0;0;2;2;12;A01
201100019861;0;7;0;0;1;1;1;A01
201100019862;0;7;0;0;1;0;20;A01
201100019863;0;7;0;0;2;7;2;B01
201100019863;0;2;0;0;2;1;1;A01
201100019864;1;30;0;0;2;1;1;Z01
201100019864;0;7;0;0;0;3;1;B01
201100019865;0;7;0;0;2;6;15;B01
201100019865;0;32;0;0;2;1;2;A01
201100019866;0;7;0;0;2;1;1;B01
201100019866;0;7;0;0;2;7;19;A01
201100019867;0;7;0;0;2;1;9;A01
201100019867;0;7;0;0;2;3;1;B01
201100019868;0;1;0;0;2;1;1;B01
201100019868;0;7;0;0;2;1;1;A01
201100019869;0;33;0;0;2;1;5;B01
201100019869;1;7;0;0;2;1;5;Z01
201100019870;0;34;0;9;0;1;0;A01
201100019871;0;32;0;12;0;3;1;A01
201100019872;0;32;0;0;2;1;21;B01
201100019872;0;7;0;0;2;3;20;A01
201100019873;0;7;0;0;1;1;0;A01
201100019874;0;30;0;0;2;6;1;B01
201100019874;0;7;0;0;2;2;15;A01
201100019875;0;30;0;0;2;1;3;B01
201100019875;0;7;0;0;2;2;5;A01
201100019875;0;3;0;0;2;1;23;C01
201100019876;0;7;0;0;2;0;0;B01
201100019876;1;7;0;0;2;0;0;Z01
201100019877;0;7;0;0;2;5;16;B01
201100019877;0;33;0;0;2;2;1;A01
201100019878;1;7;0;0;0;0;0;Z01
201100019879;0;7;0;0;2;7;0;A01
201100019879;0;7;0;0;2;7;0;B01
201100019880;0;7;0;0;2;1;10;Z01
201100019880;0;34;0;0;2;1;2;B01
201100019881;1;7;0;0;2;2;16;Z01
201100019881;0;1;0;0;2;0;1;B01
201100019882;0;7;0;0;1;0;0;A01
201100019883;0;7;0;0;2;7;1;A01
201100019884;0;7;0;0;2;4;23;B01
201100019884;0;30;0;0;2;1;2;A01
201100019885;0;7;0;0;2;3;1;B01
201100019885;0;32;0;1;2;1;17;A01
201100019886;1;99;0;0;9;0;0;Z01
201100019886;0;31;0;0;9;0;21;A01
201100019887;0;30;0;0;2;1;17;A01
201100019887;0;7;0;0;2;8;15;B01
201100019888;0;33;0;0;2;8;1;C01
201100019888;0;32;0;14;2;7;17;A01
201100019888;0;7;0;0;2;3;1;B01
201100019889;0;7;0;0;2;2;0;B01
201100019889;0;32;0;0;2;1;9;A01
201100019890;0;30;0;0;2;8;15;B01
201100019890;0;30;0;0;2;1;1;A01
201100019891;0;2;0;0;2;1;1;A01
201100019891;0;7;0;0;2;4;0;B01
201100019892;0;33;0;0;2;4;9;B01
201100019892;0;7;0;0;2;2;9;A01
201100019893;0;7;0;0;1;2;1;A01
201100019894;0;7;0;0;2;3;19;A01
201100019894;0;32;0;0;2;1;1;B01
201100019895;0;7;0;0;2;6;15;A01
201100019895;0;33;0;0;2;2;17;B01
201100019896;1;7;0;0;2;1;2;Z01
201100019896;0;7;0;0;2;4;23;A01
201100019897;1;7;0;0;1;0;1;Z01
201100019898;0;31;0;0;9;1;11;A01
201100019899;0;7;0;0;2;2;9;A01
201100019899;0;34;0;1;2;1;1;B01
201100019900;0;7;0;0;2;1;2;A01
201100019900;0;7;0;0;2;4;2;B01
201100019901;0;31;0;0;0;1;17;A01
201100019902;0;7;0;0;2;6;15;B01
201100019902;0;30;0;0;2;1;17;A01
201100019903;0;30;0;1;0;2;17;B01
201100019903;0;7;0;0;0;3;13;A01
201100019904;0;7;0;0;1;4;4;A01
201100019905;0;7;0;0;1;1;2;A01
201100019906;0;7;0;0;2;3;15;A01
201100019906;0;34;0;0;2;7;17;B01
201100019907;0;7;0;0;0;5;11;B01
201100019907;0;32;0;0;2;1;8;A01
201100019908;0;7;0;0;1;1;1;A01
201100019909;0;7;0;0;2;1;2;A01
201100019909;0;7;0;8;2;4;2;B01
201100019910;1;7;0;0;2;0;1;Z01
201100019910;0;1;0;0;2;4;1;B01
201100019911;0;7;0;0;2;3;2;Z01
201100019911;0;30;0;0;2;1;0;A01
201100019912;0;7;0;0;2;0;0;B01
201100019912;1;7;0;0;2;0;0;Z01
201100019913;0;7;0;0;1;1;0;A01
201100019914;1;7;0;0;2;1;0;Z01
201100019914;0;34;0;0;2;4;1;A01
201100019915;0;7;0;0;2;3;1;B01
201100019915;0;7;0;0;2;1;9;A01
201100019916;0;7;0;0;2;3;15;A01
201100019916;0;33;0;0;2;1;17;B01
201100019917;0;7;0;1;0;3;1;A01
201100019918;0;7;0;0;1;2;1;A01
201100019919;0;30;0;0;2;3;1;A01
201100019919;0;7;0;0;2;7;16;B01
201100019920;0;7;0;0;2;7;12;B01
201100019920;0;32;0;0;2;8;7;A01
201100019921;0;31;0;0;2;4;1;B01
201100019921;0;7;0;0;2;1;1;A01
201100019922;0;7;0;0;2;6;2;B01
201100019922;0;7;0;0;2;2;2;A01
201100019923;0;2;0;0;2;1;1;B01
201100019923;0;3;0;0;2;1;1;A01
201100019924;1;7;0;0;2;1;2;Z01
201100019924;0;30;0;0;0;4;2;A01
201100019925;0;7;0;0;2;3;15;A01
201100019925;0;32;0;0;2;1;15;B01
201100019926;0;7;0;0;1;1;9;A01
201100019927;0;13;0;0;1;2;0;A01
201100019928;0;1;0;0;2;1;1;A01
201100019928;0;7;0;0;2;1;1;B01
201100019929;0;33;0;0;0;4;2;B01
201100019929;0;7;0;0;2;1;2;A01
201100019930;0;7;0;0;2;8;15;B01
201100019930;0;31;0;0;2;2;17;A01
201100019931;0;34;0;1;2;1;21;A01
201100019931;0;7;0;0;0;0;9;C01
201100019932;0;7;0;0;2;3;10;A01
201100019932;0;34;0;0;2;1;2;B01
201100019933;0;7;0;0;1;2;1;A01
201100019934;0;99;0;0;0;3;11;B01
201100019934;0;30;0;0;2;1;2;A01
201100019935;0;32;0;0;0;1;2;A01
201100019936;0;7;0;0;2;4;23;B01
201100019936;0;30;0;0;2;1;1;A01
201100019937;1;30;0;0;0;0;0;Z01
201100019938;0;14;0;0;1;0;1;A01
201100019939;0;7;0;0;1;2;9;A01
201100019940;1;30;0;0;1;1;0;Z01
201100019941;1;7;0;0;1;1;1;Z01
201100019942;0;7;0;0;0;4;2;C01
201100019942;0;7;0;0;2;4;2;B01
201100019942;0;7;0;0;2;1;2;A01
201100019943;0;32;0;0;2;1;1;B01
201100019943;0;7;0;0;2;7;0;A01
201100019944;0;7;0;0;2;1;2;A01
201100019944;0;7;0;0;2;4;2;B01
201100019945;1;2;0;0;1;1;15;Z01
201100019946;0;7;0;0;0;0;1;B01
201100019946;1;7;0;0;0;0;0;Z01
201100019947;1;14;0;0;2;0;1;Z01
201100019947;0;7;0;0;2;0;1;B01
201100019948;0;2;0;0;2;0;1;B01
201100019948;1;7;0;0;2;1;1;Z01
201100019949;0;30;0;0;2;0;1;B01
201100019949;1;7;0;0;2;0;1;Z01
201100019950;0;7;0;0;0;2;5;A01
201100019951;0;7;0;0;1;1;16;A01
201100019952;0;33;0;0;2;1;2;A01
201100019952;0;7;0;0;2;2;1;B01
201100019953;0;7;0;0;2;3;1;B01
201100019953;0;7;0;0;2;3;1;A01
201100019954;0;7;0;0;2;1;1;B01
201100019954;0;7;0;0;2;2;1;A01
201100019955;0;7;0;0;0;1;0;A01
201100019956;0;7;0;0;0;5;1;B01
201100019956;0;30;0;0;2;5;1;A01
201100019957;0;34;0;8;0;1;21;A01
201100019957;1;7;0;0;0;0;0;Z01
201100019958;0;7;0;0;2;8;23;B01
201100019958;0;32;0;0;1;1;17;A01
201100019959;0;30;0;0;2;1;17;A01
201100019959;0;7;0;0;2;8;15;B01
201100019960;0;7;0;0;2;8;7;B01
201100019960;0;10;0;0;2;7;12;A01
201100019961;0;34;0;0;2;7;1;A01
201100019961;0;7;0;0;9;8;23;C01
201100019961;0;7;0;0;2;1;1;B01
201100019962;0;7;0;1;2;1;15;A01
201100019962;0;7;0;0;2;1;1;B01
201100019963;0;10;0;0;2;4;2;B01
201100019963;0;7;0;0;2;1;2;A01
201100019964;1;7;0;0;1;3;1;Z01
201100019965;0;7;0;0;2;4;2;B01
201100019965;0;33;0;0;2;1;2;A01
201100019966;0;7;0;0;2;2;15;A01
201100019966;0;32;0;0;2;1;1;B01
201100019967;0;30;0;0;2;4;2;B01
201100019967;0;17;0;0;2;1;2;A01
201100019968;0;7;0;0;0;2;0;B01
201100019968;0;31;0;0;0;1;0;A01
201100019969;1;7;0;0;2;1;0;Z01
201100019969;0;2;0;0;2;8;0;B01
201100019970;1;37;0;0;2;7;1;Z01
201100019970;0;7;0;0;2;8;24;B01
201100019971;0;7;0;0;1;1;1;A01
201100019972;0;7;0;0;1;1;1;A01
201100019973;0;30;0;0;1;2;1;A01
201100019974;0;34;0;0;2;1;17;B01
201100019974;0;7;0;0;2;6;15;A01
201100019975;0;7;0;0;2;2;2;B01
201100019975;0;7;0;0;2;3;9;A01
201100019976;1;7;0;0;0;0;0;Z01
201100019977;0;7;0;0;0;5;1;B01
201100019977;0;30;0;0;2;3;3;A01
201100019978;1;7;0;0;2;0;5;Z01
201100019978;0;2;0;0;2;1;1;A01
201100019979;0;7;0;14;0;0;2;A01
201100019980;1;34;0;0;1;1;1;Z01
201100019981;0;7;0;0;2;7;20;A01
201100019981;0;33;0;0;2;1;1;B01
201100019982;0;7;0;0;1;4;4;A01
201100019983;0;32;0;0;2;1;2;A01
201100019983;0;7;0;0;0;5;2;B01
201100019984;0;31;0;0;2;1;2;A01
201100019984;0;20;0;0;2;8;2;B01
201100019985;0;30;0;0;0;0;1;A01
201100019986;0;31;0;16;0;1;15;A01
201100019987;0;7;0;0;1;1;15;A01
201100019988;0;7;0;0;1;2;1;A01
201100019989;0;30;0;0;2;6;1;A01
201100019989;1;7;0;0;2;2;16;Z01
201100019990;0;7;0;0;2;8;15;B01
201100019990;0;32;0;0;2;1;17;A01
201100019991;0;7;0;0;1;3;15;A01
201100019992;0;32;0;0;2;1;0;B01
201100019992;0;7;0;0;2;3;15;A01
201100019993;0;7;0;0;2;3;0;A01
201100019993;0;30;0;0;2;1;0;B01
201100019994;0;7;0;0;1;1;1;A01
201100019995;0;7;0;4;2;8;18;A01
201100019995;0;14;0;0;2;1;1;B01
201100019996;0;3;0;0;2;1;2;A01
201100019996;0;7;0;0;2;4;23;B01
201100019997;0;7;0;0;0;3;15;A01
201100019997;0;34;0;0;2;2;1;B01
201100019998;0;33;0;0;0;8;15;A01
201100019998;1;7;0;0;0;1;1;Z01
201100019999;0;7;0;0;2;1;2;A01
201100019999;0;7;0;0;2;1;2;B01
201100020000;0;33;0;0;0;1;1;B01
201100020000;0;7;0;0;0;2;1;A01
201100020001;1;7;0;0;1;0;0;Z01
201100020002;0;2;0;0;2;4;1;B01
201100020002;1;7;0;0;2;1;1;Z01
201100020003;0;34;0;0;2;7;1;A01
201100020003;0;7;0;0;2;1;1;B01
201100020004;0;7;0;0;0;6;1;B01
201100020004;0;30;0;0;0;1;1;A01
201100020005;0;7;0;0;1;2;1;A01
201100020005;0;7;0;0;2;6;1;B01
201100020006;0;7;0;0;0;4;1;B01
201100020006;0;7;0;0;2;1;1;A01
201100020007;0;33;0;0;2;4;2;B01
201100020007;0;7;0;0;2;2;2;A01
201100020008;0;32;0;0;2;1;2;B01
201100020008;0;7;0;0;2;8;10;A01
201100020009;0;7;0;8;0;1;6;A01
201100020010;0;7;0;8;2;2;1;A01
201100020010;0;7;0;0;2;1;0;B01
201100020011;0;7;0;0;2;3;23;C01
201100020011;0;7;0;0;2;2;15;Z01
201100020011;0;7;0;0;2;1;1;B01
201100020012;0;37;1;0;1;2;2;A01
201100020013;0;7;0;0;1;3;1;A01
201100020014;0;33;0;0;2;2;17;A01
201100020014;0;7;0;0;0;6;2;B01
201100020015;0;10;0;0;2;1;15;A01
201100020015;0;2;0;0;2;3;1;B01
201100020016;0;1;0;0;2;0;2;B01
201100020016;2;30;0;0;1;3;2;A01
201100020017;0;7;0;0;2;3;1;A01
201100020017;0;1;0;0;2;1;1;B01
201100020018;0;30;0;0;1;2;10;A01
201100020019;0;7;0;1;2;7;1;B01
201100020019;0;7;0;0;2;1;1;A01
201100020020;0;7;0;1;2;1;1;B01
201100020020;0;7;0;0;2;7;1;A01
201100020021;0;33;0;0;9;7;19;B01
201100020021;0;1;0;0;2;1;0;A01
201100020022;0;7;0;0;2;7;22;B01
201100020022;0;33;0;0;2;7;18;A01
201100020023;0;33;0;0;2;0;1;B01
201100020023;1;7;0;0;2;0;0;Z01
201100020024;1;2;0;0;1;0;1;Z01
201100020025;0;7;0;0;2;5;12;A01
201100020025;0;31;0;0;2;3;1;B01
201100020026;0;33;0;0;2;1;1;A01
201100020026;0;7;0;0;2;3;10;B01
201100020027;0;7;0;0;2;6;23;B01
201100020027;0;30;0;0;2;1;1;A01
201100020028;0;34;0;8;2;1;1;B01
201100020028;0;7;0;0;0;8;19;A01
201100020029;0;7;0;0;2;2;15;B01
201100020029;0;32;0;8;2;8;8;A01
201100020030;0;32;0;0;2;3;1;B01
201100020030;0;33;0;0;2;7;9;A01
201100020031;0;7;0;0;2;3;15;A01
201100020031;1;32;0;0;2;2;17;Z01
201100020032;1;10;0;0;1;1;1;Z01
201100020033;1;33;0;0;2;1;1;Z01
201100020033;0;30;0;0;2;4;0;B01
201100020034;1;31;0;0;1;0;0;Z01
201100020035;0;7;0;2;0;1;15;A01
201100020036;0;7;0;0;1;2;15;A01
201100020037;0;7;0;0;1;1;1;A01
201100020038;0;7;0;0;2;3;19;A01
201100020038;0;7;0;0;2;2;1;B01
201100020039;1;33;0;0;1;0;1;Z01
201100020040;0;30;0;0;2;1;1;B01
201100020040;0;7;0;0;2;1;15;A01
201100020041;1;7;0;0;2;0;0;Z01
201100020041;0;32;0;0;2;0;0;B01
201100020042;0;7;0;0;2;5;15;A01
201100020042;0;33;0;0;2;1;1;B01
201100020043;1;7;0;0;0;0;0;Z01
201100020043;0;7;0;0;2;7;1;A01
201100020044;0;7;0;0;2;1;9;A01
201100020044;0;32;0;0;2;1;0;B01
201100020045;0;7;0;8;0;0;0;A01
201100020046;0;34;0;0;2;1;2;A01
201100020046;0;7;0;0;2;6;2;B01
201100020047;0;30;0;0;2;1;1;A01
201100020047;0;7;0;0;2;3;1;B01
201100020048;0;7;0;1;2;1;13;A01
201100020048;0;7;0;8;0;3;1;B01
201100020049;0;34;0;0;2;7;17;B01
201100020049;0;7;0;0;2;8;20;A01
201100020050;0;40;0;0;1;2;1;A01
201100020051;0;31;0;0;2;1;2;A01
201100020051;0;1;0;0;2;4;2;B01
201100020052;0;7;0;0;2;0;5;C01
201100020052;0;32;0;0;2;1;5;A01
201100020052;0;7;0;0;2;3;5;B01
201100020053;1;7;0;0;1;0;0;Z01
201100020054;1;7;0;0;1;0;1;Z01
201100020055;0;7;0;0;1;1;20;A01
201100020056;0;7;0;0;2;3;5;A01
201100020056;0;7;0;0;0;1;2;B01
201100020057;0;13;0;0;0;0;17;B01
201100020057;0;7;0;6;0;1;21;A01
201100020058;0;2;0;0;2;1;1;A01
201100020058;0;7;0;0;2;3;1;B01
201100020059;1;7;0;0;1;0;0;Z01
201100020060;1;7;0;0;1;0;1;Z01
201100020061;1;10;0;0;2;0;5;Z01
201100020061;0;7;0;0;2;0;1;B01
201100020062;0;1;0;0;2;1;21;B01
201100020062;1;7;0;0;0;0;10;Z01
201100020063;1;7;0;0;0;0;0;Z01
201100020063;0;30;0;0;0;0;0;A01
201100020064;0;7;0;0;2;2;5;A01
201100020064;0;7;0;0;0;6;5;B01
201100020065;0;7;0;8;0;1;0;A01
201100020066;0;7;0;0;2;4;2;B01
201100020066;0;30;0;0;2;1;2;A01
201100020067;0;10;0;0;2;2;2;A01
201100020067;0;7;0;0;0;4;2;B01
201100020068;0;7;0;0;1;8;1;A01
201100020069;0;7;0;0;2;6;15;B01
201100020069;0;33;0;0;2;1;2;A01
201100020070;0;7;0;0;1;3;1;A01
201100020071;0;34;0;0;2;1;1;A01
201100020071;0;10;0;0;2;7;15;B01
201100020072;0;31;0;0;2;9;15;A01
201100020072;0;7;0;1;2;1;1;B01
201100020073;0;7;0;0;2;2;15;B01
201100020073;0;30;0;0;2;3;8;A01
201100020074;0;7;0;0;2;3;15;A01
201100020074;0;32;0;1;2;8;1;B01
201100020075;0;32;0;0;0;0;13;A01
201100020076;0;32;0;0;2;7;1;A01
201100020076;0;7;0;0;2;1;9;B01
201100020077;0;7;0;0;2;1;23;B01
201100020077;0;20;0;0;2;4;4;A01
201100020078;0;33;0;0;2;4;9;B01
201100020078;0;7;0;0;2;1;2;A01
201100020079;0;34;0;0;2;3;7;A01
201100020079;0;7;0;0;2;3;23;B01
201100020080;1;7;0;0;0;1;5;Z01
201100020080;0;34;0;0;2;1;1;A01
201100020081;0;7;0;12;0;1;1;A01
201100020082;0;7;0;0;2;3;1;A01
201100020082;0;7;0;0;2;8;1;B01
201100020083;0;7;0;0;0;7;0;A01
201100020084;0;34;0;0;2;8;0;B01
201100020084;0;7;0;0;2;7;12;A01
201100020085;0;30;0;0;2;1;1;A01
201100020085;1;7;0;0;0;0;1;Z01
201100020086;0;7;0;0;2;2;16;A01
201100020086;0;7;0;15;2;7;1;B01
201100020087;0;7;0;0;2;1;0;C01
201100020087;0;7;0;0;0;1;5;A01
201100020087;0;7;0;0;2;3;0;B01
201100020088;0;7;0;0;2;8;0;B01
201100020088;0;7;0;15;2;3;0;A01
201100020088;0;7;0;0;2;3;0;C01
201100020089;0;7;0;0;1;1;0;A01
201100020090;1;10;0;0;2;2;17;Z01
201100020090;0;7;0;0;2;8;0;B01
201100020091;1;10;0;0;2;7;16;Z01
201100020091;0;1;0;0;2;8;1;B01
201100020092;0;7;0;2;0;7;13;A01
201100020093;1;7;0;0;2;0;15;Z01
201100020093;0;34;0;0;2;1;1;B01
201100020094;1;7;0;0;1;1;1;Z01
201100020095;1;7;0;0;2;1;1;Z01
201100020095;0;7;0;0;2;1;1;B01
201100020096;0;7;0;0;2;3;15;B01
201100020096;0;7;0;15;1;1;17;A01
201100020097;0;7;0;0;1;1;1;A01
201100020098;0;7;0;0;2;3;9;A01
201100020098;0;30;0;0;0;7;9;B01
201100020099;0;7;0;0;2;8;15;B01
201100020099;0;33;0;0;2;1;1;A01
201100020100;0;7;0;0;1;2;1;A01
201100020101;0;7;0;0;1;2;1;A01
201100020102;0;31;0;0;2;1;1;B01
201100020102;0;7;0;0;0;2;15;A01
201100020103;1;7;0;0;2;1;1;Z01
201100020103;0;7;0;0;2;4;23;A01
201100020103;0;7;0;0;2;4;23;B01
201100020104;0;10;0;0;2;8;1;A01
201100020104;0;10;0;0;2;0;0;B01
201100020105;0;33;0;0;2;1;1;B01
201100020105;0;7;0;0;2;1;15;A01
201100020106;0;30;0;0;0;0;0;Z01
201100020106;0;7;0;0;2;1;15;B01
201100020107;0;7;0;0;2;1;15;A01
201100020107;0;30;0;0;2;1;1;B01
201100020108;0;7;0;0;2;8;15;B01
201100020108;0;34;0;0;2;1;17;A01
201100020109;0;1;0;0;2;7;19;A01
201100020109;1;32;0;0;2;1;1;Z01
201100020110;0;30;0;0;2;7;1;B01
201100020110;2;7;0;0;2;1;9;Z01
201100020111;0;34;0;0;1;8;2;A01
201100020112;1;7;0;0;1;0;0;Z01
201100020113;0;7;0;0;2;4;1;B01
201100020113;0;10;0;0;2;1;1;A01
201100020114;0;33;0;15;2;8;2;B01
201100020114;0;7;0;0;2;0;12;A01
201100020115;0;7;0;0;4;1;1;A01
201100020115;0;40;0;0;2;2;1;B01
201100020116;0;7;0;0;2;1;15;A01
201100020116;0;30;0;0;2;1;1;B01
201100020117;0;7;0;0;2;6;11;B01
201100020117;0;30;0;0;2;1;1;A01
201100020118;0;7;0;0;2;2;1;B01
201100020118;0;7;0;0;2;3;1;A01
201100020119;1;99;0;0;2;0;1;Z01
201100020119;0;1;0;0;0;0;1;A01
201100020120;0;7;0;8;0;2;1;A01
201100020121;0;7;0;0;2;4;1;B01
201100020121;0;7;0;0;2;4;1;C01
201100020121;0;7;0;0;2;4;1;D01
201100020121;0;7;0;0;2;1;1;A01
201100020122;0;7;0;0;1;1;0;A01
201100020123;0;7;0;0;2;3;15;A01
201100020123;0;30;0;0;2;1;1;B01
201100020124;0;30;0;0;2;2;1;B01
201100020124;0;7;0;0;2;1;1;A01
201100020125;0;1;0;0;2;1;1;B01
201100020125;0;7;0;0;2;3;11;A01
201100020126;0;7;0;0;2;3;15;A01
201100020126;0;31;0;0;2;1;2;B01
201100020127;0;30;0;0;0;2;1;B01
201100020127;0;7;0;0;2;3;1;A01
201100020128;0;7;0;8;0;1;1;A01
201100020129;0;7;0;0;1;3;15;A01
201100020130;0;7;0;0;1;7;1;A01
201100020131;0;33;0;0;2;1;17;B01
201100020131;0;7;0;0;2;6;15;A01
201100020132;0;7;0;0;2;3;1;B01
201100020132;0;32;0;0;2;3;17;A01
201100020133;0;7;0;0;2;1;9;A01
201100020133;0;7;0;0;2;1;1;B01
201100020134;0;7;0;0;2;6;23;B01
201100020134;0;7;0;1;0;2;1;A01
201100020135;0;7;0;0;0;8;15;B01
201100020135;0;7;0;8;2;2;17;A01
201100020136;0;7;0;0;0;3;0;B01
201100020136;0;7;0;0;2;3;1;A01
201100020137;0;2;0;0;1;0;1;A01
201100020138;0;7;0;0;2;1;2;A01
201100020138;0;7;0;0;2;4;2;C01
201100020138;0;7;0;0;2;4;2;B01
201100020139;0;7;0;0;2;1;0;A01
201100020139;0;30;0;0;0;0;0;B01
201100020140;0;7;0;0;2;6;2;B01
201100020140;0;7;0;0;2;9;2;A01
201100020141;0;30;0;0;0;8;21;A01
201100020142;0;30;0;0;2;0;16;A01
201100020142;1;7;0;0;2;0;0;Z01
201100020143;0;33;0;0;2;1;1;A01
201100020143;0;7;0;0;2;7;12;B01
201100020144;0;14;0;0;2;5;16;B01
201100020144;0;7;0;0;2;3;18;A01
201100020145;1;14;0;0;2;0;1;Z01
201100020145;0;1;0;0;2;0;0;B01
201100020146;0;30;0;0;1;7;0;A01
201100020147;0;30;0;0;0;1;2;A01
201100020148;0;7;0;0;0;0;0;B01
201100020148;0;33;0;0;2;1;9;A01
201100020149;0;33;0;0;1;7;0;A01
201100020150;0;7;0;0;0;4;23;B01
201100020150;0;7;0;0;2;1;2;A01
201100020151;0;30;0;11;0;0;15;A01
201100020152;0;7;0;0;1;8;1;A01