num_acc;senc;catv;occutc;obs;obsm;choc;manv;num_veh
201100020153;0;33;0;0;2;1;18;A01
201100020153;0;7;0;0;2;5;15;B01
201100020154;0;14;0;0;2;6;1;B01
201100020154;0;32;0;0;2;1;1;A01
201100020155;0;7;0;0;2;2;9;A01
201100020155;0;31;0;0;2;8;1;B01
201100020156;0;7;0;0;1;2;16;A01
201100020157;0;7;0;0;2;2;7;B01
201100020157;0;33;0;8;2;5;16;A01
201100020158;1;30;0;0;2;0;10;Z01
201100020158;0;30;0;0;2;1;1;B01
201100020159;0;34;0;0;2;1;1;B01
201100020159;0;7;0;0;2;2;15;A01
201100020160;0;7;0;0;2;1;0;A01
201100020160;0;7;0;8;2;2;1;B01
201100020161;0;7;0;0;2;2;2;A01
201100020161;0;7;0;8;0;4;15;B01
201100020162;0;7;0;0;2;1;0;B01
201100020162;0;7;0;0;2;3;20;A01
201100020163;0;7;0;0;2;1;1;B01
201100020163;0;32;0;0;2;1;1;A01
201100020164;0;7;0;0;2;6;1;A01
201100020164;0;30;0;0;2;1;1;B01
201100020165;0;33;0;0;2;8;2;B01
201100020165;0;7;0;0;2;2;16;A01
201100020166;0;1;0;0;2;8;11;B01
201100020166;0;7;0;0;9;2;1;A01
201100020167;0;7;0;0;2;3;1;B01
201100020167;0;7;0;0;2;1;1;A01
201100020168;0;30;0;0;2;1;2;B01
201100020168;0;7;0;0;2;1;2;A01
201100020169;0;34;0;1;2;4;2;C01
201100020169;0;33;0;14;0;1;2;A01
201100020169;0;33;0;0;2;4;2;B01
201100020170;0;32;0;0;2;1;2;A01
201100020170;0;7;0;0;0;6;15;B01
201100020171;0;7;0;0;1;0;16;A01
201100020172;0;7;0;0;1;1;1;A01
201100020173;0;10;0;0;2;1;2;A01
201100020173;0;7;0;0;2;7;24;C01
201100020173;0;7;0;0;2;4;0;B01
201100020174;0;7;0;0;2;1;0;A01
201100020174;0;7;0;0;2;7;0;B01
201100020175;0;7;0;0;2;3;17;A01
201100020175;0;7;0;0;2;3;1;B01
201100020176;1;7;0;0;1;0;0;Z01
201100020177;1;7;0;0;2;0;1;Z01
201100020178;0;33;0;0;1;0;1;A01
201100020179;1;7;0;0;1;2;1;Z01
201100020180;0;99;0;0;0;4;1;B01
201100020180;2;7;0;14;0;1;2;A01
201100020181;0;7;0;0;2;2;1;B01
201100020181;2;2;0;0;2;1;11;A01
201100020182;0;7;0;0;1;4;20;A01
201100020183;0;7;0;0;2;3;10;A01
201100020183;0;32;0;0;2;1;2;B01
201100020184;0;7;0;0;2;1;2;A01
201100020184;0;7;0;0;2;6;15;B01
201100020185;0;2;0;0;2;7;1;B01
201100020185;1;10;0;0;2;8;11;Z01
201100020186;0;7;0;0;0;0;0;B01
201100020186;0;10;0;0;2;2;10;A01
201100020187;0;30;0;0;0;0;0;B01
201100020187;1;30;0;0;0;0;0;Z01
201100020188;1;30;0;0;2;0;1;Z01
201100020188;0;30;0;0;2;7;1;B01
201100020189;1;7;0;0;1;1;1;Z01
201100020190;0;7;0;0;2;1;1;A01
201100020190;0;7;0;0;2;4;23;B01
201100020191;0;7;0;0;2;8;10;A01
201100020191;0;33;0;0;2;1;1;B01
201100020192;1;7;0;0;1;4;4;Z01
201100020193;0;3;0;12;0;1;4;A01
201100020194;0;7;0;0;2;4;1;B01
201100020194;0;7;0;0;2;1;1;A01
201100020195;0;7;0;0;1;1;1;A01
201100020196;0;7;0;0;2;2;0;B01
201100020196;0;7;0;0;2;3;9;A01
201100020197;0;7;0;0;2;3;1;A01
201100020197;0;7;0;0;2;3;12;B01
201100020198;0;33;0;8;0;1;1;A01
201100020199;0;7;0;0;2;3;15;B01
201100020199;0;31;0;0;2;3;13;A01
201100020200;0;7;0;0;1;0;0;A01
201100020201;0;7;0;0;2;0;11;B01
201100020201;0;33;0;0;2;1;0;A01
201100020202;0;7;0;0;0;3;13;A01
201100020202;0;33;0;0;0;7;0;B01
201100020203;0;7;0;0;0;0;0;A01
201100020203;0;30;0;0;0;0;0;B01
201100020204;0;7;0;0;1;4;4;A01
201100020205;0;7;0;0;9;0;0;A01
201100020205;0;1;0;0;2;0;0;B01
201100020206;1;7;0;0;1;0;0;Z01
201100020207;0;7;0;2;2;1;1;A01
201100020207;0;7;0;0;2;3;1;B01
201100020207;0;7;0;0;2;1;23;C01
201100020208;1;2;0;0;1;1;1;Z01
201100020209;0;34;0;12;0;0;0;A01
201100020210;0;33;0;0;2;1;16;A01
201100020210;0;7;0;0;2;4;1;B01
201100020211;0;30;0;0;1;7;17;A01
201100020212;0;32;0;0;2;1;1;A01
201100020212;0;30;0;0;2;4;16;B01
201100020213;0;37;1;0;1;3;1;A01
201100020214;0;30;0;0;2;0;1;B01
201100020214;1;7;0;0;2;0;0;Z01
201100020215;0;30;0;11;2;1;2;A01
201100020215;0;32;0;0;2;0;2;B01
201100020216;0;7;0;0;2;6;10;A01
201100020216;0;34;0;0;2;9;21;B01
201100020217;0;7;0;0;2;6;15;A01
201100020217;0;2;0;0;2;1;1;B01
201100020218;0;7;0;0;0;0;1;A01
201100020219;0;7;0;15;0;3;21;A01
201100020219;0;38;30;0;2;4;23;B01
201100020220;0;7;0;1;0;2;14;A01
201100020221;0;7;0;0;2;2;16;B01
201100020221;0;32;0;0;2;8;16;A01
201100020222;0;33;0;0;2;3;1;B01
201100020222;0;7;0;0;2;1;5;A01
201100020223;1;31;0;0;2;2;16;Z01
201100020223;0;33;0;0;2;3;1;B01
201100020224;0;1;0;0;2;1;16;A01
201100020224;0;30;0;0;2;1;1;B01
201100020225;0;32;0;0;2;3;1;A01
201100020225;0;7;0;0;2;3;2;B01
201100020226;0;32;0;0;2;7;1;B01
201100020226;1;7;0;0;0;0;0;Z01
201100020227;0;7;0;0;1;1;0;A01
201100020228;0;32;0;0;2;7;1;B01
201100020228;0;7;0;0;2;1;1;A01
201100020229;0;7;0;0;2;5;1;B01
201100020229;0;7;0;0;2;1;1;A01
201100020230;1;20;0;0;9;4;13;Z01
201100020230;0;37;8;0;9;3;21;A01
201100020231;0;7;0;0;1;0;1;A01
201100020232;0;10;0;0;2;6;4;B01
201100020232;0;15;0;0;2;5;2;A01
201100020233;0;7;0;0;1;1;1;A01
201100020234;0;32;0;0;2;7;1;B01
201100020234;0;7;0;0;2;3;0;A01
201100020235;0;30;0;0;2;0;1;B01
201100020235;1;7;0;0;2;0;0;Z01
201100020236;1;7;0;0;1;0;1;Z01
201100020237;0;7;0;0;2;5;1;B01
201100020237;0;1;0;0;2;1;1;A01
201100020238;0;7;0;0;2;3;15;B01
201100020238;0;34;0;0;2;1;17;A01
201100020239;1;7;0;0;9;0;0;A01
201100020239;0;1;0;0;2;5;1;B01
201100020240;0;7;0;0;0;4;2;C01
201100020240;0;7;0;0;2;4;2;B01
201100020240;0;7;0;0;2;1;2;A01
201100020241;0;7;0;0;2;5;1;B01
201100020241;0;32;0;0;2;1;2;A01
201100020242;0;7;0;0;2;1;1;A01
201100020242;0;37;12;0;2;3;1;B01
201100020243;0;7;0;0;2;8;1;B01
201100020243;0;34;0;0;0;7;17;A01
201100020244;0;33;0;0;2;0;21;A01
201100020244;0;7;0;0;0;6;23;B01
201100020245;0;31;0;0;2;1;1;A01
201100020245;0;7;0;0;2;1;2;B01
201100020246;0;7;0;0;2;2;15;A01
201100020246;0;33;0;0;2;1;1;B01
201100020247;0;34;0;0;1;1;1;A01
201100020248;0;7;0;0;2;2;15;A01
201100020248;0;30;0;0;2;1;1;B01
201100020249;0;7;0;0;2;3;2;B01
201100020249;2;7;0;0;2;3;2;Z01
201100020250;0;7;0;14;0;1;2;A01
201100020251;0;7;0;0;2;1;9;B01
201100020251;0;33;0;0;2;7;17;A01
201100020252;0;7;0;0;6;3;1;A01
201100020253;0;1;0;0;2;6;11;A01
201100020253;0;7;0;0;2;7;1;B01
201100020254;0;30;0;0;2;9;1;B01
201100020254;0;7;0;0;2;2;1;A01
201100020255;1;7;0;0;2;0;0;Z01
201100020255;0;2;0;0;2;0;1;B01
201100020256;0;33;0;13;0;1;1;A01
201100020257;0;1;0;0;2;0;1;B01
201100020257;1;7;0;0;2;0;1;Z01
201100020258;1;7;0;0;1;0;1;Z01
201100020259;0;30;0;0;2;1;1;B01
201100020259;0;7;0;0;2;1;15;A01
201100020260;0;10;0;0;2;1;0;B01
201100020260;0;7;0;0;2;1;0;A01
201100020261;0;7;0;0;2;3;15;A01
201100020261;0;32;0;0;2;1;1;B01
201100020262;0;37;85;0;2;3;9;B01
201100020262;0;7;0;0;2;1;9;A01
201100020263;0;2;0;0;0;0;1;A01
201100020264;0;7;0;1;2;2;1;B01
201100020264;0;7;0;1;2;3;9;A01
201100020265;0;7;0;0;2;1;1;D01
201100020265;0;7;0;0;2;1;1;C01
201100020265;0;7;0;0;2;8;1;B01
201100020265;0;7;0;0;2;3;1;A01
201100020266;1;7;0;0;2;7;14;Z01
201100020266;0;33;0;0;2;8;1;B01
201100020267;0;30;0;0;2;4;1;B01
201100020267;1;7;0;0;2;1;2;Z01
201100020268;0;7;0;0;2;4;1;B01
201100020268;0;7;0;0;2;1;2;A01
201100020269;0;7;0;0;2;2;9;A01
201100020269;0;7;0;0;2;1;1;B01
201100020270;0;32;0;0;2;5;1;A01
201100020270;1;7;0;0;2;2;1;Z01
201100020271;0;34;0;0;0;8;0;A01
201100020272;0;34;0;0;2;1;2;B01
201100020272;0;7;0;0;2;4;4;A01
201100020273;0;7;0;0;2;7;0;A01
201100020273;0;7;0;0;2;1;0;B01
201100020274;0;37;1;1;0;4;23;B01
201100020274;0;1;0;0;0;1;2;A01
201100020275;0;7;0;0;2;7;9;A01
201100020275;0;7;0;0;2;2;2;B01
201100020276;0;7;0;0;2;3;9;A01
201100020276;0;7;0;0;2;1;2;B01
201100020277;0;7;0;0;0;1;2;A01
201100020277;0;7;0;0;0;4;2;C01
201100020277;0;7;0;0;0;4;2;B01
201100020278;0;7;0;0;2;9;16;B01
201100020278;0;33;0;0;2;1;0;A01
201100020279;0;7;0;0;0;2;15;A01
201100020279;0;33;0;0;0;1;7;B01
201100020280;0;7;0;0;2;6;15;A01
201100020280;0;30;0;0;2;1;17;B01
201100020281;0;7;0;0;0;4;2;B01
201100020281;0;14;0;0;2;1;2;A01
201100020282;0;7;0;0;2;3;0;B01
201100020282;0;99;0;0;2;1;0;A01
201100020283;0;7;0;0;1;4;4;A01
201100020284;0;7;0;0;1;2;1;A01
201100020285;0;7;0;0;2;5;1;A01
201100020285;0;7;0;0;2;1;1;B01
201100020286;0;7;0;0;2;4;23;B01
201100020286;0;7;0;0;2;1;2;A01
201100020287;1;10;0;0;0;0;0;Z01
201100020287;0;2;0;0;0;0;0;B01
201100020288;1;7;0;0;0;0;16;Z01
201100020289;0;33;0;0;1;1;1;A01
201100020290;0;7;0;0;0;1;0;A01
201100020291;1;32;0;0;2;0;1;Z01
201100020291;0;33;0;0;2;7;1;B01
201100020292;0;7;0;0;1;1;1;A01
201100020293;0;7;0;0;2;2;19;A01
201100020293;0;7;0;0;2;1;0;B01
201100020294;0;99;0;0;0;0;15;B01
201100020294;0;3;0;0;2;1;1;A01
201100020295;0;7;0;0;2;8;15;B01
201100020295;0;32;0;0;2;7;15;A01
201100020296;0;32;0;0;2;1;0;A01
201100020296;1;7;0;0;2;0;0;Z01
201100020297;0;7;0;0;2;4;23;B01
201100020297;1;7;0;0;2;1;1;Z01
201100020298;0;32;0;0;2;0;1;B01
201100020298;1;7;0;0;2;0;15;Z01
201100020299;0;33;0;1;0;5;1;A01
201100020300;1;7;0;0;1;1;0;Z01
201100020301;0;7;0;0;1;1;1;A01
201100020302;0;37;1;0;2;1;1;B01
201100020302;0;7;0;0;0;4;1;A01
201100020303;0;32;0;0;2;9;1;A01
201100020303;0;7;0;0;2;7;15;B01
201100020304;0;33;0;0;2;1;1;A01
201100020304;0;7;0;0;2;1;1;B01
201100020305;0;7;0;0;2;3;15;A01
201100020305;0;33;0;0;2;3;1;B01
201100020306;0;2;0;0;2;1;1;B01
201100020306;0;32;0;0;2;3;9;A01
201100020307;0;7;0;0;2;3;15;A01
201100020307;0;33;0;0;2;1;1;B01
201100020308;1;7;0;0;1;7;1;Z01
201100020309;0;33;0;0;2;0;1;B01
201100020309;1;7;0;0;0;0;15;Z01
201100020310;0;7;0;0;2;1;1;B01
201100020310;0;7;0;0;2;8;15;A01
201100020311;0;7;0;0;2;1;1;A01
201100020311;0;32;0;14;2;4;16;B01
201100020312;0;7;0;9;2;9;1;A01
201100020312;0;15;0;0;2;2;2;B01
201100020313;0;7;0;0;2;1;2;A01
201100020313;0;7;0;8;0;6;2;B01
201100020314;0;15;0;0;1;3;23;A01
201100020315;0;37;1;0;0;5;14;A01
201100020315;0;7;0;0;0;3;2;B01
201100020316;0;7;0;0;9;5;16;A01
201100020316;0;1;0;0;2;8;1;B01
201100020317;0;7;0;0;2;2;9;A01
201100020317;0;7;0;0;2;1;1;B01
201100020318;0;7;0;0;2;1;15;B01
201100020318;0;34;0;0;2;1;1;A01
201100020319;0;7;0;0;2;1;1;B01
201100020319;0;7;0;0;2;1;15;A01
201100020320;0;7;0;0;2;8;15;B01
201100020320;0;32;0;0;2;7;17;A01
201100020321;0;34;0;0;2;1;17;A01
201100020321;0;7;0;0;2;6;15;B01
201100020322;0;7;0;0;0;4;24;B01
201100020322;0;31;0;1;0;1;1;A01
201100020323;0;7;0;0;2;3;15;A01
201100020323;0;32;0;0;2;1;1;B01
201100020324;0;7;0;0;2;1;2;A01
201100020324;0;7;0;0;2;4;2;B01
201100020325;0;10;0;0;2;1;1;B01
201100020325;0;1;0;0;0;7;0;A01
201100020326;0;33;0;0;2;1;1;B01
201100020326;0;7;0;0;2;1;1;C01
201100020326;0;7;0;0;2;3;11;A01
201100020327;0;2;0;0;2;2;12;A01
201100020327;0;2;0;0;2;8;1;B01
201100020328;0;7;0;0;1;7;1;A01
201100020329;0;1;0;0;2;1;2;B01
201100020329;0;7;0;0;0;3;15;A01
201100020330;0;7;0;0;2;2;9;A01
201100020330;0;7;0;0;2;3;1;B01
201100020331;0;7;0;0;1;1;15;A01
201100020332;0;30;0;0;2;1;1;B01
201100020332;1;10;0;0;2;0;1;Z01
201100020333;0;7;0;0;2;3;2;B01
201100020333;0;30;0;0;0;1;15;A01
201100020334;0;7;0;0;2;6;1;B01
201100020334;1;7;0;0;2;2;9;Z01
201100020335;0;33;0;0;2;1;1;A01
201100020335;0;7;0;0;0;8;1;C01
201100020335;0;7;0;0;2;8;9;B01
201100020336;0;7;0;0;2;1;2;A01
201100020336;0;7;0;0;2;4;23;C01
201100020336;0;31;0;0;2;5;23;B01
201100020337;0;37;11;0;2;2;1;B01
201100020337;0;7;0;0;2;3;9;A01
201100020338;0;32;0;0;2;3;2;A01
201100020338;0;7;0;0;2;2;16;B01
201100020339;0;7;0;0;1;2;1;A01
201100020340;0;2;0;0;1;1;1;A01
201100020341;0;7;0;0;0;4;1;B01
201100020341;0;7;0;0;2;1;2;A01
201100020342;0;7;0;0;2;8;15;A01
201100020342;0;1;0;0;2;7;1;B01
201100020343;0;7;0;0;1;4;4;A01
201100020344;0;32;0;0;2;2;15;B01
201100020344;0;7;0;0;2;6;15;A01
201100020345;0;7;0;9;0;2;1;A01
201100020346;1;10;0;4;2;0;9;Z01
201100020346;0;7;0;0;0;3;2;A01
201100020347;0;7;0;0;2;1;2;A01
201100020347;0;7;0;0;2;4;2;B01
201100020348;0;7;0;1;2;2;1;A01
201100020348;0;7;0;0;2;3;1;B01
201100020349;0;7;0;0;1;8;15;A01
201100020350;0;34;0;0;2;1;1;B01
201100020350;1;30;0;0;2;1;1;Z01
201100020351;0;33;0;0;2;1;0;A01
201100020351;0;34;0;0;0;4;15;B01
201100020352;0;7;0;0;2;1;2;C01
201100020352;0;7;0;0;2;4;2;B01
201100020352;0;7;0;0;2;1;2;A01
201100020353;0;7;0;0;2;0;0;A01
201100020353;0;34;0;0;2;4;0;B01
201100020354;0;34;0;0;2;4;2;B01
201100020354;0;7;0;0;2;1;2;A01
201100020355;0;30;0;0;1;0;17;A01
201100020356;0;7;0;0;2;8;11;A01
201100020356;0;31;0;0;2;7;2;B01
201100020357;0;30;0;0;0;0;1;A01
201100020358;0;7;0;0;2;1;2;A01
201100020358;0;32;0;0;2;4;23;B01
201100020359;1;33;0;0;1;1;1;Z01
201100020360;0;33;0;0;2;1;1;A01
201100020360;0;7;0;0;2;4;1;B01
201100020361;0;30;0;0;2;7;2;A01
201100020361;0;7;0;0;2;8;0;B01
201100020362;0;7;0;0;2;3;1;A01
201100020362;0;7;0;0;2;3;23;B01
201100020363;0;7;0;0;2;4;1;B01
201100020363;0;7;0;0;2;1;1;A01
201100020364;0;7;0;0;2;1;1;B01
201100020364;0;7;0;0;2;3;15;A01
201100020365;0;7;0;0;2;9;1;A01
201100020366;0;30;0;0;2;0;2;A01
201100020366;1;7;0;0;0;4;4;Z01
201100020367;0;7;0;0;2;1;1;A01
201100020367;0;7;0;0;2;8;1;B01
201100020368;0;33;0;0;2;8;1;B01
201100020368;1;7;0;0;2;2;0;Z01
201100020369;0;33;0;0;2;3;3;B01
201100020369;0;7;0;0;2;7;22;A01
201100020370;0;7;0;0;0;1;1;A01
201100020371;0;7;0;0;2;2;15;A01
201100020371;0;2;0;0;2;1;1;B01
201100020372;0;7;0;8;2;8;1;A01
201100020372;0;7;0;0;2;1;10;B01
201100020373;0;7;0;0;1;1;0;A01
201100020374;0;33;0;0;0;4;2;C01
201100020374;0;30;0;0;2;9;2;A01
201100020374;0;34;0;0;0;4;2;B01
201100020375;0;33;0;0;2;0;1;A01
201100020376;0;99;0;0;1;0;0;A01
201100020377;0;7;0;0;2;2;12;A01
201100020377;0;7;0;0;0;3;2;B01
201100020378;0;7;0;0;0;4;2;C01
201100020378;0;7;0;0;2;4;2;B01
201100020378;0;7;0;0;2;3;2;A01
201100020379;2;7;0;0;2;1;2;A01
201100020379;0;7;0;0;0;4;2;B01
201100020380;0;33;0;13;0;1;1;A01
201100020381;1;99;0;0;1;1;0;Z01
201100020382;1;7;0;0;2;1;1;Z01
201100020382;0;7;0;0;2;4;23;B01
201100020383;0;7;0;0;2;1;1;B01
201100020383;1;7;0;0;2;1;1;Z01
201100020384;0;7;0;0;1;2;1;A01
201100020385;1;7;0;0;2;1;1;Z01
201100020385;0;2;0;0;2;6;1;B01
201100020386;1;7;0;0;1;0;0;Z01
201100020387;1;7;0;0;1;0;1;Z01
201100020388;0;32;0;0;2;1;2;B01
201100020388;0;7;0;0;2;3;10;A01
201100020389;0;32;0;0;2;1;1;B01
201100020389;0;7;0;0;2;3;10;A01
201100020390;0;30;0;0;2;1;2;A01
201100020390;0;7;0;0;2;4;2;B01
201100020391;0;30;0;15;0;1;0;A01
201100020392;0;32;0;0;2;1;1;B01
201100020392;0;7;0;0;2;2;15;A01
201100020393;1;10;0;0;2;7;1;Z01
201100020393;0;7;0;0;2;8;1;B01
201100020394;0;7;0;0;2;4;23;B01
201100020394;1;7;0;0;2;1;1;Z01
201100020395;0;7;0;0;2;8;9;A01
201100020395;0;30;0;0;2;1;1;B01
201100020396;0;7;0;0;2;8;15;A01
201100020396;0;7;0;0;2;1;1;B01
201100020397;0;37;1;0;2;1;2;A01
201100020397;0;7;0;0;2;4;2;C01
201100020397;0;7;0;0;2;4;2;B01
201100020398;0;7;0;0;2;4;23;B01
201100020398;0;7;0;0;2;1;1;A01
201100020398;0;7;0;0;2;4;23;C01
201100020399;0;34;0;0;2;1;2;B01
201100020399;0;7;0;0;1;4;2;C01
201100020399;0;7;0;0;2;2;2;A01
201100020400;0;2;0;0;2;3;2;B01
201100020400;1;7;0;0;0;0;0;Z01
201100020401;0;7;0;0;2;2;1;B01
201100020401;0;7;0;0;2;8;15;A01
201100020402;1;7;0;0;1;7;0;Z01
201100020403;1;2;0;0;0;0;0;Z01
201100020404;0;7;0;0;2;3;2;B01
201100020404;0;7;0;0;2;7;1;A01
201100020405;0;37;10;0;2;3;2;B01
201100020405;0;7;0;0;2;4;10;A01
201100020406;1;7;0;0;0;1;2;Z01
201100020406;0;7;0;0;2;4;2;B01
201100020407;0;7;0;12;0;1;0;A01
201100020408;0;7;0;0;2;7;17;A01
201100020408;0;32;0;0;2;2;1;B01
201100020409;0;7;0;0;1;2;1;A01
201100020410;0;7;0;0;2;1;1;B01
201100020410;0;7;0;0;2;7;1;A01
201100020411;0;3;0;0;2;7;15;B01
201100020411;0;7;0;0;2;1;9;A01
201100020412;0;2;0;0;2;9;2;A01
201100020412;1;7;0;0;2;1;2;Z01
201100020413;0;30;0;0;2;1;17;A01
201100020413;0;7;0;0;2;3;15;B01
201100020414;0;7;0;0;1;2;13;A01
201100020415;0;7;0;0;1;2;1;A01
201100020416;2;7;0;0;1;4;4;A01
201100020417;1;7;0;0;2;0;0;Z01
201100020417;0;7;0;0;2;3;1;B01
201100020418;0;30;0;0;2;1;2;B01
201100020418;0;7;0;0;2;8;15;A01
201100020419;0;7;0;0;2;4;1;A01
201100020419;0;33;0;0;2;1;2;B01
201100020420;1;7;0;0;2;1;1;Z01
201100020420;0;33;0;0;2;7;1;B01
201100020421;0;7;0;0;0;1;2;A01
201100020421;0;32;0;0;0;4;2;B01
201100020422;0;7;0;0;1;1;1;A01
201100020423;0;40;0;0;2;1;2;B01
201100020423;0;7;0;0;4;5;1;A01
201100020424;0;7;0;0;2;4;2;C01
201100020424;0;7;0;0;2;1;2;A01
201100020424;0;7;0;0;2;4;2;B01
201100020425;0;7;0;0;2;1;0;A01
201100020425;0;32;0;0;2;1;0;B01
201100020426;0;99;0;0;2;6;0;B01
201100020426;0;7;0;0;2;3;0;A01
201100020427;0;7;0;0;2;2;0;A01
201100020427;0;34;0;0;2;5;1;B01
201100020428;0;7;0;0;0;5;2;B01
201100020428;0;30;0;0;2;1;2;A01
201100020429;0;7;0;0;0;1;2;A01
201100020429;0;7;0;0;0;4;2;B01
201100020430;1;7;0;0;2;1;17;Z01
201100020430;0;7;0;8;2;3;21;B01
201100020431;0;30;0;0;2;6;15;A01
201100020431;0;31;0;1;2;0;0;B01
201100020432;1;7;0;0;1;0;1;Z01
201100020433;0;7;0;0;2;1;15;A01
201100020433;0;32;0;0;2;8;17;B01
201100020434;0;7;0;0;2;5;2;A01
201100020434;0;7;0;0;2;1;2;B01
201100020435;0;7;0;6;0;1;0;A01
201100020436;0;7;0;0;2;8;11;A01
201100020436;0;33;0;0;2;1;1;B01
201100020437;0;7;0;0;2;1;2;A01
201100020437;0;7;0;0;2;4;2;B01
201100020438;0;7;0;0;2;3;15;B01
201100020438;0;33;0;0;2;2;17;A01
201100020439;0;7;0;0;2;4;2;B01
201100020439;0;7;0;0;2;1;2;A01
201100020440;0;7;0;1;0;3;2;A01
201100020440;0;31;0;0;2;4;23;B01
201100020441;0;17;0;0;0;6;0;B01
201100020441;0;34;0;11;2;0;17;A01
201100020442;0;7;0;15;0;9;2;A01
201100020443;1;7;0;0;1;1;1;Z01
201100020444;0;30;0;0;2;0;1;B01
201100020444;0;7;0;0;0;3;0;A01
201100020445;0;2;0;0;0;7;17;B01
201100020445;0;7;0;0;1;8;11;A01
201100020446;0;32;0;0;2;1;1;B01
201100020446;0;7;0;0;2;7;15;A01
201100020447;0;33;0;0;2;1;1;B01
201100020447;0;7;0;0;2;3;15;A01
201100020448;0;32;0;0;0;7;1;A01
201100020449;1;7;0;0;2;7;18;Z01
201100020449;0;32;0;0;2;7;1;A01
201100020450;0;36;0;13;0;1;0;A01
201100020451;0;7;0;0;1;1;1;A01
201100020452;0;33;0;0;2;1;1;A01
201100020452;0;7;0;0;2;6;15;B01
201100020453;0;7;0;0;0;4;15;B01
201100020453;0;33;0;0;2;1;2;A01
201100020454;1;7;0;0;2;1;2;Z01
201100020454;0;7;0;0;2;4;23;B01
201100020455;1;7;0;0;1;1;1;Z01
201100020456;1;7;0;0;1;0;1;Z01
201100020457;0;7;0;0;0;4;2;B01
201100020457;0;10;0;0;2;1;2;A01
201100020458;0;7;0;0;2;1;1;A01
201100020458;0;7;0;0;2;3;1;B01
201100020459;0;32;0;0;2;1;2;B01
201100020459;0;7;0;0;2;3;15;A01
201100020460;0;7;0;0;2;5;1;B01
201100020460;0;7;0;0;2;1;1;A01
201100020461;0;32;0;0;1;1;1;A01
201100020462;0;7;0;0;0;4;23;B01
201100020462;0;7;0;0;0;1;1;A01
201100020463;0;2;0;1;0;1;1;A01
201100020464;0;30;0;0;2;2;1;B01
201100020464;0;33;0;0;2;1;0;A01
201100020465;0;7;0;0;0;4;2;C01
201100020465;0;7;0;0;2;1;2;A01
201100020465;0;7;0;0;2;4;2;B01
201100020466;0;7;0;0;1;1;1;A01
201100020467;0;2;0;0;2;1;1;A01
201100020467;1;7;0;0;0;0;0;Z01
201100020468;1;3;0;0;1;0;2;Z01
201100020469;0;30;0;1;0;1;2;A01
201100020470;0;7;0;5;0;1;1;A01
201100020471;0;3;0;0;2;7;1;A01
201100020471;0;33;0;0;2;1;1;B01
201100020472;0;2;0;0;2;1;9;A01
201100020472;0;7;0;0;2;8;1;B01
201100020473;0;7;0;0;2;7;2;B01
201100020473;0;30;0;0;2;7;0;A01
201100020474;0;7;0;0;2;5;1;B01
201100020474;0;7;0;0;2;1;9;A01
201100020475;0;7;0;0;0;4;0;B01
201100020475;0;33;0;0;2;1;17;A01
201100020476;1;10;0;0;1;1;0;Z01
201100020477;0;2;0;0;0;0;1;A01
201100020478;0;30;0;1;0;1;18;A01
201100020478;0;7;0;0;2;7;23;B01
201100020479;0;15;0;0;2;2;2;A01
201100020479;0;7;0;0;0;4;1;B01
201100020480;0;1;0;0;2;0;1;B01
201100020480;0;10;0;0;9;0;0;A01
201100020481;0;7;0;0;2;4;2;B01
201100020481;0;7;0;0;2;1;2;A01
201100020482;0;7;0;0;2;5;15;A01
201100020482;0;30;0;0;2;1;2;B01
201100020483;0;33;0;0;2;3;2;B01
201100020483;1;30;0;0;2;1;9;Z01
201100020484;0;7;0;0;2;2;15;A01
201100020484;0;32;0;0;2;1;21;B01
201100020485;0;7;0;0;1;3;15;A01
201100020486;0;7;0;0;2;3;16;A01
201100020486;0;31;0;0;2;1;1;B01
201100020487;0;7;0;0;2;3;1;A01
201100020487;0;7;0;0;2;7;0;B01
201100020488;0;37;0;0;2;3;0;A01
201100020488;0;7;0;0;2;4;0;B01
201100020489;0;30;0;0;2;7;1;B01
201100020489;0;7;0;0;2;3;1;A01
201100020490;0;7;0;0;2;2;15;A01
201100020490;0;32;0;0;2;1;18;B01
201100020491;0;30;0;0;2;1;2;A01
201100020491;0;7;0;0;0;4;2;B01
201100020492;0;37;3;0;2;3;1;B01
201100020492;0;7;0;0;2;5;17;A01
201100020493;0;7;0;0;2;4;1;B01
201100020493;0;33;0;0;2;8;14;A01
201100020494;0;7;0;0;2;1;2;A01
201100020494;0;7;0;0;0;4;1;B01
201100020495;0;33;0;0;2;7;0;A01
201100020495;0;7;0;0;2;1;0;B01
201100020496;0;7;0;0;2;1;1;B01
201100020496;0;30;0;0;2;7;1;A01
201100020497;0;7;0;0;0;6;1;B01
201100020497;0;31;0;0;2;1;1;A01
201100020498;0;2;0;0;2;3;8;A01
201100020498;0;10;0;0;2;1;15;B01
201100020499;0;10;0;0;0;6;1;B01
201100020499;0;7;0;0;2;2;21;A01
201100020500;0;7;0;0;2;3;15;A01
201100020500;0;30;0;0;2;1;0;B01
201100020501;0;7;0;0;0;1;23;B01
201100020501;0;30;0;1;0;1;16;A01
201100020502;0;7;0;0;2;1;8;A01
201100020502;0;7;0;0;2;2;15;B01
201100020503;0;1;0;0;2;1;15;B01
201100020503;0;7;0;0;2;3;1;A01
201100020504;1;7;0;0;1;0;0;Z01
201100020505;0;3;0;0;2;7;1;A01
201100020505;0;7;0;0;2;1;15;B01
201100020506;0;7;0;0;0;3;15;A01