num_acc;senc;catv;occutc;obs;obsm;choc;manv;num_veh
201100020506;0;34;0;0;0;0;3;B01
201100020507;0;7;0;0;2;8;10;A01
201100020507;0;7;0;0;2;2;1;B01
201100020508;0;7;0;0;2;5;15;A01
201100020508;0;33;0;0;2;1;1;B01
201100020509;0;30;0;0;2;1;5;A01
201100020509;0;7;0;0;2;2;1;B01
201100020510;0;32;0;0;2;6;23;A01
201100020510;1;7;0;0;2;1;0;Z01
201100020511;0;7;0;0;0;6;15;B01
201100020511;0;7;0;0;2;2;1;A01
201100020512;0;7;0;0;2;3;1;B01
201100020512;1;7;0;0;2;3;15;Z01
201100020513;0;7;0;15;0;9;2;A01
201100020514;0;7;0;0;2;3;1;B01
201100020514;0;7;0;8;2;6;1;A01
201100020515;0;7;0;0;2;8;22;A01
201100020515;0;30;0;1;0;0;1;B01
201100020516;0;7;0;0;0;6;11;A01
201100020516;0;7;0;0;0;1;2;B01
201100020517;0;30;0;0;2;7;15;A01
201100020517;0;2;0;0;2;1;18;B01
201100020518;0;7;0;0;1;1;15;A01
201100020519;0;7;0;0;2;4;2;B01
201100020519;0;33;0;0;2;1;2;A01
201100020520;0;2;0;0;0;0;0;A01
201100020521;2;7;0;0;2;2;17;A01
201100020521;0;7;0;0;2;2;1;B01
201100020522;0;7;0;0;2;3;15;A01
201100020522;0;31;0;0;2;3;1;B01
201100020523;0;7;0;9;0;2;14;A01
201100020524;0;31;0;0;2;1;1;B01
201100020524;0;7;0;0;2;3;9;A01
201100020525;0;7;0;0;2;3;1;B01
201100020525;0;30;0;0;2;8;16;A01
201100020526;0;7;0;0;2;4;2;A01
201100020526;0;7;0;0;2;1;2;B01
201100020527;0;30;0;0;0;1;17;B01
201100020527;0;7;0;0;0;3;1;A01
201100020528;0;32;0;0;0;0;0;A01
201100020529;0;7;0;0;2;1;0;B01
201100020529;0;7;0;0;2;3;9;A01
201100020530;0;7;0;0;0;4;1;B01
201100020530;0;7;0;0;2;1;2;A01
201100020531;0;7;0;0;0;4;2;C01
201100020531;0;10;0;0;2;1;2;A01
201100020531;0;7;0;0;2;4;2;B01
201100020532;0;34;0;0;2;3;1;A01
201100020532;0;7;0;0;2;2;12;B01
201100020533;0;10;0;0;2;4;0;B01
201100020533;0;7;0;0;2;1;1;A01
201100020534;0;2;0;0;2;6;2;B01
201100020534;1;7;0;0;2;1;2;Z01
201100020535;0;7;0;0;1;1;15;A01
201100020536;0;7;0;0;2;1;1;A01
201100020536;0;32;0;0;2;9;1;B01
201100020537;0;10;0;0;0;3;1;B01
201100020537;0;7;0;0;2;3;13;A01
201100020538;0;7;0;4;9;2;0;A01
201100020539;1;7;0;0;1;4;4;A01
201100020540;0;30;0;0;2;2;0;A01
201100020540;1;7;0;0;0;0;0;Z01
201100020541;0;2;0;0;2;8;0;B01
201100020541;0;7;0;1;0;3;1;A01
201100020542;0;30;0;0;2;1;1;A01
201100020542;0;7;0;0;2;4;2;B01
201100020543;0;7;0;0;1;1;15;A01
201100020544;2;7;0;0;1;1;10;A01
201100020545;0;7;0;0;2;3;2;B01
201100020545;0;34;0;8;2;7;2;A01
201100020546;0;2;0;0;2;2;1;B01
201100020546;0;32;0;0;0;7;5;A01
201100020547;0;7;0;0;2;7;16;B01
201100020547;0;30;0;0;2;1;12;A01
201100020548;0;7;0;0;2;7;15;A01
201100020548;0;34;0;0;2;7;1;B01
201100020549;0;7;0;8;0;2;21;A01
201100020550;0;7;0;0;2;3;1;A01
201100020550;0;7;0;0;2;5;0;B01
201100020551;0;30;0;0;2;0;1;A01
201100020551;0;7;0;0;2;0;16;B01
201100020552;0;7;0;0;2;1;0;A01
201100020552;0;7;0;0;2;4;2;C01
201100020552;0;7;0;0;0;4;2;D01
201100020552;0;7;0;0;2;4;2;B01
201100020553;0;33;0;1;2;1;17;A01
201100020553;0;7;0;0;2;1;16;B01
201100020554;0;7;0;0;2;3;0;A01
201100020554;0;7;0;0;2;5;0;B01
201100020555;0;7;0;0;2;2;2;B01
201100020555;0;32;0;12;2;8;18;A01
201100020556;0;32;0;0;0;1;17;B01
201100020556;0;7;0;0;0;2;14;A01
201100020557;0;34;0;0;2;8;1;B01
201100020557;0;33;0;0;2;7;16;A01
201100020558;0;7;0;0;1;4;4;A01
201100020559;0;30;0;0;2;1;1;B01
201100020559;0;7;0;0;2;3;11;A01
201100020560;0;32;0;0;2;1;0;B01
201100020560;0;7;0;0;0;2;2;A01
201100020561;0;7;0;1;2;3;11;A01
201100020561;0;32;0;0;2;1;1;B01
201100020562;0;32;0;0;2;4;2;B01
201100020562;0;16;0;0;2;2;1;A01
201100020563;0;31;0;0;2;1;15;A01
201100020563;0;7;0;0;2;1;15;B01
201100020564;0;7;0;0;2;1;0;A01
201100020564;0;7;0;0;0;7;0;B01
201100020565;0;30;0;0;2;1;1;B01
201100020565;0;7;0;0;2;2;1;A01
201100020566;0;7;0;0;2;4;2;B01
201100020566;0;7;0;0;2;1;2;A01
201100020566;0;31;0;0;0;4;2;C01
201100020567;0;30;0;0;2;1;1;A01
201100020567;0;7;0;0;0;8;15;B01
201100020568;0;7;0;1;0;1;1;A01
201100020569;0;10;0;15;2;1;2;A01
201100020569;0;7;0;0;2;4;2;C01
201100020569;0;7;0;0;2;4;2;B01
201100020570;2;7;0;8;0;1;1;A01
201100020571;0;7;0;0;2;3;1;C01
201100020571;0;31;0;0;2;1;0;A01
201100020571;0;7;0;0;2;3;0;B01
201100020572;0;2;0;0;2;7;2;A01
201100020573;0;7;0;0;0;5;23;C01
201100020573;0;7;0;0;2;3;7;B01
201100020573;0;7;0;0;2;3;1;A01
201100020574;0;7;0;0;1;3;1;A01
201100020575;0;7;0;0;2;3;2;A01
201100020575;0;33;0;0;2;9;2;B01
201100020576;0;7;0;0;0;0;0;A01
201100020577;0;7;0;0;1;2;0;A01
201100020578;0;30;0;0;2;1;17;A01
201100020578;0;7;0;0;2;8;15;B01
201100020579;0;7;0;0;2;2;9;A01
201100020579;0;7;0;0;2;1;1;B01
201100020580;0;7;0;0;1;3;1;A01
201100020581;0;7;0;8;0;1;21;A01
201100020582;0;7;0;11;0;9;1;A01
201100020583;0;2;0;0;2;8;1;B01
201100020583;0;7;0;0;2;1;1;A01
201100020584;0;7;0;0;2;8;9;A01
201100020584;0;33;0;0;2;8;1;B01
201100020585;0;7;0;0;1;4;4;A01
201100020586;0;2;0;0;2;2;17;A01
201100020586;0;7;0;0;0;3;1;B01
201100020587;0;7;0;0;2;2;13;A01
201100020587;0;7;0;0;2;6;1;B01
201100020588;0;7;0;0;2;6;16;A01
201100020588;0;32;0;0;2;1;1;B01
201100020589;0;7;0;0;2;5;2;B01
201100020589;0;7;0;15;2;1;1;A01
201100020590;0;7;0;0;2;1;1;A01
201100020590;0;7;0;0;0;4;16;B01
201100020591;0;7;0;0;2;4;2;A01
201100020591;1;7;0;0;2;1;2;Z01
201100020591;0;7;0;0;2;4;2;B01
201100020592;0;30;0;0;2;7;1;A01
201100020592;1;7;0;0;2;0;13;Z01
201100020593;0;7;0;0;2;0;0;A01
201100020593;0;1;0;0;2;1;1;B01
201100020594;0;7;0;0;2;3;0;A01
201100020594;0;30;0;0;2;3;1;B01
201100020595;0;2;0;0;0;1;1;A01
201100020596;1;20;0;8;2;1;1;A01
201100020596;0;7;0;0;2;1;1;B01
201100020597;0;7;0;0;1;2;1;A01
201100020598;0;7;0;0;2;1;1;A01
201100020598;0;7;0;0;2;7;19;B01
201100020599;0;7;0;0;2;0;1;C01
201100020599;0;7;0;0;2;1;5;A01
201100020599;0;7;0;0;2;1;1;B01
201100020600;0;7;0;0;2;4;1;B01
201100020600;1;7;0;0;2;0;1;Z01
201100020600;0;7;0;0;2;6;1;A01
201100020601;0;2;0;0;2;1;2;A01
201100020601;0;7;0;0;2;5;2;C01
201100020601;0;32;0;0;2;1;2;B01
201100020602;0;7;0;0;2;3;1;B01
201100020602;0;13;0;0;2;3;0;C01
201100020602;0;30;0;0;2;2;21;A01
201100020603;0;7;0;0;2;2;15;A01
201100020603;0;33;0;0;2;1;0;B01
201100020604;0;7;0;0;2;8;2;A01
201100020604;0;31;0;0;2;2;2;B01
201100020605;0;37;0;0;2;3;2;B01
201100020605;0;10;0;0;2;0;16;A01
201100020606;0;7;0;0;2;1;1;B01
201100020606;1;7;0;0;2;8;15;Z01
201100020607;1;7;0;0;2;0;4;Z01
201100020607;0;30;0;0;2;0;23;B01
201100020608;0;32;0;0;2;1;1;A01
201100020608;0;7;0;0;0;7;15;B01
201100020609;0;7;0;0;2;4;16;A01
201100020609;0;34;0;0;2;1;1;B01
201100020610;0;7;0;0;2;3;1;B01
201100020610;0;7;0;0;2;3;21;A01
201100020611;0;31;0;0;2;0;1;B01
201100020611;1;7;0;0;2;0;15;Z01
201100020612;0;7;0;0;1;3;15;A01
201100020613;0;7;0;0;1;1;1;A01
201100020614;1;2;0;0;1;0;1;Z01
201100020615;1;7;0;0;2;1;5;Z01
201100020615;0;7;0;0;2;1;21;B01
201100020616;0;30;0;0;2;0;21;B01
201100020616;1;7;0;0;2;0;0;Z01
201100020617;0;7;0;0;2;1;0;B01
201100020617;0;7;0;0;2;8;9;A01
201100020618;0;7;0;0;2;3;23;C01
201100020618;0;7;0;0;2;1;1;B01
201100020618;0;7;0;0;2;7;19;A01
201100020619;0;99;0;0;2;2;15;A01
201100020619;0;2;0;0;2;1;1;B01
201100020620;0;7;0;0;2;7;17;A01
201100020620;0;1;0;0;2;8;1;B01
201100020621;0;30;0;0;2;9;1;A01
201100020621;0;7;0;0;2;2;1;B01
201100020622;0;7;0;0;2;5;15;B01
201100020622;0;31;0;0;2;8;1;A01
201100020623;0;33;0;0;2;5;0;B01
201100020623;0;7;0;0;2;3;2;A01
201100020624;0;7;0;0;2;4;23;B01
201100020624;0;7;0;0;2;1;2;A01
201100020625;0;7;0;0;2;6;9;A01
201100020625;0;1;0;0;2;7;1;B01
201100020626;0;32;0;0;2;1;1;A01
201100020626;0;7;0;0;2;5;16;B01
201100020627;0;7;0;0;2;8;1;B01
201100020627;0;7;0;0;2;1;1;A01
201100020628;0;7;0;0;0;4;2;B01
201100020628;0;7;0;0;2;1;2;A01
201100020629;0;17;0;0;1;3;1;A01
201100020630;0;34;0;0;2;1;1;A01
201100020630;0;7;0;0;2;3;1;B01
201100020631;0;7;0;0;2;1;1;B01
201100020631;0;2;0;0;2;1;13;A01
201100020632;0;7;0;0;2;1;9;A01
201100020632;0;2;0;0;2;1;1;B01
201100020633;0;7;0;0;2;4;2;A01
201100020633;0;7;0;0;2;5;1;B01
201100020634;0;7;0;0;0;8;9;A01
201100020634;0;7;0;0;0;1;0;B01
201100020635;0;7;0;0;2;1;12;A01
201100020635;0;30;0;0;0;4;1;B01
201100020636;0;7;0;0;2;1;1;B01
201100020636;0;7;0;0;2;1;5;A01
201100020637;0;7;0;0;2;4;2;B01
201100020637;0;7;0;0;2;1;2;A01
201100020637;0;7;0;0;0;4;23;C01
201100020638;0;7;0;0;2;6;15;B01
201100020638;0;30;0;0;2;2;17;A01
201100020639;0;7;0;0;2;1;2;A01
201100020639;0;7;0;0;2;4;2;B01
201100020640;1;30;0;0;0;;;Z01
201100020640;0;33;0;0;2;1;1;A01
201100020641;0;30;0;0;2;1;2;B01
201100020641;0;7;0;0;2;2;2;A01
201100020642;0;7;0;14;0;1;22;A01
201100020643;0;32;0;0;2;7;13;A01
201100020643;0;7;0;0;2;6;1;B01
201100020644;0;7;0;0;1;1;1;A01
201100020645;0;32;0;0;0;2;9;A01
201100020646;0;2;0;0;2;2;1;A01
201100020646;0;7;0;0;2;2;1;B01
201100020647;0;7;0;0;2;3;9;A01
201100020647;0;34;0;0;2;1;21;B01
201100020648;0;7;0;0;2;3;11;B01
201100020648;0;34;0;0;2;2;2;A01
201100020649;0;32;0;0;2;8;15;B01
201100020649;0;7;0;0;2;2;9;A01
201100020650;0;7;0;0;1;0;1;A01
201100020651;0;7;0;0;0;0;9;C01
201100020651;0;31;0;0;2;1;1;A01
201100020651;0;7;0;0;2;4;1;B01
201100020652;0;34;0;0;2;1;1;B01
201100020652;0;7;0;0;2;7;15;A01
201100020653;0;7;0;0;2;2;0;A01
201100020653;0;7;0;0;2;7;0;B01
201100020654;1;7;0;0;2;1;1;Z01
201100020654;0;7;0;0;2;4;1;B01
201100020655;0;7;0;0;2;5;1;B01
201100020655;0;32;0;0;2;1;1;A01
201100020656;0;7;0;0;9;3;0;B01
201100020656;0;30;0;0;2;8;0;A01
201100020657;0;2;0;0;2;1;17;A01
201100020657;0;7;0;0;0;3;15;B01
201100020658;0;7;0;0;2;1;1;B01
201100020658;0;7;0;0;2;1;1;A01
201100020659;2;33;0;1;1;1;0;Z01
201100020660;0;7;0;0;2;1;2;A01
201100020660;0;7;0;0;2;3;2;B01
201100020661;0;2;0;0;2;1;16;A01
201100020661;0;14;0;0;2;2;16;B01
201100020662;0;7;0;0;2;5;23;B01
201100020662;0;32;0;0;2;2;1;A01
201100020663;0;30;0;1;0;1;1;A01
201100020664;0;30;0;0;2;1;1;A01
201100020664;1;7;0;0;2;8;15;Z01
201100020665;0;10;0;0;0;0;1;B01
201100020665;0;30;0;0;0;0;15;A01
201100020666;1;30;0;0;2;7;1;B01
201100020666;1;7;0;0;2;1;1;Z01
201100020667;0;33;0;0;2;1;17;B01
201100020667;0;10;0;0;2;8;15;A01
201100020668;0;2;0;0;1;2;1;A01
201100020669;0;7;0;0;0;4;2;C01
201100020669;0;7;0;0;2;9;2;B01
201100020669;0;10;0;0;2;1;2;A01
201100020670;0;7;0;0;2;8;15;A01
201100020670;0;33;0;0;2;2;17;B01
201100020671;0;7;0;0;2;1;2;B01
201100020671;0;7;0;0;2;1;11;A01
201100020672;1;7;0;0;2;0;0;Z01
201100020672;0;7;0;0;2;1;1;A01
201100020673;0;99;0;0;2;1;2;B01
201100020673;0;32;0;0;2;1;13;A01
201100020674;0;33;0;0;2;1;1;B01
201100020674;0;7;0;0;2;2;9;A01
201100020675;0;30;0;0;2;1;2;A01
201100020675;0;7;0;0;2;4;0;B01
201100020676;0;31;0;0;2;1;1;A01
201100020676;0;7;0;0;2;7;19;B01
201100020677;0;33;0;0;1;1;1;A01
201100020678;0;7;0;0;0;0;11;A01
201100020679;0;32;0;0;2;1;1;B01
201100020679;0;7;0;0;2;7;15;A01
201100020680;0;14;0;0;2;7;21;B01
201100020680;0;7;0;3;2;3;0;A01
201100020681;0;7;0;0;2;2;1;B01
201100020681;0;32;0;0;2;1;6;A01
201100020682;0;2;0;2;0;1;0;A01
201100020683;0;32;0;0;2;1;17;A01
201100020683;0;7;0;0;2;8;15;B01
201100020684;0;31;0;0;2;3;5;A01
201100020684;0;37;25;0;2;3;5;B01
201100020685;0;7;0;0;2;3;2;B01
201100020685;0;34;0;0;2;9;2;D01
201100020685;0;32;0;0;2;7;0;C01
201100020685;0;7;0;0;2;9;1;A01
201100020686;1;7;0;0;2;0;0;Z01
201100020686;0;31;0;0;2;1;0;A01
201100020687;1;10;0;0;2;0;9;Z01
201100020687;0;31;0;0;2;0;21;B01
201100020688;1;7;0;0;2;0;14;Z01
201100020688;0;30;0;0;2;1;1;B01
201100020689;1;7;0;0;2;8;5;Z01
201100020689;0;7;0;0;2;8;1;B01
201100020690;0;7;0;0;2;8;24;B01
201100020690;1;7;0;0;2;0;1;Z01
201100020691;1;7;0;0;2;1;2;Z01
201100020691;0;7;0;0;2;4;23;B01
201100020692;1;7;0;0;2;0;0;Z01
201100020692;0;7;0;0;2;1;1;A01
201100020693;0;7;0;0;2;8;20;B01
201100020693;0;31;0;0;2;1;17;A01
201100020694;0;31;0;6;0;2;2;A01
201100020695;0;14;0;0;0;8;1;A01
201100020696;0;7;0;4;0;3;0;A01
201100020697;0;30;0;0;2;0;1;A01
201100020697;0;7;0;0;2;1;1;B01
201100020698;0;7;0;0;2;2;1;B01
201100020698;0;7;0;0;2;3;19;A01
201100020699;1;30;0;0;1;0;1;Z01
201100020700;0;7;0;0;2;2;1;A01
201100020700;0;7;0;8;2;1;1;B01
201100020701;0;7;0;9;0;1;0;A01
201100020702;0;30;0;0;0;1;0;A01
201100020703;0;2;0;0;2;1;17;B01
201100020703;0;7;0;0;2;3;15;A01
201100020704;0;31;0;0;2;7;1;A01
201100020704;1;7;0;0;2;0;15;Z01
201100020704;0;7;0;0;2;0;15;B01
201100020705;0;7;0;0;2;0;2;A01
201100020705;0;7;0;0;2;0;2;B01
201100020706;0;7;0;0;2;3;15;B01
201100020706;0;30;0;0;2;1;17;A01
201100020707;0;33;0;0;1;1;0;A01
201100020708;0;10;0;0;2;1;1;A01
201100020708;0;7;0;0;2;4;1;B01
201100020708;0;7;0;0;2;4;1;C01
201100020709;0;7;0;0;2;5;1;B01
201100020709;0;34;0;0;2;2;12;A01
201100020710;0;33;0;0;2;1;1;B01
201100020710;0;7;0;0;0;2;15;A01
201100020711;0;7;0;0;1;1;1;A01
201100020712;0;10;0;0;2;5;1;B01
201100020712;0;7;0;0;2;1;16;A01
201100020713;0;38;1;1;1;6;4;A01
201100020714;0;30;0;0;2;2;2;A01
201100020714;0;7;0;0;0;8;15;B01
201100020715;0;32;0;0;1;0;0;A01
201100020716;1;7;0;0;2;0;9;Z01
201100020716;0;7;0;0;2;2;1;A01
201100020717;0;7;0;9;0;1;1;A01
201100020718;0;7;0;0;1;2;1;A01
201100020719;0;34;0;0;2;7;1;A01
201100020719;0;14;0;0;2;1;1;B01
201100020720;0;33;0;0;0;0;0;A01
201100020721;0;32;0;0;2;8;6;A01
201100020721;0;33;0;0;2;1;21;B01
201100020722;1;7;0;0;1;0;1;Z01
201100020723;1;7;0;0;0;0;0;Z01
201100020723;0;32;0;0;2;1;1;B01
201100020724;1;7;0;0;2;1;2;Z01
201100020724;0;7;0;0;2;4;23;B01
201100020725;0;34;0;0;2;1;1;A01
201100020725;0;7;0;0;2;3;1;B01
201100020726;0;7;0;0;0;4;2;A01
201100020726;1;7;0;0;2;4;2;Z01
201100020727;0;34;0;0;2;5;17;B01
201100020727;0;7;0;0;2;3;0;A01
201100020728;1;7;0;0;0;2;1;Z01
201100020729;0;7;0;0;0;1;0;B01
201100020729;0;10;0;0;0;2;1;A01
201100020730;0;7;0;0;2;7;23;C01
201100020730;0;7;0;0;2;8;24;A01
201100020730;0;30;0;1;2;9;1;B01
201100020731;1;7;0;0;2;1;1;Z01
201100020731;0;7;0;0;2;4;1;B01
201100020732;0;32;0;0;2;0;1;B01
201100020732;1;7;0;0;2;0;11;Z01
201100020733;1;7;0;0;1;2;1;Z01
201100020734;0;7;0;8;0;1;6;A01
201100020735;0;7;0;0;2;0;1;A01
201100020735;0;32;0;0;2;8;18;B01
201100020736;1;7;0;0;2;0;2;Z01
201100020736;0;31;0;0;2;0;2;A01
201100020737;0;1;0;0;2;0;2;A01
201100020737;0;7;0;0;0;4;2;B01
201100020738;0;7;0;0;1;1;2;A01
201100020739;0;7;0;0;2;7;1;B01
201100020739;0;30;0;0;2;1;1;A01
201100020740;0;30;0;0;2;8;0;A01
201100020740;0;7;0;0;2;7;0;B01
201100020741;0;7;0;0;2;3;0;A01
201100020741;0;2;0;0;2;1;0;B01
201100020742;0;10;0;0;2;3;1;B01
201100020742;0;7;0;0;2;3;0;A01
201100020743;0;7;0;0;0;7;2;A01
201100020744;0;7;0;0;2;3;1;B01
201100020744;0;7;0;0;2;6;17;A01
201100020745;0;30;0;0;0;4;23;B01
201100020745;0;7;0;0;0;2;2;A01
201100020746;0;33;0;0;2;1;0;B01
201100020746;0;7;0;0;2;8;0;A01
201100020747;0;33;0;0;2;1;16;B01
201100020747;0;7;0;0;2;3;13;A01
201100020748;1;7;0;0;2;4;4;Z01
201100020748;0;1;0;0;2;0;23;B01
201100020749;0;7;0;0;2;4;1;C01
201100020749;1;7;0;0;2;1;1;Z01
201100020749;0;7;0;0;2;4;1;B01
201100020750;1;7;0;0;2;1;1;Z01
201100020750;0;7;0;0;2;4;1;B01
201100020751;1;7;0;0;2;1;1;Z01
201100020751;0;7;0;0;2;4;23;B01
201100020752;0;34;0;0;2;1;3;A01
201100020752;0;7;0;0;2;1;9;B01
201100020753;2;7;0;0;2;8;9;A01
201100020753;0;37;3;0;2;1;1;B01
201100020754;0;7;0;0;1;1;1;A01
201100020755;0;7;0;0;1;2;1;A01
201100020756;0;30;0;0;0;4;2;B01
201100020756;1;7;0;0;2;1;2;Z01
201100020756;0;7;0;0;2;4;2;A01
201100020757;0;7;0;0;0;4;2;B01
201100020757;0;30;0;0;2;1;2;A01
201100020758;0;33;0;11;0;1;13;A01
201100020759;0;32;0;0;0;0;2;A01
201100020760;0;34;0;0;0;0;1;A01
201100020761;0;7;0;0;2;1;1;B01
201100020761;0;7;0;0;2;7;1;A01
201100020762;0;7;0;0;2;5;0;A01
201100020762;0;32;0;0;2;1;21;B01
201100020763;0;7;0;0;2;4;1;B01
201100020763;0;7;0;0;2;1;1;A01
201100020764;0;7;0;0;2;8;1;B01
201100020764;0;7;0;0;2;1;1;A01
201100020765;0;7;0;0;2;3;16;A01
201100020765;0;7;0;0;2;5;2;B01
201100020765;0;7;0;0;0;8;23;C01
201100020766;0;31;0;6;0;1;1;A01
201100020767;0;30;0;0;2;1;1;B01
201100020767;0;7;0;0;2;1;15;A01
201100020768;0;7;0;0;2;3;15;A01
201100020768;0;7;0;0;2;1;1;B01
201100020769;0;32;0;0;2;3;0;A01
201100020769;0;7;0;0;2;7;0;B01
201100020770;0;7;0;0;2;3;15;A01
201100020770;0;33;0;0;2;1;17;B01
201100020771;0;7;0;0;2;4;2;C01
201100020771;0;7;0;0;2;1;2;A01
201100020771;0;7;0;0;2;4;2;B01
201100020772;0;7;0;0;2;3;20;A01
201100020772;0;33;0;0;2;1;1;B01
201100020773;0;7;0;0;2;3;15;B01
201100020773;0;33;0;0;2;2;1;A01
201100020774;0;7;0;0;0;0;23;C01
201100020774;0;2;0;1;0;1;21;A01
201100020775;0;7;0;0;1;1;0;A01
201100020776;0;7;0;0;9;8;4;A01
201100020776;0;40;0;0;2;8;1;B01
201100020777;0;2;0;0;2;1;1;B01
201100020777;0;7;0;0;2;3;15;A01
201100020778;0;7;0;0;2;3;1;B01
201100020778;0;31;0;0;2;1;0;A01
201100020779;0;33;0;0;2;7;11;A01
201100020779;0;7;0;0;2;6;9;B01
201100020780;0;33;0;0;1;1;1;A01
201100020781;0;30;0;0;1;1;0;A01
201100020782;0;30;0;0;2;1;2;B01
201100020782;0;7;0;0;9;8;2;A01
201100020783;0;34;0;0;2;3;0;B01
201100020783;0;7;0;0;2;1;15;A01
201100020784;0;32;0;0;2;1;2;B01
201100020784;1;7;0;0;2;3;15;A01
201100020785;0;7;0;0;0;5;4;A01
201100020785;0;30;0;0;0;1;0;B01
201100020786;0;7;0;0;1;7;0;B01
201100020787;0;7;0;0;1;2;1;A01
201100020788;0;7;0;0;2;8;15;B01
201100020788;0;32;0;0;2;1;17;A01
201100020789;0;7;0;0;2;8;9;A01
201100020789;0;31;0;0;2;1;1;B01
201100020790;0;7;0;0;2;4;2;B01
201100020790;0;7;0;0;2;1;2;A01
201100020791;0;10;0;0;2;3;11;A01
201100020791;0;34;0;0;2;1;17;B01
201100020792;0;7;0;0;2;4;2;C01
201100020792;0;34;0;0;2;1;2;A01
201100020792;0;7;0;0;2;4;2;B01
201100020793;0;33;0;0;0;1;1;B01
201100020793;2;33;0;0;0;1;5;A01
201100020794;0;7;0;0;2;4;2;C01
201100020794;0;7;0;0;2;1;2;A01
201100020794;0;7;0;0;2;1;2;B01
201100020795;0;32;0;0;2;1;1;B01
201100020795;0;10;0;0;2;3;15;A01
201100020796;0;7;0;8;0;1;15;A01
201100020797;0;7;0;0;1;8;0;A01
201100020798;0;30;0;0;0;8;1;B01
201100020798;0;7;0;0;0;1;1;A01
201100020799;0;7;0;1;2;5;1;A01
201100020799;0;7;0;0;2;1;1;B01
201100020800;0;7;0;2;2;1;1;A01
201100020801;0;7;0;0;2;4;1;B01
201100020801;1;7;0;0;2;1;1;Z01
201100020801;0;7;0;0;2;4;1;C01
201100020802;0;7;0;0;2;3;1;A01
201100020802;0;30;0;0;2;7;1;B01
201100020803;0;7;0;2;0;2;0;A01
201100020804;0;30;0;11;0;7;13;A01
201100020804;0;7;0;0;2;3;2;C01
201100020804;0;7;0;0;2;5;21;B01
201100020805;0;10;0;0;2;3;1;B01
201100020805;0;34;0;0;2;2;1;A01
201100020806;0;7;0;0;2;5;14;B01
201100020806;0;34;0;1;2;3;14;A01
201100020807;0;7;0;0;0;4;1;B01
201100020807;0;7;0;0;2;1;1;A01
201100020808;0;7;0;0;2;4;0;B01
201100020808;0;7;0;0;2;1;0;A01
201100020809;0;7;0;0;0;5;0;B01
201100020809;0;33;0;0;2;1;0;A01
201100020810;0;32;0;0;5;1;2;A01
201100020811;1;14;0;0;2;7;14;Z01
201100020811;0;33;0;0;2;8;1;B01
201100020812;0;7;0;0;1;7;1;A01
201100020813;0;7;0;0;2;1;2;A01
201100020813;0;7;0;0;2;4;23;B01
201100020814;0;33;0;0;1;1;1;A01
201100020815;0;7;0;8;0;8;11;A01
201100020815;0;34;0;0;0;7;17;B01
201100020816;0;7;0;0;2;1;2;D01
201100020816;0;7;0;0;2;4;2;A01
201100020816;0;7;0;0;2;1;0;B01
201100020816;0;7;0;0;2;1;2;C01
201100020817;0;7;0;0;2;4;0;C01
201100020817;0;7;0;0;2;4;23;B01
201100020817;0;7;0;0;2;1;0;A01
201100020818;0;7;0;0;1;3;15;A01
201100020818;0;30;0;0;2;1;1;B01
201100020819;0;32;0;0;2;1;1;B01
201100020819;0;7;0;0;2;2;15;A01
201100020820;0;7;0;0;0;3;15;A01
201100020820;0;34;0;0;0;0;0;B01
201100020821;0;10;0;0;2;3;19;B01
201100020821;0;7;0;0;2;7;1;A01
201100020822;0;33;0;1;0;1;1;A01
201100020823;0;7;0;0;2;6;19;B01
201100020823;0;33;0;0;2;1;1;A01
201100020824;0;7;0;0;2;7;13;A01
201100020825;0;7;0;0;2;5;22;A01
201100020825;0;33;0;1;0;1;18;B01
201100020826;0;7;0;0;1;2;1;A01
201100020827;0;30;0;0;2;1;13;A01
201100020827;1;7;0;0;2;1;1;Z01
201100020828;0;7;0;8;0;2;0;A01
201100020829;0;32;0;0;0;8;1;A01
201100020830;0;7;0;0;0;1;2;A01
201100020831;0;7;0;0;1;1;1;A01
201100020832;0;7;0;0;2;7;16;A01
201100020832;0;32;0;0;2;8;1;B01
201100020833;0;7;0;0;2;3;1;B01
201100020833;0;7;0;1;2;3;1;A01
201100020834;0;7;0;0;1;3;1;A01
201100020835;0;30;0;0;1;1;1;A01
201100020836;0;34;0;0;2;2;1;A01
201100020836;0;7;0;0;2;8;15;B01
201100020837;0;7;0;0;0;1;14;A01
201100020838;0;1;0;0;2;7;16;A01
201100020838;0;30;0;0;2;1;2;B01
201100020839;0;7;0;0;2;3;1;B01
201100020839;0;7;0;0;2;1;13;A01
201100020840;0;7;0;0;2;3;9;A01
201100020840;0;33;0;0;2;1;1;B01
201100020841;0;32;0;1;0;1;2;A01
201100020842;1;7;0;0;1;8;1;Z01
201100020843;1;7;0;0;2;1;15;Z01
201100020843;0;30;0;0;2;3;1;A01
201100020844;1;33;0;0;2;0;1;Z01
201100020844;0;30;0;0;2;0;23;B01
201100020845;1;7;0;0;1;0;1;Z01
201100020846;1;32;0;0;2;0;13;Z01
201100020846;0;34;0;0;2;7;1;A01
201100020847;0;7;0;0;2;7;1;B01
201100020847;0;30;0;0;2;8;18;A01
201100020848;0;7;0;0;2;1;2;A01
201100020848;0;7;0;0;2;4;2;C01
201100020848;0;7;0;0;2;1;2;B01
201100020849;0;33;0;0;2;1;5;A01
201100020849;0;7;0;0;2;3;2;B01
201100020850;0;10;0;0;2;3;15;A01
201100020850;0;31;0;0;2;1;1;B01