num_acc;senc;catv;occutc;obs;obsm;choc;manv;num_veh
201100020851;0;7;0;0;1;1;1;A01
201100020852;0;32;0;0;2;5;9;A01
201100020852;0;33;0;0;2;1;0;B01
201100020853;0;7;0;0;2;2;15;A01
201100020853;0;7;0;0;2;3;1;B01
201100020854;0;7;0;0;2;3;15;B01
201100020854;0;32;0;0;2;1;17;A01
201100020855;0;7;0;0;0;8;1;B01
201100020855;0;7;0;0;0;1;1;A01
201100020856;0;7;0;0;0;0;10;A01
201100020856;0;30;0;0;2;1;17;B01
201100020857;0;30;0;0;0;0;1;A01
201100020858;1;10;0;0;1;0;1;Z01
201100020859;0;7;0;2;0;1;2;A01
201100020859;0;7;0;0;2;5;2;B01
201100020860;0;32;0;0;2;1;2;B01
201100020860;0;7;0;0;2;8;15;A01
201100020861;0;36;0;6;0;2;15;A01
201100020862;0;7;0;0;0;4;2;C01
201100020862;0;7;0;0;2;1;2;A01
201100020862;0;7;0;0;2;4;2;B01
201100020863;0;7;0;0;0;6;10;B01
201100020863;0;32;0;0;2;9;1;A01
201100020864;0;10;0;0;2;1;1;A01
201100020864;0;7;0;0;2;8;1;B01
201100020865;0;33;0;0;0;1;16;B01
201100020865;0;10;0;0;0;3;11;A01
201100020866;1;7;0;0;2;3;18;Z01
201100020866;0;33;0;0;2;7;15;A01
201100020867;0;7;0;0;2;7;9;A01
201100020867;0;7;0;0;2;1;2;B01
201100020868;0;7;0;0;2;5;2;A01
201100020868;0;2;0;0;2;3;2;B01
201100020869;1;7;0;0;1;0;0;Z01
201100020870;0;32;0;0;2;4;1;B01
201100020870;0;33;0;0;0;4;1;C01
201100020870;0;7;0;0;2;1;1;A01
201100020871;0;7;0;0;2;1;1;A01
201100020871;0;7;0;0;2;4;1;C01
201100020871;0;7;0;0;2;4;1;B01
201100020872;0;7;0;0;2;3;11;A01
201100020872;0;32;0;0;2;1;17;B01
201100020873;0;7;0;0;1;3;1;A01
201100020874;0;7;0;0;2;8;1;B01
201100020874;0;7;0;0;2;1;1;A01
201100020875;0;30;0;0;2;1;18;B01
201100020875;0;7;0;0;2;7;14;A01
201100020876;0;34;0;0;1;2;17;A01
201100020877;0;33;0;0;2;7;17;B01
201100020877;0;7;0;0;2;8;13;A01
201100020878;0;7;0;0;2;1;1;B01
201100020878;0;7;0;0;2;3;9;A01
201100020879;0;32;0;0;2;1;1;B01
201100020879;0;7;0;0;2;5;10;A01
201100020880;1;7;0;0;2;0;1;Z01
201100020880;0;1;0;0;1;0;1;B01
201100020881;0;30;0;0;0;8;2;A01
201100020881;1;7;0;0;2;7;17;Z01
201100020882;0;33;0;0;1;0;21;A01
201100020883;0;7;0;0;2;8;1;A01
201100020883;0;7;0;0;2;1;1;B01
201100020884;0;7;0;0;2;1;2;A01
201100020884;0;31;0;0;2;1;2;B01
201100020885;0;34;0;0;2;0;1;A01
201100020885;1;7;0;0;2;0;9;Z01
201100020886;0;7;0;1;0;3;15;A01
201100020887;0;7;0;0;2;3;12;A01
201100020887;0;7;0;0;0;8;1;B01
201100020888;0;7;0;0;1;2;1;A01
201100020889;0;1;0;0;2;8;1;B01
201100020889;0;10;0;0;2;2;17;A01
201100020890;0;7;0;0;1;3;0;A01
201100020891;0;7;0;0;2;2;2;A01
201100020891;0;7;0;1;2;3;2;B01
201100020892;0;7;0;0;0;2;0;B01
201100020892;0;2;0;0;2;1;18;A01
201100020893;1;7;0;0;1;0;0;Z01
201100020894;0;7;0;0;2;1;15;A01
201100020894;0;7;0;0;2;5;1;B01
201100020895;0;33;0;0;2;2;17;B01
201100020895;0;7;0;0;2;3;15;A01
201100020896;1;7;0;0;2;1;2;Z01
201100020896;0;7;0;0;2;4;23;B01
201100020897;0;7;0;0;2;6;9;B01
201100020897;0;37;0;0;2;2;1;A01
201100020898;0;7;0;0;2;1;2;A01
201100020898;0;7;0;0;2;4;2;B01
201100020899;0;10;0;0;2;7;2;A01
201100020899;0;31;0;0;2;1;1;B01
201100020900;0;7;0;0;2;3;1;B01
201100020900;0;7;0;0;2;3;0;A01
201100020901;1;7;0;0;2;1;0;Z01
201100020901;0;7;0;0;2;3;0;A01
201100020902;0;7;0;0;1;2;21;A01
201100020903;0;33;0;0;2;8;1;B01
201100020903;0;7;0;0;2;7;9;A01
201100020904;1;33;0;0;2;1;1;Z01
201100020904;0;32;0;0;2;0;0;B01
201100020905;1;30;0;0;2;8;15;Z01
201100020905;0;32;0;0;2;0;21;B01
201100020906;0;33;0;0;2;1;1;B01
201100020906;1;7;0;0;2;8;15;Z01
201100020907;1;7;0;0;1;0;0;Z01
201100020908;0;7;0;0;0;4;23;B01
201100020908;0;7;0;0;2;1;2;A01
201100020909;0;32;0;0;2;1;17;A01
201100020909;0;7;0;0;0;8;15;B01
201100020910;0;7;0;0;2;1;17;A01
201100020910;0;32;0;0;2;1;0;B01
201100020911;0;7;0;0;2;1;1;A01
201100020911;0;7;0;0;2;4;2;B01
201100020912;0;7;0;0;2;2;2;A01
201100020912;0;30;0;0;2;8;2;B01
201100020913;0;7;0;0;2;8;17;A01
201100020913;1;32;0;0;2;0;17;B01
201100020914;0;7;0;0;0;4;0;B01
201100020914;1;7;0;0;0;0;0;Z01
201100020914;0;7;0;0;0;0;0;A01
201100020915;0;7;0;0;2;4;20;B01
201100020915;1;7;0;0;2;1;1;Z01
201100020916;1;2;0;0;2;1;11;Z01
201100020916;0;31;0;0;2;1;2;B01
201100020917;1;7;0;0;2;0;15;Z01
201100020917;0;30;0;0;2;0;1;B01
201100020918;0;7;0;0;2;8;15;A01
201100020918;0;31;0;0;2;1;0;B01
201100020919;0;7;0;0;1;1;1;A01
201100020920;0;7;0;0;2;7;15;A01
201100020920;0;33;0;0;2;1;1;B01
201100020921;0;1;0;0;2;1;0;B01
201100020921;0;33;0;0;9;1;0;A01
201100020922;0;7;0;0;2;1;1;B01
201100020922;0;7;0;0;2;4;1;C01
201100020922;0;7;0;0;2;1;1;A01
201100020923;0;7;0;0;2;5;2;A01
201100020923;0;31;0;0;2;3;2;B01
201100020924;0;7;0;0;2;2;2;B01
201100020924;0;2;0;0;2;3;11;A01
201100020925;0;7;0;0;1;4;4;A01
201100020926;0;7;0;0;2;1;2;A01
201100020926;0;7;0;0;2;4;2;B01
201100020927;0;7;0;0;2;3;2;A01
201100020927;0;7;0;0;0;6;13;B01
201100020928;0;7;0;0;1;1;1;A01
201100020929;0;7;0;0;2;1;1;A01
201100020929;0;10;0;0;0;4;1;B01
201100020930;0;3;0;0;2;2;1;B01
201100020930;0;7;0;0;2;3;15;A01
201100020931;0;7;0;0;2;5;15;C01
201100020931;0;37;10;0;9;8;16;B01
201100020931;0;1;0;0;2;1;3;A01
201100020932;0;1;0;0;2;1;0;A01
201100020932;0;7;0;0;9;3;0;B01
201100020933;0;7;0;0;2;8;15;B01
201100020933;0;30;0;0;2;1;1;A01
201100020934;0;7;0;0;0;2;0;A01
201100020935;0;13;0;7;2;3;1;B01
201100020935;0;7;0;0;2;8;15;A01
201100020936;0;2;0;0;2;8;1;A01
201100020936;1;7;0;0;0;0;0;Z01
201100020937;0;30;0;0;2;2;16;B01
201100020937;1;30;0;0;2;1;18;Z01
201100020938;1;7;0;0;2;0;1;Z01
201100020939;1;7;0;0;2;0;12;Z01
201100020939;0;33;0;0;2;0;21;B01
201100020940;1;7;0;0;1;7;1;Z01
201100020941;1;7;0;0;2;0;9;Z01
201100020941;1;2;0;0;0;1;21;B01
201100020942;1;34;0;0;1;1;1;Z01
201100020943;0;7;0;0;2;8;1;B01
201100020943;1;7;0;0;2;7;14;Z01
201100020944;1;7;0;0;2;1;1;Z01
201100020944;0;7;0;0;2;4;1;B01
201100020945;1;30;0;10;0;3;1;Z01
201100020946;0;7;0;0;2;1;2;A01
201100020946;0;7;0;0;2;4;2;B01
201100020947;0;7;0;6;2;1;9;A01
201100020947;0;10;0;0;2;2;1;B01
201100020948;1;10;0;0;2;1;16;Z01
201100020948;0;7;0;0;2;3;11;B01
201100020949;0;33;0;0;2;1;2;A01
201100020949;0;7;0;0;2;3;2;B01
201100020950;0;7;0;0;2;5;1;A01
201100020950;0;7;0;0;2;2;1;B01
201100020951;0;7;0;0;1;3;15;A01
201100020952;0;7;0;0;2;7;1;B01
201100020952;0;7;0;0;2;1;1;A01
201100020953;0;7;0;0;2;2;1;A01
201100020953;1;7;0;0;2;1;9;Z01
201100020954;2;7;0;0;1;0;0;Z01
201100020955;0;7;0;0;1;1;1;A01
201100020956;0;7;0;0;1;0;4;A01
201100020957;0;7;0;0;1;1;2;A01
201100020958;0;34;0;0;2;1;2;B01
201100020958;0;7;0;0;0;5;10;A01
201100020959;0;7;0;0;2;1;0;C01
201100020959;0;7;0;6;0;1;0;A01
201100020959;0;7;0;0;2;4;0;B01
201100020960;0;30;0;0;2;1;2;B01
201100020960;0;7;0;0;2;1;15;A01
201100020961;0;7;0;0;2;3;1;B01
201100020961;0;1;0;0;2;4;5;A01
201100020962;0;7;0;0;2;8;11;A01
201100020962;0;33;0;0;2;7;2;B01
201100020963;0;7;0;0;1;3;2;A01
201100020964;0;34;0;0;0;7;1;B01
201100020964;0;7;0;0;0;6;11;A01
201100020965;0;2;0;0;0;7;1;A01
201100020966;0;32;0;14;0;1;2;A01
201100020967;0;7;0;0;2;7;16;B01
201100020967;0;34;0;0;2;1;18;A01
201100020968;0;30;0;0;2;2;3;A01
201100020968;0;7;0;0;2;3;23;B01
201100020969;0;10;0;0;2;2;15;A01
201100020969;0;10;0;0;0;3;1;B01
201100020970;0;7;0;0;1;3;1;A01
201100020971;1;99;0;0;2;0;0;Z01
201100020971;0;31;0;0;2;1;0;B01
201100020972;0;7;0;0;0;2;14;A01
201100020973;0;33;0;0;0;7;1;A01
201100020974;0;7;0;0;1;1;1;A01
201100020975;0;7;0;0;0;4;2;B01
201100020975;0;2;0;0;0;1;2;A01
201100020976;0;7;0;0;2;1;5;A01
201100020976;0;7;0;0;2;1;1;B01
201100020977;0;7;0;0;2;3;15;B01
201100020977;0;30;0;0;2;1;2;A01
201100020978;0;7;0;15;2;8;1;B01
201100020978;0;16;0;0;2;2;12;A01
201100020979;1;7;0;0;1;0;0;Z01
201100020980;0;7;0;0;2;3;15;A01
201100020980;0;30;0;0;2;1;17;B01
201100020981;0;7;0;0;1;3;15;A01
201100020982;0;30;0;0;0;2;1;B01
201100020982;0;7;0;0;0;0;1;A01
201100020983;0;10;0;0;1;7;1;A01
201100020984;1;7;0;0;1;4;4;A01
201100020985;0;7;0;0;2;1;1;A01
201100020985;0;7;0;0;2;4;1;B01
201100020986;0;10;0;0;1;1;1;A01
201100020987;0;32;0;0;2;8;2;A01
201100020987;0;7;0;0;2;3;2;B01
201100020988;0;33;0;0;2;8;10;A01
201100020988;0;32;0;0;2;7;1;B01
201100020989;0;7;0;0;2;3;15;A01
201100020989;0;33;0;0;2;7;1;B01
201100020990;0;7;0;0;0;6;11;A01
201100020990;0;33;0;0;2;1;1;B01
201100020991;0;7;0;0;2;1;15;B01
201100020991;0;7;0;0;2;8;1;A01
201100020992;0;7;0;0;2;0;0;A01
201100020992;0;32;0;0;2;1;0;B01
201100020993;0;7;0;0;2;3;1;B01
201100020993;0;7;0;0;2;2;15;A01
201100020994;0;7;0;0;2;2;1;A01
201100020994;0;37;26;0;2;3;9;B01
201100020995;0;30;0;0;2;1;17;A01
201100020995;0;7;0;0;2;3;0;B01
201100020996;0;7;0;0;1;1;9;A01
201100020997;0;15;0;0;2;2;13;A01
201100020997;0;32;0;0;0;4;1;B01
201100020998;0;7;0;0;0;4;2;B01
201100020998;0;7;0;0;0;1;2;A01
201100020999;0;2;0;11;2;7;15;A01
201100020999;0;14;0;0;2;8;15;B01
201100021000;0;7;0;0;2;8;15;B01
201100021000;0;7;0;0;2;1;17;A01
201100021001;0;33;0;0;2;1;1;A01
201100021001;0;7;0;0;2;6;15;B01
201100021002;0;7;0;0;2;3;13;A01
201100021002;0;7;0;0;2;3;1;B01
201100021003;0;7;0;6;0;3;13;A01
201100021004;0;7;0;0;1;1;1;A01
201100021005;0;7;0;0;2;3;15;B01
201100021005;0;32;0;0;2;8;17;A01
201100021006;0;7;0;0;1;2;1;A01
201100021007;0;7;0;0;2;1;9;A01
201100021007;0;7;0;0;2;7;9;B01
201100021008;0;32;0;0;0;0;0;A01
201100021009;0;7;0;0;2;3;1;A01
201100021009;0;7;0;0;0;5;2;B01
201100021010;0;34;0;1;2;1;2;B01
201100021010;0;7;0;0;2;2;10;A01
201100021011;0;7;0;0;0;3;0;B01
201100021011;0;7;0;0;0;3;0;A01
201100021012;0;7;0;0;1;2;9;A01
201100021013;0;7;0;0;0;2;13;A01
201100021013;0;30;0;0;0;7;1;B01
201100021014;0;33;0;0;2;1;17;A01
201100021014;0;7;0;0;2;8;22;B01
201100021015;0;13;0;1;0;1;2;A01
201100021015;0;7;0;1;0;4;24;B01
201100021016;0;7;0;2;0;9;2;A01
201100021017;0;7;0;0;1;2;1;A01
201100021018;1;7;0;0;2;0;0;Z01
201100021018;0;30;0;0;2;1;1;A01
201100021019;0;7;0;0;0;6;10;A01
201100021019;0;30;0;0;2;1;1;B01
201100021020;0;7;0;0;2;4;2;B01
201100021020;0;33;0;0;2;1;2;A01
201100021021;1;2;0;0;1;1;1;Z01
201100021022;0;7;0;0;2;8;1;B01
201100021022;1;7;0;0;2;1;1;Z01
201100021023;0;33;0;0;2;1;2;B01
201100021023;0;7;0;0;2;8;11;A01
201100021024;0;7;0;0;1;2;1;A01
201100021025;0;10;0;0;2;2;10;A01
201100021025;0;32;0;0;2;1;1;B01
201100021026;0;7;0;0;1;4;4;A01
201100021027;0;7;0;1;0;5;0;B01
201100021027;0;30;0;1;0;1;2;A01
201100021028;0;7;0;0;1;3;15;A01
201100021029;0;7;0;0;1;4;4;A01
201100021030;0;7;0;0;1;1;1;A01
201100021031;0;7;0;1;2;2;1;A01
201100021031;0;7;0;0;2;1;1;B01
201100021032;1;7;0;0;1;1;1;Z01
201100021033;0;2;0;0;2;1;1;A01
201100021033;0;33;0;0;2;5;1;B01
201100021034;0;14;0;0;1;1;0;A01
201100021035;0;3;0;6;0;3;21;A01
201100021035;1;7;0;0;0;0;16;Z01
201100021036;0;37;1;0;2;1;7;A01
201100021036;0;7;0;0;2;7;1;B01
201100021037;0;7;0;0;1;5;0;A01
201100021038;0;34;0;5;0;3;2;A01
201100021039;0;7;0;0;2;7;0;A01
201100021039;0;33;0;0;2;8;0;B01
201100021040;0;7;0;0;9;1;2;A01
201100021040;0;1;0;0;2;4;2;B01
201100021041;0;32;0;1;2;8;18;A01
201100021041;0;7;0;0;2;2;16;B01
201100021042;0;34;0;0;2;1;1;B01
201100021042;0;7;0;0;2;6;15;A01
201100021043;1;7;0;0;0;0;2;Z01
201100021043;0;7;0;8;2;6;2;B01
201100021044;0;7;0;0;2;8;10;A01
201100021044;0;7;0;0;2;2;1;B01
201100021045;0;10;0;0;2;1;2;A01
201100021045;0;7;0;0;2;4;2;B01
201100021046;1;7;0;0;2;0;15;Z01
201100021046;0;32;0;0;2;1;1;B01
201100021047;0;7;0;0;2;1;1;B01
201100021047;0;33;0;0;2;1;1;A01
201100021048;0;7;0;0;2;2;19;B01
201100021048;0;30;0;0;2;0;1;A01
201100021049;0;7;0;0;0;1;2;A01
201100021049;0;7;0;0;0;4;23;B01
201100021049;0;7;0;0;0;6;23;C01
201100021050;0;30;0;0;0;1;0;B01
201100021050;0;33;0;0;0;1;0;A01
201100021051;1;7;0;0;1;3;0;Z01
201100021052;0;7;0;0;2;1;1;B01
201100021052;0;7;0;0;2;6;1;A01
201100021053;0;7;0;0;0;2;2;A01
201100021053;0;30;0;0;0;0;0;B01
201100021054;0;37;31;0;2;5;7;B01
201100021054;0;34;0;0;2;1;7;A01
201100021055;0;7;0;0;2;7;0;A01
201100021055;0;37;1;0;2;3;0;B01
201100021056;0;7;0;6;1;1;20;A01
201100021057;0;7;0;8;0;8;0;A01
201100021058;0;7;0;0;1;4;4;A01
201100021059;0;7;0;0;1;1;1;A01
201100021060;0;34;0;0;1;1;17;A01
201100021061;0;7;0;1;0;9;16;A01
201100021062;0;7;0;0;2;1;15;A01
201100021062;0;33;0;0;2;1;1;B01
201100021063;0;33;0;0;0;3;1;A01
201100021064;0;7;0;0;1;0;15;A01
201100021065;0;34;0;0;1;1;1;A01
201100021066;0;2;0;0;0;1;1;A01
201100021067;0;33;0;0;2;8;1;B01
201100021067;0;7;0;0;2;3;15;A01
201100021068;0;32;0;0;2;0;1;B01
201100021068;0;7;0;0;0;0;16;A01
201100021069;0;7;0;0;2;2;15;A01
201100021069;0;32;0;0;2;1;1;B01
201100021070;0;7;0;0;2;3;10;A01
201100021070;0;32;0;0;2;2;17;B01
201100021071;0;34;0;0;0;4;0;B01
201100021071;0;7;0;0;9;4;0;A01
201100021072;0;33;0;0;2;1;1;B01
201100021072;0;37;1;0;2;1;1;C01
201100021072;0;7;0;0;2;8;9;A01
201100021073;0;30;0;0;2;8;1;B01
201100021073;0;7;0;0;2;1;15;A01
201100021074;0;7;0;0;2;2;1;B01
201100021074;0;31;0;0;2;8;11;A01
201100021075;0;7;0;0;2;1;1;A01
201100021075;0;7;0;0;0;7;9;B01
201100021076;0;7;0;0;2;3;1;B01
201100021076;0;7;0;0;2;1;1;A01
201100021077;0;30;0;0;1;1;1;A01
201100021078;0;7;0;0;2;4;1;B01
201100021078;0;30;0;0;2;1;1;A01
201100021079;0;7;0;0;1;1;1;A01
201100021080;0;7;0;0;2;1;2;A01
201100021080;0;7;0;0;2;4;23;B01
201100021081;0;7;0;0;1;0;1;A01
201100021082;0;7;0;0;1;1;15;A01
201100021083;1;10;0;0;2;3;15;Z01
201100021083;0;33;0;0;2;2;1;B01
201100021084;0;7;0;0;2;4;2;C01
201100021084;0;7;0;0;2;4;2;B01
201100021084;0;7;0;0;2;1;2;A01
201100021085;0;7;0;0;1;8;1;A01
201100021085;1;7;0;0;1;8;1;Z01
201100021086;0;33;0;0;2;1;1;B01
201100021086;0;7;0;0;2;2;1;A01
201100021087;0;30;0;0;2;1;17;A01
201100021087;0;7;0;0;2;3;1;B01
201100021088;0;34;0;0;1;1;1;A01
201100021089;0;32;0;0;2;1;17;B01
201100021089;0;7;0;0;2;3;15;A01
201100021090;0;32;0;0;2;1;2;B01
201100021090;0;7;0;0;2;1;2;C01
201100021090;0;3;0;0;2;2;9;A01
201100021091;0;7;0;13;0;2;0;A01
201100021092;0;7;0;0;1;1;1;A01
201100021093;0;33;0;0;2;7;1;B01
201100021093;1;7;0;0;2;0;11;Z01
201100021094;0;7;0;0;2;3;6;A01
201100021094;0;7;0;0;2;4;6;B01
201100021095;0;31;0;0;0;7;0;A01
201100021096;1;30;0;0;1;1;1;Z01
201100021097;0;37;0;0;2;1;0;B01
201100021097;0;33;0;0;2;0;0;A01
201100021098;0;7;0;0;2;1;1;B01
201100021098;1;30;0;0;2;1;5;Z01
201100021099;1;32;0;0;1;1;1;Z01
201100021100;0;7;0;0;2;1;1;A01
201100021100;0;7;0;0;2;8;1;B01
201100021101;0;7;0;0;2;2;15;B01
201100021101;0;33;0;0;2;1;1;A01
201100021102;1;7;0;0;2;1;1;Z01
201100021102;0;7;0;0;2;4;22;B01
201100021103;1;7;0;0;2;1;1;A01
201100021103;0;7;0;0;2;4;1;B01
201100021104;0;7;0;0;1;2;1;A01
201100021105;0;7;0;0;2;8;1;A01
201100021105;0;32;0;0;2;1;1;B01
201100021106;0;33;0;0;2;1;0;B01
201100021106;0;7;0;0;0;7;15;A01
201100021107;0;7;0;0;2;1;15;B01
201100021107;0;7;0;0;2;2;1;A01
201100021108;0;33;0;0;2;2;0;B01
201100021108;0;7;0;0;2;2;0;A01
201100021109;0;7;0;0;2;8;15;A01
201100021109;0;30;0;0;2;7;17;B01
201100021110;0;33;0;0;0;0;2;A01
201100021111;0;7;0;0;0;3;2;A01
201100021111;0;30;0;0;2;7;0;B01
201100021112;0;7;0;0;2;1;1;B01
201100021112;0;30;0;0;2;1;1;A01
201100021113;0;33;0;0;2;4;17;A01
201100021113;0;15;0;0;2;4;2;B01
201100021114;0;31;0;0;1;1;1;A01
201100021115;0;10;0;0;1;2;1;A01
201100021116;0;7;0;0;2;1;1;A01
201100021116;0;34;0;0;2;7;3;C01
201100021116;0;7;0;0;2;9;1;B01
201100021117;0;2;0;1;0;2;1;A01
201100021118;0;7;0;0;2;1;15;A01
201100021118;0;31;0;0;9;3;1;C01
201100021118;0;32;0;0;2;5;1;B01
201100021119;0;7;0;1;0;1;14;A01
201100021120;0;10;0;0;1;1;1;A01
201100021121;0;31;0;0;2;1;1;A01
201100021121;1;7;0;0;2;8;1;Z01
201100021122;1;7;0;0;0;0;17;A01
201100021123;0;7;0;0;2;1;2;A01
201100021123;0;7;0;0;2;4;2;B01
201100021124;0;7;0;0;2;2;15;A01
201100021124;0;30;0;0;2;1;1;B01
201100021125;0;7;0;0;2;3;1;B01
201100021125;0;7;0;0;2;4;1;C01
201100021125;0;7;0;0;2;1;2;A01
201100021126;0;2;0;0;2;0;0;A01
201100021126;0;7;0;0;2;0;0;B01
201100021127;0;7;0;0;0;8;1;B01
201100021127;0;7;0;0;0;3;13;A01
201100021127;0;7;0;0;0;1;0;D01
201100021127;0;7;0;0;0;1;1;C01
201100021128;0;7;0;0;1;2;1;A01
201100021129;0;7;0;0;0;5;15;A01
201100021129;0;7;0;0;2;1;21;B01
201100021130;0;7;0;0;2;3;15;A01
201100021130;0;30;0;0;2;1;21;B01
201100021131;0;7;0;0;2;6;15;C01
201100021131;0;7;0;0;2;1;1;A01
201100021131;0;7;0;0;2;3;23;B01
201100021132;0;7;0;0;2;1;1;B01
201100021132;0;7;0;0;2;1;1;A01
201100021133;0;7;0;0;2;2;6;A01
201100021133;0;7;0;0;2;1;6;B01
201100021134;0;7;0;0;2;3;0;B01
201100021134;0;32;0;0;2;1;0;A01
201100021135;0;7;0;2;0;1;1;A01
201100021136;0;7;0;15;0;3;1;A01
201100021137;0;34;0;0;1;1;1;A01
201100021138;0;34;0;0;2;6;18;B01
201100021138;0;7;0;0;2;2;16;A01
201100021139;0;30;0;0;1;1;17;A01
201100021140;0;7;0;13;0;1;1;A01
201100021141;0;7;0;15;2;2;0;A01
201100021141;0;7;0;0;2;3;9;B01
201100021142;0;7;0;0;2;3;1;A01
201100021142;0;7;0;15;2;5;16;B01
201100021143;0;33;0;0;0;0;21;A01
201100021144;0;33;0;0;0;8;1;A01
201100021145;0;7;0;0;2;7;15;A01
201100021145;0;32;0;0;2;1;1;B01
201100021146;1;7;0;0;2;1;1;Z01
201100021146;0;31;0;0;2;1;1;B01
201100021147;0;7;0;9;0;2;0;A01
201100021148;0;2;0;1;0;1;1;A01
201100021149;0;7;0;0;2;1;2;A01
201100021149;0;7;0;0;2;5;0;B01
201100021150;0;7;0;0;1;2;1;A01
201100021151;0;33;0;0;2;1;1;A01
201100021151;0;7;0;0;0;4;1;B01
201100021152;0;7;0;0;2;3;19;A01
201100021152;0;32;0;0;2;1;17;B01
201100021153;0;7;0;0;1;1;15;A01
201100021154;0;7;0;0;2;3;1;B01
201100021154;0;10;0;0;2;2;1;A01
201100021155;0;30;0;0;1;1;17;A01
201100021156;0;7;0;0;2;2;15;A01
201100021156;0;34;0;0;2;1;1;B01
201100021157;0;7;0;0;2;1;2;A01
201100021157;0;7;0;0;2;4;2;B01
201100021158;0;32;0;0;1;7;2;A01
201100021159;0;32;0;0;1;0;17;A01
201100021160;0;7;0;0;2;1;1;B01
201100021160;0;7;0;1;2;7;1;A01
201100021161;0;7;0;0;2;8;12;A01
201100021161;0;33;0;0;0;8;1;B01
201100021162;0;32;0;0;2;7;1;A01
201100021162;1;10;0;0;2;1;1;Z01
201100021163;1;2;0;0;1;1;15;Z01
201100021164;0;7;0;1;0;8;0;A01
201100021165;1;33;0;0;1;1;17;Z01
201100021166;0;10;0;0;2;3;11;A01
201100021166;0;33;0;0;2;2;1;B01
201100021167;1;14;0;0;0;0;0;Z01
201100021167;0;30;0;0;0;0;1;B01
201100021168;0;7;0;0;2;3;15;B01
201100021168;1;7;0;0;2;0;9;Z01
201100021169;0;7;0;0;2;4;23;B01
201100021169;1;7;0;0;2;1;2;Z01
201100021170;0;7;0;0;2;6;15;B01
201100021170;0;33;0;0;2;7;17;A01
201100021171;0;30;0;0;2;4;2;B01
201100021171;0;7;0;0;2;1;2;A01
201100021172;0;7;0;0;0;6;11;B01
201100021172;0;31;0;0;2;6;2;A01
201100021173;0;7;0;0;2;7;15;A01
201100021173;0;32;0;0;2;1;1;B01
201100021174;0;7;0;0;2;4;15;B01
201100021174;0;7;0;0;2;1;1;A01
201100021175;0;7;0;0;2;2;15;A01
201100021175;0;34;0;0;2;1;1;B01
201100021176;0;7;0;0;2;1;2;A01
201100021176;0;7;0;0;0;5;23;B01
201100021177;0;7;0;0;2;2;1;A01
201100021177;0;7;0;0;0;3;1;B01
201100021178;0;34;0;0;1;2;1;A01
201100021179;0;7;0;0;2;3;1;B01
201100021179;0;7;0;0;2;3;13;A01
201100021180;0;32;0;0;0;7;1;A01
201100021181;0;7;0;0;2;7;15;A01
201100021181;0;30;0;0;2;1;1;B01
201100021182;0;32;0;0;2;0;0;B01
201100021182;0;7;0;0;2;0;0;A01
201100021183;0;10;0;0;2;5;2;B01
201100021183;0;14;0;0;2;1;2;A01
201100021184;0;7;0;0;0;6;24;B01
201100021184;0;7;0;0;2;1;1;A01
201100021185;0;37;1;0;1;0;1;A01
201100021186;0;7;0;0;2;1;1;B01
201100021186;0;7;0;0;2;1;15;A01
201100021187;0;37;35;0;1;3;19;A01
201100021188;0;32;0;0;2;8;0;B01
201100021188;0;7;0;0;2;8;0;A01
201100021189;0;30;0;0;0;7;1;A01
201100021190;0;7;0;0;0;2;22;A01
201100021190;0;34;0;1;0;1;18;B01
201100021191;0;33;0;0;2;1;5;A01
201100021191;0;7;0;0;2;3;19;B01
201100021192;0;7;0;0;2;8;13;B01
201100021192;0;32;0;0;2;1;17;A01
201100021193;0;2;0;0;2;8;1;A01
201100021193;0;7;0;0;2;1;1;B01
201100021194;0;7;0;0;2;3;0;C01
201100021194;0;7;0;0;2;8;1;B01
201100021194;0;7;0;0;2;3;15;A01
201100021195;0;31;0;0;2;1;1;B01
201100021195;0;7;0;0;2;2;9;A01
201100021196;0;7;0;0;0;4;0;B01
201100021196;0;7;0;1;0;1;0;A01
201100021197;0;17;0;0;2;3;1;B01
201100021197;0;32;0;0;2;1;6;A01
201100021198;0;7;0;0;1;1;1;A01
201100021199;0;7;0;0;2;0;15;A01
201100021199;0;33;0;0;2;7;17;B01
201100021200;0;33;0;0;2;4;1;B01
201100021200;1;7;0;0;0;0;0;Z01
201100021201;0;34;0;0;2;1;1;B01
201100021201;0;7;0;0;2;7;15;A01
201100021202;0;7;0;0;2;3;10;A01
201100021202;0;32;0;0;2;1;17;B01
201100021203;0;7;0;0;0;2;0;B01
201100021203;0;7;0;0;0;3;0;A01
201100021204;1;30;0;0;1;1;0;Z01
201100021205;0;33;0;0;0;7;1;A01
201100021206;0;32;0;0;0;7;2;B01
201100021206;0;7;0;0;2;1;9;A01
201100021207;0;7;0;0;2;7;19;A01
201100021207;0;7;0;0;2;1;0;B01
201100021208;0;7;0;0;2;4;2;A01
201100021208;0;7;0;0;2;1;2;B01
201100021209;0;7;0;0;2;1;1;B01
201100021209;0;7;0;0;2;3;15;A01
201100021210;0;7;0;0;2;1;2;A01
201100021210;0;7;0;0;2;4;1;B01
201100021211;0;30;0;0;2;0;1;B01
201100021211;0;7;0;0;0;5;9;A01
201100021212;0;30;0;1;0;0;1;A01
201100021213;0;7;0;0;2;2;19;A01
201100021213;0;7;0;0;2;3;1;B01
201100021214;0;7;0;1;0;2;2;A01