num_acc;senc;catv;occutc;obs;obsm;choc;manv;num_veh
201100021215;0;30;0;0;0;1;2;A01
201100021215;0;7;0;0;0;3;2;B01
201100021216;0;7;0;0;0;4;1;B01
201100021216;0;33;0;0;0;1;1;A01
201100021217;0;7;0;0;0;1;9;A01
201100021217;0;37;1;0;0;2;1;B01
201100021218;0;7;0;0;2;7;16;A01
201100021218;0;2;0;0;2;3;16;B01
201100021219;0;10;0;0;0;4;2;B01
201100021219;0;30;0;1;0;1;2;A01
201100021220;0;30;0;0;0;0;1;A01
201100021221;0;7;0;0;2;1;15;B01
201100021221;0;34;0;0;2;1;17;A01
201100021222;0;7;0;0;1;1;1;A01
201100021223;0;30;0;15;0;0;16;A01
201100021224;0;7;0;1;2;8;21;B01
201100021224;0;7;0;0;2;3;13;A01
201100021225;0;7;0;0;1;2;0;A01
201100021226;0;7;0;0;1;7;1;A01
201100021227;0;7;0;0;2;1;1;B01
201100021227;0;7;0;0;2;1;17;A01
201100021227;0;7;0;0;2;3;2;C01
201100021228;0;37;1;0;1;2;2;A01
201100021229;0;14;0;0;2;3;23;A01
201100021229;1;7;0;0;2;1;2;Z01
201100021230;0;2;0;0;1;1;0;A01
201100021231;0;33;0;0;2;1;1;A01
201100021231;0;7;0;0;2;8;15;B01
201100021232;0;7;0;0;2;1;2;A01
201100021232;0;7;0;0;2;4;2;B01
201100021233;0;7;0;4;0;1;1;A01
201100021234;0;30;0;8;2;3;1;A01
201100021234;0;7;0;0;2;1;1;B01
201100021235;0;30;0;0;0;7;1;A01
201100021236;0;7;0;0;2;6;15;B01
201100021236;0;33;0;0;2;2;1;A01
201100021237;0;2;0;0;2;1;1;B01
201100021237;0;7;0;0;2;3;15;A01
201100021238;0;99;0;0;2;4;1;A01
201100021239;0;7;0;0;1;1;1;A01
201100021240;0;7;0;0;2;8;15;A01
201100021240;0;32;0;0;2;2;2;B01
201100021241;0;7;0;0;2;2;1;A01
201100021241;0;10;0;0;2;4;4;B01
201100021242;0;33;0;0;2;1;5;A01
201100021242;0;7;0;0;2;3;0;B01
201100021243;0;32;0;0;2;1;1;A01
201100021243;0;7;0;0;2;3;0;B01
201100021244;0;2;0;0;2;1;17;A01
201100021244;0;7;0;0;2;8;15;B01
201100021245;0;7;0;0;1;3;1;A01
201100021246;0;32;0;0;1;1;1;A01
201100021247;1;7;0;0;2;2;9;Z01
201100021247;0;32;0;0;0;8;1;A01
201100021248;0;7;0;0;0;2;9;A01
201100021248;1;7;0;0;2;3;1;Z01
201100021249;1;7;0;0;2;0;15;Z01
201100021249;0;30;0;0;2;5;1;A01
201100021250;0;7;0;0;2;3;15;B01
201100021250;0;2;0;0;2;1;3;A01
201100021251;0;7;0;0;1;8;1;A01
201100021252;0;7;0;0;1;6;4;A01
201100021253;0;7;0;0;2;1;2;A01
201100021253;0;7;0;0;2;6;2;B01
201100021254;0;7;0;0;0;4;23;C01
201100021254;0;10;0;0;2;1;15;A01
201100021254;0;7;0;0;2;4;23;B01
201100021255;0;33;0;0;2;8;16;B01
201100021255;0;14;0;0;2;7;16;A01
201100021256;0;10;0;0;1;2;1;A01
201100021257;0;7;0;0;2;7;24;B01
201100021257;1;7;0;1;0;1;0;A01
201100021258;1;7;0;0;1;0;1;Z01
201100021259;0;34;0;1;0;0;2;A01
201100021260;0;7;0;0;2;2;19;B01
201100021260;0;34;0;0;2;8;0;A01
201100021261;0;7;0;0;2;2;9;A01
201100021261;0;7;0;15;2;3;2;B01
201100021262;0;34;0;0;2;8;0;A01
201100021262;1;7;0;0;2;0;0;Z01
201100021263;0;7;0;0;1;3;1;A01
201100021264;0;7;0;0;2;3;1;A01
201100021264;0;7;0;0;2;8;1;B01
201100021265;0;32;0;0;1;1;1;A01
201100021266;0;33;0;0;0;0;0;B01
201100021266;0;7;0;0;0;0;0;A01
201100021267;0;10;0;0;2;6;1;B01
201100021267;0;2;0;0;2;1;17;A01
201100021268;0;7;0;0;2;3;15;A01
201100021268;0;33;0;0;2;1;1;B01
201100021269;0;7;0;0;2;2;1;B01
201100021269;0;32;0;0;2;3;1;A01
201100021270;0;7;0;0;2;8;15;A01
201100021270;0;2;0;0;2;2;17;B01
201100021271;0;30;0;0;1;1;1;A01
201100021272;0;7;0;0;2;5;1;A01
201100021272;0;2;0;0;2;1;1;B01
201100021273;1;7;0;0;2;7;14;Z01
201100021273;0;37;1;0;2;8;1;B01
201100021274;0;33;0;0;2;8;1;B01
201100021274;1;7;0;0;2;7;12;Z01
201100021275;0;2;0;0;1;0;19;A01
201100021276;0;7;0;0;2;1;12;A01
201100021276;0;7;0;0;0;6;1;B01
201100021277;0;31;0;0;2;1;1;B01
201100021277;0;10;0;0;2;2;15;A01
201100021278;0;30;0;0;1;1;17;A01
201100021279;1;7;0;0;2;1;1;Z01
201100021279;0;7;0;0;2;4;2;B01
201100021280;0;7;0;0;1;2;1;A01
201100021281;0;7;0;0;2;8;17;A01
201100021281;0;7;0;0;2;7;17;B01
201100021282;0;31;0;0;0;0;0;B01
201100021282;0;7;0;0;0;0;0;A01
201100021283;0;32;0;0;2;7;2;B01
201100021283;0;7;0;0;2;3;2;A01
201100021284;0;7;0;0;1;1;0;A01
201100021285;0;7;0;0;1;1;1;A01
201100021286;0;30;0;0;2;7;9;B01
201100021286;0;7;0;0;2;3;9;A01
201100021287;0;32;0;0;1;1;0;A01
201100021288;0;33;0;0;2;1;0;B01
201100021288;0;7;0;0;2;3;11;A01
201100021289;0;32;0;1;0;0;1;A01
201100021289;0;7;0;0;0;0;23;B01
201100021290;0;7;0;0;1;4;4;A01
201100021291;0;31;0;0;2;1;1;B01
201100021291;0;7;0;0;2;3;15;A01
201100021292;0;7;0;0;1;1;1;A01
201100021293;0;40;0;0;2;1;1;B01
201100021293;0;7;0;0;4;6;1;A01
201100021294;0;7;0;14;0;8;2;A01
201100021294;0;14;0;0;2;5;2;B01
201100021295;0;31;0;14;0;2;16;A01
201100021296;0;7;0;1;0;1;1;C01
201100021296;0;7;0;0;0;1;2;A01
201100021296;0;7;0;1;0;4;2;B01
201100021297;0;7;0;0;2;3;9;B01
201100021297;0;33;0;0;2;3;1;A01
201100021298;0;13;0;0;2;1;2;A01
201100021298;0;7;0;0;0;4;2;C01
201100021298;0;7;0;0;2;4;2;B01
201100021299;0;30;0;0;0;8;1;A01
201100021299;1;7;0;0;2;2;9;B01
201100021300;0;7;0;0;2;0;0;A01
201100021300;0;33;0;0;2;0;1;B01
201100021301;0;33;0;0;2;4;0;B01
201100021301;0;30;0;0;2;1;1;A01
201100021302;0;7;0;0;9;8;10;A01
201100021302;0;30;0;0;2;1;17;B01
201100021303;0;7;0;0;1;2;1;A01
201100021304;0;7;0;0;2;3;15;A01
201100021304;0;30;0;0;2;2;1;B01
201100021305;0;7;0;0;9;2;15;A01
201100021305;0;32;0;0;2;1;1;B01
201100021306;0;33;0;0;2;7;1;B01
201100021306;1;7;0;0;2;8;11;Z01
201100021307;0;7;0;0;2;1;1;A01
201100021307;0;7;0;0;2;4;1;C01
201100021307;0;7;0;0;2;4;1;B01
201100021308;0;32;0;1;0;2;21;B01
201100021308;0;7;0;0;9;6;1;C01
201100021308;0;7;0;0;2;8;22;A01
201100021309;0;34;0;0;2;1;0;A01
201100021309;0;7;0;0;2;1;9;B01
201100021310;0;30;0;0;2;3;9;A01
201100021310;0;7;0;0;0;1;1;B01
201100021311;0;33;0;0;2;1;1;B01
201100021311;0;7;0;0;2;3;15;A01
201100021312;0;2;0;0;0;1;1;A01
201100021312;0;37;3;0;0;6;15;B01
201100021313;0;7;0;0;1;8;15;A01
201100021314;0;7;0;0;2;6;1;B01
201100021314;0;31;0;0;2;1;1;A01
201100021315;1;99;0;0;1;0;1;Z01
201100021316;0;7;0;8;0;1;2;A01
201100021317;0;7;0;0;2;5;1;B01
201100021317;0;15;0;0;2;1;19;A01
201100021318;0;7;0;0;1;1;2;A01
201100021319;0;34;0;0;2;7;11;A01
201100021319;0;7;0;0;2;3;0;B01
201100021320;0;7;0;8;0;8;1;A01
201100021321;0;7;0;8;0;1;1;A01
201100021322;0;7;0;0;2;3;9;A01
201100021322;0;34;0;0;2;2;9;B01
201100021323;0;32;0;0;2;1;1;B01
201100021323;0;7;0;0;2;2;10;A01
201100021324;0;7;0;0;2;1;2;A01
201100021324;0;15;0;0;2;6;2;B01
201100021325;0;2;0;0;0;0;0;A01
201100021326;0;7;0;0;1;0;2;A01
201100021327;0;33;0;0;2;7;16;B01
201100021327;0;7;0;0;2;3;1;A01
201100021328;0;7;0;0;1;2;19;A01
201100021329;0;37;0;0;2;3;7;A01
201100021329;0;7;0;0;2;5;16;B01
201100021330;0;7;0;0;1;1;2;A01
201100021331;0;7;0;0;1;4;4;A01
201100021332;0;7;0;0;2;1;1;C01
201100021332;0;7;0;0;2;3;1;B01
201100021332;0;7;0;0;2;1;17;A01
201100021333;0;33;0;4;2;1;0;A01
201100021333;0;7;0;0;2;1;1;B01
201100021334;0;7;0;0;1;7;9;A01
201100021335;0;34;0;0;2;1;0;B01
201100021335;0;7;0;0;2;3;19;A01
201100021336;0;7;0;0;2;2;2;A01
201100021336;0;7;0;0;2;6;2;B01
201100021337;0;7;0;0;1;4;4;A01
201100021338;1;33;0;0;1;2;3;A01
201100021339;0;31;0;0;2;2;1;B01
201100021339;0;7;0;0;2;1;15;A01
201100021340;0;33;0;0;2;1;17;A01
201100021340;0;7;0;0;2;1;19;B01
201100021341;0;34;0;0;2;6;15;B01
201100021341;0;34;0;0;2;1;17;A01
201100021342;0;7;0;0;2;6;0;B01
201100021342;0;33;0;0;2;1;1;A01
201100021343;0;7;0;0;0;3;1;B01
201100021343;0;7;0;0;2;1;19;A01
201100021343;0;7;0;0;0;1;23;C01
201100021344;0;2;0;0;0;0;0;A01
201100021345;0;7;0;0;2;3;1;B01
201100021345;0;7;0;0;2;2;1;A01
201100021346;0;7;0;0;2;8;10;A01
201100021346;0;7;0;0;2;1;1;B01
201100021347;0;7;0;0;2;3;0;A01
201100021347;0;33;0;0;2;1;1;B01
201100021348;0;2;0;0;2;1;13;A01
201100021348;0;7;0;0;2;3;1;B01
201100021349;1;7;0;0;1;2;0;Z01
201100021350;0;7;0;0;2;1;0;B01
201100021350;0;32;0;0;1;2;17;A01
201100021351;0;10;0;0;1;3;1;A01
201100021352;0;37;10;0;2;6;15;A01
201100021352;0;7;0;0;2;2;13;B01
201100021353;0;7;0;0;2;7;15;A01
201100021353;0;7;0;0;2;1;1;B01
201100021354;0;7;0;1;2;6;0;A01
201100021354;0;7;0;0;2;4;1;C01
201100021354;0;10;0;0;2;2;1;B01
201100021355;0;32;0;0;0;0;0;A01
201100021356;0;31;0;0;2;1;1;B01
201100021356;0;7;0;0;2;7;15;A01
201100021357;0;10;0;0;0;3;1;B01
201100021357;0;30;0;0;2;1;1;A01
201100021358;0;7;0;0;2;3;23;B01
201100021358;0;32;0;0;2;8;17;A01
201100021359;0;2;0;0;2;1;1;B01
201100021359;0;7;0;0;2;3;10;A01
201100021360;0;33;0;0;2;1;13;B01
201100021360;0;7;0;0;2;3;15;A01
201100021361;0;7;0;0;1;4;4;A01
201100021362;0;30;0;0;1;1;2;A01
201100021363;0;7;0;0;1;3;1;A01
201100021364;1;7;0;0;1;0;1;Z01
201100021365;1;7;0;0;1;1;0;Z01
201100021366;0;31;0;0;2;1;3;A01
201100021366;0;7;0;0;2;5;1;B01
201100021366;0;7;0;0;2;8;1;C01
201100021367;1;7;0;0;1;0;1;Z01
201100021368;0;33;0;0;0;8;1;A01
201100021369;0;30;0;0;2;1;1;A01
201100021369;0;14;0;0;2;8;1;B01
201100021370;0;10;0;12;0;3;0;A01
201100021371;0;7;0;0;1;1;17;A01
201100021372;0;7;0;0;1;2;0;A01
201100021373;0;7;0;0;0;4;2;B01
201100021373;0;7;0;0;0;1;2;A01
201100021374;0;7;0;0;0;5;2;B01
201100021374;0;34;0;0;2;1;2;A01
201100021375;1;2;0;0;1;1;1;Z01
201100021376;0;7;0;0;2;3;19;B01
201100021376;0;7;0;0;2;3;21;A01
201100021377;0;7;0;1;2;2;1;A01
201100021377;0;7;0;0;2;3;1;B01
201100021378;0;7;0;0;2;7;15;A01
201100021378;0;7;0;0;2;3;23;C01
201100021378;0;7;0;0;2;2;1;B01
201100021379;1;7;0;0;2;7;5;Z01
201100021379;0;7;0;4;2;3;1;A01
201100021380;0;33;0;0;1;0;0;A01
201100021381;0;33;0;1;0;1;21;A01
201100021382;0;7;0;8;0;1;1;A01
201100021383;0;7;0;0;2;2;15;A01
201100021383;0;34;0;0;2;1;1;B01
201100021384;0;30;0;0;2;9;1;A01
201100021384;0;7;0;0;2;1;15;B01
201100021385;0;7;0;0;2;1;1;B01
201100021385;1;99;0;0;0;0;0;Z01
201100021386;0;7;0;0;2;2;15;A01
201100021386;0;30;0;0;2;1;18;B01
201100021387;0;7;0;0;2;8;1;B01
201100021387;0;32;0;0;2;1;1;A01
201100021388;0;30;0;0;0;9;0;A01
201100021389;0;30;0;0;2;1;1;B01
201100021389;0;7;0;0;2;7;15;A01
201100021390;0;7;0;0;1;2;1;A01
201100021391;0;7;0;0;2;1;1;A01
201100021391;0;7;0;0;2;4;3;B01
201100021392;0;7;0;0;2;1;2;A01
201100021392;0;7;0;0;2;4;1;B01
201100021393;0;7;0;0;1;2;15;A01
201100021394;0;7;0;0;2;5;0;B01
201100021394;0;32;0;0;2;1;1;A01
201100021395;0;7;0;0;2;1;1;A01
201100021395;0;7;0;0;0;4;23;B01
201100021396;0;7;0;0;2;3;1;B01
201100021396;0;7;0;0;2;3;13;A01
201100021397;0;7;0;12;0;8;1;A01
201100021398;0;30;0;0;2;1;1;B01
201100021398;0;7;0;0;2;2;9;A01
201100021399;0;7;0;0;2;6;10;A01
201100021399;0;32;0;0;2;1;1;B01
201100021400;0;7;0;0;2;2;15;B01
201100021400;0;33;0;0;2;2;17;A01
201100021401;0;7;0;0;1;3;1;A01
201100021402;0;34;0;0;2;7;17;B01
201100021402;0;7;0;0;2;0;20;A01
201100021403;0;7;0;1;0;2;14;A01
201100021404;0;7;0;0;1;3;1;A01
201100021405;1;31;0;0;2;7;1;Z01
201100021405;0;7;0;0;2;3;15;A01
201100021406;0;32;0;0;2;5;1;B01
201100021406;0;7;0;0;2;3;13;A01
201100021407;0;7;0;0;2;3;2;B01
201100021407;0;31;0;0;2;2;17;A01
201100021408;2;7;0;0;2;1;3;A01
201100021408;0;7;0;0;0;5;23;B01
201100021408;0;37;1;0;0;6;23;C01
201100021409;0;7;0;0;2;8;11;B01
201100021409;0;32;0;0;2;2;15;A01
201100021410;0;10;0;0;1;7;0;A01
201100021411;0;33;0;0;1;0;1;A01
201100021412;0;7;0;0;1;1;0;A01
201100021413;0;10;0;0;1;0;1;A01
201100021414;0;30;0;0;2;1;1;A01
201100021414;0;7;0;0;2;2;0;B01
201100021415;0;7;0;0;0;0;21;A01
201100021416;0;33;0;0;2;7;7;A01
201100021416;0;7;0;0;2;5;7;B01
201100021417;0;10;0;0;0;0;17;B01
201100021417;0;33;0;12;0;8;21;A01
201100021418;0;7;0;0;2;3;15;B01
201100021418;0;34;0;0;2;2;17;A01
201100021419;0;7;0;0;0;7;2;B01
201100021419;0;34;0;1;0;7;2;A01
201100021420;0;7;0;1;0;2;1;A01
201100021420;0;7;0;0;0;4;24;B01
201100021421;0;7;0;0;2;6;0;B01
201100021421;0;32;0;1;0;1;0;A01
201100021422;0;7;0;0;2;1;1;B01
201100021422;0;7;0;0;0;4;10;A01
201100021423;0;31;0;0;2;1;17;B01
201100021423;0;7;0;0;2;3;13;A01
201100021424;0;30;0;0;2;1;1;A01
201100021424;0;7;0;0;2;7;1;B01
201100021425;0;2;0;0;1;1;2;A01
201100021426;0;7;0;0;2;1;15;A01
201100021426;0;30;0;0;2;8;1;B01
201100021427;0;7;0;0;2;3;1;B01
201100021427;0;7;0;0;2;1;15;A01
201100021428;1;99;0;0;0;0;0;Z01
201100021428;0;34;0;0;2;4;0;A01
201100021429;0;7;0;0;2;1;15;A01
201100021429;0;7;0;0;2;3;2;B01
201100021430;0;7;0;0;2;2;19;A01
201100021430;0;7;0;0;2;1;1;B01
201100021431;0;7;0;0;2;1;1;A01
201100021431;0;7;0;0;2;4;1;B01
201100021432;0;7;0;0;1;0;1;A01
201100021433;0;32;0;0;2;1;1;B01
201100021433;0;7;0;0;2;2;10;A01
201100021434;0;7;0;0;2;2;1;B01
201100021434;0;7;0;0;2;3;1;A01
201100021435;0;10;0;0;2;3;0;B01
201100021435;0;1;0;0;2;1;0;A01
201100021436;0;7;0;1;0;2;0;A01
201100021437;0;7;0;0;2;3;9;A01
201100021437;0;7;0;0;2;7;1;B01
201100021438;1;31;0;0;1;1;3;Z01
201100021439;0;7;0;0;0;4;4;A01
201100021440;0;99;0;1;0;7;14;B01
201100021440;0;33;0;0;0;8;3;A01
201100021441;0;33;0;0;2;1;2;A01
201100021441;0;33;0;0;2;1;1;C01
201100021441;0;7;0;0;2;6;20;B01
201100021442;0;7;0;0;1;4;4;A01
201100021443;1;7;0;0;1;2;0;Z01
201100021444;0;7;0;0;2;8;19;A01
201100021444;0;30;0;0;2;8;1;B01
201100021445;0;13;0;0;2;1;1;A01
201100021445;0;7;0;0;0;4;1;B01
201100021446;2;7;0;0;2;1;2;Z01
201100021446;0;7;0;0;2;4;2;B01
201100021447;0;32;0;0;2;1;2;A01
201100021447;0;7;0;0;0;6;15;B01
201100021448;0;7;0;0;2;1;1;B01
201100021448;0;7;0;0;2;7;1;A01
201100021449;0;7;0;0;1;3;1;A01
201100021450;0;7;0;0;1;2;1;A01
201100021451;0;7;0;1;0;1;1;A01
201100021452;0;7;0;0;2;1;1;B01
201100021452;0;7;0;0;2;3;19;A01
201100021453;0;7;0;0;1;1;1;A01
201100021454;0;3;0;0;2;2;14;A01
201100021454;0;7;0;0;2;3;15;B01
201100021455;2;7;0;13;0;1;1;A01
201100021456;0;7;0;0;2;1;2;A01
201100021456;0;7;0;0;2;4;2;B01
201100021457;0;30;0;0;2;0;13;A01
201100021458;0;7;0;0;2;1;0;B01
201100021458;0;7;0;15;2;0;0;A01
201100021459;0;7;0;0;2;8;1;A01
201100021459;0;33;0;0;2;2;1;B01
201100021460;0;7;0;0;2;2;1;A01
201100021460;0;7;0;0;2;3;15;B01
201100021461;0;7;0;0;2;1;21;A01
201100021461;0;7;0;0;2;4;1;B01
201100021462;0;10;0;0;2;1;2;A01
201100021462;0;7;0;0;2;8;1;B01
201100021462;0;17;0;0;2;4;1;D01
201100021462;0;7;0;0;2;4;1;C01
201100021463;0;7;0;0;2;4;1;B01
201100021463;0;7;0;0;2;1;2;A01
201100021464;0;7;0;0;2;6;15;A01
201100021464;0;7;0;0;2;1;2;B01
201100021465;0;2;0;0;0;0;0;B01
201100021465;0;7;0;0;2;1;5;A01
201100021466;0;7;0;0;2;1;13;A01
201100021466;0;7;0;0;2;1;1;B01
201100021467;0;7;0;0;1;0;0;A01
201100021468;0;7;0;0;0;9;13;A01
201100021469;0;7;0;0;2;2;1;B01
201100021469;0;7;0;0;2;3;1;A01
201100021470;0;7;0;0;2;1;2;A01
201100021470;0;7;0;0;0;4;2;B01
201100021471;0;7;0;0;2;2;1;B01
201100021471;0;31;0;0;2;8;15;A01
201100021472;0;7;0;0;2;1;17;A01
201100021472;0;15;0;0;2;8;1;B01
201100021473;0;99;0;0;0;7;0;A01
201100021474;0;30;0;0;2;4;12;A01
201100021474;0;33;0;0;2;8;3;B01
201100021475;1;15;0;0;2;0;12;Z01
201100021475;0;7;0;0;2;3;1;A01
201100021476;0;7;0;0;2;1;1;A01
201100021476;0;7;0;0;2;1;1;B01
201100021477;0;7;0;0;1;7;1;A01
201100021478;0;7;0;0;2;4;1;C01
201100021478;0;7;0;0;2;1;2;A01
201100021478;0;7;0;0;2;1;2;B01
201100021479;0;21;0;0;2;0;1;B01
201100021479;0;2;0;0;2;1;15;A01
201100021480;0;7;0;0;2;2;1;B01
201100021480;0;7;0;0;2;8;9;A01
201100021481;0;7;0;0;1;1;1;A01
201100021482;0;7;0;0;2;4;2;C01
201100021482;0;7;0;0;2;1;2;A01
201100021482;0;7;0;0;2;4;1;B01
201100021483;0;7;0;0;1;1;12;A01
201100021484;0;7;0;0;0;4;2;B01
201100021484;0;7;0;1;0;2;2;A01
201100021485;0;33;0;0;9;1;2;A01
201100021486;0;7;0;0;0;0;1;A01
201100021487;0;7;0;0;1;3;1;A01
201100021488;0;7;0;0;0;2;12;A01
201100021488;0;1;0;0;0;1;1;B01
201100021489;0;33;0;0;2;1;1;B01
201100021489;0;14;0;0;2;3;11;A01
201100021490;0;2;0;0;2;2;2;B01
201100021490;0;7;0;0;2;4;4;A01
201100021491;0;7;0;0;2;6;11;A01
201100021491;0;7;0;0;2;9;17;B01
201100021491;0;7;0;0;2;5;2;C01
201100021492;1;2;0;0;1;1;1;A01
201100021493;0;7;0;0;2;8;1;B01
201100021493;0;7;0;0;2;1;13;A01
201100021494;0;7;0;0;0;4;2;B01
201100021494;0;7;0;0;2;1;2;A01
201100021495;0;7;0;0;2;9;15;B01
201100021495;0;7;0;0;2;1;2;A01
201100021495;0;7;0;0;2;1;0;C01
201100021496;0;7;0;0;2;3;1;B01
201100021496;0;7;0;0;2;1;3;A01
201100021497;0;7;0;0;2;8;13;A01
201100021497;0;13;0;0;2;8;1;B01
201100021498;0;7;0;0;2;4;2;B01
201100021498;0;7;0;0;2;1;2;A01
201100021499;0;30;0;0;2;1;2;A01
201100021499;0;7;0;0;0;4;2;B01
201100021500;0;7;0;0;2;1;2;A01
201100021500;0;7;0;0;2;4;0;B01
201100021501;0;7;0;0;2;3;21;A01
201100021501;0;15;0;0;2;3;1;C01
201100021501;0;7;0;0;2;5;1;B01
201100021502;0;7;0;0;2;1;2;A01
201100021502;0;7;0;0;2;4;0;B01
201100021503;0;7;0;0;2;6;2;A01
201100021503;0;33;0;0;2;3;2;B01
201100021504;0;7;0;0;1;1;2;A01
201100021505;0;7;0;0;2;2;1;A01
201100021505;0;7;0;0;2;3;16;B01
201100021506;0;7;0;0;1;1;2;A01
201100021507;0;1;0;0;2;1;1;B01
201100021507;0;7;0;0;9;3;1;A01
201100021508;0;7;0;0;2;8;1;B01
201100021508;0;7;0;0;2;3;13;A01
201100021509;0;32;0;0;2;7;17;A01
201100021509;0;7;0;0;2;8;15;B01
201100021510;0;7;0;0;2;7;14;B01
201100021510;0;33;0;12;2;9;18;A01
201100021511;0;15;0;0;2;0;2;A01
201100021511;0;7;0;0;2;1;13;B01
201100021512;0;7;0;0;2;7;1;B01
201100021512;0;1;0;0;2;1;19;A01
201100021513;0;7;0;0;2;1;2;A01
201100021513;0;7;0;0;2;4;2;B01
201100021514;0;7;0;15;0;1;1;A01
201100021515;0;7;0;0;2;3;2;A01
201100021515;0;7;0;0;2;5;2;B01
201100021516;0;7;0;0;1;7;1;A01
201100021517;0;38;6;0;2;1;2;B01
201100021517;0;31;0;0;2;1;13;A01
201100021518;0;7;0;6;0;9;14;A01
201100021519;0;32;0;1;2;0;1;B01
201100021519;0;7;0;0;0;7;1;C01
201100021519;0;7;0;0;2;7;12;A01
201100021520;0;7;0;0;2;0;16;A01
201100021520;0;32;0;0;2;0;1;B01
201100021521;0;7;0;0;2;6;2;C01
201100021521;0;7;0;0;2;9;2;B01
201100021521;0;7;0;0;2;1;2;A01
201100021522;1;7;0;0;0;0;0;A01
201100021523;0;7;0;0;2;3;1;C01
201100021523;0;10;0;0;2;8;19;A01
201100021523;0;7;0;0;2;1;21;D01
201100021523;0;15;0;0;2;1;13;B01
201100021524;0;7;0;8;0;9;13;A01
201100021525;0;32;0;14;0;9;2;A01
201100021526;0;7;0;0;0;6;1;C01
201100021526;0;7;0;0;2;1;4;A01
201100021526;0;7;0;0;2;3;2;B01
201100021527;0;7;0;0;2;9;2;A01
201100021527;0;7;0;0;2;3;2;C01
201100021527;0;7;0;0;0;5;2;B01
201100021528;0;33;0;0;0;8;1;B01
201100021528;0;7;0;0;2;1;15;A01
201100021529;0;7;0;0;2;3;23;C01
201100021529;0;7;0;0;2;1;1;B01
201100021529;0;7;0;0;2;2;15;A01
201100021530;0;33;0;12;0;0;0;A01
201100021531;0;7;0;14;0;0;14;C01
201100021531;0;7;0;0;2;1;13;A01
201100021531;0;7;0;3;2;8;2;B01
201100021532;0;7;0;0;1;1;0;A01
201100021533;0;7;0;0;0;9;17;A01
201100021534;0;30;0;0;2;1;23;A01
201100021534;0;7;0;0;2;4;2;B01
201100021535;0;2;0;0;2;4;0;B01
201100021535;0;7;0;0;2;1;2;A01
201100021536;0;7;0;0;2;1;1;A01
201100021536;0;7;0;0;2;3;2;B01
201100021537;0;7;0;8;0;1;0;A01
201100021538;0;7;0;0;2;1;2;A01
201100021538;0;7;0;0;2;4;2;B01
201100021539;0;7;0;0;2;7;12;A01
201100021539;0;7;0;0;2;8;1;B01
201100021540;0;30;0;0;2;7;1;B01
201100021540;1;7;0;0;2;0;9;A01
201100021541;0;7;0;0;2;3;2;C01
201100021541;0;14;0;0;2;1;1;A01
201100021541;0;7;0;0;2;3;2;B01
201100021542;0;7;0;6;0;2;0;A01
201100021543;0;37;9;0;0;7;14;A01
201100021544;1;7;0;0;1;1;17;A01
201100021545;0;7;0;0;2;6;1;E01
201100021545;0;7;0;0;2;4;1;D01
201100021545;0;7;0;0;2;1;1;A01
201100021545;0;7;0;0;2;4;1;C01
201100021545;0;7;0;0;2;4;1;B01
201100021546;0;33;0;0;2;2;2;B01
201100021546;0;7;0;0;2;8;2;A01
201100021547;0;30;0;0;0;0;0;A01
201100021548;0;7;0;4;0;9;13;A01
201100021549;0;33;0;0;2;1;2;A01
201100021549;0;7;0;0;2;6;15;B01
201100021550;0;7;0;0;2;9;2;B01
201100021550;0;7;0;0;0;4;2;C01
201100021550;0;10;0;0;2;1;2;A01
201100021551;0;7;0;2;0;1;1;A01
201100021552;0;7;0;0;2;1;0;A01
201100021552;0;7;0;0;2;4;0;B01
201100021553;0;10;0;14;0;2;14;A01
201100021554;0;1;0;0;2;8;1;B01
201100021554;0;7;0;0;2;7;12;A01
201100021555;0;2;0;0;2;1;5;A01
201100021555;0;7;0;0;2;3;15;B01
201100021556;0;7;0;0;2;1;16;A01
201100021556;0;1;0;0;2;1;1;B01
201100021557;0;7;0;0;2;9;1;B01
201100021557;0;7;0;0;2;1;1;A01
201100021557;0;7;0;0;2;4;1;C01
201100021558;0;17;0;0;2;4;2;B01
201100021558;0;10;0;0;2;1;2;A01
201100021558;0;37;1;0;2;1;2;C01
201100021559;0;7;0;0;2;8;1;B01
201100021559;0;7;0;0;2;3;17;A01
201100021560;0;7;0;0;2;8;15;A01
201100021560;0;7;0;0;2;1;1;B01
201100021561;0;7;0;0;1;4;4;A01
201100021562;0;7;0;15;2;8;2;B01
201100021562;0;7;0;0;2;7;2;A01
201100021563;0;7;0;0;2;1;2;A01
201100021563;0;7;0;0;2;4;1;B01
201100021564;0;7;0;0;1;7;1;A01
201100021564;0;7;0;0;2;3;1;B01
201100021565;0;7;0;0;2;4;2;B01
201100021565;0;10;0;0;2;1;2;A01
201100021566;0;7;0;0;2;4;1;C01
201100021566;0;7;0;0;2;1;1;A01
201100021566;0;7;0;0;2;9;1;B01
201100021567;0;7;0;0;2;3;15;A01
201100021567;0;33;0;0;2;3;1;B01
201100021568;0;7;0;13;0;1;1;A01
201100021569;0;7;0;0;2;1;1;B01
201100021569;0;7;0;0;0;1;1;C01
201100021569;0;7;0;12;2;1;0;A01
201100021570;0;7;0;0;2;0;1;B01
201100021570;0;33;0;0;2;1;1;A01
201100021571;1;33;0;0;2;1;2;Z01
201100021571;0;33;0;0;2;4;2;B01
201100021572;0;7;0;0;2;1;1;A01