num_acc;senc;catv;occutc;obs;obsm;choc;manv;num_veh
201100021572;0;7;0;0;2;7;1;B01
201100021573;0;7;0;2;0;1;14;A01
201100021574;0;10;0;0;2;4;2;B01
201100021574;0;33;0;0;2;1;2;A01
201100021575;0;33;0;0;2;2;1;A01
201100021575;0;7;0;0;2;3;1;B01
201100021576;0;30;0;0;2;1;17;A01
201100021576;0;7;0;0;2;8;15;B01
201100021577;0;7;0;0;2;3;5;A01
201100021577;0;15;0;0;2;3;5;B01
201100021578;0;7;0;0;2;2;1;A01
201100021578;0;7;0;15;0;1;1;B01
201100021579;0;14;0;0;2;8;13;A01
201100021579;0;14;0;0;2;3;1;B01
201100021580;0;32;0;0;2;1;2;A01
201100021580;0;7;0;0;2;3;2;B01
201100021581;0;7;0;0;1;1;1;A01
201100021582;0;7;0;0;2;6;2;B01
201100021582;0;7;0;0;2;2;2;A01
201100021583;1;7;0;0;1;7;0;Z01
201100021584;1;7;0;0;0;0;0;Z01
201100021584;0;7;0;0;2;7;1;B01
201100021585;0;1;0;0;2;3;19;B01
201100021585;0;7;0;0;2;7;16;A01
201100021586;0;7;0;0;1;1;2;A01
201100021587;0;7;0;0;2;4;1;C01
201100021587;0;7;0;0;2;1;1;A01
201100021587;0;7;0;0;2;9;1;B01
201100021588;0;30;0;0;2;1;16;B01
201100021588;0;7;0;0;2;7;16;A01
201100021589;0;10;0;0;0;4;2;C01
201100021589;0;7;0;0;2;1;2;B01
201100021589;0;7;0;0;2;1;2;A01
201100021590;0;7;0;0;2;1;2;A01
201100021590;0;7;0;0;2;4;1;C01
201100021590;0;7;0;0;2;9;1;B01
201100021591;0;7;0;0;2;1;5;A01
201100021591;0;10;0;0;2;1;2;B01
201100021592;0;7;0;0;2;3;1;A01
201100021592;0;7;0;0;2;3;2;B01
201100021593;0;7;0;0;0;9;14;A01
201100021594;0;32;0;0;2;3;1;B01
201100021594;0;7;0;0;2;2;3;A01
201100021595;0;7;0;0;1;2;1;A01
201100021596;0;7;0;0;2;2;9;A01
201100021596;0;7;0;0;2;7;2;B01
201100021597;0;7;0;0;2;1;3;A01
201100021597;0;7;0;0;2;3;2;C01
201100021597;0;7;0;0;2;1;1;B01
201100021598;0;7;0;8;0;1;18;A01
201100021599;0;7;0;13;0;1;2;A01
201100021600;0;7;0;0;2;1;1;A01
201100021600;0;33;0;0;2;4;1;B01
201100021601;0;31;0;0;2;1;2;A01
201100021601;0;7;0;0;2;4;2;B01
201100021602;0;7;0;0;2;4;2;B01
201100021602;0;7;0;0;2;1;2;A01
201100021603;0;7;0;0;1;1;1;A01
201100021604;0;7;0;0;2;1;11;A01
201100021604;0;7;0;0;2;5;1;B01
201100021605;0;33;0;0;2;7;12;A01
201100021605;0;7;0;0;2;6;2;B01
201100021606;0;7;0;0;2;3;9;A01
201100021606;0;7;0;0;2;2;1;B01
201100021607;0;7;0;0;2;1;9;A01
201100021607;0;7;0;0;2;1;1;B01
201100021608;0;7;0;0;2;1;9;A01
201100021608;0;7;0;0;2;7;1;B01
201100021609;0;7;0;0;2;3;0;A01
201100021609;0;17;0;0;2;2;9;B01
201100021610;0;7;0;0;2;2;1;A01
201100021610;0;7;0;0;2;3;1;B01
201100021611;0;7;0;0;2;1;2;A01
201100021611;0;7;0;0;0;4;2;B01
201100021612;0;7;0;6;0;0;0;A01
201100021613;0;33;0;0;2;1;17;B01
201100021613;0;7;0;0;0;3;15;A01
201100021614;0;15;0;0;0;6;24;B01
201100021614;0;7;0;0;2;2;14;A01
201100021615;0;33;0;0;2;1;1;B01
201100021615;0;7;0;0;0;3;19;A01
201100021616;0;7;0;0;1;3;1;A01
201100021617;0;33;0;9;2;5;9;A01
201100021617;0;7;0;0;2;3;1;B01
201100021618;0;7;0;0;2;1;1;B01
201100021618;0;7;0;2;2;2;1;A01
201100021619;0;7;0;0;2;2;20;A01
201100021619;0;33;0;1;2;8;1;B01
201100021620;0;7;0;0;0;4;0;B01
201100021620;0;2;0;0;2;1;2;A01
201100021621;0;7;0;0;2;2;1;C01
201100021621;0;7;0;0;2;3;1;B01
201100021621;0;2;0;0;2;9;17;A01
201100021622;0;7;0;0;1;1;0;A01
201100021623;0;7;0;0;2;1;13;A01
201100021623;0;7;0;0;2;3;0;B01
201100021624;0;7;0;0;2;1;2;B01
201100021624;0;7;0;0;0;4;23;A01
201100021625;0;2;0;0;2;7;9;A01
201100021626;0;1;0;0;2;1;0;B01
201100021626;0;7;0;7;2;1;5;A01
201100021627;0;7;0;6;0;0;0;A01
201100021628;0;7;0;0;2;3;0;A01
201100021628;0;7;0;0;2;3;1;B01
201100021629;0;7;0;0;1;1;1;A01
201100021630;0;17;0;0;2;3;1;B01
201100021630;0;33;0;0;2;1;13;A01
201100021631;0;10;0;0;0;0;16;A01
201100021631;0;32;0;0;0;6;1;B01
201100021632;0;7;0;0;1;1;1;A01
201100021633;0;7;0;0;2;8;1;C01
201100021633;0;7;0;0;0;5;15;B01
201100021633;0;34;0;0;2;1;17;A01
201100021634;0;33;0;0;2;2;2;A01
201100021634;0;10;0;0;2;6;10;B01
201100021635;0;30;0;0;2;1;17;A01
201100021635;0;7;0;0;2;6;15;B01
201100021636;0;7;0;0;2;1;1;A01
201100021636;0;7;0;0;2;3;2;B01
201100021637;0;7;0;0;2;1;0;B01
201100021637;0;7;0;0;2;2;13;A01
201100021638;0;7;0;0;1;2;16;A01
201100021639;0;30;0;0;2;2;1;B01
201100021639;0;7;0;0;2;2;9;A01
201100021640;0;7;0;0;2;3;15;B01
201100021640;0;7;0;0;2;3;1;A01
201100021641;0;7;0;0;1;3;9;A01
201100021642;0;7;0;0;1;1;1;A01
201100021643;0;7;0;0;0;3;17;B01
201100021643;0;2;0;0;2;2;5;A01
201100021643;0;7;0;0;0;1;23;C01
201100021644;0;7;0;0;1;1;9;A01
201100021645;0;7;0;15;0;8;1;A01
201100021646;0;7;0;0;2;2;15;A01
201100021646;0;7;0;0;2;1;1;B01
201100021647;0;7;0;0;2;1;11;A01
201100021647;0;7;0;0;2;2;1;B01
201100021648;0;13;0;7;0;9;1;A01
201100021649;0;7;0;0;0;0;20;A01
201100021650;0;7;0;0;2;6;15;B01
201100021650;0;7;0;0;2;1;17;A01
201100021651;0;7;0;15;0;1;0;A01
201100021652;0;31;0;0;2;1;19;A01
201100021652;0;7;0;0;2;3;15;B01
201100021653;0;7;0;0;2;1;2;B01
201100021653;0;7;0;0;2;5;2;C01
201100021653;0;10;0;0;2;1;2;A01
201100021654;0;7;0;13;0;8;0;A01
201100021655;0;7;0;0;2;1;13;A01
201100021655;0;10;0;0;2;1;1;B01
201100021656;0;7;0;0;2;1;2;A01
201100021656;0;7;0;0;0;4;12;B01
201100021657;0;7;0;13;0;3;13;A01
201100021658;0;7;0;13;0;2;1;A01
201100021659;0;1;0;0;2;3;2;A01
201100021659;0;7;0;0;9;2;17;B01
201100021660;0;2;0;0;0;5;1;B01
201100021660;0;7;0;0;2;3;9;A01
201100021661;0;7;0;0;2;5;1;A01
201100021661;0;1;0;0;2;5;11;B01
201100021662;0;7;0;0;1;1;1;A01
201100021663;0;7;0;0;2;8;1;B01
201100021663;0;7;0;0;2;8;1;C01
201100021663;0;7;0;0;2;2;17;A01
201100021664;0;7;0;0;2;8;15;A01
201100021664;0;7;0;0;2;1;1;B01
201100021665;0;7;0;0;2;9;17;A01
201100021665;0;7;0;0;2;3;1;B01
201100021666;0;7;0;0;2;1;1;B01
201100021666;0;7;0;0;2;1;1;A01
201100021667;0;7;0;0;2;3;0;A01
201100021667;0;7;0;0;2;3;16;B01
201100021668;0;30;0;0;0;8;1;A01
201100021669;0;7;0;0;0;4;2;B01
201100021669;0;7;0;0;2;3;2;A01
201100021670;1;30;0;0;2;7;2;A01
201100021670;0;1;0;0;2;6;2;B01
201100021671;0;34;0;0;0;8;2;A01
201100021672;0;14;0;6;0;1;1;A01
201100021673;1;34;0;0;1;1;18;A01
201100021674;0;7;0;0;2;4;2;B01
201100021674;0;7;0;0;2;4;2;C01
201100021674;0;7;0;0;2;1;2;A01
201100021675;0;32;0;0;2;1;1;A01
201100021675;0;7;0;0;2;2;9;B01
201100021676;0;7;0;8;0;1;1;A01
201100021677;0;7;0;6;0;1;1;A01
201100021678;0;7;0;0;2;1;9;A01
201100021678;0;7;0;0;2;2;1;B01
201100021679;0;7;0;0;2;4;2;B01
201100021679;0;7;0;0;2;1;2;A01
201100021679;0;7;0;0;0;4;2;C01
201100021680;0;7;0;0;1;2;2;A01
201100021681;0;33;0;0;0;8;1;A01
201100021682;0;30;0;0;0;8;1;A01
201100021683;0;7;0;2;0;8;1;A01
201100021684;0;7;0;0;2;4;2;B01
201100021684;0;7;0;0;2;1;2;A01
201100021685;0;7;0;0;2;4;2;B01
201100021685;0;7;0;0;2;1;2;A01
201100021686;0;30;0;0;0;8;1;A01
201100021687;0;7;0;0;2;1;2;A01
201100021687;0;7;0;0;2;4;2;B01
201100021688;0;7;0;0;2;1;1;B01
201100021688;0;7;0;0;2;7;1;A01
201100021689;0;7;0;0;0;3;1;A01
201100021690;0;7;0;6;0;2;1;A01
201100021691;0;7;0;0;2;1;2;B01
201100021691;0;7;0;0;2;1;13;A01
201100021691;0;3;0;0;2;1;1;C01
201100021692;0;7;0;0;0;8;19;A01
201100021692;0;33;0;0;2;1;1;B01
201100021693;0;10;0;8;0;3;21;A01
201100021694;0;7;0;1;0;1;1;A01
201100021695;1;7;0;0;1;0;0;Z01
201100021696;2;7;0;0;2;3;16;A01
201100021696;0;7;0;0;2;7;1;B01
201100021697;0;7;0;0;2;1;1;B01
201100021697;0;7;0;0;2;1;9;A01
201100021698;0;7;0;0;2;1;12;A01
201100021698;0;30;0;0;0;4;16;B01
201100021699;0;33;0;0;2;1;2;A01
201100021699;0;7;0;0;2;1;15;B01
201100021700;0;7;0;0;2;6;2;B01
201100021700;0;7;0;4;2;1;2;A01
201100021700;1;99;0;0;2;0;2;Z01
201100021701;0;7;0;0;1;3;1;A01
201100021702;0;33;0;0;2;1;2;B01
201100021702;0;7;0;0;2;6;9;A01
201100021703;0;2;0;0;2;4;1;B01
201100021703;0;2;0;0;2;1;2;A01
201100021704;0;13;0;0;2;2;12;A01
201100021704;0;7;0;0;2;6;1;B01
201100021705;0;7;0;0;0;6;2;B01
201100021705;0;7;0;0;2;2;2;A01
201100021706;0;30;0;0;0;8;1;A01
201100021707;0;7;0;12;0;1;1;A01
201100021708;0;15;0;0;2;2;0;B01
201100021708;0;7;0;0;2;3;0;A01
201100021709;0;7;0;0;2;3;10;A01
201100021709;0;14;0;0;2;2;1;B01
201100021710;0;7;0;0;2;3;0;A01
201100021710;0;7;0;0;2;3;0;B01
201100021711;0;7;0;0;2;9;1;A01
201100021711;0;34;0;0;2;1;1;B01
201100021712;0;7;0;13;0;9;14;A01
201100021713;0;7;0;14;0;1;0;A01
201100021714;0;32;0;3;0;1;2;A01
201100021715;0;7;0;0;0;4;2;C01
201100021715;0;7;0;0;0;4;2;B01
201100021715;0;7;0;0;0;1;2;A01
201100021716;0;7;0;0;2;3;1;A01
201100021716;0;7;0;0;2;3;1;B01
201100021717;0;7;0;14;0;1;2;E01
201100021717;0;7;0;14;0;1;2;C01
201100021717;0;7;0;14;0;1;2;D01
201100021717;0;99;0;7;0;1;2;B01
201100021717;0;7;0;0;0;4;23;A01
201100021718;0;33;0;1;2;1;1;B01
201100021718;0;7;0;0;0;3;15;A01
201100021719;0;7;0;0;2;4;2;B01
201100021719;0;7;0;0;2;1;2;A01
201100021720;0;7;0;0;0;4;16;B01
201100021720;0;7;0;0;2;1;2;A01
201100021721;0;1;0;12;0;1;14;A01
201100021722;0;7;0;0;2;1;2;A01
201100021722;0;7;0;0;2;4;2;B01
201100021723;0;15;0;0;2;3;1;B01
201100021723;0;7;0;0;2;7;12;A01
201100021723;0;7;0;0;0;0;0;C01
201100021724;0;7;0;0;2;3;10;A01
201100021724;0;30;0;0;2;1;1;B01
201100021725;0;7;0;0;1;3;0;A01
201100021726;0;7;0;8;0;7;13;A01
201100021727;0;7;0;0;2;2;0;A01
201100021727;0;7;0;0;2;3;15;B01
201100021728;0;7;0;0;2;2;1;B01
201100021728;0;7;0;0;2;6;11;A01
201100021729;0;30;0;0;2;1;1;B01
201100021729;0;7;0;0;2;1;17;A01
201100021730;0;7;0;0;0;6;2;B01
201100021730;0;7;0;0;2;1;2;A01
201100021731;0;7;0;0;2;1;0;B01
201100021731;0;2;0;0;2;1;0;A01
201100021732;0;7;0;0;1;2;1;A01
201100021733;0;7;0;0;2;1;23;B01
201100021733;0;7;0;0;2;3;13;A01
201100021734;0;7;0;0;2;1;0;B01
201100021734;0;7;0;0;2;5;11;A01
201100021735;0;33;0;0;2;1;0;A01
201100021735;0;7;0;0;1;1;1;B01
201100021736;0;7;0;0;2;1;0;B01
201100021736;0;7;0;0;2;3;2;C01
201100021736;0;7;0;0;2;1;0;A01
201100021737;0;33;0;0;0;8;0;A01
201100021738;0;7;0;0;2;4;2;B01
201100021738;0;7;0;0;2;1;2;A01
201100021739;0;7;0;0;2;8;13;A01
201100021739;0;34;0;0;2;7;14;B01
201100021740;0;7;0;0;2;3;13;A01
201100021740;0;7;0;0;2;3;1;B01
201100021741;0;7;0;0;2;1;2;A01
201100021741;0;7;0;0;0;4;2;B01
201100021742;0;7;0;0;2;1;1;A01
201100021742;0;7;0;0;0;4;2;B01
201100021743;0;2;0;0;2;1;0;A01
201100021743;0;7;0;0;2;7;0;B01
201100021744;0;7;0;0;2;7;16;A01
201100021744;0;30;0;0;2;1;1;B01
201100021745;0;7;0;0;1;1;1;A01
201100021746;0;32;0;8;0;1;13;A01
201100021747;0;7;0;0;0;4;2;B01
201100021747;0;10;0;0;2;3;2;A01
201100021748;0;7;0;6;0;9;0;A01
201100021749;0;31;0;0;0;0;0;A01
201100021750;0;30;0;0;0;0;15;A01
201100021751;0;7;0;0;2;3;2;A01
201100021751;0;7;0;0;2;5;2;B01
201100021752;0;32;0;0;2;1;1;B01
201100021752;0;7;0;0;2;6;9;A01
201100021753;0;32;0;0;2;7;17;B01
201100021753;0;7;0;0;2;3;15;A01
201100021754;0;7;0;0;2;1;11;A01
201100021754;0;7;0;0;2;7;1;B01
201100021755;0;7;0;8;0;2;21;A01
201100021756;0;7;0;0;2;3;1;B01
201100021756;0;7;0;0;2;7;0;A01
201100021757;0;7;0;3;0;1;1;A01
201100021758;0;7;0;0;2;3;15;B01
201100021758;0;33;0;0;2;7;17;A01
201100021759;0;7;0;11;2;1;1;B01
201100021759;0;7;0;0;2;1;15;A01
201100021760;0;2;0;0;2;1;18;A01
201100021760;0;7;0;0;2;5;15;B01
201100021761;0;7;0;0;2;4;2;B01
201100021761;0;7;0;0;2;1;2;A01
201100021762;0;7;0;0;0;0;21;A01
201100021763;0;7;0;0;0;3;1;B01
201100021763;0;7;0;0;2;5;18;A01
201100021764;0;7;0;0;2;9;2;A01
201100021764;0;31;0;0;2;4;2;C01
201100021764;0;7;0;0;2;9;2;B01
201100021765;0;7;0;0;2;1;0;A01
201100021765;0;7;0;0;2;1;0;B01
201100021766;0;7;0;3;0;1;1;A01
201100021767;0;30;0;0;2;6;11;B01
201100021767;0;7;0;0;2;2;2;A01
201100021768;0;33;0;0;2;7;1;B01
201100021768;0;7;0;0;2;3;9;A01
201100021769;0;1;0;0;2;8;11;A01
201100021769;0;7;0;0;9;7;2;B01
201100021770;1;7;0;0;0;0;0;A01
201100021770;0;2;0;0;0;0;21;B01
201100021771;0;33;0;0;0;1;1;A01
201100021772;1;7;0;0;2;3;15;A01
201100021772;0;1;0;0;2;1;16;B01
201100021773;0;7;0;12;0;0;0;A01
201100021774;0;7;0;3;0;2;1;A01
201100021775;0;7;0;0;9;2;9;A01
201100021775;0;1;0;0;2;1;1;B01
201100021776;0;7;0;6;0;1;0;A01
201100021777;0;33;0;0;0;1;2;A01
201100021778;0;3;0;12;0;2;2;A01
201100021779;0;7;0;1;0;1;21;A01
201100021780;0;7;0;0;2;4;20;A01
201100021780;0;33;0;0;2;7;21;B01
201100021781;0;7;0;0;2;3;6;A01
201100021781;0;31;0;0;2;2;21;B01
201100021782;0;7;0;0;2;3;19;A01
201100021782;0;7;0;0;2;3;1;B01
201100021783;0;7;0;0;0;0;19;A01
201100021783;0;33;0;0;2;2;1;B01
201100021784;0;7;0;6;0;1;1;A01
201100021785;0;7;0;0;2;4;1;B01
201100021785;0;38;9;0;2;1;1;A01
201100021785;0;7;0;0;2;4;2;C01
201100021785;0;7;0;0;0;4;2;D01
201100021786;0;33;0;12;0;7;14;A01
201100021787;0;7;0;8;0;1;16;A01
201100021788;0;7;0;0;2;2;2;A01
201100021788;0;7;0;0;0;5;2;B01
201100021789;0;7;0;1;0;1;14;A01
201100021790;0;7;0;8;2;8;1;B01
201100021790;0;15;0;0;2;1;0;A01
201100021791;0;33;0;0;2;7;1;B01
201100021791;0;7;0;0;2;6;4;A01
201100021792;0;7;0;0;2;3;2;A01
201100021792;0;7;0;0;2;9;2;B01
201100021792;0;7;0;0;0;4;2;C01
201100021793;0;30;0;0;2;3;1;B01
201100021793;0;7;0;0;2;7;14;A01
201100021794;1;7;0;0;1;0;0;Z01
201100021795;0;7;0;0;2;3;15;A01
201100021795;0;7;0;0;2;7;2;B01
201100021796;0;7;0;0;2;7;1;B01
201100021796;0;7;0;0;2;1;16;A01
201100021797;0;7;0;0;2;2;16;A01
201100021797;0;7;0;12;2;8;1;B01
201100021798;0;33;0;0;0;1;1;B01
201100021798;0;7;0;0;0;2;0;A01
201100021799;0;30;0;0;0;1;0;A01
201100021800;0;7;0;0;0;2;17;A01
201100021800;0;7;0;0;0;6;15;B01
201100021801;0;7;0;0;1;3;1;A01
201100021802;0;7;0;0;0;1;5;A01
201100021802;0;7;0;0;0;1;0;B01
201100021803;0;7;0;0;2;4;2;B01
201100021803;0;7;0;0;2;1;2;A01
201100021803;0;7;0;0;0;4;2;C01
201100021804;0;7;0;0;2;4;0;C01
201100021804;0;2;0;0;2;1;0;A01
201100021804;0;7;0;0;2;3;0;B01
201100021805;0;7;0;0;2;3;1;A01
201100021805;0;7;0;0;0;2;1;B01
201100021806;0;7;0;0;2;1;2;A01
201100021806;0;7;0;0;2;4;1;B01
201100021807;0;7;0;0;0;3;13;A01
201100021807;0;7;0;8;2;3;1;B01
201100021808;0;7;0;0;1;2;21;A01
201100021809;0;7;0;0;1;0;0;A01
201100021810;0;7;0;0;2;3;15;A01
201100021810;0;7;0;0;2;6;1;B01
201100021811;0;2;0;0;2;3;0;A01
201100021811;0;7;0;0;2;3;0;B01
201100021812;0;33;0;12;0;1;17;A01
201100021813;0;7;0;0;2;5;1;B01
201100021813;0;7;0;0;2;3;1;A01
201100021814;0;7;0;0;2;1;15;A01
201100021814;0;7;0;0;2;1;1;B01
201100021815;0;30;0;0;2;7;16;A01
201100021815;2;7;0;0;2;3;15;Z01
201100021816;0;7;0;0;0;6;2;B01
201100021816;0;7;0;0;0;2;2;A01
201100021817;0;7;0;0;2;6;1;B01
201100021817;0;7;0;0;2;3;17;A01
201100021818;0;33;0;0;2;3;11;A01
201100021818;0;7;0;0;2;1;1;B01
201100021819;0;7;0;0;2;8;0;B01
201100021819;0;32;0;0;2;1;2;A01
201100021820;0;7;0;0;2;5;15;A01
201100021820;0;7;0;0;2;2;1;B01
201100021821;0;7;0;0;2;5;2;B01
201100021821;0;32;0;0;2;1;2;A01
201100021822;0;32;0;0;2;1;17;C01
201100021822;0;32;0;0;2;1;17;B01
201100021822;0;7;0;0;2;8;9;A01
201100021823;0;30;0;0;2;7;17;A01
201100021823;0;7;0;0;2;3;2;B01
201100021824;0;7;0;0;2;2;15;A01
201100021824;0;7;0;0;2;3;1;B01
201100021825;0;34;0;0;2;1;1;B01
201100021825;0;7;0;0;2;8;0;A01
201100021826;0;7;0;0;2;4;2;C01
201100021826;0;7;0;0;2;4;2;B01
201100021826;0;7;0;0;2;2;1;A01
201100021827;0;7;0;6;0;1;0;A01
201100021828;0;7;0;0;0;0;19;B01
201100021828;0;33;0;0;0;0;21;A01
201100021829;0;7;0;0;2;2;1;B01
201100021829;0;33;0;0;2;8;18;A01
201100021830;0;7;0;0;0;4;2;C01
201100021830;0;7;0;0;2;4;2;B01
201100021830;0;7;0;0;2;1;2;A01
201100021831;0;7;0;0;2;4;2;D01
201100021831;0;7;0;0;2;4;2;B01
201100021831;0;7;0;0;2;4;2;C01
201100021831;0;7;0;0;2;1;2;A01
201100021832;0;7;0;13;0;7;0;A01
201100021833;0;7;0;0;1;6;1;A01
201100021834;0;14;0;0;2;1;2;A01
201100021834;0;7;0;0;2;4;2;C01
201100021834;0;7;0;0;2;4;2;B01
201100021835;0;7;0;0;2;3;2;A01
201100021835;0;7;0;0;0;5;15;B01
201100021836;0;31;0;0;2;7;2;A01
201100021836;0;7;0;0;0;3;2;B01
201100021837;0;7;0;1;1;8;0;B01
201100021837;0;7;0;0;1;1;0;A01
201100021838;0;7;0;0;0;2;1;A01
201100021839;0;7;0;0;2;1;1;A01
201100021839;0;7;0;0;0;4;1;C01
201100021839;0;7;0;0;2;4;1;B01
201100021840;0;32;0;0;2;1;17;B01
201100021840;0;7;0;0;2;6;10;A01
201100021841;0;7;0;0;2;3;15;B01
201100021841;0;7;0;0;2;3;23;A01
201100021842;0;7;0;0;2;3;15;A01
201100021842;0;33;0;0;2;2;16;B01
201100021843;0;7;0;0;2;2;1;B01
201100021843;0;7;0;0;2;3;15;A01
201100021844;0;7;0;0;2;7;15;A01
201100021844;0;33;0;0;2;1;1;B01
201100021844;0;7;0;0;2;1;2;C01
201100021845;0;2;0;0;2;1;18;A01
201100021845;0;7;0;0;2;5;16;B01
201100021846;0;7;0;0;2;8;1;B01
201100021846;0;7;0;0;2;1;9;A01
201100021847;0;7;0;0;2;1;2;A01
201100021847;0;7;0;0;2;4;2;B01
201100021848;0;30;0;0;0;4;2;B01
201100021848;0;7;0;0;2;0;2;A01
201100021849;0;33;0;0;2;1;2;B01
201100021849;0;7;0;0;2;7;15;A01
201100021850;0;7;0;13;2;7;15;A01
201100021850;0;7;0;13;2;1;1;B01
201100021851;0;33;0;0;0;0;1;A01
201100021852;0;7;0;0;2;3;15;B01
201100021852;0;33;0;0;2;1;17;A01
201100021853;0;7;0;0;0;9;13;A01
201100021854;0;7;0;0;1;4;4;A01
201100021855;0;7;0;0;0;1;0;A01
201100021856;0;7;0;0;2;1;1;A01
201100021856;0;7;0;0;2;3;1;B01
201100021857;0;10;0;0;2;0;1;B01
201100021857;0;7;0;4;2;0;1;A01
201100021858;0;7;0;0;2;1;1;B01
201100021858;0;7;0;0;2;7;15;A01
201100021859;0;33;0;8;0;1;1;A01
201100021860;0;7;0;13;0;7;16;A01
201100021861;0;7;0;13;0;3;0;A01
201100021862;0;7;0;0;2;1;21;A01
201100021862;0;7;0;0;2;1;21;B01
201100021862;0;7;0;0;2;4;1;C01
201100021863;0;7;0;0;2;3;1;A01
201100021863;0;7;0;0;2;3;1;B01
201100021864;0;7;0;0;0;9;2;A01
201100021865;0;33;0;0;0;8;1;A01
201100021866;0;30;0;0;0;0;1;A01
201100021867;0;7;0;0;2;3;9;A01
201100021867;0;7;0;0;2;7;15;B01
201100021868;0;7;0;0;9;7;2;B01
201100021868;0;1;0;0;2;1;11;A01
201100021869;0;7;0;0;2;1;2;A01
201100021869;0;7;0;0;2;4;2;B01
201100021870;0;30;0;0;2;2;3;A01
201100021870;0;7;0;0;2;2;15;B01
201100021871;0;7;0;0;2;3;2;A01
201100021871;0;31;0;0;2;1;2;B01
201100021872;0;7;0;2;0;7;1;A01
201100021873;0;7;0;0;2;1;2;B01
201100021873;0;7;0;0;2;1;2;C01
201100021873;0;7;0;0;2;1;2;D01
201100021873;0;7;0;0;2;1;2;E01
201100021873;0;7;0;0;2;1;2;A01
201100021873;0;7;0;0;2;4;2;F02
201100021874;0;33;0;0;2;1;17;A01
201100021874;0;7;0;0;2;3;15;B01
201100021875;0;7;0;0;2;5;1;B01
201100021875;0;7;0;0;2;6;1;A01
201100021876;0;32;0;0;2;1;2;A01
201100021876;1;7;0;0;2;3;10;Z01
201100021877;0;7;0;0;2;4;2;B01
201100021877;0;7;0;0;2;1;2;A01
201100021878;0;7;0;0;2;1;2;A01
201100021878;0;7;0;0;0;4;2;B01
201100021879;0;7;0;0;1;6;4;A01
201100021880;0;33;0;0;2;9;17;A01
201100021880;0;7;0;0;0;5;2;B01
201100021881;0;7;0;0;2;1;13;A01
201100021881;0;7;0;0;2;1;1;B01
201100021882;0;7;0;0;1;1;17;A01
201100021883;0;7;0;3;0;1;0;A01
201100021884;0;7;0;0;2;1;2;A01
201100021884;0;7;0;0;2;5;1;B01
201100021885;0;7;0;0;2;1;2;B01
201100021885;0;7;0;0;2;1;2;A01
201100021885;0;7;0;0;0;4;2;C01
201100021886;0;7;0;0;2;7;15;A01
201100021886;0;7;0;0;2;3;16;B01
201100021887;0;7;0;0;1;1;9;A01
201100021888;0;7;0;0;1;1;1;A01
201100021889;0;34;0;0;2;1;1;A01
201100021889;0;7;0;0;2;4;1;B01
201100021890;0;33;0;0;2;1;12;A01
201100021890;0;1;0;0;2;4;0;B01
201100021891;0;7;0;0;2;5;0;A01
201100021891;0;7;0;0;2;7;0;B01
201100021892;0;7;0;0;2;3;9;A01
201100021892;0;34;0;0;2;7;2;B01
201100021893;0;34;0;0;2;7;1;B01
201100021893;0;7;0;0;2;8;10;A01
201100021894;0;7;0;0;2;1;0;B01
201100021894;0;7;0;3;0;1;0;A01
201100021894;0;38;1;0;0;5;11;C01
201100021894;0;7;0;0;0;0;21;E01
201100021894;0;7;0;0;2;3;3;D01
201100021895;0;10;0;4;0;1;1;A01
201100021896;0;7;0;0;2;1;1;A01
201100021896;0;37;3;0;2;6;1;B01
201100021897;0;7;0;0;2;3;15;A01
201100021897;0;32;0;0;2;1;1;B01
201100021898;0;7;0;0;0;4;1;B01
201100021898;0;7;0;0;2;1;2;A01
201100021899;0;7;0;0;1;1;1;A01
201100021900;0;7;0;0;0;4;2;B01
201100021900;0;7;0;0;2;1;2;A01
201100021901;0;7;0;0;1;1;1;A01
201100021902;0;7;0;0;2;7;9;A01
201100021902;0;7;0;0;2;6;1;B01
201100021903;0;33;0;0;0;8;1;A01
201100021904;0;7;0;0;2;1;1;A01
201100021904;0;7;0;0;2;4;1;B01
201100021905;0;7;0;0;2;7;2;B01
201100021905;0;33;0;3;2;9;2;A01
201100021906;0;7;0;2;0;5;0;A01
201100021907;0;7;0;3;0;1;1;A01
201100021908;0;7;0;0;2;1;1;B01
201100021908;0;7;0;0;2;3;9;A01
201100021909;0;7;0;0;0;4;2;B01
201100021909;0;7;0;0;2;1;2;A01
201100021910;0;7;0;0;0;7;1;A01
201100021911;0;33;0;8;0;1;0;A01
201100021912;0;7;0;0;1;1;1;A01
201100021913;0;7;0;0;1;3;1;A01
201100021914;0;7;0;0;2;2;14;A01
201100021914;0;15;0;0;0;6;1;B02
201100021915;0;7;0;0;2;2;17;A01
201100021915;0;7;0;3;0;6;1;B02
201100021916;0;7;0;3;0;2;2;B02
201100021916;0;7;0;3;0;6;2;A01
201100021917;0;7;0;1;0;1;1;A01
201100021917;0;17;0;0;0;4;24;B02
201100021918;0;10;0;0;0;9;21;A01
201100021919;0;7;0;3;0;2;1;A01
201100021920;0;7;0;0;0;8;23;A01
201100021920;0;7;0;0;2;1;1;B02
201100021921;0;7;0;4;0;8;17;A01
201100021922;0;15;0;14;0;6;1;B02
201100021922;0;15;0;0;2;2;2;A01
201100021923;0;7;0;3;2;2;14;A01
201100021923;0;7;0;7;0;6;1;B02
201100021924;0;14;0;0;1;2;14;A01
201100021925;0;7;0;2;0;6;1;B02
201100021925;0;7;0;9;2;2;14;A01
201100021926;0;7;0;14;0;3;14;A01