num_acc;senc;catv;occutc;obs;obsm;choc;manv;num_veh
201100021927;0;14;0;0;2;6;1;B02
201100021927;0;7;0;0;2;2;17;A01
201100021928;0;15;0;2;0;7;1;A01
201100021929;0;31;0;3;0;1;1;A01
201100021930;0;7;0;0;9;9;17;A01
201100021931;0;33;0;0;2;1;1;B02
201100021931;0;7;0;0;2;3;15;A01
201100021932;0;1;0;12;2;0;1;C03
201100021932;0;1;0;0;2;6;1;B02
201100021932;0;10;0;0;2;5;17;A01
201100021933;0;7;0;0;2;3;1;B02
201100021933;0;33;0;0;2;3;16;A01
201100021934;0;7;0;6;0;1;1;A01
201100021935;0;33;0;0;2;2;13;A01
201100021935;0;7;0;0;2;2;1;B02
201100021936;0;33;0;0;1;1;1;A01
201100021937;0;33;0;12;0;9;1;A01
201100021938;0;14;0;3;6;1;14;A01
201100021939;0;7;0;0;0;0;0;A01
201100021940;0;10;0;5;0;1;14;A01
201100021941;0;7;0;14;0;1;2;A01
201100021941;0;14;0;0;0;0;2;B02
201100021941;0;7;0;0;9;0;2;D04
201100021941;0;10;0;14;0;1;2;C03
201100021942;0;7;0;0;0;9;1;A01
201100021943;0;7;0;10;0;2;14;A01
201100021944;0;7;0;13;0;2;14;A01
201100021945;0;7;0;0;2;1;1;A01
201100021945;0;7;0;0;2;1;13;B02
201100021946;0;7;0;0;2;6;17;A01
201100021946;0;33;0;0;2;7;17;B02
201100021947;0;33;0;3;0;9;1;A01
201100021948;0;7;0;0;2;1;23;B02
201100021948;0;33;0;0;2;9;5;A01
201100021949;0;7;0;0;0;6;15;B02
201100021949;0;33;0;0;2;1;17;A01
201100021950;0;33;0;0;2;7;17;B02
201100021950;0;7;0;0;2;8;15;A01
201100021951;0;7;0;8;0;7;1;A01
201100021952;0;7;0;0;0;0;23;B02
201100021952;0;7;0;14;1;2;17;A01
201100021953;0;7;0;13;0;8;1;A01
201100021954;0;15;0;0;2;1;1;A01
201100021954;0;7;0;0;2;2;16;B02
201100021955;0;7;0;1;2;3;13;A01
201100021955;0;7;0;0;2;2;1;B02
201100021956;0;7;0;1;0;8;13;A01
201100021957;0;7;0;0;2;6;11;A01
201100021957;0;33;0;0;2;1;11;B02
201100021958;0;33;0;0;2;1;1;B02
201100021958;0;7;0;0;2;5;19;A01
201100021959;0;7;0;13;0;3;14;A01
201100021960;0;7;0;3;0;2;1;A01
201100021961;0;7;0;3;0;2;14;A01
201100021962;0;10;0;13;0;2;1;A01
201100021963;0;14;0;13;0;2;1;A01
201100021964;0;7;0;3;0;7;13;A01
201100021965;0;7;0;0;2;2;17;A01
201100021965;0;7;0;0;0;4;1;B02
201100021965;0;7;0;3;0;1;1;C03
201100021966;0;7;0;0;2;1;1;A01
201100021966;0;7;0;0;2;8;1;B02
201100021967;0;7;0;0;2;1;1;A01
201100021967;0;7;0;13;2;4;1;B02
201100021968;0;7;0;3;0;2;1;A01
201100021969;0;17;0;13;0;1;14;A01
201100021970;0;7;0;0;0;9;21;A01
201100021971;0;7;0;0;0;4;1;A01
201100021971;0;7;0;0;2;1;2;B02
201100021972;0;2;0;0;2;1;1;A01
201100021972;0;7;0;0;2;6;15;B02
201100021973;0;31;0;0;2;1;13;B02
201100021973;0;15;0;0;2;3;1;A01
201100021974;0;7;0;0;2;2;1;A01
201100021974;0;7;0;0;2;3;23;B02
201100021975;0;31;0;0;2;3;18;A01
201100021975;0;7;0;0;0;2;16;B02
201100021976;0;7;0;1;0;8;2;A01
201100021976;0;7;0;16;0;1;2;B02
201100021977;0;7;0;3;0;3;17;A01
201100021978;0;7;0;3;0;1;1;A01
201100021979;0;7;0;0;2;3;1;B02
201100021979;0;7;0;0;2;2;19;A01
201100021980;0;7;0;2;0;1;1;A01
201100021981;0;36;0;9;0;2;1;A01
201100021982;0;20;0;0;2;3;1;C03
201100021982;0;7;0;0;2;3;17;A01
201100021982;0;7;0;0;2;3;21;B02
201100021983;0;30;0;0;2;1;5;A01
201100021983;0;7;0;0;2;1;1;B02
201100021984;0;7;0;0;2;3;1;B02
201100021984;0;7;0;0;2;3;13;A01
201100021985;0;7;0;13;0;0;1;A01
201100021986;0;7;0;0;0;7;15;A01
201100021986;0;2;0;0;0;1;1;B02
201100021987;0;7;0;0;2;2;17;A01
201100021987;0;32;0;0;2;4;15;B02
201100021988;0;7;0;0;1;2;1;A01
201100021989;0;2;0;0;2;1;1;B01
201100021989;0;7;0;0;2;7;1;A01
201100021990;0;7;0;0;1;1;15;A01
201100021991;0;7;0;0;1;3;15;A01
201100021992;0;7;0;0;2;3;15;A01
201100021992;0;7;0;9;2;1;1;B01
201100021993;0;7;0;0;2;2;16;A01
201100021993;0;30;0;0;2;1;1;B01
201100021994;0;1;0;0;2;1;23;B01
201100021994;0;7;0;0;1;3;15;A01
201100021995;0;7;0;0;1;7;1;A01
201100021996;0;7;0;0;2;8;1;B01
201100021996;0;7;0;0;2;1;1;A01
201100021997;0;7;0;0;1;5;1;A01
201100021998;0;7;0;0;1;3;1;A01
201100021999;0;7;0;0;0;4;15;B01
201100021999;0;33;0;0;2;1;21;A01
201100022000;0;7;0;0;2;1;1;D01
201100022000;0;7;0;0;0;4;1;B01
201100022000;0;7;0;0;2;1;1;A01
201100022000;0;7;0;0;0;4;1;C01
201100022001;0;10;0;0;1;4;4;A01
201100022002;0;2;0;12;0;1;17;A01
201100022003;0;7;0;0;1;4;4;A01
201100022004;0;7;0;1;0;1;14;A01
201100022004;0;17;0;0;0;4;24;B01
201100022005;0;7;0;0;2;5;17;A01
201100022005;0;33;0;0;2;8;1;B01
201100022006;0;2;0;0;1;1;1;A01
201100022007;0;13;0;0;1;4;4;A01
201100022008;0;30;0;0;2;7;17;A01
201100022008;0;7;0;0;2;8;11;B01
201100022009;0;7;0;0;2;1;13;A01
201100022009;0;7;0;0;2;1;1;B01
201100022010;0;37;1;0;1;2;1;A01
201100022011;0;37;6;0;2;3;1;B01
201100022011;0;7;0;0;2;1;13;A01
201100022012;0;33;0;0;2;1;1;A01
201100022012;0;7;0;0;2;3;15;B01
201100022013;0;7;0;0;2;1;1;A01
201100022013;0;7;0;0;2;4;23;B01
201100022014;0;7;0;2;0;1;1;A01
201100022015;0;7;0;8;0;8;1;A01
201100022016;0;7;0;0;1;1;1;A01
201100022017;0;33;0;0;2;1;21;B01
201100022017;0;33;0;0;2;1;1;C01
201100022017;0;7;0;0;2;1;15;A01
201100022018;0;33;0;2;0;1;14;A01
201100022019;0;7;0;0;1;3;1;A01
201100022020;0;7;0;0;2;3;15;B01
201100022020;0;33;0;0;2;1;17;A01
201100022021;0;7;0;0;2;1;1;B01
201100022021;0;7;0;0;2;8;1;C01
201100022021;0;33;0;0;2;1;13;A01
201100022022;0;33;0;0;2;1;1;B01
201100022022;0;7;0;0;2;3;9;A01
201100022023;0;7;0;2;0;1;13;A01
201100022024;0;7;0;0;2;1;1;B01
201100022024;0;33;0;0;2;1;13;A01
201100022025;0;30;0;0;2;1;1;A01
201100022025;0;7;0;0;2;3;1;B01
201100022026;0;7;0;0;1;2;1;A01
201100022027;0;17;0;0;0;8;1;B01
201100022027;0;33;0;0;2;1;13;A01
201100022028;0;7;0;0;1;8;1;A01
201100022029;0;7;0;0;2;2;1;A01
201100022029;0;2;0;0;2;1;1;B01
201100022030;0;7;0;2;0;1;13;A01
201100022031;0;7;0;0;1;3;1;A01
201100022032;0;2;0;0;2;1;1;A01
201100022032;0;7;0;0;2;4;23;B01
201100022033;0;2;0;0;2;0;0;B01
201100022033;0;7;0;0;2;2;0;A01
201100022034;0;2;0;0;2;1;1;A01
201100022034;1;7;0;0;2;5;15;Z01
201100022035;0;7;0;6;0;2;1;A01
201100022036;0;33;0;0;2;1;1;A01
201100022036;0;7;0;0;2;4;23;C01
201100022036;0;7;0;0;2;5;23;B01
201100022037;0;7;0;0;2;1;1;B01
201100022037;0;7;0;0;2;1;13;A01
201100022038;0;10;0;0;1;3;15;A01
201100022039;0;7;0;0;2;1;1;A01
201100022039;0;30;0;0;2;4;1;B01
201100022040;0;7;0;0;1;1;15;A01
201100022041;0;7;0;0;2;1;1;A01
201100022041;0;7;0;0;2;8;1;C01
201100022041;0;7;0;0;2;2;1;B01
201100022042;0;7;0;0;1;5;1;A01
201100022043;0;33;0;0;2;1;17;A01
201100022043;0;7;0;0;2;3;15;B01
201100022044;0;2;0;0;2;1;1;B01
201100022044;0;10;0;0;2;8;10;A01
201100022045;0;7;0;0;1;2;1;A01
201100022046;0;7;0;1;0;1;13;A01
201100022047;0;2;0;0;2;1;1;B01
201100022047;0;7;0;0;2;3;15;A01
201100022048;0;7;0;0;2;1;1;A01
201100022048;0;7;0;0;2;8;23;C01
201100022048;0;33;0;14;2;4;1;B01
201100022048;0;7;0;0;2;7;23;D01
201100022049;0;33;0;0;2;1;1;B01
201100022049;0;7;0;0;2;2;15;A01
201100022050;0;2;0;0;2;1;1;B01
201100022050;0;7;0;0;2;4;4;A01
201100022051;0;7;0;0;1;1;1;A01
201100022052;0;7;0;0;1;1;15;A01
201100022053;0;7;0;15;0;1;1;A01
201100022054;0;33;0;0;2;1;1;B01
201100022054;0;7;0;0;2;7;15;A01
201100022055;0;33;0;0;2;1;1;B01
201100022055;0;7;0;0;2;3;15;A01
201100022056;0;7;0;0;0;7;16;A01
201100022056;0;30;0;0;2;1;1;B01
201100022057;0;7;0;0;2;1;1;B01
201100022057;0;2;0;0;2;1;13;A01
201100022058;0;7;0;14;0;1;1;C01
201100022058;0;7;0;14;0;1;1;B01
201100022058;0;7;0;3;2;1;1;A01
201100022058;0;7;0;14;0;1;1;D01
201100022059;0;7;0;0;2;1;1;B01
201100022059;0;7;0;0;2;1;13;A01
201100022060;0;17;0;0;0;0;1;A01
201100022060;0;7;0;0;9;1;1;B01
201100022061;0;1;0;0;2;1;1;B01
201100022061;0;7;0;0;2;2;1;A01
201100022062;0;33;0;0;2;1;1;B01
201100022062;0;7;0;0;2;1;15;A01
201100022063;0;7;0;0;2;3;1;B01
201100022063;0;7;0;0;2;3;13;A01
201100022064;0;7;0;0;1;3;15;A01
201100022065;0;7;0;13;0;2;2;A01
201100022066;0;17;0;0;0;0;1;A01
201100022067;0;7;0;0;2;2;1;A01
201100022067;0;7;0;0;2;3;19;B02
201100022068;0;7;0;0;0;8;0;A01
201100022069;0;7;0;2;0;1;13;A01
201100022070;0;7;0;0;2;1;1;B02
201100022070;0;10;0;0;2;3;17;A01
201100022071;0;7;0;0;2;3;1;B02
201100022071;0;7;0;0;2;7;13;A01
201100022072;0;7;0;0;2;2;1;A01
201100022072;0;10;0;0;2;1;19;B02
201100022073;0;7;0;0;1;1;1;A01
201100022074;0;7;0;0;1;0;15;A01
201100022075;0;2;0;0;2;0;13;A01
201100022075;0;7;0;0;9;3;1;B01
201100022076;0;33;0;0;2;1;1;A01
201100022076;0;7;0;0;2;3;16;B01
201100022077;0;33;0;0;2;8;20;A01
201100022077;0;7;0;1;0;7;1;B01
201100022078;0;7;0;0;2;2;15;A01
201100022078;0;7;0;0;0;3;1;B02
201100022079;0;13;0;0;2;1;1;A01
201100022080;0;7;0;0;2;1;23;A01
201100022080;0;7;0;0;2;3;13;B02
201100022081;0;7;0;0;2;4;2;B02
201100022081;0;7;0;0;2;1;2;A01
201100022082;0;7;0;0;2;1;1;B02
201100022082;0;7;0;0;2;7;17;A01
201100022083;0;31;0;0;2;1;19;B02
201100022083;0;7;0;0;2;8;1;A01
201100022084;0;7;0;0;2;1;15;A01
201100022084;0;7;0;0;2;1;1;B02
201100022085;0;33;0;0;2;1;13;B02
201100022085;0;7;0;0;2;1;1;A01
201100022086;0;10;0;0;5;3;1;A01
201100022087;0;32;0;0;2;1;1;B02
201100022087;0;7;0;0;2;3;9;A01
201100022088;0;7;0;0;2;1;2;A01
201100022088;0;2;0;0;2;4;2;B02
201100022088;0;7;0;0;0;6;2;C03
201100022089;0;7;0;0;0;4;0;A01
201100022089;0;14;0;0;0;1;0;B02
201100022090;0;31;0;0;2;1;2;A01
201100022090;0;1;0;0;2;4;2;B02
201100022091;0;7;0;12;0;2;1;A01
201100022092;0;33;0;0;2;8;1;B02
201100022092;0;7;0;0;2;6;10;A01
201100022093;0;7;0;0;0;3;15;A01
201100022093;0;7;0;0;2;1;1;B02
201100022094;0;31;0;0;2;1;1;A01
201100022094;0;7;0;0;2;3;9;B02
201100022095;0;7;0;0;2;3;1;A01
201100022095;0;15;0;0;2;3;1;B02
201100022096;0;10;0;0;2;2;19;A01
201100022096;0;2;0;0;2;1;1;B01
201100022097;0;7;0;13;0;1;1;A01
201100022098;0;30;0;0;0;2;1;A01
201100022099;0;7;0;0;2;3;14;A01
201100022099;0;1;0;0;2;4;16;B01
201100022100;0;7;0;13;2;3;1;B01
201100022100;0;10;0;0;2;3;1;A01
201100022101;0;30;0;0;2;1;1;A01
201100022101;0;7;0;0;2;3;1;B01
201100022102;0;15;0;0;2;7;9;B01
201100022102;0;33;0;0;2;1;1;A01
201100022103;0;7;0;0;6;3;13;A01
201100022104;0;2;0;0;0;4;2;B01
201100022104;1;7;0;0;2;2;2;A01
201100022105;0;31;0;0;0;1;0;A01
201100022106;0;2;0;0;2;7;16;B01
201100022106;0;7;0;0;2;3;9;A01
201100022107;0;7;0;0;2;3;15;A01
201100022107;0;31;0;0;2;2;1;B01
201100022108;0;1;0;1;0;1;21;B01
201100022108;0;7;0;0;9;8;24;A01
201100022109;0;7;0;13;0;9;14;A01
201100022110;0;7;0;0;0;0;9;A01
201100022110;0;7;0;0;0;1;2;B01
201100022111;0;7;0;15;0;2;1;A01
201100022112;0;7;0;0;2;7;1;B01
201100022112;1;7;0;0;2;1;19;A01
201100022113;0;7;0;6;0;1;1;A01
201100022114;0;2;0;0;2;7;1;B01
201100022114;0;7;0;0;2;1;1;A01
201100022115;0;37;1;0;2;1;1;B01
201100022115;0;7;0;0;2;4;13;A01
201100022116;0;7;0;0;2;1;1;B01
201100022116;0;33;0;0;2;1;1;A01
201100022117;0;2;0;0;2;1;1;A01
201100022117;0;7;0;0;0;4;2;B01
201100022118;0;7;0;0;2;2;15;A01
201100022118;0;30;0;0;2;1;1;B01
201100022119;0;7;0;6;0;1;1;A01
201100022120;1;7;0;0;1;7;1;A01
201100022121;0;7;0;0;2;1;1;B01
201100022121;0;7;0;0;2;3;9;A01
201100022122;0;7;0;0;2;1;17;B01
201100022122;0;7;0;0;2;2;19;A01
201100022123;0;30;0;0;2;1;1;B01
201100022123;0;7;0;0;2;3;9;A01
201100022124;0;2;0;0;2;1;17;B01
201100022124;0;7;0;0;2;3;15;A01
201100022125;0;7;0;0;1;4;4;A01
201100022126;0;7;0;0;2;3;10;A01
201100022126;0;33;0;0;2;2;1;B01
201100022127;0;7;0;0;0;4;16;B01
201100022127;0;2;0;0;2;1;2;A01
201100022128;0;7;0;0;2;2;5;A01
201100022128;0;7;0;0;2;1;1;B01
201100022129;0;7;0;0;2;7;15;A01
201100022129;0;7;0;0;2;2;1;B01
201100022130;0;1;0;0;2;1;16;A01
201100022130;0;7;0;0;2;1;1;B01
201100022131;0;31;0;0;0;0;1;A01
201100022132;0;7;0;0;2;1;9;A01
201100022132;0;30;0;0;2;1;1;B01
201100022133;0;37;4;0;1;5;7;A01
201100022134;0;33;0;0;2;1;17;A01
201100022134;0;7;0;0;2;8;15;B01
201100022135;0;33;0;12;0;1;1;A01
201100022136;0;7;0;0;2;4;2;B01
201100022136;0;7;0;0;2;1;2;A01
201100022137;0;7;0;0;1;1;15;A01
201100022138;0;7;0;0;1;2;1;A01
201100022139;0;7;0;0;2;3;15;B01
201100022139;0;2;0;0;2;1;17;A01
201100022140;0;7;0;0;2;6;2;B01
201100022140;0;2;0;0;2;1;2;A01
201100022141;0;7;0;0;2;4;2;B01
201100022141;0;7;0;0;2;1;2;A01
201100022142;0;7;0;0;2;2;2;A01
201100022142;0;7;0;0;2;4;2;B01
201100022143;0;2;0;0;2;8;13;A01
201100022143;0;7;0;0;2;8;1;B01
201100022144;0;7;0;0;1;1;1;A01
201100022145;0;2;0;0;2;1;18;A01
201100022145;0;7;0;0;2;3;20;B01
201100022146;0;10;0;13;0;1;1;A01
201100022147;0;7;0;0;1;1;1;A01
201100022148;0;7;0;0;2;1;2;A01
201100022148;0;7;0;0;0;6;2;B01
201100022149;0;33;0;0;2;1;13;A01
201100022149;0;7;0;0;2;2;1;B01
201100022150;0;7;0;13;0;9;1;A01
201100022151;0;10;0;0;2;4;2;B01
201100022151;0;31;0;0;2;1;2;A01
201100022152;0;7;0;0;2;4;2;B01
201100022152;0;10;0;0;0;1;2;A01
201100022153;0;7;0;0;1;1;1;A01
201100022154;0;7;0;13;0;9;1;A01
201100022155;0;2;0;0;0;0;1;A01
201100022156;0;14;0;0;2;2;17;A01
201100022156;0;10;0;0;2;6;1;B01
201100022157;0;7;0;0;0;0;1;A01
201100022158;0;7;0;6;0;1;1;A01
201100022159;0;7;0;0;2;7;1;B01
201100022159;0;1;0;0;2;1;19;A01
201100022160;0;31;0;0;2;1;1;B01
201100022160;0;99;0;0;0;8;15;A01
201100022161;0;1;0;0;2;7;1;B01
201100022161;0;7;0;0;2;3;9;A01
201100022162;0;7;0;0;0;1;1;A01
201100022163;0;7;0;0;2;8;1;B01
201100022163;0;7;0;0;2;4;23;C01
201100022163;0;7;0;0;2;4;23;D01
201100022163;0;7;0;6;2;1;1;A01
201100022164;0;7;0;0;1;4;4;A01
201100022165;0;7;0;0;1;1;1;A01
201100022166;0;7;0;14;2;1;0;A01
201100022166;0;7;0;13;0;3;0;B01
201100022167;0;32;0;0;0;8;21;A01
201100022167;0;7;0;0;0;0;4;B01
201100022168;0;7;0;13;0;1;2;B01
201100022168;0;7;0;13;0;1;0;A01
201100022169;0;21;0;0;0;8;15;B01
201100022169;0;33;0;0;2;1;17;A01
201100022170;0;7;0;0;2;1;1;B01
201100022170;0;7;0;0;2;3;1;C01
201100022170;0;30;0;0;2;8;1;A01
201100022171;0;7;0;0;2;1;13;A01
201100022171;0;7;0;0;2;1;1;B01
201100022172;0;7;0;0;2;1;1;B01
201100022172;0;7;0;0;2;1;15;A01
201100022173;0;7;0;2;2;8;1;B01
201100022173;0;7;0;2;2;1;5;A01
201100022174;0;30;0;9;0;7;1;A01
201100022175;0;7;0;0;2;6;19;A01
201100022175;0;30;0;1;2;7;1;B01
201100022176;0;32;0;0;0;9;1;A01
201100022177;0;7;0;0;2;3;15;A01
201100022177;0;30;0;0;2;7;17;B01
201100022178;0;7;0;0;2;5;15;A01
201100022178;0;31;0;0;2;7;1;B01
201100022179;0;7;0;2;0;9;1;A01
201100022180;0;33;0;0;0;7;1;A01
201100022181;0;7;0;0;2;1;1;A01
201100022181;0;7;0;0;2;1;1;B01
201100022182;0;7;0;0;1;1;1;A01
201100022183;0;2;0;0;2;1;1;B01
201100022183;0;30;0;0;2;1;9;A01
201100022184;0;30;0;0;0;0;1;A01
201100022185;0;33;0;0;1;2;1;A01
201100022186;0;7;0;0;1;7;1;A01
201100022187;0;31;0;1;1;9;1;A01
201100022188;0;7;0;0;2;8;15;A01
201100022188;0;30;0;0;2;7;17;B01
201100022189;0;7;0;0;2;8;1;A01
201100022189;0;30;0;0;2;1;16;B01
201100022190;0;7;0;0;2;2;16;A01
201100022190;0;1;0;0;2;1;1;B01
201100022191;0;7;0;8;0;1;1;A01
201100022192;0;7;0;0;2;7;11;A01
201100022192;0;7;0;0;2;3;1;B02
201100022193;0;7;0;0;0;0;23;B02
201100022193;0;7;0;6;0;1;21;A01
201100022194;0;7;0;3;0;2;14;A01
201100022195;0;7;0;0;0;6;1;B02
201100022195;0;7;0;0;2;2;11;A01
201100022196;0;15;0;0;0;4;2;B02
201100022196;0;7;0;0;2;1;2;A01
201100022197;0;7;0;0;2;3;0;A01
201100022197;0;10;0;0;2;3;0;B02
201100022198;0;7;0;2;0;8;1;A01
201100022199;0;7;0;0;2;1;13;A01
201100022199;0;7;0;0;2;6;2;D04
201100022199;0;7;0;0;2;3;1;B02
201100022199;0;7;0;0;2;6;2;C03
201100022200;0;1;0;0;0;8;1;A01
201100022200;0;7;0;0;0;0;16;B02
201100022201;0;7;0;0;2;3;1;B02
201100022201;0;7;0;0;2;1;13;A01
201100022202;0;10;0;0;2;3;1;B02
201100022202;0;7;0;0;2;3;13;A01
201100022203;0;7;0;0;1;1;1;A01
201100022204;0;7;0;0;1;3;1;A01
201100022205;0;7;0;6;0;3;1;A01
201100022206;0;7;0;13;0;7;1;A01
201100022207;0;7;0;0;9;6;2;A01
201100022207;0;1;0;0;2;1;12;B02
201100022208;0;7;0;0;2;4;2;B02
201100022208;0;33;0;0;2;1;2;A01
201100022209;0;7;0;0;2;8;10;A01
201100022209;0;30;0;0;2;5;1;B02
201100022210;0;7;0;8;0;1;14;A01
201100022210;0;7;0;14;0;1;1;B02
201100022211;0;33;0;0;0;7;11;A01
201100022212;0;7;0;0;2;2;1;B01
201100022212;0;7;0;0;2;3;1;A01
201100022213;0;7;0;0;2;2;15;A01
201100022213;0;7;0;0;2;2;1;B01
201100022214;0;7;0;0;2;3;13;A01
201100022214;0;7;0;0;0;3;1;B01
201100022215;0;7;0;0;2;1;1;B01
201100022215;0;2;0;0;2;3;5;A01
201100022216;0;7;0;0;1;1;1;A01
201100022216;0;7;0;0;1;1;1;B01
201100022217;0;7;0;13;0;1;14;A01
201100022218;0;7;0;0;1;1;1;A01
201100022219;0;7;0;0;2;3;5;C01
201100022219;0;7;0;0;2;3;1;A01
201100022219;0;3;0;0;2;4;2;B01
201100022220;0;33;0;0;1;2;1;A01
201100022221;0;7;0;0;1;1;1;A01
201100022222;0;7;0;0;1;2;1;A01
201100022223;0;7;0;0;2;7;1;B01
201100022223;1;7;0;0;2;1;19;Z01
201100022224;0;7;0;0;1;1;1;A01
201100022225;0;7;0;0;2;1;1;B01
201100022225;0;7;0;0;2;7;15;A01
201100022226;0;34;0;0;2;8;1;A01
201100022226;2;7;0;0;2;2;15;Z01
201100022227;0;2;0;0;2;3;1;A01
201100022227;0;7;0;0;2;2;19;B02
201100022228;0;7;0;0;1;1;1;A01
201100022229;0;33;0;0;0;0;0;A01
201100022230;0;7;0;0;0;9;0;A01
201100022231;0;7;0;0;2;1;1;A01
201100022231;0;10;0;0;0;7;6;B02
201100022232;0;31;0;1;0;1;1;A01
201100022233;0;7;0;0;2;1;1;B02
201100022233;0;30;0;0;2;7;19;A01
201100022234;0;7;0;0;0;8;15;A01
201100022234;0;33;0;0;0;1;2;B02
201100022235;0;7;0;0;0;4;23;A01
201100022235;0;33;0;14;0;1;1;B02
201100022236;0;30;0;6;0;7;1;A01
201100022237;0;7;0;16;0;2;2;A01
201100022238;0;7;0;0;2;3;0;B02
201100022238;0;7;0;0;2;3;0;A01
201100022239;0;7;0;0;2;3;15;B02
201100022239;0;30;0;0;2;1;17;A01
201100022240;0;10;0;0;0;2;2;A01
201100022241;0;7;0;0;1;2;1;A01
201100022242;0;33;0;0;2;8;11;B02
201100022242;0;7;0;0;2;8;1;A01
201100022243;0;7;0;13;0;9;15;A01
201100022244;0;7;0;2;0;6;0;A01
201100022245;0;10;0;0;2;1;1;B02
201100022245;0;31;0;0;2;4;23;A01
201100022246;0;7;0;0;2;3;1;A01
201100022246;0;7;0;0;2;2;1;B02
201100022247;0;13;0;0;2;3;1;B02
201100022247;0;7;0;0;2;3;13;A01
201100022248;0;7;0;0;2;1;1;A01
201100022248;0;7;0;0;2;7;1;B02
201100022249;0;7;0;0;2;1;13;A01
201100022249;0;7;0;0;2;3;1;B02
201100022250;0;7;0;0;2;6;21;A01
201100022250;0;33;0;0;2;1;1;B02
201100022251;0;2;0;0;0;0;15;A01
201100022252;0;7;0;0;2;3;1;A01
201100022252;0;7;0;0;2;7;19;B02
201100022253;0;7;0;0;0;4;2;A01
201100022254;0;33;0;0;2;1;13;A01
201100022254;0;7;0;0;2;2;21;B02
201100022255;0;33;0;0;2;7;17;A01
201100022255;0;7;0;0;2;8;15;B02
201100022256;0;7;0;2;0;7;1;A01
201100022257;0;17;0;13;0;8;1;A01
201100022258;0;7;0;0;1;1;1;A01
201100022259;0;7;0;0;2;3;15;A01
201100022259;0;2;0;0;2;1;1;B02
201100022260;0;7;0;0;2;2;19;B02
201100022260;0;31;0;0;2;2;17;A01
201100022261;0;17;0;0;0;7;2;B02
201100022261;0;33;0;0;2;8;18;A01
201100022262;0;7;0;2;0;9;0;A01
201100022263;0;30;0;11;0;1;1;A01
201100022264;0;33;0;0;0;7;14;A01
201100022265;0;7;0;0;2;3;15;A01
201100022265;0;2;0;0;0;6;1;C03
201100022265;0;7;0;0;1;1;1;B02
201100022266;0;7;0;0;2;2;11;A01
201100022266;0;17;0;0;0;6;1;B02
201100022267;0;7;0;3;0;1;1;A01
201100022268;0;17;0;13;0;7;1;A01
201100022269;0;7;0;1;0;3;17;A01
201100022269;0;10;0;0;0;5;23;B02
201100022270;0;7;0;0;2;2;1;B02
201100022270;0;2;0;0;2;3;18;A01
201100022271;0;7;0;0;1;2;14;A01
201100022272;0;10;0;0;2;8;15;A01
201100022272;0;30;0;9;2;7;18;B02
201100022273;0;7;0;0;1;1;1;A01
201100022274;0;7;0;0;2;2;1;A01
201100022274;0;7;0;0;2;3;19;B02
201100022275;0;7;0;0;2;8;1;B02
201100022275;1;7;0;0;2;8;13;A01
201100022275;0;7;0;2;0;2;21;C03
201100022276;0;14;0;0;2;2;2;A01
201100022276;0;10;0;0;2;6;2;B02
201100022277;0;7;0;3;0;1;1;A01
201100022278;0;7;0;4;0;2;1;A01
201100022279;0;17;0;3;0;8;1;A01
201100022280;0;34;0;12;2;1;1;A01
201100022281;0;7;0;0;2;1;2;A01
201100022281;0;7;0;0;0;4;1;B02
201100022282;0;7;0;0;2;2;5;B02
201100022282;0;7;0;0;2;1;13;A01
201100022283;0;33;0;0;2;4;19;B02
201100022283;0;7;0;0;2;3;9;A01
201100022284;0;30;0;0;2;1;2;A01
201100022284;0;10;0;0;2;4;2;B02
201100022285;0;7;0;0;1;3;13;A01
201100022286;0;17;0;0;2;8;1;B02
201100022286;0;7;0;0;2;8;13;A01
201100022287;0;7;0;13;0;1;13;A01
201100022288;0;7;0;0;2;1;9;A01
201100022288;0;2;0;0;0;2;1;B02
201100022289;0;30;0;0;0;1;1;B02
201100022289;0;7;0;0;2;3;17;A01
201100022290;0;7;0;2;0;1;0;A01
201100022291;0;7;0;0;2;3;19;A01
201100022291;0;7;0;0;0;7;1;B02
201100022292;0;7;0;0;2;8;10;A01
201100022292;0;33;0;0;0;2;1;B02
201100022293;0;7;0;0;2;3;1;B02
201100022293;0;7;0;0;2;3;1;A01
201100022294;0;33;0;0;2;1;17;B02
201100022294;0;7;0;0;0;6;13;A01
201100022295;0;7;0;2;0;7;1;A01
201100022296;0;33;0;3;0;0;1;A01
201100022297;0;7;0;6;0;2;14;A01
201100022298;0;7;0;0;2;1;15;A01
201100022298;0;2;0;0;2;1;1;B02
201100022299;0;7;0;0;2;6;15;B02
201100022299;0;33;0;0;2;1;17;A01
201100022300;0;7;0;0;2;7;15;A01
201100022300;0;7;0;0;0;1;1;B02
201100022300;0;7;0;0;2;2;23;C03
201100022301;0;7;0;0;0;1;1;A01
201100022301;0;7;0;0;0;8;19;B02
201100022302;0;33;0;0;2;1;19;B02
201100022302;0;7;0;0;2;2;19;A01
201100022303;0;7;0;0;2;1;1;B02
201100022303;0;7;0;0;2;1;13;A01
201100022304;0;33;0;0;2;1;5;B02
201100022304;0;17;0;0;2;3;15;A01
201100022305;0;21;0;0;0;3;15;A01
201100022305;0;33;0;0;2;1;17;B02
201100022306;0;7;0;0;2;3;17;A01
201100022306;0;7;0;0;2;6;1;B02