num_acc;senc;catv;occutc;obs;obsm;choc;manv;num_veh
201100022306;0;7;0;0;2;1;1;C03
201100022307;0;7;0;0;2;9;13;A01
201100022307;0;7;0;0;2;1;1;C03
201100022307;0;7;0;0;2;8;1;B02
201100022308;0;7;0;0;2;8;17;B02
201100022308;0;31;0;0;2;7;15;A01
201100022309;0;7;0;2;0;1;1;A01
201100022310;0;7;0;;2;2;17;C02
201100022310;0;7;0;0;2;1;2;B02
201100022310;0;7;0;0;2;6;12;A01
201100022311;0;7;0;0;0;1;23;C03
201100022311;0;7;0;0;2;7;15;B02
201100022311;0;7;0;0;2;1;1;A01
201100022312;0;7;0;0;1;7;1;A01
201100022313;0;1;0;0;2;7;1;B02
201100022313;0;7;0;0;2;1;9;A01
201100022314;0;33;0;16;0;9;15;A01
201100022315;0;7;0;0;2;4;23;B02
201100022315;0;30;0;0;2;1;2;A01
201100022316;0;7;0;13;0;7;14;A01
201100022317;0;7;0;0;1;9;1;A01
201100022317;0;7;0;0;2;1;2;B02
201100022318;0;7;0;0;2;1;13;A01
201100022318;0;7;0;0;2;1;1;B02
201100022319;0;7;0;0;2;2;1;A01
201100022319;0;7;0;0;2;2;17;B02
201100022320;0;31;0;12;0;8;13;A01
201100022321;0;7;0;0;1;3;1;A01
201100022322;0;7;0;16;2;8;13;A01
201100022323;0;33;0;14;0;1;1;A01
201100022324;0;33;0;0;2;1;1;A01
201100022324;2;10;0;0;2;8;10;B02
201100022325;0;17;0;3;0;2;1;A01
201100022326;0;7;0;0;2;3;13;A01
201100022326;0;7;0;0;2;3;1;B02
201100022327;0;7;0;0;2;1;19;A01
201100022327;0;7;0;0;4;3;1;B02
201100022328;0;7;0;0;1;1;9;A01
201100022329;0;7;0;0;2;4;2;B02
201100022329;0;7;0;0;2;9;1;A01
201100022330;0;3;0;0;0;5;2;A01
201100022330;0;7;0;0;2;1;2;B02
201100022331;0;7;0;0;1;4;4;A01
201100022332;0;7;0;0;2;2;19;A01
201100022332;0;7;0;0;2;1;1;B02
201100022333;0;7;0;0;1;6;20;A01
201100022334;0;7;0;0;0;3;1;B02
201100022334;0;21;0;0;0;3;1;A01
201100022335;0;33;0;0;2;2;21;C03
201100022335;0;7;0;0;0;6;1;D04
201100022335;0;7;0;0;0;1;13;A01
201100022335;0;7;0;0;0;1;1;B02
201100022336;0;7;0;0;2;8;1;A01
201100022336;0;7;0;0;2;8;1;B02
201100022337;0;7;0;13;0;2;1;A01
201100022338;0;7;0;0;2;1;13;A01
201100022338;0;10;0;0;2;1;1;B02
201100022339;0;10;0;0;2;8;2;B02
201100022339;0;30;0;0;2;8;2;A01
201100022340;0;30;0;0;2;2;1;B02
201100022340;0;7;0;0;2;8;15;A01
201100022341;0;7;0;2;0;2;1;A01
201100022342;0;7;0;13;0;2;1;A01
201100022343;0;33;0;0;2;8;1;B02
201100022343;0;7;0;0;2;1;15;A01
201100022344;0;10;0;16;0;0;1;A01
201100022345;0;7;0;0;2;3;0;B02
201100022345;0;7;0;0;2;3;13;A01
201100022346;0;30;0;0;2;1;17;A01
201100022346;0;30;0;0;2;8;10;B02
201100022347;0;10;0;6;0;1;1;A01
201100022348;0;7;0;0;1;1;1;A01
201100022349;0;2;0;15;0;1;14;A01
201100022350;0;33;0;8;0;7;0;A01
201100022351;0;7;0;0;1;5;1;A01
201100022352;0;7;0;0;2;3;13;B02
201100022352;0;7;0;0;2;3;1;A01
201100022353;0;7;0;0;1;3;1;A01
201100022354;0;7;0;0;2;1;13;A01
201100022354;0;7;0;0;2;1;14;B02
201100022355;0;7;0;0;2;8;19;A01
201100022355;0;7;0;0;2;1;1;B02
201100022356;0;7;0;0;2;1;13;A01
201100022356;0;7;0;0;2;1;1;B02
201100022357;0;7;0;0;2;1;1;B01
201100022357;0;3;0;0;2;5;19;A02
201100022358;0;7;0;13;0;1;1;A01
201100022359;0;7;0;13;0;1;1;A01
201100022360;0;33;0;0;0;0;1;A01
201100022361;0;1;0;0;2;8;1;B02
201100022361;0;7;0;0;9;7;17;A01
201100022362;0;7;0;0;2;7;15;A01
201100022362;0;7;0;0;2;1;1;B02
201100022363;0;7;0;6;0;7;1;A01
201100022364;0;33;0;0;2;1;1;B02
201100022364;0;7;0;0;2;5;15;A01
201100022365;0;10;0;0;1;1;1;A01
201100022365;0;15;0;0;2;3;1;B02
201100022366;0;7;0;0;2;3;1;B02
201100022366;0;7;0;0;2;2;1;A01
201100022367;0;7;0;0;1;3;1;A01
201100022368;0;33;0;0;5;1;1;A01
201100022369;0;7;0;0;1;2;20;A01
201100022370;0;7;0;0;2;2;1;B02
201100022370;0;33;0;8;2;1;1;A01
201100022371;0;38;0;0;5;3;1;A01
201100022372;0;33;0;0;2;1;1;B02
201100022372;0;7;0;0;2;7;15;A01
201100022373;0;7;0;0;2;3;19;A01
201100022373;0;33;0;0;2;1;1;B02
201100022374;0;7;0;4;0;2;1;A01
201100022375;0;21;0;0;1;7;1;A01
201100022376;0;7;0;8;0;3;1;A01
201100022377;0;33;0;0;2;1;1;B02
201100022377;0;7;0;0;2;8;15;A01
201100022378;0;7;0;2;0;1;1;A01
201100022379;0;33;0;0;2;2;1;B02
201100022379;0;7;0;0;2;3;10;A01
201100022380;0;7;0;0;2;1;1;A01
201100022380;0;17;0;0;0;4;1;B02
201100022381;0;99;0;0;0;4;1;B02
201100022381;0;7;0;0;2;3;1;A01
201100022382;0;7;0;4;2;6;2;C03
201100022382;0;7;0;4;0;3;13;A01
201100022382;0;10;0;0;2;5;21;B02
201100022383;0;7;0;13;0;1;1;A01
201100022384;0;7;0;4;0;3;1;A01
201100022385;0;17;0;0;0;6;1;C03
201100022385;0;10;0;0;2;1;1;A01
201100022386;0;7;0;13;0;2;1;A01
201100022387;0;7;0;13;0;3;1;A01
201100022388;0;7;0;3;6;9;1;A01
201100022389;0;7;0;0;1;1;1;A01
201100022390;0;31;0;0;0;7;14;A01
201100022391;0;7;0;9;0;2;0;A01
201100022392;0;10;0;0;1;2;1;A01
201100022393;0;7;0;13;0;1;12;A01
201100022394;0;7;0;0;2;2;1;A01
201100022394;0;33;0;0;2;4;1;B02
201100022395;0;7;0;0;0;6;15;A01
201100022395;0;31;0;0;2;1;17;B02
201100022396;0;7;0;2;0;8;13;A01
201100022397;0;7;0;6;0;1;13;A01
201100022398;0;7;0;0;9;1;1;B01
201100022398;0;17;0;0;9;0;1;A01
201100022399;0;17;0;0;2;4;2;B01
201100022399;0;17;0;0;2;1;2;A01
201100022400;0;7;0;0;1;2;1;A01
201100022401;0;7;0;0;2;1;6;A01
201100022401;0;17;0;0;2;1;1;B01
201100022402;0;7;0;0;2;1;1;B01
201100022402;0;7;0;0;2;8;19;A01
201100022403;0;17;0;0;2;3;13;B01
201100022403;0;7;0;0;2;3;1;A01
201100022404;0;7;0;0;2;4;2;B01
201100022404;0;7;0;0;2;3;2;A01
201100022405;0;7;0;15;1;1;13;A01
201100022406;0;7;0;0;2;4;0;B01
201100022406;0;32;0;0;2;1;1;A01
201100022407;0;7;0;0;1;1;1;A01
201100022408;0;7;0;0;1;2;1;A01
201100022409;0;30;0;13;0;1;20;A01
201100022410;0;7;0;0;1;8;1;A01
201100022411;0;7;0;0;2;3;15;B01
201100022411;0;14;0;0;2;6;1;A01
201100022412;0;7;0;6;0;1;1;A01
201100022413;0;33;0;0;2;5;1;A01
201100022413;2;7;0;0;2;1;19;A02
201100022414;0;30;0;0;2;2;19;A01
201100022414;0;7;0;0;2;3;1;B01
201100022415;0;7;0;3;0;1;2;A01
201100022416;0;7;0;0;1;1;1;A01
201100022417;0;7;0;0;1;3;1;A01
201100022418;0;7;0;0;2;2;17;A01
201100022418;0;7;0;0;2;8;20;B01
201100022419;0;7;0;0;2;4;23;A01
201100022419;0;7;0;0;2;1;1;B01
201100022420;0;32;0;12;0;7;14;A01
201100022421;0;32;0;15;0;2;14;A01
201100022422;0;7;0;0;2;1;1;B01
201100022422;0;7;0;0;2;1;0;A01
201100022423;0;7;0;0;2;4;1;A01
201100022423;0;7;0;0;2;1;2;B01
201100022424;0;7;0;0;2;4;2;B01
201100022424;0;7;0;0;2;1;2;A01
201100022425;0;10;0;0;2;8;17;A01
201100022425;0;2;0;13;2;8;1;B01
201100022426;0;7;0;0;1;1;1;A01
201100022427;0;32;0;0;2;8;2;B01
201100022427;0;7;0;0;2;4;1;A01
201100022428;0;7;0;0;2;3;2;B01
201100022428;0;7;0;0;2;3;0;A01
201100022428;0;33;0;0;2;4;23;C01
201100022429;0;32;0;15;0;2;1;A01
201100022429;0;7;0;0;2;1;1;B01
201100022429;0;7;0;0;2;4;1;C01
201100022430;0;1;0;0;2;4;1;B01
201100022430;0;7;0;0;1;1;1;A01
201100022431;0;32;0;6;5;1;21;A01
201100022432;0;7;0;0;2;3;5;A01
201100022432;0;31;0;0;2;2;1;B01
201100022433;0;7;0;0;2;4;9;B01
201100022433;0;7;0;0;2;1;2;A01
201100022434;0;7;0;0;2;8;21;A01
201100022434;0;7;0;0;2;5;1;B01
201100022435;0;7;0;0;2;1;1;B01
201100022435;0;7;0;0;2;3;15;A01
201100022436;0;7;0;3;2;1;2;A01
201100022436;0;7;0;0;2;4;2;B01
201100022437;0;31;0;0;2;2;1;B01
201100022437;0;7;0;0;2;3;9;A01
201100022438;0;2;0;0;2;1;1;B01
201100022438;0;7;0;0;2;1;1;A01
201100022439;0;2;0;0;2;8;18;A01
201100022439;0;7;0;0;2;2;16;B01
201100022440;0;7;0;0;2;2;1;B01
201100022440;0;7;0;0;2;3;1;A01
201100022441;0;7;0;0;2;8;15;B01
201100022441;0;7;0;0;2;1;1;A01
201100022442;0;32;0;12;0;8;1;A01
201100022443;0;7;0;0;2;3;1;B01
201100022443;0;32;0;0;2;7;15;A01
201100022444;0;7;0;0;1;6;20;A01
201100022445;0;7;0;0;2;7;10;A01
201100022445;0;30;0;0;2;1;2;B01
201100022446;0;33;0;0;2;2;17;B01
201100022446;0;7;0;0;2;6;17;A01
201100022447;0;7;0;0;2;4;17;A01
201100022447;0;7;0;0;2;1;1;B01
201100022448;0;7;0;0;2;1;1;B01
201100022448;0;7;0;0;2;3;13;A01
201100022449;0;7;0;0;2;1;15;A01
201100022449;0;30;0;0;2;1;1;B01
201100022450;0;37;3;0;9;1;1;A01
201100022450;0;1;0;0;2;7;19;B01
201100022451;0;7;0;0;2;3;9;A01
201100022451;0;33;0;0;2;7;1;B01
201100022452;0;7;0;0;2;3;20;B01
201100022452;0;7;0;0;2;7;1;A01
201100022453;0;7;0;0;2;1;1;B01
201100022453;0;7;0;0;2;1;9;A01
201100022454;0;7;0;0;2;1;9;A01
201100022454;0;7;0;0;2;8;19;B01
201100022455;0;2;0;0;2;1;2;A01
201100022455;0;7;0;0;2;6;23;B01
201100022456;0;7;0;0;2;2;9;A01
201100022456;0;33;0;0;2;4;23;B01
201100022457;0;33;0;12;0;1;1;A01
201100022458;0;17;0;0;2;1;1;B01
201100022458;0;31;0;0;2;1;1;C01
201100022458;0;7;0;0;2;4;1;A01
201100022459;0;7;0;0;2;3;1;B01
201100022459;0;30;0;0;2;7;9;A01
201100022460;0;7;0;0;9;2;15;A01
201100022460;0;1;0;0;2;6;1;B01
201100022461;0;33;0;0;2;1;2;B01
201100022461;0;13;0;0;2;4;4;A01
201100022462;0;32;0;2;0;7;13;A01
201100022463;0;7;0;0;2;2;1;A01
201100022463;0;1;0;0;2;1;16;B01
201100022464;0;7;0;0;1;1;1;A01
201100022465;0;33;0;0;2;1;1;B01
201100022465;0;10;0;0;2;3;15;A01
201100022466;0;7;0;0;2;4;23;B01
201100022466;0;7;0;0;2;1;1;A01
201100022467;0;7;0;0;2;1;4;A01
201100022467;0;7;0;0;2;8;20;B01
201100022468;0;7;0;0;2;2;16;B01
201100022468;0;2;0;0;2;1;7;A01
201100022469;0;7;0;0;2;7;1;B01
201100022469;0;7;0;0;2;1;16;A01
201100022470;0;33;0;0;2;1;21;A01
201100022470;0;7;0;0;2;3;15;B01
201100022471;0;30;0;0;2;4;1;C01
201100022471;0;7;0;0;2;1;2;A01
201100022471;0;7;0;0;2;4;2;B01
201100022472;0;1;0;0;2;1;1;B01
201100022472;0;7;0;0;2;2;15;A01
201100022473;0;2;0;0;2;7;1;B01
201100022473;0;7;0;0;2;3;9;A01
201100022474;0;7;0;0;5;1;14;A01
201100022475;0;7;0;0;2;1;1;A01
201100022475;0;7;0;0;2;4;1;B01
201100022476;0;33;0;0;2;7;2;A01
201100022476;0;7;0;0;2;8;23;B01
201100022477;1;31;0;0;1;8;14;Z01
201100022478;0;7;0;14;0;9;1;A01
201100022479;0;30;0;0;2;7;17;A01
201100022479;0;7;0;0;2;8;2;B01
201100022480;0;7;0;0;2;4;13;A01
201100022480;0;7;0;0;2;1;1;B01
201100022481;0;37;1;0;1;2;2;A01
201100022482;0;2;0;13;0;1;1;A01
201100022483;0;7;0;0;2;1;1;A01
201100022483;0;7;0;0;2;4;15;B01
201100022484;0;7;0;9;0;1;1;A01
201100022485;0;2;0;0;2;1;13;A01
201100022485;0;7;0;0;2;1;1;B01
201100022486;0;2;0;9;;1;6;A01
201100022487;0;7;0;2;0;1;14;A01
201100022488;0;7;0;0;2;3;9;A01
201100022488;0;33;0;0;2;1;1;B01
201100022489;0;7;0;13;0;5;1;A01
201100022490;0;7;0;0;1;2;1;A01
201100022491;0;7;0;13;0;2;14;A01
201100022492;0;10;0;0;2;1;2;A01
201100022492;0;7;0;0;2;4;24;B01
201100022493;0;33;0;0;2;1;2;A01
201100022493;0;33;0;0;2;4;2;B01
201100022494;0;30;0;0;2;7;5;A01
201100022494;0;33;0;0;2;7;1;B01
201100022495;0;30;0;0;2;1;1;A01
201100022495;0;7;0;0;2;5;16;B01
201100022496;0;33;0;0;2;1;2;A01
201100022496;0;7;0;0;2;4;2;B01
201100022497;0;14;0;0;2;4;24;B01
201100022497;0;14;0;0;2;1;1;A01
201100022498;0;7;0;13;0;1;14;A01
201100022499;0;7;0;13;0;1;14;A01
201100022500;0;7;0;9;0;1;13;A01
201100022501;0;7;0;0;2;1;2;A01
201100022501;0;33;0;0;2;4;2;B01
201100022502;0;7;0;1;0;7;14;A01
201100022503;0;7;0;0;2;1;2;A01
201100022503;0;7;0;0;2;4;15;B01
201100022504;0;1;0;0;2;1;7;A01
201100022504;0;7;0;0;2;5;1;B01
201100022505;0;14;0;0;2;2;11;A01
201100022505;0;7;0;0;2;6;1;B01
201100022505;0;7;0;0;2;4;1;C01
201100022506;0;2;0;0;1;1;1;A01
201100022507;0;3;0;0;2;1;2;A01
201100022507;0;7;0;0;2;4;16;B01
201100022508;0;33;0;6;0;1;14;A01
201100022509;0;13;0;0;2;1;16;A01
201100022509;0;1;0;0;2;1;15;B01
201100022510;0;7;0;13;0;7;14;A01
201100022511;0;33;0;0;2;7;1;A01
201100022511;0;7;0;0;2;3;17;B01
201100022512;0;7;0;0;2;3;15;A01
201100022512;0;2;0;0;2;1;13;B01
201100022513;0;7;0;0;2;1;1;A01
201100022513;0;1;0;0;2;0;19;B01
201100022514;0;7;0;0;1;4;4;A01
201100022515;2;7;0;0;2;1;13;A01
201100022515;0;7;0;0;2;1;1;B01
201100022516;0;7;0;1;0;9;19;A01
201100022517;0;7;0;6;0;1;1;A01
201100022518;0;7;0;0;0;1;13;A01
201100022519;0;33;0;0;2;1;17;A01
201100022519;0;7;0;0;2;3;23;B01
201100022520;0;7;0;8;0;7;13;A01
201100022521;0;30;0;12;0;9;14;A01
201100022522;0;7;0;0;2;1;2;A01
201100022522;0;7;0;0;2;4;23;B01
201100022523;0;33;0;0;2;7;17;A01
201100022523;0;7;0;0;2;1;1;B01
201100022524;0;7;0;12;0;1;1;A01
201100022525;0;7;0;0;1;2;1;A01
201100022526;0;30;0;0;2;8;9;A01
201100022526;0;7;0;0;2;2;9;B01
201100022527;0;30;0;1;0;9;14;A01
201100022528;0;7;0;13;0;1;13;A01
201100022529;0;7;0;0;2;2;15;A01
201100022529;0;30;0;0;2;1;1;B01
201100022530;0;7;0;0;2;1;1;B01
201100022530;0;7;0;0;2;7;19;A01
201100022531;0;2;0;0;2;1;1;A01
201100022531;0;10;0;0;2;7;15;B01
201100022532;0;7;0;0;2;5;0;B01
201100022532;0;7;0;0;2;1;19;A01
201100022533;0;7;0;6;0;1;14;A01
201100022534;0;7;0;6;0;2;1;A01
201100022535;0;7;0;;2;1;13;A01
201100022535;0;7;0;0;2;1;1;B01
201100022536;0;1;0;0;2;4;1;B01
201100022536;1;7;0;0;2;1;16;A01
201100022537;0;7;0;0;2;1;1;B01
201100022537;0;10;0;0;2;3;1;A01
201100022538;0;7;0;0;2;1;1;A01
201100022538;0;7;0;0;2;4;15;B01
201100022539;0;7;0;0;1;1;1;A01
201100022540;0;2;0;9;0;8;1;A01
201100022541;0;7;0;0;2;1;1;A01
201100022541;0;7;0;0;2;8;9;B01
201100022542;0;7;0;0;2;3;20;A01
201100022542;0;32;0;0;2;1;1;B01
201100022543;0;33;0;0;2;1;23;B01
201100022543;1;10;0;0;2;1;15;A01
201100022544;0;30;0;0;2;1;1;A01
201100022545;0;10;0;0;2;3;19;B01
201100022545;0;7;0;0;2;2;19;A01
201100022546;0;30;0;6;0;0;0;A01
201100022547;0;7;0;0;2;1;1;A01
201100022547;0;1;0;0;2;4;1;B01
201100022548;0;7;0;0;2;3;1;A01
201100022548;0;7;0;0;2;3;1;B02
201100022549;0;7;0;0;0;2;13;A01
201100022549;0;7;0;0;2;1;1;B02
201100022550;0;7;0;14;0;1;1;A01
201100022551;0;7;0;0;2;7;15;A01
201100022551;0;33;0;0;2;1;1;B02
201100022552;0;7;0;2;0;2;1;A01
201100022553;0;2;0;0;2;1;2;A01
201100022553;0;7;0;0;0;4;16;B02
201100022554;0;33;0;0;0;2;1;A01
201100022555;0;7;0;0;0;0;15;A01
201100022555;0;31;0;9;0;1;1;B02
201100022556;1;7;0;0;1;1;15;A01
201100022557;0;7;0;0;2;1;13;A01
201100022557;0;15;0;0;2;3;1;B02
201100022558;0;1;0;0;2;1;2;A01
201100022559;0;30;0;8;0;7;2;A01
201100022560;0;14;0;0;2;1;15;A01
201100022560;0;33;0;0;2;1;1;B02
201100022561;0;30;0;0;0;6;15;A01
201100022561;0;7;0;0;0;3;15;B02
201100022562;0;2;0;0;0;0;1;A01
201100022563;0;31;0;0;0;0;0;A01
201100022564;0;7;0;4;0;2;0;A01
201100022565;0;7;0;0;2;3;13;A01
201100022565;0;10;0;0;2;3;1;B01
201100022566;0;7;0;0;2;1;1;B02
201100022566;0;7;0;0;2;3;13;A01
201100022567;0;7;0;0;0;1;2;A01
201100022567;0;30;0;0;0;4;15;B02
201100022567;0;7;0;0;0;3;1;C03
201100022568;0;7;0;0;2;3;0;A01
201100022568;0;14;0;0;2;3;0;B02
201100022569;0;30;0;0;0;1;17;A01
201100022569;0;7;0;0;0;3;1;B02
201100022570;0;7;0;6;0;2;1;A01
201100022571;0;7;0;6;0;3;1;A01
201100022572;0;7;0;0;2;3;1;B02
201100022572;0;7;0;0;2;3;1;A01
201100022573;0;7;0;0;2;1;1;B02
201100022573;0;2;0;0;2;7;13;A01
201100022574;0;7;0;13;0;2;1;A01
201100022575;0;2;0;0;2;8;1;B02
201100022575;0;7;0;0;2;1;15;A01
201100022576;0;30;0;0;0;1;16;A01
201100022576;0;1;0;0;0;1;1;B02
201100022577;0;7;0;0;2;1;1;B02
201100022577;0;30;0;0;2;8;1;A01
201100022578;0;7;0;0;2;2;1;B01
201100022578;0;1;0;0;2;1;1;A01
201100022579;0;7;0;8;0;0;0;A01
201100022580;0;30;0;0;0;7;0;A01
201100022581;0;7;0;0;1;1;0;A01
201100022582;0;1;0;0;0;0;0;A01
201100022583;0;7;0;13;0;7;0;A01
201100022584;0;7;0;16;0;1;14;A01
201100022585;0;7;0;0;1;1;0;A01
201100022586;0;7;0;0;2;4;0;B01
201100022586;0;7;0;0;2;1;0;A01
201100022586;0;7;0;0;2;1;0;C01
201100022587;0;2;0;0;1;1;1;A01
201100022588;0;7;0;0;2;1;0;A01
201100022588;0;10;0;0;2;8;0;B01
201100022589;0;2;0;0;2;1;1;B01
201100022589;1;7;0;0;2;6;15;Z01
201100022590;0;33;0;1;0;8;1;A01
201100022591;0;7;0;0;2;2;15;A01
201100022591;0;33;0;0;2;1;1;B01
201100022592;0;32;0;13;0;7;0;A01
201100022593;0;7;0;1;0;2;0;A01
201100022593;0;7;0;0;2;8;24;B01
201100022594;0;1;0;0;2;4;2;B01
201100022594;0;7;0;0;2;1;2;A01
201100022595;0;7;0;0;2;3;9;A01
201100022595;0;7;0;0;2;2;1;B01
201100022596;0;31;0;0;0;7;1;A01
201100022597;0;33;0;0;2;1;1;B01
201100022597;0;7;0;0;2;5;19;A01
201100022598;0;7;0;0;2;1;2;A01
201100022598;0;7;0;0;2;4;2;B01
201100022599;1;10;0;0;2;5;17;Z01
201100022599;0;2;0;0;2;8;2;B01
201100022600;0;7;0;0;2;6;15;A01
201100022600;0;33;0;0;2;1;1;B01
201100022601;0;7;0;0;0;0;23;B01
201100022601;0;30;0;0;1;1;0;A01
201100022602;0;7;0;0;2;4;2;B01
201100022602;0;10;0;0;2;1;2;A01
201100022603;0;7;0;0;2;1;2;A01
201100022603;0;7;0;0;2;4;2;B01
201100022604;0;7;0;0;2;4;2;B01
201100022604;0;10;0;0;2;1;2;A01
201100022605;0;1;0;0;2;8;0;B01
201100022605;0;7;0;0;2;2;0;A01
201100022606;0;33;0;0;2;1;0;C01
201100022606;0;7;0;0;2;1;13;A01
201100022606;0;33;0;0;2;1;0;B01
201100022607;0;10;0;0;2;1;2;A01
201100022607;0;7;0;0;2;4;2;B01
201100022608;2;7;0;0;2;1;13;A01
201100022608;0;7;0;0;2;1;1;B01
201100022609;0;7;0;0;1;2;0;A01
201100022610;0;1;0;0;2;0;1;B01
201100022610;0;17;0;0;2;7;16;A01
201100022611;0;7;0;0;2;4;1;B01
201100022611;0;7;0;0;2;1;1;A01
201100022612;0;7;0;0;1;8;0;A01
201100022613;0;33;0;0;2;1;16;A01
201100022613;0;14;0;0;2;3;0;B01
201100022614;0;7;0;2;0;2;0;A01
201100022615;0;2;0;0;0;7;0;A01
201100022616;0;7;0;0;2;4;2;B01
201100022616;0;2;0;0;2;1;2;A01
201100022617;0;7;0;0;2;3;0;A01
201100022617;0;7;0;0;2;8;0;B01
201100022618;0;1;0;0;2;4;0;B01
201100022618;0;7;0;0;2;1;0;A01
201100022619;0;7;0;0;2;1;2;A01
201100022619;0;1;0;0;2;4;2;B01
201100022620;0;2;0;0;0;0;0;A01
201100022621;0;31;0;0;2;1;2;A01
201100022621;0;7;0;0;2;4;2;B01
201100022622;0;7;0;0;2;4;2;B01
201100022622;0;33;0;0;2;1;2;A01
201100022623;0;30;0;0;1;1;0;A01
201100022624;0;99;0;14;0;2;1;A01
201100022624;0;7;0;9;2;3;11;B01
201100022625;0;7;0;0;1;1;1;A01
201100022626;0;7;0;0;2;1;2;A01
201100022626;0;7;0;0;2;4;2;B01
201100022627;0;32;0;0;0;7;0;A01
201100022628;0;7;0;0;2;3;0;A01
201100022628;0;33;0;0;2;1;1;B01
201100022629;0;7;0;0;2;2;15;A01
201100022629;0;7;0;0;2;3;1;B01
201100022630;0;7;0;14;2;1;1;A01
201100022630;0;7;0;0;0;9;1;B01
201100022631;0;7;0;2;0;1;13;A01
201100022632;0;7;0;0;2;1;2;A01
201100022632;0;7;0;0;2;4;2;B01
201100022633;0;7;0;0;1;1;1;A01
201100022634;0;2;0;0;0;7;0;A01
201100022635;0;31;0;0;0;8;0;A01
201100022636;0;7;0;0;2;1;9;A01
201100022636;0;1;0;0;2;7;0;B01
201100022637;0;10;0;0;2;2;15;A01
201100022637;0;7;0;0;2;2;0;B01
201100022638;0;7;0;0;2;1;0;B01
201100022638;0;30;0;0;2;1;0;A01
201100022639;0;30;0;0;0;3;0;A01
201100022640;0;10;0;0;0;2;15;A01
201100022640;0;33;0;0;2;1;1;B01
201100022641;0;1;0;0;2;1;1;B01
201100022641;0;1;0;0;2;6;15;A01
201100022642;0;7;0;12;0;7;0;A01
201100022643;0;2;0;8;2;7;17;A01
201100022643;0;7;0;0;2;3;15;B01
201100022644;0;7;0;0;2;1;0;A01
201100022644;0;7;0;1;2;2;1;B01
201100022645;0;7;0;9;9;1;1;A01
201100022646;0;7;0;0;0;0;15;A01
201100022646;0;2;0;0;2;4;1;B01
201100022647;0;7;0;0;1;1;1;A01
201100022648;0;7;0;1;0;1;0;A01
201100022648;0;10;0;0;2;4;23;B01
201100022649;0;2;0;0;2;5;1;B01
201100022649;0;2;0;0;2;8;1;A01
201100022650;0;7;0;0;1;2;0;A01
201100022651;0;7;0;0;1;2;1;A01
201100022652;0;10;0;0;2;1;2;C01
201100022652;0;7;0;0;2;4;2;A01
201100022652;0;10;0;0;2;1;2;B01
201100022652;0;10;0;0;2;1;2;D01
201100022653;0;33;0;0;2;4;2;B01
201100022653;0;7;0;0;2;1;2;A01
201100022653;0;7;0;0;2;7;0;C01
201100022654;0;17;0;0;2;3;9;A01
201100022654;0;2;0;0;2;7;0;B01
201100022655;0;7;0;13;0;1;1;A01
201100022656;0;10;0;0;9;0;0;A01
201100022656;0;7;0;7;9;1;1;B01
201100022657;0;7;0;0;1;0;0;A01
201100022658;0;7;0;0;1;7;1;A01
201100022659;0;7;0;0;2;1;9;A01
201100022659;0;1;0;0;2;7;0;B01
201100022660;0;31;0;0;2;4;17;B01
201100022660;0;7;0;0;2;3;15;A01
201100022661;0;30;0;0;2;1;1;B01
201100022661;0;7;0;0;2;4;4;A01
201100022662;0;10;0;0;2;3;1;B01
201100022662;0;2;0;0;2;1;1;A01
201100022663;0;10;0;8;0;1;0;A01
201100022664;0;30;0;0;1;1;1;A01
201100022665;0;7;0;0;2;1;1;B01
201100022665;0;3;0;0;2;1;13;A01
201100022666;0;7;0;3;0;9;1;A01
201100022667;0;7;0;0;2;2;17;A01
201100022667;0;30;0;0;2;6;1;B01
201100022668;0;7;0;6;0;1;1;A01
201100022669;0;30;0;0;2;1;1;B01
201100022669;0;7;0;0;2;4;1;A01
201100022670;0;7;0;0;2;1;1;A01
201100022670;0;1;0;0;2;1;1;B01
201100022671;0;7;0;0;1;1;1;A01
201100022672;0;1;0;0;1;1;1;A01
201100022673;0;7;0;0;2;7;1;A01
201100022673;0;30;0;0;2;1;1;B01
201100022674;0;7;0;0;2;1;1;A01
201100022674;0;7;0;0;2;1;1;B01
201100022675;0;7;0;13;0;9;1;A01
201100022676;0;7;0;0;2;1;1;A01
201100022676;0;7;0;0;2;4;1;B01
201100022677;0;7;0;0;2;1;1;A01
201100022677;0;2;0;0;2;1;1;B01
201100022678;0;34;0;0;2;4;0;B01
201100022678;0;34;0;0;2;1;1;A01
201100022679;0;7;0;0;2;1;1;A01
201100022679;0;7;0;0;2;1;1;B01
201100022680;0;33;0;0;0;0;0;A01
201100022681;0;7;0;0;2;6;0;A01
201100022681;0;2;0;0;2;2;0;B01
201100022682;1;7;0;0;1;0;0;Z01
201100022683;0;7;0;0;2;1;1;A01
201100022684;0;7;0;0;2;4;1;B01
201100022684;0;7;0;0;2;1;1;A01
201100022685;0;2;0;0;0;0;1;A01
201100022686;0;7;0;13;0;1;14;A01
201100022687;0;7;0;0;2;1;17;A01
201100022687;0;7;0;0;2;3;1;B01
201100022688;0;33;0;0;2;1;1;B01
201100022688;0;7;0;0;2;3;9;A01
201100022689;0;32;0;0;2;1;1;B01
201100022689;0;7;0;0;2;2;1;A01
201100022690;0;1;0;0;2;4;1;B01
201100022690;0;7;0;0;2;1;1;A01
201100022691;0;2;0;0;2;4;1;A01