num_acc;senc;catv;occutc;obs;obsm;choc;manv;num_veh
201100022691;0;30;0;0;2;1;1;B01
201100022692;0;7;0;0;0;9;1;A01
201100022693;0;1;0;0;0;0;0;A01
201100022694;0;7;0;0;2;4;1;C01
201100022694;0;7;0;0;2;4;1;B01
201100022694;0;7;0;0;2;1;1;A01
201100022695;0;7;0;0;2;1;1;B01
201100022695;0;7;0;0;2;7;1;A01
201100022696;0;7;0;0;2;1;1;A01
201100022696;0;32;0;0;2;4;1;B01
201100022697;0;7;0;0;2;1;1;D01
201100022697;0;7;0;0;2;4;1;B01
201100022697;0;7;0;0;2;1;1;C01
201100022697;0;7;0;0;2;1;0;A01
201100022698;0;7;0;0;0;9;14;A01
201100022699;0;7;0;0;2;1;15;A01
201100022699;0;33;0;0;2;1;1;B01
201100022700;0;1;0;0;0;0;0;B01
201100022700;0;7;0;0;2;2;17;A01
201100022701;0;7;0;0;2;1;5;A01
201100022701;0;7;0;0;2;1;1;B01
201100022702;0;32;0;0;2;8;16;B01
201100022702;0;7;0;0;2;7;16;A01
201100022703;0;7;0;8;0;1;1;A01
201100022704;0;7;0;0;2;2;1;A01
201100022704;0;1;0;0;1;8;1;B01
201100022705;0;7;0;0;2;1;13;A01
201100022705;0;7;0;0;2;1;1;B01
201100022706;0;7;0;0;1;4;4;A01
201100022707;0;7;0;0;1;4;4;A01
201100022708;0;30;0;0;2;1;18;B01
201100022708;0;7;0;0;2;5;16;A01
201100022709;0;7;0;0;2;1;1;A01
201100022709;0;7;0;0;2;4;1;B01
201100022709;0;7;0;0;9;1;1;C01
201100022710;0;7;0;0;2;5;15;A01
201100022710;0;30;0;0;2;1;1;B01
201100022711;0;7;0;0;2;1;1;A01
201100022711;0;1;0;0;2;4;1;B01
201100022712;0;7;0;0;2;3;1;B01
201100022712;0;7;0;0;2;1;1;A01
201100022713;0;7;0;13;0;9;0;A01
201100022714;0;1;0;0;2;8;19;B01
201100022714;0;7;0;0;2;1;1;A01
201100022715;0;2;0;0;2;2;17;B01
201100022715;0;7;0;0;2;6;13;A01
201100022716;0;7;0;0;1;1;1;A01
201100022717;0;7;0;0;2;2;1;B01
201100022717;0;32;0;0;2;3;1;A01
201100022718;0;7;0;0;1;4;4;A01
201100022719;0;7;0;0;0;0;0;A01
201100022719;0;2;0;0;0;0;0;B01
201100022720;0;7;0;0;2;4;1;B01
201100022720;0;33;0;0;2;1;1;A01
201100022721;0;33;0;16;0;0;1;A01
201100022722;0;35;0;1;0;1;1;A01
201100022723;0;30;0;0;0;8;1;A01
201100022724;0;30;0;16;0;8;1;A01
201100022725;0;10;0;0;0;0;0;A01
201100022726;0;30;0;0;0;8;0;A01
201100022727;0;7;0;16;0;0;6;A01
201100022728;0;7;0;2;9;1;1;A01
201100022729;0;7;0;4;0;1;13;A01
201100022730;0;7;0;1;0;1;1;A01
201100022731;0;7;0;0;1;1;1;A01
201100022732;0;30;0;0;2;3;1;A01
201100022732;0;30;0;0;2;6;17;B01
201100022733;0;7;0;0;2;0;9;A01
201100022733;0;37;1;0;2;0;1;B01
201100022734;0;7;0;13;0;1;13;A01
201100022735;0;33;0;0;1;1;1;A01
201100022736;0;7;0;0;2;4;1;B01
201100022736;0;33;0;0;2;1;1;A01
201100022737;0;7;0;0;2;0;0;A01
201100022737;0;15;0;0;2;0;1;B01
201100022738;0;30;0;1;0;1;14;A01
201100022739;0;1;0;1;0;1;0;B01
201100022739;0;7;0;0;0;3;0;A01
201100022740;0;7;0;0;2;8;1;B01
201100022740;0;7;0;0;2;1;1;A01
201100022741;0;30;0;0;0;0;0;A01
201100022742;0;31;0;0;2;7;1;B01
201100022742;0;7;0;0;2;1;9;A01
201100022743;0;7;0;0;1;0;0;A01
201100022744;0;7;0;0;2;5;17;A01
201100022744;2;33;0;0;2;3;13;B01
201100022745;0;1;0;0;2;0;1;B01
201100022745;0;10;0;0;2;0;1;A01
201100022746;0;7;0;1;1;4;4;A01
201100022747;0;31;0;0;0;0;1;A01
201100022748;0;1;0;0;2;1;13;A01
201100022748;0;7;0;0;2;3;1;B01
201100022749;0;33;0;0;0;0;0;A01
201100022750;0;1;0;0;2;1;1;B01
201100022750;0;33;0;0;2;1;1;A01
201100022751;0;1;0;0;2;1;9;B01
201100022751;0;7;0;0;2;5;0;A01
201100022752;0;7;0;16;0;0;1;A01
201100022753;1;10;0;0;1;0;0;Z01
201100022754;0;7;0;0;2;1;1;A01
201100022754;0;37;0;0;2;7;1;B01
201100022755;0;7;0;0;2;1;1;A01
201100022755;0;7;0;0;2;4;1;B01
201100022756;0;7;0;9;0;0;0;A01
201100022757;0;34;0;0;1;1;1;A01
201100022758;0;7;0;0;2;1;10;B01
201100022758;0;33;0;0;2;7;1;A01
201100022759;0;7;0;0;1;4;4;A01
201100022760;0;7;0;0;2;0;19;A01
201100022760;0;7;0;0;2;0;1;B01
201100022761;0;1;0;0;2;1;1;B01
201100022761;0;7;0;0;2;2;1;A01
201100022762;0;1;0;16;0;1;1;A01
201100022763;0;7;0;0;2;1;1;A01
201100022763;0;7;0;0;2;1;1;B01
201100022764;0;7;0;0;1;9;2;B01
201100022764;0;7;0;0;2;1;2;A01
201100022764;0;7;0;0;2;9;2;C01
201100022765;0;32;0;0;2;1;1;B01
201100022765;0;7;0;0;2;8;15;A01
201100022766;0;7;0;0;2;4;1;C01
201100022766;0;7;0;0;2;1;0;B01
201100022766;0;7;0;0;2;1;1;A01
201100022767;0;7;0;0;2;4;4;A01
201100022767;0;33;0;0;2;1;1;B01
201100022768;0;31;0;1;0;2;14;A01
201100022769;0;7;0;0;1;1;1;A01
201100022770;0;7;0;0;1;1;1;A01
201100022771;0;7;0;0;1;1;1;A01
201100022772;0;33;0;0;0;0;0;A01
201100022773;0;7;0;8;0;1;1;A01
201100022774;0;1;0;0;2;1;1;B01
201100022774;0;7;0;0;2;8;22;A01
201100022775;0;16;0;0;2;1;1;A01
201100022775;0;7;0;0;2;4;1;F02
201100022775;0;16;0;0;2;0;1;E01
201100022775;0;7;0;0;2;9;1;B01
201100022775;0;7;0;0;2;4;1;C01
201100022775;0;10;0;0;2;9;3;D01
201100022776;0;2;0;0;0;0;0;B01
201100022776;0;7;0;0;0;0;0;A01
201100022777;0;7;0;0;2;4;1;B01
201100022777;0;7;0;0;2;1;1;A01
201100022778;0;7;0;0;2;1;1;A01
201100022778;0;7;0;0;2;4;0;B01
201100022779;0;7;0;0;2;2;1;B01
201100022779;0;1;0;0;2;8;15;A01
201100022780;0;10;0;0;2;1;1;A01
201100022780;0;7;0;0;2;4;1;B01
201100022781;0;7;0;0;0;9;1;A01
201100022782;1;7;0;0;1;7;14;Z01
201100022783;0;30;0;0;0;0;0;A01
201100022784;2;30;0;14;0;0;0;A01
201100022785;0;33;0;0;1;2;17;A01
201100022786;0;7;0;0;0;0;0;A01
201100022786;0;2;0;0;0;0;0;B01
201100022787;0;2;0;0;2;1;21;A01
201100022787;1;7;0;0;2;4;1;Z01
201100022788;0;7;0;0;2;0;0;A01
201100022788;0;30;0;0;2;0;0;B01
201100022789;0;1;0;0;2;8;0;B01
201100022789;0;30;0;0;2;7;0;A01
201100022790;0;7;0;0;2;2;1;B01
201100022790;0;33;0;0;2;1;1;A01
201100022791;0;7;0;0;2;2;1;A01
201100022792;0;33;0;0;0;0;0;A01
201100022793;0;33;0;0;2;6;1;A01
201100022793;1;33;0;0;2;3;1;B01
201100022794;0;31;0;0;2;1;1;B01
201100022794;0;7;0;0;2;2;1;A01
201100022795;0;33;0;0;2;7;1;A01
201100022796;0;7;0;0;2;1;0;A01
201100022796;0;7;0;0;2;4;0;B01
201100022797;0;1;0;0;2;1;1;B01
201100022797;0;1;0;0;2;1;13;A01
201100022798;0;10;0;0;2;3;1;A01
201100022798;1;10;0;0;2;3;1;B01
201100022799;0;2;0;16;0;8;1;A01
201100022800;0;7;0;0;0;7;1;A01
201100022801;0;7;0;0;2;1;1;A01
201100022801;0;33;0;0;2;1;17;B01
201100022802;0;7;0;0;2;1;1;C01
201100022802;0;7;0;0;2;4;1;A01
201100022802;0;7;0;0;2;9;1;B01
201100022803;0;7;0;0;1;3;1;A01
201100022804;0;7;0;0;2;3;1;A01
201100022804;0;2;0;0;2;1;1;B01
201100022805;0;33;0;0;2;1;0;B01
201100022805;0;7;0;0;2;1;0;A01
201100022806;0;7;0;0;2;1;0;A01
201100022806;0;1;0;0;2;7;0;B01
201100022807;0;7;0;0;2;1;1;B01
201100022807;0;30;0;0;2;1;1;A01
201100022808;0;1;0;0;2;0;1;A01
201100022808;0;7;0;0;2;0;19;B01
201100022809;0;7;0;0;1;1;0;A01
201100022810;0;7;0;16;0;7;1;A01
201100022811;0;7;0;0;1;1;1;A01
201100022812;0;37;1;0;1;2;1;A01
201100022813;0;33;0;0;2;3;17;A01
201100022813;0;7;0;0;4;3;1;B01
201100022814;0;13;0;0;2;1;1;B01
201100022814;0;7;0;0;2;1;13;A01
201100022815;0;2;0;0;2;1;1;A01
201100022815;0;1;0;0;2;7;15;B01
201100022816;0;7;0;0;2;4;1;A01
201100022816;0;30;0;0;2;1;1;B01
201100022817;0;7;0;1;0;1;1;A01
201100022818;0;7;0;0;2;8;11;A01
201100022818;0;33;0;0;2;7;1;B01
201100022819;0;2;0;12;0;0;0;A01
201100022820;0;2;0;0;1;1;0;A01
201100022821;0;10;0;0;2;2;19;A01
201100022821;0;31;0;0;2;1;1;B01
201100022822;0;7;0;0;2;4;1;C01
201100022822;0;7;0;0;2;1;1;A01
201100022822;0;7;0;0;2;4;1;B01
201100022823;0;7;0;0;2;4;1;B01
201100022823;0;32;0;0;2;1;1;A01
201100022824;0;2;0;0;2;1;0;A01
201100022824;0;20;0;0;2;1;0;B01
201100022825;0;1;0;1;0;0;0;B01
201100022826;0;30;0;12;0;1;6;A01
201100022827;0;32;0;0;2;1;1;A01
201100022827;0;7;0;0;2;3;4;B01
201100022828;0;7;0;0;2;3;1;A01
201100022828;0;7;0;0;2;2;19;B01
201100022829;0;7;0;0;2;4;1;B01
201100022829;0;7;0;0;2;1;1;A01
201100022830;0;7;0;0;2;4;4;A01
201100022830;0;7;0;0;2;1;1;B01
201100022831;0;30;0;0;0;0;0;A01
201100022832;0;1;0;0;2;7;1;B01
201100022832;0;7;0;0;2;1;1;A01
201100022833;0;1;0;16;0;0;1;A01
201100022834;0;2;0;16;0;0;0;A01
201100022835;0;10;0;0;2;4;1;B01
201100022835;0;7;0;0;2;1;0;A01
201100022836;0;7;0;0;2;3;1;B01
201100022836;0;7;0;0;2;3;13;A01
201100022837;0;7;0;0;2;8;1;A01
201100022837;0;7;0;0;2;1;1;B01
201100022838;0;7;0;0;2;0;0;A01
201100022838;0;1;0;0;2;1;1;B01
201100022839;0;7;0;0;2;7;19;A01
201100022839;0;2;0;0;2;3;1;B01
201100022840;0;7;0;0;2;2;14;A01
201100022840;0;1;0;0;2;6;1;B01
201100022841;0;7;0;13;0;0;9;A01
201100022842;0;7;0;0;2;1;15;A01
201100022842;0;7;0;0;2;1;1;B01
201100022843;0;33;0;0;0;0;21;A01
201100022844;0;2;0;0;0;8;1;A01
201100022845;0;33;0;0;2;1;1;A01
201100022845;0;7;0;0;2;4;1;B01
201100022846;0;2;0;0;0;0;1;A01
201100022847;0;30;0;0;2;1;0;A01
201100022847;0;7;0;0;2;4;0;B01
201100022848;0;33;0;13;0;0;21;A01
201100022849;0;7;0;0;2;1;1;A01
201100022849;0;7;0;0;2;2;1;B01
201100022850;0;7;0;0;1;1;13;A01
201100022851;0;34;0;0;2;1;1;A01
201100022851;0;7;0;0;2;1;1;B01
201100022852;0;7;0;0;2;4;20;A01
201100022852;0;33;0;0;2;1;1;B01
201100022853;0;15;0;0;2;1;1;A01
201100022853;0;7;0;0;2;4;1;B01
201100022854;0;7;0;0;2;1;1;A01
201100022854;0;7;0;0;2;4;1;B01
201100022855;0;7;0;0;2;4;1;A01
201100022855;0;1;0;0;2;1;1;B01
201100022856;0;7;0;0;1;0;20;A01
201100022857;0;7;0;0;2;4;1;B01
201100022857;0;34;0;0;2;1;1;A01
201100022858;0;33;0;0;2;1;1;B01
201100022858;0;7;0;0;2;5;1;A01
201100022859;0;33;0;0;2;1;10;B01
201100022859;0;7;0;0;2;3;10;A01
201100022860;0;1;0;0;2;3;1;A01
201100022860;0;7;0;0;2;2;17;B01
201100022861;0;2;0;0;2;1;1;A01
201100022861;0;7;0;0;2;2;1;B01
201100022862;0;2;0;0;2;1;1;A01
201100022862;0;10;0;0;2;4;23;B01
201100022863;0;30;0;0;2;7;1;A01
201100022864;0;2;0;8;0;3;13;A01
201100022865;0;7;0;0;2;7;1;A01
201100022865;0;7;0;0;2;1;1;B01
201100022866;0;2;0;1;0;7;14;A01
201100022867;0;2;0;0;1;1;1;A01
201100022868;0;2;0;0;2;1;1;B01
201100022868;0;7;0;0;2;5;15;A01
201100022869;0;1;0;0;2;1;0;A01
201100022869;0;7;0;0;2;0;0;B01
201100022870;0;7;0;0;2;8;10;A01
201100022870;0;7;0;0;2;1;1;B01
201100022871;0;7;0;0;1;1;1;A01
201100022872;0;2;0;0;0;0;0;A01
201100022873;0;7;0;9;0;1;0;A01
201100022874;0;7;0;6;0;1;13;A01
201100022875;0;7;0;0;2;3;9;A01
201100022875;0;1;0;0;2;1;19;B01
201100022876;0;2;0;0;0;0;1;A01
201100022877;0;7;0;0;1;1;0;A01
201100022878;0;7;0;0;2;4;4;A01
201100022878;0;1;0;0;2;0;1;B01
201100022879;0;7;0;2;0;1;1;A01
201100022880;0;10;0;0;2;6;24;B01
201100022880;0;7;0;1;0;2;14;A01
201100022881;0;13;0;0;1;4;1;A01
201100022882;0;7;0;0;2;1;1;A01
201100022882;0;2;0;0;2;1;1;B01
201100022883;0;1;0;0;2;1;0;B01
201100022883;0;7;0;0;2;1;0;A01
201100022884;0;7;0;0;2;4;1;B01
201100022884;0;7;0;0;2;1;1;A01
201100022885;0;7;0;0;2;1;19;A01
201100022885;0;13;0;0;2;6;1;B01
201100022886;0;7;0;13;0;9;0;A01
201100022887;0;1;0;0;2;4;2;B01
201100022887;0;30;0;0;2;1;1;A01
201100022888;0;17;0;0;2;8;24;B01
201100022888;0;7;0;1;0;1;1;A01
201100022889;0;1;0;0;2;1;0;B01
201100022889;0;7;0;0;2;3;0;A01
201100022890;0;7;0;0;2;1;1;B01
201100022890;0;7;0;0;2;1;13;A01
201100022891;0;7;0;0;1;4;4;A01
201100022892;0;33;0;0;2;0;17;A01
201100022892;0;7;0;0;0;0;17;B01
201100022893;0;31;0;0;2;1;1;B01
201100022893;0;7;0;0;2;1;1;A01
201100022894;0;7;0;0;1;1;1;A01
201100022895;0;7;0;0;2;4;1;A01
201100022895;0;2;0;0;2;1;1;B01
201100022896;0;7;0;0;2;1;0;A01
201100022896;0;33;0;0;2;1;0;B01
201100022897;0;30;0;4;0;1;14;A01
201100022898;0;30;0;0;2;1;1;A01
201100022898;0;7;0;0;2;3;13;B01
201100022899;0;1;0;0;0;0;2;A01
201100022900;0;7;0;13;0;9;1;A01
201100022901;0;7;0;0;2;2;17;A01
201100022901;0;34;0;0;2;6;1;B01
201100022902;0;7;0;0;2;1;0;A01
201100022902;0;1;0;0;2;1;0;B01
201100022903;0;7;0;0;2;1;1;A01
201100022903;0;1;0;0;2;0;1;B01
201100022904;0;7;0;0;2;4;1;B01
201100022904;0;30;0;0;2;1;1;A01
201100022905;0;1;0;0;2;0;1;B01
201100022905;0;7;0;0;2;0;12;A01
201100022906;0;32;0;0;0;0;1;A01
201100022907;0;7;0;0;2;0;10;B01
201100022907;0;2;0;0;2;1;1;A01
201100022908;1;99;0;0;2;0;0;B01
201100022908;0;7;0;0;2;1;0;A01
201100022909;0;7;0;0;2;5;1;B01
201100022909;0;1;0;0;2;1;1;A01
201100022910;0;7;0;0;1;1;1;A01
201100022911;0;33;0;0;2;1;1;B01
201100022911;0;7;0;0;2;4;1;A01
201100022912;0;2;0;0;2;1;0;A01
201100022912;1;7;0;0;2;0;0;Z01
201100022913;0;2;0;0;0;0;1;A01
201100022914;0;30;0;16;0;0;13;A01
201100022915;0;7;0;0;2;1;0;A01
201100022915;0;3;0;0;2;1;1;B01
201100022916;0;2;0;0;2;6;1;A01
201100022916;0;7;0;0;2;1;1;B01
201100022917;0;2;0;0;2;1;1;B01
201100022917;0;7;0;0;2;2;15;A01
201100022918;0;7;0;0;2;0;1;B01
201100022918;0;1;0;0;2;0;1;A01
201100022919;0;7;0;0;1;1;0;A01
201100022920;0;2;0;0;2;1;1;B01
201100022920;0;7;0;0;2;4;1;A01
201100022921;0;33;0;0;2;7;17;A01
201100022921;0;7;0;0;2;8;1;B01
201100022922;0;2;0;0;2;4;21;B01
201100022922;0;2;0;0;2;4;1;A01
201100022923;0;7;0;0;2;1;10;A01
201100022923;0;30;0;0;2;2;0;B01
201100022924;0;7;0;6;0;9;1;A01
201100022925;0;7;0;0;2;1;1;A01
201100022925;0;7;0;0;2;4;1;B01
201100022926;0;7;0;9;0;1;1;A01
201100022927;0;7;0;0;2;0;1;A01
201100022927;0;7;0;0;2;0;2;B01
201100022928;0;7;0;0;1;4;4;A01
201100022929;0;7;0;0;2;1;1;B01
201100022929;0;7;0;7;2;7;19;A01
201100022930;0;7;0;0;2;4;1;B01
201100022930;0;30;0;0;2;1;1;A01
201100022931;0;7;0;0;0;9;0;A01
201100022932;0;30;0;0;2;6;1;B01
201100022932;0;7;0;0;2;2;12;A01
201100022933;0;10;0;0;0;2;1;A01
201100022933;0;7;0;0;2;4;23;B01
201100022933;0;10;0;0;2;4;23;C01
201100022934;0;7;0;0;2;1;1;A01
201100022934;0;7;0;0;2;1;1;B01
201100022935;0;7;0;0;2;4;1;B01
201100022935;0;7;0;0;2;1;1;A01
201100022936;0;7;0;0;2;1;17;A01
201100022936;0;13;0;0;2;8;15;B01
201100022937;0;2;0;0;2;7;19;A01
201100022937;0;7;0;0;2;3;1;B01
201100022938;0;31;0;0;2;3;1;A01
201100022938;0;7;0;0;2;8;13;B01
201100022939;0;2;0;0;0;7;1;A01
201100022940;0;7;0;0;2;7;13;A01
201100022940;0;7;0;0;2;7;0;B01
201100022941;0;7;0;0;0;0;9;A01
201100022941;0;1;0;0;0;0;1;B01
201100022942;0;10;0;0;0;9;14;A01
201100022943;0;30;0;0;2;1;0;B01
201100022943;0;7;0;0;2;0;0;A01
201100022944;0;1;0;0;2;1;1;B01
201100022944;0;7;0;0;2;8;1;A01
201100022945;0;7;0;0;2;7;9;B01
201100022945;0;30;0;0;2;2;1;A01
201100022946;0;7;0;0;2;1;1;A01
201100022946;0;7;0;0;2;4;2;C01
201100022946;0;7;0;0;2;9;2;B01
201100022947;0;33;0;0;2;1;1;B01
201100022947;0;7;0;0;2;1;9;A01
201100022948;0;30;0;0;2;1;1;A01
201100022948;0;7;0;0;2;4;1;B01
201100022949;0;7;0;0;2;1;2;A01
201100022949;0;7;0;0;2;1;2;D01
201100022949;0;7;0;0;2;1;2;C01
201100022949;0;7;0;0;2;4;2;B01
201100022950;0;30;0;0;2;1;1;A01
201100022950;0;30;0;0;2;1;1;B01
201100022951;0;7;0;0;1;2;1;A01
201100022952;0;7;0;0;1;1;0;A01
201100022953;0;30;0;16;0;8;1;A01
201100022954;0;7;0;0;2;1;1;A01
201100022954;0;1;0;0;2;0;19;B01
201100022955;0;10;0;0;1;6;21;A01
201100022956;0;34;0;0;0;0;1;A01
201100022957;0;2;0;0;2;8;1;B01
201100022957;0;7;0;0;2;2;17;A01
201100022958;0;7;0;0;6;1;1;A01
201100022959;0;7;0;0;2;0;13;A01
201100022959;0;7;0;0;2;0;1;B01
201100022960;0;7;0;0;2;1;1;A01
201100022960;0;1;0;0;2;1;1;B01
201100022961;0;1;0;16;0;2;1;A01
201100022962;0;7;0;0;2;6;1;B01
201100022962;0;31;0;0;2;1;18;A01
201100022963;0;7;0;4;0;9;13;A01
201100022964;0;7;0;0;2;1;0;A01
201100022964;0;1;0;0;2;1;1;B01
201100022965;0;7;0;0;2;3;14;A01
201100022965;0;7;0;0;2;3;13;B01
201100022966;0;37;1;0;2;4;1;B01
201100022966;0;10;0;0;2;1;2;A01
201100022967;0;7;0;0;2;1;0;A01
201100022967;0;7;0;0;2;1;0;B01
201100022968;0;7;0;0;2;7;1;A01
201100022968;0;7;0;0;2;3;15;B01
201100022969;0;7;0;0;1;1;1;A01
201100022970;0;7;0;0;1;1;1;A01
201100022971;0;2;0;0;5;7;1;A01
201100022972;0;7;0;0;2;2;1;A01
201100022972;0;30;0;0;2;1;1;B01
201100022973;0;7;0;0;1;1;1;A01
201100022974;0;7;0;0;1;2;1;A01
201100022975;0;7;0;0;1;1;1;A01
201100022976;0;7;0;0;1;1;1;A01
201100022977;0;7;0;0;1;1;1;A01
201100022978;0;2;0;0;2;1;1;B01
201100022978;0;7;0;0;2;8;1;A01
201100022979;0;7;0;0;0;1;0;A01
201100022979;0;1;0;0;2;1;0;B01
201100022980;0;2;0;0;2;3;1;B01
201100022980;0;7;0;0;2;3;1;A01
201100022981;0;7;0;0;2;1;1;A01
201100022981;0;7;0;0;2;4;1;B01
201100022982;0;2;0;8;0;1;1;A01
201100022983;0;7;0;0;6;7;1;A01
201100022983;0;14;0;0;2;8;1;B01
201100022984;0;7;0;0;2;1;1;A01
201100022984;0;7;0;0;2;4;1;B01
201100022985;0;7;0;0;1;1;1;A01
201100022986;0;7;0;0;2;0;23;B01
201100022986;0;30;0;0;2;0;1;A01
201100022987;0;7;0;0;2;4;1;C01
201100022987;0;7;0;0;2;4;1;B01
201100022987;0;7;0;0;2;1;1;A01
201100022988;0;2;0;0;2;2;0;B01
201100022988;0;2;0;0;2;3;1;A01
201100022989;0;7;0;0;2;8;1;B01
201100022989;0;7;0;4;2;3;13;A01
201100022990;0;33;0;0;0;0;0;A01
201100022991;0;7;0;1;0;0;0;A01
201100022992;0;7;0;4;0;3;1;A01
201100022993;0;7;0;7;0;1;1;A01
201100022994;0;7;0;0;1;1;0;A01
201100022995;0;34;0;0;1;1;0;A01
201100022996;0;7;0;0;2;1;1;A01
201100022996;0;7;0;0;2;8;1;B01
201100022997;0;7;0;0;1;1;1;A01
201100022998;0;7;0;0;0;0;0;A01
201100022999;0;30;0;0;2;1;5;A01
201100022999;0;7;0;0;2;5;1;B01
201100023000;0;1;0;0;2;0;1;B01
201100023000;0;7;0;0;9;1;0;A01
201100023001;0;7;0;0;1;1;1;A01
201100023002;0;1;0;0;2;0;0;B01
201100023002;0;7;0;0;9;0;0;A01
201100023003;0;7;0;0;2;0;0;A01
201100023003;0;30;0;0;2;1;0;B01
201100023004;0;7;0;0;2;8;0;A01
201100023004;0;7;0;0;2;1;0;B01
201100023005;0;7;0;0;2;0;0;B01
201100023005;0;7;0;0;2;0;0;A01
201100023006;0;30;0;0;0;0;0;A01
201100023007;0;7;0;0;9;0;0;A01
201100023007;0;1;0;0;2;0;1;B01
201100023008;0;2;0;0;2;2;0;A01
201100023008;0;7;0;0;2;8;0;B01
201100023009;0;1;0;0;2;1;0;B01
201100023009;0;7;0;0;9;3;0;A01
201100023010;0;1;0;0;2;1;16;A01
201100023010;0;7;0;0;9;8;1;B01
201100023011;0;7;0;0;2;8;15;B01
201100023011;0;33;0;0;2;9;17;A01
201100023012;0;7;0;0;0;1;1;A01
201100023013;0;7;0;0;2;8;10;A01
201100023014;0;7;0;16;0;1;0;A01
201100023015;0;7;0;6;0;9;0;A01
201100023016;0;7;0;0;2;1;0;A01
201100023016;0;7;0;0;2;4;0;B01
201100023017;0;32;0;0;2;1;2;A01
201100023017;0;7;0;0;2;0;0;B01
201100023018;0;7;0;0;9;1;0;A01
201100023018;0;1;0;0;2;0;0;B01
201100023019;0;33;0;0;2;1;0;B01
201100023019;0;7;0;0;2;8;0;A01
201100023020;0;7;0;3;0;0;0;A01
201100023021;0;7;0;0;2;4;0;B01
201100023021;0;7;0;0;2;1;0;A01
201100023022;0;7;0;6;0;1;0;A01
201100023023;0;7;0;0;0;4;0;B01
201100023023;0;7;0;0;2;4;0;C01
201100023023;0;7;0;0;2;1;0;A01
201100023024;0;1;0;0;2;0;0;A01
201100023024;0;38;0;0;9;5;0;B01
201100023025;0;1;0;12;0;1;1;A01
201100023026;0;2;0;0;1;1;1;A01
201100023027;0;7;0;1;2;1;1;A01
201100023028;0;7;0;0;0;1;1;B01
201100023028;0;7;0;0;2;7;1;A01
201100023029;0;7;0;0;2;1;1;A01
201100023029;0;30;0;0;2;7;1;B01
201100023030;0;7;0;0;2;1;1;B01
201100023030;0;7;0;0;2;1;1;A01
201100023031;0;7;0;0;2;6;1;B01
201100023031;0;1;0;0;2;1;1;A01
201100023032;0;2;0;0;0;1;1;A01
201100023033;0;7;0;0;1;1;1;A01
201100023034;0;30;0;12;0;1;0;A01
201100023035;0;13;0;0;2;3;15;B01
201100023035;0;30;0;0;2;1;1;A01
201100023036;0;7;0;0;2;4;1;B01
201100023036;0;30;0;0;2;1;1;A01
201100023037;0;7;0;0;1;1;1;A01
201100023038;0;7;0;0;2;4;1;C01
201100023038;0;7;0;0;2;1;1;A01
201100023038;0;7;0;0;2;4;1;B01
201100023039;0;7;0;0;2;1;1;A01
201100023039;0;1;0;0;2;4;1;B01
201100023040;0;7;0;0;1;1;1;A01
201100023041;0;7;0;0;1;1;1;A01
201100023042;0;7;0;1;0;2;0;A01
201100023043;0;3;0;1;0;2;1;A01
201100023044;0;7;0;0;2;3;9;A01
201100023044;0;33;0;0;2;1;1;B01
201100023045;0;7;0;0;2;6;16;B01
201100023045;0;33;0;0;2;1;17;A01
201100023046;0;7;0;0;2;2;1;B01
201100023046;0;30;0;0;2;1;1;A01
201100023047;0;7;0;0;2;6;1;B01
201100023047;0;7;0;0;2;3;1;A01
201100023048;0;7;0;0;1;1;1;A01
201100023049;0;7;0;0;1;4;4;A01
201100023050;0;7;0;0;1;1;1;A01
201100023051;0;2;0;13;0;0;0;A01
201100023052;0;30;0;0;0;1;0;A01
201100023053;0;7;0;0;9;7;0;A01
201100023053;0;1;0;0;2;1;0;B01
201100023054;0;33;0;0;0;0;0;A01
201100023055;0;7;0;0;0;8;0;A01
201100023056;0;7;0;0;0;4;0;C01
201100023056;0;30;0;0;2;4;0;B01
201100023056;0;7;0;0;2;1;0;A01
201100023057;0;33;0;0;2;1;1;A01
201100023057;0;7;0;0;2;4;1;B01
201100023058;0;32;0;0;1;1;0;A01
201100023059;0;7;0;0;2;4;0;B01
201100023059;0;30;0;0;2;1;0;A01
201100023060;0;31;0;0;2;8;10;A01
201100023060;0;33;0;0;2;1;1;B01
201100023061;0;7;0;0;2;4;1;C01
201100023061;0;7;0;0;2;4;1;B01
201100023061;0;7;0;0;2;1;1;A01
201100023062;0;7;0;0;2;8;1;B01
201100023062;0;1;0;0;2;1;0;A01
201100023063;0;7;0;0;1;1;1;A01
201100023064;0;1;0;0;1;1;1;A01
201100023064;0;1;0;0;2;1;0;B01
201100023065;0;7;0;0;1;2;1;A01
201100023066;0;7;0;6;0;1;1;A01
201100023067;0;7;0;0;2;1;13;A01
201100023067;0;7;0;0;2;1;1;B01
201100023068;0;7;0;1;0;1;0;A01
201100023069;0;7;0;0;2;4;1;B01
201100023069;0;7;0;0;2;1;1;A01
201100023070;0;7;0;0;2;1;1;B01
201100023070;0;7;0;0;2;8;9;A01
201100023071;0;7;0;9;0;1;1;A01
201100023072;0;7;0;0;2;4;1;B01
201100023072;0;7;0;0;2;1;1;C01
201100023072;0;7;0;0;2;1;1;A01
201100023073;0;7;0;0;2;1;5;A01
201100023073;0;7;0;0;2;1;1;B01
201100023074;0;7;0;0;2;1;1;B01
201100023074;0;7;0;0;2;1;1;A01
201100023075;0;7;0;0;2;1;1;A01
201100023075;0;1;0;0;2;7;15;B01
201100023076;0;31;0;0;2;1;1;B01
201100023076;0;7;0;0;2;2;9;A01
201100023077;0;7;0;0;2;1;1;B01