num_acc;senc;catv;occutc;obs;obsm;choc;manv;num_veh
201100023077;0;7;0;0;2;1;1;A01
201100023078;0;30;0;0;2;1;1;B01
201100023078;0;7;0;0;2;3;1;A01
201100023079;0;7;0;0;1;1;1;A01
201100023080;0;7;0;0;2;7;15;B01
201100023080;0;33;0;0;2;1;17;A01
201100023081;0;7;0;0;1;1;1;A01
201100023082;0;7;0;0;2;3;15;B01
201100023082;0;30;0;0;2;1;17;A01
201100023083;0;30;0;0;2;1;17;B01
201100023083;1;7;0;0;2;0;10;A01
201100023084;0;7;0;3;0;1;1;A01
201100023085;0;30;0;0;2;1;1;B01
201100023085;0;10;0;0;2;1;15;A01
201100023086;0;7;0;0;1;1;0;A01
201100023087;0;7;0;0;2;1;1;C01
201100023087;0;7;0;0;2;2;15;A01
201100023087;0;30;0;0;2;1;1;B01
201100023088;0;7;0;0;2;4;1;B01
201100023088;0;30;0;0;2;1;1;A01
201100023089;0;7;0;0;2;8;11;A01
201100023089;0;31;0;0;2;7;1;B01
201100023090;0;7;0;0;2;1;1;A01
201100023090;0;7;0;0;2;4;1;B01
201100023090;0;7;0;0;2;4;1;C01
201100023091;0;30;0;0;2;7;0;B01
201100023091;0;7;0;0;2;1;9;A01
201100023092;0;7;0;0;2;1;0;B01
201100023092;0;33;0;0;2;1;0;A01
201100023093;0;2;0;0;0;0;1;A01
201100023094;0;30;0;0;2;1;1;A01
201100023094;0;7;0;0;2;4;1;B01
201100023095;0;7;0;3;0;0;0;A01
201100023096;0;7;0;0;1;0;0;A01
201100023097;0;7;0;0;2;3;0;A01
201100023097;0;31;0;0;2;2;0;B01
201100023098;0;30;0;0;0;0;1;A01
201100023099;0;7;0;1;0;7;1;A01
201100023099;0;7;0;0;2;8;0;B01
201100023100;0;7;0;0;2;7;0;B01
201100023100;0;7;0;0;2;0;0;C01
201100023100;0;7;0;0;2;0;1;A01
201100023101;0;7;0;0;2;0;0;A01
201100023101;0;33;0;0;2;0;0;B01
201100023102;0;7;0;0;1;0;0;A01
201100023103;0;7;0;13;0;2;1;A01
201100023104;0;7;0;0;2;2;15;A01
201100023104;0;33;0;0;2;1;1;B01
201100023105;0;34;0;0;2;1;1;B01
201100023105;0;7;0;0;2;1;16;A01
201100023106;0;7;0;0;2;3;15;A01
201100023106;0;32;0;0;2;1;1;B01
201100023107;0;7;0;0;2;3;2;A01
201100023107;0;7;0;0;2;4;15;B01
201100023108;0;7;0;0;2;8;1;B01
201100023108;0;30;0;0;2;1;19;A01
201100023109;0;2;0;0;0;0;1;A01
201100023110;0;30;0;0;2;1;18;A01
201100023110;0;10;0;0;2;2;16;B01
201100023111;0;7;0;0;2;1;1;A01
201100023111;0;7;0;0;2;4;1;B01
201100023112;0;7;0;0;0;1;1;A01
201100023113;0;2;0;0;0;2;1;A01
201100023114;0;7;0;0;2;1;13;A01
201100023114;0;7;0;13;2;3;21;B01
201100023115;0;7;0;0;2;1;0;B01
201100023115;0;7;0;0;2;1;1;A01
201100023116;0;2;0;0;0;7;1;A01
201100023117;0;1;0;0;1;1;1;A01
201100023118;0;7;0;0;2;3;1;B01
201100023118;0;2;0;0;2;1;1;A01
201100023119;0;7;0;0;0;9;1;A01
201100023120;0;2;0;0;0;0;0;A01
201100023121;0;7;0;0;9;3;9;A01
201100023121;0;1;0;0;2;1;1;B01
201100023122;0;7;0;0;1;0;0;A01
201100023123;0;7;0;6;0;1;1;A01
201100023124;0;7;0;0;2;1;1;A01
201100023124;0;7;0;0;0;5;1;B01
201100023125;0;3;0;0;1;1;0;A01
201100023126;0;7;0;6;0;1;0;A01
201100023127;0;31;0;0;0;0;21;A01
201100023128;0;7;0;0;9;0;0;B01
201100023128;0;30;0;0;2;1;0;A01
201100023129;0;7;0;0;1;4;4;A01
201100023130;0;2;0;0;0;0;0;A01
201100023131;0;1;0;0;2;1;1;B01
201100023131;0;7;0;0;9;3;9;A01
201100023132;0;7;0;0;2;5;4;A01
201100023132;0;30;0;0;2;1;1;B01
201100023133;0;30;0;0;2;0;0;B01
201100023133;0;7;0;0;9;0;0;A01
201100023134;0;1;0;0;1;0;0;A01
201100023135;0;7;0;3;0;2;14;A01
201100023136;0;7;0;0;1;4;4;A01
201100023137;1;7;0;0;2;1;0;A01
201100023137;0;30;0;0;2;1;0;B01
201100023138;0;30;0;0;2;1;0;A01
201100023138;0;7;0;0;1;1;0;B01
201100023139;0;7;0;12;0;1;15;A01
201100023140;0;7;0;0;2;7;1;B01
201100023140;0;7;0;0;2;1;0;A01
201100023141;0;33;0;13;0;1;1;A01
201100023142;0;7;0;0;2;1;1;B01
201100023142;0;30;0;0;2;1;5;A01
201100023143;0;7;0;0;2;1;0;A01
201100023143;0;10;0;0;2;4;1;B01
201100023144;0;7;0;0;2;1;1;A01
201100023144;0;38;0;0;2;4;1;B01
201100023145;0;7;0;0;2;4;4;A01
201100023145;0;7;0;0;2;7;1;B01
201100023146;0;7;0;0;1;7;1;A01
201100023147;0;7;0;0;1;7;1;A01
201100023148;0;7;0;3;0;2;14;A01
201100023149;0;7;0;0;1;4;4;A01
201100023150;0;7;0;0;2;8;15;B01
201100023150;0;2;0;0;1;5;17;A01
201100023151;0;33;0;0;0;0;1;A01
201100023152;0;30;0;0;2;1;5;A01
201100023152;0;7;0;0;2;1;1;B01
201100023153;1;7;0;0;2;8;10;A01
201100023153;0;33;0;0;2;7;17;B01
201100023154;0;7;0;0;2;1;1;D01
201100023154;0;7;0;0;2;3;1;C01
201100023154;0;33;0;0;2;1;1;E01
201100023154;0;7;0;0;2;4;15;B01
201100023154;0;7;0;0;2;1;1;A01
201100023155;0;30;0;0;2;1;1;B01
201100023155;0;7;0;0;0;2;15;A01
201100023156;0;7;0;0;2;2;15;A01
201100023156;0;31;0;0;2;1;17;B01
201100023157;0;7;0;0;2;4;2;B01
201100023157;0;7;0;0;2;1;2;A01
201100023158;0;7;0;0;2;2;16;A01
201100023158;0;2;0;0;2;1;1;B01
201100023159;0;7;0;0;2;4;1;B01
201100023159;0;7;0;0;2;4;0;C01
201100023159;0;7;0;0;2;1;1;A01
201100023160;0;33;0;9;0;1;1;A01
201100023161;0;7;0;0;2;4;0;B01
201100023161;0;14;0;0;2;1;1;A01
201100023162;0;1;0;0;0;0;1;A01
201100023163;0;7;0;0;2;2;15;B01
201100023163;0;1;0;0;2;1;5;A01
201100023164;0;7;0;0;2;4;1;A01
201100023164;0;7;0;0;2;0;1;C01
201100023164;0;7;0;0;2;4;1;B01
201100023164;0;7;0;0;2;1;1;D01
201100023165;0;7;0;0;2;4;0;B01
201100023165;0;7;0;0;2;1;1;A01
201100023166;0;7;0;0;5;1;1;A01
201100023167;0;7;0;0;0;4;0;B01
201100023167;0;7;0;0;2;1;0;A01
201100023168;0;7;0;0;9;7;0;A01
201100023168;0;1;0;1;0;2;0;B01
201100023169;0;7;0;0;1;1;0;A01
201100023170;0;7;0;13;0;9;0;A01
201100023171;0;7;0;0;2;1;0;A01
201100023172;0;7;0;0;2;4;0;A01
201100023172;0;7;0;0;2;1;0;B01
201100023173;0;7;0;0;9;1;0;A01
201100023174;0;7;0;2;0;1;0;A01
201100023175;0;7;0;0;2;4;0;B01
201100023175;0;7;0;0;2;1;0;A01
201100023176;0;7;0;0;2;3;0;A01
201100023176;0;7;0;0;2;1;1;B01
201100023177;0;7;0;13;0;9;0;A01
201100023178;0;30;0;0;0;1;0;A01
201100023179;0;2;0;0;0;0;0;A01
201100023180;0;2;0;0;2;1;0;B01
201100023180;0;7;0;0;0;4;0;A01
201100023181;0;7;0;0;0;0;0;A01
201100023182;0;31;0;0;2;2;0;B01
201100023182;0;7;0;0;2;3;0;A01
201100023183;0;30;0;0;2;8;0;A01
201100023183;0;7;0;0;2;8;0;B01
201100023184;0;7;0;0;0;4;0;B01
201100023184;0;33;0;0;0;1;0;A01
201100023185;0;33;0;0;0;0;0;B01
201100023185;0;7;0;0;0;0;0;A01
201100023186;0;7;0;9;0;1;0;A01
201100023187;0;7;0;0;9;1;0;A01
201100023187;0;1;0;0;0;4;0;B01
201100023188;0;1;0;0;0;2;0;B01
201100023188;0;7;0;0;9;2;0;A01
201100023189;0;7;0;0;0;2;0;A01
201100023189;0;1;0;0;2;1;0;B01
201100023190;0;7;0;0;0;0;0;A01
201100023190;0;1;0;0;0;0;0;B01
201100023191;0;7;0;6;0;1;0;A01
201100023192;0;7;0;0;2;1;0;B01
201100023192;0;7;0;0;2;7;0;A01
201100023193;0;7;0;1;2;1;0;A01
201100023194;0;7;0;0;2;1;0;A01
201100023194;0;7;0;0;2;4;0;B01
201100023195;0;7;0;0;1;2;0;A01
201100023196;0;2;0;0;2;1;0;A01
201100023196;0;7;0;0;0;4;0;B01
201100023197;0;30;0;0;2;8;1;B01
201100023197;0;7;0;0;2;1;1;A01
201100023198;0;7;0;0;1;1;1;A01
201100023199;0;7;0;6;0;4;4;A01
201100023200;0;7;0;0;2;1;1;B01
201100023200;0;7;0;0;2;8;23;C01
201100023200;0;7;0;0;2;2;15;A01
201100023201;0;30;0;0;2;1;9;B01
201100023201;0;7;0;0;2;2;1;A01
201100023202;0;30;0;0;2;1;9;A01
201100023202;0;7;0;0;2;2;1;B01
201100023203;0;7;0;0;2;2;15;A01
201100023203;0;30;0;0;2;1;1;B01
201100023204;0;2;0;0;0;1;0;A01
201100023205;0;7;0;0;1;1;1;A01
201100023206;0;1;0;0;2;8;1;B01
201100023206;0;7;0;0;9;2;12;A01
201100023207;0;7;0;0;1;1;0;A01
201100023208;0;7;0;0;2;4;15;B01
201100023208;0;7;0;0;2;3;1;C01
201100023208;0;7;0;0;2;1;1;A01
201100023209;0;7;0;0;2;1;15;A01
201100023209;0;7;0;0;2;3;1;B01
201100023210;0;7;0;0;1;1;1;A01
201100023211;0;7;0;0;6;3;21;A01
201100023212;0;7;0;4;0;3;13;A01
201100023213;0;10;0;0;0;4;23;B02
201100023213;0;17;0;1;0;1;1;A01
201100023214;0;17;0;0;2;1;2;C03
201100023214;0;7;0;0;0;4;2;B02
201100023214;0;17;0;0;0;4;1;A01
201100023215;0;7;0;0;2;1;1;B02
201100023215;0;7;0;0;0;5;1;A01
201100023216;0;7;0;0;1;6;20;A01
201100023217;0;7;0;4;2;7;1;A01
201100023217;0;7;0;0;2;1;1;C03
201100023217;0;7;0;4;2;1;0;B02
201100023218;0;15;0;3;0;8;2;A01
201100023219;0;7;0;0;2;6;23;C03
201100023219;0;7;0;0;2;2;15;A01
201100023219;0;7;0;0;2;3;1;B02
201100023220;0;17;0;0;2;7;15;A01
201100023220;0;38;0;0;2;1;1;B02
201100023221;0;7;0;0;2;1;15;A01
201100023221;0;31;0;0;2;7;1;B02
201100023222;0;33;0;0;2;1;13;A01
201100023222;0;7;0;0;2;1;1;B02
201100023223;0;7;0;10;0;2;1;A01
201100023224;0;34;0;0;2;1;3;A01
201100023224;0;7;0;0;2;8;15;B02
201100023225;0;33;0;0;0;0;21;A01
201100023226;0;10;0;0;0;6;2;B02
201100023226;0;33;0;0;2;1;2;A01
201100023227;0;7;0;0;2;2;15;A01
201100023227;0;32;0;0;2;2;1;B02
201100023228;0;33;0;0;0;0;21;A01
201100023229;0;7;0;0;2;6;19;A01
201100023229;0;34;0;0;2;1;1;B02
201100023230;0;33;0;0;2;1;1;A01
201100023230;0;7;0;0;2;2;10;B02
201100023231;0;7;0;1;0;7;1;A01
201100023231;0;14;0;0;2;2;5;B02
201100023232;0;7;0;11;0;2;15;A01
201100023233;0;1;0;0;2;4;2;B02
201100023233;0;7;0;0;9;2;2;A01
201100023234;0;7;0;6;0;1;14;A01
201100023235;0;7;0;0;2;2;1;B02
201100023235;0;30;0;0;2;1;13;A01
201100023236;0;7;0;6;0;1;1;A01
201100023237;0;7;0;2;0;7;1;A01
201100023238;0;14;0;0;2;6;11;A01
201100023238;0;33;0;0;2;1;1;B02
201100023239;0;7;0;13;0;2;14;A01
201100023240;0;7;0;0;2;7;1;B02
201100023240;0;7;0;0;2;3;19;A01
201100023241;0;10;0;13;0;1;13;A01
201100023242;0;3;0;13;0;2;0;A01
201100023243;0;10;0;0;2;8;1;A01
201100023243;0;1;0;0;2;1;1;B02
201100023244;0;10;0;0;2;2;1;A01
201100023245;0;7;0;0;0;0;14;A01
201100023246;0;7;0;0;2;2;15;A01
201100023246;0;33;0;0;2;1;21;B02
201100023247;0;7;0;0;2;8;15;A01
201100023247;0;33;0;0;2;1;1;B02
201100023247;0;33;0;0;2;1;0;C03
201100023248;0;7;0;2;0;9;1;A01
201100023249;0;7;0;0;2;8;15;A01
201100023249;0;7;0;0;2;1;1;B02
201100023250;0;33;0;5;0;1;1;A01
201100023251;0;7;0;13;0;9;1;A01
201100023252;0;33;0;16;0;1;1;A01
201100023253;0;7;0;0;0;0;17;A01
201100023253;0;7;0;6;0;1;1;B02
201100023254;0;7;0;0;0;3;1;B02
201100023254;0;7;0;0;0;3;13;A01
201100023255;0;7;0;0;2;4;15;B02
201100023255;0;33;0;0;2;1;17;A01
201100023256;0;7;0;0;2;1;1;B02
201100023256;0;14;0;0;2;3;1;A01
201100023257;0;7;0;0;0;8;15;B02
201100023257;0;30;0;0;0;2;13;A01
201100023258;0;7;0;6;0;1;1;A01
201100023259;0;7;0;2;0;7;1;A01
201100023260;0;33;0;0;5;1;1;A01
201100023261;0;7;0;6;0;1;13;A01
201100023262;0;7;0;0;2;3;13;A01
201100023262;0;7;0;0;2;3;1;B02
201100023262;0;10;0;0;2;2;1;C03
201100023263;0;7;0;0;2;1;1;B02
201100023263;0;7;0;0;0;1;1;A01
201100023264;0;7;0;13;0;9;1;A01
201100023265;0;14;0;0;2;6;2;B02
201100023265;0;7;0;0;2;1;2;A01
201100023266;0;7;0;3;0;1;1;A01
201100023267;0;7;0;0;9;9;1;A01
201100023268;0;10;0;3;0;2;1;A01
201100023269;0;7;0;16;0;1;1;A01
201100023270;0;7;0;3;0;9;14;A01
201100023271;0;7;0;4;0;3;1;A01
201100023272;0;10;0;13;0;6;2;A01
201100023273;0;38;18;3;0;1;14;A01
201100023274;0;7;0;0;2;3;1;C03
201100023274;0;7;0;0;2;7;1;B02
201100023274;0;17;0;0;2;2;12;A01
201100023275;0;7;0;0;2;3;13;A01
201100023275;0;10;0;0;2;3;1;B02
201100023276;0;7;0;0;2;1;1;B02
201100023276;0;7;0;0;2;1;13;A01
201100023277;0;30;0;0;2;8;1;A01
201100023277;0;7;0;0;2;3;1;B02
201100023278;0;31;0;12;0;7;1;A01
201100023279;0;2;0;0;2;2;1;B02
201100023279;0;7;0;0;2;2;1;A01
201100023280;0;31;0;13;0;1;14;A01
201100023281;0;7;0;0;2;3;1;A01
201100023281;0;2;0;0;2;1;16;B02
201100023282;0;7;0;2;0;3;13;A01
201100023283;0;7;0;16;0;9;1;A01
201100023284;0;7;0;0;2;4;2;A01
201100023284;2;7;0;0;2;1;2;B01
201100023285;0;31;0;0;0;7;1;A01
201100023286;0;7;0;0;2;4;2;B01
201100023286;0;7;0;0;2;4;2;C01
201100023286;0;7;0;0;2;1;2;A01
201100023287;0;7;0;0;1;1;15;A01
201100023288;0;7;0;8;0;3;1;A01
201100023289;0;7;0;0;2;1;1;B01
201100023289;0;7;0;0;2;1;9;A01
201100023290;0;7;0;0;1;3;1;A01
201100023291;0;7;0;0;1;2;1;A01
201100023292;0;7;0;0;2;1;1;B01
201100023292;0;7;0;0;2;4;2;A01
201100023293;0;7;0;0;2;3;1;B01
201100023293;0;2;0;0;2;2;12;A01
201100023294;2;7;0;0;0;9;1;A01
201100023295;0;7;0;0;2;1;2;A01
201100023295;0;7;0;0;0;4;2;B01
201100023296;0;7;0;0;0;8;15;B01
201100023296;0;30;0;0;2;1;2;A01
201100023297;0;7;0;15;0;1;13;A01
201100023298;0;30;0;0;2;1;1;B01
201100023298;0;7;0;0;0;7;9;A01
201100023299;0;7;0;0;2;2;15;A01
201100023299;0;7;0;0;2;1;1;B01
201100023300;0;2;0;0;2;2;17;B01
201100023300;0;10;0;0;2;3;10;A01
201100023301;0;7;0;0;2;8;15;B01
201100023301;0;7;0;0;0;2;15;A01
201100023302;0;7;0;0;2;2;1;A01
201100023302;0;7;0;0;2;3;15;B01
201100023303;0;38;1;0;2;3;1;A01
201100023303;0;7;0;0;2;4;15;B01
201100023304;0;30;0;0;2;1;1;B01
201100023304;0;3;0;0;2;2;9;A01
201100023305;0;7;0;0;1;1;1;A01
201100023306;0;33;0;0;2;8;13;A01
201100023306;0;7;0;0;0;8;23;B01
201100023307;0;7;0;0;2;3;1;B01
201100023307;0;7;0;0;2;2;1;A01
201100023308;0;7;0;0;2;1;1;B01
201100023308;0;30;0;0;2;7;1;A01
201100023309;0;2;0;0;1;1;1;A01
201100023310;0;7;0;0;6;9;14;A01
201100023311;0;7;0;0;2;2;9;A01
201100023311;0;7;0;0;2;1;9;B01
201100023312;0;7;0;0;2;3;1;B01
201100023312;0;7;0;0;2;3;13;A01
201100023313;0;33;0;0;2;1;1;C01
201100023313;0;33;0;16;2;8;13;A01
201100023313;0;7;0;0;2;6;2;B01
201100023314;0;7;0;13;0;9;1;A01
201100023315;0;7;0;0;1;1;1;A01
201100023316;0;7;0;0;2;3;17;A01
201100023316;0;32;0;0;2;7;10;B01
201100023317;0;33;0;0;2;1;2;A01
201100023317;0;7;0;0;0;4;2;B01
201100023318;0;7;0;0;2;3;23;C01
201100023318;0;2;0;0;2;7;15;A01
201100023318;0;7;0;0;2;1;1;B01
201100023319;0;7;0;0;2;2;1;B01
201100023319;0;7;0;0;2;5;1;A01
201100023320;0;1;0;0;1;1;1;A01
201100023321;0;7;0;0;1;3;20;A01
201100023322;0;7;0;0;1;3;1;A01
201100023323;0;7;0;0;1;2;1;A01
201100023324;0;7;0;0;2;1;10;A01
201100023324;0;7;0;0;2;1;1;B01
201100023325;0;7;0;0;2;1;2;A01
201100023325;0;7;0;0;1;4;23;B01
201100023326;0;33;0;0;2;1;2;A01
201100023326;0;7;0;0;0;4;1;B01
201100023327;0;17;0;0;0;7;21;A01
201100023328;0;7;0;0;2;1;2;B01
201100023328;0;7;0;0;2;3;9;A01
201100023329;0;7;0;0;2;4;1;B01
201100023329;0;7;0;0;2;1;1;A01
201100023330;0;7;0;0;2;3;1;B01
201100023330;0;7;0;0;2;1;11;A01
201100023331;0;7;0;0;1;1;1;A01
201100023332;0;7;0;0;2;1;15;A01
201100023332;0;31;0;0;2;2;1;B01
201100023333;0;31;0;12;0;1;1;A01
201100023334;0;7;0;0;2;4;2;B01
201100023334;0;7;0;0;0;6;2;C01
201100023334;0;7;0;0;2;1;2;A01
201100023335;0;7;0;0;0;1;1;A01
201100023336;0;7;0;0;2;2;16;B01
201100023336;0;30;0;0;2;1;1;A01
201100023337;0;17;0;0;2;8;1;B01
201100023337;0;7;0;0;2;8;1;A01
201100023338;0;7;0;0;2;1;1;B01
201100023338;0;7;0;0;2;1;15;A01
201100023339;0;33;0;0;2;1;1;A01
201100023339;0;7;0;0;2;1;1;B01
201100023340;0;30;0;0;2;1;6;B01
201100023340;0;7;0;0;2;6;1;A01
201100023341;0;7;0;0;2;1;15;B01
201100023341;0;10;0;0;2;3;1;A01
201100023342;0;30;0;0;1;0;17;A01
201100023343;0;10;0;13;0;1;1;A01
201100023344;0;7;0;0;2;4;2;B01
201100023344;0;10;0;0;2;1;2;A01
201100023344;0;33;0;0;2;4;2;C01
201100023344;0;10;0;0;2;4;23;D01
201100023345;0;7;0;0;0;4;2;C01
201100023345;0;7;0;0;2;4;2;B01
201100023345;0;7;0;0;2;1;2;A01
201100023346;0;1;0;0;2;8;1;B01
201100023346;1;3;0;0;9;0;1;A01
201100023347;0;36;0;15;0;3;1;A01
201100023348;0;33;0;13;0;1;6;A01
201100023349;0;31;0;0;2;1;2;B01
201100023349;0;7;0;0;2;7;15;A01
201100023350;0;7;0;0;2;3;1;B01
201100023350;0;7;0;0;2;3;15;A01
201100023351;1;7;0;0;2;0;15;A01
201100023351;0;2;0;0;2;1;1;B01
201100023352;0;7;0;0;2;3;1;A01
201100023352;0;7;0;8;2;2;1;B01
201100023353;0;2;0;0;2;2;17;A01
201100023353;0;7;0;0;2;3;1;B01
201100023354;0;7;0;0;1;1;1;A01
201100023355;0;7;0;0;2;3;1;B01
201100023355;0;7;0;0;2;2;19;A01
201100023355;0;7;0;0;0;6;23;C01
201100023356;0;33;0;0;2;1;17;A01
201100023356;0;7;0;0;0;4;10;B01
201100023357;0;2;0;0;2;1;17;A01
201100023357;0;10;0;0;2;8;15;B01
201100023358;0;7;0;0;1;4;4;A01
201100023359;0;3;0;0;2;3;13;A01
201100023359;0;30;0;0;2;1;2;B01
201100023360;0;7;0;0;2;4;1;B01
201100023360;0;7;0;0;2;1;2;A01
201100023361;0;30;0;0;2;1;2;A01
201100023361;0;7;0;0;2;5;23;B01
201100023362;0;7;0;13;0;2;13;A01
201100023363;0;7;0;0;2;1;1;A01
201100023363;0;7;0;0;0;4;23;B01
201100023364;0;7;0;0;2;1;13;A01
201100023364;0;7;0;0;2;1;1;C01
201100023364;0;7;0;0;2;3;1;B01
201100023365;0;7;0;0;2;1;15;A01
201100023365;0;2;0;0;2;3;16;B01
201100023366;0;7;0;0;2;6;16;B01
201100023366;2;7;0;0;2;1;2;A01
201100023367;0;7;0;13;0;1;1;A01
201100023368;0;2;0;0;2;1;13;A01
201100023368;0;7;0;0;2;1;1;B01
201100023369;0;7;0;0;2;1;9;A01
201100023369;0;2;0;0;2;1;1;B01
201100023370;0;7;0;0;1;1;1;A01
201100023371;0;7;0;0;2;2;1;B01
201100023371;0;7;0;0;2;5;16;A01
201100023372;0;7;0;0;2;2;9;B01
201100023372;0;1;0;0;2;1;1;A01
201100023373;0;7;0;6;2;6;1;B01
201100023373;0;7;0;0;2;1;1;A01
201100023374;0;7;0;6;0;1;1;A01
201100023375;0;33;0;12;0;7;1;A01
201100023376;0;7;0;0;2;3;17;A01
201100023376;0;7;0;0;2;2;2;B01
201100023377;0;7;0;0;1;2;1;A01
201100023378;0;7;0;0;1;2;1;A01
201100023379;0;33;0;11;0;3;17;A01
201100023380;0;7;0;0;9;3;1;A01
201100023380;0;1;0;0;2;1;15;B01
201100023381;0;7;0;0;2;3;10;A01
201100023381;0;7;0;0;2;2;2;B01
201100023382;0;7;0;0;0;7;15;A01
201100023382;0;14;0;0;2;2;1;B01
201100023383;0;30;0;0;0;7;1;A01
201100023384;0;14;0;0;2;8;1;A01
201100023384;0;17;0;0;2;3;16;B01
201100023385;0;7;0;0;2;2;15;A01
201100023385;0;7;0;0;2;1;1;B01
201100023386;0;7;0;13;0;3;1;A01
201100023387;0;7;0;0;2;4;1;C01
201100023387;0;7;0;0;2;1;1;A01
201100023387;0;7;0;0;2;4;1;B01
201100023388;0;7;0;0;2;1;13;A01
201100023388;0;7;0;0;2;1;13;B01
201100023389;0;31;0;0;2;3;13;A01
201100023389;0;10;0;0;2;8;1;B01
201100023390;0;30;0;0;2;1;1;B01
201100023390;0;7;0;0;2;7;15;A01
201100023391;0;10;0;0;2;1;1;C01
201100023391;0;7;0;0;0;4;1;B01
201100023391;0;31;0;0;2;1;2;A01
201100023392;0;7;0;0;1;1;1;A01
201100023393;0;2;0;1;0;2;1;A01
201100023394;0;7;0;0;1;3;1;A01
201100023395;0;7;0;16;0;1;1;A01
201100023396;0;15;0;0;2;3;1;A01
201100023396;0;7;0;0;2;6;15;B01
201100023397;0;7;0;13;0;1;1;A01
201100023398;0;31;0;0;2;4;1;B01
201100023398;0;2;0;0;2;1;2;A01
201100023399;0;7;0;13;0;1;1;A01
201100023400;0;33;0;0;0;0;1;A01
201100023401;0;7;0;0;1;2;9;A01
201100023402;0;7;0;0;2;1;2;A01
201100023402;0;7;0;0;2;4;23;B01
201100023403;0;1;0;0;2;0;1;B01
201100023403;0;7;0;0;2;1;9;A01
201100023404;0;15;0;0;0;7;15;A01
201100023405;0;30;0;0;2;2;2;A01
201100023405;0;7;0;0;2;6;24;B01
201100023406;0;17;0;0;2;1;13;A01
201100023406;0;7;0;0;2;6;1;B01
201100023406;0;7;0;0;2;1;1;C01
201100023407;0;7;0;0;0;6;2;B01
201100023407;0;30;0;0;2;1;1;A01
201100023408;0;33;0;12;0;3;1;A01
201100023409;0;7;0;0;2;1;15;A01
201100023409;0;33;0;0;2;7;1;B01
201100023410;1;7;0;0;2;5;17;A01
201100023410;0;1;0;0;2;3;1;B01
201100023411;0;7;0;0;2;1;1;B01
201100023411;0;1;0;0;2;7;19;A01
201100023412;0;7;0;13;0;9;1;A01
201100023413;0;7;0;0;0;0;12;A01
201100023414;0;7;0;0;0;8;1;B01
201100023414;0;7;0;0;2;2;9;A01
201100023415;0;30;0;0;2;5;1;A01
201100023415;0;7;0;0;2;1;1;B01
201100023416;0;7;0;12;0;1;1;A01
201100023417;0;2;0;0;2;7;17;A01
201100023417;0;7;0;0;2;3;1;B01
201100023418;2;7;0;0;2;1;17;A01
201100023418;0;7;0;0;2;3;15;C01
201100023418;0;7;0;0;2;1;16;B01
201100023419;0;30;0;4;0;1;2;A01
201100023420;0;7;0;0;2;6;1;B01
201100023420;0;7;0;0;2;2;2;A01
201100023421;0;7;0;0;1;2;1;A01
201100023422;0;33;0;0;2;7;17;B01
201100023422;0;7;0;0;2;3;13;A01
201100023423;0;7;0;0;2;4;1;A01
201100023423;0;33;0;0;2;1;1;B01
201100023424;0;7;0;1;2;8;9;A01
201100023424;0;7;0;0;2;2;1;B01
201100023425;0;7;0;0;1;8;1;A01
201100023426;0;7;0;0;2;5;2;B01
201100023426;0;2;0;0;2;1;2;A01
201100023427;0;7;0;0;2;1;1;A01
201100023427;0;7;0;0;2;4;1;C01
201100023427;0;7;0;0;0;4;1;D01
201100023427;0;7;0;0;2;4;1;B01
201100023428;0;33;0;0;0;1;1;A01
201100023429;1;10;0;0;1;1;1;Z01
201100023430;0;7;0;0;1;1;1;A01
201100023431;0;7;0;0;2;3;1;B01
201100023431;0;7;0;0;2;1;1;C01
201100023431;0;7;0;0;2;6;15;A01
201100023432;0;7;0;0;2;1;1;B01
201100023432;0;7;0;1;0;1;17;A01
201100023433;0;7;0;0;0;8;23;C01
201100023433;0;7;0;0;2;7;15;A01
201100023433;0;7;0;0;2;1;1;B01
201100023434;0;7;0;0;2;1;1;B01
201100023434;0;1;0;0;2;4;1;A01
201100023435;0;7;0;0;2;7;15;A01
201100023435;0;7;0;0;2;1;1;B01
201100023436;0;7;0;0;2;3;1;B01
201100023436;0;2;0;0;2;1;15;A01
201100023437;0;7;0;0;1;2;15;A01
201100023438;0;7;0;0;2;1;1;C01
201100023438;0;7;0;0;0;4;2;A01
201100023438;0;7;0;0;2;4;2;B01
201100023439;0;2;0;0;2;1;2;A01
201100023439;0;7;0;0;2;4;2;B01
201100023440;0;30;0;0;2;1;1;B01
201100023440;0;7;0;0;2;3;15;A01
201100023441;0;7;0;0;2;1;9;A01
201100023441;0;32;0;0;2;1;17;B01
201100023442;0;36;0;12;0;2;14;A01
201100023443;0;30;0;0;2;2;17;A01
201100023443;0;7;0;0;2;3;1;B01
201100023444;0;7;0;0;1;1;16;A01
201100023445;0;1;0;0;0;3;15;A01
201100023445;0;2;0;8;2;1;17;B01
201100023446;0;7;0;0;1;1;1;A01
201100023447;0;7;0;0;2;2;15;A01
201100023447;0;33;0;0;2;1;1;B01
201100023448;0;7;0;0;2;1;1;B01
201100023448;0;7;0;6;2;1;13;A01
201100023449;0;7;0;0;1;1;1;A01
201100023450;0;7;0;0;2;1;2;A01
201100023450;0;7;0;0;0;4;2;B01
201100023451;0;33;0;0;0;7;21;A01
201100023452;0;7;0;0;2;3;15;B01
201100023452;0;33;0;0;2;3;1;A01
201100023453;0;7;0;0;2;3;16;B01
201100023453;0;33;0;0;2;1;15;A01