num_acc;senc;catv;occutc;obs;obsm;choc;manv;num_veh
201100023454;0;7;0;13;0;9;1;A01
201100023455;0;2;0;0;0;3;15;A01
201100023455;0;2;0;0;0;1;1;B01
201100023456;0;7;0;0;1;7;1;A01
201100023457;0;7;0;0;2;1;1;B01
201100023457;0;31;0;0;2;1;15;A01
201100023458;0;7;0;0;2;1;1;D01
201100023458;0;7;0;0;2;8;13;A01
201100023458;0;17;0;0;2;8;1;B01
201100023459;0;7;0;13;0;2;1;A01
201100023460;0;7;0;0;1;1;1;A01
201100023461;0;7;0;0;2;5;15;A01
201100023461;0;33;0;0;2;1;1;B01
201100023462;1;7;0;0;1;1;1;Z01
201100023463;0;10;0;0;1;4;4;A01
201100023464;0;7;0;0;2;1;2;A01
201100023464;0;7;0;0;0;4;2;C01
201100023464;0;7;0;0;2;4;2;B01
201100023465;0;14;0;0;2;3;1;B01
201100023465;0;7;0;0;2;2;1;A01
201100023466;0;7;0;0;2;2;1;B01
201100023466;0;7;0;0;2;3;19;A01
201100023467;0;7;0;0;2;4;2;B01
201100023467;0;10;0;0;2;4;2;D01
201100023467;0;7;0;0;2;1;2;A01
201100023467;0;7;0;0;2;4;2;C01
201100023468;0;7;0;0;0;3;1;A01
201100023469;0;3;0;13;0;7;1;A01
201100023470;0;7;0;0;2;1;1;B01
201100023470;0;7;0;0;2;8;1;A01
201100023471;0;10;0;6;0;1;13;A01
201100023472;0;2;0;0;2;2;15;A01
201100023472;0;7;0;0;2;3;1;B01
201100023473;0;7;0;0;2;3;13;A01
201100023473;0;7;0;0;2;3;1;B02
201100023473;0;7;0;0;2;8;1;C03
201100023473;0;7;0;0;2;1;1;D04
201100023474;0;7;0;0;2;2;1;A01
201100023475;0;7;0;8;0;1;14;A01
201100023476;0;31;0;0;2;3;13;A01
201100023476;0;10;0;0;2;3;1;B02
201100023477;0;15;0;0;9;3;1;A01
201100023477;0;1;0;0;2;1;13;B02
201100023478;0;7;0;0;2;3;13;A01
201100023478;0;7;0;0;2;8;1;B02
201100023479;0;33;0;0;0;0;1;A01
201100023480;0;33;0;0;0;9;13;A01
201100023481;0;33;0;0;2;8;1;B02
201100023481;0;33;0;0;2;1;13;A01
201100023482;0;7;0;0;2;1;13;A01
201100023483;0;14;0;0;2;3;21;B02
201100023483;0;7;0;0;2;3;1;A01
201100023484;0;33;0;0;2;1;2;A01
201100023484;0;33;0;0;0;4;2;B02
201100023485;0;7;0;13;0;9;1;A01
201100023486;0;7;0;0;2;1;2;C03
201100023486;0;17;0;0;0;6;23;A01
201100023487;0;17;0;4;0;7;1;A01
201100023488;0;10;0;0;1;2;0;A01
201100023489;0;7;0;13;0;2;14;A01
201100023490;0;33;0;0;2;8;9;A01
201100023490;0;14;0;0;2;7;1;B02
201100023491;0;7;0;3;0;5;14;A01
201100023492;0;7;0;16;0;9;1;A01
201100023493;0;7;0;2;0;1;1;A01
201100023494;0;17;0;3;0;3;1;A01
201100023495;0;17;0;0;2;4;2;B02
201100023495;0;10;0;0;2;1;2;A01
201100023496;0;7;0;13;0;2;1;A01
201100023497;0;7;0;6;0;1;14;A01
201100023498;0;15;0;3;0;1;1;A01
201100023499;0;10;0;0;2;1;2;A01
201100023499;0;7;0;3;2;3;2;B02
201100023500;0;7;0;3;0;3;21;A01
201100023501;0;7;0;3;0;9;14;A01
201100023502;0;7;0;4;0;1;1;A01
201100023503;0;33;0;0;2;6;1;B02
201100023503;0;33;0;0;2;1;2;A01
201100023504;0;7;0;4;2;3;21;A01
201100023504;0;7;0;14;1;1;11;B02
201100023505;0;33;0;0;0;1;1;A01
201100023506;0;7;0;0;2;1;2;B02
201100023506;0;17;0;0;2;6;2;A01
201100023507;0;7;0;0;2;1;2;B02
201100023507;0;7;0;4;0;3;0;A01
201100023508;0;7;0;0;2;2;2;A01
201100023508;0;7;0;0;2;6;2;B02
201100023509;0;17;0;0;2;2;12;A01
201100023509;0;7;0;4;2;6;1;B02
201100023510;0;7;0;4;0;1;0;A01
201100023511;0;7;0;3;2;3;1;B02
201100023511;0;7;0;3;2;5;17;A01
201100023512;0;7;0;0;2;2;17;A01
201100023512;0;7;0;0;2;0;13;B02
201100023513;0;33;0;3;0;1;1;A01
201100023514;0;7;0;4;0;1;14;A01
201100023515;0;7;0;0;2;1;2;A01
201100023515;0;7;0;0;2;4;2;B02
201100023515;0;7;0;0;2;4;2;C03
201100023515;0;7;0;0;2;4;2;D04
201100023515;0;7;0;0;0;4;2;E05
201100023516;0;7;0;13;0;9;17;A01
201100023517;0;7;0;0;0;1;2;A01
201100023517;0;7;0;0;0;4;1;B01
201100023518;0;10;0;0;2;2;2;A01
201100023518;0;99;0;0;2;4;2;B01
201100023519;0;7;0;0;2;3;5;A01
201100023519;0;7;0;0;2;8;1;B01
201100023520;0;7;0;3;0;3;1;A01
201100023521;0;7;0;4;0;3;17;A01
201100023522;0;7;0;3;9;1;1;A01
201100023522;0;10;0;0;0;0;12;B02
201100023523;0;7;0;0;2;2;17;A01
201100023523;0;7;0;0;0;3;1;B02
201100023524;0;7;0;3;0;2;1;A01
201100023525;0;17;0;0;2;8;1;B02
201100023525;0;7;0;3;2;3;17;A01
201100023526;0;7;0;0;0;0;0;B02
201100023526;0;7;0;9;1;3;14;A01
201100023527;0;10;0;0;0;2;14;A01
201100023528;0;7;0;4;0;2;1;A01
201100023529;0;7;0;16;0;2;1;A01
201100023530;0;7;0;0;0;3;17;A01
201100023531;0;7;0;3;0;9;1;A01
201100023532;0;7;0;4;0;3;1;A01
201100023533;0;7;0;3;0;2;21;A01
201100023534;0;7;0;0;2;1;2;B02
201100023534;0;7;0;13;2;0;23;A01
201100023535;0;10;0;0;1;3;1;A01
201100023536;0;7;0;13;0;3;1;A01
201100023537;0;33;0;3;0;7;1;A01
201100023538;0;10;0;3;6;1;1;A01
201100023539;0;10;0;0;2;6;2;B02
201100023539;0;7;0;0;2;3;14;A01
201100023540;0;7;0;11;0;1;14;A01
201100023541;0;7;0;3;0;3;2;A01
201100023542;0;7;0;3;0;1;1;A01
201100023543;0;7;0;3;0;2;2;A01
201100023544;0;7;0;11;0;1;14;A01
201100023545;0;7;0;0;2;2;0;B02
201100023545;0;10;0;0;0;6;1;A01
201100023546;0;7;0;3;0;3;2;A01
201100023547;0;7;0;3;0;1;2;A01
201100023548;0;17;0;0;2;1;1;E05
201100023548;0;7;0;3;5;6;23;C03
201100023548;0;17;0;1;1;2;2;A01
201100023548;0;14;0;1;1;6;23;D04
201100023549;0;7;0;0;2;2;17;B02
201100023549;0;7;0;0;0;6;11;A01
201100023550;0;33;0;3;0;8;13;A01
201100023551;0;33;0;2;0;1;16;A01
201100023552;0;7;0;3;0;0;1;A01
201100023553;0;7;0;0;1;2;2;A01
201100023554;0;7;0;0;2;4;1;A01
201100023554;0;7;0;0;2;4;1;B02
201100023554;0;7;0;0;2;1;1;C03
201100023555;0;7;0;0;0;2;1;A01
201100023556;0;7;0;3;2;3;17;A01
201100023556;0;17;0;3;2;3;1;B02
201100023557;0;17;0;0;2;2;1;A01
201100023557;0;7;0;0;2;4;23;B02
201100023557;0;7;0;0;2;4;23;C03
201100023557;0;7;0;0;2;4;23;D04
201100023557;0;7;0;0;2;6;23;E05
201100023558;0;33;0;3;0;1;17;A01
201100023559;0;7;0;0;2;6;1;B02
201100023559;0;7;0;0;2;2;17;A01
201100023560;0;33;0;13;0;1;2;A01
201100023561;0;7;0;13;0;1;19;A01
201100023562;0;7;0;3;0;3;0;A01
201100023562;0;7;0;0;2;1;0;B02
201100023562;0;7;0;0;2;1;0;C03
201100023563;0;7;0;0;0;4;23;B02
201100023563;0;33;0;14;0;1;2;A01
201100023564;0;7;0;3;2;1;21;B02
201100023564;0;7;0;0;2;0;5;A01
201100023564;0;17;0;0;2;6;1;C03
201100023565;0;7;0;0;0;4;2;B02
201100023565;0;10;0;0;2;1;2;A01
201100023566;0;7;0;0;2;2;1;B02
201100023566;0;7;0;0;2;4;1;A01
201100023567;0;7;0;0;2;1;2;C03
201100023567;0;7;0;0;2;4;2;A01
201100023567;0;7;0;0;2;1;2;B02
201100023568;0;7;0;0;2;2;1;C03
201100023568;0;7;0;16;0;0;1;A01
201100023568;0;10;0;0;2;4;1;B02
201100023569;0;7;0;13;0;1;1;A01
201100023570;0;17;0;0;0;6;1;B01
201100023570;0;10;0;0;2;2;2;A02
201100023571;0;7;0;0;2;4;2;A01
201100023571;0;7;0;0;2;1;2;B01
201100023572;0;7;0;0;2;1;2;C03
201100023572;0;7;0;0;0;4;2;A01
201100023572;0;7;0;0;2;1;2;D04
201100023572;0;10;0;0;2;1;2;B02
201100023573;0;7;0;13;0;2;1;A01
201100023574;0;7;0;13;0;1;1;A01
201100023574;0;7;0;0;9;1;1;B02
201100023575;0;33;0;3;0;8;16;A01
201100023576;0;7;0;13;0;2;17;A01
201100023577;0;7;0;3;0;2;14;A01
201100023578;0;7;0;13;0;1;1;A01
201100023579;0;7;0;13;0;1;1;A01
201100023580;0;7;0;3;0;2;1;A01
201100023580;0;7;0;0;2;1;17;B02
201100023581;0;7;0;0;0;2;2;B02
201100023581;0;7;0;0;2;3;1;A01
201100023582;0;7;0;7;0;1;1;A01
201100023583;0;7;0;7;0;1;1;A01
201100023584;0;7;0;0;2;1;1;A01
201100023584;0;17;0;0;2;4;1;B02
201100023585;0;7;0;14;0;2;1;C03
201100023585;0;7;0;14;0;3;1;B02
201100023585;0;7;0;0;0;9;14;A01
201100023586;0;7;0;0;2;1;1;A01
201100023586;0;15;0;0;2;4;1;B02
201100023587;0;7;0;16;0;0;17;A01
201100023588;0;7;0;0;0;0;0;A01
201100023588;0;21;0;0;2;4;2;B02
201100023589;0;7;0;3;0;3;1;A01
201100023590;0;7;0;13;0;7;0;A01
201100023591;0;7;0;3;0;2;1;A01
201100023592;0;7;0;16;0;2;0;A01
201100023593;0;7;0;13;0;2;1;A01
201100023594;0;7;0;3;0;9;15;A01
201100023595;0;7;0;15;0;1;1;A01
201100023596;0;7;0;0;2;1;13;A01
201100023596;0;7;0;0;2;1;1;B01
201100023597;0;7;0;0;1;1;1;A01
201100023598;0;7;0;6;0;1;1;A01
201100023599;0;7;0;0;2;7;15;A01
201100023599;0;2;0;0;2;1;1;B01
201100023600;0;7;0;0;0;3;1;A01
201100023600;0;1;0;0;2;1;1;B01
201100023601;0;7;0;0;2;3;1;A01
201100023601;0;7;0;0;2;2;1;B01
201100023602;0;2;0;0;2;1;1;B01
201100023602;0;7;0;1;2;1;15;A01
201100023603;0;7;0;0;1;1;1;A01
201100023604;0;7;0;0;2;4;2;B01
201100023604;0;7;0;0;2;1;2;A01
201100023605;0;7;0;0;2;2;1;B01
201100023605;0;2;0;0;2;1;16;A01
201100023606;0;7;0;0;0;0;1;A01
201100023607;0;7;0;0;2;3;15;B01
201100023607;0;2;0;0;2;1;17;A01
201100023608;0;7;0;0;1;7;16;A01
201100023609;0;7;0;0;1;1;1;A01
201100023610;0;7;0;6;2;2;1;A01
201100023611;0;2;0;0;2;1;1;B01
201100023611;0;30;0;0;2;2;15;A01
201100023612;0;33;0;0;2;1;1;A01
201100023612;0;7;0;0;0;6;19;B01
201100023613;0;7;0;0;2;2;15;A01
201100023613;0;7;0;0;2;1;1;B01
201100023614;0;7;0;6;0;3;1;A01
201100023615;0;7;0;0;0;3;15;A01
201100023615;0;2;0;0;2;1;17;B01
201100023616;0;7;0;0;1;1;1;A01
201100023617;0;7;0;1;0;2;1;A01
201100023618;0;7;0;0;2;4;1;B01
201100023618;0;7;0;0;2;1;1;A01
201100023619;0;7;0;0;2;4;2;B01
201100023619;0;7;0;0;2;1;2;A01
201100023620;0;7;0;12;0;2;1;A01
201100023621;0;7;0;0;2;3;16;A01
201100023621;0;33;0;0;2;2;1;B01
201100023622;0;7;0;6;0;1;13;A01
201100023623;0;7;0;0;2;8;1;A01
201100023623;0;7;0;0;2;3;13;B01
201100023624;0;10;0;9;1;4;1;A01
201100023625;0;7;0;0;2;2;2;A01
201100023625;0;30;0;0;2;4;15;B01
201100023626;0;2;0;15;0;1;1;A01
201100023627;0;7;0;0;2;1;16;B01
201100023627;0;7;0;0;2;1;1;A01
201100023628;0;7;0;8;0;1;1;A01
201100023629;0;7;0;11;0;1;1;A01
201100023630;0;7;0;0;2;1;1;A01
201100023630;0;1;0;0;2;4;15;B01
201100023631;0;2;0;0;0;2;2;A01
201100023631;0;7;0;0;0;3;2;B01
201100023632;0;7;0;13;0;1;13;A01
201100023633;0;10;0;0;0;3;20;A01
201100023633;0;2;0;0;2;1;17;B01
201100023634;0;10;0;13;0;3;1;A01
201100023635;0;7;0;0;2;4;15;B01
201100023635;0;7;0;0;2;1;1;A01
201100023636;0;13;0;13;0;1;2;A01
201100023637;0;1;0;0;2;1;1;B01
201100023637;0;7;0;0;9;2;1;A01
201100023638;0;2;0;0;2;3;3;A01
201100023638;0;7;0;0;2;3;1;B01
201100023639;0;10;0;0;2;2;15;A01
201100023639;0;2;0;0;2;1;1;B01
201100023640;0;7;0;0;2;3;15;B01
201100023640;0;7;0;0;2;2;1;A01
201100023641;1;7;0;0;2;0;1;A01
201100023641;0;7;0;0;2;0;10;B01
201100023642;0;2;0;0;2;1;13;A01
201100023642;0;7;0;0;2;3;1;B01
201100023643;0;7;0;0;0;4;1;A01
201100023643;0;2;0;0;2;1;2;B01
201100023644;0;7;0;0;2;3;15;A01
201100023644;1;2;0;0;2;1;1;B01
201100023645;0;2;0;0;2;0;1;A01
201100023645;0;7;0;0;2;1;15;B01
201100023646;0;1;0;0;2;8;1;B01
201100023646;0;7;0;0;2;7;15;A01
201100023647;1;7;0;0;2;1;11;Z01
201100023647;0;7;0;0;2;3;1;A01
201100023648;0;7;0;0;2;1;1;B01
201100023648;0;7;0;0;2;2;1;A01
201100023649;0;7;0;0;1;2;1;A01
201100023650;0;7;0;0;2;7;11;A01
201100023650;0;30;0;0;0;8;2;B01
201100023651;0;7;0;0;2;1;1;B01
201100023651;0;7;0;0;2;2;15;A01
201100023652;0;39;0;0;2;2;1;B01
201100023652;0;7;0;0;4;8;1;A01
201100023653;0;7;0;0;2;1;13;A01
201100023653;0;7;0;0;2;1;1;B02
201100023653;0;7;0;0;2;2;21;C03
201100023654;0;31;0;0;1;1;1;A01
201100023655;0;1;0;0;2;1;19;B02
201100023655;0;7;0;0;2;7;1;A01
201100023656;0;2;0;0;2;3;17;A01
201100023656;0;7;0;0;2;3;16;B02
201100023657;0;7;0;0;0;0;0;A01
201100023657;0;10;0;0;0;3;1;B02
201100023658;0;2;0;0;0;8;15;A01
201100023659;0;7;0;2;0;1;1;A01
201100023660;0;7;0;13;0;5;1;A01
201100023661;0;30;0;0;2;7;1;A01
201100023661;0;7;0;0;2;1;15;B02
201100023662;0;7;0;0;2;2;13;B02
201100023662;0;7;0;0;2;3;21;A01
201100023663;0;7;0;0;2;1;1;A01
201100023663;0;7;0;0;2;8;1;B02
201100023664;0;33;0;0;2;1;1;B02
201100023664;0;33;0;0;2;1;1;C03
201100023664;0;33;0;0;0;4;13;A01
201100023665;0;33;0;0;2;1;17;B02
201100023665;0;7;0;0;0;3;15;A01
201100023666;0;33;0;0;2;1;1;A01
201100023666;0;7;0;0;2;6;19;B02
201100023667;0;1;0;1;0;2;1;B02
201100023667;0;7;0;0;2;8;22;A01
201100023668;0;7;0;0;2;7;1;A01
201100023668;0;30;0;0;2;8;15;B02
201100023669;0;7;0;0;2;1;5;A01
201100023669;0;7;0;0;2;1;1;B02
201100023670;0;7;0;0;2;2;1;B02
201100023670;0;7;0;0;2;3;15;A01
201100023671;0;31;0;2;0;7;1;A01
201100023672;0;7;0;13;0;1;1;A01
201100023673;0;7;0;8;0;1;0;A01
201100023674;0;33;0;0;5;1;1;A01
201100023675;0;31;0;0;2;8;1;B02
201100023675;0;7;0;0;2;3;1;A01
201100023676;0;33;0;0;2;3;1;B02
201100023676;0;1;0;0;2;3;1;A01
201100023677;0;33;0;0;2;8;1;B02
201100023677;0;7;0;0;2;1;15;A01
201100023678;0;7;0;1;0;1;1;A01
201100023679;0;7;0;13;0;1;1;A01
201100023680;0;10;0;0;1;2;1;A01
201100023681;0;1;0;0;2;1;1;B02
201100023681;0;7;0;0;2;8;1;A01
201100023682;0;7;0;8;0;7;1;A01
201100023683;0;7;0;0;2;1;13;A01
201100023683;0;7;0;0;0;1;1;B02
201100023684;0;33;0;0;1;8;21;A01
201100023685;0;7;0;2;0;9;1;A01
201100023686;0;7;0;0;2;8;15;B02
201100023686;0;33;0;0;2;1;17;A01
201100023687;1;7;0;0;2;1;1;B02
201100023687;0;30;0;0;2;0;13;A01
201100023688;0;33;0;0;6;1;1;A01
201100023689;0;32;0;14;0;1;1;A01
201100023690;0;7;0;0;2;8;15;A01
201100023690;0;2;0;0;2;1;17;B02
201100023691;0;7;0;0;1;2;1;A01
201100023692;0;7;0;0;2;4;2;B02
201100023692;0;14;0;0;2;1;1;A01
201100023693;0;33;0;0;2;1;1;B02
201100023693;0;7;0;0;2;3;13;A01
201100023694;0;7;0;0;2;6;23;B01
201100023694;0;7;0;0;2;1;1;A01
201100023695;0;7;0;0;2;3;9;A01
201100023695;0;2;0;0;2;1;1;B01
201100023696;0;7;0;0;2;1;1;B01
201100023696;0;7;0;0;2;1;15;A01
201100023697;0;7;0;0;2;1;1;B01
201100023697;0;7;0;0;2;1;15;A01
201100023698;0;7;0;0;2;1;1;B01
201100023698;0;7;0;0;2;2;1;C01
201100023698;0;7;0;2;2;9;18;A01
201100023699;0;7;0;1;0;2;1;A01
201100023700;0;10;0;0;1;1;1;A01
201100023701;0;7;0;0;1;2;1;A01
201100023702;0;30;0;0;2;1;2;A01
201100023702;0;7;0;0;2;5;16;B01
201100023703;0;2;0;0;2;4;1;B01
201100023703;0;7;0;0;2;1;9;A01
201100023704;0;30;0;0;2;1;9;B01
201100023704;0;7;0;0;2;7;1;A01
201100023705;0;7;0;0;1;1;1;A01
201100023706;0;7;0;0;2;1;1;A01
201100023706;0;7;0;0;2;4;23;B01
201100023706;0;7;0;0;2;4;23;D01
201100023706;0;7;0;0;2;4;23;C01
201100023707;0;7;0;0;1;7;1;A01
201100023708;0;7;0;0;2;2;1;B01
201100023708;0;7;0;0;2;3;9;A01
201100023709;0;7;0;0;2;3;23;B01
201100023709;0;33;0;0;2;1;21;A01
201100023710;0;2;0;0;2;1;2;A01
201100023710;0;7;0;0;2;5;1;B01
201100023711;0;7;0;0;2;8;15;A01
201100023711;0;2;0;0;2;1;1;B01
201100023712;0;7;0;0;1;1;1;A01
201100023713;0;7;0;0;2;3;9;A01
201100023713;0;31;0;0;2;1;1;B01
201100023714;0;7;0;2;0;9;1;A01
201100023715;0;7;0;0;2;1;2;A01
201100023715;0;7;0;0;2;4;23;C01
201100023715;0;33;0;0;2;4;23;B01
201100023716;1;7;0;0;1;1;0;Z01
201100023717;0;7;0;0;2;4;2;B01
201100023717;0;7;0;0;2;1;2;A01
201100023718;0;7;0;1;2;8;24;B01
201100023718;0;33;0;9;0;1;16;A01
201100023719;0;2;0;0;2;1;1;B01
201100023719;0;38;1;0;2;3;15;A01
201100023720;0;7;0;0;1;1;1;A01
201100023721;0;34;0;0;2;7;17;A01
201100023721;0;7;0;0;2;8;15;B01
201100023722;0;7;0;0;2;1;1;A01
201100023722;0;7;0;0;2;4;23;B01
201100023723;0;10;0;0;2;1;2;A01
201100023723;0;7;0;0;2;4;23;B01
201100023724;0;10;0;0;2;6;1;B01
201100023724;0;10;0;0;2;2;9;A01
201100023725;0;7;0;0;2;1;1;B01
201100023725;0;7;0;0;2;2;15;A01
201100023726;0;7;0;0;2;7;1;B01
201100023726;0;7;0;0;2;1;5;A01
201100023727;0;7;0;0;2;4;23;B01
201100023727;0;7;0;0;2;1;1;A01
201100023728;0;31;0;0;2;7;16;A01
201100023728;0;7;0;0;2;8;1;B01
201100023729;0;7;0;0;2;1;1;A01
201100023729;0;7;0;0;2;4;23;B01
201100023730;0;7;0;0;2;1;2;A01
201100023730;0;7;0;0;2;4;1;B01
201100023731;0;7;0;0;2;4;2;B01
201100023731;0;7;0;0;2;4;2;C01
201100023731;0;7;0;0;2;1;1;A01
201100023732;0;7;0;0;2;2;15;A01
201100023732;0;2;0;0;2;1;1;B01
201100023733;0;7;0;0;2;4;23;C01
201100023733;0;14;0;0;2;4;23;B01
201100023733;0;37;3;0;2;1;1;A01
201100023734;0;7;0;0;2;1;2;A01
201100023734;0;7;0;0;2;4;2;B01
201100023735;0;7;0;0;2;2;15;A01
201100023735;0;30;0;0;2;1;1;B01
201100023736;0;7;0;0;2;1;1;B01
201100023736;0;7;0;0;2;8;9;A01
201100023737;0;2;0;0;2;1;17;A01
201100023737;0;7;0;0;2;8;15;B01
201100023738;0;7;0;0;2;8;15;B01
201100023738;0;33;0;0;2;7;17;A01
201100023739;0;7;0;0;2;3;1;A01
201100023739;0;7;0;0;2;8;1;B01
201100023740;0;7;0;0;2;4;23;C01
201100023740;0;7;0;0;2;4;23;B01
201100023740;0;7;0;0;2;1;1;A01
201100023740;0;7;0;0;2;4;23;D01
201100023741;0;7;0;0;2;8;9;A01
201100023741;0;7;0;0;2;1;1;B01
201100023742;0;7;0;0;2;4;23;B01
201100023742;0;7;0;0;2;1;2;A01
201100023743;0;7;0;0;1;2;15;A01
201100023744;0;7;0;0;1;0;1;A01
201100023745;0;7;0;0;2;1;1;B01
201100023745;0;7;0;0;2;2;9;A01
201100023746;0;33;0;12;0;9;1;A01
201100023747;0;7;0;0;2;4;2;B01
201100023747;0;7;0;0;2;1;2;A01
201100023748;0;1;0;0;2;1;1;B01
201100023748;0;7;0;0;2;7;16;A01
201100023749;0;7;0;0;2;4;2;C01
201100023749;0;7;0;0;2;4;2;D01
201100023749;0;7;0;0;2;4;2;B01
201100023749;0;7;0;0;2;1;1;A01
201100023750;0;2;0;0;2;1;2;A01
201100023750;0;7;0;0;2;4;23;B01
201100023751;0;7;0;0;1;1;9;A01
201100023752;0;7;0;0;2;7;1;B01
201100023752;0;1;0;0;2;1;1;A01
201100023753;0;7;0;7;0;1;1;A01
201100023754;0;7;0;0;1;1;1;A01
201100023755;0;30;0;0;2;1;1;B01
201100023755;0;7;0;0;2;1;9;A01
201100023756;0;7;0;0;1;7;1;A01
201100023757;0;7;0;0;2;2;1;A01
201100023757;0;7;0;0;2;6;23;B01
201100023758;0;33;0;0;2;7;1;B01
201100023758;0;7;0;0;2;0;9;A01
201100023759;0;2;0;0;2;1;5;A01
201100023759;0;7;0;0;2;1;1;B01
201100023760;0;33;0;1;2;9;1;B01
201100023760;0;7;0;0;2;7;12;A01
201100023761;0;2;0;0;2;1;1;B01
201100023761;0;7;0;0;2;5;19;A01
201100023762;0;7;0;0;2;1;19;B01
201100023762;0;7;0;0;2;2;15;A01
201100023763;0;7;0;0;2;2;16;B01
201100023763;0;30;0;0;2;1;7;A01
201100023764;0;7;0;0;2;3;1;B01
201100023764;0;7;0;0;2;8;19;A01
201100023765;0;7;0;0;2;2;1;A01
201100023765;0;7;0;0;2;2;15;B01
201100023766;0;34;0;0;1;1;1;A01
201100023767;0;2;0;0;2;8;1;B01
201100023767;0;7;0;0;2;1;15;A01
201100023768;0;7;0;0;2;3;9;A01
201100023768;0;7;0;0;2;7;1;B01
201100023769;0;7;0;0;2;2;19;A01
201100023769;0;7;0;0;2;1;1;B01
201100023770;0;7;0;0;2;4;23;B01
201100023770;0;7;0;0;2;4;23;C01
201100023770;0;7;0;0;2;1;1;A01
201100023771;0;7;0;0;2;4;23;B01
201100023771;0;7;0;0;2;1;2;A01
201100023772;0;7;0;0;1;1;1;A01
201100023773;0;7;0;0;2;1;23;C01
201100023773;0;7;0;0;2;3;15;A01
201100023773;0;2;0;0;2;1;1;B01
201100023774;0;7;0;0;2;1;1;B01
201100023774;0;7;0;0;2;7;10;A01
201100023775;0;7;0;0;0;7;14;A01
201100023776;0;2;0;0;2;1;1;A01
201100023776;0;7;0;0;2;4;1;B01
201100023777;0;33;0;0;2;1;1;A01
201100023777;0;7;0;0;2;4;1;B01
201100023778;0;7;0;0;2;4;1;B01
201100023778;0;7;0;0;2;1;2;A01
201100023779;0;7;0;0;2;4;23;B01
201100023779;0;10;0;0;2;3;1;A01
201100023780;0;7;0;0;2;4;23;B01
201100023780;0;7;0;0;2;3;1;A01
201100023781;1;7;0;0;1;0;0;Z01
201100023782;0;7;0;0;1;1;1;A01
201100023783;0;7;0;0;2;1;1;A01
201100023783;0;7;0;0;2;4;23;B01
201100023784;0;7;0;0;2;2;15;A01
201100023784;0;7;0;0;2;1;1;B01
201100023785;0;7;0;0;2;2;9;A01
201100023785;0;33;0;0;2;1;17;B01
201100023786;0;7;0;0;2;1;1;B01
201100023786;0;7;0;0;2;3;0;A01
201100023787;0;33;0;0;2;9;1;B01
201100023787;0;7;0;0;2;1;9;A01
201100023788;0;7;0;11;0;9;1;A01
201100023789;0;33;0;0;2;1;1;B01
201100023789;0;37;1;0;2;3;15;A01
201100023790;0;7;0;0;2;4;1;B01
201100023790;0;7;0;0;2;4;1;C01
201100023790;0;7;0;0;2;4;0;D01
201100023790;0;7;0;0;2;1;1;A01
201100023791;0;7;0;0;2;4;2;B01
201100023791;0;7;0;0;2;1;1;A01
201100023792;0;33;0;0;2;1;1;B01
201100023792;0;7;0;0;2;2;9;A01
201100023793;0;33;0;0;2;7;1;B01
201100023793;0;7;0;0;2;8;15;A01
201100023794;0;2;0;0;2;1;1;A01
201100023794;0;7;0;0;2;4;2;B01
201100023795;0;7;0;6;0;1;15;A01
201100023796;0;30;0;0;1;1;1;A01
201100023797;0;10;0;0;2;1;1;B01
201100023797;0;10;0;0;2;8;19;A01
201100023798;0;7;0;0;2;4;23;C01
201100023798;0;7;0;0;2;1;1;A01
201100023798;0;7;0;0;2;4;23;B01
201100023799;0;7;0;0;2;1;1;A01
201100023799;0;7;0;0;2;4;23;B01
201100023799;0;7;0;0;2;4;23;C01
201100023799;0;7;0;0;2;4;23;D01
201100023800;0;32;0;0;2;1;2;B01
201100023800;0;10;0;0;2;6;11;A01
201100023801;0;2;0;0;2;1;2;A01
201100023801;0;7;0;0;2;4;23;B01
201100023802;0;30;0;0;2;4;2;B01
201100023802;0;7;0;0;2;1;1;A01
201100023803;0;1;0;0;2;1;1;A01
201100023803;0;7;0;0;2;4;23;B01
201100023804;0;1;0;0;2;1;1;B01
201100023804;0;7;0;0;2;3;9;A01
201100023805;0;7;0;0;2;6;1;B01
201100023805;0;7;0;0;2;3;9;A01
201100023806;0;7;0;0;2;1;1;A01
201100023806;0;7;0;0;2;4;2;B01
201100023807;0;7;0;0;2;1;1;B01
201100023807;0;7;0;0;2;8;19;A01
201100023808;0;2;0;0;2;1;1;A01
201100023808;0;7;0;0;2;8;19;B01
201100023809;1;7;0;0;2;0;0;Z01
201100023809;0;2;0;0;2;9;0;B01
201100023810;0;10;0;0;2;6;19;A01
201100023810;0;31;0;0;2;1;1;B01
201100023811;0;10;0;0;2;4;23;A01
201100023811;0;7;0;0;2;1;2;C01
201100023811;0;7;0;0;2;4;2;B01
201100023812;0;7;0;1;1;4;4;A01
201100023813;0;1;0;0;2;4;1;B01
201100023813;0;7;0;0;2;1;1;A01
201100023814;0;2;0;0;2;1;0;A01
201100023814;0;7;0;0;2;5;23;B01
201100023815;0;7;0;0;2;5;9;A01
201100023815;0;2;0;0;2;1;1;B01
201100023816;0;7;0;0;1;1;1;A01
201100023817;0;2;0;0;2;1;1;B01
201100023817;0;7;0;0;2;3;9;A01
201100023818;0;2;0;2;0;1;5;A01
201100023819;0;7;0;2;0;3;1;A01
201100023820;0;7;0;13;0;3;1;A01
201100023821;0;7;0;0;2;3;1;B02
201100023821;0;33;0;0;2;1;1;A01
201100023822;0;7;0;0;1;7;17;A01