num_acc;senc;catv;occutc;obs;obsm;choc;manv;num_veh
201100023823;0;7;0;16;0;9;1;A01
201100023824;0;7;0;8;0;2;14;A01
201100023825;0;33;0;0;2;8;1;A01
201100023825;0;7;0;0;2;1;23;B02
201100023825;0;7;0;0;2;1;19;C03
201100023826;0;7;0;0;2;7;1;A01
201100023826;0;1;0;0;2;1;15;B02
201100023827;0;7;0;0;1;7;1;A01
201100023828;0;1;0;0;0;1;1;B02
201100023828;0;7;0;0;2;3;15;A01
201100023829;0;99;0;1;0;2;1;A01
201100023830;0;30;0;0;2;1;2;A01
201100023830;0;7;0;0;0;6;2;B01
201100023831;0;2;0;1;2;1;2;A01
201100023832;0;7;0;0;2;4;23;B01
201100023832;0;7;0;0;2;1;1;A01
201100023833;0;30;0;0;0;8;1;A01
201100023834;0;7;0;6;0;1;1;A01
201100023835;0;7;0;11;0;2;6;A01
201100023836;0;2;0;6;0;2;1;A01
201100023837;0;33;0;0;2;2;2;A01
201100023837;0;33;0;0;2;3;2;B01
201100023838;0;7;0;13;2;1;0;B01
201100023838;0;7;0;0;2;3;1;A01
201100023839;0;2;0;1;0;1;14;A01
201100023840;0;14;0;0;1;1;1;A01
201100023841;0;30;0;12;0;7;0;A01
201100023842;0;7;0;0;1;2;2;A01
201100023843;0;7;0;0;1;1;1;A01
201100023844;0;7;0;0;2;2;1;A01
201100023844;0;30;0;0;2;8;15;B01
201100023845;0;7;0;13;0;9;0;A01
201100023846;2;7;0;0;0;0;1;A01
201100023847;0;2;0;0;2;8;1;A01
201100023847;0;7;0;0;0;6;15;B01
201100023848;0;7;0;0;1;1;1;A01
201100023849;0;7;0;0;1;5;4;A01
201100023850;0;7;0;0;2;4;2;B01
201100023850;0;7;0;0;2;1;2;A01
201100023851;0;2;0;14;0;1;2;A01
201100023852;0;33;0;6;0;3;1;A01
201100023853;0;7;0;0;1;2;1;A01
201100023854;0;7;0;0;1;2;1;A01
201100023855;0;7;0;8;0;1;1;A01
201100023856;0;10;0;0;2;3;2;B01
201100023856;0;10;0;0;2;3;13;A01
201100023857;0;33;0;8;0;2;1;A01
201100023858;0;7;0;3;6;1;21;A01
201100023859;0;30;0;14;0;8;6;A01
201100023860;0;7;0;0;0;3;1;B02
201100023860;0;33;0;0;0;5;16;A01
201100023861;0;7;0;0;2;7;10;A01
201100023861;0;33;0;0;2;1;17;B02
201100023862;0;7;0;0;2;2;15;B02
201100023862;0;7;0;0;2;3;1;A01
201100023863;0;7;0;0;2;1;1;A01
201100023863;0;1;0;0;2;8;19;B02
201100023864;0;1;0;0;2;1;1;B02
201100023864;0;7;0;0;2;5;16;A01
201100023865;0;7;0;0;2;1;1;A01
201100023865;0;7;0;0;0;4;4;B02
201100023866;0;7;0;16;0;1;14;A01
201100023867;0;10;0;0;1;4;4;A01
201100023868;0;1;0;0;2;6;19;B01
201100023868;0;7;0;0;2;1;1;A01
201100023869;0;1;0;0;2;7;2;B01
201100023869;0;7;0;0;2;1;9;A01
201100023870;0;7;0;0;2;3;2;A01
201100023870;0;2;0;0;2;3;15;B01
201100023871;0;7;0;10;1;1;14;A01
201100023872;0;15;0;0;2;1;15;A01
201100023872;0;2;0;0;2;1;1;B01
201100023873;0;7;0;0;1;4;4;A01
201100023874;0;7;0;0;2;8;1;B01
201100023874;0;7;0;0;2;1;1;A01
201100023875;0;2;0;0;2;1;1;A01
201100023875;0;7;0;0;2;8;0;B01
201100023876;0;2;0;0;2;7;1;B01
201100023876;0;7;0;0;2;3;9;A01
201100023877;0;7;0;0;2;3;9;A01
201100023877;0;7;0;0;2;2;2;B01
201100023878;0;7;0;0;2;1;1;B01
201100023878;0;7;0;0;2;8;1;A01
201100023879;0;2;0;11;0;1;1;A01
201100023880;0;2;0;0;2;7;1;A01
201100023880;1;7;0;0;2;1;15;Z01
201100023881;0;7;0;0;1;1;1;A01
201100023882;0;1;0;0;2;1;19;B01
201100023882;0;7;0;0;2;2;16;A01
201100023883;0;7;0;0;2;0;23;A01
201100023883;0;7;0;14;0;4;23;B01
201100023883;0;7;0;14;2;1;2;C01
201100023884;0;2;0;0;1;3;1;A01
201100023885;0;7;0;0;1;1;16;A01
201100023886;0;7;0;0;9;1;9;A01
201100023886;0;1;0;0;2;5;1;B01
201100023887;0;7;0;0;1;4;20;A01
201100023888;0;7;0;13;1;1;1;A01
201100023889;0;10;0;0;2;1;2;A01
201100023889;0;7;0;0;2;6;20;B01
201100023890;0;7;0;0;2;1;1;A01
201100023890;0;7;0;0;2;1;1;B01
201100023891;0;7;0;0;2;7;1;B01
201100023891;0;7;0;0;2;3;1;A01
201100023892;0;7;0;0;2;1;1;A01
201100023892;0;15;0;0;2;6;1;B01
201100023893;0;7;0;0;2;3;1;B01
201100023893;0;7;0;0;2;2;1;A01
201100023894;0;10;0;0;1;2;16;A01
201100023895;0;1;0;0;2;1;2;A01
201100023895;0;7;0;0;2;4;16;B01
201100023896;0;7;0;0;1;2;16;A01
201100023897;0;1;0;0;2;1;1;B01
201100023897;0;7;0;0;2;2;20;A01
201100023898;0;10;0;0;2;1;2;A01
201100023898;0;7;0;0;2;4;23;C01
201100023898;0;7;0;0;2;4;2;B01
201100023899;0;7;0;0;0;4;23;C01
201100023899;0;7;0;0;2;1;2;A01
201100023899;0;7;0;0;2;4;23;B01
201100023900;0;7;0;0;2;4;23;B01
201100023900;0;30;0;0;2;1;2;A01
201100023901;0;7;0;3;2;7;1;A01
201100023901;0;7;0;0;2;1;1;B01
201100023902;0;15;0;0;2;2;12;A01
201100023902;0;1;0;0;2;4;1;B01
201100023903;0;7;0;0;2;5;1;B01
201100023903;0;30;0;0;2;1;1;A01
201100023904;0;31;0;0;2;6;1;B01
201100023904;0;7;0;0;2;2;1;A01
201100023905;0;7;0;0;2;5;15;B01
201100023905;0;33;0;0;2;1;1;A01
201100023906;0;7;0;0;1;1;1;A01
201100023907;0;32;0;0;2;1;1;B01
201100023907;0;7;0;0;2;2;15;A01
201100023908;0;7;0;0;1;2;1;A01
201100023909;0;10;0;0;2;1;1;B01
201100023909;0;7;0;12;2;5;13;A01
201100023910;1;7;0;0;1;5;1;Z01
201100023911;0;7;0;0;2;1;1;A01
201100023911;0;10;0;0;2;8;17;B01
201100023912;0;7;0;0;2;1;1;A01
201100023912;0;31;0;0;2;8;1;B01
201100023913;0;7;0;0;2;1;1;A01
201100023913;0;7;0;11;2;7;1;B01
201100023914;0;33;0;0;2;1;1;B01
201100023914;0;7;0;0;2;5;15;A01
201100023915;0;7;0;0;2;2;1;B01
201100023915;0;7;0;0;2;4;4;A01
201100023916;0;7;0;0;2;5;1;B01
201100023916;0;7;0;0;2;3;1;A01
201100023917;0;7;0;0;2;1;2;A01
201100023917;0;32;0;0;2;4;23;D01
201100023917;0;32;0;0;2;4;23;C01
201100023917;0;7;0;0;2;4;23;B01
201100023918;0;32;0;12;0;0;0;A01
201100023919;0;99;0;0;2;2;16;A01
201100023919;0;1;0;0;2;3;1;B01
201100023920;0;7;0;2;2;0;13;A01
201100023921;0;7;0;0;2;1;1;B01
201100023921;0;7;0;0;2;1;13;A01
201100023922;0;7;0;0;2;3;15;B01
201100023922;2;10;0;0;2;1;13;A01
201100023923;0;32;0;0;1;1;1;Z01
201100023924;0;20;0;1;0;1;1;A01
201100023925;0;30;0;0;2;1;5;A01
201100023925;0;7;0;0;2;3;1;B01
201100023926;0;1;0;0;2;1;16;A01
201100023926;0;7;0;0;2;3;1;B01
201100023927;0;7;0;0;1;1;1;A01
201100023928;0;30;0;0;2;1;1;B01
201100023928;0;7;0;0;2;5;1;A01
201100023929;0;1;0;0;2;1;1;B01
201100023929;0;14;0;0;2;2;16;A01
201100023930;0;15;0;0;2;2;12;A01
201100023930;0;7;0;0;2;6;1;B01
201100023931;0;7;0;0;2;6;1;B01
201100023931;0;10;0;0;9;1;1;D01
201100023931;0;7;0;0;2;1;1;C01
201100023931;0;7;0;4;2;2;6;A01
201100023932;0;7;0;0;2;3;15;A01
201100023932;0;32;0;0;2;1;1;B01
201100023933;0;37;1;0;1;7;1;A01
201100023934;0;1;0;0;2;1;1;B01
201100023934;0;30;0;0;2;6;11;A01
201100023935;1;1;0;0;1;1;0;Z01
201100023936;0;7;0;0;1;7;1;A01
201100023937;0;33;0;0;2;1;1;B01
201100023937;0;7;0;0;2;7;15;A01
201100023938;0;1;0;0;2;1;1;B01
201100023938;0;7;0;0;2;3;15;A01
201100023939;0;7;0;6;0;3;14;A01
201100023940;0;2;0;0;2;1;13;B01
201100023940;0;31;0;0;2;1;17;A01
201100023940;0;3;0;0;2;3;23;C01
201100023941;0;7;0;0;2;4;12;B01
201100023941;0;33;0;0;2;1;1;A01
201100023942;0;10;0;0;1;3;11;A01
201100023943;0;7;0;0;2;2;16;B01
201100023943;0;2;0;0;2;1;18;A01
201100023944;0;7;0;0;9;1;1;B01
201100023944;0;14;0;0;0;0;1;A01
201100023944;0;7;0;0;9;5;21;C01
201100023944;0;7;0;0;9;3;1;D01
201100023944;0;7;0;0;9;2;1;E01
201100023945;0;7;0;0;2;1;1;B01
201100023945;0;7;0;6;2;3;1;A01
201100023946;0;7;0;0;1;3;1;A01
201100023947;0;7;0;0;2;1;1;A01
201100023947;0;7;0;0;2;2;1;B01
201100023948;0;7;0;0;1;1;15;A01
201100023949;1;7;0;0;2;1;1;Z01
201100023949;0;2;0;0;2;4;1;B01
201100023950;0;7;0;0;1;3;15;A01
201100023951;0;7;0;0;1;3;1;A01
201100023952;1;7;0;0;2;1;1;Z01
201100023952;0;7;0;0;2;4;23;B01
201100023952;0;1;0;0;2;1;1;C01
201100023953;0;7;0;0;1;2;1;A01
201100023954;0;7;0;0;2;3;0;A01
201100023954;0;2;0;0;2;1;1;B01
201100023955;0;7;0;0;1;2;1;A01
201100023956;0;38;2;0;1;2;1;A01
201100023957;0;7;0;0;1;3;1;A01
201100023958;0;7;0;0;2;1;1;B01
201100023958;0;2;0;0;2;8;0;A01
201100023959;0;7;0;0;1;2;1;A01
201100023960;0;7;0;0;0;0;1;A01
201100023961;0;10;0;0;2;7;17;A01
201100023961;0;2;0;0;2;3;1;B01
201100023962;0;7;0;0;2;2;11;A01
201100023962;0;33;0;0;2;1;1;B01
201100023963;0;7;0;0;2;8;23;C01
201100023963;0;7;0;0;2;7;12;A01
201100023963;0;31;0;0;2;3;1;B01
201100023964;0;7;0;0;1;2;13;A01
201100023965;0;7;0;0;2;2;22;B01
201100023965;0;1;0;1;0;1;1;A01
201100023966;0;7;0;0;1;2;1;A01
201100023967;0;1;0;0;2;1;1;B01
201100023967;0;7;0;0;2;3;15;A01
201100023968;0;20;0;0;2;1;1;B01
201100023968;0;7;0;6;2;3;1;A01
201100023969;0;2;0;0;2;7;1;B01
201100023969;0;7;0;0;2;3;1;A01
201100023970;0;7;0;0;2;3;1;B01
201100023970;0;30;0;0;2;1;1;A01
201100023971;0;7;0;1;0;1;1;A01
201100023972;0;7;0;0;1;2;1;A01
201100023973;0;7;0;0;1;1;0;A01
201100023974;0;33;0;0;2;1;17;B02
201100023974;0;10;0;0;2;3;15;A01
201100023975;0;7;0;0;2;3;1;A01
201100023975;0;2;0;0;2;7;19;B02
201100023976;0;2;0;0;2;1;1;B02
201100023976;0;7;0;0;2;8;1;A01
201100023977;0;2;0;0;0;8;1;A01
201100023978;0;10;0;16;0;1;1;A01
201100023979;0;7;0;0;2;1;2;A01
201100023979;0;7;0;0;2;4;1;B01
201100023980;0;7;0;0;1;2;1;A01
201100023981;0;30;0;0;0;0;0;A01
201100023982;0;1;0;0;2;7;1;B01
201100023982;0;7;0;0;2;3;9;A01
201100023983;0;7;0;0;1;2;2;A01
201100023984;0;7;0;0;2;1;1;B01
201100023984;0;1;0;0;2;3;9;A01
201100023985;0;1;0;0;2;1;2;A01
201100023985;0;7;0;0;9;5;23;B01
201100023986;1;99;0;0;1;4;0;A01
201100023987;0;7;0;0;2;8;1;B01
201100023987;0;7;0;0;2;8;1;C01
201100023987;0;30;0;0;2;8;17;A01
201100023988;0;7;0;0;2;8;1;A01
201100023988;0;1;0;0;2;1;1;B01
201100023989;0;7;0;0;2;7;21;B01
201100023989;0;30;0;0;2;1;9;A01
201100023990;0;7;0;0;1;4;4;A01
201100023991;0;30;0;0;2;7;1;A01
201100023991;0;7;0;0;2;2;15;B01
201100023992;0;7;0;0;9;2;5;A01
201100023992;0;33;0;0;2;1;1;B01
201100023993;0;2;0;0;2;1;2;A01
201100023993;0;10;0;0;2;4;23;B01
201100023994;0;7;0;0;2;0;15;B01
201100023994;0;1;0;0;2;4;1;A01
201100023995;0;30;0;0;0;7;2;A01
201100023996;0;7;0;0;2;2;1;A01
201100023996;0;10;0;0;2;3;9;B01
201100023997;0;7;0;12;0;2;0;A01
201100023998;0;7;0;0;2;3;1;A01
201100023998;0;1;0;0;2;7;3;B01
201100023999;0;30;0;0;2;1;17;B01
201100023999;0;7;0;0;2;3;15;A01
201100024000;0;1;0;0;2;1;1;B01
201100024000;0;10;0;0;2;3;9;A01
201100024001;0;7;0;0;2;3;15;A01
201100024001;0;2;0;0;2;8;1;B01
201100024002;0;7;0;0;1;1;1;A01
201100024003;0;7;0;6;0;1;14;A01
201100024004;0;2;0;12;0;2;14;A01
201100024005;0;30;0;0;2;7;17;A01
201100024005;0;7;0;0;9;8;11;B01
201100024006;0;7;0;0;2;1;15;A01
201100024006;0;7;0;0;2;3;1;B01
201100024007;0;7;0;0;1;2;1;A01
201100024008;0;7;0;0;2;1;9;A01
201100024008;0;30;0;0;2;5;1;B01
201100024009;0;7;0;6;0;1;14;A01
201100024010;0;2;0;0;1;1;1;A01
201100024011;0;7;0;0;2;3;15;A01
201100024011;0;33;0;0;2;1;1;B01
201100024012;0;10;0;0;2;8;9;B01
201100024012;0;2;0;0;2;1;9;A01
201100024013;0;2;0;0;2;2;1;B01
201100024013;0;7;0;0;2;3;9;A01
201100024014;0;33;0;0;1;1;1;A01
201100024015;0;7;0;0;1;8;1;A01
201100024016;0;30;0;0;2;1;13;A01
201100024016;0;7;0;0;9;3;1;B01
201100024017;0;7;0;0;0;7;17;A01
201100024017;0;1;0;0;2;8;13;B01
201100024018;0;2;0;0;0;7;0;A01
201100024019;0;2;0;0;2;1;21;B01
201100024019;2;7;0;0;0;3;0;A01
201100024020;0;30;0;0;0;8;1;A01
201100024021;0;1;0;6;0;1;1;A01
201100024022;0;30;0;0;2;1;2;A01
201100024022;0;7;0;0;0;4;2;B01
201100024023;0;7;0;0;2;3;15;A01
201100024023;0;7;0;0;2;1;23;B01
201100024024;0;7;0;0;2;3;15;A01
201100024024;0;7;0;0;2;2;1;B01
201100024025;0;30;0;0;2;3;15;B01
201100024025;0;7;0;0;2;1;19;A01
201100024026;0;7;0;0;2;7;17;A01
201100024026;0;7;0;0;2;3;15;B01
201100024027;0;7;0;6;0;1;1;A01
201100024028;0;7;0;0;2;8;19;A01
201100024028;0;7;0;0;2;2;1;B01
201100024029;0;1;0;0;0;8;23;A01
201100024030;0;33;0;11;0;0;1;A01
201100024031;0;1;0;0;2;7;1;B01
201100024031;0;7;0;0;9;3;9;A01
201100024032;0;7;0;0;1;3;2;A01
201100024033;0;7;0;0;1;2;2;A01
201100024034;0;7;0;1;0;1;7;A01
201100024034;0;7;0;0;2;6;7;B01
201100024035;0;2;0;0;1;4;1;A01
201100024036;0;30;0;0;2;7;1;A01
201100024036;0;7;0;0;9;1;9;B01
201100024037;0;7;0;0;2;1;2;A01
201100024037;0;7;0;0;2;4;2;B01
201100024038;0;30;0;5;0;1;0;A01
201100024039;0;7;0;6;0;1;1;A01
201100024040;0;7;0;0;2;6;15;A01
201100024040;0;2;0;0;2;1;1;B01
201100024041;0;2;0;14;0;1;1;A01
201100024042;0;7;0;0;2;1;2;B01
201100024042;0;7;0;0;0;4;2;A01
201100024043;0;7;0;0;2;1;1;A01
201100024043;0;30;0;0;2;1;13;B01
201100024044;0;7;0;0;2;3;15;A01
201100024044;0;2;0;0;2;1;17;B01
201100024045;0;1;0;0;2;1;1;A01
201100024045;0;7;0;0;2;3;15;B01
201100024046;0;7;0;0;1;3;1;A01
201100024047;0;7;0;0;1;2;1;A01
201100024048;0;7;0;0;1;4;4;A01
201100024049;1;10;0;0;1;3;15;Z01
201100024050;0;7;0;0;1;1;1;A01
201100024051;0;30;0;0;0;7;1;A01
201100024052;0;7;0;0;2;1;2;A01
201100024052;0;30;0;0;2;4;1;B01
201100024052;0;7;0;0;2;1;2;C01
201100024053;0;7;0;0;2;6;15;B01
201100024053;0;30;0;0;2;1;2;A01
201100024054;1;7;0;0;1;1;1;Z01
201100024055;0;7;0;0;2;1;2;A01
201100024055;0;7;0;0;2;4;23;B01
201100024056;0;1;0;0;0;1;1;A01
201100024057;0;2;0;0;2;8;9;B01
201100024057;0;7;0;0;2;2;9;A01
201100024058;0;1;0;0;2;3;15;B01
201100024058;0;7;0;0;9;2;17;A01
201100024059;0;2;0;0;2;1;1;B01
201100024059;0;7;0;0;2;3;9;A01
201100024060;0;7;0;0;2;1;1;C01
201100024060;0;7;0;0;2;2;15;A01
201100024060;0;3;0;0;2;1;1;B01
201100024061;0;38;10;0;1;1;1;A01
201100024062;0;7;0;11;0;1;1;A01
201100024063;0;15;0;0;2;5;15;A01
201100024063;0;10;0;13;0;1;21;B01
201100024063;0;7;0;0;2;1;1;C01
201100024064;0;7;0;0;1;1;1;A01
201100024065;0;7;0;0;2;1;2;A01
201100024065;0;37;1;0;2;4;23;B01
201100024066;0;30;0;0;0;0;1;A01
201100024066;1;7;0;0;2;0;14;Z01
201100024067;0;30;0;0;0;0;1;A01
201100024068;0;7;0;0;1;4;4;A01
201100024069;0;7;0;0;2;5;15;B01
201100024069;0;2;0;0;2;7;21;Z01
201100024070;0;2;0;0;2;1;19;A01
201100024070;0;7;0;0;2;2;1;B01
201100024071;0;7;0;0;2;2;1;B01
201100024071;0;7;0;0;2;1;19;A01
201100024072;0;2;0;0;0;8;1;A01
201100024073;0;7;0;0;2;1;9;A01
201100024073;0;7;0;0;2;7;1;B01
201100024074;0;7;0;6;0;3;1;A01
201100024075;0;7;0;0;2;2;15;A01
201100024075;0;7;0;0;2;3;1;B01
201100024076;0;30;0;1;0;1;1;A01
201100024077;0;7;0;0;9;8;22;A01
201100024077;0;1;0;1;0;7;1;B01
201100024078;1;7;0;0;1;8;1;Z01
201100024079;0;10;0;0;1;4;4;A01
201100024080;0;7;0;0;2;4;15;B01
201100024080;0;10;0;0;2;7;1;C01
201100024080;0;7;0;0;2;1;2;A01
201100024081;0;1;0;0;0;0;1;A01
201100024082;0;14;0;0;1;4;1;A01
201100024083;0;7;0;5;0;1;13;A01
201100024084;0;7;0;0;1;1;1;Z01
201100024085;0;7;0;13;0;1;14;A01
201100024086;0;33;0;0;2;1;1;A01
201100024087;0;7;0;0;2;4;23;C01
201100024087;0;10;0;0;2;1;2;A01
201100024087;0;7;0;0;2;4;23;B01
201100024088;0;1;0;0;0;8;1;A01
201100024089;0;7;0;0;2;5;15;A01
201100024089;0;30;0;0;2;1;1;B01
201100024090;0;33;0;5;0;7;1;A01
201100024091;0;7;0;0;1;2;1;A01
201100024092;0;7;0;0;1;2;1;A01
201100024093;1;7;0;0;1;2;17;Z01
201100024094;0;7;0;0;2;2;15;A01
201100024094;0;33;0;0;2;1;1;B01
201100024095;0;7;0;0;2;2;16;A01
201100024095;0;2;0;0;2;1;18;B01
201100024096;0;1;0;0;2;4;1;B01
201100024096;0;7;0;0;2;2;2;A01
201100024097;0;33;0;0;2;8;1;A01
201100024097;0;7;0;0;2;6;9;B01
201100024098;0;2;0;12;0;7;21;A01
201100024099;0;33;0;13;0;0;17;A01
201100024099;0;7;0;0;0;0;17;B01
201100024100;1;7;0;0;2;0;16;Z01
201100024100;0;7;0;0;2;3;1;B01
201100024101;0;33;0;0;0;7;1;A01
201100024102;0;2;0;0;2;7;17;B01
201100024102;0;7;0;0;2;3;23;A01
201100024103;0;13;0;0;1;2;9;A01
201100024104;1;7;0;0;1;2;1;Z01
201100024105;0;7;0;0;2;3;15;A01
201100024105;0;33;0;0;2;7;1;B01
201100024106;0;7;0;0;2;3;1;B01
201100024106;0;7;0;0;2;3;13;A01
201100024107;0;7;0;1;0;6;24;B01
201100024107;0;7;0;1;0;1;20;A01
201100024108;0;2;0;12;0;1;1;A01
201100024109;0;30;0;0;2;1;1;A01
201100024109;0;7;0;0;9;3;1;B01
201100024110;0;7;0;0;1;1;1;A01
201100024111;0;7;0;0;2;1;19;A01
201100024111;0;7;0;0;2;3;1;B01
201100024112;0;7;0;6;0;4;1;A01
201100024113;0;7;0;2;0;2;14;A01
201100024114;0;7;0;0;2;4;23;B01
201100024114;0;7;0;0;2;1;2;A01
201100024115;0;30;0;15;0;1;0;A01
201100024116;0;7;0;0;2;4;23;B01
201100024116;0;7;0;0;2;1;2;A01
201100024117;0;7;0;0;2;4;1;B01
201100024117;0;7;0;0;2;1;2;A01
201100024118;0;2;0;0;2;7;21;B01
201100024118;1;7;0;0;2;1;5;Z01
201100024119;0;31;0;11;0;1;17;A01
201100024120;0;7;0;14;0;8;24;A01
201100024121;0;7;0;9;0;2;1;A01
201100024122;0;2;0;0;1;1;17;A01
201100024123;0;30;0;0;0;0;1;A01
201100024124;0;7;0;0;2;6;15;B01
201100024124;0;2;0;0;2;1;17;A01
201100024125;0;10;0;0;2;1;2;A01
201100024125;0;7;0;0;2;4;2;B01
201100024125;0;7;0;0;2;4;23;C01
201100024126;0;7;0;0;2;8;1;B01
201100024126;0;7;0;0;2;3;15;A01
201100024127;1;7;0;0;0;0;0;Z01
201100024127;0;7;0;0;2;1;2;A01
201100024127;0;7;0;0;0;4;1;B01
201100024128;0;7;0;0;1;1;16;A01
201100024129;0;7;0;0;2;4;1;C01
201100024129;0;7;0;0;2;4;2;B01
201100024129;0;14;0;0;2;1;2;A01
201100024130;0;7;0;0;1;1;1;A01
201100024131;0;7;0;0;2;1;9;A01
201100024131;0;33;0;0;2;1;1;B01
201100024132;0;32;0;0;2;1;1;B01
201100024132;0;7;0;0;2;8;15;A01
201100024133;0;7;0;0;1;1;1;A01
201100024134;0;7;0;3;0;2;14;A01
201100024135;0;31;0;0;2;1;1;B01
201100024135;0;7;0;0;2;2;15;A01
201100024136;0;7;0;0;2;3;9;A01
201100024136;0;1;0;0;2;7;1;B01
201100024137;0;10;0;0;2;8;10;A01
201100024137;0;32;0;0;2;1;1;B01
201100024138;0;7;0;4;2;4;2;B01
201100024138;0;7;0;0;2;1;2;A01
201100024138;0;7;0;0;2;4;1;C01
201100024139;0;7;0;9;0;1;14;A01
201100024140;0;10;0;9;0;1;16;A01
201100024141;0;30;0;0;2;1;13;A01
201100024141;0;7;0;0;2;3;1;B01
201100024142;0;30;0;0;2;1;2;A01
201100024142;0;10;0;0;2;6;1;B01
201100024143;0;10;0;13;0;7;21;A01
201100024144;0;7;0;0;2;1;1;B01
201100024144;0;7;0;0;2;4;4;A01
201100024145;0;7;0;9;0;1;1;A01
201100024146;0;1;0;0;2;1;1;B01
201100024146;0;7;0;0;2;2;19;A01
201100024147;0;7;0;0;2;4;1;B01
201100024147;0;7;0;0;2;1;2;A01
201100024148;0;7;0;13;0;1;14;A01
201100024149;0;10;0;0;2;1;16;B01
201100024149;0;34;0;0;2;3;5;A01
201100024150;0;7;0;8;0;1;20;A01
201100024151;0;7;0;0;1;1;1;A01
201100024152;0;7;0;0;2;2;1;B01
201100024152;0;7;0;0;2;3;5;A01
201100024153;0;7;0;0;2;6;15;B01
201100024153;0;2;0;0;2;1;2;A01
201100024154;0;7;0;6;0;2;14;A01
201100024155;0;7;0;9;0;7;14;A01
201100024156;0;3;0;0;1;1;14;Z01
201100024157;0;30;0;0;2;1;19;A01
201100024157;0;7;0;0;2;2;1;B01
201100024158;0;2;0;0;2;1;1;B01
201100024158;0;7;0;0;2;3;9;A01
201100024159;0;7;0;4;0;1;1;A01
201100024160;0;2;0;0;9;8;1;A01
201100024161;0;7;0;0;2;1;2;A01
201100024161;0;7;0;0;2;4;1;B01
201100024162;1;7;0;0;1;0;1;Z01
201100024163;0;33;0;0;0;8;21;A01
201100024164;0;7;0;13;0;2;14;A01
201100024165;0;7;0;0;2;1;1;A01
201100024165;0;7;0;0;2;4;23;B01
201100024166;0;2;0;0;2;1;2;A01
201100024166;0;7;0;0;2;6;1;B01
201100024167;0;7;0;0;2;1;2;A01
201100024167;0;7;0;0;2;4;2;B01
201100024167;0;7;0;0;2;4;1;C01
201100024168;0;7;0;0;2;1;2;A01
201100024168;0;7;0;0;2;4;15;B01
201100024169;0;7;0;0;2;8;9;A01
201100024169;0;31;0;0;2;1;1;B01
201100024170;0;7;0;0;2;3;1;B01
201100024170;0;30;0;0;2;8;1;A01
201100024171;0;7;0;0;2;4;23;B01
201100024171;0;7;0;0;2;1;2;A01
201100024171;0;7;0;0;2;4;23;C01
201100024172;0;7;0;13;0;1;14;A01
201100024173;0;32;0;6;0;1;19;A01
201100024174;0;7;0;0;2;5;17;A01
201100024174;0;2;0;0;2;8;2;B01
201100024175;0;30;0;6;0;1;1;A01
201100024176;0;30;0;0;2;8;2;A01
201100024176;0;7;0;0;2;5;15;B01
201100024177;0;7;0;0;2;6;4;A01
201100024177;0;33;0;0;2;2;1;B01
201100024178;0;30;0;16;0;8;21;A01
201100024179;0;7;0;0;2;3;1;B01
201100024179;0;7;0;0;2;3;9;A01
201100024180;0;7;0;0;2;2;1;B01
201100024180;0;2;0;0;2;1;9;A01
201100024181;2;7;0;0;2;1;2;A01
201100024181;0;7;0;0;2;4;1;B01
201100024182;0;7;0;0;9;1;9;A01
201100024182;0;1;0;0;2;5;1;B01
201100024183;0;2;0;12;0;2;1;A01
201100024184;0;7;0;0;1;7;1;A01
201100024185;0;7;0;0;1;1;1;A01
201100024186;0;1;0;0;0;0;1;A01
201100024187;0;7;0;0;1;1;1;A01
201100024188;0;7;0;0;1;4;4;A01
201100024189;0;7;0;0;2;2;15;A01
201100024189;0;3;0;0;2;3;1;B01
201100024190;0;7;0;0;2;1;15;A01
201100024190;0;33;0;0;2;1;1;B01
201100024191;0;7;0;0;2;3;15;A01
201100024191;0;7;0;0;2;1;1;B01
201100024192;0;7;0;0;2;2;1;A01
201100024192;0;7;0;0;2;3;1;B01
201100024193;0;7;0;0;2;1;2;A01
201100024193;0;7;0;0;2;4;1;B01
201100024194;0;10;0;0;2;1;1;B01
201100024194;0;7;0;0;2;3;9;A01
201100024195;0;7;0;0;1;2;1;A01
201100024196;0;2;0;0;2;1;2;A01
201100024196;0;7;0;0;2;5;23;B01
201100024197;0;2;0;16;0;1;9;A01
201100024198;0;10;0;8;0;1;14;A01
201100024199;0;7;0;0;1;3;1;A01
201100024200;0;7;0;0;2;3;13;A01
201100024200;0;7;0;0;2;3;1;B01
201100024201;0;30;0;0;0;7;16;A01
201100024202;0;7;0;0;2;3;2;A01
201100024202;0;32;0;0;2;4;15;B01
201100024203;0;1;0;0;2;1;17;A01
201100024203;0;7;0;0;2;6;15;B01
201100024204;0;7;0;0;1;2;1;A01
201100024205;0;7;0;0;2;1;2;A01
201100024205;0;7;0;0;2;4;1;B01
201100024206;0;7;0;0;1;2;16;A01
201100024207;0;1;0;0;2;3;19;A01
201100024207;0;7;0;3;2;7;1;B01
201100024208;0;35;0;0;0;0;1;A01
201100024209;0;7;0;0;2;1;2;A01
201100024209;0;7;0;0;2;4;23;B01
201100024210;0;7;0;15;0;1;14;A01
201100024211;0;30;0;0;0;0;1;A01
201100024212;0;7;0;9;0;1;5;A01
201100024213;0;7;0;0;1;2;1;A01
201100024214;0;7;0;0;2;1;2;A01
201100024214;0;7;0;0;2;4;2;B01
201100024214;0;10;0;0;2;4;23;C01
201100024215;0;2;0;0;2;1;5;A01