num_acc;senc;catv;occutc;obs;obsm;choc;manv;num_veh
201100024215;0;7;0;0;2;1;1;B01
201100024216;0;7;0;0;1;8;20;A01
201100024216;0;7;0;0;2;7;22;B01
201100024217;0;7;0;0;2;3;2;A01
201100024217;0;2;0;0;2;4;23;B01
201100024218;0;7;0;16;0;9;14;A01
201100024219;0;7;0;0;1;1;1;A01
201100024220;0;14;0;0;1;1;9;A01
201100024221;1;7;0;0;1;2;1;Z01
201100024222;0;7;0;0;1;1;15;A01
201100024223;0;2;0;0;2;1;1;B01
201100024223;0;7;0;0;2;2;1;A01
201100024224;0;1;0;0;0;8;1;B01
201100024224;0;7;0;0;2;7;16;A01
201100024225;0;7;0;0;2;1;1;B01
201100024225;0;31;0;0;2;1;5;A01
201100024226;0;31;0;0;0;7;1;A01
201100024227;0;7;0;0;2;2;1;A01
201100024227;0;7;0;;2;3;1;B01
201100024228;0;7;0;0;2;7;15;A01
201100024228;0;31;0;0;2;7;1;B01
201100024229;0;30;0;0;0;7;1;A01
201100024230;0;36;0;0;2;6;1;B01
201100024230;0;10;0;0;2;3;1;A01
201100024231;0;7;0;0;2;3;1;A01
201100024231;0;7;0;0;0;6;15;B01
201100024232;0;7;0;8;2;1;13;A01
201100024232;0;7;0;0;2;8;1;B01
201100024233;0;7;0;0;0;2;1;A01
201100024233;0;1;0;0;0;3;2;B01
201100024234;0;7;0;0;2;3;15;A01
201100024234;0;1;0;0;2;1;1;B01
201100024235;0;10;0;0;1;2;1;A01
201100024236;0;7;0;0;2;1;1;B01
201100024236;0;7;0;0;2;3;15;A01
201100024237;0;7;0;0;2;8;1;A01
201100024237;0;7;0;0;2;1;15;B02
201100024238;0;7;0;0;0;4;2;B02
201100024238;0;2;0;0;2;1;2;A01
201100024239;0;7;0;0;2;7;23;C03
201100024239;0;7;0;0;2;1;15;B02
201100024239;0;7;0;0;2;3;1;A01
201100024240;0;7;0;0;0;8;15;A01
201100024240;0;33;0;0;2;1;17;B02
201100024241;0;2;0;0;2;1;13;A01
201100024241;0;7;0;0;2;3;1;B02
201100024242;0;7;0;6;0;3;1;A01
201100024243;0;7;0;1;2;3;14;A01
201100024244;0;33;0;0;6;1;21;A01
201100024245;0;7;0;13;0;2;1;A01
201100024246;0;7;0;0;2;2;1;B02
201100024246;0;7;0;0;2;1;1;A01
201100024247;0;7;0;0;2;6;19;A01
201100024247;0;31;0;0;2;1;1;B02
201100024248;0;7;0;13;0;2;1;A01
201100024249;0;21;0;0;2;1;1;B02
201100024249;0;33;0;0;2;1;13;A01
201100024250;0;7;0;0;2;7;13;A01
201100024250;0;7;0;0;2;1;1;B02
201100024251;0;10;0;0;2;3;1;C03
201100024251;0;7;0;0;2;9;13;A01
201100024251;0;7;0;0;2;6;15;B02
201100024252;0;7;0;0;2;0;1;B02
201100024252;0;10;0;0;2;2;1;A01
201100024253;0;7;0;2;0;1;1;A01
201100024254;0;33;0;0;6;1;1;A01
201100024255;0;7;0;1;5;1;1;A01
201100024256;0;7;0;13;0;3;0;A01
201100024257;0;7;0;0;2;1;13;A01
201100024257;0;7;0;0;2;1;1;B02
201100024258;0;30;0;0;2;1;13;A01
201100024258;0;7;0;0;2;3;1;B02
201100024259;0;7;0;0;1;2;1;A01
201100024260;0;21;0;0;0;0;1;A01
201100024261;0;1;0;0;2;8;19;A01
201100024261;0;7;0;0;2;1;1;B02
201100024262;0;7;0;0;1;3;1;A01
201100024263;0;7;0;0;2;3;13;A01
201100024263;0;10;0;0;2;3;1;B02
201100024263;0;7;0;0;2;1;1;C03
201100024264;0;7;0;0;1;7;1;A01
201100024265;0;33;0;0;2;1;17;A01
201100024265;0;7;0;0;0;6;0;B02
201100024266;0;7;0;0;2;7;15;A01
201100024266;0;33;0;0;2;1;1;B02
201100024267;0;21;0;16;0;0;14;A01
201100024268;0;7;0;13;0;2;1;A01
201100024269;0;7;0;0;5;1;1;A01
201100024270;0;7;0;0;2;8;15;B02
201100024270;0;33;0;0;2;1;17;A01
201100024271;0;7;0;0;0;3;20;B02
201100024271;0;33;0;0;2;8;1;A01
201100024272;0;7;0;0;2;1;19;B02
201100024272;0;7;0;0;2;8;23;C03
201100024272;0;2;0;0;2;7;1;A01
201100024273;0;7;0;1;0;1;1;A01
201100024274;0;17;0;0;2;3;1;B02
201100024274;0;7;0;0;2;3;1;A01
201100024275;0;7;0;0;2;1;13;A01
201100024275;0;7;0;0;2;3;1;B02
201100024276;0;3;0;0;2;1;15;A01
201100024277;0;10;0;0;2;3;15;B02
201100024277;0;7;0;0;2;3;1;A01
201100024278;0;7;0;0;1;2;1;A01
201100024279;0;33;0;0;2;1;1;B02
201100024279;0;21;0;0;2;3;15;A01
201100024280;0;7;0;0;2;3;1;B02
201100024280;0;2;0;0;2;3;13;A01
201100024281;0;7;0;13;0;9;1;A01
201100024282;0;7;0;0;1;2;1;A01
201100024283;0;7;0;0;2;3;1;B02
201100024283;0;2;0;0;2;1;15;A01
201100024284;0;31;0;0;2;1;1;B02
201100024284;0;7;0;0;2;3;17;A01
201100024285;0;7;0;16;0;0;1;A01
201100024286;0;7;0;2;0;1;1;A01
201100024287;0;1;0;14;0;1;1;A01
201100024288;0;7;0;13;0;2;1;A01
201100024289;0;7;0;0;2;3;1;A01
201100024289;0;7;0;0;2;3;13;B02
201100024290;0;7;0;13;0;9;13;A01
201100024291;0;7;0;0;0;2;17;A01
201100024291;0;30;0;0;0;8;15;B02
201100024292;0;1;0;0;0;6;2;B02
201100024292;1;7;0;0;2;2;2;A01
201100024293;0;7;0;0;0;1;8;B02
201100024293;0;7;0;0;0;4;2;C03
201100024293;0;33;0;0;2;1;2;A01
201100024294;0;30;0;0;2;3;1;A01
201100024294;0;30;0;0;2;3;1;B02
201100024295;0;31;0;2;0;1;1;A01
201100024296;0;30;0;0;2;3;1;B02
201100024296;0;7;0;0;2;3;17;A01
201100024297;0;7;0;0;2;1;0;B02
201100024297;0;7;0;0;2;7;0;A01
201100024298;0;31;0;0;2;1;1;B02
201100024298;0;7;0;0;2;7;0;A01
201100024299;0;7;0;6;0;3;13;A01
201100024300;0;7;0;0;2;8;19;B02
201100024300;0;7;0;0;2;1;1;A01
201100024301;0;7;0;0;2;3;1;A01
201100024301;0;7;0;0;2;3;1;B02
201100024302;0;7;0;6;0;2;1;A01
201100024303;0;7;0;0;2;1;13;A01
201100024303;0;7;0;0;2;1;1;B02
201100024304;0;7;0;8;0;3;0;A01
201100024305;0;7;0;0;2;3;16;A01
201100024305;0;7;0;0;2;3;15;B02
201100024306;0;10;0;0;2;8;1;A01
201100024306;0;10;0;0;2;1;19;B02
201100024307;0;7;0;0;0;0;1;A01
201100024308;0;33;0;0;2;1;1;B02
201100024308;0;7;0;0;2;7;15;A01
201100024309;0;7;0;8;2;1;1;A01
201100024309;0;7;0;0;2;4;23;B02
201100024309;0;7;0;0;0;4;23;C03
201100024310;0;1;0;0;2;1;1;B02
201100024310;0;7;0;0;2;1;1;A01
201100024311;0;14;0;0;2;2;1;B02
201100024311;0;10;0;0;2;2;13;A01
201100024312;0;7;0;0;1;2;1;A01
201100024313;0;7;0;11;0;1;1;A01
201100024314;0;7;0;2;0;1;14;A01
201100024315;0;7;0;0;2;3;13;A01
201100024315;0;10;0;0;2;3;1;B02
201100024316;0;30;0;0;2;8;21;A01
201100024316;0;7;0;0;2;8;21;B02
201100024317;0;7;0;0;2;1;1;B02
201100024317;0;7;0;0;2;5;19;A01
201100024318;1;7;0;0;1;3;2;A01
201100024319;0;17;0;0;0;0;1;A01
201100024320;0;15;0;0;2;3;1;B02
201100024320;0;7;0;0;2;3;13;A01
201100024321;0;7;0;0;1;6;4;A01
201100024322;0;7;0;13;0;2;14;A01
201100024323;0;7;0;0;2;1;0;A01
201100024323;0;10;0;0;2;1;0;B02
201100024324;0;17;0;3;0;4;1;A01
201100024324;0;7;0;14;0;1;1;B02
201100024325;0;2;0;0;2;1;15;A01
201100024325;0;7;0;0;2;6;15;B02
201100024326;0;33;0;0;2;8;1;B02
201100024326;0;7;0;0;2;1;19;A01
201100024327;0;7;0;13;0;9;1;A01
201100024328;0;7;0;13;0;1;1;A01
201100024329;0;7;0;0;2;3;13;A01
201100024329;0;7;0;0;2;3;21;B02
201100024330;0;7;0;0;2;2;1;A01
201100024330;0;7;0;0;2;1;19;B02
201100024331;0;10;0;0;2;2;13;B02
201100024331;0;7;0;0;2;1;1;A01
201100024332;0;7;0;0;1;3;1;A01
201100024333;0;7;0;0;2;1;1;A01
201100024333;0;3;0;0;2;2;15;B02
201100024334;0;7;0;8;0;9;1;A01
201100024335;0;7;0;0;2;3;1;B02
201100024335;0;7;0;0;2;3;13;A01
201100024336;0;7;0;0;2;3;1;B02
201100024336;0;10;0;0;2;2;1;A01
201100024337;0;20;0;6;0;2;1;A01
201100024338;0;2;0;0;1;1;2;A01
201100024339;0;30;0;0;2;3;15;A01
201100024339;0;7;0;0;2;2;2;B02
201100024340;0;7;0;0;0;7;15;A01
201100024340;0;33;0;0;2;1;1;B02
201100024341;0;32;0;13;0;0;1;A01
201100024342;0;31;0;0;2;3;1;B02
201100024342;0;7;0;0;2;3;15;A01
201100024343;0;32;0;12;0;9;17;A01
201100024344;0;7;0;0;2;1;1;A01
201100024344;0;7;0;0;2;4;1;B02
201100024345;0;7;0;0;2;1;1;A01
201100024345;0;7;0;0;2;1;5;B02
201100024345;0;7;0;0;2;1;1;C03
201100024346;0;7;0;0;1;1;1;A01
201100024347;0;1;0;0;2;8;1;B02
201100024348;0;7;0;13;0;9;13;A01
201100024349;0;7;0;0;2;3;13;A01
201100024349;0;7;0;0;2;3;1;C03
201100024349;0;14;0;0;2;3;1;B02
201100024350;0;7;0;0;1;2;1;A01
201100024351;0;30;0;0;2;1;19;A01
201100024351;0;7;0;0;2;8;1;B02
201100024352;0;7;0;0;2;3;1;A01
201100024352;0;7;0;0;2;3;1;B01
201100024353;0;7;0;0;1;0;15;A01
201100024354;0;33;0;0;2;4;2;B01
201100024354;2;7;0;0;2;1;2;A01
201100024355;0;7;0;0;2;2;15;A01
201100024355;0;31;0;0;2;1;1;B01
201100024356;0;99;0;0;1;8;1;A01
201100024357;0;7;0;0;2;3;1;B01
201100024357;0;7;0;0;2;1;11;A01
201100024358;0;7;0;0;1;1;0;A01
201100024359;0;7;0;0;1;0;4;A01
201100024360;0;10;0;0;9;8;0;A01
201100024360;0;2;0;0;2;1;1;B01
201100024361;0;33;0;0;2;1;2;A01
201100024361;0;7;0;0;2;8;15;B01
201100024362;0;7;0;0;1;1;1;A01
201100024363;0;7;0;0;2;3;1;A01
201100024363;0;33;0;0;2;1;1;B02
201100024364;0;3;0;0;2;1;1;B02
201100024364;0;7;0;0;2;8;15;A01
201100024365;0;7;0;0;2;1;1;A01
201100024365;0;7;0;0;2;1;1;B02
201100024366;0;7;0;0;2;2;15;A01
201100024366;0;33;0;0;2;1;1;B02
201100024367;0;7;0;15;0;6;1;A01
201100024368;0;7;0;11;0;8;1;A01
201100024369;0;7;0;0;2;1;19;A01
201100024369;0;10;0;0;2;2;1;B01
201100024370;0;7;0;2;0;7;13;A01
201100024371;0;17;0;0;2;8;10;A01
201100024371;0;7;0;0;2;1;1;B02
201100024372;0;7;0;0;2;3;13;A01
201100024372;0;14;0;3;2;1;1;B02
201100024373;0;7;0;7;0;8;1;A01
201100024374;0;30;0;0;2;1;1;B02
201100024374;0;7;0;0;2;3;1;A01
201100024375;0;7;0;0;0;8;24;A01
201100024375;0;1;0;1;0;1;13;B02
201100024376;0;7;0;0;2;1;5;A01
201100024376;0;7;0;0;2;1;1;B02
201100024377;0;7;0;0;2;3;13;A01
201100024377;0;7;0;0;2;3;1;B02
201100024377;0;7;0;0;2;2;1;C03
201100024377;0;7;0;14;0;1;1;D04
201100024378;0;7;0;0;2;7;1;A01
201100024378;0;10;0;0;2;3;1;B01
201100024379;0;33;0;0;2;1;19;A01
201100024379;0;2;0;0;2;1;1;B01
201100024380;0;7;0;6;0;1;1;A01
201100024381;0;7;0;0;1;2;21;A01
201100024382;0;7;0;0;2;1;0;B01
201100024382;0;33;0;0;2;1;1;A01
201100024383;0;10;0;0;2;1;16;A01
201100024383;0;33;0;0;2;1;1;B01
201100024384;0;33;0;0;2;2;17;A01
201100024384;0;7;0;0;2;3;15;B01
201100024385;0;7;0;0;2;6;10;A01
201100024385;0;33;0;0;2;1;1;B01
201100024386;0;33;0;15;0;1;1;A01
201100024387;0;37;0;0;2;3;15;A01
201100024387;0;10;0;0;2;3;1;B01
201100024388;0;2;0;0;2;5;1;A01
201100024388;0;7;0;0;0;5;1;B01
201100024389;0;7;0;0;1;3;0;A01
201100024390;0;33;0;0;2;7;0;B01
201100024390;0;7;0;0;2;3;1;A01
201100024391;0;33;0;0;2;1;1;B01
201100024391;0;7;0;0;2;7;15;A01
201100024392;0;7;0;2;0;8;1;A01
201100024393;0;7;0;1;0;1;1;A01
201100024393;0;7;0;1;2;4;24;B01
201100024394;0;33;0;6;0;0;1;A01
201100024394;0;7;0;0;0;0;1;B01
201100024395;0;7;0;0;1;4;20;A01
201100024396;0;7;0;0;2;4;15;B01
201100024396;0;7;0;0;2;4;1;C01
201100024396;0;7;0;0;2;1;1;A01
201100024397;0;7;0;0;1;1;1;A01
201100024398;0;7;0;0;1;3;1;A01
201100024399;0;7;0;0;1;0;24;A01
201100024400;0;31;0;0;2;1;1;B01
201100024400;0;38;1;0;2;3;15;A01
201100024401;0;7;0;0;2;2;15;A01
201100024401;0;33;0;0;2;2;1;B01
201100024402;0;1;0;0;2;1;15;A01
201100024402;0;1;0;0;2;1;15;B01
201100024403;0;2;0;9;0;1;17;A01
201100024404;0;1;0;0;2;8;2;B01
201100024404;0;7;0;0;9;2;2;A01
201100024405;0;7;0;0;2;1;1;B01
201100024405;0;7;0;2;2;2;13;A01
201100024406;0;7;0;6;0;3;0;A01
201100024407;0;7;0;0;2;2;15;B01
201100024407;0;7;0;0;2;7;15;A01
201100024408;0;7;0;0;2;8;1;B01
201100024408;0;2;0;0;2;1;9;A01
201100024409;0;2;0;1;0;0;21;A01
201100024410;0;7;0;0;1;5;0;A01
201100024411;0;1;0;0;2;1;19;B01
201100024411;0;7;0;0;2;2;15;A01
201100024412;0;7;0;0;1;2;1;A01
201100024413;0;7;0;0;2;1;17;A01
201100024413;0;7;0;0;2;1;17;B01
201100024413;0;7;0;0;2;1;21;C01
201100024414;0;7;0;0;2;3;6;A01
201100024414;0;2;0;0;2;1;17;B01
201100024415;0;10;0;0;1;2;0;A01
201100024416;0;10;0;0;2;4;2;B01
201100024416;0;10;0;0;2;1;2;A01
201100024417;0;38;1;0;1;2;8;A01
201100024418;0;7;0;0;2;1;2;B01
201100024418;0;7;0;0;2;4;9;A01
201100024419;0;1;0;0;2;1;1;B01
201100024419;0;7;0;0;2;2;9;A01
201100024420;0;7;0;16;0;0;21;A01
201100024421;0;33;0;0;0;0;2;A01
201100024422;0;7;0;0;1;4;4;A01
201100024423;0;7;0;0;2;3;1;A01
201100024423;1;7;0;0;2;1;0;B01
201100024424;0;7;0;0;2;2;2;A01
201100024424;0;2;0;0;2;1;2;B01
201100024425;0;10;0;0;2;1;2;A01
201100024425;0;7;0;0;2;4;2;B01
201100024425;0;7;0;0;2;4;2;C01
201100024426;0;7;0;0;2;3;2;B01
201100024426;0;33;0;0;2;8;2;A01
201100024427;0;33;0;0;0;1;1;B01
201100024427;0;7;0;0;2;0;9;A01
201100024428;0;32;0;0;2;7;17;B01
201100024428;0;7;0;0;2;3;15;A01
201100024429;0;30;0;0;2;1;2;A01
201100024429;0;30;0;0;2;4;2;B01
201100024430;0;15;0;0;2;2;2;B01
201100024430;0;7;0;0;2;6;9;A01
201100024431;0;7;0;0;2;3;1;B01
201100024431;0;30;0;0;2;1;9;A01
201100024432;0;33;0;0;2;1;2;A01
201100024432;0;7;0;0;0;4;16;B01
201100024433;0;38;5;0;2;2;21;B01
201100024433;0;7;0;0;2;3;9;A01
201100024434;0;7;0;0;2;1;2;B01
201100024434;0;7;0;0;2;1;2;A01
201100024435;0;31;0;0;2;1;17;A01
201100024435;0;7;0;0;2;3;15;B01
201100024436;0;7;0;0;1;2;1;A01
201100024437;0;7;0;1;0;1;0;A01
201100024438;0;7;0;0;2;4;1;B01
201100024438;0;7;0;0;2;1;1;A01
201100024439;0;33;0;0;0;0;1;A01
201100024440;0;2;0;0;0;0;1;A01
201100024441;0;7;0;0;2;3;1;B01
201100024441;0;7;0;1;2;2;0;A01
201100024442;0;13;0;4;0;3;2;A01
201100024443;0;10;0;0;2;1;1;B01
201100024443;0;30;0;0;2;0;16;A01
201100024444;0;7;0;0;1;1;1;A01
201100024445;0;7;0;0;0;0;19;C01
201100024445;0;7;0;0;2;1;1;B01
201100024445;0;7;0;0;2;1;5;A01
201100024446;0;37;15;0;2;2;1;A01
201100024446;0;1;0;0;2;1;19;B01
201100024447;0;7;0;0;2;6;2;A01
201100024447;0;7;0;0;2;1;2;B01
201100024448;0;7;0;0;2;3;0;A01
201100024448;0;1;0;0;2;1;1;B01
201100024449;0;7;0;0;9;1;15;A01
201100024449;0;32;0;0;2;1;1;B01
201100024450;0;7;0;0;1;1;2;B01
201100024450;0;7;0;0;2;1;2;A01
201100024451;0;7;0;0;2;5;12;A01
201100024451;0;31;0;0;2;3;1;B01
201100024452;0;7;0;5;0;0;0;A01
201100024453;0;7;0;2;2;1;0;A01
201100024453;0;7;0;0;2;8;0;B01
201100024454;0;7;0;0;2;1;1;B01
201100024454;0;7;0;0;2;1;1;A01
201100024455;0;7;0;0;2;2;19;A01
201100024455;0;1;0;0;2;1;19;B01
201100024456;0;31;0;0;0;8;2;A01
201100024457;0;33;0;0;2;1;1;B01
201100024457;0;7;0;0;2;5;4;A01
201100024458;0;30;0;0;2;6;1;A01
201100024458;0;7;0;0;2;3;1;B01
201100024459;0;7;0;0;1;1;1;A01
201100024460;0;7;0;0;2;6;2;B01
201100024460;0;1;0;0;2;1;2;A01
201100024461;0;7;0;0;0;3;1;B01
201100024461;0;7;0;0;2;1;9;A01
201100024462;0;1;0;0;2;0;0;A01
201100024462;0;7;0;0;2;1;1;B01
201100024463;0;7;0;0;1;0;1;A01
201100024464;0;7;0;16;0;0;1;A01
201100024465;0;7;0;0;1;4;4;A01
201100024466;0;30;0;0;1;0;17;A01
201100024467;0;7;0;0;1;2;1;A01
201100024468;0;33;0;0;0;0;3;B01
201100024468;1;7;0;0;0;0;1;A01
201100024469;0;7;0;0;2;1;1;B01
201100024469;0;7;0;0;2;1;21;A01
201100024470;0;7;0;0;1;1;1;A01
201100024471;0;33;0;0;2;1;17;A01
201100024471;0;33;0;0;2;1;2;B01
201100024472;0;7;0;0;2;7;0;A01
201100024472;0;7;0;0;2;8;0;B01
201100024473;0;7;0;0;2;2;1;B01
201100024473;0;2;0;0;2;8;9;A01
201100024474;0;34;0;0;1;2;2;A01
201100024475;0;7;0;0;9;1;10;A01
201100024475;0;33;0;0;2;1;2;B01
201100024476;0;7;0;0;2;1;1;B01
201100024476;0;7;0;0;2;7;19;A01
201100024477;0;7;0;3;0;1;1;A01
201100024478;0;30;0;11;0;0;1;A01
201100024479;0;7;0;0;1;3;1;A01
201100024480;0;7;0;0;2;1;2;A01
201100024480;0;7;0;0;2;2;1;B01
201100024481;0;7;0;0;1;1;17;A01
201100024482;0;7;0;0;2;1;15;A01
201100024482;0;7;0;0;2;8;1;B01
201100024483;0;7;0;0;2;0;19;A01
201100024483;0;31;0;0;2;0;1;B01
201100024484;0;7;0;0;2;2;0;A01
201100024484;0;7;0;0;2;8;1;B01
201100024485;0;7;0;0;2;2;13;A01
201100024485;0;7;0;0;2;3;1;B01
201100024486;0;14;0;0;2;7;1;C01
201100024486;0;7;0;0;2;3;13;A01
201100024486;0;30;0;0;2;7;1;B01
201100024487;0;7;0;0;1;4;1;B01
201100024487;0;7;0;0;2;1;2;A01
201100024488;0;7;0;0;2;3;1;B01
201100024488;0;7;0;0;2;2;15;A01
201100024489;0;7;0;0;2;0;0;B01
201100024489;0;7;0;0;2;2;1;A01
201100024490;0;7;0;0;1;1;2;A01
201100024491;0;7;0;0;2;4;2;B01
201100024491;0;1;0;0;2;1;2;A01
201100024492;0;7;0;0;2;4;2;B01
201100024492;0;33;0;0;2;1;2;A01
201100024493;0;34;0;0;2;1;1;B01
201100024493;0;7;0;0;2;2;1;A01
201100024494;0;7;0;0;2;1;15;A01
201100024494;0;33;0;0;2;0;0;B01
201100024495;0;7;0;0;2;1;9;A01
201100024495;0;33;0;0;2;8;1;B01
201100024496;0;7;0;11;2;9;1;A01
201100024496;0;7;0;0;2;1;1;B01
201100024497;0;32;0;0;2;7;0;A01
201100024497;0;7;0;0;2;3;0;B01
201100024498;0;7;0;0;2;3;13;A01
201100024498;0;7;0;0;2;3;1;B01
201100024499;0;17;0;0;0;6;1;B01
201100024499;0;7;0;4;2;2;17;A01
201100024500;0;10;0;0;2;4;1;C01
201100024500;0;7;0;0;2;4;1;B01
201100024500;0;10;0;0;2;1;1;A01
201100024500;0;7;0;0;2;4;1;D01
201100024501;0;7;0;0;1;1;0;A01
201100024502;0;7;0;0;2;1;1;B01
201100024502;0;7;0;0;2;1;17;A01
201100024503;0;7;0;0;2;1;2;A01
201100024503;0;7;0;0;2;4;15;B01
201100024504;0;7;0;0;0;9;11;A01
201100024505;0;7;0;0;2;7;1;B01
201100024505;0;7;0;0;2;1;1;A01
201100024506;2;7;0;0;2;1;13;A01
201100024506;0;7;0;0;2;1;1;B01
201100024507;0;1;0;0;2;1;1;A01
201100024507;0;7;0;0;2;7;1;B01
201100024508;0;7;0;0;1;4;4;A01
201100024509;1;3;0;0;9;3;0;A01
201100024509;0;1;0;0;2;1;0;B01
201100024510;0;7;0;0;0;4;1;C01
201100024510;0;7;0;0;2;1;1;A01
201100024510;0;10;0;0;1;4;1;B01
201100024511;0;7;0;0;1;2;1;A01
201100024512;0;7;0;0;1;0;1;A01
201100024513;0;7;0;0;2;1;1;A01
201100024513;0;7;0;0;2;3;1;B01
201100024514;0;31;0;1;0;1;1;A01
201100024515;0;7;0;0;2;2;16;B01
201100024515;0;30;0;0;2;3;3;A01
201100024516;0;7;0;0;2;7;1;B01
201100024516;0;33;0;0;2;5;11;A01
201100024517;0;30;0;0;2;0;0;A01
201100024517;0;7;0;0;2;0;0;B01
201100024518;0;7;0;0;2;7;1;A01
201100024518;0;7;0;0;2;1;9;B01
201100024519;0;7;0;0;2;3;1;B01
201100024519;0;2;0;0;2;6;17;A01
201100024519;0;7;0;0;2;6;1;C01
201100024520;0;2;0;0;0;0;1;A01
201100024521;0;7;0;0;1;0;0;A01
201100024522;0;7;0;0;2;1;9;A01
201100024522;0;1;0;0;2;0;1;B01
201100024523;0;1;0;0;2;5;1;B01
201100024523;0;7;0;0;2;4;4;A01
201100024524;0;7;0;0;2;1;2;A01
201100024524;0;7;0;0;0;4;1;B01
201100024525;0;7;0;2;0;1;0;A01
201100024526;0;7;0;0;1;3;0;A01
201100024527;0;7;0;0;1;2;1;A01
201100024528;0;7;0;0;0;7;1;B01
201100024528;0;30;0;0;2;8;11;A01
201100024529;0;7;0;0;2;1;19;A01
201100024529;0;7;0;0;2;1;1;B01
201100024530;0;7;0;0;2;2;16;A01
201100024530;0;1;0;0;2;8;1;B01
201100024531;0;7;0;0;2;8;1;B01
201100024531;0;7;0;0;2;0;11;A01
201100024532;0;38;1;0;2;1;2;B01
201100024532;0;7;0;0;2;4;2;A01
201100024533;0;7;0;0;0;4;2;B01
201100024533;0;7;0;0;2;1;2;A01
201100024534;0;7;0;0;1;0;4;A01
201100024535;0;7;0;0;2;3;9;A01
201100024535;0;7;0;0;0;7;1;B01
201100024536;0;34;0;0;2;1;9;A01
201100024536;0;2;0;0;2;1;17;B01
201100024537;0;7;0;6;0;8;16;A01
201100024538;0;2;0;15;0;1;0;A01
201100024539;0;1;0;0;2;0;0;A01
201100024539;0;1;0;0;2;0;0;B01
201100024540;0;7;0;0;1;1;0;A01
201100024541;0;7;0;0;2;1;2;A01
201100024541;0;7;0;0;2;4;2;B01
201100024541;0;7;0;0;2;4;2;C01
201100024542;0;7;0;0;2;4;1;B01
201100024542;0;7;0;0;2;1;1;A01
201100024543;0;7;0;0;1;4;4;A01
201100024544;0;30;0;0;1;1;0;A01
201100024545;1;7;0;0;0;0;0;D01
201100024545;0;7;0;0;2;1;1;A01
201100024545;0;7;0;0;2;1;1;B01
201100024545;0;10;0;0;2;1;1;C01
201100024546;0;33;0;0;0;7;1;B01
201100024546;0;7;0;0;0;0;12;A01
201100024547;0;7;0;0;2;2;1;B01
201100024547;0;7;0;0;2;1;1;A01
201100024548;0;10;0;0;1;1;1;A01
201100024549;0;7;0;0;1;3;1;A01
201100024550;0;7;0;0;1;0;1;A01
201100024551;0;1;0;0;1;1;1;A01
201100024552;0;1;0;0;2;1;0;B01
201100024552;0;7;0;0;2;3;1;A01
201100024553;0;7;0;12;0;3;1;A01
201100024554;0;7;0;0;1;1;1;A01
201100024555;0;7;0;12;0;0;0;A01
201100024556;0;7;0;0;2;1;9;A01
201100024556;0;1;0;0;2;7;1;B01
201100024557;0;33;0;0;2;1;1;B01
201100024557;0;7;0;0;2;8;1;A01
201100024558;0;2;0;0;2;1;1;A01
201100024558;0;7;0;0;2;8;9;B01
201100024559;0;7;0;0;2;0;3;A01
201100024559;0;7;0;0;0;7;23;B01
201100024559;0;33;0;0;0;7;23;C01
201100024560;0;30;0;0;0;0;0;A01
201100024561;0;7;0;0;1;1;1;A01
201100024562;0;7;0;0;2;4;2;B01
201100024562;0;7;0;0;2;1;2;A01
201100024563;0;7;0;0;0;2;1;A01
201100024564;0;7;0;0;2;1;1;A01
201100024564;0;7;0;0;2;1;1;B01
201100024565;0;2;0;0;2;8;21;B01
201100024565;0;7;0;0;2;1;1;A01
201100024566;0;7;0;0;2;1;1;C01
201100024566;0;7;0;0;2;1;1;A01
201100024566;0;7;0;0;2;4;1;B01
201100024566;0;7;0;0;2;4;1;D01
201100024567;0;7;0;0;2;1;1;A01
201100024567;0;7;0;0;2;4;16;B01
201100024568;0;7;0;0;2;6;9;A01
201100024568;0;33;0;0;2;1;1;B01
201100024569;0;7;0;4;0;1;1;A01
201100024570;0;7;0;13;0;0;0;A01
201100024571;0;7;0;0;2;6;1;B01
201100024571;0;2;0;0;2;1;1;A01
201100024572;0;7;0;0;2;2;17;A01
201100024572;0;1;0;0;2;1;2;B01
201100024573;0;7;0;0;1;1;1;A01
201100024574;0;7;0;0;2;2;0;A01
201100024574;0;1;0;0;2;5;0;B01
201100024575;0;30;0;8;0;2;0;A01
201100024576;1;33;0;0;1;0;0;A01
201100024577;0;7;0;0;2;1;2;A01
201100024577;0;7;0;0;2;4;23;B01
201100024578;0;7;0;0;1;0;0;A01
201100024579;0;7;0;1;0;0;0;A01
201100024580;0;31;0;7;0;1;0;A01
201100024581;0;7;0;0;1;1;1;A01
201100024582;0;7;0;4;0;1;0;A01
201100024583;0;30;0;0;2;1;1;B01
201100024583;0;7;0;0;2;8;19;A01
201100024584;0;7;0;0;2;7;16;A01
201100024584;0;7;0;0;2;1;1;B01
201100024585;0;7;0;0;1;7;9;A01
201100024586;0;7;0;0;1;2;1;A01
201100024587;0;7;0;0;1;1;0;A01
201100024588;0;7;0;0;1;2;1;A01
201100024589;0;7;0;0;2;4;2;B01
201100024589;0;7;0;0;2;1;2;A01
201100024590;0;7;0;0;1;0;7;A01
201100024591;0;7;0;15;0;1;0;A01
201100024592;0;30;0;0;2;1;9;A01
201100024592;0;7;0;0;2;2;0;B01
201100024593;0;7;0;0;1;8;1;A01
201100024594;0;7;0;0;1;3;1;A01
201100024595;0;7;0;0;1;3;1;A01
201100024596;0;7;0;0;2;1;1;B01