num_acc;senc;catv;occutc;obs;obsm;choc;manv;num_veh
201100024596;0;99;0;0;2;1;11;A01
201100024597;0;7;0;0;2;8;1;B01
201100024597;0;7;0;0;2;1;10;A01
201100024598;0;7;0;0;2;7;16;A01
201100024598;0;30;0;0;2;3;1;B01
201100024599;0;7;0;1;0;7;15;B01
201100024599;0;7;0;1;2;1;1;A01
201100024600;0;31;0;0;1;7;0;A01
201100024601;0;2;0;0;2;1;13;A01
201100024601;0;7;0;0;2;3;21;B01
201100024602;0;7;0;2;0;1;0;A01
201100024603;0;7;0;8;0;1;1;A01
201100024604;0;7;0;6;0;2;1;A01
201100024605;0;7;0;0;2;8;16;A01
201100024605;0;33;0;0;2;7;1;B01
201100024606;0;7;0;15;0;7;1;A01
201100024607;0;37;1;0;1;0;1;A01
201100024608;0;33;0;0;1;2;1;A01
201100024609;0;7;0;0;1;3;1;A01
201100024610;0;33;0;0;2;1;2;B01
201100024610;0;10;0;0;2;7;15;A01
201100024611;1;30;0;0;1;0;1;Z01
201100024612;0;7;0;9;0;8;2;A01
201100024613;0;33;0;0;2;1;1;B01
201100024613;0;7;0;0;2;5;15;A01
201100024614;1;31;0;0;2;1;5;A01
201100024614;0;10;0;0;2;1;1;B01
201100024615;0;1;0;0;2;8;16;A01
201100024615;0;7;0;0;2;1;1;B01
201100024616;0;7;0;1;0;6;1;A01
201100024617;0;7;0;8;2;1;16;B01
201100024617;0;7;0;0;2;1;15;A01
201100024617;0;7;0;0;2;1;23;C01
201100024618;0;7;0;0;1;8;1;A01
201100024619;0;7;0;0;1;3;1;A01
201100024620;0;32;0;0;2;8;1;A01
201100024620;0;37;1;0;2;3;1;B01
201100024621;0;2;0;0;2;3;15;A01
201100024621;0;7;0;0;2;8;1;B01
201100024622;0;7;0;15;0;0;1;A01
201100024623;0;37;10;0;1;2;1;A01
201100024624;0;7;0;0;9;7;16;A01
201100024624;0;1;0;0;2;1;1;B01
201100024625;0;2;0;0;0;1;1;B01
201100024625;0;7;0;0;2;3;15;A01
201100024626;0;30;0;14;0;1;1;A01
201100024627;0;7;0;0;1;1;1;A01
201100024628;0;7;0;0;1;2;1;A01
201100024629;0;7;0;0;1;1;1;A01
201100024630;0;7;0;0;0;1;1;A01
201100024631;0;7;0;0;2;3;1;B01
201100024631;0;7;0;0;2;3;13;A01
201100024632;0;2;0;0;2;1;0;B01
201100024632;0;7;0;0;2;3;9;A01
201100024633;0;31;0;0;2;1;17;A01
201100024633;0;7;0;0;2;6;15;B01
201100024634;0;7;0;13;0;3;13;A01
201100024635;0;7;0;8;0;2;1;A01
201100024636;1;2;0;0;2;0;17;A01
201100024636;0;7;0;0;2;8;15;B01
201100024637;0;1;0;0;0;8;15;A01
201100024637;0;7;0;0;0;2;1;B01
201100024638;0;33;0;13;0;9;1;A01
201100024639;0;7;0;0;0;8;15;A01
201100024640;0;17;0;0;2;3;1;B01
201100024640;0;7;0;0;2;3;1;A01
201100024641;0;7;0;0;0;9;2;A01
201100024642;0;1;0;0;2;1;1;B01
201100024642;0;7;0;0;2;2;9;A01
201100024643;0;7;0;9;0;2;1;A01
201100024644;0;10;0;0;2;2;16;A01
201100024644;0;33;0;0;2;3;18;B01
201100024645;0;7;0;1;1;2;15;A01
201100024646;0;7;0;9;0;1;1;A01
201100024647;0;33;0;0;2;8;1;B01
201100024647;0;7;0;0;2;1;11;A01
201100024648;0;10;0;0;1;3;1;A01
201100024649;0;30;0;0;0;7;1;B01
201100024649;0;7;0;0;0;3;9;A01
201100024650;0;36;0;8;0;2;13;A01
201100024651;1;7;0;0;0;0;9;C01
201100024651;0;7;0;0;9;6;2;B01
201100024651;0;1;0;0;2;1;2;A01
201100024652;0;2;0;15;0;1;1;A01
201100024653;0;30;0;0;2;1;0;B01
201100024653;0;7;0;0;2;2;15;A01
201100024654;0;7;0;0;0;3;16;A01
201100024655;0;7;0;0;2;1;20;A01
201100024655;0;1;0;0;2;7;1;B01
201100024656;0;7;0;0;1;1;19;A01
201100024657;0;7;0;2;0;7;13;A01
201100024658;0;7;0;0;2;8;1;B02
201100024658;0;17;0;0;2;1;1;A01
201100024659;0;99;0;0;0;0;0;A01
201100024659;0;7;0;0;1;3;15;B02
201100024660;0;7;0;0;9;2;1;A01
201100024660;0;1;0;0;2;4;1;B02
201100024661;0;2;0;0;2;1;2;A01
201100024661;0;10;0;0;0;6;23;B02
201100024662;0;7;0;0;0;3;9;A01
201100024662;0;33;0;0;0;1;1;B02
201100024663;0;7;0;0;1;5;0;B01
201100024664;0;7;0;0;2;8;15;B02
201100024664;0;33;0;0;2;1;17;A01
201100024665;0;7;0;0;2;8;0;B02
201100024665;0;30;0;0;2;1;0;A01
201100024666;0;30;0;0;2;1;17;A01
201100024666;0;7;0;0;2;3;0;B02
201100024667;0;30;0;0;0;4;15;A01
201100024667;0;7;0;0;2;2;21;B02
201100024668;0;7;0;0;0;1;13;A01
201100024669;0;33;0;0;2;2;5;A01
201100024669;0;7;0;0;2;7;1;B02
201100024670;0;7;0;13;0;1;21;A01
201100024671;0;7;0;0;2;1;13;A01
201100024671;0;7;0;0;2;1;1;B02
201100024672;0;38;0;0;1;2;1;A01
201100024673;0;7;0;13;0;1;1;A01
201100024674;0;7;0;0;2;1;1;A01
201100024674;0;7;0;0;2;3;1;B02
201100024675;0;7;0;13;0;8;16;A01
201100024676;0;30;0;0;2;7;1;A01
201100024676;0;7;0;0;2;3;16;B02
201100024677;0;7;0;0;2;2;1;A01
201100024677;0;33;0;0;2;1;1;B02
201100024678;0;7;0;0;2;3;1;C03
201100024678;0;2;0;0;2;3;17;A01
201100024678;0;7;0;0;2;8;2;B02
201100024679;0;30;0;0;0;7;1;B02
201100024679;0;7;0;0;2;3;1;A01
201100024680;0;7;0;0;2;6;9;B02
201100024680;0;33;0;0;2;1;18;A01
201100024681;0;31;0;0;0;7;1;A01
201100024682;0;7;0;0;0;2;1;A01
201100024682;0;1;0;0;0;8;1;B02
201100024683;0;7;0;1;0;1;19;A01
201100024684;0;7;0;0;2;1;1;A01
201100024684;0;7;0;0;0;4;1;B02
201100024685;0;33;0;0;0;1;1;A01
201100024685;0;7;0;0;0;8;10;B02
201100024686;0;7;0;0;1;1;1;A01
201100024687;0;7;0;0;1;2;2;A01
201100024688;0;1;0;0;2;8;19;A01
201100024688;0;7;0;0;9;1;1;B02
201100024689;0;7;0;0;2;3;9;A01
201100024689;0;30;0;0;2;1;0;B02
201100024690;0;7;0;0;2;1;5;A01
201100024690;0;10;0;0;2;1;1;B02
201100024691;0;7;0;0;0;6;10;A01
201100024691;0;33;0;0;0;1;17;B02
201100024692;1;7;0;0;1;7;1;A01
201100024693;0;99;0;0;1;1;6;B02
201100024693;0;7;0;0;2;3;1;A01
201100024694;0;34;0;0;2;2;1;B02
201100024694;0;7;0;0;2;2;15;A01
201100024695;0;7;0;0;2;3;15;B02
201100024695;0;33;0;0;2;1;1;A01
201100024696;0;7;0;0;9;3;1;C03
201100024696;0;7;0;0;2;3;1;B02
201100024696;0;33;0;0;2;1;1;A01
201100024697;0;7;0;0;0;2;1;A01
201100024698;0;7;0;0;2;1;1;B02
201100024698;0;33;0;0;2;1;13;A01
201100024699;0;34;0;0;2;9;5;B02
201100024699;0;7;0;0;2;1;1;A01
201100024700;0;7;0;0;2;3;1;B02
201100024700;0;7;0;0;2;3;13;A01
201100024701;0;33;0;0;2;8;16;A01
201100024701;0;7;0;0;2;7;16;B02
201100024702;0;7;0;13;0;1;1;A01
201100024703;0;7;0;6;0;3;1;A01
201100024704;0;7;0;0;2;1;1;B02
201100024704;0;7;0;0;2;1;17;A01
201100024705;0;7;0;0;2;3;17;A01
201100024705;0;30;0;0;2;9;17;B02
201100024706;0;7;0;0;2;6;15;B02
201100024706;0;7;0;1;2;3;2;A01
201100024707;0;33;0;0;2;5;1;B02
201100024707;0;7;0;0;2;2;20;A01
201100024708;0;7;0;0;1;2;1;A01
201100024709;0;32;0;0;2;1;1;B01
201100024709;0;7;0;0;2;2;15;A01
201100024710;0;7;0;0;1;1;1;A01
201100024711;0;7;0;0;2;1;1;A01
201100024711;0;1;0;0;2;9;19;B01
201100024712;0;7;0;0;2;1;1;B01
201100024712;0;7;0;0;2;8;19;A01
201100024713;0;7;0;0;2;3;10;A01
201100024713;0;7;0;0;2;1;1;B01
201100024714;0;7;0;0;2;6;9;B01
201100024714;0;7;0;0;2;1;1;A01
201100024715;0;7;0;0;1;1;1;A01
201100024716;0;7;0;0;0;9;1;A01
201100024717;0;7;0;13;0;1;1;A01
201100024718;0;7;0;0;2;4;1;B01
201100024718;0;32;0;0;2;1;2;A01
201100024719;0;32;0;0;1;1;1;A01
201100024720;0;31;0;0;2;1;2;A01
201100024720;0;7;0;0;2;4;1;B01
201100024721;1;2;0;0;1;1;1;A01
201100024722;0;10;0;0;1;1;9;A01
201100024723;0;7;0;0;2;1;15;B01
201100024723;0;30;0;0;2;3;18;A01
201100024724;1;7;0;0;1;4;4;A01
201100024725;0;7;0;0;1;1;1;A01
201100024726;0;7;0;0;2;8;9;A01
201100024726;0;1;0;0;2;7;1;B01
201100024727;0;1;0;0;0;0;0;B01
201100024727;1;7;0;0;0;0;0;Z01
201100024728;0;30;0;0;2;1;18;A01
201100024728;0;7;0;0;2;7;2;B01
201100024729;1;7;0;0;2;1;1;A01
201100024729;0;7;0;0;2;6;1;B01
201100024730;0;7;0;0;1;1;1;A01
201100024731;0;7;0;0;0;9;1;A01
201100024732;0;7;0;0;2;3;15;A01
201100024732;0;2;0;0;2;1;17;B01
201100024733;0;33;0;0;2;9;1;B01
201100024733;0;7;0;0;0;8;6;A01
201100024734;2;7;0;0;2;1;1;A01
201100024734;0;7;0;0;2;6;1;B01
201100024735;0;30;0;0;2;1;1;A01
201100024735;0;7;0;0;2;8;15;B01
201100024736;0;7;0;15;0;4;23;B01
201100024736;0;7;0;0;2;1;1;A01
201100024737;0;7;0;0;0;0;0;B01
201100024737;0;7;0;1;1;1;1;A01
201100024738;0;7;0;0;2;1;1;B01
201100024738;0;33;0;0;2;8;15;A01
201100024739;0;7;0;0;1;1;1;A01
201100024740;0;7;0;0;1;2;1;A01
201100024741;0;31;0;0;1;1;1;A01
201100024742;0;7;0;0;2;1;0;A01
201100024742;0;7;0;0;2;1;0;B01
201100024743;0;7;0;0;1;1;1;A01
201100024744;0;7;0;0;2;8;9;A01
201100024744;0;1;0;0;2;1;1;B01
201100024745;0;10;0;0;2;8;1;B01
201100024745;0;7;0;0;2;3;13;A01
201100024745;0;7;0;0;2;3;1;C01
201100024746;0;7;0;0;1;1;1;A01
201100024747;0;30;0;0;2;1;1;B01
201100024747;0;7;0;0;2;8;9;A01
201100024748;0;1;0;0;2;7;1;B01
201100024748;0;7;0;0;2;2;9;A01
201100024749;0;7;0;0;2;2;2;A01
201100024749;0;7;0;0;0;6;2;B01
201100024750;1;7;0;0;1;1;1;Z01
201100024751;0;2;0;0;2;1;1;B01
201100024751;0;7;0;0;2;8;9;A01
201100024752;0;7;0;0;0;4;23;B01
201100024752;0;30;0;0;2;1;2;A01
201100024753;0;7;0;0;1;1;15;A01
201100024754;0;7;0;0;2;4;1;B01
201100024754;0;7;0;0;0;4;1;C01
201100024754;0;7;0;0;2;1;2;A01
201100024755;0;7;0;0;2;3;1;A01
201100024755;0;7;0;0;0;4;23;B01
201100024756;0;10;0;0;1;3;1;A01
201100024757;0;7;0;0;2;3;1;B01
201100024757;0;7;0;0;2;2;1;A01
201100024758;0;7;0;0;2;2;1;B01
201100024758;0;7;0;0;2;3;1;A01
201100024759;0;7;0;6;0;1;1;A01
201100024760;0;1;0;0;2;1;1;B01
201100024760;0;10;0;0;2;3;17;A01
201100024761;0;7;0;0;0;6;1;B01
201100024761;0;7;0;0;2;1;1;A01
201100024762;0;7;0;0;2;2;1;B01
201100024762;0;7;0;0;2;3;1;A01
201100024763;0;7;0;0;2;2;10;A01
201100024763;0;7;0;0;2;2;10;B01
201100024764;0;7;0;0;2;3;9;A01
201100024764;0;2;0;0;2;1;1;B01
201100024765;0;31;0;0;2;1;1;A01
201100024765;0;7;0;0;2;6;23;B01
201100024766;0;33;0;0;2;3;18;A01
201100024766;0;7;0;0;2;7;16;B01
201100024767;0;7;0;0;0;5;1;B01
201100024767;0;37;3;0;2;3;1;A01
201100024768;0;2;0;0;2;1;1;B01
201100024768;0;7;0;0;0;3;9;A01
201100024769;0;32;0;12;0;1;1;A01
201100024770;0;7;0;0;2;1;1;A01
201100024770;0;7;0;0;0;4;2;C01
201100024770;0;7;0;0;2;4;2;B01
201100024771;0;31;0;0;0;0;21;B01
201100024771;0;7;0;0;2;0;10;A01
201100024772;0;30;0;0;2;1;1;B01
201100024772;0;7;0;0;2;3;15;A01
201100024773;0;30;0;1;0;1;1;A01
201100024774;0;30;0;0;2;1;1;B01
201100024774;0;7;0;0;2;5;16;A01
201100024775;0;33;0;0;2;1;1;B01
201100024775;0;7;0;0;2;2;19;A01
201100024776;0;7;0;0;1;5;1;A01
201100024777;0;34;0;0;2;1;1;B01
201100024777;0;7;0;0;2;3;9;A01
201100024778;0;30;0;0;2;3;1;B01
201100024778;0;7;0;0;2;2;9;A01
201100024779;0;7;0;0;2;2;17;C01
201100024779;0;1;0;0;2;2;21;B01
201100024779;0;7;0;0;2;3;22;A01
201100024780;0;2;0;0;2;8;9;A01
201100024780;0;7;0;0;2;7;1;B01
201100024781;0;7;0;0;2;1;1;B01
201100024781;0;1;0;0;0;0;9;A01
201100024782;0;30;0;0;2;2;1;B01
201100024782;0;7;0;0;2;3;9;A01
201100024783;0;7;0;8;0;1;14;A01
201100024784;0;7;0;0;1;7;1;A01
201100024785;0;7;0;0;2;8;15;B01
201100024785;0;33;0;0;2;2;17;A01
201100024786;0;7;0;0;2;2;1;B01
201100024786;0;30;0;0;2;1;13;A01
201100024787;0;30;0;0;4;0;1;A01
201100024787;0;39;0;0;2;1;1;B01
201100024788;0;7;0;0;2;3;23;C01
201100024788;0;7;0;0;2;7;1;B01
201100024788;0;7;0;0;2;1;19;A01
201100024789;0;7;0;0;2;8;22;A01
201100024789;0;1;0;0;2;1;1;B01
201100024790;0;30;0;0;2;3;9;A01
201100024790;0;7;0;0;2;3;1;B01
201100024791;1;7;0;0;1;1;13;A01
201100024792;0;7;0;0;2;1;1;A01
201100024792;0;7;0;7;2;2;1;B01
201100024793;0;10;0;0;1;1;15;A01
201100024794;0;7;0;0;2;8;9;A01
201100024794;0;2;0;0;2;2;1;B01
201100024795;0;31;0;0;1;1;1;A01
201100024796;0;7;0;0;2;1;1;B01
201100024796;0;7;0;0;2;1;15;A01
201100024797;0;30;0;0;2;1;1;A01
201100024797;0;7;0;0;0;6;23;B01
201100024798;0;2;0;0;0;7;1;B01
201100024798;0;7;0;0;2;3;9;A01
201100024799;1;30;0;0;2;1;13;A01
201100024799;0;7;0;0;2;8;13;B01
201100024800;0;30;0;0;2;2;17;A01
201100024800;0;7;0;0;0;8;15;B01
201100024801;0;7;0;0;2;2;15;A01
201100024801;0;31;0;0;2;1;1;B01
201100024802;0;7;0;0;2;7;17;B01
201100024802;0;2;0;0;2;6;11;A01
201100024803;0;7;0;0;0;4;23;B01
201100024803;0;7;0;0;2;1;1;A01
201100024804;0;7;0;0;2;1;9;A01
201100024804;0;1;0;0;2;7;1;B01
201100024805;0;7;0;0;2;1;13;A01
201100024805;0;7;0;0;2;1;1;B01
201100024806;0;7;0;0;2;3;9;A01
201100024806;0;1;0;0;2;1;1;B01
201100024807;0;7;0;0;1;7;1;A01
201100024807;0;1;0;0;2;7;5;B01
201100024808;0;10;0;0;2;4;23;A01
201100024808;0;1;0;0;2;2;1;B01
201100024809;0;7;0;0;2;4;23;B01
201100024809;0;7;0;0;2;1;1;A01
201100024810;0;2;0;0;2;1;17;B01
201100024810;0;7;0;0;2;1;9;A01
201100024811;0;1;0;0;2;2;9;A01
201100024811;0;7;0;0;2;2;16;B01
201100024812;0;7;0;0;1;1;1;A01
201100024813;0;7;0;0;2;3;15;A01
201100024813;0;1;0;0;2;1;1;B01
201100024814;0;7;0;0;0;4;23;C01
201100024814;0;1;0;0;0;4;23;B01
201100024814;2;7;0;0;2;1;1;A01
201100024815;0;30;0;0;0;4;15;B01
201100024815;0;30;0;0;2;2;1;A01
201100024816;0;1;0;0;2;1;9;A01
201100024816;0;7;0;0;0;5;1;B01
201100024817;0;10;0;0;2;1;1;B01
201100024817;0;7;0;0;2;3;1;A01
201100024818;0;30;0;0;2;3;1;B01
201100024818;0;7;0;0;2;2;17;A01
201100024819;0;7;0;0;1;1;15;A01
201100024820;0;7;0;0;2;8;1;B01
201100024820;0;7;0;0;2;3;13;A01
201100024821;0;30;0;0;2;3;15;A01
201100024821;0;7;0;0;2;5;17;B01
201100024822;0;7;0;2;0;1;1;A01
201100024823;0;7;0;0;2;1;1;A01
201100024823;0;7;0;0;2;4;23;C01
201100024823;0;7;0;0;2;4;23;B01
201100024824;0;30;0;0;2;5;1;B01
201100024824;0;7;0;0;2;3;9;A01
201100024825;0;1;0;0;2;1;1;B01
201100024825;0;7;0;0;2;3;15;A01
201100024826;0;7;0;0;2;1;19;A01
201100024826;0;7;0;0;2;1;1;B01
201100024827;0;7;0;0;2;4;15;B01
201100024827;0;30;0;0;2;1;1;A01
201100024828;0;33;0;0;2;1;13;A01
201100024828;0;7;0;0;2;2;1;B01
201100024829;0;7;0;0;1;1;0;A01
201100024830;0;7;0;0;0;4;23;B01
201100024830;0;33;0;0;2;9;21;A01
201100024831;0;2;0;0;2;1;17;A01
201100024831;0;7;0;0;0;8;9;B01
201100024832;0;7;0;0;2;4;23;C01
201100024832;0;7;0;0;2;1;1;A01
201100024832;0;7;0;0;2;4;23;B01
201100024833;0;7;0;0;2;3;13;A01
201100024833;0;7;0;0;2;3;1;B01
201100024834;0;30;0;0;2;1;17;B01
201100024834;0;7;0;0;2;1;15;A01
201100024835;0;7;0;0;1;5;1;A01
201100024836;0;7;0;0;2;1;1;B01
201100024836;0;7;0;9;2;7;1;A01
201100024837;0;1;0;0;2;1;19;A01
201100024837;0;7;0;0;2;7;1;B01
201100024838;0;7;0;0;2;3;13;A01
201100024838;0;7;0;0;2;3;1;B01
201100024839;0;7;0;2;2;2;1;A01
201100024840;0;7;0;0;2;3;1;B01
201100024840;0;30;0;0;2;7;17;A01
201100024841;0;7;0;0;2;8;9;A01
201100024841;0;30;0;0;2;7;15;B01
201100024842;0;7;0;0;2;7;20;B01
201100024842;0;30;0;0;2;1;18;A01
201100024843;0;7;0;0;2;8;20;A01
201100024843;0;32;0;0;2;2;1;B01
201100024844;0;33;0;0;2;2;1;B01
201100024844;0;7;0;0;2;6;15;A01
201100024845;0;31;0;0;2;1;1;A01
201100024845;1;7;0;0;2;1;1;Z01
201100024846;2;33;0;0;2;1;1;A01
201100024846;0;7;0;0;0;7;1;B01
201100024847;0;7;0;0;2;1;15;B01
201100024847;0;30;0;0;2;1;1;A01
201100024848;0;7;0;0;1;2;15;A01
201100024849;0;7;0;0;2;3;1;A01
201100024849;0;1;0;0;2;2;1;B01
201100024850;0;33;0;0;2;7;1;B01
201100024850;0;7;0;0;2;3;9;A01
201100024851;0;30;0;0;2;2;5;A01
201100024851;1;7;0;0;2;4;1;Z01
201100024851;0;7;0;0;2;3;1;B01
201100024852;0;7;0;0;1;2;1;A01
201100024853;0;7;0;0;2;3;5;A01
201100024853;0;7;0;0;2;3;1;B01
201100024854;0;7;0;0;2;8;1;B01
201100024854;0;7;0;0;2;1;5;A01
201100024855;0;7;0;0;2;3;15;A01
201100024855;0;31;0;0;2;1;5;B01
201100024856;0;7;0;4;0;9;1;A01
201100024857;0;30;0;0;2;1;0;A01
201100024857;0;7;0;0;2;3;15;B01
201100024858;0;7;0;0;2;1;1;A01
201100024858;0;7;0;14;0;0;1;D01
201100024858;0;17;0;0;2;1;1;B01
201100024859;0;2;0;0;1;1;1;A01
201100024860;0;7;0;0;2;3;1;B01
201100024860;0;33;0;0;2;1;17;A01
201100024861;0;7;0;0;1;7;17;A01
201100024861;0;1;0;0;2;8;1;B01
201100024862;0;7;0;8;0;1;0;A01
201100024863;0;7;0;0;1;1;;A01
201100024864;0;7;0;0;2;1;0;B01
201100024864;0;7;0;0;2;4;1;A01
201100024865;0;7;0;0;2;3;15;B01
201100024865;0;7;0;0;2;1;17;A01
201100024866;0;7;0;0;2;6;19;A01
201100024866;0;7;0;0;2;3;1;B01
201100024867;0;7;0;0;1;1;1;A01
201100024868;0;2;0;0;2;7;1;B01
201100024868;0;7;0;0;2;1;9;A01
201100024869;0;7;0;0;2;3;0;B01
201100024869;0;7;0;0;2;0;20;A01
201100024870;0;7;0;15;0;1;1;A01
201100024871;0;7;0;0;2;1;0;A01
201100024871;0;7;0;0;2;1;1;C01
201100024871;0;7;0;0;2;9;1;B01
201100024872;0;7;0;0;2;3;1;B01
201100024872;0;10;0;0;2;2;9;A01
201100024873;0;7;0;8;0;1;1;A01
201100024874;0;7;0;0;2;5;15;A01
201100024874;0;7;0;0;2;1;1;B01
201100024875;0;33;0;0;0;0;1;A01
201100024876;0;30;0;12;0;1;0;A01
201100024877;0;7;0;0;0;2;0;B01
201100024877;0;15;0;0;0;8;0;A01
201100024878;0;2;0;0;2;1;4;B01
201100024878;0;7;0;0;2;3;15;A01
201100024879;0;7;0;0;2;4;0;B01
201100024879;0;30;0;0;2;1;0;A01
201100024880;0;7;0;0;1;8;1;A01
201100024881;0;31;0;0;2;0;9;A01
201100024881;0;7;0;0;2;0;0;B01
201100024882;0;7;0;0;2;7;15;A01
201100024882;0;31;0;0;2;1;1;B01
201100024883;0;7;0;0;2;8;1;A01
201100024883;0;30;0;0;2;1;17;B01
201100024884;0;30;0;0;0;0;15;A01
201100024885;0;1;0;0;2;8;0;B01
201100024885;0;7;0;0;2;7;0;A01
201100024886;0;7;0;0;2;8;15;B01
201100024886;0;33;0;0;2;1;17;A01
201100024887;0;7;0;0;0;9;0;A01
201100024888;0;7;0;0;2;4;1;B01
201100024888;0;7;0;0;2;1;1;A01
201100024889;0;10;0;0;2;1;1;A01
201100024889;0;32;0;0;2;4;1;B01
201100024890;0;1;0;0;2;1;16;B01
201100024890;0;1;0;0;2;1;16;A01
201100024891;0;7;0;0;2;9;0;A01
201100024892;0;7;0;0;2;1;1;B01
201100024892;0;10;0;0;2;8;1;A01
201100024893;0;33;0;0;2;1;1;B01
201100024893;0;7;0;0;2;0;9;A01
201100024894;0;30;0;0;0;0;1;B01
201100024894;1;7;0;0;0;0;16;A01
201100024895;1;15;0;0;2;0;1;A01
201100024895;0;30;0;0;2;8;1;B01
201100024896;0;7;0;0;2;1;1;A01
201100024896;0;30;0;0;2;7;0;B01
201100024897;0;7;0;0;2;3;15;B01
201100024897;0;2;0;0;2;0;9;A01
201100024898;0;7;0;0;2;1;1;A01
201100024898;0;7;0;0;2;4;0;B01
201100024899;0;30;0;0;2;1;13;A01
201100024899;0;7;0;0;2;1;1;B01
201100024900;0;33;0;0;0;8;0;A01
201100024901;0;7;0;0;2;0;0;A01
201100024902;0;10;0;0;0;0;1;A01
201100024903;2;7;0;0;2;4;1;A01
201100024903;0;7;0;0;2;1;1;B01
201100024904;1;7;0;0;0;0;0;Z01
201100024904;0;2;0;0;2;0;9;A01
201100024905;1;30;0;0;2;1;0;A01
201100024905;0;7;0;0;2;3;0;B01
201100024906;0;1;0;0;2;0;16;A01
201100024906;0;7;0;0;2;2;1;B01
201100024907;0;7;0;0;1;1;1;A01
201100024908;0;1;0;0;2;7;0;A01
201100024908;0;7;0;0;2;0;0;B01
201100024909;0;7;0;0;2;0;0;B01
201100024909;0;1;0;0;2;0;0;A01
201100024910;0;7;0;15;0;7;0;A01
201100024911;0;7;0;1;0;9;1;A01
201100024912;0;7;0;0;2;5;15;B01
201100024912;0;31;0;0;2;1;1;A01
201100024913;0;15;0;0;2;1;1;A01
201100024913;0;7;0;0;2;4;1;B01
201100024914;0;7;0;0;1;4;4;A01
201100024915;0;33;0;0;2;9;1;A01
201100024916;0;7;0;8;0;0;0;A01
201100024917;0;7;0;0;1;0;0;A01
201100024918;0;7;0;0;2;0;0;B01
201100024918;0;7;0;1;0;0;0;A01
201100024919;0;7;0;0;9;1;1;C01
201100024919;0;7;0;0;9;0;1;D01
201100024919;0;33;0;0;2;9;1;B01
201100024919;0;7;0;3;0;1;1;A01
201100024920;0;33;0;0;2;9;1;B01
201100024920;0;7;0;0;2;1;5;A01
201100024921;0;30;0;0;2;1;0;B01
201100024921;0;7;0;0;2;1;0;A01
201100024922;0;7;0;0;0;0;0;B01
201100024922;0;7;0;0;2;1;15;A01
201100024923;0;7;0;0;1;1;1;A01
201100024924;1;31;0;0;1;1;0;Z01
201100024925;0;7;0;0;2;8;0;A01
201100024925;0;1;0;0;2;7;0;B01
201100024926;0;3;0;4;2;0;1;A01
201100024926;0;10;0;0;2;2;1;B01
201100024926;0;10;0;0;0;0;1;C01
201100024927;0;7;0;4;0;0;0;A01
201100024928;0;7;0;0;2;3;0;B01
201100024928;0;7;0;0;2;2;0;A01
201100024929;0;7;0;0;2;5;15;A01
201100024929;0;33;0;0;2;1;1;B01
201100024929;0;7;0;0;2;8;1;C01
201100024930;0;31;0;6;0;0;1;A01
201100024931;0;7;0;0;2;1;0;A01
201100024931;0;7;0;0;2;1;0;B01
201100024932;0;7;0;12;2;1;0;A01
201100024932;0;30;0;12;2;4;0;B01
201100024933;0;7;0;0;1;1;0;A01
201100024934;0;7;0;0;2;2;15;A01
201100024934;0;33;0;0;2;1;1;B01
201100024935;0;7;0;0;2;2;0;B01
201100024935;0;31;0;0;2;1;0;A01
201100024936;0;1;0;0;2;1;0;B01
201100024936;0;7;0;0;2;3;0;A01
201100024937;0;7;0;0;1;1;16;A01
201100024938;0;7;0;0;2;4;1;B01
201100024938;0;33;0;0;2;1;1;A01
201100024938;0;7;0;4;0;5;1;C01
201100024939;0;7;0;0;2;1;1;A01
201100024939;0;7;0;0;2;1;1;B01
201100024940;0;7;0;0;2;3;9;A01
201100024940;0;30;0;0;2;1;0;B01
201100024941;0;14;0;0;2;4;1;B01
201100024941;0;7;0;0;2;1;2;A01
201100024942;0;1;0;0;2;0;15;B01
201100024942;0;10;0;0;2;1;9;A01
201100024943;0;7;0;0;2;3;10;A01
201100024943;0;33;0;0;2;7;1;B01
201100024944;0;1;0;0;2;0;1;B01
201100024944;0;7;0;0;2;3;9;A01
201100024945;0;7;0;0;0;9;1;A01
201100024946;0;7;0;0;2;4;1;D01
201100024946;0;7;0;0;2;4;1;C01
201100024946;0;10;0;0;2;1;1;A01
201100024946;0;7;0;0;2;4;1;B01
201100024947;0;2;0;0;2;8;0;B01
201100024947;1;7;0;0;0;0;0;A01
201100024948;0;7;0;0;2;1;15;A01
201100024948;0;7;0;0;2;1;1;B01
201100024949;0;7;0;0;1;1;1;A01
201100024950;0;7;0;0;1;3;15;A01
201100024950;0;7;0;0;2;1;1;B01
201100024951;0;7;0;0;2;1;13;A01
201100024951;0;7;0;0;2;1;1;B01
201100024952;0;31;0;0;2;1;1;A01
201100024952;0;7;0;0;2;3;9;B01
201100024953;0;7;0;0;2;4;0;B01
201100024953;0;7;0;0;2;1;0;A01
201100024954;0;7;0;0;2;0;1;B01
201100024954;0;2;0;0;2;0;1;A01
201100024955;0;2;0;0;2;0;1;A01
201100024955;0;7;0;0;2;3;16;B01
201100024956;0;7;0;0;2;9;13;A01
201100024956;0;17;0;0;2;3;1;B01
201100024957;0;7;0;0;2;2;0;B01
201100024957;0;7;0;8;2;1;0;A01
201100024958;0;10;0;0;1;4;0;A01
201100024959;0;7;0;0;2;1;1;B01
201100024959;0;7;0;0;2;1;5;A01
201100024960;0;7;0;0;2;7;16;B01
201100024960;0;30;0;0;2;0;7;A01
201100024961;0;7;0;0;2;7;15;A01