num_acc;senc;catv;occutc;obs;obsm;choc;manv;num_veh
201100024961;0;37;10;0;2;1;1;B01
201100024962;0;7;0;8;0;0;1;A01
201100024963;0;32;0;0;2;9;1;B01
201100024963;0;7;0;0;2;5;22;A01
201100024964;0;7;0;0;2;1;13;A01
201100024964;0;7;0;0;2;1;1;B01
201100024965;0;31;0;0;2;0;1;B01
201100024965;0;7;0;0;2;3;15;A01
201100024966;0;7;0;0;2;8;10;A01
201100024966;0;33;0;0;2;7;17;B01
201100024967;0;7;0;0;2;3;9;B01
201100024967;0;7;0;0;2;1;1;A01
201100024968;0;7;0;0;2;1;1;A01
201100024968;0;7;0;0;2;1;1;B01
201100024969;0;7;0;0;2;1;1;B01
201100024969;0;2;0;0;2;1;1;A01
201100024970;0;7;0;0;2;4;1;B01
201100024970;0;7;0;0;2;1;1;A01
201100024971;0;7;0;0;1;3;1;A01
201100024972;0;7;0;0;2;0;1;B01
201100024972;0;7;0;0;0;1;1;C01
201100024972;0;7;0;0;2;0;1;A01
201100024973;0;7;0;0;2;1;1;B01
201100024973;0;7;0;0;2;1;1;A01
201100024974;0;7;0;0;1;3;1;A01
201100024975;0;7;0;14;0;1;17;A01
201100024976;0;7;0;0;0;3;1;B02
201100024976;0;7;0;2;0;6;1;A01
201100024977;0;7;0;13;0;2;1;A01
201100024978;0;15;0;0;2;6;23;A01
201100024978;0;10;0;1;0;1;1;B02
201100024979;0;7;0;0;2;1;19;A01
201100024979;0;10;0;0;2;8;0;B02
201100024980;0;2;0;0;2;8;2;B02
201100024980;0;14;0;0;2;5;17;A01
201100024981;0;21;0;0;2;8;15;A01
201100024981;0;33;0;0;2;2;17;B02
201100024982;0;14;0;0;2;2;1;B02
201100024982;0;7;0;0;2;8;19;A01
201100024983;0;31;0;6;0;1;1;A01
201100024984;0;7;0;13;0;1;1;A01
201100024985;0;7;0;0;2;1;13;A01
201100024985;0;7;0;0;2;1;1;B02
201100024986;0;7;0;0;2;2;1;A01
201100024986;0;2;0;0;2;1;5;B02
201100024987;0;7;0;4;0;1;16;A01
201100024988;0;7;0;0;2;1;15;B02
201100024988;0;7;0;0;2;1;1;A01
201100024989;0;7;0;8;0;1;1;A01
201100024990;0;7;0;0;2;2;15;A01
201100024990;0;2;0;0;2;1;1;B02
201100024991;0;7;0;0;2;3;15;B02
201100024991;0;33;0;0;2;1;17;A01
201100024992;0;7;0;2;0;1;0;A01
201100024993;0;30;0;0;2;1;18;B02
201100024993;0;7;0;0;2;7;20;A01
201100024994;0;7;0;6;0;8;1;A01
201100024995;0;7;0;0;0;0;1;A01
201100024996;0;31;0;0;2;1;0;A01
201100024996;0;7;0;0;2;1;0;B02
201100024997;0;33;0;0;0;0;0;A01
201100024998;0;7;0;8;0;0;14;A01
201100024999;0;10;0;0;2;2;1;A01
201100024999;0;7;0;0;0;6;1;B02
201100025000;0;10;0;0;2;1;2;A01
201100025000;0;17;0;0;0;4;2;B02
201100025001;0;10;0;0;2;6;23;B02
201100025001;0;17;0;1;0;1;2;A01
201100025002;0;7;0;13;0;1;1;A01
201100025003;0;7;0;4;0;3;1;A01
201100025004;0;17;0;1;0;1;1;A01
201100025004;0;13;0;0;0;4;23;B02
201100025005;0;7;0;0;9;1;1;B02
201100025005;0;7;0;0;0;0;1;C03
201100025005;0;7;0;4;0;9;13;A01
201100025006;0;15;0;13;0;2;1;A01
201100025007;0;7;0;13;0;2;14;A01
201100025008;0;7;0;0;0;4;1;A01
201100025008;0;7;0;0;2;1;2;B02
201100025008;0;7;0;0;0;0;1;C03
201100025008;0;7;0;14;0;3;1;F06
201100025008;0;7;0;0;0;0;24;E05
201100025008;0;7;0;14;0;3;1;D04
201100025009;0;7;0;0;2;3;9;A01
201100025009;0;7;0;0;2;2;15;B01
201100025010;0;7;0;0;1;1;1;A01
201100025011;0;10;0;0;1;3;15;A01
201100025012;0;7;0;0;1;1;15;A01
201100025013;0;7;0;0;1;1;17;A01
201100025014;0;7;0;0;2;9;2;B01
201100025014;0;7;0;0;2;1;2;A01
201100025014;0;20;0;0;2;4;2;C01
201100025015;0;7;0;0;2;7;19;A01
201100025015;0;37;1;0;2;3;19;B01
201100025016;0;7;0;0;1;2;1;A01
201100025017;0;33;0;0;0;4;1;B01
201100025017;0;7;0;0;2;1;2;A01
201100025018;0;30;0;0;0;7;1;A01
201100025018;0;7;0;0;2;8;11;B01
201100025019;0;7;0;0;2;3;15;A01
201100025019;0;2;0;0;2;1;17;B01
201100025020;0;7;0;0;2;4;23;A01
201100025020;0;2;0;0;2;1;1;B01
201100025021;0;7;0;0;1;4;4;A01
201100025022;0;7;0;0;2;3;15;A01
201100025022;0;2;0;0;2;1;1;B01
201100025023;0;7;0;0;2;4;1;B01
201100025023;0;33;0;0;2;1;1;A01
201100025024;0;1;0;0;0;1;1;A01
201100025024;0;7;0;0;0;0;0;B01
201100025025;0;7;0;0;1;1;1;A01
201100025026;0;10;0;0;2;3;1;A01
201100025026;0;7;0;0;2;1;1;B01
201100025027;0;7;0;0;1;2;1;A01
201100025028;0;31;0;0;1;0;0;Z01
201100025029;0;33;0;0;2;7;15;A01
201100025029;0;10;0;0;2;3;1;B01
201100025030;0;7;0;6;0;1;1;A01
201100025031;0;33;0;0;2;1;1;B01
201100025031;0;7;0;0;2;3;15;A01
201100025032;0;7;0;0;1;3;1;A01
201100025033;0;1;0;0;2;8;16;B01
201100025033;0;7;0;0;2;2;1;A01
201100025034;0;7;0;0;2;1;1;A01
201100025034;0;7;0;0;2;2;1;B01
201100025035;0;10;0;0;2;8;15;A01
201100025035;0;2;0;0;2;7;17;B01
201100025036;0;7;0;12;0;1;1;A01
201100025037;0;7;0;0;2;3;15;B01
201100025037;0;33;0;0;2;7;15;A01
201100025038;0;10;0;0;2;3;10;A01
201100025038;0;33;0;0;2;7;1;B01
201100025039;0;7;0;0;2;2;1;B01
201100025039;0;2;0;0;2;1;1;A01
201100025040;0;7;0;13;0;1;1;A01
201100025041;0;7;0;16;0;9;1;A01
201100025042;0;31;0;0;2;4;23;B01
201100025042;0;10;0;0;2;1;1;A01
201100025043;0;7;0;0;2;3;1;A01
201100025043;0;7;0;0;2;3;1;B01
201100025044;0;7;0;0;1;2;1;A01
201100025045;0;30;0;0;2;1;1;A01
201100025045;0;7;0;0;2;6;10;B01
201100025046;0;7;0;0;1;2;1;A01
201100025047;0;7;0;0;1;3;1;A01
201100025048;0;1;0;0;2;8;19;B02
201100025048;0;15;0;0;2;1;16;A01
201100025049;0;7;0;0;2;8;11;A01
201100025049;0;32;0;0;2;1;1;B02
201100025050;0;7;0;0;1;2;1;A01
201100025051;0;7;0;6;0;2;1;A01
201100025052;0;7;0;0;2;1;1;B01
201100025052;0;7;0;0;2;1;15;A01
201100025053;0;31;0;0;2;1;1;A01
201100025053;0;1;0;0;2;7;1;B01
201100025054;0;7;0;2;0;1;1;A01
201100025055;0;7;0;0;2;1;1;A01
201100025055;0;7;0;0;2;7;1;B01
201100025056;0;7;0;13;0;1;0;A01
201100025057;0;7;0;0;2;6;2;C01
201100025057;0;7;0;0;2;2;1;A01
201100025057;0;7;0;0;2;1;1;B01
201100025058;0;7;0;0;1;3;1;A01
201100025059;0;7;0;0;2;8;0;B01
201100025059;0;33;0;0;2;3;0;A01
201100025060;0;7;0;0;2;3;15;A01
201100025060;0;33;0;0;2;1;1;B01
201100025061;0;7;0;13;0;1;1;A01
201100025062;0;7;0;13;6;1;2;A01
201100025063;0;7;0;13;0;3;1;A01
201100025064;0;7;0;13;0;9;1;A01
201100025065;0;7;0;4;0;3;1;A01
201100025066;0;7;0;0;2;3;1;A01
201100025066;0;7;0;0;0;7;1;B02
201100025067;0;7;0;0;2;6;2;C03
201100025067;0;7;0;0;2;1;2;B02
201100025067;0;7;0;0;0;4;2;A01
201100025068;0;7;0;4;0;3;0;A01
201100025069;0;7;0;13;0;1;2;A01
201100025070;0;7;0;0;2;2;1;A01
201100025070;0;1;0;0;2;8;19;B02
201100025071;0;7;0;8;0;8;1;A01
201100025072;0;7;0;0;2;3;1;A01
201100025072;0;33;0;0;2;1;16;B02
201100025073;0;10;0;6;0;2;13;A01
201100025074;0;7;0;0;2;1;15;A01
201100025074;0;33;0;0;2;1;1;B02
201100025075;0;33;0;0;2;1;1;B02
201100025075;0;7;0;0;2;3;19;A01
201100025076;0;7;0;0;2;8;19;A01
201100025076;0;33;0;0;2;1;1;B02
201100025077;0;10;0;0;2;1;2;A01
201100025077;0;31;0;0;0;4;16;B02
201100025078;0;33;0;0;0;1;2;A01
201100025078;0;7;0;0;0;6;2;B02
201100025079;0;30;0;1;0;1;1;A01
201100025080;0;7;0;0;2;3;15;A01
201100025080;0;30;0;0;2;1;1;B01
201100025081;0;7;0;2;0;1;1;A01
201100025082;0;7;0;0;1;1;15;A01
201100025083;0;7;0;0;0;0;1;A01
201100025083;0;33;0;0;0;7;1;B01
201100025084;0;33;0;8;0;1;15;A01
201100025085;0;32;0;0;2;1;17;A01
201100025085;0;7;0;0;2;8;15;B01
201100025086;0;33;0;0;2;7;1;B01
201100025086;0;7;0;0;2;8;15;A01
201100025087;0;33;0;3;0;7;1;A01
201100025088;0;33;0;8;0;0;1;A01
201100025089;0;7;0;0;2;3;1;B01
201100025089;0;3;0;0;2;0;1;A01
201100025090;0;10;0;0;2;3;1;B02
201100025090;0;7;0;0;2;1;17;A01
201100025091;0;33;0;0;0;1;0;A01
201100025092;0;7;0;0;2;3;15;B02
201100025092;0;30;0;0;2;1;1;A01
201100025093;0;7;0;0;2;1;1;B02
201100025093;0;7;0;0;2;2;19;A01
201100025094;0;7;0;0;2;3;1;A01
201100025094;0;7;0;0;2;3;1;B02
201100025095;0;7;0;0;2;8;2;D04
201100025095;0;7;0;14;0;1;2;B02
201100025095;0;7;0;3;0;2;2;A01
201100025095;0;7;0;14;0;3;2;C03
201100025096;0;38;62;0;2;6;2;B02
201100025096;0;7;0;0;2;2;2;A01
201100025097;0;10;0;14;2;1;1;A01
201100025097;0;7;0;14;2;4;2;C03
201100025097;0;7;0;14;2;4;2;D04
201100025097;0;7;0;14;2;4;2;B02
201100025098;0;14;0;0;2;3;21;B02
201100025098;0;33;0;0;2;1;1;A01
201100025099;0;7;0;0;2;1;2;A01
201100025099;0;7;0;0;2;4;2;B02
201100025100;0;7;0;4;0;9;2;A01
201100025101;0;17;0;3;0;2;14;A01
201100025102;0;17;0;13;0;2;1;A01
201100025103;0;17;0;0;2;4;2;B02
201100025103;0;7;0;0;2;1;2;A01
201100025104;0;33;0;4;0;3;13;A01
201100025105;0;32;0;0;0;8;1;A01
201100025106;0;33;0;0;0;6;11;A01
201100025107;0;15;0;16;0;2;2;A01
201100025108;0;7;0;14;0;1;2;A01
201100025109;0;7;0;3;0;3;2;A01
201100025110;0;7;0;13;0;1;1;A01
201100025111;0;14;0;0;2;1;1;B02
201100025111;0;7;0;3;2;8;0;A01
201100025112;0;7;0;0;2;3;1;A01
201100025112;0;17;0;0;2;7;1;B02
201100025113;0;7;0;0;2;4;2;B02
201100025113;0;7;0;0;2;1;2;A01
201100025114;0;33;0;4;0;9;6;A01
201100025114;0;10;0;14;0;1;1;B02
201100025115;0;7;0;4;0;2;1;A01
201100025116;0;1;0;0;0;8;0;A01
201100025117;0;7;0;0;2;1;1;A01
201100025117;0;7;0;0;2;7;1;B02
201100025118;0;30;0;0;2;1;2;A01
201100025118;0;7;0;0;0;8;15;B02
201100025119;0;7;0;0;1;2;15;A01
201100025120;0;7;0;0;1;2;0;A01
201100025121;0;7;0;8;0;9;17;A01
201100025122;0;7;0;0;2;3;15;C01
201100025122;0;32;0;0;2;1;1;B01
201100025123;0;7;0;0;2;1;1;B01
201100025123;0;7;0;0;2;1;14;A01
201100025124;0;7;0;15;0;3;1;A01
201100025125;0;7;0;0;2;1;15;A01
201100025125;0;2;0;0;2;1;21;B01
201100025126;0;7;0;0;1;6;4;A01
201100025127;0;15;0;0;2;6;2;C01
201100025127;0;15;0;0;2;1;2;A01
201100025127;0;10;0;13;0;6;2;B01
201100025128;1;7;0;0;0;0;1;Z01
201100025128;0;1;0;1;2;4;1;B01
201100025129;0;3;0;0;2;1;1;A01
201100025129;0;7;0;0;2;1;1;B01
201100025130;0;7;0;0;0;1;0;A01
201100025131;0;7;0;0;2;3;15;A01
201100025131;0;31;0;0;2;3;17;B01
201100025132;0;7;0;8;0;1;1;A01
201100025133;0;2;0;0;2;1;1;A01
201100025133;0;2;0;0;2;3;0;C01
201100025133;0;7;0;0;0;5;15;B01
201100025134;0;7;0;16;0;7;1;A01
201100025135;0;7;0;0;1;4;20;A01
201100025136;0;7;0;0;1;3;15;A01
201100025137;0;7;0;0;0;0;2;B01
201100025137;0;7;0;0;2;1;2;A01
201100025138;0;7;0;0;0;4;1;B01
201100025138;0;10;0;0;2;1;2;A01
201100025139;0;7;0;0;0;4;15;B01
201100025139;0;7;0;0;2;1;2;A01
201100025140;0;2;0;0;2;3;2;B01
201100025140;0;7;0;0;2;5;15;A01
201100025141;0;2;0;1;0;3;1;A01
201100025142;0;1;0;0;0;0;1;B01
201100025143;0;34;0;0;0;4;0;B01
201100025143;0;34;0;0;2;1;0;A01
201100025144;0;7;0;0;1;0;0;A01
201100025145;0;1;0;0;0;0;0;Y01
201100025145;0;7;0;0;2;0;0;A01
201100025146;0;1;0;0;2;0;1;B01
201100025146;0;30;0;0;2;0;1;A01
201100025147;0;7;0;0;0;0;0;A01
201100025148;0;1;0;0;0;2;1;B01
201100025148;0;7;0;0;2;3;23;A01
201100025149;0;7;0;0;2;2;1;A01
201100025150;0;7;0;0;2;1;1;A01
201100025150;0;7;0;0;0;4;1;C01
201100025150;0;7;0;0;2;1;23;B01
201100025151;0;7;0;0;2;2;2;B01
201100025151;0;7;0;0;2;1;1;A01
201100025152;0;30;0;0;0;0;0;A01
201100025153;0;32;0;0;0;0;0;A01
201100025154;0;7;0;0;0;0;15;A01
201100025154;0;30;0;0;0;0;21;B01
201100025155;0;7;0;0;2;1;1;A01
201100025155;0;1;0;0;2;1;1;B01
201100025156;0;7;0;1;0;1;1;A01
201100025157;0;37;5;0;2;3;1;B01
201100025157;0;7;0;0;2;2;18;A01
201100025158;0;7;0;0;2;6;1;B01
201100025158;0;31;0;0;2;2;1;A01
201100025159;0;7;0;0;2;3;13;A01
201100025159;0;7;0;0;2;3;1;B01
201100025160;0;7;0;0;2;0;15;A01
201100025160;0;7;0;0;2;0;21;B01
201100025161;0;7;0;0;2;1;1;A01
201100025161;0;7;0;0;2;4;2;B01
201100025162;0;33;0;0;2;2;1;B01
201100025162;0;7;0;0;2;3;13;A01
201100025163;0;33;0;0;0;0;0;A01
201100025164;0;31;0;0;2;7;17;A01
201100025164;0;7;0;0;2;3;15;B01
201100025165;0;2;0;0;0;0;0;A01
201100025166;0;14;0;0;2;6;15;B01
201100025166;0;30;0;0;2;3;21;A01
201100025167;0;7;0;0;2;4;1;B01
201100025167;0;2;0;0;2;1;1;A01
201100025168;0;15;0;0;0;7;0;A01
201100025169;0;7;0;0;2;1;9;A01
201100025169;0;2;0;0;0;5;0;B01
201100025170;0;30;0;1;0;8;1;A01
201100025171;0;1;0;0;2;8;1;B01
201100025171;0;7;0;0;2;2;15;A01
201100025172;0;7;0;0;0;0;0;A01
201100025173;0;7;0;11;0;1;1;A01
201100025174;0;7;0;14;0;1;0;A01
201100025175;0;7;0;0;2;1;15;A01
201100025175;0;30;0;0;2;3;1;B01
201100025176;0;10;0;0;2;1;2;B01
201100025176;0;7;0;0;2;2;1;A01
201100025177;0;7;0;0;0;2;1;A01
201100025177;0;7;0;0;0;4;1;B01
201100025178;0;7;0;0;1;3;1;A01
201100025179;0;2;0;6;0;0;0;A01
201100025180;0;7;0;0;1;2;1;A01
201100025181;0;7;0;0;2;3;0;B01
201100025181;0;1;0;0;2;1;1;A01
201100025182;0;7;0;0;1;1;0;A01
201100025183;0;7;0;0;0;2;1;D01
201100025183;0;7;0;0;0;6;9;A01
201100025183;0;7;0;3;2;2;1;B01
201100025183;0;7;0;0;0;6;1;C01
201100025184;0;2;0;0;2;1;0;A01
201100025184;0;7;0;0;9;1;1;B01
201100025185;0;7;0;0;2;3;0;A01
201100025185;0;7;0;0;2;1;1;B01
201100025186;0;7;0;0;2;8;10;A01
201100025186;0;33;0;0;2;1;17;B01
201100025187;0;7;0;0;0;6;1;B01
201100025187;2;7;0;0;2;6;2;A01
201100025188;0;7;0;0;2;0;1;A01
201100025189;0;1;0;0;2;8;2;A01
201100025189;0;7;0;0;2;1;0;B01
201100025190;0;7;0;0;1;2;1;A01
201100025191;0;7;0;0;1;1;2;A01
201100025192;0;17;0;0;2;8;2;A01
201100025192;0;17;0;0;2;4;1;C01
201100025192;0;7;0;0;2;2;2;B01
201100025193;0;14;0;0;2;6;10;A01
201100025193;0;2;0;0;2;2;2;B01
201100025194;0;7;0;0;1;2;1;A01
201100025195;0;7;0;0;2;1;1;B01
201100025195;0;33;0;0;2;1;17;A01
201100025196;0;7;0;0;2;3;15;A01
201100025196;0;33;0;0;0;2;17;B01
201100025197;0;7;0;0;1;2;2;A01
201100025198;0;7;0;0;1;1;1;A01
201100025199;0;7;0;0;2;3;1;A01
201100025199;0;7;0;0;2;3;1;B01
201100025200;0;30;0;0;0;7;16;B01
201100025200;0;37;1;0;2;2;16;A01
201100025201;0;33;0;0;2;8;21;B01
201100025201;0;7;0;0;0;0;16;A01
201100025202;0;7;0;0;0;0;15;A01
201100025202;0;33;0;0;2;0;1;B01
201100025203;0;7;0;0;2;3;1;A01
201100025203;0;30;0;0;2;1;2;B01
201100025204;0;33;0;0;2;1;17;A01
201100025204;0;7;0;0;0;8;15;B01
201100025205;0;33;0;11;0;1;5;A01
201100025206;0;14;0;0;0;4;2;B01
201100025206;0;10;0;0;2;1;2;A01
201100025207;0;1;0;0;2;3;15;B01
201100025207;0;2;0;0;2;1;2;A01
201100025208;0;2;0;0;2;3;1;B01
201100025208;0;7;0;0;2;3;13;A01
201100025209;0;7;0;0;1;2;1;Z01
201100025210;0;7;0;0;2;3;1;C01
201100025210;0;2;0;0;2;1;13;A01
201100025210;0;7;0;0;2;3;1;B01
201100025211;0;30;0;0;2;1;2;B01
201100025211;0;2;0;3;0;7;0;A01
201100025212;0;31;0;0;2;2;2;B01
201100025212;0;7;0;0;0;4;2;C01
201100025212;0;7;0;0;2;3;11;A01
201100025213;0;7;0;0;1;2;2;A01
201100025214;0;7;0;0;2;2;15;A01
201100025214;0;7;0;0;2;1;1;B01
201100025215;0;7;0;0;2;5;9;A01
201100025215;0;37;5;0;2;8;7;B01
201100025216;0;7;0;0;2;2;0;A01
201100025216;0;7;0;0;2;1;1;B01
201100025217;0;37;50;0;2;2;1;B01
201100025217;0;7;0;0;2;5;16;A01
201100025218;0;31;0;0;2;1;0;B01
201100025218;0;7;0;0;2;3;0;A01
201100025219;0;7;0;0;2;2;22;A01
201100025219;0;1;0;0;2;6;1;B01
201100025220;0;2;0;0;2;1;2;A01
201100025220;0;7;0;0;2;4;2;B01
201100025221;0;7;0;0;2;7;15;A01
201100025221;0;33;0;0;2;1;2;B01
201100025222;0;7;0;0;2;1;20;A01
201100025222;0;2;0;0;2;2;1;B01
201100025223;0;7;0;0;2;3;1;C01
201100025223;0;7;0;0;2;1;0;A01
201100025223;0;7;0;0;2;3;1;B01
201100025224;0;2;0;0;2;8;1;B01
201100025224;0;7;0;0;2;3;15;A01
201100025225;0;7;0;0;2;6;1;B01
201100025225;1;7;0;0;2;2;0;A01
201100025226;0;7;0;0;1;1;1;A01
201100025227;0;7;0;2;5;3;21;A01
201100025228;0;7;0;0;2;2;19;A01
201100025228;0;2;0;0;2;1;1;B02
201100025229;0;7;0;0;2;1;1;A01
201100025229;0;31;0;0;2;7;19;B02
201100025230;0;10;0;0;2;1;1;B02
201100025230;0;7;0;0;2;7;19;A01
201100025231;0;7;0;13;0;9;14;A01
201100025232;0;7;0;0;2;3;1;B02
201100025232;0;7;0;0;2;1;13;A01
201100025232;0;7;0;0;2;8;1;C03
201100025233;0;7;0;0;2;1;5;B02
201100025233;0;7;0;0;2;8;10;A01
201100025234;0;33;0;0;2;3;1;B02
201100025234;0;21;0;0;2;6;14;A01
201100025235;0;10;0;0;2;1;1;B02
201100025235;0;7;0;0;2;8;19;A01
201100025236;0;30;0;8;0;8;1;A01
201100025237;0;7;0;6;0;3;1;A01
201100025238;0;32;0;0;2;1;13;B02
201100025238;0;7;0;0;2;8;10;A01
201100025239;0;7;0;0;2;1;1;C03
201100025239;0;15;0;0;2;3;1;A01
201100025239;0;7;0;0;2;1;13;B02
201100025240;0;7;0;0;2;3;1;C03
201100025240;0;15;0;0;2;1;1;B02
201100025240;0;7;0;0;2;3;13;A01
201100025241;0;1;0;0;2;4;1;B02
201100025241;0;1;0;0;2;1;1;A01
201100025242;0;2;0;6;0;1;1;A01
201100025243;0;7;0;0;2;1;11;B02
201100025243;0;7;0;0;2;3;1;A01
201100025244;0;2;0;0;2;1;1;B02
201100025244;0;7;0;0;2;8;9;A01
201100025245;0;7;0;2;0;9;1;A01
201100025246;0;17;0;0;2;1;2;A01
201100025246;0;15;0;0;2;4;2;B01
201100025246;0;7;0;0;2;4;2;C01
201100025247;0;33;0;0;2;3;17;A01
201100025247;0;7;0;0;2;3;2;B01
201100025248;0;7;0;0;1;7;2;A01
201100025249;0;7;0;0;0;8;2;B01
201100025249;1;7;0;0;2;7;17;Z01
201100025250;1;7;0;0;1;1;0;Z01
201100025251;2;7;0;0;2;3;2;A01
201100025251;0;7;0;0;2;3;2;B01
201100025252;0;7;0;0;2;9;2;B01
201100025252;0;7;0;0;2;3;2;A01
201100025253;0;7;0;0;2;7;19;A01
201100025253;0;7;0;0;2;1;2;B01
201100025254;0;7;0;1;0;1;14;A01
201100025255;0;7;0;0;2;1;2;B01
201100025255;0;7;0;0;2;3;10;A01
201100025256;0;7;0;0;2;4;2;B01
201100025256;0;7;0;0;2;1;2;A01
201100025257;0;7;0;6;2;1;2;A01
201100025257;0;7;0;0;2;6;15;B01
201100025258;0;7;0;8;0;1;14;A01
201100025259;0;7;0;0;1;2;16;A01
201100025260;0;7;0;14;0;1;2;A01
201100025261;0;33;0;0;2;1;2;B01
201100025261;0;7;0;0;2;7;15;A01
201100025262;0;7;0;0;0;4;2;B01
201100025262;0;7;0;0;2;1;2;A01
201100025263;0;7;0;0;2;3;1;D01
201100025263;0;7;0;0;2;3;1;C01
201100025263;0;7;0;7;2;8;1;B01
201100025263;0;7;0;0;2;1;5;A01
201100025264;0;7;0;0;0;1;24;C01
201100025264;0;17;0;1;0;4;4;A01
201100025264;0;33;0;1;2;7;23;B01
201100025265;0;7;0;2;0;1;0;A01
201100025266;0;7;0;0;2;3;0;B01
201100025266;0;7;0;0;2;3;11;A01
201100025267;0;7;0;0;2;4;2;B01
201100025267;0;14;0;0;2;1;2;A01
201100025267;0;7;0;0;0;4;2;C01
201100025268;0;7;0;0;2;3;20;A01
201100025268;0;30;0;0;2;1;20;B01
201100025269;0;7;0;0;2;1;11;A01
201100025269;0;7;0;0;0;1;1;D01
201100025269;0;7;0;0;2;1;1;B01
201100025269;0;7;0;0;9;1;1;C01
201100025270;0;7;0;0;1;2;1;A01
201100025271;0;7;0;0;2;3;20;A01
201100025271;0;30;0;0;2;1;2;B01
201100025272;0;7;0;0;1;1;1;A01
201100025273;0;7;0;0;2;4;2;C01
201100025273;0;7;0;0;0;4;2;E01
201100025273;0;7;0;0;2;4;2;D01
201100025273;0;15;0;0;2;1;2;A01
201100025273;0;10;0;0;2;9;2;B01
201100025274;0;7;0;0;2;2;1;B01
201100025274;0;33;0;0;2;1;1;A01
201100025275;0;7;0;0;1;3;20;A01
201100025276;0;30;0;8;0;1;1;A01
201100025277;0;7;0;0;2;1;17;A01
201100025277;0;7;0;0;2;1;1;C01
201100025277;0;7;0;0;0;4;1;B01
201100025278;0;7;0;0;0;1;1;A01
201100025278;0;7;0;0;0;4;1;B01
201100025279;0;7;0;3;1;1;1;A01
201100025280;0;7;0;0;2;1;1;B01
201100025280;0;7;0;0;2;1;15;A01
201100025281;0;7;0;0;2;1;1;B01
201100025281;0;7;0;0;2;1;1;A01
201100025282;0;7;0;0;1;1;1;A01
201100025283;0;7;0;0;2;1;1;B01
201100025283;0;7;0;0;2;1;13;A01
201100025284;0;10;0;0;2;1;1;A01
201100025284;0;38;1;0;0;4;1;C01
201100025284;0;7;0;0;2;9;1;B01
201100025285;0;7;0;0;1;1;1;A01
201100025286;0;31;0;0;2;8;1;B01
201100025286;0;7;0;0;2;1;15;A01
201100025287;0;7;0;0;2;4;2;B01
201100025287;0;7;0;0;2;1;2;A01
201100025288;0;7;0;1;1;1;20;A01
201100025288;0;7;0;0;2;4;23;B02
201100025289;0;7;0;0;2;2;14;A01
201100025289;0;7;0;0;0;6;1;B02
201100025290;0;7;0;4;0;3;1;A01
201100025291;0;7;0;3;0;7;14;A01
201100025292;0;7;0;0;0;5;1;B02
201100025292;0;7;0;3;2;1;14;A01
201100025293;0;7;0;16;0;9;1;A01
201100025294;0;7;0;1;1;8;14;A01
201100025294;0;10;0;0;0;4;23;B02
201100025295;0;17;0;0;2;1;1;A01
201100025295;0;13;0;0;2;4;1;E05
201100025295;0;14;0;0;2;4;1;C03
201100025295;0;15;0;0;2;4;1;B02
201100025295;0;17;0;0;2;4;1;D04
201100025296;0;17;0;0;2;1;1;C03
201100025296;0;7;0;0;2;3;1;B02
201100025296;0;7;0;0;2;2;14;A01
201100025297;0;17;0;0;1;2;1;A01
201100025298;0;17;0;1;0;2;14;A01
201100025298;0;10;0;0;0;6;23;B02
201100025299;0;7;0;0;2;1;17;B02
201100025299;0;10;0;3;0;3;13;A01
201100025300;0;7;0;13;0;2;1;A01
201100025301;0;7;0;14;0;1;2;B02
201100025301;0;10;0;3;0;1;1;A01
201100025302;0;7;0;13;0;1;14;A01
201100025303;0;7;0;1;0;1;1;A01
201100025304;0;31;0;13;0;1;1;A01
201100025305;0;7;0;13;0;9;1;A01
201100025306;0;7;0;3;0;9;13;A01
201100025307;0;7;0;3;0;1;1;A01
201100025308;0;7;0;13;0;2;1;A01
201100025309;0;7;0;0;2;7;1;B02
201100025309;0;33;0;0;2;8;9;A01
201100025310;0;7;0;13;0;1;14;A01
201100025311;0;7;0;0;2;7;17;A01
201100025311;0;7;0;0;2;8;11;B02
201100025312;0;7;0;3;2;6;23;A01
201100025312;0;13;0;1;0;2;21;B02
201100025313;0;7;0;9;0;1;14;A01
201100025314;0;7;0;13;0;1;14;A01
201100025315;0;7;0;13;0;2;14;A01
201100025316;0;7;0;3;2;6;13;A01
201100025316;0;7;0;3;2;5;17;B02
201100025317;0;7;0;13;0;1;14;A01
201100025318;0;14;0;1;0;2;1;A01
201100025318;0;10;0;0;2;4;24;B02
201100025319;0;7;0;0;2;3;5;A01
201100025319;0;7;0;0;2;1;1;B02
201100025320;0;7;0;16;0;1;14;A01
201100025321;0;7;0;13;0;1;13;A01
201100025322;0;7;0;0;2;2;17;A01
201100025322;0;7;0;3;2;6;1;B02
201100025323;0;7;0;3;0;3;1;A01
201100025324;0;7;0;0;2;3;14;A01
201100025324;0;7;0;0;0;5;1;B02
201100025325;0;7;0;13;0;9;18;A01
201100025326;0;7;0;1;0;1;23;B02
201100025326;0;10;0;0;2;1;2;C03
201100025326;0;7;0;0;0;4;14;A01
201100025327;0;7;0;2;0;1;14;A01
201100025328;0;10;0;3;2;9;6;A01
201100025328;0;7;0;0;2;8;1;B02
201100025328;0;7;0;0;2;3;1;C03
201100025328;0;7;0;0;2;2;21;D04
201100025329;0;7;0;13;0;1;14;A01
201100025330;0;7;0;0;0;3;1;A01