num_acc;senc;catv;occutc;obs;obsm;choc;manv;num_veh
201100025330;0;33;0;0;2;1;1;B02
201100025331;0;15;0;0;2;6;1;B02
201100025331;0;7;0;0;2;2;2;A01
201100025332;0;10;0;0;0;4;1;B02
201100025332;0;13;0;0;2;1;1;C03
201100025332;0;7;0;0;2;1;1;A01
201100025333;0;7;0;3;0;2;1;A01
201100025334;0;7;0;0;0;4;1;A01
201100025334;0;7;0;0;2;1;1;B02
201100025335;0;34;0;0;2;1;1;B02
201100025335;0;7;0;0;2;2;19;A01
201100025336;0;7;0;13;0;0;1;A01
201100025337;0;7;0;0;2;2;19;A01
201100025337;0;7;0;0;2;3;1;B02
201100025338;0;7;0;0;0;7;10;B02
201100025338;0;7;0;0;2;1;1;A01
201100025339;0;7;0;0;2;1;1;A01
201100025339;0;7;0;0;2;7;6;B02
201100025340;0;33;0;16;0;9;1;A01
201100025341;0;7;0;0;2;7;1;A01
201100025341;0;10;0;0;2;3;1;B02
201100025342;0;7;0;0;9;1;1;A01
201100025343;0;33;0;14;0;1;2;B02
201100025343;0;7;0;0;0;6;23;A01
201100025344;0;7;0;0;2;1;13;A01
201100025344;0;7;0;0;2;1;1;B02
201100025345;0;7;0;2;0;1;14;A01
201100025346;0;7;0;0;1;3;1;A01
201100025347;0;7;0;0;2;6;1;B02
201100025347;0;10;0;0;2;3;1;A01
201100025348;0;7;0;0;1;1;15;A01
201100025349;1;33;0;0;2;1;13;B02
201100025349;0;7;0;0;0;6;15;A01
201100025350;0;7;0;0;2;3;15;A01
201100025350;0;33;0;0;2;1;1;B02
201100025351;0;33;0;0;0;0;1;A01
201100025352;0;1;0;0;0;4;2;B02
201100025352;0;7;0;0;0;2;2;A01
201100025353;0;7;0;2;0;8;1;A01
201100025354;0;7;0;0;2;8;9;A01
201100025354;0;33;0;0;2;1;1;B02
201100025355;0;7;0;0;1;2;1;A01
201100025356;0;33;0;13;0;8;19;B02
201100025356;0;33;0;13;0;8;19;A01
201100025357;0;36;0;12;0;1;1;A01
201100025358;0;7;0;0;2;1;17;A01
201100025358;0;7;0;0;2;3;15;B02
201100025359;0;7;0;0;0;7;15;A01
201100025359;0;7;0;0;2;1;1;B02
201100025360;0;7;0;0;2;1;1;B02
201100025360;0;10;0;0;2;1;15;A01
201100025360;0;7;0;0;2;8;2;C03
201100025361;0;31;0;0;0;0;1;A01
201100025362;0;15;0;0;2;1;1;B02
201100025362;0;7;0;0;2;7;9;A01
201100025363;0;7;0;0;2;1;1;A01
201100025364;0;10;0;0;2;7;15;A01
201100025364;0;33;0;0;2;1;1;B02
201100025365;0;33;0;0;2;1;1;B02
201100025365;0;7;0;0;2;3;15;A01
201100025366;0;7;0;0;0;3;1;B02
201100025366;0;32;0;0;0;1;19;A01
201100025367;0;34;0;0;0;7;1;A01
201100025368;0;7;0;0;2;1;17;A01
201100025368;0;7;0;0;2;1;1;B02
201100025368;0;32;0;0;2;1;1;C03
201100025369;0;10;0;0;1;2;1;A01
201100025370;0;7;0;0;0;7;15;B02
201100025370;0;31;0;0;0;1;1;A01
201100025371;0;2;0;0;2;1;17;A01
201100025371;0;7;0;0;2;6;1;B02
201100025372;0;32;0;0;2;1;1;B02
201100025372;0;7;0;0;2;2;15;A01
201100025373;0;31;0;0;0;1;1;A01
201100025373;0;7;0;0;0;1;1;B02
201100025374;0;7;0;0;2;1;13;A01
201100025374;0;37;0;0;2;3;0;B02
201100025375;0;10;0;0;1;2;1;A01
201100025376;0;31;0;0;2;1;21;B02
201100025376;0;7;0;0;0;8;15;A01
201100025377;0;30;0;0;2;1;2;A01
201100025377;0;7;0;0;2;4;2;B02
201100025378;0;17;0;0;0;0;1;B02
201100025378;0;7;0;3;2;2;17;A01
201100025379;0;33;0;3;0;2;12;A01
201100025380;0;7;0;0;2;5;1;D04
201100025380;0;7;0;3;0;1;1;A01
201100025380;0;17;0;0;0;6;20;B02
201100025380;0;7;0;0;1;2;1;C03
201100025381;0;7;0;0;2;1;0;A01
201100025381;0;7;0;4;0;4;2;B01
201100025382;0;7;0;3;0;2;14;A01
201100025383;0;17;0;3;2;1;2;A01
201100025383;0;14;0;3;0;4;2;B02
201100025384;0;7;0;4;0;0;18;A01
201100025385;0;99;0;0;0;6;1;C03
201100025386;0;7;0;4;0;3;1;A01
201100025387;0;15;0;1;0;3;0;B02
201100025387;0;7;0;1;0;1;2;A01
201100025388;0;7;0;6;0;0;0;A01
201100025389;0;7;0;4;0;3;1;A01
201100025390;0;7;0;0;2;1;1;A01
201100025390;0;17;0;0;0;0;0;B02
201100025391;0;7;0;4;0;2;1;A01
201100025392;0;7;0;4;0;3;1;A01
201100025393;0;7;0;4;0;8;1;A01
201100025394;0;7;0;4;0;3;1;A01
201100025395;0;15;0;4;0;3;13;A01
201100025396;0;7;0;0;1;1;1;A01
201100025397;0;37;0;1;1;2;1;A01
201100025398;0;7;0;0;2;3;1;A01
201100025398;0;33;0;0;2;1;1;B01
201100025399;0;1;0;0;0;1;9;B01
201100025399;0;7;0;0;2;1;0;A01
201100025400;0;7;0;0;2;3;15;B01
201100025400;0;7;0;0;2;2;1;A01
201100025401;0;7;0;0;2;8;1;B01
201100025401;0;7;0;0;2;1;1;A01
201100025402;0;1;0;0;0;0;0;B01
201100025402;0;7;0;0;2;1;15;A01
201100025403;0;7;0;0;1;2;1;A01
201100025404;0;7;0;0;2;8;1;A01
201100025404;0;30;0;0;2;0;1;B01
201100025405;0;33;0;0;2;1;0;A01
201100025405;0;7;0;0;0;5;1;B01
201100025406;0;33;0;0;2;1;0;B01
201100025406;0;7;0;0;2;1;0;A01
201100025407;0;7;0;0;2;8;16;A01
201100025407;0;32;0;0;2;1;1;B01
201100025408;0;7;0;0;1;1;16;A01
201100025409;0;7;0;0;1;7;1;A01
201100025410;0;7;0;0;2;1;1;A01
201100025410;0;1;0;0;0;7;1;B01
201100025411;0;7;0;0;2;1;15;A01
201100025411;0;7;0;0;2;3;1;B01
201100025412;0;7;0;0;1;1;1;A01
201100025413;0;7;0;0;0;4;2;B01
201100025413;0;7;0;0;2;1;2;A01
201100025414;0;33;0;6;0;1;13;A01
201100025415;0;7;0;0;2;1;15;A01
201100025415;0;30;0;0;2;1;1;B01
201100025416;0;30;0;0;2;1;1;A01
201100025416;1;7;0;0;2;1;1;B01
201100025417;0;30;0;0;2;1;2;A01
201100025417;0;7;0;0;0;6;2;B01
201100025418;0;7;0;0;1;1;9;A01
201100025419;0;7;0;0;1;2;9;A01
201100025420;0;7;0;0;2;4;2;B01
201100025420;0;7;0;0;2;1;2;A01
201100025421;0;7;0;0;1;3;1;A01
201100025422;0;7;0;0;1;4;20;A01
201100025423;0;7;0;0;2;1;2;B01
201100025423;0;7;0;0;2;1;2;A01
201100025424;0;30;0;0;2;1;1;B01
201100025424;0;7;0;0;2;8;10;A01
201100025425;0;7;0;0;2;1;2;A01
201100025425;0;7;0;0;2;4;23;C01
201100025425;0;7;0;0;2;4;23;B01
201100025426;0;7;0;0;2;8;10;A01
201100025426;0;14;0;0;2;2;1;B01
201100025427;0;30;0;0;2;1;1;B01
201100025427;0;7;0;0;2;1;1;A01
201100025428;0;33;0;0;2;1;15;B01
201100025428;0;7;0;0;2;2;1;A01
201100025429;2;7;0;0;2;1;15;A01
201100025429;0;2;0;0;2;1;1;B01
201100025430;0;7;0;0;1;0;0;A01
201100025431;0;1;0;0;0;7;1;B01
201100025431;0;7;0;0;2;1;9;A01
201100025432;0;7;0;0;2;1;2;B01
201100025432;0;3;0;0;0;4;2;A01
201100025433;0;7;0;0;1;1;1;A01
201100025434;0;7;0;0;1;1;1;A01
201100025435;0;7;0;0;2;3;1;B01
201100025435;0;7;0;1;2;3;1;A01
201100025436;0;1;0;0;2;1;1;B01
201100025436;0;7;0;0;2;1;16;A01
201100025437;0;30;0;0;2;1;1;B01
201100025437;0;7;0;0;2;3;9;A01
201100025438;0;7;0;0;1;2;1;A01
201100025439;0;10;0;0;2;2;1;A01
201100025439;0;7;0;0;2;8;1;B01
201100025440;0;3;0;6;0;1;1;A01
201100025441;0;7;0;0;2;2;10;A01
201100025441;0;33;0;0;2;1;1;B01
201100025442;0;1;0;0;2;1;1;B01
201100025442;0;7;0;0;9;3;15;A01
201100025443;0;14;0;0;2;6;15;B01
201100025443;0;7;0;0;2;2;15;A01
201100025444;0;2;0;0;2;1;2;A01
201100025444;0;30;0;0;2;4;2;B01
201100025445;0;13;0;0;1;5;10;A01
201100025446;0;7;0;0;2;1;1;A01
201100025446;0;7;0;0;2;4;2;B01
201100025447;0;7;0;0;1;3;15;A01
201100025448;0;33;0;1;2;1;1;A01
201100025448;0;7;0;0;0;4;1;B01
201100025449;0;7;0;0;2;5;4;A01
201100025449;0;1;0;0;2;1;0;B01
201100025450;0;33;0;0;2;4;23;B01
201100025450;0;33;0;0;2;1;1;A01
201100025451;0;30;0;0;2;7;15;B01
201100025451;0;7;0;0;2;8;15;A01
201100025452;0;33;0;0;2;1;1;B01
201100025452;0;7;0;0;2;3;9;A01
201100025453;0;7;0;0;2;2;1;A01
201100025453;0;7;0;0;2;1;0;B01
201100025454;0;30;0;0;2;1;1;A01
201100025454;0;7;0;0;2;6;1;B01
201100025455;0;7;0;0;2;1;1;A01
201100025455;0;7;0;0;2;5;1;B01
201100025456;0;37;1;0;2;1;0;B01
201100025456;0;33;0;0;2;3;0;A01
201100025457;0;7;0;0;0;4;1;B01
201100025457;0;7;0;0;2;1;1;A01
201100025458;0;13;0;0;2;8;15;A01
201100025458;0;2;0;0;2;1;1;B01
201100025459;0;7;0;0;1;1;1;A01
201100025460;0;33;0;0;0;4;2;A01
201100025460;0;7;0;0;2;1;2;B01
201100025461;0;7;0;0;2;4;1;B01
201100025461;0;7;0;0;2;1;0;A01
201100025462;0;13;0;0;2;1;1;A01
201100025462;0;7;0;0;2;7;1;B01
201100025463;0;7;0;0;1;1;1;A01
201100025464;0;1;0;0;2;1;1;B01
201100025464;0;7;0;0;2;2;1;A01
201100025465;0;31;0;0;2;7;17;B01
201100025465;0;37;0;0;2;8;15;A01
201100025466;0;7;0;6;2;1;1;A01
201100025466;0;7;0;0;2;9;1;B01
201100025467;0;1;0;0;2;0;15;B01
201100025467;0;7;0;0;2;8;1;C01
201100025467;0;7;0;0;2;0;0;A01
201100025468;0;7;0;0;2;1;1;B01
201100025468;0;7;0;0;2;1;1;A01
201100025469;0;7;0;0;2;4;1;C01
201100025469;0;99;0;0;2;1;1;A01
201100025469;0;7;0;0;2;4;1;B01
201100025470;0;7;0;0;1;8;15;A01
201100025471;0;7;0;0;1;1;1;A01
201100025472;0;7;0;0;1;1;15;A01
201100025473;0;7;0;0;1;1;1;A01
201100025474;0;34;0;0;2;1;0;B01
201100025474;0;7;0;0;2;7;0;A01
201100025475;0;7;0;0;2;4;2;C01
201100025475;0;7;0;0;2;1;1;A01
201100025475;0;7;0;0;2;0;1;B01
201100025476;0;7;0;0;0;0;0;A01
201100025476;0;33;0;0;0;0;0;B01
201100025477;0;7;0;8;0;0;0;A01
201100025478;0;7;0;0;2;8;1;B01
201100025478;0;7;0;0;2;1;1;A01
201100025479;0;7;0;8;0;1;1;A01
201100025480;0;30;0;0;2;1;17;B01
201100025480;0;7;0;0;2;8;13;A01
201100025481;0;7;0;0;2;1;1;B01
201100025481;0;7;0;9;2;1;6;A01
201100025482;0;7;0;0;2;1;1;B01
201100025482;0;7;0;0;2;1;16;A01
201100025483;0;2;0;0;1;1;1;A01
201100025484;0;7;0;0;1;3;1;A01
201100025485;0;2;0;0;2;3;13;A01
201100025485;0;7;0;0;2;5;17;B01
201100025486;0;7;0;0;2;4;2;B01
201100025486;0;7;0;0;2;1;2;A01
201100025487;0;7;0;0;2;8;9;B01
201100025487;0;7;0;0;2;1;9;A01
201100025488;0;7;0;0;2;8;15;B01
201100025488;0;2;0;0;2;1;17;A01
201100025489;0;7;0;0;2;3;9;A01
201100025489;0;31;0;0;2;1;1;B01
201100025490;0;2;0;1;0;1;1;A01
201100025491;0;7;0;0;2;1;12;A01
201100025491;0;7;0;0;2;3;1;B01
201100025492;0;7;0;0;2;3;1;B01
201100025492;0;7;0;0;2;1;9;A01
201100025493;0;31;0;0;2;1;1;A01
201100025493;0;7;0;0;2;6;1;B01
201100025494;0;7;0;0;0;4;1;B01
201100025494;0;30;0;0;2;1;2;A01
201100025495;0;7;0;0;2;4;2;B01
201100025495;0;7;0;0;2;1;2;A01
201100025496;0;33;0;0;2;2;1;B01
201100025496;0;7;0;0;2;3;1;A01
201100025497;0;30;0;0;2;1;1;A01
201100025497;0;7;0;0;2;8;1;B01
201100025498;0;37;0;0;2;1;1;A01
201100025498;0;7;0;0;2;4;1;B01
201100025499;0;7;0;0;2;1;2;A01
201100025499;0;37;1;0;2;1;1;B01
201100025500;0;7;0;0;1;1;1;A01
201100025501;0;30;0;0;0;7;1;A01
201100025502;0;7;0;0;2;3;1;B01
201100025502;0;30;0;0;2;1;9;A01
201100025503;0;33;0;0;0;8;1;A01
201100025504;0;7;0;0;2;3;1;B01
201100025504;0;7;0;0;2;2;1;A01
201100025505;0;7;0;0;1;1;1;A01
201100025506;0;2;0;0;2;1;15;A01
201100025506;0;33;0;0;2;4;2;B01
201100025507;0;7;0;0;2;1;1;A01
201100025507;0;7;0;0;2;4;1;B01
201100025508;0;7;0;0;2;1;13;A01
201100025508;0;7;0;0;2;1;1;B01
201100025509;0;7;0;0;1;3;15;A01
201100025510;0;30;0;1;0;1;1;A01
201100025511;0;31;0;0;2;1;1;A01
201100025511;0;7;0;0;2;5;16;B01
201100025512;1;7;0;0;1;1;1;A01
201100025513;0;7;0;0;2;1;15;B01
201100025513;0;7;0;0;2;3;1;A01
201100025514;0;32;0;0;1;1;1;A01
201100025515;0;2;0;1;2;1;1;B01
201100025515;0;7;0;0;2;7;16;A01
201100025516;0;7;0;0;2;0;15;A01
201100025516;0;30;0;0;2;1;17;B01
201100025517;0;7;0;0;1;1;1;A01
201100025518;0;7;0;0;1;3;15;A01
201100025518;0;1;0;0;2;1;1;B01
201100025519;0;7;0;0;2;4;1;B01
201100025519;0;7;0;0;2;1;1;A01
201100025520;0;7;0;0;2;3;15;B01
201100025520;0;30;0;0;2;1;1;A01
201100025521;0;30;0;1;0;1;1;A01
201100025522;0;7;0;0;2;2;15;A01
201100025522;0;2;0;0;2;1;1;B01
201100025523;0;10;0;0;2;4;1;B01
201100025523;0;7;0;0;2;1;1;A01
201100025524;0;10;0;0;1;1;0;A01
201100025525;0;33;0;0;2;1;1;B01
201100025525;0;7;0;0;2;8;10;A01
201100025526;0;7;0;0;2;1;13;A01
201100025526;0;99;0;0;2;7;1;B01
201100025527;1;7;0;0;1;2;1;A01
201100025528;0;7;0;0;1;2;1;A01
201100025529;1;7;0;0;2;3;15;A01
201100025529;0;30;0;0;2;4;1;B01
201100025530;0;10;0;0;2;2;16;B01
201100025530;0;30;0;0;2;1;1;A01
201100025531;0;7;0;0;1;2;1;A01
201100025532;0;7;0;0;1;3;15;A01
201100025533;0;7;0;0;1;1;1;A01
201100025534;0;7;0;3;0;2;1;A01
201100025535;1;7;0;0;1;2;1;A01
201100025536;0;13;0;0;1;4;4;A01
201100025537;0;7;0;0;2;1;1;A01
201100025537;0;7;0;0;2;8;1;B01
201100025538;0;7;0;0;2;1;1;A01
201100025538;0;7;0;0;2;4;1;C01
201100025538;0;7;0;0;2;4;1;B01
201100025539;0;7;0;0;1;1;1;A01
201100025540;0;99;0;0;2;1;1;A01
201100025540;0;7;0;0;2;4;23;B01
201100025541;0;33;0;1;0;1;1;A01
201100025542;0;31;0;0;2;1;1;B01
201100025542;0;7;0;0;2;3;15;A01
201100025543;0;1;0;0;2;0;1;B01
201100025543;0;7;0;0;2;1;16;A01
201100025544;0;36;0;12;0;1;1;A01
201100025545;0;2;0;1;0;1;1;A01
201100025545;0;7;0;0;2;4;0;B01
201100025546;1;99;0;0;1;0;0;Z01
201100025547;0;7;0;0;1;7;1;A01
201100025548;0;7;0;0;0;9;0;A01
201100025549;0;7;0;0;1;4;4;A01
201100025550;0;7;0;0;2;1;0;A01
201100025550;0;7;0;0;2;7;1;B01
201100025551;0;7;0;0;1;2;1;A01
201100025552;0;7;0;8;0;1;0;A01
201100025553;0;13;0;0;2;2;1;B01
201100025553;0;7;0;0;2;2;11;A01
201100025554;0;10;0;0;1;0;4;A01
201100025555;0;7;0;0;1;1;1;A01
201100025556;0;7;0;0;1;1;1;A01
201100025557;1;1;0;0;1;0;1;Z01
201100025558;0;7;0;0;1;3;2;A01
201100025559;0;7;0;0;1;1;1;A01
201100025560;0;33;0;0;0;0;23;A01
201100025560;0;7;0;0;2;1;1;B01
201100025561;0;7;0;0;0;4;1;B01
201100025561;0;7;0;0;2;1;1;A01
201100025562;0;7;0;13;0;1;1;A01
201100025563;0;7;0;0;2;2;5;A01
201100025563;0;7;0;0;2;2;1;B01
201100025564;0;7;0;0;1;8;4;A01
201100025565;0;7;0;0;2;1;2;A01
201100025565;0;7;0;0;2;4;23;B01
201100025565;0;7;0;0;2;4;23;C01
201100025565;0;7;0;0;0;4;23;D01
201100025566;0;7;0;0;2;1;1;A01
201100025566;0;33;0;0;2;4;1;B01
201100025567;0;7;0;0;1;1;1;A01
201100025568;0;7;0;0;2;1;13;A01
201100025568;0;7;0;0;2;8;1;C01
201100025568;0;7;0;0;2;6;1;B01
201100025569;0;7;0;0;2;1;1;B01
201100025569;0;7;0;0;2;8;0;A01
201100025570;0;7;0;4;2;2;2;A01
201100025570;0;7;0;0;2;6;1;B02
201100025571;0;7;0;13;0;9;14;A01
201100025572;0;7;0;13;0;9;14;A01
201100025573;0;7;0;13;0;1;1;A01
201100025574;0;7;0;13;0;1;1;A01
201100025575;0;30;0;0;0;8;1;A01
201100025576;0;7;0;16;0;3;1;A01
201100025577;0;7;0;13;0;1;1;A01
201100025578;0;7;0;0;0;1;9;A01
201100025579;0;2;0;8;0;1;0;A01
201100025580;1;7;0;0;2;0;14;B01
201100025580;0;7;0;13;0;3;1;A01
201100025581;0;7;0;0;2;3;0;B01
201100025581;0;1;0;0;2;1;0;A01
201100025582;2;7;0;13;9;9;1;A01
201100025583;0;2;0;0;2;1;1;A01
201100025583;0;7;0;0;0;6;1;B01
201100025584;0;7;0;0;2;2;2;A01
201100025584;0;7;0;0;0;6;1;B01
201100025585;0;2;0;0;2;1;0;B01
201100025585;0;7;0;0;9;3;1;A01
201100025586;0;7;0;8;0;7;1;A01
201100025587;0;30;0;0;2;1;1;B01
201100025587;0;7;0;0;2;2;12;A01
201100025588;0;7;0;0;2;3;20;A01
201100025588;0;30;0;0;2;7;1;B01
201100025589;1;99;0;0;1;4;2;A01
201100025590;0;7;0;13;0;7;1;A01
201100025591;0;7;0;0;2;4;2;B01
201100025591;0;7;0;0;2;1;2;A01
201100025592;0;30;0;6;0;1;0;A01
201100025593;0;7;0;8;0;1;0;A01
201100025594;0;7;0;13;0;1;1;A01
201100025595;0;7;0;0;2;3;3;A01
201100025595;0;17;0;0;2;2;1;B01
201100025596;2;7;0;9;0;1;1;A01
201100025597;0;7;0;0;2;3;15;A01
201100025597;0;7;0;0;2;3;1;B01
201100025598;1;30;0;0;1;1;5;Z01
201100025599;0;2;0;0;2;1;15;B01
201100025599;0;7;0;0;2;3;15;A01
201100025600;0;33;0;5;9;1;1;A01
201100025601;0;2;0;0;0;0;1;A01
201100025602;0;7;0;0;0;4;2;B01
201100025602;0;7;0;0;2;1;2;A01
201100025603;0;7;0;0;0;2;15;A01
201100025603;0;1;0;0;0;0;0;B01
201100025604;0;7;0;0;1;1;1;A01
201100025605;0;7;0;0;2;1;1;B01
201100025605;0;7;0;0;2;8;15;A01
201100025606;0;7;0;8;0;1;13;A01
201100025607;0;1;0;0;0;4;1;B01
201100025607;0;7;0;0;9;6;12;A01
201100025608;0;33;0;0;2;7;1;A01
201100025608;0;7;0;0;2;3;1;B01
201100025609;0;7;0;0;1;2;1;A01
201100025610;0;17;0;0;0;0;1;A01
201100025611;0;10;0;13;0;2;1;A01
201100025612;0;7;0;0;2;0;17;A01
201100025612;0;30;0;0;2;8;21;B01
201100025613;0;31;0;0;2;1;1;A01
201100025613;0;7;0;0;0;5;15;B01
201100025614;0;7;0;5;0;1;13;A01
201100025615;0;32;0;0;0;4;2;A01
201100025615;0;7;0;0;0;1;2;B01
201100025616;0;10;0;0;9;1;1;A01
201100025617;0;7;0;0;2;3;1;B01
201100025617;0;2;0;0;2;1;1;A01
201100025618;0;7;0;16;0;9;1;A01
201100025619;0;7;0;0;1;2;16;A01
201100025620;0;10;0;16;0;9;14;A01
201100025621;0;10;0;0;2;1;13;A01
201100025621;0;10;0;0;2;1;1;B01
201100025622;0;7;0;0;2;1;1;B01
201100025622;0;10;0;0;2;1;13;A01
201100025623;0;7;0;13;0;1;1;A01
201100025624;0;7;0;13;0;3;1;A01
201100025625;0;7;0;8;0;3;1;A01
201100025626;0;7;0;0;1;3;15;A01
201100025627;0;7;0;0;1;4;4;A01
201100025628;0;7;0;0;2;1;19;B01
201100025628;0;7;0;0;2;1;11;A01
201100025629;0;7;0;0;1;1;1;A01
201100025630;0;7;0;5;0;1;13;A01
201100025631;0;7;0;0;2;1;1;B01
201100025631;0;30;0;0;2;8;13;A01
201100025632;0;7;0;3;0;1;0;A01
201100025633;0;33;0;0;2;3;1;B01
201100025633;0;7;0;0;2;3;11;A01
201100025634;0;7;0;0;2;3;1;A01
201100025634;0;7;0;0;2;3;1;B01
201100025635;0;7;0;0;1;0;1;A01
201100025636;0;7;0;0;1;1;15;A01
201100025637;0;7;0;0;1;1;16;A01
201100025638;0;7;0;6;0;1;1;A01
201100025639;0;7;0;0;0;7;1;B01
201100025639;0;30;0;0;2;3;11;A01
201100025640;0;2;0;0;2;1;17;B01
201100025640;0;10;0;0;0;8;9;A01
201100025641;0;7;0;0;2;2;0;A01
201100025641;0;7;0;0;2;8;0;B01
201100025642;0;17;0;1;0;1;1;A01
201100025642;0;10;0;0;0;7;1;B01
201100025643;0;33;0;0;2;8;1;B01
201100025643;0;7;0;0;2;1;9;A01
201100025644;0;33;0;0;9;1;1;A01
201100025644;0;1;0;0;0;8;1;B01
201100025645;0;7;0;0;1;2;1;A01
201100025646;0;7;0;0;1;1;1;A01
201100025647;0;7;0;0;2;1;1;A01
201100025647;0;7;0;0;0;4;2;B01
201100025648;0;7;0;0;2;8;0;A01
201100025648;0;33;0;3;2;0;17;B01
201100025649;0;7;0;6;0;1;1;A01
201100025650;0;30;0;0;0;4;2;B01
201100025650;0;10;0;0;0;4;2;A01
201100025651;0;7;0;0;2;1;2;A01
201100025651;0;7;0;0;0;4;2;B01
201100025652;0;14;0;0;1;3;1;A01
201100025653;0;10;0;0;2;1;1;B01
201100025653;0;10;0;0;2;1;15;A01
201100025654;0;7;0;0;2;1;0;A01
201100025654;0;7;0;0;2;1;1;B01
201100025655;0;10;0;8;0;1;1;A01
201100025656;0;7;0;0;2;1;1;A01
201100025656;0;7;0;0;0;4;1;B01
201100025657;0;2;0;0;2;1;17;A01
201100025657;0;7;0;0;2;3;15;B01
201100025658;0;7;0;1;0;2;1;A01
201100025659;0;7;0;0;0;4;0;A01
201100025659;0;7;0;0;2;1;2;B01
201100025659;0;10;0;14;2;1;2;C01
201100025660;1;7;0;14;0;1;2;A01
201100025660;0;7;0;0;2;4;0;B01
201100025661;0;7;0;0;1;2;0;A01
201100025662;0;7;0;3;0;7;0;A01
201100025663;0;7;0;14;2;1;1;A01
201100025663;0;7;0;14;2;4;2;B01
201100025663;0;7;0;0;2;5;2;C01
201100025664;0;17;0;1;0;2;14;A01
201100025664;0;17;0;0;2;6;23;B02
201100025665;0;17;0;3;0;8;1;A01
201100025666;0;17;0;13;0;7;14;A01
201100025667;0;7;0;4;0;1;1;A01
201100025668;0;10;0;0;0;8;0;B02
201100025668;0;7;0;0;2;2;1;A01
201100025669;1;10;0;3;2;7;14;B02
201100025669;0;7;0;13;0;8;2;A01
201100025670;0;16;0;0;0;0;0;C03
201100025671;0;17;0;0;0;0;0;B02
201100025671;0;7;0;0;2;1;1;A01
201100025672;0;7;0;4;0;3;0;B02
201100025672;0;33;0;14;0;1;11;A01
201100025673;0;7;0;13;0;1;16;A01
201100025674;0;33;0;0;0;0;0;A01
201100025675;0;7;0;4;0;3;0;A01
201100025676;0;7;0;0;2;2;21;B02
201100025676;0;10;0;0;0;0;0;A01
201100025677;0;7;0;0;0;9;0;A01
201100025677;0;7;0;0;2;1;1;B02
201100025678;0;7;0;13;0;1;14;A01
201100025679;0;17;0;0;0;4;2;B02
201100025679;0;7;0;0;2;1;2;A01
201100025680;0;7;0;3;0;3;1;A01
201100025681;0;7;0;0;2;1;1;B02
201100025681;0;7;0;0;2;4;13;A01
201100025681;0;7;0;0;2;1;1;C03
201100025682;0;7;0;15;1;9;1;A01
201100025683;0;7;0;0;2;1;17;A01
201100025683;0;33;0;0;2;1;1;B02
201100025684;0;10;0;0;0;0;1;A01
201100025685;0;7;0;0;2;1;1;B02
201100025685;0;7;0;0;2;3;13;A01
201100025686;0;7;0;0;1;3;1;A01
201100025687;0;7;0;0;2;2;19;B02
201100025687;0;7;0;0;2;1;1;A01
201100025688;0;7;0;0;2;2;17;A01
201100025688;0;2;0;0;2;8;1;B02
201100025689;0;7;0;0;1;2;1;A01
201100025690;0;7;0;8;0;1;1;A01
201100025691;0;7;0;13;0;1;14;A01
201100025692;0;10;0;0;0;4;23;C03
201100025692;0;17;0;1;0;1;1;A01
201100025692;0;10;0;0;0;4;23;B02
201100025693;0;7;0;0;1;2;1;A01
201100025694;0;7;0;15;0;1;1;A01
201100025695;0;7;0;4;0;7;1;A01
201100025696;0;7;0;0;2;4;1;B01
201100025696;0;7;0;0;2;1;1;A01
201100025696;0;7;0;0;0;4;1;C01
201100025697;0;7;0;0;1;0;1;A01
201100025698;0;7;0;0;2;1;1;A01
201100025698;0;7;0;0;0;4;1;B01
201100025699;0;7;0;6;0;3;0;A01
201100025700;0;7;0;13;0;3;13;A01
201100025701;0;7;0;11;0;9;14;A01
201100025702;0;7;0;3;0;1;0;A01
201100025703;0;30;0;0;2;1;1;B01
201100025703;0;7;0;0;2;7;16;A01
201100025704;0;30;0;0;2;8;0;A01
201100025705;0;7;0;3;0;9;14;A01
201100025706;0;7;0;0;2;1;1;B01
201100025706;0;7;0;0;2;2;9;A01
201100025707;0;7;0;2;0;1;6;A01
201100025708;0;7;0;6;0;2;14;A01
201100025709;0;7;0;0;2;4;24;B01
201100025709;0;7;0;1;0;1;14;A01
201100025710;0;7;0;0;2;7;14;A01
201100025710;0;1;0;0;2;8;0;B01
201100025711;1;7;0;0;1;1;0;A01
201100025712;0;33;0;1;0;0;3;A01
201100025713;0;7;0;0;1;2;1;A01
201100025714;0;7;0;0;2;1;1;B01
201100025714;0;7;0;0;2;1;13;A01
201100025715;0;10;0;4;0;1;0;A01
201100025716;0;7;0;0;1;2;15;A01
201100025717;0;7;0;0;2;1;1;A01
201100025717;0;7;0;0;2;8;19;B01
201100025718;0;30;0;12;0;1;1;A01
201100025719;0;7;0;0;0;4;23;B01
201100025719;0;7;0;0;2;1;2;A01
201100025720;1;7;0;0;2;1;2;A01
201100025720;0;7;0;0;0;4;23;B01
201100025721;0;30;0;0;2;1;2;A01
201100025721;0;7;0;0;0;4;23;B01
201100025722;0;7;0;3;0;1;1;A01
201100025723;0;13;0;0;0;6;23;B01
201100025723;0;2;0;0;2;1;2;A01
201100025724;0;7;0;0;2;1;16;A01
201100025724;0;32;0;0;0;5;1;B01
201100025725;1;10;0;0;0;0;0;B01
201100025725;0;7;0;13;0;9;0;A01
201100025726;0;7;0;0;0;3;24;A01
201100025726;0;1;0;1;0;1;1;B01
201100025727;2;30;0;0;1;1;0;A01