num_acc;senc;catv;occutc;obs;obsm;choc;manv;num_veh
201100025728;0;7;0;0;2;1;2;A01
201100025728;0;7;0;0;1;4;23;B01
201100025729;0;7;0;0;2;2;9;A01
201100025729;0;33;0;0;2;7;16;B01
201100025730;0;7;0;0;2;2;1;B01
201100025730;0;7;0;0;2;8;19;A01
201100025731;0;7;0;7;0;1;14;A01
201100025732;0;7;0;0;1;2;1;A01
201100025733;0;30;0;0;0;0;0;A01
201100025734;0;7;0;2;0;1;5;A01
201100025735;0;7;0;13;0;2;14;A01
201100025736;0;7;0;0;2;1;9;A01
201100025736;0;7;0;0;2;7;1;C01
201100025736;0;7;0;0;2;8;23;B01
201100025737;0;7;0;0;1;1;1;A01
201100025738;0;33;0;6;0;1;2;A01
201100025739;0;7;0;3;0;9;6;A01
201100025740;0;7;0;0;2;9;1;B01
201100025740;0;7;0;0;2;1;9;A01
201100025741;0;10;0;0;2;0;2;A01
201100025741;0;33;0;0;2;0;17;B01
201100025742;0;10;0;0;1;4;4;A01
201100025743;0;33;0;0;2;4;1;B01
201100025743;0;7;0;0;2;1;1;A01
201100025744;0;31;0;7;0;1;6;A01
201100025745;0;7;0;0;2;1;1;A01
201100025745;0;7;0;0;2;4;1;B01
201100025746;0;7;0;0;2;2;16;A01
201100025746;0;2;0;0;2;1;1;B01
201100025747;0;31;0;0;2;5;0;B01
201100025747;0;7;0;0;2;7;0;A01
201100025748;0;1;0;0;0;0;1;A01
201100025749;0;7;0;0;2;7;15;A01
201100025749;0;7;0;0;0;0;1;B01
201100025750;0;7;0;0;2;1;2;A01
201100025750;0;7;0;0;0;4;15;B01
201100025751;0;2;0;0;2;1;1;B01
201100025751;0;7;0;0;2;8;19;A01
201100025752;0;7;0;3;0;9;0;A01
201100025753;0;7;0;0;1;7;1;A01
201100025754;0;7;0;0;1;0;16;A01
201100025755;0;7;0;13;0;2;0;A01
201100025756;0;32;0;1;0;1;13;A01
201100025757;0;7;0;0;2;3;13;A01
201100025757;0;15;0;0;0;3;1;B01
201100025758;0;7;0;0;1;1;1;B01
201100025759;0;7;0;3;0;9;0;A01
201100025760;0;7;0;0;2;6;16;B01
201100025760;0;2;0;0;2;1;17;A01
201100025761;0;7;0;0;2;1;0;A01
201100025761;0;14;0;0;2;4;1;B01
201100025762;0;7;0;0;0;1;1;A01
201100025762;0;31;0;0;0;0;1;B01
201100025763;0;7;0;0;2;3;15;B01
201100025763;0;32;0;0;2;1;17;A01
201100025764;0;2;0;0;0;8;15;B01
201100025764;0;7;0;0;2;2;2;A01
201100025765;0;7;0;0;0;4;1;A01
201100025765;0;7;0;0;2;4;1;B01
201100025766;0;7;0;0;2;8;15;A01
201100025766;0;2;0;0;2;7;17;B01
201100025767;0;7;0;0;2;1;9;A01
201100025767;0;1;0;0;2;1;0;B01
201100025768;0;7;0;0;2;2;0;A01
201100025768;0;7;0;0;2;3;0;B01
201100025769;0;7;0;0;2;1;19;A01
201100025769;0;7;0;0;2;5;0;B01
201100025770;0;33;0;6;0;1;1;A01
201100025771;0;7;0;10;0;0;0;A01
201100025772;0;1;0;0;2;8;0;B01
201100025772;0;7;0;0;2;0;0;A01
201100025773;0;7;0;0;2;4;2;B01
201100025773;0;7;0;0;2;1;2;A01
201100025774;0;31;0;0;2;0;0;A01
201100025774;0;7;0;0;2;0;1;B01
201100025775;0;7;0;0;2;1;15;A01
201100025775;0;7;0;0;2;1;0;B01
201100025776;0;7;0;0;2;5;16;B01
201100025776;0;7;0;0;2;1;1;A01
201100025777;0;7;0;0;2;6;11;A01
201100025777;0;7;0;0;2;2;1;B01
201100025778;1;30;0;2;0;0;0;A01
201100025779;0;7;0;8;0;1;0;A01
201100025780;0;7;0;3;0;1;1;A01
201100025781;0;10;0;0;2;5;0;B01
201100025781;0;33;0;0;2;8;9;A01
201100025782;0;7;0;0;0;4;1;B01
201100025782;0;7;0;0;2;1;1;A01
201100025782;0;7;0;0;0;4;0;C01
201100025783;0;1;0;0;0;0;1;A01
201100025784;0;7;0;0;1;2;1;A01
201100025785;0;30;0;0;0;7;1;A01
201100025785;0;7;0;0;2;8;1;B01
201100025786;0;7;0;0;2;3;1;B01
201100025786;0;30;0;0;2;3;13;A01
201100025787;0;7;0;0;0;0;14;A01
201100025788;0;31;0;0;0;0;1;A01
201100025789;0;7;0;0;2;1;0;B01
201100025789;0;7;0;0;2;7;1;A01
201100025790;0;7;0;0;2;1;1;B01
201100025790;0;7;0;0;2;1;5;A01
201100025791;0;2;0;0;0;2;3;B01
201100025791;0;7;0;0;2;3;3;A01
201100025792;0;7;0;0;0;1;1;A01
201100025793;0;7;0;0;2;1;17;B01
201100025793;0;7;0;0;2;1;5;A01
201100025794;0;7;0;6;0;1;1;A01
201100025795;0;7;0;13;0;9;0;A01
201100025796;0;7;0;0;1;1;1;A01
201100025797;0;33;0;0;0;0;1;A01
201100025798;0;31;0;0;2;1;1;B01
201100025798;0;7;0;0;2;5;15;A01
201100025799;0;17;0;0;0;7;16;A01
201100025800;0;7;0;0;2;1;1;B01
201100025800;0;2;0;0;2;6;19;A01
201100025801;0;30;0;0;1;1;2;A01
201100025801;0;7;0;0;2;6;23;B01
201100025802;0;7;0;2;0;2;1;A01
201100025803;0;7;0;14;0;1;0;A01
201100025804;0;7;0;0;2;1;16;A01
201100025804;0;7;0;0;2;1;1;B01
201100025805;0;30;0;0;2;1;0;A01
201100025805;0;7;0;0;2;1;0;B01
201100025806;0;7;0;0;1;4;4;A01
201100025807;0;7;0;0;2;4;0;B01
201100025807;0;7;0;0;2;1;2;A01
201100025808;0;7;0;0;2;6;1;B01
201100025808;0;15;0;0;2;7;12;A01
201100025809;0;7;0;0;0;0;1;A01
201100025810;0;7;0;3;0;2;1;A01
201100025811;0;32;0;0;0;0;1;A01
201100025812;0;7;0;15;0;9;0;A01
201100025813;0;1;0;0;2;1;13;A01
201100025813;0;7;0;0;2;1;1;B01
201100025814;1;7;0;0;1;0;0;A01
201100025815;0;7;0;1;0;8;0;A01
201100025816;0;7;0;0;0;4;2;B01
201100025816;0;7;0;0;2;1;2;A01
201100025817;0;7;0;0;2;8;15;C01
201100025817;0;1;0;0;2;1;19;A01
201100025818;0;7;0;7;0;1;1;A01
201100025819;0;30;0;11;0;1;6;A01
201100025820;0;7;0;0;2;1;1;A01
201100025820;0;33;0;0;2;1;17;B01
201100025821;1;7;0;0;1;2;0;A01
201100025822;0;33;0;0;1;2;1;A01
201100025823;0;7;0;0;2;3;15;A01
201100025823;0;33;0;0;2;1;1;B01
201100025824;0;7;0;0;2;1;2;A01
201100025824;0;7;0;0;2;4;23;B01
201100025825;0;33;0;1;0;2;1;A01
201100025826;0;7;0;0;2;1;1;B01
201100025826;0;33;0;0;2;8;15;A01
201100025827;0;7;0;3;0;0;0;A01
201100025828;0;30;0;1;0;1;1;A01
201100025829;0;1;0;0;0;0;1;A01
201100025830;0;17;0;0;2;2;16;A01
201100025830;0;7;0;0;2;3;1;B01
201100025831;0;7;0;0;2;1;13;A01
201100025831;0;7;0;0;2;3;1;B01
201100025832;0;7;0;0;2;1;13;A01
201100025832;0;7;0;0;2;1;0;B01
201100025833;0;7;0;0;2;2;15;A01
201100025833;0;30;0;0;2;3;1;B01
201100025834;0;7;0;0;1;1;15;A01
201100025835;0;7;0;0;2;7;1;B01
201100025835;0;7;0;0;2;8;10;A01
201100025836;0;31;0;16;0;0;15;A01
201100025837;0;7;0;0;1;6;4;A01
201100025838;0;7;0;0;1;0;0;A01
201100025839;0;7;0;0;2;6;1;B01
201100025839;0;30;0;0;2;1;17;A01
201100025840;0;7;0;0;2;2;2;A01
201100025840;0;15;0;0;2;6;1;B01
201100025841;0;7;0;13;0;9;14;A01
201100025842;0;7;0;13;0;3;6;A01
201100025843;0;7;0;0;2;2;1;A01
201100025843;0;10;0;0;2;0;1;B01
201100025844;0;7;0;3;0;3;0;A01
201100025845;0;7;0;13;0;3;1;A01
201100025846;0;7;0;0;2;4;1;B01
201100025846;0;7;0;0;2;1;2;A01
201100025847;0;7;0;0;2;5;1;B01
201100025847;0;7;0;0;2;9;17;A01
201100025848;0;7;0;0;2;8;1;B01
201100025848;0;30;0;0;2;1;9;A01
201100025849;0;7;0;13;0;9;1;A01
201100025850;0;7;0;0;2;1;2;A01
201100025850;0;7;0;0;1;4;23;B01
201100025851;0;7;0;0;2;4;23;B01
201100025851;0;37;1;0;2;4;23;C01
201100025851;0;7;0;0;2;1;2;A01
201100025852;0;7;0;0;1;7;0;A01
201100025853;0;7;0;0;2;7;12;A01
201100025853;0;7;0;0;2;1;1;B01
201100025854;0;7;0;0;2;1;1;A01
201100025854;0;7;0;0;2;4;1;B01
201100025855;0;33;0;0;2;1;1;B01
201100025855;0;7;0;0;2;3;13;A01
201100025856;0;7;0;0;1;1;1;A01
201100025857;0;7;0;0;1;7;1;A01
201100025858;0;7;0;0;1;1;1;A01
201100025859;0;7;0;0;1;1;15;A01
201100025860;0;7;0;0;2;1;1;B01
201100025860;0;7;0;0;2;4;4;A01
201100025861;0;7;0;3;2;1;11;A01
201100025861;0;7;0;0;0;3;1;B01
201100025862;0;30;0;0;0;0;0;A01
201100025863;0;7;0;0;1;3;1;A01
201100025864;0;7;0;0;2;3;1;A01
201100025864;0;30;0;0;2;2;1;B01
201100025865;0;2;0;0;9;0;0;A01
201100025866;0;7;0;0;2;1;2;A01
201100025866;0;7;0;0;2;4;2;B01
201100025867;0;7;0;0;2;4;1;B01
201100025867;0;7;0;0;2;1;1;A01
201100025868;0;7;0;0;2;4;2;B01
201100025868;0;7;0;0;2;1;2;A01
201100025869;0;7;0;0;1;2;1;B01
201100025870;0;7;0;0;0;0;15;A01
201100025870;0;31;0;3;0;9;17;B01
201100025871;0;7;0;0;2;1;2;A01
201100025871;0;7;0;0;2;4;2;B01
201100025872;0;30;0;0;2;3;1;B01
201100025872;0;7;0;0;2;1;15;A01
201100025873;0;7;0;0;1;1;1;B01
201100025874;0;7;0;0;2;2;13;A01
201100025874;0;7;0;0;2;3;1;B01
201100025875;0;7;0;0;2;4;1;B01
201100025875;0;7;0;0;2;0;2;A01
201100025876;0;7;0;0;1;1;1;A01
201100025877;0;7;0;3;0;1;0;A01
201100025878;0;33;0;0;0;7;1;A01
201100025879;0;7;0;13;0;2;14;A01
201100025880;0;10;0;0;2;1;1;A01
201100025880;0;7;0;0;2;4;1;B02
201100025881;0;30;0;0;2;3;1;A01
201100025881;0;7;0;0;2;2;1;B01
201100025882;0;7;0;0;2;2;16;B01
201100025882;0;30;0;0;2;1;0;A01
201100025883;0;7;0;0;1;1;1;A01
201100025884;0;7;0;0;2;3;1;A01
201100025884;0;1;0;0;2;1;1;B01
201100025885;0;7;0;15;0;1;14;A01
201100025886;0;30;0;0;2;1;17;B01
201100025886;0;7;0;0;2;3;1;C01
201100025886;0;7;0;0;2;7;15;A01
201100025887;0;7;0;0;1;1;1;A01
201100025888;0;99;0;0;2;6;20;B01
201100025888;0;14;0;0;2;2;2;A01
201100025889;0;7;0;0;1;1;1;A01
201100025890;0;7;0;2;0;2;14;A01
201100025891;0;2;0;0;2;7;16;B01
201100025891;0;10;0;0;2;1;9;A01
201100025892;0;7;0;0;2;1;2;A01
201100025892;0;7;0;0;2;4;2;B01
201100025893;0;7;0;0;2;3;1;B01
201100025893;0;7;0;0;2;1;1;A01
201100025894;0;7;0;1;2;1;2;A01
201100025894;0;7;0;0;2;4;2;B01
201100025895;0;7;0;0;2;6;9;A01
201100025895;0;7;0;0;2;2;1;B01
201100025896;0;7;0;0;1;4;4;A01
201100025897;0;7;0;0;2;1;2;A01
201100025898;0;7;0;13;0;8;14;A01
201100025899;0;1;0;0;0;0;1;A01
201100025900;0;2;0;0;2;8;1;A01
201100025900;0;2;0;0;2;6;1;B01
201100025901;0;2;0;0;2;0;9;B01
201100025901;0;7;0;0;2;3;9;A01
201100025902;0;7;0;0;2;1;1;A01
201100025902;0;33;0;0;2;1;1;B01
201100025903;0;7;0;0;2;1;1;B01
201100025903;0;7;0;0;2;8;1;A01
201100025904;0;31;0;0;2;1;1;A01
201100025904;0;7;0;0;2;8;15;B01
201100025905;0;30;0;0;2;1;1;B01
201100025905;0;7;0;0;2;2;15;A01
201100025906;0;7;0;0;2;8;9;A01
201100025906;0;7;0;0;2;1;24;C01
201100025906;0;2;0;0;2;1;1;B01
201100025907;0;7;0;0;2;6;15;A01
201100025907;0;30;0;0;2;1;1;B01
201100025908;0;7;0;0;2;4;2;B01
201100025908;0;10;0;0;2;1;2;A01
201100025909;0;7;0;0;2;1;1;A01
201100025909;0;10;0;0;2;3;1;B01
201100025910;0;33;0;0;2;1;1;A01
201100025910;0;7;0;0;2;4;1;B01
201100025911;0;7;0;0;2;4;2;B01
201100025911;0;7;0;0;2;1;2;A01
201100025912;0;10;0;0;2;1;2;A01
201100025912;0;33;0;0;2;4;2;B01
201100025912;0;10;0;0;2;4;2;C01
201100025912;0;7;0;0;2;1;2;D01
201100025913;0;2;0;0;0;0;1;A01
201100025914;0;7;0;0;2;0;24;C01
201100025914;0;34;0;0;2;1;2;A01
201100025914;0;7;0;0;2;0;24;D01
201100025914;0;7;0;0;2;5;2;B01
201100025915;0;1;0;0;2;4;2;B01
201100025915;0;7;0;0;2;1;2;A01
201100025916;0;7;0;0;2;3;1;A01
201100025916;0;33;0;0;2;9;17;B01
201100025917;0;33;0;0;0;0;2;A01
201100025918;0;7;0;0;2;8;16;A01
201100025918;0;7;0;0;2;3;1;B01
201100025919;0;33;0;1;2;9;1;A01
201100025919;0;10;0;0;2;2;16;B01
201100025920;0;7;0;0;0;4;2;B01
201100025920;0;7;0;0;2;4;2;A01
201100025921;0;7;0;0;1;1;1;A01
201100025922;0;10;0;0;1;4;20;A01
201100025923;0;7;0;0;2;3;13;A01
201100025923;0;7;0;0;2;1;17;B01
201100025924;0;7;0;0;1;1;1;A01
201100025925;0;7;0;0;2;1;9;A01
201100025925;0;30;0;0;2;9;1;B01
201100025926;0;30;0;0;2;8;17;A01
201100025926;0;7;0;0;0;8;15;B01
201100025927;0;7;0;0;2;8;15;B01
201100025927;0;30;0;0;2;7;17;A01
201100025928;0;13;0;0;2;1;2;A01
201100025928;0;7;0;0;2;4;2;B01
201100025929;0;2;0;1;0;0;0;A01
201100025930;0;7;0;6;0;1;13;A01
201100025931;0;30;0;0;2;0;1;B01
201100025931;0;7;0;0;2;4;1;A01
201100025932;0;7;0;0;1;0;0;A01
201100025933;0;7;0;0;2;3;1;B01
201100025933;0;10;0;0;2;1;13;A01
201100025934;0;7;0;0;2;5;1;B01
201100025934;0;7;0;0;2;4;20;A01
201100025935;0;7;0;0;1;0;0;A01
201100025936;0;7;0;0;2;7;16;B01
201100025936;0;2;0;0;2;1;18;A01
201100025937;0;33;0;0;2;1;2;B01
201100025937;0;7;0;0;2;9;1;C01
201100025937;0;7;0;0;2;1;1;A01
201100025937;0;7;0;0;2;6;1;D01
201100025938;0;7;0;0;2;5;2;B01
201100025938;0;7;0;0;2;3;2;A01
201100025939;0;33;0;0;2;1;1;A01
201100025939;0;7;0;0;2;1;15;B01
201100025940;0;7;0;0;2;1;2;A01
201100025940;0;14;0;0;2;4;2;B01
201100025941;0;7;0;0;2;4;2;B01
201100025941;0;33;0;0;2;1;2;A01
201100025942;0;33;0;0;2;7;1;B01
201100025942;0;7;0;0;2;3;1;A01
201100025943;0;7;0;0;2;1;1;B01
201100025943;2;7;0;0;2;9;0;A01
201100025944;0;7;0;2;0;0;0;A01
201100025945;0;7;0;0;2;6;0;B01
201100025945;0;7;0;0;2;8;0;A01
201100025945;0;7;0;0;2;3;0;C01
201100025946;0;7;0;0;2;5;2;B01
201100025946;0;31;0;0;2;1;2;A01
201100025947;0;30;0;0;2;1;1;B01
201100025947;0;7;0;0;2;3;9;A01
201100025948;0;7;0;0;2;4;2;A01
201100025948;1;7;0;0;0;0;0;Z01
201100025949;0;7;0;0;1;2;1;A01
201100025950;0;7;0;8;0;1;13;A01
201100025951;0;2;0;0;2;1;2;A01
201100025951;0;7;0;0;2;4;2;B01
201100025952;0;30;0;0;1;3;1;A01
201100025953;0;7;0;7;0;9;1;A01
201100025954;0;7;0;0;2;1;2;A01
201100025954;0;7;0;0;2;4;2;C01
201100025954;0;7;0;0;2;1;2;B01
201100025955;0;7;0;0;1;1;1;A01
201100025956;0;2;0;0;0;0;1;A01
201100025957;0;7;0;0;2;4;2;B01
201100025957;0;7;0;0;2;1;2;A01
201100025958;0;30;0;0;2;7;1;B01
201100025958;0;7;0;0;2;3;1;A01
201100025959;0;7;0;0;2;1;15;B01
201100025959;0;10;0;0;2;1;1;A01
201100025960;1;7;0;0;1;4;4;Z01
201100025961;0;7;0;0;2;1;1;B01
201100025961;0;99;0;0;2;1;1;A01
201100025962;0;7;0;0;2;6;2;B01
201100025962;0;31;0;0;2;0;2;A01
201100025963;0;7;0;0;2;1;1;B01
201100025963;0;7;0;0;2;1;1;A01
201100025964;0;30;0;0;2;1;1;B01
201100025964;0;7;0;0;2;1;1;A01
201100025965;0;33;0;0;2;7;1;B01
201100025965;0;10;0;0;2;5;20;A01
201100025966;0;33;0;0;2;1;1;B01
201100025966;0;7;0;0;2;3;0;A01
201100025967;0;7;0;0;2;1;2;A01
201100025967;0;7;0;0;2;4;2;B01
201100025968;0;7;0;0;1;1;1;A01
201100025969;0;7;0;0;0;9;1;A01
201100025970;0;7;0;0;2;1;2;A01
201100025970;0;7;0;0;2;4;2;B01
201100025970;0;7;0;0;2;4;2;C01
201100025971;0;7;0;0;2;1;15;A01
201100025971;0;33;0;0;2;2;17;B01
201100025972;0;7;0;0;2;1;1;A01
201100025972;0;7;0;0;2;8;1;B01
201100025973;1;7;0;0;1;2;0;A01
201100025974;0;10;0;0;2;1;2;A01
201100025974;0;7;0;0;2;9;2;B01
201100025974;0;7;0;0;2;4;2;C01
201100025975;0;7;0;0;2;1;16;A01
201100025975;0;10;0;0;2;0;1;B01
201100025976;0;7;0;0;2;3;1;A01
201100025976;0;33;0;0;2;1;1;B01
201100025977;0;30;0;1;0;1;1;A01
201100025978;0;7;0;0;2;8;1;B01
201100025978;0;7;0;0;2;3;1;A01
201100025979;0;30;0;0;2;1;2;A01
201100025979;0;30;0;0;2;0;2;B01
201100025980;0;7;0;6;0;1;14;A01
201100025981;0;31;0;0;2;3;1;A01
201100025981;0;1;0;0;2;0;1;B01
201100025982;0;7;0;8;0;9;14;A01
201100025983;0;7;0;0;2;7;1;B01
201100025983;0;7;0;0;2;2;15;A01
201100025984;0;30;0;14;0;0;1;A01
201100025985;0;7;0;0;2;1;2;A01
201100025985;0;7;0;0;2;4;2;B01
201100025986;0;10;0;0;2;4;2;D01
201100025986;0;7;0;0;2;4;2;C01
201100025986;0;10;0;0;2;1;2;A01
201100025986;0;7;0;0;2;4;2;B01
201100025987;0;33;0;0;2;3;1;A01
201100025987;0;10;0;0;2;3;15;B01
201100025988;0;10;0;0;2;3;15;B01
201100025988;0;33;0;0;2;3;1;A01
201100025989;0;7;0;0;2;7;15;B01
201100025989;0;1;0;0;2;0;15;A01
201100025990;0;7;0;0;2;4;2;B01
201100025990;0;7;0;0;2;1;2;A01
201100025991;0;7;0;0;2;1;1;A01
201100025991;0;7;0;0;2;5;1;B01
201100025992;0;7;0;9;0;1;14;A01
201100025993;0;7;0;0;2;6;4;A01
201100025993;0;7;0;0;2;1;1;B01
201100025994;0;33;0;0;2;1;17;B01
201100025994;0;7;0;0;2;3;15;A01
201100025995;0;7;0;0;2;0;15;A01
201100025995;0;7;0;0;2;0;1;B01
201100025995;0;7;0;0;2;0;1;C01
201100025996;0;7;0;0;0;9;1;A01
201100025997;0;7;0;0;2;5;15;A01
201100025997;0;32;0;0;2;0;1;B01
201100025998;0;33;0;0;2;1;1;B01
201100025998;0;7;0;0;2;6;15;A01
201100025999;0;30;0;0;2;2;13;B01
201100025999;0;7;0;0;2;2;1;A01
201100026000;0;7;0;0;2;1;2;A01
201100026000;0;7;0;0;2;4;2;B01
201100026001;0;7;0;0;2;1;1;B01
201100026001;0;1;0;0;2;1;1;A01
201100026002;0;7;0;0;2;1;2;A01
201100026002;0;2;0;0;2;4;2;B01
201100026003;0;7;0;0;2;3;1;B01
201100026003;0;2;0;0;2;2;0;A01
201100026004;0;7;0;0;2;4;2;B01
201100026004;0;7;0;0;2;1;2;A01
201100026005;0;2;0;0;2;1;2;A01
201100026006;0;7;0;0;2;7;1;B01
201100026006;0;7;0;0;2;1;9;A01
201100026007;0;7;0;0;1;3;1;A01
201100026008;0;7;0;0;2;2;16;A01
201100026008;0;7;0;0;2;3;9;B01
201100026009;0;7;0;0;2;4;2;B01
201100026009;0;7;0;0;2;3;2;A01
201100026010;0;15;0;0;2;2;2;A01
201100026010;0;1;0;0;2;8;2;B01
201100026011;0;7;0;0;2;4;1;B01
201100026011;0;30;0;0;2;0;0;A01
201100026012;0;10;0;0;2;0;1;A01
201100026012;0;31;0;14;2;2;1;B01
201100026013;0;7;0;0;2;4;2;C01
201100026013;0;13;0;0;2;1;2;A01
201100026013;0;7;0;0;2;9;2;B01
201100026014;0;7;0;0;2;3;15;A01
201100026014;0;2;0;0;2;0;1;B01
201100026015;0;7;0;12;0;9;1;A01
201100026016;0;15;0;0;0;4;2;B01
201100026016;0;10;0;0;2;1;2;A01
201100026017;0;7;0;0;2;1;17;A01
201100026017;0;7;0;0;0;3;15;B01
201100026018;0;7;0;0;1;2;1;A01
201100026019;0;7;0;0;0;4;2;B01
201100026019;0;7;0;0;2;1;2;A01
201100026020;0;7;0;0;2;3;15;A01
201100026020;0;1;0;0;0;0;1;B01
201100026021;0;7;0;0;2;1;2;A01
201100026021;0;7;0;0;0;4;2;B01
201100026022;0;7;0;7;0;1;1;A01
201100026023;0;7;0;0;1;1;1;A01
201100026024;0;10;0;0;2;2;1;A01
201100026024;0;7;0;0;2;3;1;B01
201100026025;0;2;0;0;0;4;2;B01
201100026025;0;7;0;0;2;1;2;A01
201100026026;0;7;0;2;0;1;2;B01
201100026026;0;7;0;0;2;1;2;A01
201100026027;0;7;0;0;2;5;2;B01
201100026027;0;32;0;0;2;1;2;A01
201100026028;0;7;0;0;1;4;4;A01
201100026029;0;33;0;0;2;2;17;A01
201100026029;0;7;0;0;2;3;15;B01
201100026030;0;7;0;15;0;1;14;A01
201100026031;0;7;0;0;2;1;1;A01
201100026031;0;7;0;0;0;6;15;B01
201100026032;0;32;0;0;0;4;1;B01
201100026032;0;32;0;0;2;1;2;A01
201100026033;0;7;0;6;0;1;1;A01
201100026034;0;7;0;0;2;3;1;B01
201100026034;0;7;0;0;2;3;15;A01
201100026035;0;14;0;0;1;0;1;A01
201100026036;0;10;0;0;0;5;1;B01
201100026036;0;7;0;0;2;1;1;A01
201100026037;0;7;0;0;2;2;1;B01
201100026037;0;7;0;0;2;1;15;A01
201100026038;0;1;0;0;2;8;15;B01
201100026038;0;7;0;0;9;7;1;A01
201100026039;1;7;0;0;1;1;11;A01
201100026040;0;33;0;0;0;1;17;A01
201100026041;0;7;0;0;0;4;23;B01
201100026041;0;7;0;0;2;4;1;A01
201100026041;0;10;0;0;2;3;1;C01
201100026042;0;7;0;0;2;2;1;A01
201100026042;0;33;0;0;0;3;1;B01
201100026043;0;7;0;0;2;3;1;C01
201100026043;0;7;0;0;2;3;1;A01
201100026043;0;33;0;0;0;5;15;B01
201100026044;0;2;0;0;2;1;2;A01
201100026044;0;7;0;0;0;3;1;C01
201100026044;0;7;0;0;0;4;2;B01
201100026045;0;10;0;0;2;3;16;A01
201100026045;0;1;0;0;2;1;1;B01
201100026046;0;7;0;0;1;7;0;A01
201100026047;0;7;0;0;0;2;23;B01
201100026047;0;1;0;0;0;1;1;A01
201100026048;0;7;0;0;1;3;1;A01
201100026049;0;7;0;0;1;2;1;A01
201100026050;0;7;0;11;0;9;1;A01
201100026051;0;3;0;0;1;1;1;A01
201100026052;0;7;0;0;1;2;1;A01
201100026053;0;7;0;0;2;5;15;A01
201100026053;0;33;0;0;2;1;1;B01
201100026054;0;33;0;0;0;2;1;B01
201100026054;0;7;0;0;2;3;1;A01
201100026055;0;7;0;0;2;1;2;A01
201100026055;0;7;0;0;0;4;2;B01
201100026056;0;7;0;0;2;3;16;B01
201100026056;0;7;0;0;2;2;1;A01
201100026057;0;7;0;0;2;1;1;B01
201100026057;0;7;0;0;2;1;5;A01
201100026058;1;7;0;0;2;1;1;Z01
201100026058;0;1;0;0;0;4;11;A01
201100026059;0;7;0;0;1;2;1;A01
201100026060;0;10;0;0;2;1;11;A01
201100026060;0;32;0;0;2;1;1;B01
201100026061;0;33;0;0;0;8;0;A01
201100026062;0;7;0;0;2;1;5;A01
201100026062;0;30;0;0;2;1;1;B01
201100026063;0;7;0;3;0;1;1;A01
201100026064;0;7;0;13;6;1;1;A01
201100026065;0;33;0;0;0;8;1;A01
201100026066;0;7;0;0;1;1;1;A01
201100026067;0;7;0;0;2;4;1;B01
201100026067;0;7;0;0;2;1;2;A01
201100026068;0;7;0;13;0;9;0;A01
201100026069;0;7;0;6;0;1;15;A01
201100026070;0;7;0;3;0;3;0;A01
201100026071;0;7;0;13;0;1;1;A01
201100026072;0;31;0;0;2;1;1;A01
201100026072;0;7;0;0;2;4;23;B01
201100026073;0;7;0;0;1;0;0;A01
201100026074;0;35;0;0;0;0;0;A01
201100026075;0;7;0;0;2;3;1;A01
201100026075;0;7;0;0;0;3;1;B01
201100026076;0;7;0;0;2;1;8;A01
201100026076;0;7;0;0;2;8;1;B01
201100026077;0;7;0;0;2;2;1;B01
201100026077;0;7;0;0;2;1;9;A01
201100026078;0;7;0;0;2;3;1;B01
201100026078;0;2;0;0;2;1;1;A01
201100026079;0;7;0;0;2;7;15;A01
201100026079;0;32;0;0;2;1;1;B01
201100026080;0;2;0;0;2;3;1;B01
201100026080;0;7;0;0;2;1;15;A01
201100026081;0;7;0;0;2;1;15;A01
201100026081;0;7;0;0;2;1;1;B01
201100026082;0;37;5;0;0;0;1;A01
201100026083;0;7;0;0;2;3;16;B01
201100026083;0;2;0;0;2;1;1;A01
201100026084;0;38;1;0;1;2;1;A01
201100026085;0;33;0;0;2;1;1;B01
201100026085;0;7;0;0;2;3;10;A01
201100026086;0;2;0;8;0;1;1;A01
201100026087;0;7;0;0;2;2;15;A01
201100026087;0;31;0;0;2;1;1;B01
201100026088;0;7;0;0;2;1;2;A01
201100026088;0;7;0;0;2;4;23;B01
201100026089;0;7;0;0;2;1;1;A01
201100026089;0;33;0;0;2;2;15;B01
201100026090;0;7;0;0;2;7;1;B01
201100026090;0;7;0;0;2;1;16;A01
201100026091;1;7;0;0;1;2;1;A01
201100026092;0;37;0;0;1;1;1;A01
201100026093;0;30;0;0;2;8;1;B01
201100026093;0;7;0;0;2;2;16;A01
201100026094;0;7;0;0;1;8;4;A01
201100026095;0;7;0;0;2;2;1;B01
201100026095;0;20;0;0;2;3;1;A01
201100026096;0;7;0;0;1;0;0;A01
201100026097;0;7;0;0;1;0;0;A01
201100026098;0;10;0;2;0;1;16;A01
201100026099;0;7;0;0;2;0;1;A01
201100026099;0;7;0;0;2;0;23;E01
201100026099;0;7;0;0;2;1;1;B01
201100026099;0;7;0;1;2;8;1;C01
201100026099;0;7;0;0;2;1;1;D01
201100026100;0;30;0;0;0;2;1;A01
201100026101;0;7;0;0;2;1;15;A01
201100026101;0;1;0;0;2;4;1;B01
201100026102;0;7;0;0;2;1;1;B01
201100026102;0;7;0;0;2;2;1;A01
201100026103;0;7;0;2;0;1;1;A01
201100026104;0;7;0;0;2;1;1;A01
201100026104;0;14;0;0;2;3;1;B01
201100026105;0;7;0;0;1;4;4;A01
201100026106;0;7;0;0;2;2;1;A01
201100026106;0;2;0;0;2;3;2;B01
201100026107;0;7;0;0;2;1;11;A01
201100026107;0;2;0;0;2;1;1;B01