num_acc;senc;catv;occutc;obs;obsm;choc;manv;num_veh
201100026108;0;7;0;0;2;3;15;A01
201100026108;0;31;0;0;2;6;1;B01
201100026109;0;7;0;0;2;8;15;B01
201100026109;0;30;0;0;2;1;17;A01
201100026110;0;7;0;14;0;2;0;A01
201100026111;0;7;0;8;0;5;1;B01
201100026111;0;7;0;0;2;1;2;A01
201100026112;0;7;0;0;2;4;1;B01
201100026112;0;10;0;0;2;1;1;A01
201100026113;0;7;0;0;2;1;1;B01
201100026113;0;7;0;0;2;1;1;A01
201100026114;0;2;0;4;0;8;1;A01
201100026115;0;31;0;0;2;1;1;B01
201100026115;0;7;0;0;2;5;0;A01
201100026116;0;7;0;0;2;3;1;A01
201100026116;0;7;0;0;2;8;15;B01
201100026117;0;7;0;1;0;3;1;A01
201100026118;0;7;0;0;2;4;16;B01
201100026119;0;7;0;0;1;1;0;A01
201100026120;0;30;0;0;1;0;0;A01
201100026121;0;7;0;0;2;1;16;A01
201100026121;0;7;0;0;2;9;1;B01
201100026122;1;7;0;0;1;3;1;A01
201100026123;0;7;0;0;2;1;13;A01
201100026123;0;7;0;0;2;1;1;B01
201100026124;0;7;0;15;2;2;0;A01
201100026124;0;7;0;0;2;1;0;B01
201100026125;0;7;0;0;1;7;0;A01
201100026126;1;7;0;0;1;3;16;A01
201100026127;0;33;0;0;2;8;1;B01
201100026127;0;7;0;0;2;1;0;A01
201100026128;0;7;0;0;2;2;0;B01
201100026128;0;7;0;9;2;1;0;A01
201100026129;0;7;0;0;1;1;1;A01
201100026130;0;7;0;1;1;1;1;A01
201100026131;0;7;0;0;1;1;1;A01
201100026132;0;7;0;0;2;1;1;B01
201100026132;0;7;0;0;2;8;15;A01
201100026133;1;7;0;8;1;1;16;A01
201100026134;0;7;0;0;0;0;15;B01
201100026134;0;2;0;0;0;8;1;A01
201100026135;0;7;0;0;1;2;1;A01
201100026136;0;7;0;0;2;1;1;C01
201100026136;0;7;0;0;2;1;1;A01
201100026136;0;7;0;0;2;3;1;B01
201100026137;0;7;0;0;2;8;1;B01
201100026137;0;7;0;0;2;1;1;A01
201100026138;0;32;0;0;2;7;17;B01
201100026138;0;7;0;0;2;3;15;A01
201100026139;0;7;0;0;2;1;1;A01
201100026139;0;7;0;0;2;4;1;B01
201100026140;0;7;0;0;2;1;1;A01
201100026140;0;2;0;1;2;7;1;B01
201100026141;0;7;0;0;1;4;4;A01
201100026142;0;37;1;0;1;8;1;A01
201100026143;0;7;0;0;2;1;1;B01
201100026143;0;10;0;0;2;1;1;A01
201100026144;0;7;0;0;2;7;15;B01
201100026144;0;7;0;0;2;5;1;C01
201100026144;0;7;0;0;2;1;1;A01
201100026145;0;7;0;0;2;1;15;B01
201100026145;0;7;0;0;2;1;1;A01
201100026146;1;7;0;0;2;1;1;A01
201100026146;0;32;0;0;2;1;1;B01
201100026147;0;7;0;2;0;9;1;A01
201100026148;0;7;0;0;2;7;20;A01
201100026148;0;1;0;0;2;1;1;B01
201100026149;0;7;0;0;1;1;1;A01
201100026150;0;10;0;0;2;4;1;B01
201100026150;0;7;0;0;2;6;1;C01
201100026150;0;7;0;0;2;1;1;A01
201100026151;0;31;0;8;2;8;1;B01
201100026151;0;7;0;0;2;1;15;A01
201100026152;0;7;0;2;0;1;1;A01
201100026153;0;10;0;0;2;1;1;A01
201100026153;0;7;0;0;2;4;1;B01
201100026154;0;7;0;0;2;3;15;A01
201100026154;0;1;0;0;2;1;19;B01
201100026155;0;7;0;0;2;1;1;B01
201100026155;0;7;0;0;2;7;15;A01
201100026156;0;7;0;0;2;1;15;A01
201100026156;0;2;0;0;2;1;19;B01
201100026157;0;32;0;0;2;3;1;B01
201100026157;0;7;0;0;2;1;15;A01
201100026158;1;30;0;0;1;0;1;A01
201100026159;0;7;0;6;0;3;0;A01
201100026160;0;37;1;0;1;3;1;A01
201100026161;0;2;0;0;0;7;1;A01
201100026162;0;7;0;0;2;0;13;A01
201100026162;0;2;0;0;0;0;1;B01
201100026163;0;10;0;0;2;1;15;B01
201100026163;0;31;0;0;2;1;1;A01
201100026164;0;7;0;0;1;1;0;A01
201100026165;0;7;0;2;0;1;0;A01
201100026166;0;7;0;0;2;2;15;B01
201100026166;0;31;0;0;2;1;1;A01
201100026167;0;33;0;0;2;1;1;A01
201100026167;0;7;0;0;2;1;1;B01
201100026168;0;7;0;2;0;0;0;A01
201100026169;0;7;0;13;0;3;1;A01
201100026170;0;7;0;0;2;4;1;B01
201100026170;0;7;0;0;2;1;1;A01
201100026171;1;7;0;0;1;1;1;A01
201100026172;1;7;0;0;2;1;2;A01
201100026172;0;7;0;0;0;4;1;B01
201100026173;0;33;0;0;2;7;2;A01
201100026173;0;7;0;0;2;5;2;C01
201100026173;0;7;0;0;2;7;2;B01
201100026174;0;7;0;0;2;2;1;B01
201100026174;2;7;0;0;2;3;1;A01
201100026175;0;30;0;0;2;1;1;B01
201100026175;0;1;0;0;2;1;5;A01
201100026176;0;7;0;0;2;1;1;B01
201100026176;0;7;0;1;2;3;1;A01
201100026177;0;7;0;2;0;1;13;A01
201100026178;0;7;0;0;2;3;9;A01
201100026178;0;2;0;0;2;1;1;B01
201100026179;0;7;0;6;0;1;1;A01
201100026180;0;33;0;0;0;4;23;B01
201100026180;0;7;0;0;2;1;2;A01
201100026181;0;7;0;0;2;3;19;A01
201100026181;0;15;0;0;2;1;1;B01
201100026182;0;7;0;0;2;1;1;A01
201100026182;0;7;0;0;2;6;1;C01
201100026182;0;7;0;0;2;4;17;B01
201100026183;2;7;0;0;2;1;1;B01
201100026183;0;33;0;0;2;1;1;A01
201100026184;0;10;0;0;2;2;1;B01
201100026184;0;7;0;0;2;1;1;A01
201100026185;0;7;0;0;1;7;1;A01
201100026186;0;7;0;0;2;3;1;B01
201100026186;0;33;0;1;2;2;2;A01
201100026187;0;7;0;8;0;1;1;A01
201100026188;0;31;0;0;2;1;1;B01
201100026188;0;7;0;0;2;6;9;A01
201100026189;0;7;0;7;0;6;1;A01
201100026190;2;7;0;13;0;0;1;A01
201100026191;0;33;0;0;2;1;1;B01
201100026191;0;7;0;0;2;1;1;A01
201100026192;0;7;0;0;2;1;1;A01
201100026192;0;33;0;0;2;8;1;B01
201100026193;0;31;0;0;2;2;6;B01
201100026193;0;7;0;0;9;1;15;A01
201100026194;0;7;0;0;2;1;1;A01
201100026194;0;7;0;0;2;4;1;B01
201100026195;0;7;0;0;2;4;1;B01
201100026195;0;7;0;0;2;4;1;C01
201100026195;0;14;0;0;2;1;1;A01
201100026196;0;7;0;0;1;1;1;A01
201100026197;0;2;0;0;2;1;1;A01
201100026197;0;7;0;0;0;5;23;B01
201100026198;0;7;0;0;2;2;1;B01
201100026198;0;7;0;0;2;6;9;A01
201100026199;0;37;220;0;2;2;7;B01
201100026199;0;7;0;0;0;3;16;A01
201100026200;0;15;0;0;1;1;15;A01
201100026201;0;7;0;1;0;1;0;A01
201100026201;0;37;0;0;0;4;0;B01
201100026202;0;2;0;0;1;1;1;A01
201100026203;0;7;0;1;2;3;1;B01
201100026203;0;30;0;0;2;1;5;A01
201100026204;0;7;0;0;2;1;2;A01
201100026204;0;33;0;0;2;4;23;B01
201100026205;0;7;0;0;1;1;1;A01
201100026206;0;7;0;0;1;0;20;A01
201100026207;0;7;0;0;2;4;4;A01
201100026207;0;7;0;0;2;1;2;B01
201100026208;0;7;0;0;2;1;1;B01
201100026208;0;7;0;0;2;1;17;A01
201100026209;0;7;0;0;9;1;16;A01
201100026209;0;1;0;0;2;7;1;B01
201100026210;0;13;0;0;2;5;1;B01
201100026210;0;7;0;0;2;7;12;A01
201100026211;0;7;0;0;2;0;11;A01
201100026211;0;7;0;0;2;7;1;B01
201100026212;0;10;0;0;2;4;4;A01
201100026212;0;33;0;0;2;1;1;B01
201100026213;0;31;0;0;2;1;0;A01
201100026214;0;2;0;0;2;1;1;B01
201100026214;0;7;0;0;2;0;1;A01
201100026215;0;2;0;3;0;0;1;A01
201100026216;0;7;0;0;2;4;23;B01
201100026216;0;2;0;0;2;1;2;A01
201100026217;0;7;0;0;2;2;0;A01
201100026217;0;7;0;0;2;8;1;B01
201100026218;0;14;0;0;2;1;1;B01
201100026218;0;7;0;0;2;3;15;A01
201100026219;0;7;0;0;2;1;1;B01
201100026219;0;7;0;0;2;2;1;A01
201100026220;0;7;0;0;1;1;1;A01
201100026221;0;7;0;2;0;1;1;A01
201100026222;1;7;0;0;2;1;2;A01
201100026222;1;7;0;0;2;4;2;C01
201100026222;0;7;0;0;1;1;23;B01
201100026222;0;7;0;0;2;4;2;D01
201100026223;0;33;0;0;2;3;1;B01
201100026223;0;33;0;0;2;2;14;A01
201100026224;0;33;0;0;2;2;1;B01
201100026224;0;7;0;0;2;0;15;A01
201100026225;0;7;0;0;1;1;15;A01
201100026226;0;32;0;0;2;1;1;B01
201100026226;0;7;0;0;2;3;1;A01
201100026227;0;7;0;0;2;3;9;A01
201100026227;0;7;0;0;2;2;1;B01
201100026228;0;33;0;0;2;1;5;A01
201100026228;1;7;0;0;2;1;1;B01
201100026229;0;7;0;1;2;5;1;B01
201100026229;0;7;0;0;2;1;1;A01
201100026230;0;31;0;0;2;8;1;B01
201100026230;1;10;0;0;2;8;11;A01
201100026231;0;7;0;0;2;2;20;B01
201100026231;0;30;0;0;2;1;17;A01
201100026232;0;7;0;0;1;0;0;A01
201100026233;0;33;0;0;2;0;1;B01
201100026233;0;7;0;0;2;0;12;A01
201100026234;0;33;0;0;1;1;1;A01
201100026235;0;7;0;0;2;4;23;C01
201100026235;0;7;0;0;2;4;23;B01
201100026235;0;7;0;0;2;1;2;A01
201100026236;0;7;0;1;0;1;0;A01
201100026237;0;7;0;0;1;1;1;A01
201100026238;0;2;0;0;2;1;9;A01
201100026238;0;7;0;0;2;2;16;B01
201100026239;0;7;0;0;2;6;1;B01
201100026239;0;10;0;0;2;8;15;A01
201100026240;0;30;0;0;0;0;0;A01
201100026241;0;10;0;0;2;1;1;A01
201100026241;0;7;0;6;2;4;23;B01
201100026242;0;31;0;0;2;7;1;B01
201100026242;0;7;0;0;2;1;9;A01
201100026243;0;7;0;0;2;1;15;B01
201100026243;0;30;0;0;2;7;17;A01
201100026244;0;7;0;0;2;4;10;B01
201100026244;0;2;0;0;2;1;1;A01
201100026245;0;31;0;0;2;1;1;A01
201100026245;0;7;0;0;2;3;1;B01
201100026246;0;7;0;0;2;1;16;A01
201100026247;0;33;0;0;2;8;1;B01
201100026247;0;7;0;0;2;2;9;A01
201100026248;0;7;0;0;2;1;9;A01
201100026248;0;2;0;0;2;1;1;B01
201100026249;0;7;0;0;2;3;1;B01
201100026249;0;7;0;0;2;2;9;A01
201100026250;0;7;0;0;1;1;1;B01
201100026250;0;10;0;0;1;3;1;A01
201100026251;0;10;0;0;2;3;1;B01
201100026251;0;7;0;0;2;1;1;A01
201100026252;0;7;0;0;2;1;1;A01
201100026252;0;7;0;0;2;6;0;B01
201100026253;0;10;0;0;1;4;4;A01
201100026254;2;31;0;0;2;0;5;A01
201100026254;0;7;0;0;2;1;1;B01
201100026255;0;7;0;0;0;1;9;A01
201100026255;0;30;0;0;2;7;1;B01
201100026256;0;7;0;0;2;2;1;B01
201100026256;0;7;0;0;2;1;9;A01
201100026257;0;31;0;0;2;1;2;A01
201100026257;0;7;0;0;2;4;2;B01
201100026258;0;7;0;0;2;2;1;B01
201100026258;0;2;0;0;2;1;9;A01
201100026259;0;7;0;0;2;1;0;A01
201100026259;0;2;0;0;2;1;1;B01
201100026260;0;7;0;0;2;2;2;A01
201100026260;0;33;0;0;2;8;2;B01
201100026261;0;10;0;0;2;1;2;A01
201100026261;0;7;0;0;2;4;23;B01
201100026262;0;7;0;0;2;1;16;A01
201100026262;0;7;0;0;2;3;9;B01
201100026263;0;1;0;0;2;8;15;B01
201100026263;0;7;0;0;9;7;2;A01
201100026264;1;2;0;0;2;0;5;A01
201100026264;0;7;0;0;2;0;0;B01
201100026265;0;7;0;0;2;1;15;A01
201100026265;0;1;0;0;2;8;1;B01
201100026266;0;7;0;1;9;5;15;A01
201100026266;0;1;0;0;2;0;1;B01
201100026267;0;7;0;0;2;4;2;B01
201100026267;0;7;0;0;2;4;2;C01
201100026267;0;10;0;0;2;1;2;A01
201100026268;0;2;0;0;2;1;17;A01
201100026268;0;7;0;0;2;6;1;B01
201100026269;0;7;0;0;2;4;2;B01
201100026269;0;7;0;0;2;4;2;C01
201100026269;0;7;0;0;2;1;2;A01
201100026270;0;7;0;0;2;4;2;B01
201100026270;0;7;0;0;2;1;2;A01
201100026271;0;7;0;0;2;1;1;A01
201100026272;0;33;0;1;0;1;5;A01
201100026273;1;99;0;0;2;1;9;A01
201100026273;0;31;0;0;2;0;1;B01
201100026274;0;7;0;13;0;9;1;A01
201100026275;0;7;0;0;2;4;2;C01
201100026275;0;7;0;0;2;1;2;A01
201100026275;0;7;0;0;2;4;2;B01
201100026276;0;7;0;0;2;3;15;B01
201100026276;0;7;0;0;2;5;0;A01
201100026277;0;7;0;0;2;4;2;C01
201100026277;0;10;0;0;2;1;2;A01
201100026277;0;7;0;0;2;4;2;B01
201100026278;0;2;0;0;0;0;0;A01
201100026279;0;2;0;0;2;1;2;B01
201100026279;0;10;0;0;2;3;9;A01
201100026280;0;2;0;0;2;1;1;B01
201100026280;1;7;0;0;2;1;5;Z01
201100026281;0;7;0;0;2;3;2;A01
201100026281;0;7;0;0;2;5;2;B01
201100026282;0;7;0;0;2;4;2;C01
201100026282;0;7;0;0;2;1;2;A01
201100026282;0;7;0;0;2;4;2;B01
201100026283;0;2;0;0;2;2;1;A01
201100026283;0;7;0;0;2;2;0;B01
201100026284;0;7;0;0;2;1;1;B01
201100026284;0;2;0;0;2;1;5;A01
201100026285;0;2;0;3;0;1;0;A01
201100026286;0;7;0;0;2;7;15;A01
201100026286;0;31;0;0;2;1;1;B01
201100026287;0;7;0;0;2;4;23;B01
201100026287;1;7;0;0;2;1;2;A01
201100026287;0;7;0;0;2;4;23;C01
201100026288;0;31;0;14;0;0;1;A01
201100026288;0;7;0;0;0;0;9;B01
201100026289;0;7;0;0;0;0;15;B01
201100026289;0;7;0;2;0;6;1;A01
201100026290;0;2;0;0;2;1;2;A01
201100026290;0;7;0;0;2;3;15;B01
201100026291;0;33;0;11;0;1;9;A01
201100026292;0;7;0;0;2;1;2;A01
201100026292;0;7;0;0;2;4;2;B01
201100026293;0;7;0;0;2;5;2;A01
201100026293;0;7;0;0;2;4;23;B01
201100026294;0;31;0;0;2;1;1;B01
201100026294;0;7;0;0;2;3;4;A01
201100026295;0;38;2;0;1;7;16;A01
201100026296;0;7;0;0;2;1;1;B01
201100026296;0;7;0;15;0;6;9;A01
201100026297;0;7;0;0;2;1;15;A01
201100026297;0;30;0;0;2;1;2;B01
201100026298;0;7;0;0;2;3;10;A01
201100026298;0;7;0;0;2;2;2;B01
201100026299;0;7;0;0;2;1;2;A01
201100026299;0;7;0;0;2;4;1;B01
201100026300;0;2;0;0;1;1;0;A01
201100026301;0;7;0;0;2;1;2;A01
201100026301;0;7;0;0;2;4;2;B01
201100026302;0;7;0;0;0;0;0;A01
201100026303;0;7;0;0;2;8;2;A01
201100026303;0;7;0;0;2;3;2;B01
201100026303;0;7;0;0;2;4;2;C01
201100026304;0;7;0;0;2;2;2;B01
201100026304;0;7;0;0;2;3;15;A01
201100026305;0;7;0;0;2;7;15;A01
201100026305;0;7;0;0;2;2;15;B01
201100026306;0;7;0;0;2;1;15;A01
201100026306;0;34;0;0;2;1;2;B01
201100026307;0;14;0;0;2;3;2;B01
201100026307;0;7;0;0;2;6;15;A01
201100026308;1;2;0;0;0;0;0;A01
201100026309;0;7;0;2;0;1;2;A01
201100026310;0;14;0;0;2;1;15;B01
201100026310;0;7;0;0;2;8;1;A01
201100026311;0;1;0;0;2;4;2;B01
201100026311;0;7;0;0;2;1;2;A01
201100026312;0;7;0;0;2;1;2;C01
201100026312;0;7;0;0;2;1;2;A01
201100026312;0;7;0;0;2;6;2;B01
201100026313;0;7;0;0;2;1;5;A01
201100026313;0;7;0;0;2;1;2;B01
201100026314;0;30;0;0;1;1;15;A01
201100026315;0;7;0;0;2;4;2;B01
201100026315;0;7;0;0;2;1;2;A01
201100026316;0;7;0;1;0;4;4;A01
201100026317;0;7;0;8;0;1;1;A01
201100026318;0;7;0;0;1;1;2;A01
201100026319;0;7;0;0;2;3;1;A01
201100026319;0;7;0;0;2;2;1;B01
201100026320;0;7;0;4;0;9;0;A01
201100026321;0;7;0;9;0;1;12;A01
201100026322;0;7;0;0;2;7;15;A01
201100026322;0;7;0;0;2;1;1;B01
201100026323;0;7;0;2;0;2;0;A01
201100026324;0;7;0;9;0;7;1;A01
201100026325;0;7;0;0;2;2;19;B01
201100026325;0;33;0;0;2;1;19;A01
201100026326;0;33;0;0;2;1;21;A01
201100026326;0;7;0;0;2;5;15;B01
201100026327;0;7;0;3;0;2;1;A01
201100026328;0;10;0;0;2;3;13;A01
201100026328;0;7;0;0;2;3;1;B02
201100026329;0;17;0;3;0;3;6;A01
201100026330;0;14;0;1;2;2;19;A01
201100026330;0;10;0;0;2;1;1;B02
201100026331;0;7;0;0;2;3;13;A01
201100026331;0;7;0;0;2;3;1;B02
201100026332;0;30;0;0;2;4;15;B02
201100026332;0;7;0;0;2;2;17;A01
201100026333;0;15;0;3;0;9;1;A01
201100026334;0;36;0;0;6;2;1;A01
201100026335;1;7;0;;2;1;11;A01
201100026335;0;7;0;0;2;5;17;B02
201100026336;0;1;0;0;2;4;1;B01
201100026336;0;7;0;0;9;3;0;A01
201100026337;0;7;0;12;4;5;14;A01
201100026337;0;40;1;0;2;2;2;B01
201100026338;0;33;0;0;2;1;1;B01
201100026338;0;7;0;0;2;5;19;A01
201100026339;0;7;0;0;1;1;1;A01
201100026340;0;1;0;0;2;5;1;B01
201100026340;0;7;0;0;2;1;1;A01
201100026341;1;7;0;0;2;6;11;A01
201100026341;0;7;0;0;2;2;1;B01
201100026341;0;33;0;0;2;2;1;C01
201100026342;0;7;0;6;0;9;1;A01
201100026343;0;3;0;0;2;1;1;A01
201100026343;0;7;0;0;2;1;1;B01
201100026343;0;7;0;0;2;1;1;C01
201100026344;0;33;0;0;2;1;1;A01
201100026344;0;7;0;0;2;6;15;B01
201100026345;1;7;0;0;2;1;1;Z01
201100026345;0;1;0;0;2;4;1;A01
201100026346;0;7;0;15;0;1;14;A01
201100026347;0;1;0;0;2;7;16;B01
201100026347;0;7;0;0;2;1;9;A01
201100026348;0;7;0;10;0;1;2;A01
201100026349;0;7;0;0;0;7;15;B01
201100026349;0;33;0;0;2;1;1;A01
201100026350;0;7;0;0;2;8;2;A01
201100026350;0;7;0;0;2;7;2;B01
201100026351;0;7;0;13;0;9;0;A01
201100026352;0;7;0;13;0;8;0;A01
201100026353;0;7;0;2;0;9;14;A01
201100026354;0;30;0;0;2;1;21;A01
201100026354;0;7;0;0;2;7;19;B01
201100026355;0;7;0;0;2;2;2;B01
201100026355;0;7;0;0;2;6;2;A01
201100026356;0;7;0;13;0;0;1;A01
201100026357;0;7;0;0;2;1;2;B01
201100026357;0;7;0;0;2;1;2;A01
201100026357;0;7;0;0;2;4;1;C01
201100026358;0;7;0;0;2;1;2;B01
201100026358;0;7;0;0;2;1;2;A01
201100026358;0;7;0;0;0;4;2;C01
201100026359;0;7;0;8;0;1;2;A01
201100026360;0;1;0;13;0;1;1;A01
201100026361;0;10;0;0;2;1;2;B01
201100026361;0;7;0;0;2;4;2;A01
201100026362;0;7;0;13;0;7;2;A01
201100026363;0;2;0;0;2;1;16;A01
201100026363;0;7;0;0;2;1;1;B01
201100026364;0;7;0;0;4;1;0;A01
201100026365;0;10;0;13;0;1;1;A01
201100026366;0;7;0;1;0;2;14;A01
201100026367;0;14;0;14;0;4;1;A01
201100026368;0;30;0;0;0;8;1;A01
201100026369;0;7;0;0;0;4;2;A01
201100026369;0;7;0;0;0;1;2;B01
201100026370;0;7;0;0;1;2;1;A01
201100026371;0;10;0;0;1;4;4;A01
201100026372;0;7;0;0;1;0;17;A01
201100026373;0;10;0;13;0;1;1;A01
201100026374;0;7;0;0;2;1;1;B01
201100026374;0;2;0;0;0;4;2;A01
201100026375;0;10;0;0;0;0;0;B01
201100026375;0;7;0;0;0;0;0;A01
201100026376;0;7;0;0;1;2;20;A01
201100026377;0;10;0;0;2;1;1;A01
201100026377;0;7;0;0;0;6;15;C01
201100026377;0;7;0;0;2;4;15;B01
201100026378;0;7;0;0;2;3;15;A01
201100026378;0;30;0;0;2;1;17;B01
201100026379;0;7;0;10;9;1;15;A01
201100026380;0;2;0;0;2;8;2;B01
201100026380;0;30;0;0;2;8;2;C01
201100026380;0;7;0;0;2;8;1;D01
201100026380;0;30;0;0;2;7;2;A01
201100026381;0;7;0;16;0;9;0;A01
201100026382;0;33;0;0;2;7;21;B01
201100026382;0;7;0;0;2;1;9;A01
201100026383;0;7;0;0;2;1;1;B01
201100026383;0;7;0;0;2;3;15;A01
201100026384;0;7;0;0;1;2;1;A01
201100026385;0;1;0;0;0;5;1;B01
201100026385;0;7;0;0;9;1;9;A01
201100026386;0;3;0;0;2;5;1;B01
201100026386;0;7;0;0;2;2;15;A01
201100026387;0;7;0;0;2;6;10;B01
201100026387;0;7;0;0;2;1;1;A01
201100026388;0;14;0;1;2;1;0;B01
201100026388;0;7;0;8;2;9;19;A01
201100026389;0;30;0;0;2;1;2;A01
201100026389;0;7;0;0;0;4;2;B01
201100026390;0;7;0;1;0;1;1;A01
201100026391;0;7;0;2;0;7;17;A01
201100026392;0;32;0;0;2;1;0;B02
201100026392;0;7;0;0;0;2;1;A01
201100026393;0;14;0;0;0;4;2;A01
201100026393;0;30;0;0;2;1;2;B02
201100026394;0;7;0;0;2;4;23;A01
201100026394;1;7;0;0;2;1;2;Z01
201100026395;1;7;0;0;1;0;0;Z01
201100026396;0;7;0;0;2;2;14;A01
201100026396;0;7;0;0;2;6;23;B01
201100026397;0;7;0;0;1;1;16;A01
201100026398;0;2;0;0;2;0;0;B01
201100026398;0;7;0;0;2;3;0;A01
201100026399;0;33;0;0;2;1;0;A01
201100026399;0;7;0;0;2;3;0;B01
201100026400;0;7;0;0;1;0;1;A01
201100026401;0;7;0;0;2;1;2;B01
201100026401;0;7;0;0;2;4;1;A01
201100026401;0;33;0;0;2;1;2;C01
201100026402;0;7;0;2;0;3;0;A01
201100026403;0;7;0;0;1;3;1;A01
201100026404;0;7;0;7;0;0;1;A01
201100026405;0;7;0;15;0;0;0;A01
201100026406;0;13;0;0;2;0;17;A01
201100026406;0;7;0;0;2;0;1;B01
201100026407;0;7;0;0;0;1;0;A01
201100026408;0;7;0;0;2;3;21;A01
201100026408;0;7;0;0;2;1;1;C01
201100026408;0;7;0;0;2;3;1;B01
201100026409;0;2;0;0;9;1;1;A01
201100026410;0;7;0;0;2;3;0;B01
201100026410;0;10;0;0;2;1;0;A01
201100026411;0;7;0;0;1;0;0;A01
201100026412;0;7;0;0;2;1;0;A01
201100026412;0;7;0;0;0;0;0;B01
201100026413;0;7;0;10;0;1;0;A01
201100026414;0;7;0;0;1;5;4;A01
201100026415;1;7;0;0;0;0;0;Z01
201100026415;0;7;0;0;2;0;0;A01
201100026416;1;7;0;0;1;0;0;Z01
201100026417;0;33;0;0;2;3;0;B01
201100026417;0;7;0;0;2;3;1;A01
201100026418;0;7;0;6;1;3;0;A01
201100026419;0;7;0;4;0;1;0;A01
201100026420;0;7;0;0;2;3;0;A01
201100026420;0;33;0;0;2;1;1;B01
201100026421;0;7;0;0;2;3;23;A01
201100026421;0;32;0;0;2;2;0;B01
201100026422;0;7;0;0;2;2;0;A01
201100026422;0;2;0;0;2;8;0;B01
201100026423;0;1;0;0;2;5;19;B01
201100026423;0;7;0;0;2;1;1;A01
201100026424;0;7;0;0;2;1;1;A01
201100026424;0;7;0;0;2;4;1;B01
201100026424;0;10;0;0;2;4;0;C01
201100026425;0;14;0;0;2;0;12;A01
201100026425;0;7;0;0;2;8;1;B01
201100026426;0;7;0;0;1;1;1;A01
201100026426;0;33;0;0;2;4;23;B01
201100026427;0;7;0;0;2;4;1;B01
201100026427;0;31;0;0;2;1;1;A01
201100026428;0;7;0;0;2;1;13;A01
201100026428;0;7;0;0;2;1;1;B01
201100026429;0;7;0;0;1;3;1;A01
201100026430;0;7;0;0;2;3;15;A01
201100026430;0;31;0;0;2;2;1;B01
201100026431;0;10;0;0;2;1;0;A01
201100026431;0;33;0;0;2;4;0;B01
201100026432;0;7;0;0;2;5;1;C01
201100026432;0;7;0;0;2;8;11;A01
201100026432;0;33;0;0;2;7;1;B01
201100026433;0;7;0;9;0;8;1;A01
201100026434;0;7;0;0;2;7;15;A01
201100026434;0;33;0;0;2;1;1;B01
201100026434;0;7;0;0;2;6;23;C01
201100026435;0;7;0;0;1;2;1;A01
201100026436;0;7;0;0;2;9;1;A01
201100026436;0;40;0;0;2;2;1;B01
201100026437;0;30;0;0;2;0;16;B01
201100026437;0;7;0;0;2;0;14;A01
201100026438;0;7;0;0;1;1;1;A01
201100026439;0;7;0;0;2;9;0;A01
201100026439;0;7;0;0;2;1;1;B01
201100026440;1;7;0;0;2;3;19;Z01
201100026440;0;31;0;0;2;8;1;B01
201100026441;0;7;0;0;2;4;2;B01
201100026441;0;7;0;0;2;1;1;A01
201100026442;0;7;0;0;2;4;23;B01
201100026442;2;10;0;0;2;1;1;A01
201100026442;0;7;0;0;0;4;2;C01
201100026443;0;31;0;0;2;3;1;B01
201100026443;0;7;0;0;2;3;15;A01
201100026444;0;7;0;0;2;4;0;B01
201100026444;0;30;0;0;2;1;0;A01
201100026445;0;7;0;0;1;0;1;A01
201100026446;0;34;0;0;0;0;0;A01
201100026447;0;7;0;0;1;2;1;A01
201100026448;0;7;0;0;2;4;2;A01
201100026448;0;7;0;0;2;4;23;B01
201100026448;0;7;0;0;2;1;2;C01
201100026449;0;7;0;0;2;3;19;A01
201100026449;0;33;0;0;2;1;1;B01
201100026450;0;7;0;2;0;1;0;A01
201100026451;0;33;0;0;2;1;0;A01
201100026451;0;7;0;0;2;4;0;B01
201100026452;0;7;0;0;0;6;23;B01
201100026452;0;7;0;1;0;1;0;A01
201100026453;0;2;0;0;2;1;1;A01
201100026453;0;7;0;0;2;4;2;B01
201100026454;1;7;0;0;1;1;0;Z01
201100026455;0;7;0;0;2;6;15;A01
201100026455;0;31;0;0;2;1;1;B01
201100026456;0;7;0;8;0;7;0;A01
201100026457;0;31;0;0;2;0;1;B01
201100026457;1;7;0;0;2;0;0;Z01
201100026458;0;30;0;0;2;0;1;A01
201100026458;0;7;0;0;2;8;22;B01
201100026459;0;7;0;0;2;2;0;A01
201100026459;0;1;0;0;2;1;0;B01
201100026460;0;7;0;0;1;1;1;A01
201100026461;0;7;0;0;2;1;13;A01
201100026461;0;7;0;0;2;7;1;B01
201100026462;0;7;0;0;2;1;0;A01
201100026462;0;7;0;0;2;3;1;B01
201100026463;0;7;0;0;2;8;1;B01
201100026463;0;7;0;0;2;7;1;A01
201100026463;0;7;0;0;2;8;0;C01
201100026464;0;33;0;0;2;1;17;B01
201100026464;0;7;0;0;0;6;0;C01
201100026464;0;10;0;0;2;3;15;A01
201100026465;0;2;0;0;2;1;0;A01
201100026465;0;7;0;0;2;2;0;B01
201100026466;0;7;0;0;2;0;0;A01
201100026466;0;32;0;0;2;8;0;B01
201100026467;0;7;0;0;1;1;1;A01
201100026468;0;7;0;5;0;2;1;A01
201100026469;0;7;0;0;2;1;13;A01
201100026469;0;7;0;0;2;1;1;B01
201100026470;0;31;0;0;2;1;0;A01
201100026470;0;7;0;0;2;6;0;B01
201100026471;0;7;0;0;2;4;0;C01
201100026471;0;7;0;0;2;1;0;B01
201100026471;0;7;0;0;2;1;0;A01
201100026472;0;1;0;0;2;4;1;B01
201100026472;0;7;0;0;2;3;2;A01