num_acc;senc;catv;occutc;obs;obsm;choc;manv;num_veh
201100026820;0;7;0;0;2;1;1;B01
201100026820;0;7;0;0;2;3;15;A01
201100026821;0;7;0;0;2;1;1;B01
201100026821;0;7;0;0;2;2;12;A01
201100026822;0;1;0;0;2;1;0;A01
201100026822;0;7;0;0;0;3;1;B01
201100026823;0;32;0;0;2;8;0;B01
201100026823;0;7;0;0;2;8;0;A01
201100026824;0;2;0;0;2;1;1;A01
201100026824;0;7;0;0;2;3;1;B01
201100026825;0;10;0;0;2;1;0;A01
201100026825;0;7;0;0;2;4;0;B01
201100026826;0;33;0;0;2;1;1;B01
201100026826;0;7;0;0;2;3;10;A01
201100026827;1;7;0;0;0;0;0;D01
201100026827;0;7;0;0;2;7;1;B01
201100026827;0;7;0;3;2;2;1;A01
201100026827;1;7;0;0;0;0;0;C01
201100026828;0;7;0;0;2;1;1;A01
201100026828;0;7;0;0;2;7;1;B01
201100026829;0;7;0;0;2;3;0;B01
201100026829;0;7;0;0;2;1;0;A01
201100026830;0;13;0;0;2;3;9;A01
201100026830;0;7;0;0;2;4;1;B01
201100026831;0;32;0;0;2;8;1;B01
201100026831;0;7;0;0;2;3;15;A01
201100026832;0;35;0;15;0;0;0;A01
201100026833;0;7;0;0;2;2;15;A01
201100026833;0;1;0;0;2;1;0;B01
201100026834;0;37;1;0;1;1;1;A01
201100026835;0;32;0;0;2;3;1;A01
201100026835;1;7;0;0;2;5;17;Z01
201100026836;0;1;0;0;2;2;0;A01
201100026836;0;30;0;0;0;1;0;B01
201100026837;0;33;0;0;2;8;3;A01
201100026837;0;7;0;0;2;2;12;B01
201100026838;0;7;0;0;0;4;0;B01
201100026838;0;30;0;0;2;1;0;A01
201100026839;0;31;0;0;2;1;0;B01
201100026839;0;7;0;0;1;1;0;A01
201100026840;0;7;0;0;2;9;1;B01
201100026840;0;13;0;0;2;2;1;C01
201100026840;0;14;0;0;2;2;1;D01
201100026840;0;7;0;0;2;4;13;A01
201100026841;1;7;0;0;0;0;0;Z01
201100026842;0;33;0;0;2;5;1;B01
201100026842;1;7;0;0;2;0;9;Z01
201100026843;0;31;0;0;2;8;0;A01
201100026843;0;1;0;0;2;1;0;B01
201100026844;0;7;0;0;2;1;0;A01
201100026845;0;32;0;0;1;1;0;A01
201100026846;1;7;0;0;2;0;0;Z01
201100026846;0;30;0;0;2;2;1;B01
201100026847;0;2;0;0;1;0;0;A01
201100026848;0;7;0;0;2;7;10;A01
201100026848;0;33;0;0;2;9;1;B01
201100026849;0;7;0;0;2;3;1;A01
201100026849;0;33;0;0;2;8;1;B01
201100026850;0;7;0;0;2;0;0;A01
201100026850;0;33;0;0;2;0;1;B01
201100026851;0;7;0;0;2;2;0;A01
201100026851;0;7;0;0;2;3;0;B01
201100026852;0;7;0;0;2;1;15;A01
201100026852;0;7;0;0;2;8;1;B01
201100026853;0;10;0;0;2;9;1;B01
201100026853;0;15;0;0;2;2;14;A01
201100026854;0;7;0;0;2;1;0;A01
201100026854;0;31;0;0;2;1;0;B01
201100026855;0;7;0;0;2;1;1;A01
201100026855;0;7;0;0;2;4;1;B01
201100026856;0;7;0;0;2;6;0;A01
201100026856;0;33;0;0;2;1;0;B01
201100026857;0;31;0;0;2;4;0;B01
201100026857;0;7;0;0;2;7;12;A01
201100026858;0;7;0;0;2;1;1;B01
201100026858;0;31;0;0;2;5;17;A01
201100026859;0;33;0;1;0;1;1;A01
201100026859;0;7;0;0;2;0;0;B01
201100026860;0;7;0;0;2;3;15;A01
201100026860;0;33;0;0;2;1;1;B01
201100026861;0;7;0;0;1;0;1;A01
201100026862;0;7;0;0;2;2;1;A01
201100026863;0;7;0;0;1;5;1;A01
201100026864;0;7;0;0;2;4;1;B01
201100026864;0;1;0;0;2;1;1;A01
201100026865;0;7;0;0;2;3;1;B01
201100026865;0;2;0;0;2;1;0;A01
201100026866;0;2;0;1;0;1;1;A01
201100026867;0;7;0;0;2;4;1;C01
201100026867;0;7;0;0;2;1;1;B01
201100026867;0;7;0;0;2;1;1;A01
201100026868;0;33;0;0;2;1;0;A01
201100026868;0;10;0;0;2;0;0;B01
201100026869;0;7;0;0;2;1;1;A01
201100026869;0;33;0;0;2;4;1;B01
201100026870;0;7;0;0;2;4;1;B01
201100026870;0;7;0;0;2;1;1;A01
201100026871;0;30;0;0;2;4;0;B01
201100026871;0;7;0;0;2;1;15;A01
201100026872;0;7;0;0;2;2;0;A01
201100026872;0;33;0;0;2;1;0;B01
201100026873;0;1;0;0;2;1;1;A01
201100026873;0;7;0;0;2;2;1;B01
201100026874;0;7;0;0;1;1;15;A01
201100026875;0;33;0;0;2;1;0;A01
201100026875;0;7;0;0;0;0;0;D01
201100026875;0;7;0;0;2;6;0;B01
201100026875;0;7;0;0;2;5;0;C01
201100026876;0;7;0;0;2;3;1;A01
201100026876;0;1;0;0;2;7;19;B01
201100026877;0;1;0;0;2;0;1;A01
201100026877;0;40;1;0;2;0;1;B01
201100026878;0;7;0;0;0;1;0;A01
201100026879;0;7;0;0;0;7;0;A01
201100026880;0;7;0;0;2;5;0;B01
201100026880;0;34;0;0;2;1;0;A01
201100026881;0;7;0;0;2;1;1;B01
201100026881;0;30;0;0;2;9;0;A01
201100026882;0;7;0;0;2;1;0;A01
201100026882;0;7;0;0;2;1;0;B01
201100026883;0;7;0;0;2;1;15;A01
201100026883;0;7;0;0;2;8;1;B01
201100026884;0;33;0;0;2;1;1;B01
201100026884;0;7;0;0;2;5;15;A01
201100026885;0;34;0;0;2;8;0;B01
201100026885;0;7;0;0;0;7;0;A01
201100026886;0;7;0;0;2;3;15;A01
201100026886;0;31;0;0;2;1;1;B01
201100026887;0;7;0;0;0;0;0;A01
201100026888;0;7;0;0;2;8;1;A01
201100026888;0;14;0;0;2;7;0;B01
201100026889;0;10;0;0;2;2;0;B01
201100026889;0;1;0;0;2;0;0;A01
201100026890;0;7;0;3;0;3;1;A01
201100026891;0;7;0;0;2;4;4;A01
201100026891;0;30;0;0;2;7;23;B01
201100026892;0;10;0;0;1;8;15;A01
201100026893;0;31;0;0;2;1;1;B01
201100026893;0;7;0;0;2;1;15;A01
201100026894;0;1;0;0;2;0;1;B01
201100026894;0;2;0;0;2;1;1;A01
201100026895;0;33;0;0;2;7;17;B01
201100026895;0;7;0;0;2;9;15;A01
201100026896;0;7;0;0;2;3;1;B01
201100026896;0;1;0;0;2;2;15;A01
201100026897;0;7;0;0;2;0;0;B01
201100026897;0;7;0;0;2;1;0;A01
201100026898;0;33;0;0;2;1;1;B01
201100026898;0;7;0;0;2;7;15;A01
201100026899;0;7;0;0;2;4;0;B01
201100026899;0;2;0;0;2;1;0;A01
201100026900;0;33;0;0;0;0;0;A01
201100026901;0;7;0;0;2;3;11;B01
201100026901;0;2;0;0;2;8;1;A01
201100026902;0;31;0;0;2;1;1;A01
201100026902;0;7;0;0;2;5;15;B01
201100026903;0;30;0;0;1;1;1;A01
201100026904;0;7;0;0;2;3;15;A01
201100026904;0;33;0;0;2;1;1;B01
201100026905;0;1;0;0;2;0;10;A01
201100026905;0;30;0;0;2;2;1;B01
201100026906;0;10;0;0;1;1;0;A01
201100026907;0;7;0;0;2;7;15;B01
201100026907;0;7;0;0;2;3;5;C01
201100026907;0;2;0;0;2;3;1;A01
201100026908;0;2;0;0;2;1;0;A01
201100026908;0;7;0;0;2;4;0;B01
201100026909;0;31;0;0;2;1;17;A01
201100026909;0;7;0;0;2;3;16;B01
201100026910;0;7;0;0;2;5;15;A01
201100026910;0;7;0;0;2;3;1;B01
201100026911;0;7;0;0;1;3;1;A01
201100026912;1;2;0;0;1;0;0;Z01
201100026913;0;10;0;0;1;4;4;A01
201100026914;0;14;0;0;2;2;1;A01
201100026914;0;13;0;0;0;8;15;B01
201100026915;0;33;0;0;2;8;1;B01
201100026915;0;7;0;0;2;2;15;A01
201100026916;0;7;0;0;2;4;1;B01
201100026916;0;33;0;0;2;1;1;A01
201100026917;0;7;0;1;0;3;1;A01
201100026918;0;2;0;0;1;1;1;A01
201100026919;0;33;0;0;0;1;0;A01
201100026920;0;7;0;0;0;0;0;A01
201100026921;0;10;0;0;2;4;2;B01
201100026921;0;7;0;0;2;1;1;A01
201100026921;0;10;0;0;2;4;2;C01
201100026922;0;7;0;2;0;1;0;A01
201100026923;0;7;0;0;2;5;0;A01
201100026923;0;33;0;0;2;8;0;B01
201100026924;0;7;0;0;2;4;1;B01
201100026924;0;7;0;0;2;1;2;A01
201100026925;0;7;0;0;2;3;15;A01
201100026925;0;7;0;0;2;2;1;B01
201100026926;0;10;0;0;2;6;23;C01
201100026926;0;7;0;0;2;1;1;A01
201100026926;0;10;0;0;2;4;23;E01
201100026926;0;7;0;0;2;4;23;D01
201100026926;0;10;0;0;2;4;23;B01
201100026927;0;10;0;4;2;5;1;A01
201100026927;0;10;0;0;2;2;1;B01
201100026928;0;7;0;4;1;1;0;A01
201100026929;0;7;0;0;2;4;2;B01
201100026929;0;10;0;0;2;4;2;C01
201100026929;0;7;0;0;2;1;2;A01
201100026930;0;7;0;0;0;0;0;A01
201100026931;0;7;0;0;2;7;15;A01
201100026931;0;30;0;0;2;1;1;B01
201100026932;0;7;0;0;2;7;0;C01
201100026932;0;7;0;0;2;4;0;D01
201100026932;0;7;0;0;2;4;0;F02
201100026932;0;7;0;0;2;0;0;B01
201100026932;0;7;0;0;2;0;0;E01
201100026932;0;7;0;0;2;1;0;A01
201100026933;0;10;0;0;2;1;2;A01
201100026933;0;10;0;0;0;4;2;B01
201100026934;0;10;0;0;1;2;1;A01
201100026935;0;7;0;0;2;9;17;A01
201100026935;0;7;0;0;2;8;1;D01
201100026935;0;7;0;0;2;8;1;B01
201100026935;0;7;0;0;2;1;1;C01
201100026936;0;31;0;0;2;3;17;A01
201100026936;0;7;0;0;2;3;15;B01
201100026937;0;7;0;0;2;3;11;A01
201100026937;0;33;0;0;2;2;1;B01
201100026938;0;33;0;0;2;8;2;A01
201100026938;0;7;0;0;2;6;2;B01
201100026939;0;7;0;0;2;2;15;A01
201100026939;0;7;0;0;2;3;1;B01
201100026940;0;7;0;0;2;1;5;A01
201100026940;0;7;0;0;2;1;1;B01
201100026941;0;7;0;0;2;1;1;B01
201100026941;0;7;0;0;2;1;5;A01
201100026942;0;32;0;0;2;1;17;A01
201100026942;0;7;0;0;2;8;0;B01
201100026943;0;7;0;0;1;1;0;A01
201100026944;0;7;0;0;0;0;0;A01
201100026945;0;10;0;0;2;7;0;B01
201100026945;0;33;0;0;2;1;0;A01
201100026946;0;33;0;0;2;4;23;B01
201100026946;0;30;0;0;2;1;1;A01
201100026947;0;7;0;0;2;1;0;A01
201100026948;0;7;0;0;1;1;0;Z01
201100026949;0;7;0;0;2;4;0;B01
201100026949;0;10;0;0;2;1;0;A01
201100026949;0;7;0;0;2;4;0;C01
201100026950;0;7;0;0;2;8;15;A01
201100026950;0;31;0;0;2;1;1;B01
201100026951;0;33;0;0;0;0;0;A01
201100026952;0;7;0;0;2;1;0;B01
201100026952;0;7;0;0;2;1;0;A01
201100026953;0;31;0;0;0;7;1;A01
201100026954;0;7;0;0;2;8;13;A01
201100026954;0;7;0;0;2;7;1;B01
201100026955;0;33;0;0;0;0;0;A01
201100026956;0;7;0;0;2;8;1;A01
201100026957;0;7;0;0;2;1;1;C01
201100026957;0;7;0;0;2;6;0;A01
201100026957;0;7;0;0;2;3;0;B01
201100026958;0;7;0;0;1;1;15;A01
201100026959;0;33;0;0;2;7;1;B01
201100026959;0;7;0;0;9;5;15;A01
201100026960;0;7;0;0;1;0;1;A01
201100026961;0;7;0;0;2;8;13;A01
201100026962;0;7;0;0;1;1;1;A01
201100026963;0;7;0;0;2;1;0;A01
201100026964;0;14;0;0;2;7;16;A01
201100026964;0;2;0;0;2;9;23;B01
201100026965;0;7;0;0;1;1;0;A01
201100026966;0;7;0;0;1;3;1;A01
201100026967;0;31;0;0;2;1;0;B01
201100026967;0;7;0;0;2;3;0;A01
201100026968;0;1;0;0;2;1;0;B01
201100026968;0;7;0;0;2;0;0;A01
201100026969;0;7;0;0;1;1;15;A01
201100026970;0;30;0;0;2;1;1;B01
201100026970;0;10;0;0;2;7;16;A01
201100026971;0;2;0;4;0;1;1;A01
201100026972;0;7;0;0;2;0;0;C01
201100026972;0;15;0;0;2;0;0;A01
201100026972;0;7;0;0;2;6;0;B01
201100026973;0;33;0;0;2;1;0;B01
201100026973;0;7;0;0;2;6;0;A01
201100026974;0;1;0;0;2;4;1;B01
201100026974;0;7;0;0;2;1;1;A01
201100026975;0;1;0;0;2;1;9;A01
201100026975;0;7;0;0;2;0;1;B01
201100026976;0;7;0;0;2;4;1;B01
201100026976;0;1;0;0;2;1;1;A01
201100026977;0;10;0;0;2;1;1;B01
201100026977;0;10;0;0;2;3;1;A01
201100026978;0;7;0;0;2;7;15;A01
201100026978;0;30;0;0;2;0;1;B01
201100026979;0;7;0;0;2;1;1;B01
201100026979;0;7;0;0;2;1;1;A01
201100026980;0;33;0;0;0;8;1;A01
201100026981;0;7;0;0;2;0;0;B01
201100026981;0;7;0;0;2;0;0;A01
201100026982;0;7;0;0;2;8;1;B01
201100026982;0;33;0;0;0;2;1;A01
201100026983;0;7;0;0;2;9;0;A01
201100026983;0;2;0;0;2;1;1;B01
201100026984;0;7;0;0;2;2;9;A01
201100026984;0;31;0;0;2;5;1;B01
201100026985;0;14;0;0;2;5;1;B01
201100026985;0;7;0;0;2;1;13;A01
201100026985;0;7;0;0;2;8;1;C01
201100026985;0;7;0;0;2;0;1;D01
201100026986;0;7;0;0;2;3;9;B01
201100026986;0;33;0;0;2;8;1;A01
201100026987;0;33;0;0;2;6;17;B01
201100026987;0;14;0;0;2;3;1;A01
201100026988;0;7;0;0;2;1;1;A01
201100026988;0;7;0;0;2;4;1;C01
201100026988;0;7;0;0;2;4;1;B01
201100026989;0;7;0;0;2;8;11;A01
201100026989;0;33;0;0;2;8;1;B01
201100026990;0;1;0;0;1;1;1;A01
201100026991;0;7;0;0;2;1;1;B01
201100026991;0;7;0;1;2;1;1;A01
201100026992;0;30;0;0;0;0;0;B01
201100026992;0;7;0;0;0;1;0;A01
201100026993;0;7;0;1;1;1;23;A01
201100026994;0;7;0;2;0;1;1;A01
201100026995;0;7;0;0;2;1;0;A01
201100026995;0;1;0;0;2;8;0;B01
201100026996;0;7;0;0;2;3;0;A01
201100026996;0;31;0;0;1;1;1;B01
201100026997;0;7;0;0;2;1;1;C01
201100026997;0;7;0;0;2;1;1;A01
201100026997;0;7;0;0;2;4;1;B01
201100026997;0;7;0;0;2;4;1;D01
201100026998;0;7;0;0;1;3;1;A01
201100026999;0;7;0;0;2;3;9;A01
201100026999;0;1;0;0;2;0;1;B01
201100027000;0;1;0;0;2;8;1;B01
201100027000;0;7;0;0;2;1;0;A01
201100027001;0;7;0;0;1;7;1;A01
201100027002;0;32;0;0;2;1;1;A01
201100027002;0;7;0;0;2;2;15;B01
201100027003;0;31;0;0;1;8;1;A01
201100027004;0;7;0;0;2;1;0;B01
201100027004;0;33;0;0;2;7;0;A01
201100027005;0;10;0;0;2;5;15;A01
201100027005;0;7;0;0;2;3;1;B01
201100027006;0;7;0;0;2;5;16;B01
201100027006;0;31;0;0;2;1;16;A01
201100027007;0;7;0;0;2;7;12;B01
201100027007;0;33;0;0;2;1;1;A01
201100027008;0;33;0;0;2;0;0;B01
201100027008;0;7;0;0;2;0;0;A01
201100027009;0;30;0;0;2;0;1;B01
201100027009;0;7;0;0;2;0;15;A01
201100027010;0;30;0;0;2;1;1;A01
201100027010;0;7;0;0;2;4;23;B01
201100027011;0;33;0;0;0;2;1;A01
201100027011;0;10;0;0;0;0;11;B01
201100027012;0;2;0;0;2;1;1;B01
201100027012;0;7;0;0;2;7;15;A01
201100027013;0;7;0;0;1;0;1;A01
201100027014;0;7;0;0;1;2;1;A01
201100027015;0;7;0;0;2;7;6;A01
201100027015;0;7;0;0;2;1;1;B01
201100027016;0;7;0;0;2;3;15;A01
201100027016;0;33;0;0;2;2;1;B01
201100027017;0;7;0;0;2;1;2;A01
201100027017;0;7;0;0;2;4;23;B01
201100027018;0;7;0;0;2;1;15;A01
201100027018;1;7;0;0;2;0;1;Z01
201100027019;0;31;0;0;2;2;12;A01
201100027019;0;7;0;0;2;8;1;B01
201100027020;0;7;0;0;2;7;23;C01
201100027020;0;7;0;0;2;8;12;A01
201100027020;0;37;1;0;2;0;1;B01
201100027021;0;7;0;0;2;1;1;A01
201100027021;0;7;0;0;2;4;1;B01
201100027021;0;7;0;0;2;4;1;C01
201100027022;0;1;0;0;2;0;1;B01
201100027022;0;7;0;0;2;8;22;A01
201100027023;0;7;0;0;1;0;16;A01
201100027024;0;10;0;0;2;3;15;A01
201100027024;0;1;0;0;2;1;1;B01
201100027025;0;7;0;0;2;1;1;A01
201100027025;0;7;0;0;2;4;1;B01
201100027025;0;7;0;0;2;4;1;C01
201100027026;0;7;0;0;2;1;0;A01
201100027026;0;31;0;0;2;1;0;B01
201100027027;0;15;0;0;2;3;1;B01
201100027027;0;7;0;0;2;1;1;A01
201100027028;0;30;0;0;0;0;0;A01
201100027029;0;7;0;0;2;1;0;B01
201100027029;0;7;0;0;2;0;0;A01
201100027030;0;7;0;0;2;8;15;B01
201100027030;0;33;0;0;2;1;1;A01
201100027031;0;7;0;13;0;1;1;A01
201100027032;0;32;0;0;2;1;1;A01
201100027032;0;7;0;0;2;4;0;B01
201100027033;0;7;0;0;2;2;0;A01
201100027033;0;7;0;0;2;1;0;B01
201100027034;0;1;0;0;0;0;0;B01
201100027034;0;7;0;0;1;1;0;A01
201100027035;0;15;0;0;2;4;0;B01
201100027035;0;7;0;0;2;1;0;A01
201100027036;0;7;0;0;2;8;19;A01
201100027036;0;31;0;0;2;1;1;B01
201100027037;1;7;0;0;0;0;0;A01
201100027038;0;7;0;4;0;3;1;A01
201100027039;0;33;0;0;2;1;0;A01
201100027040;1;7;0;0;2;7;5;A01
201100027040;0;7;0;0;2;8;1;B01
201100027041;0;7;0;0;0;4;1;B01
201100027041;0;7;0;0;2;1;1;A01
201100027041;0;7;0;0;0;4;1;C01
201100027042;0;1;0;0;2;8;19;B01
201100027042;0;7;0;0;2;1;1;A01
201100027043;0;7;0;2;0;1;13;A01
201100027044;0;7;0;3;0;9;12;A01
201100027045;0;7;0;6;0;1;13;A01
201100027046;0;30;0;0;1;1;18;A01
201100027047;0;7;0;0;2;2;1;A01
201100027047;0;15;0;0;2;4;1;C01
201100027047;0;7;0;0;2;6;12;B01
201100027048;0;2;0;0;2;1;13;A01
201100027048;0;7;0;0;0;6;1;C01
201100027048;0;10;0;0;0;0;2;B01
201100027049;0;33;0;0;2;8;13;A01
201100027049;0;7;0;0;2;8;1;B01
201100027050;0;33;0;0;1;1;16;A01
201100027050;0;1;0;0;2;2;19;B01
201100027051;0;7;0;2;0;3;1;A01
201100027052;0;33;0;0;2;1;17;B01
201100027052;0;7;0;0;2;3;15;A01
201100027053;0;7;0;0;2;3;9;A01
201100027053;0;33;0;0;2;7;1;B01
201100027054;0;7;0;6;1;1;21;A01
201100027055;0;7;0;0;2;5;13;B02
201100027055;0;33;0;0;2;1;2;A01
201100027056;0;7;0;0;2;1;13;A01
201100027056;0;17;0;0;2;1;1;B01
201100027057;0;30;0;0;0;0;1;A01
201100027058;0;7;0;13;0;9;1;A01
201100027059;0;1;0;0;1;1;1;A01
201100027060;0;2;0;0;2;1;1;B01
201100027060;0;7;0;0;0;7;10;A01
201100027061;0;7;0;0;1;5;1;A01
201100027062;0;33;0;0;2;1;1;A01
201100027062;0;7;0;0;0;2;15;B01
201100027063;0;7;0;0;1;5;1;A01
201100027064;0;7;0;13;0;3;1;A01
201100027065;0;7;0;0;0;4;23;C01
201100027065;0;14;0;0;2;2;2;A01
201100027065;0;7;0;0;2;4;23;B01
201100027066;0;7;0;0;0;4;2;B01
201100027066;0;2;0;0;2;1;2;A01
201100027067;0;2;0;16;0;8;0;A01
201100027068;0;7;0;14;0;7;0;A01
201100027069;0;3;0;8;0;1;1;A01
201100027070;0;7;0;0;1;1;1;A01
201100027071;0;7;0;13;0;1;16;A01
201100027072;0;7;0;0;1;1;1;A01
201100027073;0;7;0;0;2;7;1;B01
201100027073;0;30;0;0;2;1;1;A01
201100027074;0;15;0;0;2;1;1;B01
201100027074;0;7;0;0;0;1;5;A01
201100027075;0;7;0;0;2;1;1;B01
201100027075;0;7;0;0;2;7;13;A01
201100027076;0;7;0;0;1;2;16;A01
201100027077;0;7;0;6;0;3;1;A01
201100027078;0;7;0;0;2;1;1;C01
201100027078;0;7;0;0;2;3;1;A01
201100027078;0;7;0;0;2;3;1;B01
201100027079;0;2;0;0;2;2;17;B01
201100027079;0;7;0;0;2;3;15;A01
201100027080;0;7;0;0;2;1;1;A01
201100027080;0;7;0;0;2;4;1;B01
201100027081;0;7;0;0;2;3;1;A01
201100027081;0;1;0;0;2;5;1;B01
201100027082;0;32;0;0;2;1;17;A01
201100027082;0;7;0;0;2;3;15;B01
201100027083;0;7;0;0;2;8;16;A01
201100027083;0;1;0;0;2;2;1;B01
201100027084;0;7;0;0;0;1;1;B01
201100027084;0;2;0;0;2;1;1;A01
201100027085;0;33;0;0;0;5;1;B01
201100027085;0;7;0;0;2;3;9;A01
201100027086;0;2;0;0;2;2;17;B01
201100027086;0;7;0;0;2;6;15;A01
201100027087;0;2;0;0;2;3;19;A01
201100027087;0;7;0;0;0;2;1;B01
201100027088;0;31;0;0;2;3;14;A01
201100027088;0;7;0;0;0;7;16;B01
201100027089;0;2;0;0;2;1;1;B01
201100027089;0;7;0;0;2;3;15;A01
201100027090;0;7;0;0;2;4;2;C01
201100027090;0;7;0;0;2;1;2;A01
201100027090;0;7;0;0;2;4;2;B01
201100027091;0;7;0;0;1;3;15;A01
201100027092;0;7;0;0;2;3;1;B01
201100027092;0;33;0;0;2;2;1;A01
201100027093;0;2;0;0;2;1;17;B01
201100027093;0;7;0;0;0;3;15;A01
201100027094;0;7;0;0;0;3;10;A01
201100027094;0;7;0;0;2;2;1;B01
201100027095;0;1;0;0;2;1;1;B01
201100027095;0;7;0;0;2;2;15;A01
201100027096;0;7;0;1;0;1;13;A01
201100027097;0;7;0;0;0;3;15;B01
201100027097;0;2;0;8;2;2;1;A01
201100027098;0;7;0;0;0;3;1;A01
201100027098;0;33;0;0;2;1;1;B01
201100027099;0;2;0;0;2;1;2;B01
201100027099;0;10;0;0;2;6;15;A01
201100027100;0;1;0;0;2;8;1;B01
201100027100;0;7;0;0;2;7;16;A01
201100027101;0;7;0;0;0;8;10;A01
201100027101;0;33;0;0;2;1;1;B01
201100027102;0;7;0;0;1;1;1;A01
201100027103;0;2;0;0;0;1;1;A01
201100027104;0;7;0;6;0;1;14;A01
201100027105;0;7;0;0;2;1;2;A01
201100027105;0;7;0;0;0;4;23;B01
201100027106;0;7;0;0;2;2;1;B01
201100027106;0;7;0;0;2;8;10;A01
201100027107;0;7;0;0;2;1;9;A01
201100027107;0;7;0;0;0;5;1;B01
201100027108;0;2;0;0;2;1;1;B01
201100027108;0;7;0;0;2;4;1;A01
201100027109;0;10;0;0;1;7;1;A01
201100027110;0;1;0;0;2;4;1;B01
201100027110;1;2;0;0;2;1;17;Z01
201100027111;0;1;0;0;2;1;1;B01
201100027111;0;7;0;0;0;2;1;A01
201100027112;0;7;0;0;2;2;1;B01
201100027112;0;2;0;0;2;1;16;A01
201100027113;0;7;0;0;0;9;1;A01
201100027114;0;2;0;0;0;1;1;A01
201100027115;1;7;0;0;2;1;1;Z01
201100027115;0;30;0;0;0;4;1;A01
201100027116;0;7;0;0;2;3;1;B01
201100027116;0;30;0;0;2;1;1;A01
201100027117;0;7;0;0;2;1;13;A01
201100027117;0;7;0;0;2;3;1;B01
201100027118;0;7;0;1;0;1;1;A01
201100027119;0;7;0;0;0;5;1;C01
201100027119;0;7;0;0;2;8;13;A01
201100027119;0;7;0;0;0;4;1;B01
201100027120;0;7;0;0;2;5;15;A01
201100027120;0;7;0;0;2;1;1;B01
201100027121;0;7;0;0;1;3;1;A01
201100027122;0;7;0;1;0;1;13;A01
201100027123;0;7;0;0;0;1;1;B01
201100027123;0;7;0;0;2;8;13;A01
201100027123;0;7;0;0;2;8;1;C01
201100027124;0;1;0;0;2;3;1;B01
201100027124;0;7;0;0;2;1;0;A01
201100027125;0;7;0;0;2;8;1;B01
201100027125;0;7;0;0;2;3;13;A01
201100027126;0;7;0;0;1;7;1;A01
201100027127;0;7;0;0;2;8;19;A01
201100027127;0;7;0;0;2;1;1;B01
201100027128;0;7;0;0;2;1;1;A01
201100027128;0;32;0;0;0;4;23;B01
201100027129;0;7;0;1;0;1;14;A01
201100027130;0;7;0;0;1;4;4;A01
201100027131;0;37;45;0;2;5;17;A01
201100027131;0;1;0;4;2;1;1;B01
201100027132;0;7;0;0;0;4;23;D01
201100027132;0;7;0;0;2;4;23;B01
201100027132;0;7;0;0;2;1;1;A01
201100027132;0;7;0;0;2;1;23;C01
201100027133;0;7;0;0;2;4;2;B01
201100027133;0;7;0;0;2;1;1;A01
201100027134;0;2;0;0;2;1;1;A01
201100027134;0;7;0;0;0;4;23;B01
201100027135;0;7;0;0;2;4;1;B01
201100027135;0;10;0;0;2;1;1;A01
201100027136;0;7;0;0;2;3;15;A01
201100027137;0;2;0;0;2;1;1;A01
201100027137;0;7;0;0;2;4;23;B01
201100027138;0;31;0;0;2;1;17;A01
201100027138;0;13;0;0;2;3;15;B01
201100027139;0;10;0;0;1;4;4;A01
201100027140;0;1;0;0;2;1;1;B01
201100027140;0;7;0;0;2;3;1;A01
201100027141;0;7;0;0;2;1;1;A01
201100027141;0;2;0;0;2;1;15;B01
201100027142;0;7;0;0;2;2;1;B01
201100027142;0;2;0;0;2;8;19;A01
201100027143;0;7;0;0;2;1;23;B01
201100027143;0;2;0;0;2;2;1;A01
201100027144;0;7;0;0;2;7;13;B01
201100027144;0;7;0;0;0;3;1;C01
201100027144;0;2;0;0;0;0;15;A01
201100027145;0;2;0;0;2;3;17;A01
201100027145;0;7;0;0;0;2;1;B01
201100027146;0;7;0;0;1;4;4;A01
201100027147;0;1;0;0;2;3;1;B01
201100027147;0;7;0;0;0;1;0;A01
201100027148;0;7;0;1;0;1;14;A01
201100027149;0;7;0;0;2;1;13;A01
201100027149;0;7;0;0;2;1;1;B01
201100027150;0;7;0;0;2;3;1;B01
201100027150;0;7;0;0;2;1;1;A01
201100027151;0;30;0;0;2;1;1;B01
201100027151;0;3;0;0;2;8;15;A01
201100027152;0;7;0;0;2;1;1;A01
201100027152;0;10;0;0;0;4;1;B01
201100027153;0;30;0;0;2;1;1;B01
201100027153;0;7;0;0;0;1;15;A01
201100027154;0;7;0;0;1;1;1;A01
201100027155;0;7;0;0;1;1;4;A01
201100027156;0;7;0;1;0;3;0;A01
201100027157;0;7;0;0;0;5;1;B01
201100027157;0;31;0;0;2;7;1;A01
201100027158;0;30;0;3;2;3;2;B01
201100027158;0;7;0;0;2;2;14;A01
201100027159;0;7;0;0;0;8;11;A01
201100027159;0;7;0;0;2;1;1;B01
201100027160;0;7;0;0;2;1;16;A01
201100027160;0;3;0;0;0;9;1;B01
201100027161;0;1;0;0;2;2;19;A01
201100027161;0;7;0;0;2;3;1;B01
201100027162;0;31;0;0;0;4;2;B01
201100027162;0;7;0;0;2;2;2;A01
201100027163;0;7;0;9;2;1;1;A01
201100027163;0;7;0;0;0;3;16;B01
201100027164;0;7;0;0;2;3;6;B01
201100027164;0;7;0;0;2;3;6;A01
201100027165;0;10;0;0;2;3;16;A01
201100027165;0;1;0;0;2;1;1;B01
201100027166;0;7;0;0;1;1;1;A01
201100027167;0;40;0;0;1;2;18;A01
201100027168;1;7;0;0;1;1;15;Z01
201100027169;0;7;0;0;1;0;15;A01
201100027170;0;7;0;2;0;1;1;A01