num_acc;senc;catv;occutc;obs;obsm;choc;manv;num_veh
201100027533;0;7;0;0;2;1;15;A01
201100027533;0;30;0;0;2;1;1;B01
201100027534;0;7;0;0;2;3;1;B01
201100027534;0;7;0;0;0;2;1;A01
201100027535;0;7;0;0;0;1;13;A01
201100027535;0;2;0;0;2;1;1;B01
201100027536;0;7;0;0;2;5;1;A01
201100027536;0;2;0;0;2;1;15;B01
201100027537;0;31;0;0;2;7;1;B01
201100027537;0;7;0;0;2;3;13;A01
201100027538;0;40;0;0;1;1;1;A01
201100027539;0;7;0;0;2;8;2;A01
201100027539;0;2;0;0;2;1;2;B01
201100027540;0;33;0;0;2;3;1;A01
201100027540;0;1;0;0;0;4;9;B01
201100027541;0;1;0;0;0;2;1;A01
201100027541;0;7;0;0;2;1;1;B01
201100027542;0;30;0;15;0;1;1;A01
201100027543;0;7;0;0;2;1;5;A01
201100027543;0;1;0;0;2;1;1;B01
201100027544;0;7;0;6;0;8;0;A01
201100027545;0;33;0;0;2;1;1;B01
201100027545;0;7;0;0;2;8;10;A01
201100027546;1;7;0;0;1;0;1;Z01
201100027547;0;7;0;0;0;8;23;A01
201100027547;0;1;0;1;2;1;1;B01
201100027548;0;40;0;0;0;2;1;B01
201100027548;0;7;0;0;4;3;13;A01
201100027549;0;40;0;0;2;8;1;B01
201100027549;0;10;0;0;2;1;1;A01
201100027550;0;7;0;0;2;1;1;B01
201100027550;0;7;0;0;2;1;1;A01
201100027551;0;7;0;0;2;4;23;B01
201100027551;0;7;0;0;0;4;23;C01
201100027551;0;7;0;0;2;1;1;A01
201100027552;0;7;0;0;2;3;15;A01
201100027552;0;32;0;0;0;3;1;B01
201100027553;0;7;0;1;0;2;14;A01
201100027554;0;30;0;0;2;1;1;B01
201100027554;0;7;0;0;0;8;15;A01
201100027555;0;33;0;0;2;1;1;B01
201100027555;0;10;0;0;0;8;10;A01
201100027556;0;7;0;0;0;0;16;B01
201100027556;0;10;0;0;2;1;1;A01
201100027557;0;7;0;1;0;7;1;A01
201100027557;0;7;0;0;2;0;1;B01
201100027558;0;7;0;0;1;4;4;A01
201100027559;0;1;0;0;2;1;1;B01
201100027559;0;33;0;0;2;1;13;A01
201100027560;0;7;0;0;2;1;1;C01
201100027560;0;7;0;0;2;3;13;A01
201100027560;0;7;0;1;2;1;1;B01
201100027561;0;10;0;0;2;1;1;A01
201100027561;0;10;0;0;2;8;1;B01
201100027562;0;7;0;0;2;3;1;A01
201100027562;0;7;0;0;0;5;1;B01
201100027563;0;2;0;0;2;1;1;A01
201100027563;0;37;1;0;2;0;1;B01
201100027564;0;10;0;0;2;7;15;A01
201100027564;0;32;0;0;2;2;1;B01
201100027565;0;7;0;6;0;1;0;A01
201100027566;0;33;0;0;2;1;1;A01
201100027566;0;1;0;0;2;8;1;B01
201100027567;0;32;0;0;2;3;1;B01
201100027567;0;7;0;0;0;8;1;C01
201100027567;0;2;0;0;2;1;1;A01
201100027568;0;30;0;0;2;1;1;B01
201100027569;0;7;0;0;2;1;1;A01
201100027569;0;1;0;0;0;0;19;B01
201100027570;0;7;0;0;2;3;1;B01
201100027570;0;7;0;0;2;3;13;A01
201100027571;0;7;0;0;2;2;15;A01
201100027571;0;1;0;0;2;0;1;B01
201100027572;0;7;0;0;0;0;15;A01
201100027572;0;30;0;0;2;7;1;B01
201100027573;0;7;0;0;1;3;1;A01
201100027574;0;7;0;0;2;1;1;B01
201100027574;0;7;0;0;0;7;1;A01
201100027575;0;32;0;0;2;8;2;A01
201100027575;0;14;0;0;0;4;2;B01
201100027576;0;1;0;0;1;0;2;C01
201100027576;0;1;0;0;0;0;2;A01
201100027576;0;1;0;0;2;1;2;B01
201100027577;0;30;0;0;0;0;1;B01
201100027577;0;7;0;0;2;3;16;A01
201100027578;0;7;0;0;2;7;16;A01
201100027578;0;32;0;0;2;8;1;B01
201100027579;0;10;0;0;2;1;1;A01
201100027579;0;2;0;0;0;4;2;B01
201100027580;0;7;0;0;0;0;24;A01
201100027580;0;1;0;1;0;1;1;B01
201100027581;0;2;0;8;0;1;1;A01
201100027582;0;7;0;0;1;7;1;A01
201100027583;0;1;0;0;2;1;1;B01
201100027583;0;7;0;0;0;7;9;A01
201100027584;0;7;0;0;2;4;2;B01
201100027584;0;7;0;0;0;4;2;C01
201100027584;0;7;0;0;2;1;0;A01
201100027585;0;7;0;0;2;1;1;B01
201100027585;0;7;0;0;2;0;1;A01
201100027586;0;7;0;1;0;1;1;A01
201100027586;0;7;0;1;2;1;15;B01
201100027587;0;7;0;0;2;1;15;A01
201100027587;0;2;0;0;2;1;1;B01
201100027588;0;1;0;0;2;0;6;A01
201100027588;0;40;0;0;2;1;1;B01
201100027589;0;7;0;0;2;3;1;B01
201100027589;0;7;0;0;2;2;1;A01
201100027590;0;7;0;0;0;0;15;B01
201100027590;0;33;0;15;0;9;0;A01
201100027591;0;7;0;0;2;1;15;A01
201100027591;0;1;0;0;2;1;1;B01
201100027592;0;33;0;0;2;1;2;A01
201100027592;0;7;0;0;2;4;2;B01
201100027593;0;7;0;0;1;2;16;A01
201100027594;0;7;0;0;2;0;2;A01
201100027594;0;7;0;0;0;4;2;B01
201100027595;1;2;0;0;1;0;0;Z01
201100027596;1;7;0;0;2;0;0;Z01
201100027596;0;7;0;0;0;8;1;A01
201100027597;0;7;0;0;2;1;1;A01
201100027597;0;7;0;0;2;8;1;B01
201100027598;0;30;0;0;2;1;2;A01
201100027598;0;7;0;0;0;4;2;B01
201100027599;0;7;0;0;0;5;16;B01
201100027599;0;33;0;1;0;7;16;A01
201100027600;0;7;0;0;2;3;1;A01
201100027600;0;7;0;0;2;1;1;B01
201100027601;0;7;0;0;0;0;15;A01
201100027601;0;33;0;0;2;1;1;B01
201100027602;0;30;0;0;2;1;2;B01
201100027602;0;7;0;0;2;4;15;A01
201100027603;0;7;0;0;2;1;1;B01
201100027603;0;7;0;0;0;8;1;A01
201100027604;0;7;0;0;2;6;9;A01
201100027604;0;33;0;0;2;1;1;B01
201100027605;0;2;0;0;2;1;1;B01
201100027605;1;7;0;0;0;3;1;A01
201100027606;0;30;0;0;2;1;1;A01
201100027606;0;7;0;0;0;0;15;B01
201100027607;0;7;0;1;0;9;1;B01
201100027607;0;7;0;0;2;1;1;A01
201100027608;0;1;0;0;0;8;15;A01
201100027608;0;7;0;0;2;3;1;B01
201100027609;0;7;0;0;2;0;1;B01
201100027609;0;7;0;0;2;0;15;A01
201100027610;0;33;0;1;1;9;1;A01
201100027611;0;7;0;0;0;4;2;B01
201100027611;0;1;0;0;2;1;2;A01
201100027612;0;31;0;0;2;1;1;B01
201100027612;0;7;0;0;2;8;15;A01
201100027613;0;10;0;0;1;4;11;A01
201100027614;0;40;0;0;1;0;1;A01
201100027615;0;7;0;0;2;1;15;A01
201100027615;0;30;0;0;0;1;1;B01
201100027616;0;40;0;0;1;2;1;A01
201100027617;0;7;0;0;2;4;13;B01
201100027617;0;31;0;0;2;9;1;A01
201100027618;0;7;0;0;2;3;13;A01
201100027618;0;7;0;0;0;3;1;B01
201100027619;0;10;0;1;0;2;1;A01
201100027619;0;10;0;0;0;0;24;B01
201100027620;0;7;0;0;2;1;1;B01
201100027620;0;1;0;0;2;0;1;A01
201100027621;0;33;0;1;2;1;1;A01
201100027621;0;7;0;0;0;5;15;B01
201100027622;0;7;0;0;0;3;15;B01
201100027622;0;7;0;1;2;1;1;A01
201100027623;1;7;0;0;0;2;16;A01
201100027623;0;1;0;0;0;3;16;B01
201100027624;0;7;0;8;0;3;0;A01
201100027625;0;40;0;0;2;1;1;B01
201100027625;0;7;0;0;4;1;5;A01
201100027626;0;7;0;0;0;8;0;A01
201100027626;0;40;0;0;2;1;1;B01
201100027627;0;7;0;0;2;1;1;A01
201100027627;0;7;0;0;2;5;4;B01
201100027628;0;2;0;0;0;8;1;A01
201100027629;0;7;0;0;2;1;1;A01
201100027629;0;7;0;0;2;4;1;B01
201100027629;0;7;0;0;2;4;1;C01
201100027630;0;7;0;0;2;1;15;A01
201100027630;0;33;0;0;0;0;1;B01
201100027631;0;7;0;0;1;1;1;A01
201100027632;0;13;0;0;2;1;2;A01
201100027632;0;7;0;0;0;4;23;C01
201100027632;0;7;0;0;2;4;23;B01
201100027633;0;7;0;0;0;0;0;B01
201100027633;0;7;0;0;2;1;1;A01
201100027634;0;7;0;0;1;0;1;A01
201100027635;0;7;0;1;0;3;1;A01
201100027636;0;1;0;0;0;0;1;B01
201100027636;0;30;0;0;2;1;15;A01
201100027637;0;10;0;0;0;3;15;A01
201100027637;0;33;0;0;2;2;15;B01
201100027638;0;7;0;1;0;3;1;A01
201100027639;0;1;0;0;2;1;0;A01
201100027639;0;7;0;0;2;1;1;B01
201100027640;0;2;0;0;2;1;15;A01
201100027641;0;31;0;0;1;1;1;A01
201100027642;0;7;0;0;2;0;0;A01
201100027642;0;33;0;0;0;0;1;B01
201100027643;0;7;0;0;2;1;15;A01
201100027643;0;31;0;0;0;0;1;B01
201100027644;0;7;0;0;2;6;15;B01
201100027644;0;2;0;0;2;1;17;A01
201100027645;0;7;0;0;0;0;1;C01
201100027645;0;2;0;0;2;1;1;A01
201100027645;0;7;0;0;0;0;1;B01
201100027646;0;2;0;0;2;8;1;A01
201100027646;0;10;0;0;0;0;16;B01
201100027647;0;7;0;0;2;1;15;A01
201100027647;0;40;0;0;2;1;0;B01
201100027648;0;7;0;0;0;5;15;A01
201100027648;0;2;0;0;2;1;1;B01
201100027649;0;7;0;0;0;7;16;A01
201100027649;0;1;0;0;2;0;1;B01
201100027650;0;7;0;0;1;1;1;A01
201100027651;0;1;0;0;2;1;1;B01
201100027651;0;31;0;0;0;8;15;A01
201100027652;0;7;0;0;2;4;15;A01
201100027652;0;1;0;0;0;0;1;B01
201100027653;0;7;0;0;0;5;17;B01
201100027653;0;1;0;0;2;1;15;A01
201100027654;0;7;0;0;0;8;15;A01
201100027654;0;40;0;0;2;1;1;B01
201100027655;0;30;0;14;0;1;0;A01
201100027656;0;7;0;0;0;4;1;B01
201100027656;0;30;0;0;2;1;2;A01
201100027657;0;7;0;0;1;1;1;A01
201100027658;0;7;0;0;0;3;1;A01
201100027658;0;1;0;0;2;1;19;B01
201100027659;0;33;0;0;2;1;1;B01
201100027659;0;7;0;0;0;0;15;A01
201100027660;0;33;0;0;0;8;1;A01
201100027660;0;7;0;0;2;1;1;B01
201100027661;0;2;0;0;0;2;0;A01
201100027661;0;7;0;0;2;3;0;B01
201100027662;0;10;0;0;2;1;1;B01
201100027662;0;7;0;0;0;7;1;A01
201100027663;1;37;1;0;2;5;17;Z01
201100027663;0;1;0;0;0;3;1;A01
201100027664;0;31;0;14;0;2;1;A01
201100027665;0;10;0;0;0;3;15;B01
201100027665;0;2;0;0;2;9;0;A01
201100027666;0;7;0;0;0;1;2;A01
201100027666;0;7;0;0;2;4;23;B01
201100027666;0;7;0;0;0;4;23;C01
201100027667;0;7;0;0;0;2;16;A01
201100027667;0;2;0;0;2;8;1;B01
201100027668;0;32;0;0;0;7;15;A01
201100027668;0;34;0;0;2;1;1;B01
201100027669;0;2;0;0;0;8;0;A01
201100027670;0;7;0;0;0;4;2;B01
201100027670;1;33;0;0;2;0;2;Z01
201100027671;0;7;0;0;1;0;4;A01
201100027672;0;7;0;0;0;3;1;B01
201100027672;0;33;0;0;2;1;1;A01
201100027673;0;7;0;7;0;1;1;A01
201100027674;0;7;0;0;0;3;15;A01
201100027674;0;33;0;0;2;2;17;B01
201100027675;0;40;0;0;2;1;1;B01
201100027675;0;7;0;7;0;8;1;A01
201100027676;0;2;0;0;2;1;1;A01
201100027677;0;2;0;0;0;7;1;A01
201100027678;0;7;0;0;1;1;1;A01
201100027679;0;7;0;0;0;3;16;A01
201100027679;0;7;0;0;2;3;15;B01
201100027680;0;7;0;0;1;1;1;A01
201100027681;0;7;0;0;2;1;1;B01
201100027681;0;7;0;0;0;5;1;A01
201100027682;1;7;0;1;1;2;1;Z01
201100027683;0;30;0;0;0;7;1;A01
201100027684;0;7;0;0;0;8;23;A01
201100027684;0;1;0;0;2;4;1;B01
201100027685;0;10;0;0;0;8;13;B01
201100027685;0;33;0;0;2;7;1;A01
201100027686;0;7;0;0;1;1;1;A01
201100027687;0;31;0;0;2;1;1;B01
201100027687;0;7;0;0;0;2;15;A01
201100027688;0;7;0;0;1;4;4;A01
201100027689;0;33;0;0;2;1;1;B01
201100027689;0;7;0;0;0;7;15;A01
201100027690;0;7;0;0;2;1;1;B01
201100027690;0;7;0;0;0;2;15;A01
201100027691;0;17;0;0;0;7;16;A01
201100027691;0;1;0;0;2;9;16;B01
201100027692;0;10;0;0;1;1;16;A01
201100027693;0;7;0;0;0;4;2;B01
201100027693;0;32;0;0;2;1;2;A01
201100027694;0;7;0;0;1;2;0;A01
201100027695;0;7;0;0;0;4;2;C01
201100027695;0;7;0;0;2;1;2;A01
201100027695;0;7;0;0;2;1;2;B01
201100027696;1;7;0;1;0;0;1;Z01
201100027696;0;1;0;0;2;3;1;B01
201100027697;0;33;0;0;2;1;1;B01
201100027697;0;7;0;0;0;6;1;A01
201100027698;0;7;0;0;0;1;23;C01
201100027698;0;7;0;0;2;4;23;B01
201100027698;0;7;0;0;0;3;16;A01
201100027699;0;7;0;0;2;7;16;A01
201100027699;0;1;0;0;2;3;16;B01
201100027700;0;7;0;0;0;6;15;B01
201100027700;0;2;0;0;2;1;1;A01
201100027701;0;2;0;0;2;1;1;B01
201100027701;0;7;0;0;0;2;1;A01
201100027702;0;7;0;0;0;2;16;B01
201100027702;0;2;0;0;2;1;1;A01
201100027703;0;1;0;0;2;1;14;B01
201100027703;0;7;0;0;0;3;16;A01
201100027704;0;34;0;0;0;7;1;A01
201100027705;0;7;0;0;0;4;2;B01
201100027705;0;7;0;0;0;2;2;A01
201100027706;0;31;0;0;0;7;1;B01
201100027706;0;7;0;0;2;1;1;A01
201100027707;0;34;0;0;2;6;2;A01
201100027707;1;30;0;0;2;0;2;Z01
201100027708;0;7;0;0;2;8;15;A01
201100027708;0;33;0;0;2;9;1;B01
201100027709;0;30;0;0;0;7;1;A01
201100027709;0;7;0;0;2;2;1;B01
201100027710;0;2;0;0;2;3;1;A01
201100027710;0;7;0;0;2;3;15;B01
201100027711;0;7;0;0;1;2;1;A01
201100027712;0;33;0;0;0;8;1;A01
201100027713;0;7;0;0;1;2;15;A01
201100027714;0;7;0;0;0;0;15;A01
201100027714;0;33;0;0;2;0;1;B01
201100027715;0;2;0;0;2;2;15;A01
201100027715;0;1;0;0;2;1;16;B01
201100027716;0;7;0;0;0;4;1;B01
201100027716;0;33;0;0;2;1;2;A01
201100027717;0;7;0;0;0;7;1;A01
201100027717;0;7;0;0;0;3;1;C01
201100027717;0;7;0;0;2;1;1;B01
201100027718;0;31;0;0;2;1;1;B01
201100027718;0;7;0;0;0;2;15;A01
201100027719;0;7;0;0;0;2;1;A01
201100027719;0;1;0;0;2;1;1;B01
201100027720;0;7;0;0;0;3;15;A01
201100027720;0;7;0;0;2;2;1;B01
201100027721;0;33;0;0;0;8;1;A01
201100027722;0;31;0;0;0;1;1;A01
201100027723;0;7;0;0;2;2;15;A01
201100027723;0;7;0;0;2;1;1;C01
201100027723;0;33;0;1;2;9;1;B01
201100027724;0;33;0;0;2;3;9;A01
201100027724;0;7;0;0;0;2;1;B01
201100027725;0;7;0;0;0;2;1;B01
201100027725;0;33;0;0;2;2;15;A01
201100027726;0;40;0;0;0;0;1;A01
201100027727;0;30;0;1;2;0;16;A01
201100027727;0;7;0;0;2;2;1;B01
201100027728;0;30;0;1;0;7;1;B01
201100027728;0;7;0;0;2;1;15;A01
201100027729;0;30;0;0;0;7;1;B01
201100027729;0;7;0;0;2;8;1;A01
201100027730;0;32;0;0;1;6;1;A01
201100027731;0;7;0;0;2;2;1;A01
201100027731;0;33;0;0;0;3;1;B01
201100027732;0;7;0;0;2;1;1;B01
201100027732;0;1;0;0;2;1;1;A01
201100027733;0;7;0;0;2;1;13;B01
201100027733;0;31;0;0;0;9;1;A01
201100027734;0;7;0;0;0;8;15;A01
201100027734;0;33;0;9;2;1;17;B01
201100027735;0;7;0;14;0;1;16;A01
201100027736;0;33;0;0;2;3;1;B01
201100027736;0;7;0;0;0;2;1;A01
201100027737;0;10;0;0;0;7;22;A01
201100027737;0;1;0;0;2;1;1;B01
201100027738;1;7;0;0;0;0;0;Z01
201100027739;0;7;0;1;2;2;1;A01
201100027739;0;7;0;0;0;3;19;B01
201100027740;0;7;0;0;1;4;4;A01
201100027741;1;2;0;0;1;0;1;Z01
201100027742;0;7;0;0;2;1;2;A01
201100027742;0;7;0;0;0;4;23;B01
201100027743;0;10;0;0;2;1;2;B01
201100027743;0;10;0;0;2;1;2;C01
201100027743;0;7;0;4;0;1;1;A01
201100027744;0;7;0;0;0;4;1;B01
201100027744;0;7;0;0;2;1;2;A01
201100027745;0;30;0;0;2;7;1;A01
201100027745;0;7;0;0;2;1;1;B01
201100027746;0;1;0;0;2;9;9;A01
201100027746;0;7;0;0;2;1;16;B01
201100027747;0;30;0;0;0;8;1;B01
201100027747;0;7;0;0;2;0;17;A01
201100027748;0;37;1;0;0;7;1;B01
201100027748;0;1;0;0;2;4;0;A01
201100027749;0;32;0;0;0;3;1;B01
201100027749;0;7;0;0;2;2;15;A01
201100027750;0;7;0;0;1;1;1;A01
201100027751;0;7;0;0;2;0;4;A01
201100027751;0;7;0;0;0;2;0;B01
201100027752;0;7;0;0;2;1;0;B01
201100027752;0;7;0;0;2;1;0;A01
201100027753;0;7;0;0;2;4;2;A01
201100027753;0;7;0;0;2;1;2;B01
201100027753;0;7;0;0;0;4;1;C01
201100027754;0;33;0;0;0;1;9;A01
201100027754;0;7;0;0;2;8;1;B01
201100027755;0;7;0;0;2;2;16;B01
201100027755;0;1;0;0;2;1;1;A01
201100027756;0;31;0;0;2;7;1;B01
201100027756;0;7;0;0;0;7;15;A01
201100027757;0;10;0;0;0;6;1;B01
201100027757;0;30;0;0;2;1;1;A01
201100027758;0;7;0;0;0;5;1;C01
201100027758;0;7;0;0;2;2;2;A01
201100027758;0;2;0;0;2;1;2;B01
201100027759;0;37;1;0;2;1;1;A01
201100027759;0;7;0;0;0;4;1;B01
201100027760;0;7;0;2;0;1;1;A01
201100027761;0;7;0;0;2;1;1;B01
201100027761;0;7;0;6;0;3;0;A01
201100027762;0;1;0;0;0;0;19;B01
201100027762;0;7;0;0;2;1;1;A01
201100027763;0;7;0;12;0;8;16;A01
201100027764;0;7;0;10;0;1;1;A01
201100027765;0;7;0;0;2;4;1;B01
201100027765;0;7;0;8;2;1;1;A01
201100027766;0;7;0;0;2;1;2;A01
201100027766;0;30;0;0;0;4;0;B01
201100027767;0;7;0;15;0;1;15;A01
201100027768;0;40;0;0;1;7;1;A01
201100027769;0;32;0;0;0;8;1;B01
201100027769;1;7;0;0;2;1;1;A01
201100027770;0;7;0;0;0;8;17;A01
201100027770;0;30;0;0;2;3;1;B01
201100027771;0;7;0;0;0;2;1;B01
201100027771;0;30;0;0;2;1;16;A01
201100027772;0;7;0;0;0;4;23;B01
201100027772;0;10;0;0;2;1;2;A01
201100027773;0;7;0;0;0;7;1;B01
201100027773;0;2;0;0;2;1;9;A01
201100027774;2;30;0;0;2;1;9;A01
201100027774;0;7;0;0;0;2;1;B01
201100027775;0;7;0;0;0;4;23;B01
201100027775;0;10;0;0;2;1;2;A01
201100027776;0;7;0;1;0;1;1;A01
201100027777;0;7;0;8;0;6;1;B01
201100027777;0;7;0;0;2;1;1;A01
201100027778;0;7;0;0;0;0;15;A01
201100027778;0;36;0;0;2;2;0;B01
201100027779;0;7;0;0;2;1;2;A01
201100027779;0;7;0;0;0;6;16;B01
201100027780;0;33;0;14;0;1;1;A01
201100027781;0;7;0;0;0;0;15;B01
201100027781;0;33;0;0;2;2;17;A01
201100027782;0;7;0;0;2;1;2;A01
201100027782;0;33;0;0;0;0;0;C01
201100027782;0;7;0;0;0;6;0;B01
201100027783;0;7;0;0;0;3;15;A01
201100027783;0;1;0;0;2;1;5;B01
201100027784;0;1;0;0;2;1;0;A01
201100027784;0;7;0;0;0;2;0;B01
201100027785;0;2;0;14;0;0;1;A01
201100027786;0;33;0;0;0;4;1;B01
201100027786;0;7;0;0;2;0;15;A01
201100027787;0;2;0;0;2;3;1;B01
201100027787;0;7;0;0;2;1;1;A01
201100027788;0;7;0;0;2;1;2;A01
201100027788;0;7;0;0;2;4;2;D01
201100027788;0;7;0;0;0;4;1;E01
201100027788;0;7;0;0;2;4;2;C01
201100027788;0;7;0;0;2;4;2;B01
201100027789;0;2;0;0;2;1;1;A01
201100027789;0;7;0;0;2;3;15;B01
201100027790;0;30;0;0;0;8;1;B01
201100027790;0;7;0;0;2;3;15;A01
201100027791;0;30;0;0;2;1;1;B01
201100027791;0;7;0;0;2;2;1;A01
201100027792;0;10;0;0;1;3;0;A01
201100027793;0;10;0;0;2;4;4;A01
201100027793;0;2;0;0;2;1;1;B01
201100027794;0;7;0;1;0;4;20;B01
201100027794;0;7;0;0;2;1;1;A01
201100027795;0;33;0;0;0;6;0;B01
201100027795;0;7;0;0;2;1;0;A01
201100027796;0;7;0;0;2;1;0;A01
201100027796;0;7;0;0;0;2;0;B01
201100027796;0;10;0;0;0;4;1;C01
201100027797;1;7;0;0;0;0;20;Z01
201100027797;0;7;0;0;2;1;1;B01
201100027797;0;33;0;0;2;1;1;A01
201100027798;0;7;0;2;0;8;1;A01
201100027798;1;7;0;0;2;0;16;Z01
201100027799;0;2;0;0;2;1;2;A01
201100027799;0;7;0;0;0;5;1;B01
201100027800;0;7;0;8;0;7;15;A01
201100027801;0;7;0;1;0;2;12;A01
201100027802;0;7;0;0;0;1;1;B01
201100027802;0;31;0;0;2;2;15;A01
201100027803;0;7;0;0;2;1;2;C01
201100027803;0;7;0;0;2;1;2;A01
201100027803;0;7;0;0;0;4;1;D01
201100027803;0;7;0;0;0;4;2;B01
201100027804;0;7;0;0;2;1;2;A01
201100027804;0;7;0;0;0;4;1;B01
201100027805;0;33;0;0;2;7;1;A01
201100027805;0;7;0;0;0;3;15;B01
201100027806;0;7;0;0;0;4;1;E01
201100027806;0;7;0;0;2;1;2;A01
201100027806;0;7;0;0;2;4;2;B01
201100027806;0;7;0;0;2;4;2;D01
201100027806;0;7;0;0;2;4;2;C01
201100027807;0;1;0;0;0;0;16;A01
201100027807;0;7;0;0;0;2;1;B01
201100027808;0;7;0;0;2;3;1;B01
201100027808;0;7;0;0;0;2;13;A01
201100027809;0;7;0;0;1;3;15;A01
201100027810;0;2;0;0;2;4;0;A01
201100027810;0;2;0;0;0;0;0;B01
201100027811;0;1;0;0;1;1;1;A01
201100027812;0;7;0;0;0;2;15;A01
201100027812;0;7;0;0;2;1;1;B01
201100027813;0;2;0;0;0;1;21;B01
201100027813;0;7;0;0;0;0;15;A01
201100027814;0;7;0;0;0;7;1;B01
201100027814;0;32;0;0;2;1;16;A01
201100027815;0;10;0;0;1;1;15;A01
201100027816;0;7;0;0;2;1;15;A01
201100027816;0;33;0;0;0;3;1;B01
201100027817;0;7;0;0;2;1;2;B01
201100027817;0;7;0;0;0;4;1;C01
201100027817;0;7;0;0;2;1;2;A01
201100027818;0;30;0;0;0;4;2;B01
201100027818;1;7;0;0;2;1;2;Z01
201100027819;0;7;0;0;2;1;2;A01
201100027819;0;7;0;0;0;4;23;B01
201100027820;0;30;0;0;1;1;1;A01
201100027821;0;7;0;0;2;1;1;A01
201100027821;0;7;0;0;0;3;1;B01
201100027822;0;7;0;0;2;3;1;B01
201100027822;2;7;0;0;2;1;5;Z01
201100027823;1;7;0;0;2;1;0;Z01
201100027823;0;7;0;0;2;8;0;A01
201100027824;0;7;0;0;0;8;1;A01
201100027824;0;7;0;0;2;1;1;B01
201100027825;0;34;0;0;5;8;21;A01
201100027826;0;2;0;0;2;2;1;A01
201100027826;0;7;0;0;0;2;1;B01
201100027827;0;7;0;0;2;1;2;B01
201100027827;0;7;0;0;0;4;1;A01
201100027828;0;7;0;0;2;4;2;B01
201100027828;0;7;0;0;0;4;1;C01
201100027828;0;7;0;0;2;4;2;A01
201100027829;0;10;0;0;4;3;15;A01
201100027829;0;40;0;0;0;3;1;B01
201100027830;0;31;0;0;2;1;2;A01
201100027830;0;7;0;0;0;4;1;C01
201100027830;0;7;0;0;2;4;2;B01
201100027831;0;7;0;0;2;3;1;B01
201100027831;0;7;0;0;2;1;15;A01
201100027832;0;7;0;0;2;4;2;B01
201100027832;0;10;0;0;2;1;2;A01
201100027832;0;10;0;0;0;4;1;C01
201100027833;0;2;0;0;2;2;1;A01
201100027833;0;7;0;0;2;3;1;B01
201100027834;0;30;0;0;2;1;18;B01
201100027834;0;14;0;0;0;5;1;A01
201100027835;0;7;0;8;0;1;1;A01
201100027836;0;7;0;0;0;4;23;C01
201100027836;0;7;0;0;2;4;2;B01
201100027836;0;7;0;0;2;1;2;A01
201100027837;0;7;0;0;0;7;0;A01
201100027837;0;40;0;0;2;7;1;B01
201100027838;0;7;0;11;0;1;1;A01
201100027839;0;7;0;0;0;4;1;B01
201100027839;0;7;0;0;2;1;2;A01
201100027840;0;7;0;0;2;1;2;A01
201100027840;0;7;0;0;0;4;1;B01
201100027841;0;7;0;0;2;1;5;A01
201100027841;0;7;0;0;2;1;1;B01
201100027842;0;7;0;0;2;3;15;B01
201100027842;0;30;0;0;2;2;0;A01
201100027843;0;7;0;0;0;5;15;B01
201100027843;0;30;0;0;2;1;2;A01
201100027844;0;7;0;9;0;2;18;A01
201100027845;0;7;0;0;2;3;1;A01
201100027845;0;1;0;0;2;1;1;B01
201100027846;0;15;0;0;2;1;12;A01
201100027846;0;7;0;0;0;8;1;B01
201100027847;0;7;0;0;1;1;1;A01
201100027848;0;32;0;0;2;1;1;A01
201100027848;0;7;0;0;2;4;1;B01
201100027849;0;1;0;0;2;1;16;B01
201100027849;0;1;0;0;0;8;0;A01
201100027850;0;7;0;0;2;8;1;A01
201100027850;0;32;0;0;2;1;1;B01
201100027851;0;7;0;0;1;3;6;A01
201100027852;0;1;0;0;2;1;1;B01
201100027852;0;7;0;0;0;3;9;A01
201100027853;0;7;0;0;2;2;1;A01
201100027853;0;7;0;0;2;3;1;B01
201100027854;0;1;0;0;2;1;15;B01
201100027854;0;7;0;0;2;1;1;A01
201100027855;0;2;0;0;2;1;1;B01
201100027855;1;7;0;0;2;0;1;Z01
201100027856;0;7;0;1;0;1;24;A01
201100027857;0;2;0;0;2;7;1;B01
201100027857;0;7;0;0;0;3;13;A01
201100027858;0;7;0;0;0;3;13;A01
201100027858;0;30;0;0;2;2;1;B01
201100027859;0;32;0;0;2;1;2;A01
201100027859;0;7;0;0;0;4;1;B01
201100027860;0;7;0;0;0;2;15;A01
201100027860;0;2;0;0;2;1;1;B01
201100027861;0;7;0;0;2;0;1;A01
201100027861;0;1;0;0;0;0;1;B01
201100027862;0;1;0;0;2;8;0;B01
201100027862;1;7;0;0;2;0;0;Z01
201100027863;0;7;0;0;2;4;2;B01
201100027863;0;7;0;0;2;1;2;A01
201100027863;0;7;0;0;0;0;1;C01
201100027864;0;2;0;0;2;1;1;A01
201100027864;0;7;0;0;2;1;1;B01
201100027865;0;7;0;14;0;1;9;A01
201100027866;0;2;0;0;1;1;1;Z01
201100027867;0;7;0;0;0;2;16;A01
201100027867;0;2;0;0;2;3;1;B01
201100027868;0;7;0;0;2;1;2;C01
201100027868;0;7;0;0;0;4;1;D01
201100027868;0;7;0;0;2;1;2;A01
201100027868;0;7;0;0;2;4;2;B01
201100027869;0;40;0;0;1;2;1;A01
201100027870;0;33;0;0;1;1;1;A01
201100027871;0;31;0;0;0;1;0;A01
201100027872;0;1;0;0;2;3;1;B01
201100027872;0;7;0;0;2;2;15;A01
201100027873;0;1;0;0;2;3;13;A01
201100027873;0;37;10;0;0;0;1;B01