num_acc;senc;catv;occutc;obs;obsm;choc;manv;num_veh
201100027874;1;30;0;0;0;0;0;Z01
201100027875;0;7;0;0;2;3;11;A01
201100027875;0;31;0;0;2;7;12;B01
201100027876;0;3;0;0;2;1;0;A01
201100027877;0;33;0;0;1;3;1;A01
201100027878;0;37;1;0;1;5;16;A01
201100027879;0;1;0;0;2;1;1;A01
201100027879;0;7;0;0;2;1;0;B01
201100027880;0;7;0;2;0;1;0;A01
201100027881;0;31;0;0;2;1;1;B01
201100027881;0;10;0;0;2;3;15;A01
201100027882;0;31;0;0;2;3;1;B01
201100027882;0;7;0;0;2;5;16;A01
201100027883;0;40;0;0;2;2;1;B01
201100027883;0;7;0;0;4;0;0;A01
201100027884;0;33;0;0;2;3;1;B01
201100027884;0;7;0;0;0;3;15;A01
201100027885;0;30;0;0;2;1;1;B01
201100027885;0;7;0;0;2;2;22;A01
201100027886;0;7;0;0;0;5;15;B01
201100027886;0;1;0;0;2;1;1;A01
201100027887;0;7;0;0;1;2;1;A01
201100027888;0;13;0;0;1;0;1;A01
201100027889;0;30;0;0;0;6;1;A01
201100027889;1;7;0;0;0;0;0;Z01
201100027890;0;7;0;0;2;3;15;A01
201100027890;0;33;0;0;0;5;16;B01
201100027891;0;7;0;8;0;1;2;A01
201100027892;0;7;0;0;0;2;1;B01
201100027892;0;30;0;0;2;1;1;A01
201100027893;0;31;0;0;2;5;1;B01
201100027893;0;7;0;0;0;2;1;A01
201100027894;0;1;0;0;2;1;1;A01
201100027894;0;10;0;0;0;3;1;B01
201100027895;0;7;0;0;2;1;2;A01
201100027895;0;31;0;0;0;4;1;B01
201100027896;0;2;0;0;1;1;1;A01
201100027897;0;7;0;0;0;7;1;B01
201100027897;0;2;0;0;2;1;1;A01
201100027898;0;7;0;0;2;2;1;A01
201100027898;0;7;0;0;2;3;1;B01
201100027899;0;1;0;0;0;8;19;A01
201100027899;0;30;0;0;2;1;1;B01
201100027900;0;10;0;0;0;6;17;A01
201100027901;0;34;0;0;1;3;15;B01
201100027901;0;7;0;0;2;8;15;A01
201100027902;0;15;0;0;2;1;1;A01
201100027902;0;7;0;0;2;9;1;B01
201100027903;0;1;0;0;0;8;1;B01
201100027903;1;7;0;0;2;0;1;Z01
201100027904;0;10;0;0;0;3;16;A01
201100027904;0;7;0;0;2;1;1;B01
201100027905;0;7;0;0;0;4;2;B01
201100027905;0;7;0;0;2;2;1;A01
201100027905;0;7;0;0;0;4;1;C01
201100027906;0;7;0;0;2;2;12;A01
201100027906;0;31;0;0;0;8;1;B01
201100027907;0;7;0;0;0;1;20;A01
201100027907;0;31;0;0;2;1;1;B01
201100027908;0;1;0;0;0;1;15;A01
201100027908;0;7;0;0;2;1;1;B01
201100027909;0;1;0;1;0;3;1;A01
201100027909;0;7;0;0;0;8;24;B01
201100027910;0;1;0;0;0;7;1;A01
201100027910;0;7;0;0;2;1;1;B01
201100027911;0;14;0;1;0;2;1;A01
201100027912;0;7;0;0;1;1;20;A01
201100027913;0;7;0;0;2;3;15;A01
201100027913;0;31;0;0;2;0;1;B01
201100027914;0;30;0;0;2;3;1;A01
201100027914;0;10;0;0;0;2;20;B01
201100027915;0;10;0;8;0;1;0;A01
201100027916;0;40;0;0;1;1;1;A01
201100027917;0;1;0;0;2;7;15;A01
201100027917;0;33;0;0;0;2;1;B01
201100027918;0;33;0;0;0;4;1;A01
201100027919;1;10;0;0;2;0;0;Z01
201100027919;0;1;0;0;0;0;0;A01
201100027920;0;7;0;0;1;3;15;A01
201100027921;0;7;0;0;2;0;1;A01
201100027921;0;31;0;0;2;0;1;B01
201100027922;0;2;0;0;2;1;1;A01
201100027922;0;7;0;0;2;8;15;B01
201100027923;0;7;0;0;0;0;9;A01
201100027924;0;7;0;0;1;1;16;A01
201100027925;0;7;0;0;1;0;16;A01
201100027926;0;2;0;0;2;1;15;B01
201100027926;0;7;0;0;2;3;1;A01
201100027927;0;7;0;0;0;5;16;B01
201100027927;0;2;0;0;2;1;1;A01
201100027928;0;2;0;0;2;1;1;A01
201100027928;0;10;0;0;0;7;15;B01
201100027929;0;30;0;0;2;1;1;B01
201100027929;0;10;0;0;2;1;15;A01
201100027930;0;7;0;0;2;1;1;Z01
201100027931;0;2;0;7;0;2;0;A01
201100027932;0;7;0;0;2;1;15;A01
201100027932;0;7;0;0;0;1;1;B01
201100027933;0;7;0;0;2;5;15;A01
201100027933;0;1;0;0;2;1;1;B01
201100027934;0;10;0;0;2;9;1;A01
201100027934;0;40;0;0;2;1;1;B01
201100027935;0;33;0;0;2;8;16;B01
201100027935;0;7;0;0;0;7;1;A01
201100027936;0;13;0;0;2;1;2;A01
201100027936;0;7;0;0;0;4;23;B01
201100027937;0;7;0;0;1;2;1;A01
201100027938;0;2;0;0;2;0;2;A01
201100027938;0;7;0;0;0;6;1;B01
201100027939;0;7;0;0;2;0;15;A01
201100027940;0;7;0;0;2;3;1;A01
201100027940;0;31;0;0;0;6;1;B01
201100027941;0;2;0;0;2;9;1;A01
201100027941;0;7;0;0;0;5;16;B01
201100027942;0;7;0;0;1;3;17;A01
201100027943;0;7;0;0;2;6;1;B01
201100027943;0;31;0;0;2;7;1;A01
201100027944;1;7;0;0;2;1;0;Z01
201100027945;0;31;0;0;0;3;13;B01
201100027945;0;7;0;0;2;2;1;A01
201100027946;0;13;0;0;0;2;17;A01
201100027946;0;31;0;0;2;3;16;B01
201100027947;0;7;0;0;1;1;1;A01
201100027948;0;7;0;0;1;3;15;A01
201100027949;0;7;0;8;0;1;0;A01
201100027950;0;7;0;0;0;7;15;A01
201100027950;0;31;0;0;2;2;1;B01
201100027951;0;33;0;0;2;2;15;A01
201100027951;0;7;0;0;2;8;1;B01
201100027952;0;7;0;0;0;2;16;A01
201100027952;0;1;0;0;2;1;1;B01
201100027953;0;7;0;0;2;1;1;B01
201100027953;0;7;0;9;0;8;1;A01
201100027954;0;7;0;0;2;1;15;A01
201100027954;0;2;0;0;2;9;1;B01
201100027955;0;33;0;0;2;2;17;B01
201100027955;0;7;0;0;2;3;15;A01
201100027956;0;7;0;0;1;1;1;A01
201100027957;0;33;0;0;2;7;1;A01
201100027957;0;7;0;0;0;8;1;B01
201100027958;1;7;0;0;1;4;4;Z01
201100027959;0;7;0;0;2;1;16;A01
201100027959;0;7;0;0;0;8;1;B01
201100027960;0;7;0;0;2;1;1;A01
201100027960;0;10;0;0;2;1;1;B01
201100027960;0;10;0;0;2;4;1;D01
201100027960;0;7;0;0;2;4;1;C01
201100027961;0;7;0;0;2;1;0;A01
201100027962;1;7;0;0;2;0;15;A01
201100027962;0;2;0;0;2;8;1;B01
201100027963;0;2;0;0;5;9;1;A01
201100027964;0;34;0;0;2;3;1;A01
201100027964;0;7;0;0;0;2;16;B01
201100027965;0;7;0;0;2;3;22;A01
201100027965;0;1;0;0;2;0;1;B01
201100027966;0;7;0;0;2;5;9;A01
201100027966;0;1;0;0;2;8;9;B01
201100027967;0;32;0;0;2;8;5;A01
201100027967;0;7;0;0;2;3;1;B01
201100027968;0;7;0;0;2;4;1;A01
201100027969;0;2;0;0;2;7;1;A01
201100027970;0;40;0;0;2;3;1;B01
201100027970;0;38;1;8;4;2;1;A01
201100027971;0;30;0;0;2;1;1;B01
201100027971;0;7;0;0;2;1;15;A01
201100027972;0;1;0;0;0;2;1;A01
201100027972;0;7;0;0;2;1;1;B01
201100027973;0;2;0;0;2;5;1;B01
201100027973;0;7;0;0;2;1;16;A01
201100027974;0;33;0;0;0;7;15;B01
201100027974;0;7;0;0;0;0;1;A01
201100027975;0;7;0;0;0;2;16;A01
201100027975;0;1;0;0;2;1;2;B01
201100027976;0;32;0;0;2;1;1;B01
201100027976;0;7;0;0;2;2;1;A01
201100027977;0;2;0;0;2;1;1;A01
201100027977;0;10;0;0;0;4;1;B01
201100027978;0;1;0;0;2;0;3;B01
201100027978;0;1;0;0;2;0;1;A01
201100027979;1;2;0;0;1;8;1;A01
201100027980;0;33;0;0;2;7;15;B01
201100027980;0;7;0;0;2;8;15;A01
201100027981;0;7;0;0;2;4;1;B01
201100027981;0;7;0;0;2;1;1;A01
201100027982;0;33;0;0;2;9;0;B01
201100027982;0;7;0;0;0;3;15;A01
201100027983;0;7;0;12;0;9;1;A01
201100027984;0;33;0;0;2;0;1;A01
201100027984;1;7;0;0;2;0;0;Z01
201100027985;0;7;0;0;0;4;1;C01
201100027985;0;7;0;0;2;4;1;B01
201100027985;0;10;0;0;2;1;1;A01
201100027986;0;34;0;0;2;1;1;A01
201100027986;0;7;0;0;0;8;10;B01
201100027987;0;1;0;0;0;5;16;B01
201100027987;0;7;0;0;2;1;14;A01
201100027988;0;2;0;0;2;1;15;A01
201100027988;0;7;0;0;2;3;16;B01
201100027989;0;7;0;13;0;6;1;A01
201100027990;0;31;0;0;2;3;0;B01
201100027990;0;7;0;0;0;5;1;A01
201100027991;0;7;0;0;2;8;15;B01
201100027991;0;32;0;0;2;9;17;A01
201100027992;0;7;0;0;2;1;1;B01
201100027992;0;7;0;0;2;1;16;A01
201100027993;0;7;0;0;0;5;1;B01
201100027993;0;34;0;0;2;1;2;A01
201100027994;0;32;0;0;0;0;0;A01
201100027994;1;34;0;0;0;0;0;Z01
201100027995;0;1;0;0;2;1;1;B01
201100027995;0;7;0;0;2;8;15;A01
201100027996;0;1;0;0;0;7;1;B01
201100027996;0;7;0;0;2;3;1;A01
201100027997;0;32;0;0;0;1;17;B01
201100027997;0;7;0;0;2;1;15;A01
201100027998;0;7;0;0;0;2;16;B01
201100027998;0;1;0;0;2;1;5;A01
201100027999;0;10;0;0;1;1;15;A01
201100028000;0;7;0;0;0;1;5;B01
201100028000;0;7;0;0;2;1;1;A01
201100028001;0;14;0;0;0;0;16;A01
201100028001;0;1;0;0;2;9;1;B01
201100028002;0;7;0;0;2;1;2;A01
201100028002;0;7;0;0;0;4;1;B01
201100028003;0;31;0;0;2;9;1;B01
201100028003;0;10;0;0;0;4;10;A01
201100028004;0;7;0;14;0;8;1;A01
201100028005;0;2;0;0;2;1;1;B01
201100028005;0;7;0;0;0;6;1;A01
201100028006;0;7;0;0;0;0;11;A01
201100028006;0;33;0;0;0;0;1;B01
201100028007;0;7;0;0;1;0;15;A01
201100028008;0;7;0;0;0;4;1;B01
201100028008;0;7;0;0;2;1;1;A01
201100028009;0;7;0;0;2;7;20;A01
201100028009;0;10;0;0;0;3;1;B01
201100028010;0;13;0;0;2;1;1;A01
201100028010;0;7;0;0;0;4;1;B01
201100028011;0;7;0;0;2;4;2;B01
201100028011;0;7;0;0;0;4;1;C01
201100028011;0;7;0;0;2;1;2;A01
201100028012;0;7;0;0;1;2;1;A01
201100028013;0;30;0;0;0;9;1;B01
201100028013;0;7;0;0;2;1;15;A01
201100028014;0;32;0;0;2;1;1;B01
201100028014;0;7;0;0;0;7;14;A01
201100028015;0;30;0;0;0;8;1;B01
201100028015;0;7;0;0;2;1;1;A01
201100028016;0;10;0;0;1;1;1;A01
201100028017;0;7;0;0;2;3;9;A01
201100028017;0;1;0;0;0;9;1;B01
201100028018;0;7;0;0;2;1;1;A01
201100028018;0;10;0;0;2;4;1;C01
201100028018;0;7;0;0;2;9;1;B01
201100028019;0;33;0;0;1;1;17;A01
201100028020;0;7;0;0;1;3;1;A01
201100028021;0;7;0;0;2;2;1;A01
201100028021;0;1;0;0;2;1;1;B01
201100028022;0;7;0;0;2;1;1;A01
201100028023;0;33;0;0;2;1;1;A01
201100028023;0;10;0;0;2;4;1;B01
201100028024;0;2;0;0;2;8;13;A01
201100028024;0;7;0;0;0;5;1;B01
201100028025;0;7;0;8;0;7;1;B01
201100028025;0;40;0;0;2;1;1;A01
201100028026;0;7;0;0;0;4;1;B01
201100028026;1;7;0;0;2;1;1;Z01
201100028027;0;32;0;0;2;1;2;A01
201100028027;0;7;0;0;0;4;2;B01
201100028028;0;33;0;0;2;1;1;B01
201100028028;0;7;0;0;0;7;15;A01
201100028029;0;7;0;0;2;0;18;A01
201100028030;0;7;0;0;2;8;15;B01
201100028030;0;7;0;0;2;3;1;A01
201100028031;0;7;0;1;2;9;2;A01
201100028031;0;1;0;0;0;4;1;B01
201100028032;0;2;0;1;2;1;1;A01
201100028032;0;7;0;0;0;3;1;B01
201100028033;0;33;0;0;2;9;1;B01
201100028033;0;7;0;0;2;1;0;A01
201100028034;0;7;0;0;2;1;1;A01
201100028034;0;2;0;0;2;1;1;B01
201100028035;0;7;0;0;1;2;1;A01
201100028036;0;7;0;0;2;2;15;A01
201100028036;0;7;0;0;2;1;15;B01
201100028037;0;7;0;1;2;1;1;A01
201100028037;0;7;0;0;2;4;1;B01
201100028038;0;7;0;0;2;3;15;A01
201100028038;0;33;0;0;0;8;2;B01
201100028039;0;7;0;0;2;1;13;A01
201100028039;0;7;0;0;2;1;1;B01
201100028040;0;10;0;0;0;5;14;B01
201100028040;0;33;0;0;2;1;1;A01
201100028041;0;7;0;0;2;2;15;A01
201100028041;0;33;0;0;2;3;1;B01
201100028042;0;7;0;0;0;4;2;B01
201100028042;0;10;0;0;2;1;2;A01
201100028043;0;7;0;11;0;1;5;A01
201100028044;0;7;0;0;2;3;13;A01
201100028044;0;7;0;0;2;3;1;B01
201100028045;0;7;0;0;2;8;15;A01
201100028045;0;7;0;0;2;2;1;B01
201100028046;0;7;0;0;0;8;19;A01
201100028046;0;31;0;0;2;2;1;B01
201100028047;0;7;0;0;2;1;20;A01
201100028047;0;1;0;0;0;8;19;B01
201100028048;0;7;0;0;0;1;1;B01
201100028048;0;7;0;0;2;4;1;A01
201100028049;0;7;0;0;2;2;15;A01
201100028049;0;33;0;0;2;1;1;B01
201100028050;0;7;0;0;0;8;15;B01
201100028050;0;31;0;0;2;7;21;A01
201100028051;0;7;0;0;2;4;2;B01
201100028051;0;7;0;0;2;4;2;C01
201100028051;0;7;0;0;0;4;1;D01
201100028051;0;7;0;0;2;1;2;A01
201100028052;0;7;0;0;0;8;9;A01
201100028052;0;33;0;0;0;8;2;B01
201100028053;0;2;0;0;2;1;1;A01
201100028053;0;7;0;0;0;8;15;B01
201100028054;0;7;0;0;0;8;15;B01
201100028054;0;2;0;0;2;9;17;A01
201100028055;0;33;0;0;2;9;17;A01
201100028055;0;10;0;0;0;8;15;B01
201100028056;0;7;0;0;0;6;16;A01
201100028056;0;2;0;0;2;1;1;B01
201100028057;0;2;0;0;2;1;16;B01
201100028057;0;7;0;0;0;3;1;A01
201100028058;0;2;0;15;0;3;0;A01
201100028059;0;33;0;0;0;6;17;B01
201100028059;0;7;0;0;2;2;10;A01
201100028060;0;7;0;0;0;5;23;B01
201100028060;0;7;0;0;2;3;1;A01
201100028061;0;7;0;0;0;3;15;A01
201100028061;0;33;0;0;2;1;1;B01
201100028062;0;7;0;0;2;3;1;A01
201100028062;0;32;0;0;2;4;15;B01
201100028062;0;7;0;0;0;1;1;C01
201100028063;0;7;0;0;0;8;15;A01
201100028063;0;33;0;0;0;8;1;B01
201100028064;0;7;0;0;0;7;16;A01
201100028064;0;33;0;0;2;1;1;B01
201100028065;0;7;0;0;2;1;15;A01
201100028065;0;30;0;0;0;9;1;B01
201100028066;0;33;0;0;2;1;1;B01
201100028066;0;7;0;0;0;7;15;A01
201100028067;0;7;0;0;2;1;2;A01
201100028067;0;7;0;0;0;4;2;B01
201100028068;0;7;0;0;1;7;17;A01
201100028069;0;7;0;0;2;1;16;A01
201100028069;0;10;0;0;0;2;1;C01
201100028069;0;33;0;0;0;1;1;B01
201100028070;0;7;0;0;1;2;15;A01
201100028071;0;7;0;0;0;4;15;B01
201100028071;0;33;0;0;2;1;1;A01
201100028072;0;31;0;0;0;7;1;A01
201100028073;0;37;1;0;1;3;1;A01
201100028074;0;30;0;0;2;1;1;B01
201100028074;0;7;0;0;0;3;15;A01
201100028075;0;30;0;0;2;1;1;C01
201100028075;0;7;0;0;2;1;15;A01
201100028075;0;30;0;0;2;1;1;B01
201100028076;0;31;0;0;2;1;1;A01
201100028076;0;7;0;0;2;6;1;B01
201100028077;0;7;0;0;0;5;16;B01
201100028077;0;37;10;0;2;1;1;A01
201100028078;0;2;0;0;2;1;17;B01
201100028078;0;7;0;0;0;3;15;A01
201100028079;0;7;0;1;0;8;1;A01
201100028079;0;40;0;0;2;1;1;B01
201100028080;0;7;0;0;0;8;16;A01
201100028080;0;7;0;0;2;1;1;B01
201100028081;0;7;0;0;2;5;1;A01
201100028081;0;33;0;0;2;8;1;B01
201100028082;0;10;0;0;2;1;1;B01
201100028082;0;7;0;0;2;3;15;A01
201100028083;0;7;0;0;2;2;1;B01
201100028083;0;7;0;0;2;3;16;A01
201100028084;0;2;0;0;2;1;2;A01
201100028084;0;7;0;0;0;4;1;B01
201100028085;0;7;0;0;2;1;2;A01
201100028085;0;7;0;0;2;1;15;B01
201100028086;0;10;0;0;2;1;15;A01
201100028086;0;30;0;0;2;1;1;B01
201100028087;0;7;0;0;0;8;15;A01
201100028087;0;10;0;0;2;3;1;B01
201100028088;0;40;0;0;1;0;0;A01
201100028089;0;40;0;0;2;1;1;A01
201100028089;0;7;0;8;0;9;1;B01
201100028090;0;7;0;0;0;8;15;A01
201100028090;0;33;0;0;2;1;2;B01
201100028091;0;1;0;0;2;1;1;B01
201100028091;0;7;0;0;0;7;23;A01
201100028092;0;10;0;0;0;1;0;A01
201100028093;0;33;0;3;0;1;1;A01
201100028094;0;7;0;0;2;1;0;A01
201100028095;0;7;0;0;2;2;15;A01
201100028095;0;1;0;0;2;1;1;B01
201100028096;0;7;0;0;2;1;1;A01
201100028096;0;7;0;0;0;4;1;B01
201100028097;0;7;0;0;1;1;1;A01
201100028098;0;1;0;0;0;0;1;B01
201100028098;0;7;0;0;2;7;16;A01
201100028099;0;7;0;0;1;3;16;A01
201100028100;0;7;0;0;2;1;0;A01
201100028100;0;2;0;0;0;2;0;B01
201100028101;0;7;0;0;1;2;16;A01
201100028102;0;7;0;0;2;1;18;A01
201100028102;0;7;0;0;0;4;23;B01
201100028103;0;10;0;0;2;1;1;B01
201100028103;0;2;0;0;0;9;1;A01
201100028104;0;1;0;0;2;0;1;A01
201100028104;1;7;0;0;0;0;0;Z01
201100028105;0;7;0;0;2;7;1;B01
201100028105;0;33;0;0;0;1;15;A01
201100028106;0;1;0;0;2;1;16;B01
201100028106;0;7;0;0;2;2;15;A01
201100028107;0;7;0;0;4;9;1;A01
201100028107;0;7;0;0;0;2;23;C01
201100028107;0;40;0;0;2;1;1;B01
201100028108;0;7;0;0;0;2;1;B01
201100028108;0;1;0;0;0;0;19;A01
201100028109;0;7;0;0;2;2;1;C01
201100028109;0;7;0;0;2;7;1;A01
201100028109;0;7;0;0;0;6;1;B01
201100028110;0;7;0;0;2;1;1;A01
201100028110;0;7;0;0;2;4;1;B01
201100028110;0;7;0;0;0;4;1;C01
201100028111;0;7;0;0;0;6;1;B01
201100028111;0;34;0;0;0;1;1;A01
201100028112;0;2;0;0;2;1;0;B01
201100028112;0;7;0;0;2;5;16;A01
201100028113;0;33;0;0;2;1;1;B01
201100028113;0;7;0;0;2;2;15;A01
201100028114;0;7;0;0;2;1;15;B01
201100028114;0;33;0;0;2;7;15;A01
201100028115;0;30;0;0;2;1;1;A01
201100028115;0;7;0;0;0;3;15;B01
201100028116;0;7;0;0;2;4;2;B01
201100028116;0;7;0;0;2;1;2;A01
201100028117;0;3;0;0;2;1;1;A01
201100028118;1;7;0;0;1;1;1;A01
201100028119;0;2;0;0;0;1;17;A01
201100028120;0;7;0;0;0;8;1;A01
201100028120;0;7;0;0;2;1;1;B01
201100028121;0;1;0;0;2;1;21;A01
201100028121;0;7;0;0;0;1;15;B01
201100028122;0;37;15;0;1;7;1;A01
201100028123;0;7;0;0;0;2;1;B01
201100028123;0;1;0;0;2;0;5;A01
201100028124;0;7;0;0;2;1;1;A01
201100028124;0;7;0;0;2;7;1;B01
201100028125;0;7;0;6;0;1;16;A01
201100028126;0;33;0;0;1;1;1;A01
201100028127;0;7;0;0;0;8;0;A01
201100028127;0;34;0;0;2;2;0;B01
201100028128;1;2;0;0;2;0;15;Z01
201100028128;0;31;0;0;2;1;1;A01
201100028129;0;10;0;0;2;1;16;A01
201100028130;0;7;0;0;2;7;1;A01
201100028131;0;7;0;0;1;0;1;A01
201100028132;0;7;0;0;2;2;15;A01
201100028132;0;7;0;0;2;1;1;B01
201100028133;0;7;0;0;2;7;15;A01
201100028133;0;33;0;0;2;1;1;B01
201100028134;0;34;0;0;2;1;1;B01
201100028134;0;10;0;0;0;7;15;A01
201100028135;0;7;0;0;2;8;10;A01
201100028135;0;30;0;0;2;1;1;B01
201100028136;0;7;0;7;0;2;6;A01
201100028137;0;7;0;0;2;3;15;A01
201100028137;0;30;0;0;2;2;1;B01
201100028138;0;30;0;0;2;0;2;A01
201100028138;0;1;0;0;2;2;2;B01
201100028139;0;7;0;0;1;2;21;A01
201100028140;0;7;0;0;2;2;1;B01
201100028140;0;7;0;0;2;3;0;A01
201100028141;0;2;0;0;0;7;1;A01
201100028142;0;20;0;0;0;8;1;B01
201100028142;0;30;0;0;2;1;1;A01
201100028143;0;7;0;0;2;9;0;A01
201100028144;0;1;0;1;0;2;1;B01
201100028144;0;7;0;0;0;8;24;A01
201100028145;0;7;0;0;0;5;1;B01
201100028145;0;7;0;0;0;0;5;A01
201100028146;0;7;0;0;2;1;5;A01
201100028146;0;7;0;0;2;1;1;B01
201100028147;0;10;0;0;1;1;1;A01
201100028148;0;10;0;0;2;1;1;B01
201100028148;0;7;0;0;0;3;1;A01
201100028149;0;37;0;0;1;1;16;A01
201100028150;0;10;0;0;2;5;16;B01
201100028150;0;30;0;0;2;1;1;A01
201100028151;0;31;0;0;2;7;1;B01
201100028151;0;7;0;0;2;1;15;A01
201100028152;0;7;0;0;2;1;1;B01
201100028152;0;30;0;0;0;5;10;A01
201100028153;0;7;0;0;2;1;1;A01
201100028153;0;7;0;0;2;4;1;C01
201100028153;0;7;0;0;2;1;1;B01
201100028154;0;40;0;0;1;3;1;A01
201100028155;0;7;0;0;2;4;0;B01
201100028155;0;2;0;0;2;1;15;A01
201100028156;0;7;0;0;1;1;1;A01
201100028157;0;7;0;0;0;4;1;A01
201100028157;0;32;0;0;2;1;1;B01
201100028158;0;7;0;14;0;1;16;A01
201100028159;0;7;0;0;2;1;1;B01
201100028159;0;7;0;0;0;7;19;A01
201100028160;0;10;0;0;2;1;1;A01
201100028160;0;10;0;0;0;8;10;B01
201100028161;0;2;0;0;2;1;1;B01
201100028161;0;7;0;0;2;1;16;A01
201100028162;0;7;0;0;2;0;1;A01
201100028162;0;7;0;0;0;8;1;B01
201100028162;0;7;0;0;2;1;1;C01
201100028163;0;40;0;0;1;1;1;A01
201100028164;0;7;0;0;2;1;9;A01
201100028164;0;1;0;0;2;1;1;B01
201100028165;1;7;0;0;2;0;15;Z01
201100028165;0;34;0;0;0;7;1;A01
201100028166;0;7;0;0;2;3;15;A01
201100028166;0;30;0;0;2;1;1;B01
201100028167;0;7;0;0;2;1;15;B01
201100028167;0;30;0;0;2;1;1;A01
201100028168;0;7;0;0;1;1;1;A01
201100028169;0;7;0;0;2;1;1;A01
201100028169;0;7;0;0;2;4;1;B01
201100028170;0;7;0;0;2;1;2;A01
201100028170;0;7;0;0;0;4;23;B01
201100028171;0;7;0;6;0;1;16;A01
201100028172;0;7;0;0;2;1;13;A01
201100028172;0;7;0;0;2;1;1;B01
201100028173;0;7;0;0;2;1;15;A01
201100028173;0;7;0;0;2;1;1;B01
201100028174;0;40;0;0;1;0;1;A01
201100028175;0;7;0;0;2;1;2;A01
201100028175;0;7;0;0;0;4;2;B01
201100028176;0;1;0;0;2;2;1;A01
201100028176;0;10;0;0;2;3;1;B01
201100028177;0;30;0;1;0;1;1;A01
201100028178;1;7;0;0;1;0;0;Z01
201100028179;0;7;0;0;2;5;15;B01
201100028179;0;31;0;0;2;1;1;A01
201100028180;0;1;0;0;0;1;0;A01
201100028181;0;7;0;0;0;5;1;A01
201100028181;0;2;0;0;2;1;1;B01
201100028182;0;7;0;0;2;6;15;A01
201100028182;0;10;0;0;0;3;1;B01
201100028183;0;7;0;0;0;8;16;A01
201100028183;0;33;0;1;2;1;1;B01
201100028184;0;34;0;0;2;1;1;A01
201100028184;0;7;0;0;1;5;15;B01
201100028185;0;7;0;0;0;3;15;B01
201100028185;0;33;0;0;2;9;15;A01
201100028186;0;7;0;0;0;1;15;A01
201100028186;0;33;0;0;2;1;1;B01
201100028187;0;2;0;0;2;1;1;A01
201100028187;0;7;0;0;2;6;15;B01
201100028188;0;40;0;0;1;2;1;A01
201100028189;0;7;0;14;0;1;1;A01
201100028190;0;7;0;0;2;4;1;A01
201100028190;0;33;0;0;0;4;23;B01
201100028191;0;33;0;6;0;2;0;A01
201100028192;0;2;0;0;2;1;1;A01
201100028192;0;7;0;0;0;3;1;B01
201100028193;0;7;0;0;2;1;1;A01
201100028193;0;7;0;0;2;4;16;B01
201100028194;0;37;10;0;1;1;1;B01
201100028195;0;7;0;0;2;1;2;A01
201100028195;0;7;0;0;2;4;2;B01
201100028195;0;7;0;0;0;4;2;C01
201100028195;0;7;0;0;0;4;1;D01
201100028196;0;7;0;0;2;1;1;A01
201100028196;0;7;0;0;2;1;1;B01
201100028197;0;1;0;1;0;1;15;A01
201100028198;0;7;0;6;0;2;1;A01
201100028199;0;7;0;0;2;3;17;A01
201100028199;0;31;0;0;2;1;1;B01
201100028200;0;7;0;0;1;2;1;A01
201100028201;0;7;0;0;1;0;4;A01
201100028202;0;40;0;0;1;2;1;A01
201100028203;0;32;0;0;2;2;1;A01
201100028203;0;7;0;0;2;2;15;B01
201100028204;0;7;0;0;2;4;1;B01
201100028204;0;7;0;0;2;1;1;A01
201100028205;0;7;0;0;2;1;2;A01
201100028205;0;10;0;0;0;4;1;B01
201100028206;0;7;0;0;2;2;15;A01
201100028206;0;33;0;0;2;1;16;B01
201100028207;0;31;0;0;0;5;1;A01
201100028207;1;7;0;0;2;3;15;Z01
201100028208;0;1;0;0;2;4;19;A01
201100028208;1;7;0;0;2;0;16;Z01
201100028209;0;7;0;0;2;1;1;A01
201100028209;0;7;0;0;1;4;1;B01
201100028210;0;30;0;0;2;1;2;A01
201100028210;0;7;0;0;2;4;2;B01
201100028211;0;7;0;0;1;3;1;A01
201100028212;0;1;0;0;0;0;1;A01
201100028212;0;7;0;0;2;3;1;B01
201100028213;0;7;0;0;1;1;15;A01
201100028214;0;7;0;0;1;1;15;A01
201100028215;0;7;0;0;2;3;15;A01
201100028215;0;2;0;0;2;1;1;B01
201100028216;0;10;0;0;1;0;1;A01
201100028217;0;30;0;0;2;2;1;B01
201100028217;0;10;0;0;0;8;9;A01
201100028218;0;10;0;0;2;1;1;A01
201100028218;0;7;0;0;2;9;1;B01
201100028218;0;7;0;0;0;4;1;C01
201100028219;0;7;0;0;1;3;15;A01
201100028220;0;10;0;0;0;8;15;A01
201100028220;0;2;0;0;2;1;1;B01
201100028221;0;7;0;0;0;8;15;A01
201100028221;0;34;0;0;2;1;1;B01
201100028222;0;7;0;0;1;0;1;A01
201100028223;0;33;0;0;0;9;0;A01
201100028224;0;10;0;0;0;1;2;A01
201100028224;0;7;0;0;0;4;1;B01
201100028225;0;7;0;0;1;0;15;A01
201100028226;0;2;0;0;2;1;1;A01
201100028226;0;7;0;0;0;8;2;B01
201100028227;0;7;0;0;0;3;0;A01
201100028227;0;30;0;0;2;2;16;B01
201100028228;0;7;0;0;1;1;15;A01
201100028229;0;7;0;0;2;2;0;A01
201100028229;0;7;0;0;2;4;0;B01
201100028230;0;7;0;0;0;3;1;A01
201100028230;0;1;0;0;2;1;16;B01
201100028231;0;7;0;0;1;1;1;A01
201100028232;0;7;0;0;2;1;2;A01