num_acc;senc;catv;occutc;obs;obsm;choc;manv;num_veh
201100028232;0;7;0;0;0;4;2;B01
201100028233;0;1;0;0;0;8;2;B01
201100028233;0;7;0;0;2;2;2;A01
201100028234;0;7;0;0;2;7;1;A01
201100028234;0;7;0;0;2;1;1;B01
201100028235;0;7;0;1;2;1;2;A01
201100028235;0;7;0;0;0;4;2;B01
201100028236;0;33;0;0;2;3;21;B01
201100028236;0;7;0;0;2;5;15;A01
201100028237;0;7;0;11;1;1;14;A01
201100028238;0;7;0;9;2;1;19;A01
201100028238;0;7;0;9;2;1;1;B01
201100028239;0;33;0;0;2;1;1;B01
201100028239;0;7;0;0;2;1;11;A01
201100028240;0;7;0;1;0;1;1;A01
201100028241;0;7;0;0;2;5;15;A01
201100028241;0;33;0;0;2;1;0;B01
201100028242;0;1;0;0;2;1;0;B01
201100028242;0;10;0;0;9;3;9;A01
201100028243;0;30;0;0;2;8;0;A01
201100028243;0;7;0;0;2;3;2;B01
201100028244;0;7;0;0;1;1;1;A01
201100028245;0;7;0;0;2;8;1;B01
201100028245;0;30;0;0;2;1;0;A01
201100028246;0;2;0;0;2;7;12;B01
201100028246;0;7;0;0;2;2;9;A01
201100028247;0;7;0;0;1;6;4;A01
201100028248;0;7;0;0;1;2;0;A01
201100028249;0;7;0;2;0;1;0;A01
201100028250;0;31;0;0;0;0;0;A01
201100028250;1;7;0;0;0;0;0;Z01
201100028251;0;1;0;0;0;8;0;B01
201100028251;0;7;0;0;0;7;17;A01
201100028252;0;7;0;0;2;8;10;A01
201100028252;0;33;0;0;2;1;2;B01
201100028253;0;7;0;0;2;3;5;A01
201100028253;0;7;0;0;2;3;1;B01
201100028254;0;30;0;5;0;1;0;A01
201100028255;0;30;0;0;2;1;1;B01
201100028255;0;7;0;0;2;3;15;A01
201100028256;0;30;0;0;2;1;0;A01
201100028256;0;7;0;0;2;8;15;B01
201100028257;0;7;0;0;2;1;15;A01
201100028257;0;33;0;0;2;7;1;B01
201100028258;0;7;0;0;1;3;0;A01
201100028259;0;2;0;0;0;1;0;A01
201100028260;0;2;0;0;2;7;17;B01
201100028260;0;7;0;0;2;3;15;A01
201100028261;0;7;0;0;2;3;9;A01
201100028261;0;30;0;0;2;0;0;B01
201100028262;0;33;0;0;2;1;0;B01
201100028262;0;7;0;0;2;8;10;A01
201100028263;0;32;0;0;2;1;0;B01
201100028263;0;7;0;0;2;8;15;A01
201100028264;0;7;0;0;2;3;1;B01
201100028264;0;10;0;0;2;8;1;C01
201100028264;0;33;0;0;2;8;17;A01
201100028265;0;7;0;0;2;1;1;A01
201100028265;0;1;0;0;2;4;2;B01
201100028266;0;31;0;0;2;1;1;B01
201100028266;0;7;0;0;2;2;17;A01
201100028267;0;32;0;0;2;7;1;B01
201100028267;0;7;0;0;2;2;9;A01
201100028268;0;7;0;6;0;1;16;A01
201100028269;0;7;0;0;2;3;15;A01
201100028269;0;30;0;0;2;1;1;B01
201100028270;0;34;0;12;0;1;0;A01
201100028271;0;2;0;8;0;1;14;A01
201100028272;0;7;0;0;2;3;1;B01
201100028272;0;7;0;13;2;0;1;A01
201100028273;0;7;0;0;2;1;1;B01
201100028273;0;7;0;0;2;1;17;A01
201100028274;0;1;0;0;2;1;1;B01
201100028274;0;7;0;0;2;1;9;A01
201100028275;0;7;0;0;0;0;0;A01
201100028275;0;14;0;0;0;0;0;B01
201100028276;0;7;0;0;2;1;19;A01
201100028276;0;7;0;0;2;0;1;B01
201100028276;0;7;0;0;2;1;1;C01
201100028276;0;7;0;0;2;1;1;D01
201100028277;0;7;0;0;0;0;0;A01
201100028278;0;33;0;0;0;0;1;B01
201100028278;0;7;0;0;0;0;9;A01
201100028279;0;7;0;0;0;0;0;A01
201100028280;0;1;0;0;0;0;0;B01
201100028280;0;7;0;0;0;0;0;A01
201100028281;0;7;0;0;2;3;1;B01
201100028281;0;7;0;0;0;0;0;A01
201100028282;0;7;0;0;0;0;0;A01
201100028283;0;30;0;0;2;1;1;B01
201100028283;0;7;0;0;2;1;15;A01
201100028284;0;7;0;0;0;0;0;A01
201100028285;0;7;0;0;0;0;0;A01
201100028286;0;7;0;0;0;0;0;A01
201100028287;0;7;0;0;0;0;0;A01
201100028288;0;7;0;0;0;0;0;A01
201100028289;0;7;0;0;2;1;1;A01
201100028289;0;30;0;0;2;1;1;B01
201100028290;0;7;0;0;2;3;1;A01
201100028290;0;30;0;0;2;8;1;B01
201100028291;0;7;0;0;1;1;1;A01
201100028292;0;7;0;0;0;0;0;A01
201100028293;0;7;0;0;0;0;0;B01
201100028293;0;2;0;0;0;0;0;A01
201100028294;0;7;0;0;2;0;1;A01
201100028294;0;1;0;0;2;0;0;B01
201100028295;0;7;0;0;0;0;0;A01
201100028295;0;32;0;0;0;0;0;B01
201100028296;0;7;0;0;0;0;0;A01
201100028296;0;37;1;0;0;0;0;B01
201100028297;0;7;0;0;0;0;0;B01
201100028297;0;30;0;0;0;0;0;A01
201100028298;1;7;0;0;1;1;0;Z01
201100028299;0;7;0;0;1;1;1;A01
201100028300;0;7;0;0;0;0;0;A01
201100028300;0;7;0;0;0;0;0;B01
201100028301;0;7;0;0;0;0;0;B01
201100028301;0;7;0;0;0;0;0;A01
201100028302;0;7;0;0;0;0;0;A01
201100028303;0;7;0;0;1;1;15;A01
201100028304;0;7;0;2;0;0;15;A01
201100028305;0;7;0;0;0;0;0;A01
201100028306;0;7;0;0;2;5;1;C01
201100028306;0;7;0;0;2;3;1;B01
201100028306;0;7;0;1;0;2;1;A01
201100028307;0;7;0;0;2;2;15;A01
201100028307;1;7;0;0;2;1;1;Z01
201100028308;0;7;0;0;0;0;0;A01
201100028309;0;33;0;0;0;0;0;B01
201100028309;0;7;0;0;0;0;0;A01
201100028310;0;30;0;0;2;1;0;B01
201100028310;0;7;0;0;2;1;1;A01
201100028311;0;30;0;0;0;0;0;A01
201100028311;0;7;0;0;0;0;0;B01
201100028312;0;33;0;0;2;1;1;B01
201100028312;0;7;0;0;9;4;9;A01
201100028313;0;7;0;0;1;0;9;A01
201100028314;0;7;0;0;1;0;0;A01
201100028315;0;7;0;0;0;0;0;A01
201100028316;0;7;0;0;0;0;0;B01
201100028316;0;7;0;0;0;0;0;A01
201100028317;0;7;0;0;0;0;0;B01
201100028317;1;7;0;0;0;0;0;Z01
201100028318;0;7;0;0;2;1;1;B01
201100028318;0;7;0;0;2;1;13;A01
201100028319;0;7;0;0;1;2;1;A01
201100028320;0;7;0;6;0;3;15;A01
201100028321;0;7;0;0;0;0;0;B01
201100028321;0;36;0;0;0;0;0;A01
201100028322;0;7;0;0;2;4;23;B01
201100028322;0;3;0;0;2;3;1;A01
201100028323;0;7;0;0;0;0;0;A01
201100028324;0;7;0;0;0;0;0;A01
201100028325;0;30;0;0;0;0;0;A01
201100028326;0;33;0;0;9;7;1;B01
201100028326;0;7;0;0;0;0;17;A01
201100028327;0;30;0;0;0;0;1;A01
201100028328;0;7;0;0;0;0;0;A01
201100028328;0;7;0;0;0;0;0;B01
201100028329;0;7;0;0;1;1;17;A01
201100028330;0;30;0;0;0;0;1;A01
201100028331;0;1;0;0;2;7;0;B01
201100028331;1;7;0;0;0;0;0;Z01
201100028332;0;99;0;0;2;1;15;A01
201100028332;0;7;0;0;2;8;1;B01
201100028333;0;7;0;0;1;7;1;A01
201100028334;0;7;0;0;0;0;0;A01
201100028334;0;7;0;0;0;0;0;B01
201100028335;2;7;0;0;2;1;1;A01
201100028335;0;7;0;0;2;3;1;B01
201100028336;0;7;0;0;2;3;1;A01
201100028336;0;7;0;0;0;1;1;B01
201100028337;0;7;0;1;2;7;1;B01
201100028337;0;2;0;0;2;0;1;A01
201100028338;0;7;0;0;0;0;0;A01
201100028339;0;7;0;0;0;0;0;A01
201100028340;0;7;0;12;0;1;1;A01
201100028341;0;7;0;0;0;0;0;A01
201100028341;0;7;0;0;0;0;0;B01
201100028342;0;2;0;0;2;7;2;A01
201100028342;0;7;0;0;2;6;2;B01
201100028343;0;37;1;0;0;0;0;B01
201100028343;0;2;0;0;0;0;1;A01
201100028344;0;33;0;0;2;1;1;B01
201100028344;0;7;0;0;2;3;13;A01
201100028345;0;2;0;0;0;0;0;A01
201100028346;0;7;0;0;0;0;0;A01
201100028347;0;7;0;0;0;0;0;A01
201100028347;0;7;0;0;0;0;0;B01
201100028348;0;7;0;0;2;1;15;A01
201100028348;0;34;0;0;2;1;1;B01
201100028349;0;7;0;0;2;7;1;B01
201100028349;0;7;0;0;2;1;1;A01
201100028350;0;7;0;0;1;1;1;A01
201100028351;0;1;0;0;0;0;0;B01
201100028351;0;7;0;0;0;0;0;A01
201100028352;0;30;0;0;0;0;0;A01
201100028353;0;1;0;0;0;0;0;A01
201100028353;0;7;0;0;0;0;0;B01
201100028354;0;7;0;0;0;0;0;A01
201100028355;0;7;0;0;0;0;0;A01
201100028355;0;7;0;0;0;0;0;B01
201100028356;0;7;0;0;0;0;0;B01
201100028356;0;7;0;0;0;0;0;A01
201100028357;0;7;0;0;0;0;0;A01
201100028357;0;33;0;0;0;0;0;B01
201100028358;0;7;0;0;2;1;1;B01
201100028358;0;30;0;0;2;7;1;A01
201100028359;0;7;0;0;0;0;0;B01
201100028359;0;7;0;0;0;0;0;A01
201100028360;0;7;0;0;0;0;0;A01
201100028360;0;7;0;0;0;0;0;B01
201100028361;0;33;0;0;2;1;1;B01
201100028361;0;7;0;0;2;6;10;A01
201100028362;0;7;0;0;0;0;0;A01
201100028363;0;7;0;0;2;1;13;A01
201100028363;0;7;0;0;2;1;1;B01
201100028364;0;7;0;0;2;4;1;B01
201100028364;0;32;0;0;2;1;1;A01
201100028365;0;10;0;0;2;1;1;B01
201100028365;0;33;0;0;2;1;13;A01
201100028366;0;7;0;0;2;1;10;A01
201100028366;0;34;0;0;2;1;1;B01
201100028367;0;7;0;0;0;0;0;B01
201100028367;0;30;0;0;0;0;0;A01
201100028368;0;32;0;0;0;0;0;A01
201100028368;0;7;0;0;0;0;0;B01
201100028369;0;30;0;0;2;2;1;B01
201100028369;0;1;0;0;2;1;0;A01
201100028370;0;7;0;0;2;1;1;B01
201100028370;0;30;0;0;2;1;1;A01
201100028371;0;30;0;0;1;1;17;A01
201100028372;0;7;0;0;2;6;15;B01
201100028372;0;2;0;0;2;1;5;A01
201100028373;0;7;0;8;0;1;1;A01
201100028374;0;7;0;0;1;3;11;A01
201100028375;0;7;0;0;2;1;0;A01
201100028375;0;7;0;0;2;1;1;B01
201100028375;1;7;0;0;2;1;0;Z01
201100028376;0;30;0;0;2;1;5;A01
201100028376;0;7;0;0;2;3;15;B01
201100028377;0;7;0;0;2;3;9;A01
201100028377;0;33;0;0;2;7;1;B01
201100028378;0;7;0;0;1;1;15;A01
201100028379;0;7;0;0;2;1;17;A01
201100028379;0;7;0;0;9;1;1;C01
201100028379;0;7;0;4;2;4;1;B01
201100028380;0;7;0;0;1;1;1;A01
201100028381;1;7;0;0;1;1;0;A01
201100028382;0;32;0;0;0;1;1;A01
201100028383;0;7;0;9;0;1;1;A01
201100028384;0;36;0;0;2;1;1;A01
201100028384;0;7;0;0;0;0;0;B01
201100028384;0;7;0;0;0;0;0;C01
201100028385;0;7;0;0;0;0;0;A01
201100028385;0;7;0;0;0;0;0;B01
201100028386;0;7;0;0;0;1;1;A01
201100028387;0;7;0;3;0;1;13;A01
201100028388;0;7;0;0;2;1;1;B01
201100028388;0;34;0;0;2;1;13;A01
201100028389;0;7;0;0;2;8;1;B01
201100028389;1;7;0;0;2;3;13;A01
201100028390;0;7;0;15;0;0;0;A01
201100028391;0;7;0;0;2;3;1;B01
201100028391;0;3;0;0;2;1;1;A01
201100028392;0;7;0;0;2;1;9;A01
201100028392;0;7;0;0;2;7;1;B01
201100028393;2;7;0;0;2;1;13;A01
201100028393;0;7;0;0;2;1;1;B01
201100028394;0;7;0;0;1;1;1;A01
201100028395;0;7;0;0;0;1;1;A01
201100028396;0;10;0;0;2;1;1;B01
201100028396;0;7;0;0;2;2;15;A01
201100028397;0;7;0;0;1;1;1;A01
201100028398;0;30;0;0;2;1;1;B01
201100028398;0;7;0;0;2;2;1;A01
201100028399;0;7;0;0;2;7;1;A01
201100028399;0;7;0;0;2;1;1;B01
201100028400;0;7;0;0;2;1;1;A01
201100028400;0;7;0;0;2;1;1;B01
201100028401;0;7;0;6;2;1;1;B01
201100028401;0;7;0;6;2;1;1;A01
201100028402;0;7;0;0;2;8;15;B01
201100028402;0;30;0;5;2;7;17;A01
201100028403;0;7;0;0;2;8;15;A01
201100028403;0;30;0;0;2;1;1;B01
201100028404;0;7;0;13;0;3;1;A01
201100028405;0;7;0;0;1;1;16;A01
201100028406;0;7;0;0;2;1;1;B01
201100028406;0;7;0;0;2;3;13;A01
201100028407;0;7;0;0;2;1;21;A01
201100028407;0;7;0;0;2;1;1;B01
201100028408;0;7;0;16;0;1;1;A01
201100028409;0;7;0;0;2;6;1;C01
201100028409;0;7;0;0;2;4;1;B01
201100028409;1;7;0;0;2;1;2;A01
201100028410;0;7;0;1;0;2;1;A01
201100028411;1;7;0;0;2;3;13;A01
201100028411;0;7;0;0;2;4;23;C01
201100028411;0;33;0;14;2;7;1;B01
201100028412;0;32;0;11;0;1;1;A01
201100028413;0;33;0;0;2;1;1;B01
201100028413;0;7;0;0;2;7;15;A01
201100028414;0;7;0;0;2;3;1;B01
201100028414;0;7;0;0;2;1;13;A01
201100028415;0;34;0;0;2;2;3;B01
201100028415;0;7;0;0;2;7;9;C01
201100028415;0;7;0;0;2;8;3;A01
201100028416;0;33;0;0;2;1;1;B01
201100028416;0;7;0;0;2;3;15;A01
201100028417;0;31;0;0;2;1;17;A01
201100028417;0;7;0;0;2;8;1;B01
201100028418;0;30;0;0;2;1;0;B01
201100028418;0;7;0;0;2;6;15;A01
201100028419;0;7;0;0;0;0;9;B01
201100028419;0;31;0;0;0;0;2;A01
201100028420;0;7;0;0;1;2;15;A01
201100028421;0;7;0;0;1;1;1;A01
201100028422;0;7;0;0;2;1;1;B01
201100028422;0;7;0;0;2;1;9;A01
201100028423;0;31;0;0;0;0;1;A01
201100028424;0;7;0;0;1;1;1;A01
201100028425;0;7;0;0;2;3;10;A01
201100028425;0;31;0;0;2;1;1;B01
201100028426;0;33;0;0;0;0;1;A01
201100028427;0;7;0;0;2;1;1;B01
201100028427;0;7;0;0;2;8;15;A01
201100028428;0;7;0;0;2;3;10;A01
201100028428;0;30;0;0;2;2;1;B01
201100028429;0;7;0;0;2;2;12;A01
201100028429;0;2;0;0;2;1;7;B01
201100028430;0;7;0;1;2;1;1;A01
201100028430;0;7;0;0;2;8;1;B01
201100028431;0;7;0;0;2;1;1;A01
201100028431;0;31;0;0;2;1;1;B01
201100028432;0;33;0;11;0;1;1;A01
201100028433;0;33;0;0;2;7;1;B01
201100028433;0;10;0;0;2;8;9;A01
201100028434;0;7;0;0;1;1;1;A01
201100028435;0;7;0;0;2;1;15;B01
201100028435;0;31;0;0;2;1;1;A01
201100028436;0;32;0;0;2;1;1;B01
201100028436;0;7;0;0;2;2;15;A01
201100028437;0;7;0;0;2;1;9;A01
201100028437;0;7;0;0;2;7;1;B01
201100028438;0;7;0;0;1;1;16;A01
201100028439;0;7;0;0;2;8;2;A01
201100028439;0;7;0;0;2;1;2;B01
201100028440;0;32;0;0;0;0;0;A01
201100028441;0;32;0;0;2;1;9;A01
201100028441;0;7;0;0;0;3;16;B01
201100028442;0;7;0;0;2;4;2;B01
201100028442;1;7;0;0;2;1;2;A01
201100028443;0;2;0;0;2;1;1;B01
201100028443;0;7;0;0;2;5;16;A01
201100028444;0;7;0;0;1;1;15;A01
201100028445;0;7;0;0;2;5;1;A01
201100028445;0;31;0;0;2;3;1;B01
201100028446;0;7;0;0;2;3;15;B01
201100028446;0;30;0;0;2;1;1;A01
201100028447;0;1;0;0;2;8;1;A01
201100028447;0;32;0;0;2;1;1;B01
201100028448;0;33;0;0;2;1;1;B01
201100028448;0;7;0;0;2;1;15;A01
201100028449;0;2;0;0;0;1;1;A01
201100028450;0;30;0;0;2;1;1;B01
201100028450;0;7;0;0;2;3;0;A01
201100028451;2;7;0;6;0;1;0;A01
201100028452;0;2;0;0;0;2;2;A01
201100028453;0;1;0;0;2;8;1;A01
201100028453;0;7;0;0;2;1;15;B01
201100028454;0;32;0;12;0;1;1;A01
201100028455;0;2;0;0;0;8;16;A01
201100028456;0;7;0;0;2;1;1;A01
201100028457;0;31;0;0;2;1;1;B01
201100028457;0;7;0;0;2;5;15;A01
201100028458;0;33;0;0;2;1;1;B01
201100028458;0;7;0;0;0;7;15;A01
201100028459;0;31;0;0;2;3;1;B01
201100028459;0;7;0;0;2;1;15;A01
201100028460;0;7;0;0;1;4;4;A01
201100028461;0;7;0;3;0;1;1;A01
201100028462;0;7;0;0;2;1;1;B01
201100028462;0;7;0;0;2;1;15;A01
201100028463;0;1;0;0;0;4;1;B01
201100028463;0;7;0;0;2;1;1;A01
201100028463;0;1;0;0;0;4;1;C01
201100028464;0;40;1;0;2;2;0;B01
201100028464;0;32;0;0;4;3;0;A01
201100028465;0;7;0;0;1;1;1;A01
201100028466;0;33;0;11;0;1;1;A01
201100028467;0;7;0;13;2;2;13;B01
201100028467;1;7;0;0;2;3;13;A01
201100028468;0;7;0;0;1;4;4;A01
201100028469;0;7;0;13;0;1;1;A01
201100028470;0;7;0;0;2;1;13;B01
201100028470;0;33;0;0;2;3;1;A01
201100028471;0;7;0;15;0;2;1;A01
201100028472;0;30;0;0;0;1;1;A01
201100028473;0;7;0;0;2;1;1;A01
201100028473;0;7;0;0;0;4;1;B01
201100028474;0;32;0;0;2;1;1;B01
201100028474;0;7;0;0;2;2;15;A01
201100028475;0;7;0;0;2;8;1;B01
201100028475;0;7;0;0;2;3;1;C01
201100028475;0;7;0;8;2;1;1;A01
201100028476;0;30;0;0;2;1;2;A01
201100028476;0;7;0;0;0;6;1;B01
201100028477;0;33;0;0;2;1;1;B01
201100028477;0;7;0;0;0;6;10;A01
201100028478;0;33;0;0;2;1;1;B01
201100028478;0;7;0;0;2;8;9;A01
201100028479;0;7;0;0;2;4;15;B01
201100028479;0;7;0;0;2;1;2;A01
201100028479;0;7;0;0;2;1;1;C01
201100028480;0;7;0;2;0;3;1;A01
201100028481;0;7;0;0;2;1;2;A01
201100028481;0;7;0;0;2;2;2;C01
201100028481;0;7;0;0;2;6;2;B01
201100028482;0;33;0;0;2;2;1;A01
201100028482;0;7;0;0;0;4;1;B01
201100028483;0;7;0;0;2;4;1;B01
201100028483;0;7;0;0;2;1;2;A01
201100028484;0;7;0;0;0;8;1;C01
201100028484;0;7;0;0;2;1;2;A01
201100028484;0;1;0;0;2;4;2;B01
201100028485;0;7;0;0;2;8;11;A01
201100028485;0;34;0;0;2;7;1;B01
201100028486;0;7;0;0;1;2;1;A01
201100028487;0;7;0;11;0;8;2;A01
201100028488;0;34;0;0;0;8;1;A01
201100028489;0;7;0;0;1;1;0;A01
201100028490;0;7;0;0;1;2;15;A01
201100028491;0;7;0;0;2;1;1;B01
201100028491;0;7;0;0;2;1;13;A01
201100028492;0;7;0;0;1;1;1;A01
201100028493;0;32;0;0;2;7;17;A01
201100028493;0;7;0;0;2;1;15;B01
201100028494;0;14;0;0;1;1;1;A01
201100028495;0;33;0;0;2;1;1;B01
201100028495;0;7;0;0;2;3;15;A01
201100028496;0;7;0;0;2;1;16;B01
201100028496;2;1;0;0;1;8;1;A01
201100028497;0;33;0;0;2;7;1;A01
201100028497;0;7;0;0;2;6;15;B01
201100028498;0;7;0;0;2;8;19;B01
201100028498;0;30;0;0;2;1;19;A01
201100028499;0;7;0;2;0;1;0;A01
201100028500;0;7;0;0;2;8;15;A01
201100028500;0;32;0;0;2;1;1;B01
201100028501;0;33;0;11;0;9;0;A01
201100028502;0;30;0;0;2;7;15;B01
201100028502;0;33;0;0;2;1;1;A01
201100028503;0;34;0;0;2;0;1;B01
201100028503;0;7;0;0;2;0;1;A01
201100028504;0;7;0;0;2;2;1;B01
201100028504;0;1;0;0;2;1;5;A01
201100028505;0;2;0;0;2;3;1;B01
201100028505;0;7;0;0;2;7;9;A01
201100028506;0;7;0;12;2;6;0;A01
201100028506;0;7;0;0;2;2;0;B01
201100028507;0;7;0;5;0;1;1;A01
201100028508;0;7;0;0;0;0;1;A01
201100028509;0;31;0;0;2;1;1;B01
201100028509;0;7;0;0;2;3;16;A01
201100028510;0;30;0;0;2;7;0;A01
201100028510;0;7;0;0;2;3;0;B01
201100028511;0;7;0;0;2;4;2;C01
201100028511;0;7;0;0;2;1;2;A01
201100028511;0;7;0;0;2;4;2;B01
201100028512;0;7;0;0;0;4;1;B01
201100028512;0;7;0;0;2;1;1;A01
201100028513;0;7;0;1;0;2;1;A01
201100028514;0;32;0;0;0;0;1;A01
201100028515;0;7;0;0;2;1;1;B01
201100028515;0;7;0;0;2;2;15;A01
201100028516;0;7;0;0;2;7;1;B01
201100028516;0;7;0;0;2;1;1;A01
201100028517;0;33;0;0;2;1;1;A01
201100028517;0;7;0;0;2;3;1;B01
201100028518;1;7;0;0;1;1;0;A01
201100028519;0;7;0;1;0;1;0;A01
201100028520;0;33;0;0;2;8;1;B01
201100028520;0;7;0;0;2;7;12;A01
201100028521;0;33;0;0;2;2;1;B01
201100028521;0;7;0;0;2;5;15;A01
201100028522;0;7;0;0;2;3;1;C01
201100028522;0;30;0;0;2;1;3;A01
201100028522;0;7;0;0;2;8;1;B01
201100028523;0;32;0;0;2;2;1;B01
201100028523;0;7;0;0;2;1;19;A01
201100028524;0;32;0;0;0;0;0;B01
201100028524;0;1;0;0;0;0;0;A01
201100028524;0;1;0;0;0;0;0;C01
201100028525;0;33;0;0;2;7;19;B01
201100028525;0;7;0;0;2;2;19;A01
201100028526;0;7;0;15;0;1;1;A01
201100028527;0;7;0;0;2;1;1;A01
201100028527;0;33;0;0;2;4;1;B01
201100028528;0;7;0;16;0;2;1;A01
201100028529;0;7;0;0;1;1;5;A01
201100028530;0;7;0;0;0;4;2;C01
201100028530;0;7;0;0;2;1;2;B01
201100028530;0;7;0;0;2;1;2;A01
201100028531;0;31;0;0;2;2;16;A01
201100028531;0;7;0;0;2;3;1;B01
201100028532;0;10;0;0;1;6;4;A01
201100028533;0;30;0;0;0;0;1;A01
201100028534;0;7;0;0;2;2;16;A01
201100028534;0;7;0;0;2;8;1;B01
201100028535;0;7;0;0;2;1;1;B01
201100028535;0;7;0;0;2;7;15;A01
201100028536;0;10;0;0;2;5;15;A01
201100028536;0;2;0;0;2;1;1;B01
201100028537;0;34;0;0;2;7;1;A01
201100028537;0;7;0;0;2;1;1;B01
201100028538;0;7;0;0;2;1;15;A01
201100028538;0;7;0;0;2;1;1;B01
201100028539;0;7;0;0;2;4;1;B01
201100028539;0;30;0;0;2;1;2;A01
201100028540;0;7;0;0;2;2;15;A01
201100028540;0;33;0;0;2;1;1;B01
201100028541;0;7;0;0;2;8;15;A01
201100028541;0;33;0;0;2;7;17;B01
201100028542;0;7;0;0;2;4;1;D01
201100028542;0;10;0;0;2;4;1;B01
201100028542;0;3;0;0;2;4;1;C01
201100028542;0;7;0;0;2;1;1;A01
201100028543;0;37;20;0;1;8;24;B01
201100028543;0;33;0;0;1;2;17;A01
201100028544;0;7;0;12;2;3;1;A01
201100028544;0;7;0;0;2;5;2;B01
201100028544;0;7;0;0;0;5;2;C01
201100028545;0;7;0;0;2;1;19;A01
201100028545;0;32;0;0;2;1;1;B01
201100028546;0;7;0;0;1;1;1;A01
201100028547;0;7;0;0;2;1;1;B01
201100028547;0;7;0;0;2;7;15;A01
201100028548;0;7;0;0;2;7;1;B01
201100028548;0;7;0;0;2;3;1;A01
201100028549;0;7;0;3;0;3;0;A01
201100028550;0;7;0;4;0;1;1;A01
201100028551;0;7;0;4;0;3;13;A01
201100028552;0;7;0;0;2;1;1;B01
201100028552;0;32;0;0;2;7;1;A01
201100028553;0;7;0;0;2;1;15;A01
201100028553;0;34;0;0;2;3;16;B01
201100028554;0;38;1;0;2;2;1;A01
201100028554;0;10;0;0;2;6;1;B01
201100028555;0;7;0;0;1;2;1;A01
201100028556;0;7;0;0;2;3;1;A01
201100028556;0;7;0;0;2;1;1;B01
201100028557;0;34;0;0;0;7;16;A01
201100028558;0;7;0;0;2;6;11;B01
201100028558;0;7;0;0;2;2;0;A01
201100028559;0;7;0;0;2;1;1;A01
201100028559;0;7;0;0;2;4;1;B01
201100028560;0;7;0;0;1;2;1;A01
201100028561;0;1;0;0;2;3;1;B01
201100028561;0;7;0;0;2;7;22;A01
201100028562;0;7;0;0;1;2;0;A01
201100028563;0;7;0;0;2;1;2;D01
201100028563;0;7;0;0;2;4;23;B01
201100028563;0;7;0;0;2;3;23;C01
201100028563;0;7;0;0;2;1;2;A01
201100028564;0;10;0;0;2;3;15;B01
201100028564;0;10;0;0;2;2;16;A01
201100028565;0;1;0;0;2;7;1;B01
201100028565;0;7;0;0;2;1;9;A01
201100028566;0;7;0;0;2;7;1;B01
201100028566;1;7;0;0;2;1;9;A01
201100028566;0;1;0;0;2;8;1;C01
201100028567;0;7;0;0;0;4;2;B01
201100028567;0;7;0;0;2;1;2;A01
201100028568;0;7;0;0;2;4;1;D01
201100028568;0;7;0;0;2;4;2;C01
201100028568;0;7;0;0;1;4;2;B01
201100028568;0;7;0;0;2;1;2;A01
201100028569;0;7;0;0;2;3;1;B01
201100028569;0;1;0;0;2;7;19;A01
201100028570;0;7;0;0;2;1;1;A01
201100028570;0;1;0;0;2;3;19;B01
201100028571;0;7;0;0;1;2;1;A01
201100028572;1;7;0;15;0;0;0;B01
201100028572;0;1;0;0;0;0;0;A01
201100028573;0;7;0;5;0;2;0;A01
201100028574;0;7;0;0;9;7;22;A01
201100028574;0;1;0;0;2;1;1;B01
201100028575;0;31;0;0;2;1;17;A01
201100028575;0;7;0;0;2;3;17;B01
201100028576;0;1;0;0;2;2;19;B01
201100028576;0;7;0;0;2;1;1;A01
201100028577;0;33;0;0;2;1;5;B01
201100028577;0;7;0;0;2;8;9;A01
201100028578;0;33;0;0;2;8;1;A01
201100028578;0;7;0;0;2;7;14;B01
201100028579;0;33;0;0;2;1;1;B01
201100028579;0;7;0;0;2;7;9;A01
201100028580;0;7;0;0;2;8;15;A01
201100028580;0;32;0;0;2;1;1;B01
201100028581;0;7;0;0;2;3;10;A01
201100028581;0;33;0;0;2;1;1;B01
201100028582;0;7;0;0;0;8;24;A01
201100028582;0;1;0;0;2;2;1;B01
201100028583;0;37;30;0;4;8;1;A01
201100028583;0;40;0;0;2;1;1;B01
201100028584;0;7;0;0;2;1;1;A01
201100028584;0;7;0;0;2;4;1;B01
201100028585;0;7;0;0;2;3;9;A01
201100028585;0;7;0;0;2;5;1;B01
201100028586;0;7;0;0;2;1;1;A01
201100028586;0;7;0;0;2;4;1;B01
201100028587;0;7;0;0;2;2;15;A01
201100028587;0;30;0;0;2;1;1;B01
201100028588;0;7;0;0;1;1;1;A01
201100028589;0;34;0;0;2;1;1;A01
201100028589;0;33;0;0;2;8;9;B01
201100028590;0;33;0;0;2;1;1;B01
201100028590;0;7;0;0;2;7;9;A01
201100028591;0;7;0;0;2;2;1;B01
201100028591;0;7;0;0;2;1;9;A01
201100028592;0;7;0;0;1;2;1;A01
201100028593;0;7;0;0;0;4;1;E01
201100028593;0;7;0;0;2;4;1;C01
201100028593;0;7;0;0;2;4;1;D01
201100028593;0;7;0;0;2;4;23;B01
201100028593;0;7;0;0;0;1;1;A01
201100028594;0;10;0;0;2;3;10;A01
201100028594;0;33;0;0;2;2;17;B01
201100028595;0;17;0;16;0;0;15;A01
201100028596;0;7;0;0;0;2;1;A01
201100028597;0;7;0;0;2;3;9;A01
201100028597;0;1;0;0;2;1;1;B01
201100028598;0;7;0;0;2;1;1;B01
201100028598;0;7;0;0;2;1;17;A01
201100028599;0;32;0;3;0;2;1;A01