num_acc;senc;catv;occutc;obs;obsm;choc;manv;num_veh
201100028961;0;10;0;0;2;1;15;A01
201100028961;0;7;0;0;2;8;1;C01
201100028961;0;7;0;0;2;8;1;B01
201100028962;0;32;0;0;2;1;1;B01
201100028962;0;7;0;0;2;7;15;A01
201100028963;0;7;0;0;1;1;1;A01
201100028964;0;30;0;0;2;2;17;A01
201100028964;0;7;0;0;2;8;15;B01
201100028965;0;7;0;2;0;8;1;A01
201100028966;0;1;0;0;2;4;2;B01
201100028966;1;7;0;0;2;2;2;A01
201100028967;0;30;0;0;2;1;2;B01
201100028967;0;7;0;0;2;3;15;A01
201100028968;0;7;0;0;1;1;1;A01
201100028969;0;31;0;0;2;8;1;B01
201100028969;0;7;0;0;2;7;16;A01
201100028970;0;2;0;0;2;1;1;A01
201100028970;0;7;0;0;2;8;1;B01
201100028971;0;7;0;0;1;2;21;A01
201100028972;0;7;0;0;1;1;0;A01
201100028973;0;10;0;0;2;1;1;A01
201100028973;0;7;0;0;2;8;1;B01
201100028974;0;7;0;4;0;3;1;A01
201100028975;0;7;0;0;1;1;1;A01
201100028976;0;30;0;0;2;1;1;B01
201100028976;0;7;0;0;2;3;15;A01
201100028977;0;7;0;0;2;4;2;B01
201100028977;0;34;0;0;2;1;2;A01
201100028978;0;31;0;0;0;0;1;A01
201100028979;0;7;0;0;2;3;9;B01
201100028979;0;33;0;0;2;7;17;A01
201100028980;0;7;0;0;1;1;1;A01
201100028981;0;32;0;8;0;1;0;A01
201100028982;0;7;0;0;2;3;1;B01
201100028982;0;7;0;4;0;3;1;A01
201100028982;0;7;0;0;9;1;1;C01
201100028983;0;7;0;13;0;9;1;A01
201100028984;0;32;0;0;2;1;1;B01
201100028984;0;7;0;0;2;1;15;A01
201100028985;0;7;0;0;2;1;1;B01
201100028985;0;7;0;0;2;7;15;A01
201100028986;0;2;0;0;0;8;1;A01
201100028987;0;7;0;4;0;2;16;A01
201100028988;0;1;0;0;2;6;9;A01
201100028988;0;32;0;0;2;1;1;B01
201100028989;0;7;0;0;1;1;1;A01
201100028990;0;7;0;0;2;7;1;B01
201100028990;0;7;0;0;2;1;1;A01
201100028990;0;37;1;0;2;6;23;C01
201100028991;0;7;0;0;2;3;20;A01
201100028991;0;34;0;0;2;3;2;B01
201100028991;0;7;0;0;2;5;24;C01
201100028992;0;32;0;0;1;1;1;A01
201100028993;0;1;0;15;0;1;1;A01
201100028994;0;7;0;0;2;2;10;A01
201100028994;0;33;0;0;2;1;1;B01
201100028995;0;7;0;0;2;1;1;A01
201100028995;0;7;0;0;2;4;2;D01
201100028995;0;7;0;0;2;4;2;C01
201100028995;0;7;0;0;2;4;2;B01
201100028996;0;7;0;0;2;2;23;B01
201100028996;0;30;0;0;2;3;18;A01
201100028997;0;7;0;2;0;1;0;A01
201100028998;0;7;0;0;2;1;2;A01
201100028998;0;7;0;0;0;4;2;B01
201100028999;0;10;0;0;2;4;23;C01
201100028999;0;7;0;0;2;6;23;B01
201100028999;0;7;0;0;0;4;23;D01
201100028999;0;7;0;0;2;2;2;A01
201100029000;0;10;0;0;1;1;1;A01
201100029001;0;33;0;0;2;7;1;B01
201100029001;0;7;0;0;2;8;13;A01
201100029002;0;7;0;0;0;2;14;A01
201100029003;0;7;0;0;0;4;2;B01
201100029003;0;32;0;0;2;1;2;A01
201100029004;0;7;0;0;2;2;15;B01
201100029004;0;30;0;0;2;1;1;A01
201100029004;0;7;0;0;2;3;1;C01
201100029005;0;10;0;0;1;4;4;A01
201100029006;0;31;0;0;2;1;1;B01
201100029006;0;7;0;0;2;8;10;A01
201100029007;0;40;0;0;1;7;1;A01
201100029008;0;7;0;0;2;5;23;B01
201100029008;0;33;0;0;2;3;3;A01
201100029009;0;1;0;0;2;7;11;A01
201100029009;0;7;0;0;2;2;1;B01
201100029010;0;7;0;0;2;1;1;B01
201100029010;0;7;0;0;2;5;15;A01
201100029011;0;40;0;0;1;2;1;A01
201100029012;0;7;0;12;0;2;1;A01
201100029013;0;31;0;0;0;7;1;A01
201100029014;2;7;0;0;1;6;4;A01
201100029015;0;10;0;0;1;4;4;A01
201100029016;0;7;0;0;2;2;15;A01
201100029016;0;30;0;0;2;1;1;B01
201100029017;0;33;0;12;0;1;0;A01
201100029018;0;7;0;0;1;4;20;A01
201100029019;0;7;0;0;1;4;10;A01
201100029020;0;2;0;0;2;0;5;A01
201100029020;0;7;0;0;2;6;0;B01
201100029021;0;7;0;0;2;2;1;A01
201100029021;0;7;0;0;2;3;9;B01
201100029022;0;7;0;0;2;2;1;B01
201100029022;0;1;0;0;2;3;19;A01
201100029023;0;7;0;0;2;1;19;A01
201100029023;0;31;0;0;2;1;1;B01
201100029024;0;7;0;0;1;1;1;A01
201100029025;0;7;0;0;2;4;1;B01
201100029025;0;7;0;0;2;1;9;A01
201100029026;0;7;0;6;0;1;2;A01
201100029027;0;7;0;0;2;2;0;A01
201100029027;0;7;0;0;2;1;0;B01
201100029028;0;7;0;0;1;2;1;A01
201100029029;0;7;0;0;2;4;2;B01
201100029029;0;7;0;0;2;1;1;A01
201100029030;0;7;0;13;0;9;1;A01
201100029031;0;7;0;0;2;3;15;A01
201100029031;0;30;0;0;2;1;1;B01
201100029032;0;7;0;0;2;3;13;A01
201100029032;0;7;0;0;2;3;1;B01
201100029033;0;30;0;0;2;2;1;B01
201100029033;0;7;0;0;2;3;9;A01
201100029034;0;37;1;0;1;7;16;A01
201100029035;0;7;0;0;2;4;1;B01
201100029035;0;7;0;0;2;1;2;A01
201100029036;0;7;0;0;1;2;5;A01
201100029037;0;7;0;0;2;1;1;B01
201100029037;1;10;0;0;2;7;1;A01
201100029038;0;7;0;0;2;7;1;A01
201100029038;0;33;0;0;0;8;1;B01
201100029039;0;7;0;6;0;1;1;A01
201100029040;0;33;0;0;2;1;1;B01
201100029040;0;7;0;0;2;8;15;A01
201100029041;0;7;0;0;2;1;1;B01
201100029041;0;7;0;0;2;2;15;A01
201100029042;0;7;0;0;1;1;1;A01
201100029043;0;7;0;0;1;1;1;A01
201100029044;0;7;0;0;2;4;2;D01
201100029044;0;7;0;0;2;4;2;C01
201100029044;0;7;0;0;2;4;2;B01
201100029044;0;7;0;0;2;1;2;A01
201100029045;0;30;0;0;2;1;1;A01
201100029045;0;7;0;0;2;4;2;B01
201100029046;0;2;0;1;0;1;1;A01
201100029047;0;33;0;0;2;1;1;B01
201100029047;0;7;0;0;2;3;9;A01
201100029048;0;7;0;0;2;7;16;B01
201100029048;0;33;0;0;2;1;9;A01
201100029049;0;2;0;0;2;1;1;B01
201100029049;0;7;0;0;2;3;15;A01
201100029050;0;10;0;0;2;7;1;A01
201100029050;0;31;0;0;2;1;1;B01
201100029051;0;7;0;0;1;1;1;A01
201100029052;0;31;0;0;2;1;1;B01
201100029052;0;7;0;0;2;2;15;A01
201100029053;0;7;0;0;2;7;15;B01
201100029053;0;7;0;0;2;3;1;A01
201100029054;0;7;0;0;2;3;9;A01
201100029054;0;1;0;0;2;1;15;B01
201100029055;0;7;0;0;2;2;15;A01
201100029055;0;2;0;0;2;1;1;B01
201100029056;0;7;0;0;1;2;1;A01
201100029057;0;33;0;0;2;3;13;C01
201100029057;0;7;0;0;0;0;13;B01
201100029057;0;7;0;0;0;0;9;A01
201100029058;0;2;0;0;2;1;1;A01
201100029058;0;10;0;0;2;3;1;B01
201100029059;0;7;0;0;2;1;13;A01
201100029059;0;7;0;0;2;1;1;B01
201100029060;0;2;0;0;2;1;5;A01
201100029060;0;7;0;0;2;8;1;B01
201100029061;0;2;0;0;2;1;1;B01
201100029061;0;7;0;0;2;1;13;A01
201100029062;0;7;0;0;2;1;1;A01
201100029063;0;7;0;0;2;4;2;B01
201100029063;1;7;0;0;2;1;1;A01
201100029064;0;7;0;3;0;1;13;A01
201100029065;0;7;0;0;2;1;1;B01
201100029065;0;10;0;0;2;4;1;A01
201100029066;0;7;0;0;2;8;15;A01
201100029066;0;31;0;0;2;1;1;B01
201100029067;0;7;0;0;1;7;1;A01
201100029068;0;7;0;0;2;6;17;A01
201100029068;0;33;0;0;2;7;17;B01
201100029069;0;7;0;0;2;1;1;B01
201100029069;0;31;0;0;2;8;1;A01
201100029070;0;7;0;0;2;4;2;B01
201100029070;0;7;0;0;2;1;1;A01
201100029071;0;7;0;0;2;1;1;B01
201100029071;0;7;0;0;2;1;13;A01
201100029072;0;7;0;0;2;1;13;A01
201100029072;0;10;0;0;2;3;1;B01
201100029073;0;7;0;0;2;2;16;A01
201100029073;0;1;0;0;2;1;1;B01
201100029074;0;30;0;0;2;1;1;B01
201100029074;0;7;0;0;2;3;9;A01
201100029075;0;1;0;0;2;4;1;B01
201100029075;0;16;0;0;2;5;16;A01
201100029076;0;7;0;0;2;6;4;A01
201100029076;0;34;0;0;2;1;1;B01
201100029077;0;7;0;0;2;3;1;B01
201100029077;0;2;0;0;2;1;5;A01
201100029078;0;7;0;0;2;8;17;A01
201100029078;0;7;0;0;2;7;1;B01
201100029079;0;30;0;7;0;1;14;A01
201100029080;0;31;0;0;2;1;13;A01
201100029080;0;7;0;0;2;1;1;B01
201100029081;0;31;0;0;2;1;1;B01
201100029081;0;7;0;0;2;6;4;A01
201100029082;0;33;0;0;2;1;1;B01
201100029082;0;10;0;8;2;7;1;A01
201100029083;0;32;0;0;2;1;1;B01
201100029083;0;7;0;0;2;3;1;A01
201100029084;0;7;0;0;2;8;15;A01
201100029084;0;31;0;0;2;1;1;B01
201100029085;0;7;0;0;2;1;13;A01
201100029085;0;7;0;0;2;1;1;B01
201100029086;0;3;0;0;2;3;13;A01
201100029086;0;7;0;0;2;3;1;B01
201100029087;0;7;0;0;2;1;1;B01
201100029087;0;7;0;0;2;3;13;A01
201100029088;0;7;0;0;2;1;1;B01
201100029088;0;7;0;0;2;1;13;A01
201100029089;0;7;0;0;2;1;1;B01
201100029089;0;7;0;0;2;3;13;A01
201100029090;0;7;0;0;2;7;15;A01
201100029090;0;33;0;0;2;1;1;B01
201100029091;0;7;0;10;0;9;1;A01
201100029092;0;7;0;0;2;2;1;A01
201100029092;0;2;0;0;2;1;1;B01
201100029093;0;7;0;0;2;8;1;B01
201100029093;0;17;0;0;2;0;1;A01
201100029094;0;7;0;0;1;1;1;A01
201100029095;0;7;0;8;0;2;5;A01
201100029095;0;7;0;0;0;7;2;B01
201100029096;0;2;0;0;2;1;1;A01
201100029096;0;7;0;0;2;5;1;B01
201100029097;0;31;0;0;2;4;2;A01
201100029097;0;7;0;0;2;4;2;B01
201100029098;0;7;0;0;0;8;0;B01
201100029098;0;7;0;0;0;5;4;A01
201100029099;0;7;0;0;2;2;1;A01
201100029099;0;1;0;0;2;8;1;B01
201100029100;0;7;0;0;1;5;2;A01
201100029101;0;7;0;0;0;4;2;C01
201100029101;0;7;0;0;2;4;2;B01
201100029101;0;7;0;0;2;1;2;A01
201100029102;0;7;0;0;0;4;1;B01
201100029102;0;7;0;0;2;1;1;A01
201100029103;0;7;0;0;0;3;11;B01
201100029103;0;30;0;0;2;1;2;A01
201100029104;0;1;0;1;0;1;1;A01
201100029104;0;7;0;;;4;;B01
201100029105;0;7;0;0;1;8;15;A01
201100029106;0;33;0;0;2;1;1;B01
201100029106;0;7;0;0;0;2;9;A01
201100029107;0;7;0;2;0;2;2;A01
201100029108;0;7;0;0;2;4;2;C01
201100029108;0;7;0;0;2;1;2;A01
201100029108;0;7;0;0;2;6;2;B01
201100029109;0;7;0;0;1;1;1;A01
201100029110;0;10;0;0;2;8;1;B01
201100029110;0;2;0;0;2;1;1;A01
201100029111;0;30;0;0;2;1;2;A01
201100029111;0;30;0;0;0;4;23;B01
201100029112;0;7;0;0;0;4;2;B01
201100029112;0;35;0;0;2;1;2;A01
201100029113;0;10;0;0;1;2;1;A01
201100029114;0;31;0;0;1;1;1;A01
201100029115;0;7;0;0;2;7;1;B01
201100029115;0;7;0;0;2;1;1;A01
201100029116;0;7;0;0;1;3;1;A01
201100029117;0;7;0;0;1;5;1;A01
201100029118;0;32;0;0;2;1;1;B01
201100029118;0;7;0;0;2;7;10;A01
201100029119;1;7;0;0;0;0;0;A01
201100029119;0;7;0;0;2;4;0;B01
201100029120;0;7;0;0;2;2;10;A01
201100029120;0;33;0;0;2;1;1;B01
201100029121;0;7;0;0;2;2;1;B01
201100029121;0;7;0;0;2;3;15;A01
201100029122;0;7;0;12;0;2;1;A01
201100029123;0;7;0;12;0;2;1;A01
201100029124;0;30;0;0;1;0;15;A01
201100029125;0;7;0;0;1;1;15;A01
201100029126;0;30;0;0;2;1;1;A01
201100029126;0;10;0;0;2;4;1;B01
201100029127;0;14;0;12;0;1;1;A01
201100029128;0;33;0;0;2;1;1;B01
201100029128;0;7;0;0;2;2;15;A01
201100029129;0;7;0;0;2;3;1;A01
201100029129;0;7;0;0;2;2;1;B01
201100029130;0;7;0;0;2;4;1;C01
201100029130;0;7;0;0;2;1;1;B01
201100029130;0;13;0;0;2;1;1;A01
201100029131;0;7;0;0;1;2;1;A01
201100029132;0;7;0;0;2;1;1;A01
201100029132;0;7;0;0;2;4;2;B01
201100029133;0;7;0;0;2;1;15;A01
201100029133;0;7;0;0;2;1;1;B01
201100029134;0;7;0;0;2;1;16;A01
201100029134;0;7;0;0;2;6;1;B01
201100029135;0;10;0;3;2;4;23;C01
201100029135;0;10;0;0;2;1;1;A01
201100029135;0;7;0;0;2;4;23;B01
201100029136;0;7;0;9;0;1;1;A01
201100029137;0;7;0;0;2;4;2;B01
201100029137;0;7;0;0;2;1;1;A01
201100029138;0;7;0;0;1;1;15;A01
201100029139;0;7;0;0;2;1;1;A01
201100029139;0;37;2;0;2;0;1;B01
201100029140;0;7;0;0;0;4;2;D01
201100029140;0;7;0;0;2;4;2;C01
201100029140;0;10;0;0;2;1;1;A01
201100029140;0;7;0;0;2;4;2;B01
201100029141;0;7;0;0;0;0;0;A01
201100029142;0;1;0;0;1;1;1;A01
201100029143;1;13;0;0;2;7;1;A01
201100029143;0;1;0;0;2;8;2;B01
201100029144;0;7;0;11;0;1;1;A01
201100029145;0;10;0;0;2;4;2;B01
201100029145;0;15;0;0;2;1;1;A01
201100029145;0;10;0;0;2;4;2;C01
201100029145;0;10;0;0;2;4;2;D01
201100029145;0;7;0;0;2;1;2;E01
201100029146;0;1;0;0;2;2;1;B01
201100029146;1;7;0;0;2;3;18;A01
201100029147;0;7;0;0;1;2;1;A01
201100029148;0;7;0;0;1;3;1;A01
201100029149;0;30;0;0;2;7;21;B01
201100029149;1;7;0;0;0;0;20;Z01
201100029150;0;7;0;0;2;4;23;B01
201100029150;0;7;0;0;0;4;23;D01
201100029150;0;10;0;0;2;1;2;C01
201100029150;0;10;0;0;2;1;2;A01
201100029151;0;7;0;0;2;1;2;A01
201100029151;0;2;0;0;0;4;23;B01
201100029152;0;7;0;0;0;4;23;B01
201100029152;0;7;0;0;2;1;2;A01
201100029153;1;7;0;0;1;0;1;A01
201100029154;0;7;0;0;2;1;9;A01
201100029154;0;7;0;0;2;3;1;B01
201100029155;0;7;0;0;1;2;1;A01
201100029156;0;7;0;11;0;1;1;A01
201100029157;0;1;0;0;2;4;1;B01
201100029157;0;7;0;0;2;2;9;A01
201100029158;1;7;0;0;2;1;1;A01
201100029159;0;14;0;0;2;1;2;A01
201100029159;0;7;0;0;2;4;23;B01
201100029160;0;33;0;0;1;1;21;A01
201100029161;0;10;0;11;0;1;21;A01
201100029162;0;7;0;0;2;2;1;B01
201100029162;0;30;0;0;2;1;1;A01
201100029163;1;7;0;0;1;4;4;Z01
201100029164;0;7;0;12;0;2;1;A01
201100029165;0;7;0;0;2;3;9;A01
201100029165;0;10;0;0;2;2;1;B01
201100029166;0;7;0;11;0;3;1;A01
201100029167;0;7;0;4;0;3;1;A01
201100029168;0;1;0;0;5;1;1;A01
201100029169;0;1;0;0;5;1;1;A01
201100029170;0;2;0;0;2;3;18;A01
201100029170;0;7;0;0;2;7;9;B01
201100029171;0;30;0;0;0;1;1;A01
201100029172;0;7;0;0;2;1;1;A01
201100029172;0;7;0;0;2;4;23;B01
201100029173;0;30;0;0;0;0;21;A01
201100029174;0;7;0;0;2;8;1;B01
201100029174;0;14;0;0;2;7;14;A01
201100029175;0;1;0;0;2;1;1;B01
201100029175;0;7;0;0;2;1;9;A01
201100029176;0;30;0;0;0;0;1;A01
201100029177;0;7;0;0;1;0;1;A01
201100029178;0;33;0;0;2;8;13;A01
201100029178;0;7;0;0;2;5;1;B01
201100029179;0;7;0;11;0;3;1;A01
201100029180;0;2;0;0;2;1;1;B01
201100029180;0;7;0;0;2;2;20;A01
201100029181;0;7;0;0;2;3;9;A01
201100029181;0;7;0;0;2;2;1;B01
201100029182;0;30;0;0;2;1;17;B01
201100029182;0;7;0;0;2;3;10;A01
201100029183;0;30;0;0;2;1;1;A01
201100029183;0;7;0;0;2;4;23;B01
201100029184;0;33;0;0;0;1;1;A01
201100029185;0;7;0;0;1;1;1;A01
201100029186;0;7;0;0;2;2;15;A01
201100029186;0;1;0;0;2;1;1;B01
201100029187;0;2;0;0;0;0;1;A01
201100029188;0;7;0;0;1;1;1;A01
201100029189;0;7;0;0;1;1;1;A01
201100029190;0;33;0;0;2;1;1;B01
201100029190;0;7;0;0;2;2;15;A01
201100029191;0;7;0;0;2;1;1;A01
201100029191;0;1;0;0;2;1;1;B01
201100029192;0;1;0;0;2;1;1;B01
201100029192;0;7;0;0;2;1;15;A01
201100029193;0;7;0;0;1;5;20;A01
201100029194;0;7;0;0;2;3;1;A01
201100029194;0;7;0;0;2;1;1;B01
201100029195;0;7;0;15;0;1;1;A01
201100029196;0;7;0;3;0;0;1;A01
201100029197;0;7;0;0;2;8;1;A01
201100029197;0;30;0;0;2;1;1;B01
201100029198;0;7;0;0;2;4;23;C01
201100029198;0;7;0;0;2;1;1;A01
201100029198;0;7;0;0;2;4;23;B01
201100029199;0;2;0;1;2;1;1;A01
201100029200;0;7;0;0;2;7;15;A01
201100029200;0;7;0;0;2;1;1;C01
201100029200;0;31;0;0;2;1;1;B01
201100029201;0;1;0;0;2;1;1;B01
201100029201;0;7;0;0;2;7;16;A01
201100029202;0;33;0;12;2;1;1;B01
201100029202;0;7;0;0;2;8;11;A01
201100029203;2;7;0;9;0;6;1;A01
201100029204;0;7;0;0;1;2;1;A01
201100029205;0;7;0;0;2;2;15;B01
201100029205;0;2;0;0;2;1;5;A01
201100029206;0;7;0;0;1;2;1;A01
201100029207;0;7;0;0;2;8;9;A01
201100029207;0;30;0;0;2;1;1;B01
201100029208;0;7;0;11;0;1;1;A01
201100029209;0;10;0;0;2;1;1;B01
201100029209;0;7;0;0;2;1;9;A01
201100029210;0;7;0;0;2;1;1;A01
201100029210;0;7;0;0;2;4;2;B01
201100029210;0;7;0;0;2;4;2;C01
201100029211;0;7;0;0;1;1;1;A01
201100029212;0;7;0;13;0;8;1;A01
201100029213;0;7;0;0;2;1;1;A01
201100029213;0;7;0;0;2;4;23;B01
201100029213;0;7;0;0;2;4;23;C01
201100029214;0;7;0;0;2;4;23;B01
201100029214;0;7;0;0;2;4;23;C01
201100029214;0;7;0;0;2;1;1;A01
201100029215;0;33;0;9;0;0;9;A01
201100029216;0;10;0;0;1;1;1;A01
201100029217;0;33;0;0;0;7;1;A01
201100029218;0;1;0;0;2;8;1;B01
201100029218;0;7;0;0;2;7;14;A01
201100029219;0;1;0;0;2;1;1;A01
201100029219;0;7;0;0;2;6;23;B01
201100029220;0;7;0;0;2;8;1;C01
201100029220;0;33;0;0;2;4;2;B01
201100029220;0;7;0;0;2;1;1;A01
201100029221;0;31;0;0;0;0;1;A01
201100029222;0;7;0;0;1;1;1;A01
201100029223;0;15;0;0;0;0;1;A01
201100029224;0;1;0;0;2;1;1;B01
201100029224;0;7;0;0;2;3;15;A01
201100029225;0;30;0;11;0;1;5;A01
201100029226;0;7;0;0;2;1;1;A01
201100029226;0;7;0;3;2;4;1;B01
201100029227;0;33;0;0;0;0;1;A01
201100029228;0;10;0;0;1;3;1;A01
201100029229;0;7;0;0;2;2;1;A01
201100029229;0;7;0;0;2;3;19;B01
201100029230;0;1;0;0;1;1;1;A01
201100029231;0;7;0;0;0;9;1;A01
201100029232;0;1;0;0;2;8;1;B01
201100029232;0;10;0;0;2;5;16;A01
201100029233;0;7;0;0;2;4;2;C01
201100029233;0;7;0;0;2;4;2;B01
201100029233;0;7;0;0;2;1;1;A01
201100029234;0;7;0;0;2;1;1;A01
201100029234;0;33;0;0;2;1;15;B01
201100029235;0;1;0;0;2;1;1;B01
201100029235;0;7;0;0;2;2;9;A01
201100029236;0;7;0;0;2;7;16;A01
201100029236;0;1;0;0;2;1;1;B01
201100029237;0;1;0;0;2;1;1;A01
201100029238;0;7;0;0;1;1;1;A01
201100029239;0;1;0;0;2;1;19;A01
201100029239;0;7;0;0;2;1;1;B01
201100029240;0;2;0;0;0;0;1;A01
201100029241;0;7;0;0;2;1;16;A01
201100029241;0;33;0;0;2;1;1;B01
201100029242;0;33;0;3;0;1;1;A01
201100029243;0;7;0;0;1;4;4;A01
201100029244;0;7;0;0;1;4;4;A01
201100029245;0;37;1;13;0;1;1;A01
201100029246;0;7;0;0;1;1;1;A01
201100029247;0;1;0;0;2;1;9;A01
201100029247;0;10;0;0;2;2;1;B01
201100029248;0;30;0;0;0;1;15;A01
201100029249;0;30;0;0;2;1;2;A01
201100029250;0;7;0;0;2;4;23;A01
201100029250;0;15;0;0;2;1;2;D01
201100029250;0;33;0;1;0;1;1;B01
201100029250;0;14;0;0;2;4;21;C01
201100029251;0;30;0;11;0;1;1;A01
201100029252;0;33;0;0;2;1;16;A01
201100029252;0;7;0;0;2;1;1;B01
201100029253;0;33;0;0;2;1;17;A01
201100029253;0;7;0;0;2;8;15;B01
201100029254;0;7;0;0;2;1;1;A01
201100029254;0;7;0;0;2;4;2;B01
201100029255;0;33;0;0;1;1;1;A01
201100029256;0;1;0;0;1;1;1;A01
201100029257;0;7;0;0;2;4;23;B01
201100029257;0;13;0;0;2;3;1;A01
201100029258;0;7;0;11;0;1;1;A01
201100029259;0;7;0;0;1;1;1;A01
201100029260;0;7;0;0;2;1;1;A01
201100029260;0;7;0;0;2;3;1;B01
201100029261;0;14;0;0;2;4;4;A01
201100029261;0;32;0;0;2;1;1;B01
201100029262;0;7;0;0;2;3;15;A01
201100029262;0;30;0;0;2;2;1;B01
201100029263;0;7;0;11;0;3;1;A01
201100029264;0;7;0;0;2;1;1;A01
201100029264;0;7;0;0;2;4;2;C01
201100029264;0;7;0;0;2;4;2;D01
201100029264;0;7;0;0;2;4;2;B01
201100029265;0;33;0;0;2;0;1;A01
201100029265;0;7;0;0;2;6;1;B01
201100029266;0;30;0;0;2;8;18;B01
201100029266;0;10;0;0;2;7;16;A01
201100029267;0;33;0;0;2;8;9;A01
201100029267;0;13;0;0;2;0;1;B01
201100029268;0;30;0;0;2;1;18;A01
201100029268;0;7;0;0;2;7;16;B01
201100029269;0;7;0;0;2;1;15;B01
201100029269;0;10;0;0;2;1;1;A01
201100029270;0;1;0;0;2;1;1;B01
201100029270;0;7;0;0;2;2;16;A01
201100029271;0;7;0;0;1;1;1;A01
201100029272;0;7;0;0;1;8;15;A01
201100029273;0;30;0;11;0;0;1;A01
201100029274;0;7;0;0;2;3;15;A01
201100029274;0;1;0;0;2;0;1;B01
201100029275;0;7;0;0;2;0;16;A01
201100029275;0;1;0;0;2;0;1;B01
201100029276;0;7;0;11;0;9;1;A01
201100029277;0;7;0;13;0;1;16;A01
201100029278;0;7;0;0;2;7;17;A01
201100029278;0;1;0;0;2;8;13;B01
201100029279;0;7;0;0;2;8;22;A01
201100029279;0;1;0;0;2;1;1;B01
201100029280;2;10;0;2;0;9;1;A01
201100029281;0;7;0;11;0;1;13;A01
201100029282;1;7;0;0;1;0;1;A01
201100029283;0;1;0;0;0;0;1;A01
201100029284;0;10;0;6;1;3;13;A01
201100029285;0;7;0;11;2;1;1;A01
201100029286;0;7;0;13;0;3;1;A01
201100029287;0;7;0;13;0;1;1;A01
201100029288;0;30;0;0;0;1;1;A01
201100029289;0;30;0;0;0;2;1;A01
201100029290;0;7;0;3;0;1;1;A01
201100029291;0;1;0;0;2;0;1;B01
201100029291;0;7;0;0;2;3;16;A01
201100029292;0;7;0;0;2;2;1;B01
201100029292;0;7;0;3;2;9;17;A01
201100029293;0;7;0;8;2;8;15;A01
201100029293;0;7;0;0;2;2;1;B01
201100029294;0;10;0;3;0;1;1;A01
201100029295;0;7;0;3;0;3;1;A01
201100029296;0;7;0;0;1;2;1;A01
201100029297;0;7;0;0;2;4;2;B01
201100029297;0;7;0;0;2;1;1;A01
201100029298;0;7;0;0;1;2;1;A01
201100029299;0;7;0;0;1;1;9;A01
201100029300;0;7;0;0;2;7;1;A01
201100029300;0;7;0;0;2;1;1;B01
201100029301;0;33;0;0;2;7;1;A01
201100029301;0;7;0;0;2;6;2;B01
201100029302;0;7;0;0;2;4;2;E01
201100029302;0;7;0;0;2;4;2;D01
201100029302;0;7;0;0;2;4;2;F01
201100029302;0;7;0;0;2;1;1;A01
201100029302;0;7;0;0;2;4;2;B01
201100029302;0;7;0;0;2;4;2;C01
201100029303;0;1;0;0;2;5;1;B01
201100029303;0;7;0;0;2;3;1;A01
201100029304;0;1;0;0;0;1;1;A01
201100029305;0;10;0;0;2;1;1;A01
201100029305;0;30;0;0;2;2;1;B01
201100029306;0;1;0;0;1;1;1;A01
201100029307;0;10;0;0;0;0;23;B01
201100029307;0;33;0;0;0;7;1;A01
201100029308;0;34;0;8;0;1;1;A01
201100029309;0;1;0;0;2;1;1;B01
201100029309;0;7;0;0;2;1;1;A01
201100029310;0;7;0;0;1;0;16;A01
201100029311;0;7;0;0;2;4;1;B01
201100029311;0;7;0;0;2;1;1;A01
201100029312;0;7;0;0;1;1;16;A01
201100029313;0;7;0;0;2;4;1;B01
201100029313;0;7;0;0;2;1;1;A01
201100029314;0;30;0;0;1;1;1;A01
201100029315;0;7;0;15;0;1;1;A01
201100029316;0;10;0;0;2;1;9;A01
201100029316;0;33;0;0;2;1;15;B01
201100029317;0;7;0;0;2;7;15;A01
201100029317;0;33;0;0;2;1;1;B01
201100029318;0;7;0;0;2;2;15;A01
201100029318;0;1;0;0;2;0;1;B01
201100029319;0;7;0;0;0;0;1;A01
201100029320;0;14;0;0;1;0;9;A01
201100029321;0;7;0;4;0;0;1;A01
201100029321;1;7;0;0;0;0;1;Z01
201100029322;0;7;0;13;0;1;1;A01
201100029323;0;7;0;0;1;7;1;A01
201100029324;0;1;0;0;2;1;1;B01
201100029324;1;1;0;0;2;0;15;A01
201100029325;0;7;0;0;2;3;15;B01
201100029325;0;2;0;0;2;7;1;A01
201100029326;0;30;0;0;2;0;19;A01
201100029326;0;1;0;0;2;0;1;B01
201100029327;0;14;0;0;2;3;2;E01
201100029327;0;10;0;0;2;4;2;B01
201100029327;0;7;0;0;2;3;2;D01
201100029327;0;7;0;0;2;1;2;C01
201100029327;1;7;0;3;2;0;1;A01
201100029328;0;2;0;8;0;1;9;A01
201100029329;0;7;0;0;2;3;1;A01
201100029330;0;10;0;0;1;1;1;A01
201100029331;0;7;0;0;2;1;1;A01
201100029331;0;7;0;0;2;4;23;B01
201100029332;0;7;0;4;0;0;1;A01
201100029333;0;1;0;0;2;1;1;A01
201100029333;0;7;0;0;2;4;2;B01
201100029334;0;30;0;0;2;1;8;B01
201100029334;0;7;0;0;2;3;9;A01
201100029335;0;32;0;0;2;6;1;B01
201100029335;0;7;0;0;2;6;4;A01
201100029336;0;7;0;0;2;4;2;C01
201100029336;0;7;0;0;0;4;2;E01
201100029336;0;7;0;0;2;4;2;B01
201100029336;0;7;0;0;2;4;2;D01
201100029336;0;7;0;0;2;1;1;A01
201100029337;0;2;0;0;2;1;1;A01
201100029338;0;7;0;7;0;1;1;A01