num_acc;senc;catv;occutc;obs;obsm;choc;manv;num_veh
201100029729;0;7;0;0;1;1;1;A01
201100029730;0;2;0;0;2;1;17;A01
201100029730;0;7;0;0;2;8;15;B01
201100029731;0;10;0;0;2;1;17;A01
201100029731;0;1;0;0;2;8;9;B01
201100029732;0;7;0;0;2;1;2;A01
201100029732;0;7;0;0;2;1;2;B01
201100029732;0;7;0;0;2;4;2;C01
201100029733;0;7;0;0;2;3;9;A01
201100029733;0;7;0;0;2;1;1;B01
201100029734;0;7;0;0;1;1;0;A01
201100029735;0;7;0;0;2;3;1;A01
201100029735;0;7;0;0;2;1;15;B01
201100029736;0;10;0;0;2;3;1;A01
201100029736;0;10;0;0;2;2;1;B01
201100029737;0;30;0;0;1;1;1;A01
201100029738;0;1;0;0;0;0;1;A01
201100029739;0;7;0;0;2;1;1;B01
201100029739;0;3;0;0;2;1;15;A01
201100029740;0;7;0;0;2;5;0;A01
201100029740;0;1;0;0;2;1;1;B01
201100029741;0;7;0;0;6;1;1;A01
201100029742;0;7;0;13;0;7;1;A01
201100029743;0;7;0;0;0;9;1;A01
201100029744;0;33;0;0;2;1;1;B01
201100029744;0;7;0;0;2;1;1;A01
201100029745;0;7;0;0;0;9;1;A01
201100029746;0;33;0;0;2;9;2;C01
201100029746;0;7;0;0;2;1;2;A01
201100029746;0;7;0;0;2;4;2;D01
201100029746;0;7;0;0;2;9;2;B01
201100029747;0;1;0;0;2;1;13;A01
201100029747;0;7;0;0;2;1;16;B01
201100029748;0;7;0;0;1;5;1;A01
201100029749;0;7;0;6;0;7;0;A01
201100029750;0;1;0;0;2;1;17;B01
201100029750;0;7;0;0;2;3;11;A01
201100029751;0;7;0;0;2;3;17;A01
201100029751;0;7;0;0;2;1;1;B01
201100029752;0;7;0;1;0;1;20;A01
201100029753;0;10;0;0;2;1;2;A01
201100029753;0;7;0;0;2;9;2;B01
201100029753;0;7;0;0;2;4;2;C01
201100029754;0;30;0;0;2;1;1;B01
201100029754;0;7;0;0;2;3;9;A01
201100029755;0;30;0;0;2;1;1;A01
201100029755;0;7;0;0;2;4;1;B01
201100029756;0;30;0;0;0;0;1;A01
201100029757;0;7;0;0;1;1;1;A01
201100029758;0;7;0;0;2;1;1;A01
201100029758;0;7;0;0;2;4;1;B01
201100029759;0;34;0;0;2;9;3;B01
201100029759;0;7;0;0;2;8;11;A01
201100029759;0;7;0;0;2;7;1;C01
201100029760;0;7;0;0;2;5;15;A01
201100029760;0;7;0;0;9;1;5;B01
201100029761;0;30;0;0;0;7;1;A01
201100029762;0;7;0;0;2;4;23;B01
201100029762;0;2;0;0;2;1;1;A01
201100029763;0;7;0;0;0;0;14;A01
201100029764;0;1;0;0;2;1;5;B01
201100029764;0;7;0;0;2;1;1;A01
201100029765;0;7;0;0;0;0;14;A01
201100029766;0;7;0;0;2;7;1;B01
201100029766;0;30;0;0;2;1;15;A01
201100029767;0;1;0;8;0;1;1;A01
201100029768;0;7;0;0;1;1;1;A01
201100029769;0;7;0;0;2;3;15;A01
201100029769;0;2;0;0;2;1;1;B01
201100029770;0;7;0;0;2;4;1;B01
201100029770;0;30;0;0;2;1;1;A01
201100029771;0;7;0;0;0;0;14;A01
201100029772;0;7;0;0;2;1;1;A01
201100029772;0;1;0;0;2;4;1;B01
201100029773;0;7;0;0;2;1;9;A01
201100029773;0;30;0;0;2;6;1;B01
201100029774;0;7;0;13;0;1;1;A01
201100029775;0;7;0;0;2;4;2;B01
201100029775;0;7;0;0;2;4;2;C01
201100029775;0;7;0;0;2;1;2;A01
201100029775;0;7;0;0;2;4;2;D01
201100029776;0;7;0;0;2;8;15;A01
201100029776;0;7;0;0;0;1;1;B01
201100029777;0;7;0;0;2;1;1;B01
201100029777;0;7;0;0;2;7;15;A01
201100029778;0;7;0;0;2;4;1;B01
201100029778;0;7;0;0;2;1;1;A01
201100029779;0;30;0;13;0;1;1;A01
201100029780;0;7;0;0;1;1;1;A01
201100029781;0;7;0;13;0;1;1;A01
201100029782;0;7;0;0;2;1;1;A01
201100029782;0;7;0;0;2;8;1;B01
201100029783;0;7;0;0;2;3;1;B01
201100029783;0;7;0;0;2;3;13;A01
201100029784;0;7;0;0;2;8;15;A01
201100029784;0;1;0;0;2;1;1;B01
201100029785;0;7;0;0;2;1;2;A01
201100029785;0;7;0;0;2;4;2;B01
201100029786;0;7;0;0;2;2;11;A01
201100029786;0;2;0;0;2;1;1;B01
201100029787;0;33;0;0;2;1;17;A01
201100029787;0;7;0;0;2;1;15;B01
201100029788;0;7;0;8;0;1;1;A01
201100029789;0;7;0;3;0;1;14;A01
201100029790;0;7;0;0;0;9;14;A01
201100029791;0;7;0;0;2;1;1;A01
201100029791;0;7;0;0;2;4;1;B01
201100029792;0;7;0;0;2;3;16;A01
201100029792;0;7;0;0;2;1;1;B01
201100029793;0;7;0;0;2;2;1;B01
201100029793;0;7;0;0;2;3;16;A01
201100029794;0;7;0;0;2;4;1;B01
201100029794;0;30;0;0;2;1;1;A01
201100029795;0;7;0;0;2;3;1;A01
201100029795;0;2;0;0;2;1;1;B01
201100029796;0;1;0;0;0;0;0;A01
201100029797;0;7;0;0;2;2;15;A01
201100029797;0;33;0;0;2;1;1;B01
201100029798;0;2;0;1;0;0;14;A01
201100029799;0;14;0;0;2;1;1;A01
201100029799;0;7;0;0;2;4;1;B01
201100029800;0;7;0;0;1;1;1;A01
201100029801;0;10;0;0;1;7;1;A01
201100029802;0;7;0;0;0;0;0;B01
201100029802;0;7;0;0;2;0;1;A01
201100029803;0;7;0;4;0;3;1;A01
201100029804;0;1;0;0;2;1;1;B01
201100029804;0;7;0;0;2;2;1;A01
201100029805;0;7;0;0;1;1;1;A01
201100029806;0;7;0;0;2;1;15;A01
201100029806;0;7;0;0;2;1;1;B01
201100029807;0;7;0;0;1;3;1;A01
201100029808;0;7;0;0;1;3;16;A01
201100029809;0;33;0;0;9;1;0;A01
201100029810;0;7;0;0;1;7;1;A01
201100029811;0;7;0;0;2;8;2;B01
201100029811;0;7;0;0;2;1;0;A01
201100029812;0;7;0;4;0;0;0;A01
201100029813;0;7;0;0;2;1;1;A01
201100029813;0;7;0;0;2;4;1;B01
201100029814;0;7;0;0;1;2;1;A01
201100029815;0;7;0;0;2;8;15;A01
201100029815;0;30;0;0;2;7;17;B01
201100029816;0;7;0;0;2;4;1;A01
201100029816;0;7;0;0;2;4;1;B01
201100029817;0;7;0;0;2;7;15;A01
201100029817;0;2;0;0;2;1;1;B01
201100029818;0;10;0;0;0;3;16;A01
201100029819;0;33;0;0;2;8;1;B01
201100029819;0;7;0;0;2;1;1;A01
201100029820;0;7;0;0;2;0;1;A01
201100029820;0;1;0;0;2;0;0;B01
201100029821;0;7;0;8;0;1;1;A01
201100029822;0;30;0;0;2;7;1;B01
201100029822;0;7;0;0;2;1;1;A01
201100029823;0;7;0;16;0;9;1;A01
201100029824;1;7;0;0;2;1;16;A01
201100029824;0;7;0;6;2;4;16;B01
201100029825;0;7;0;0;1;2;15;A01
201100029826;0;33;0;0;2;1;1;B01
201100029826;0;7;0;0;2;3;10;A01
201100029827;1;7;0;1;0;3;0;A01
201100029828;0;1;0;0;0;0;1;A01
201100029829;0;7;0;0;2;8;1;B01
201100029829;0;7;0;0;2;1;1;A01
201100029830;0;7;0;4;0;3;1;A01
201100029831;0;2;0;0;0;8;1;A01
201100029832;1;7;0;0;0;0;0;A01
201100029833;0;2;0;0;0;0;21;A01
201100029834;0;7;0;1;0;2;1;A01
201100029835;0;2;0;0;0;8;15;A01
201100029836;0;7;0;11;0;3;0;B01
201100029836;0;30;0;0;0;7;0;A01
201100029837;0;7;0;1;0;2;1;A01
201100029838;0;30;0;11;0;1;1;A01
201100029839;0;7;0;0;0;0;1;A01
201100029840;0;7;0;0;2;1;1;A01
201100029840;0;7;0;15;2;6;1;B01
201100029841;0;33;0;0;0;0;1;A01
201100029842;0;1;0;0;1;0;1;A01
201100029843;0;2;0;11;0;0;1;A01
201100029844;0;7;0;2;0;1;1;A01
201100029845;0;10;0;0;2;3;9;A01
201100029845;0;2;0;0;2;7;15;B01
201100029846;0;7;0;0;1;0;1;A01
201100029847;0;30;0;0;2;0;15;A01
201100029847;0;7;0;0;2;0;0;B01
201100029848;0;33;0;0;0;8;1;A01
201100029849;0;10;0;0;2;5;1;A01
201100029849;0;1;0;0;2;1;1;B01
201100029850;0;33;0;0;2;8;1;B01
201100029850;0;10;0;0;2;7;12;A01
201100029851;0;7;0;0;2;3;15;A01
201100029851;0;1;0;0;2;1;1;B01
201100029852;0;7;0;0;2;1;1;A01
201100029852;1;7;0;0;2;4;1;B01
201100029853;0;10;0;0;1;2;15;A01
201100029854;0;7;0;0;2;1;1;A01
201100029854;0;7;0;0;2;4;1;B01
201100029855;0;33;0;0;1;2;17;A01
201100029856;0;33;0;12;0;8;1;A01
201100029857;0;7;0;0;2;4;16;A01
201100029857;0;7;0;0;2;1;1;B01
201100029858;0;7;0;0;1;3;1;A01
201100029859;1;2;0;1;0;1;18;A01
201100029860;0;2;0;0;2;1;1;B01
201100029860;0;10;0;0;2;3;10;A01
201100029861;0;10;0;0;2;1;1;A01
201100029861;0;10;0;0;2;4;1;B01
201100029862;0;7;0;0;2;8;10;A01
201100029862;0;33;0;0;2;1;1;B01
201100029863;0;7;0;0;1;7;1;A01
201100029864;0;7;0;9;0;2;1;B01
201100029864;0;7;0;0;2;1;1;A01
201100029865;1;7;0;0;1;0;0;A01
201100029866;0;7;0;2;0;1;1;A01
201100029867;0;7;0;0;2;6;2;B01
201100029867;0;33;0;0;2;1;1;A01
201100029868;0;1;0;0;9;2;1;B01
201100029868;0;1;0;0;9;1;1;A01
201100029869;0;7;0;0;2;3;15;B01
201100029869;0;7;0;0;2;2;1;A01
201100029870;0;7;0;0;2;4;0;B01
201100029870;0;7;0;0;2;1;1;A01
201100029871;0;7;0;9;0;1;1;A01
201100029872;0;7;0;0;2;8;1;A01
201100029872;0;7;0;0;2;1;6;B01
201100029872;0;7;0;0;2;1;1;C01
201100029873;0;30;0;0;2;1;1;B01
201100029873;0;7;0;1;2;3;15;A01
201100029874;0;7;0;4;0;1;17;A01
201100029875;0;32;0;0;2;1;1;A01
201100029875;0;7;0;0;2;4;1;B01
201100029876;0;7;0;0;2;3;15;A01
201100029876;0;32;0;0;2;1;17;B01
201100029877;0;1;0;0;2;4;19;B01
201100029877;0;1;0;0;2;1;1;A01
201100029878;0;7;0;0;2;1;1;A01
201100029878;0;7;0;0;2;7;1;B01
201100029879;0;30;0;0;2;1;1;A01
201100029879;0;7;0;0;2;6;1;B01
201100029880;0;7;0;0;2;8;15;A01
201100029880;0;33;0;0;2;1;1;B01
201100029881;0;7;0;1;0;2;1;A01
201100029882;0;7;0;0;1;1;15;A01
201100029883;0;37;11;0;2;2;1;B01
201100029883;0;7;0;13;2;1;1;A01
201100029884;0;7;0;0;2;2;9;A01
201100029884;0;7;0;0;2;5;1;B01
201100029885;0;7;0;0;2;4;2;C01
201100029885;0;7;0;0;2;1;2;A01
201100029885;0;7;0;0;2;4;2;B01
201100029886;0;1;0;0;0;1;1;A01
201100029887;0;7;0;0;2;3;11;A01
201100029887;0;7;0;0;2;7;1;C01
201100029887;0;37;6;0;2;6;23;B01
201100029888;0;2;0;0;0;0;0;A01
201100029889;0;7;0;0;2;1;15;A01
201100029889;0;33;0;0;2;1;1;B01
201100029890;0;7;0;0;2;4;1;B01
201100029890;0;7;0;6;2;1;1;A01
201100029891;0;30;0;0;2;1;2;A01
201100029891;0;7;0;0;2;4;2;B01
201100029892;0;37;0;0;1;1;1;A01
201100029893;0;30;0;0;2;7;1;B01
201100029893;0;7;0;0;2;3;9;A01
201100029894;0;14;0;0;2;3;10;A01
201100029894;0;31;0;0;2;8;1;B01
201100029895;0;10;0;0;2;2;1;A01
201100029895;0;1;0;0;2;1;1;B01
201100029896;0;30;0;0;1;1;1;A01
201100029897;0;31;0;0;2;8;16;B01
201100029897;0;10;0;0;2;7;16;A01
201100029898;0;10;0;0;2;1;2;A01
201100029898;0;33;0;0;2;4;2;B01
201100029898;0;10;0;0;2;4;2;C01
201100029899;0;30;0;0;0;0;1;A01
201100029900;0;2;0;0;0;2;19;A01
201100029900;0;7;0;0;2;3;1;B01
201100029901;0;7;0;0;2;3;9;A01
201100029901;0;30;0;0;2;7;1;B01
201100029902;0;7;0;0;2;3;1;B01
201100029902;0;7;0;0;2;1;1;A01
201100029903;0;7;0;0;2;1;1;A01
201100029903;0;31;0;0;2;4;1;B01
201100029904;0;7;0;0;2;3;22;A01
201100029904;0;1;0;0;2;1;24;B01
201100029905;0;7;0;0;1;6;4;A01
201100029906;0;7;0;0;2;7;0;A01
201100029906;0;7;0;0;2;3;0;B01
201100029907;0;7;0;0;2;5;15;A01
201100029907;0;33;0;0;2;5;1;B01
201100029908;0;7;0;15;0;1;1;A01
201100029909;0;7;0;0;2;1;15;A01
201100029909;0;7;0;0;2;8;1;B01
201100029910;0;7;0;0;2;1;1;A01
201100029910;0;7;0;0;2;1;1;B01
201100029911;0;7;0;0;2;1;1;A01
201100029911;0;7;0;0;2;4;1;B01
201100029912;0;7;0;13;0;1;1;A01
201100029913;0;30;0;0;2;1;1;A01
201100029913;0;7;0;0;2;3;1;B01
201100029914;0;7;0;0;2;1;1;A01
201100029914;0;1;0;0;2;8;15;B01
201100029915;0;7;0;0;2;2;15;A01
201100029915;0;1;0;0;2;1;1;B01
201100029916;0;7;0;0;1;1;1;A01
201100029917;0;1;0;0;2;7;1;B01
201100029917;1;30;0;0;2;8;0;Z01
201100029918;0;33;0;0;2;1;17;B01
201100029918;0;7;0;0;2;3;15;A01
201100029919;0;1;0;0;2;7;1;B01
201100029919;0;7;0;0;2;1;1;A01
201100029920;0;7;0;0;2;1;1;B01
201100029920;0;7;0;0;2;7;1;A01
201100029921;0;1;0;0;2;3;1;B01
201100029921;0;7;0;0;2;3;15;A01
201100029922;0;7;0;0;1;1;1;A01
201100029923;0;7;0;0;2;3;0;B01
201100029923;0;1;0;0;0;8;11;A01
201100029924;0;7;0;0;2;8;1;B01
201100029924;0;33;0;0;2;1;1;A01
201100029925;0;7;0;0;2;3;1;B01
201100029925;0;7;0;0;2;3;1;A01
201100029926;0;7;0;0;1;7;1;A01
201100029927;0;7;0;0;2;1;1;B01
201100029927;0;7;0;0;2;1;1;A01
201100029928;0;7;0;13;9;0;0;A01
201100029929;0;1;0;0;0;0;1;A01
201100029930;0;1;0;0;2;1;19;A01
201100029930;0;7;0;0;2;2;15;B01
201100029931;0;7;0;0;2;2;15;A01
201100029931;0;2;0;0;2;1;1;B01
201100029932;0;7;0;0;1;2;1;A01
201100029933;0;7;0;0;2;7;1;A01
201100029933;0;7;0;0;2;0;0;B01
201100029934;0;30;0;0;2;0;0;B01
201100029934;0;7;0;0;2;0;0;A01
201100029935;0;7;0;0;2;0;0;A01
201100029935;0;1;0;0;2;0;0;B01
201100029936;0;1;0;0;0;0;1;B01
201100029936;0;1;0;0;0;0;1;A01
201100029937;0;7;0;0;2;4;4;A01
201100029937;0;2;0;0;2;1;1;B01
201100029938;0;33;0;0;2;1;1;B01
201100029938;0;7;0;0;2;4;4;A01
201100029939;0;7;0;0;2;2;1;B01
201100029939;0;7;0;1;2;3;9;A01
201100029940;0;7;0;0;2;1;1;B01
201100029940;0;2;0;0;2;2;1;A01
201100029941;0;7;0;0;2;4;1;B01
201100029941;0;2;0;0;2;1;1;A01
201100029942;0;7;0;0;2;3;1;A01
201100029942;0;1;0;0;2;1;15;B01
201100029943;0;7;0;0;1;1;1;A01
201100029944;0;2;0;0;1;1;1;A01
201100029945;0;2;0;0;0;8;15;B01
201100029945;0;2;0;0;2;1;17;A01
201100029946;0;2;0;0;2;1;1;A01
201100029946;0;7;0;0;2;4;1;B01
201100029947;0;2;0;0;2;1;1;A01
201100029947;0;7;0;0;2;4;1;B01
201100029948;0;7;0;0;1;2;1;A01
201100029949;0;7;0;0;0;3;1;B01
201100029949;0;7;0;0;2;2;1;A01
201100029950;0;7;0;0;2;1;1;A01
201100029950;0;1;0;0;1;4;1;B01
201100029951;0;1;0;0;2;7;19;A01
201100029951;0;7;0;0;2;1;1;B01
201100029952;0;7;0;0;2;1;1;A01
201100029952;0;1;0;0;2;4;1;B01
201100029953;0;7;0;4;0;1;1;A01
201100029954;0;34;0;0;0;0;2;A01
201100029955;0;32;0;0;0;0;0;A01
201100029956;0;30;0;0;2;1;1;A01
201100029956;0;7;0;0;2;4;1;B01
201100029957;0;7;0;0;2;2;15;A01
201100029957;0;7;0;0;2;3;1;B01
201100029958;0;7;0;0;2;4;23;B01
201100029958;0;7;0;0;2;1;1;A01
201100029959;0;33;0;0;2;1;23;B01
201100029959;0;10;0;0;2;4;4;A01
201100029960;0;7;0;0;1;1;15;A01
201100029961;0;33;0;0;2;4;1;B01
201100029961;0;7;0;0;2;1;2;A01
201100029962;0;7;0;0;2;1;17;A01
201100029962;0;7;0;0;2;1;1;B01
201100029963;0;7;0;0;1;3;15;A01
201100029964;0;7;0;0;2;2;15;A01
201100029964;0;2;0;0;2;1;1;B01
201100029965;0;30;0;0;0;4;1;A01
201100029966;0;7;0;0;1;4;4;A01
201100029967;0;7;0;0;2;1;1;B01
201100029967;0;7;0;0;2;3;15;A01
201100029968;0;7;0;0;1;2;20;A01
201100029969;0;2;0;1;0;7;2;A01
201100029970;0;30;0;0;2;1;1;B01
201100029970;0;7;0;0;2;7;15;A01
201100029971;0;2;0;0;0;0;1;B01
201100029971;0;7;0;0;0;0;4;A01
201100029972;0;7;0;0;2;0;0;B01
201100029972;0;7;0;0;2;0;0;A01
201100029973;0;30;0;0;2;1;2;B01
201100029973;0;7;0;0;2;3;9;A01
201100029974;0;7;0;0;2;0;0;B01
201100029974;0;3;0;0;2;0;0;A01
201100029975;0;10;0;0;1;0;1;A01
201100029976;0;7;0;0;1;2;1;A01
201100029977;0;10;0;8;1;3;1;A01
201100029978;0;7;0;9;0;6;14;A01
201100029979;0;14;0;0;2;2;1;A01
201100029979;0;7;0;0;2;3;1;B01
201100029980;0;33;0;0;0;0;1;A01
201100029981;0;7;0;0;2;7;1;A01
201100029981;0;30;0;0;2;1;1;B01
201100029982;0;30;0;0;0;0;1;A01
201100029983;0;30;0;0;0;8;0;A01
201100029984;0;2;0;0;2;1;1;B01
201100029984;0;7;0;0;2;6;20;A01
201100029985;0;7;0;0;2;1;1;B01
201100029985;0;7;0;0;2;1;5;A01
201100029986;0;2;0;0;0;0;1;A01
201100029987;0;10;0;0;2;7;17;A01
201100029987;0;2;0;0;2;8;1;B01
201100029988;0;10;0;6;0;1;1;A01
201100029989;0;10;0;0;2;2;16;B01
201100029989;0;32;0;0;2;1;1;A01
201100029990;0;7;0;0;2;1;1;A01
201100029990;0;1;0;0;2;5;19;B01
201100029991;0;1;0;0;0;0;1;A01
201100029992;0;7;0;0;2;1;1;A01
201100029992;0;7;0;0;2;4;23;B01
201100029992;0;7;0;0;2;5;23;C01
201100029993;0;7;0;0;2;2;0;B01
201100029993;0;7;0;1;0;0;0;A01
201100029994;0;2;0;0;2;1;1;A01
201100029994;0;30;0;0;2;4;1;B01
201100029995;0;7;0;0;2;1;21;A01
201100029995;0;7;0;0;2;1;1;B01
201100029996;0;31;0;0;0;7;0;A01
201100029997;0;7;0;0;2;4;1;B01
201100029997;0;7;0;0;2;1;1;A01
201100029998;0;7;0;0;2;3;15;A01
201100029998;0;33;0;0;2;1;17;B01
201100029999;0;32;0;0;2;4;9;A01
201100029999;0;7;0;0;2;3;1;B01
201100030000;0;7;0;13;0;0;0;A01
201100030001;0;7;0;0;2;2;1;A01
201100030001;0;1;0;0;2;1;1;B01
201100030002;0;7;0;0;2;8;1;B01
201100030002;0;16;0;0;2;2;3;A01
201100030003;0;7;0;0;2;4;1;B01
201100030003;0;7;0;0;2;1;1;A01
201100030004;0;7;0;0;0;0;0;A01
201100030005;0;7;0;0;2;6;13;A01
201100030005;0;7;0;0;2;2;1;B01
201100030006;0;7;0;0;2;3;2;B01
201100030006;0;30;0;0;2;2;1;A01
201100030007;0;30;0;0;2;1;0;B01
201100030007;0;7;0;0;2;3;9;A01
201100030008;0;7;0;0;2;1;19;A01
201100030008;0;1;0;0;2;8;1;B01
201100030009;0;7;0;0;1;1;1;A01
201100030010;0;7;0;0;2;3;1;B01
201100030010;0;15;0;0;2;0;10;A01
201100030011;0;10;0;0;0;0;23;B01
201100030011;0;37;10;0;1;2;1;A01
201100030012;0;2;0;12;0;8;21;A01
201100030013;0;7;0;0;2;1;2;A01
201100030013;0;7;0;0;2;4;1;B01
201100030014;0;7;0;0;2;1;1;B01
201100030014;0;3;0;0;2;2;15;A01
201100030015;0;7;0;1;1;3;15;A01
201100030016;0;7;0;0;1;3;1;B01
201100030017;0;1;0;0;2;7;19;A01
201100030017;0;7;0;0;2;1;1;B01
201100030018;0;33;0;0;1;5;1;B01
201100030019;1;7;0;0;0;0;0;A01
201100030019;0;1;0;0;0;0;0;B01
201100030020;0;1;0;0;0;0;1;A01
201100030021;0;7;0;0;0;7;1;B01
201100030021;0;10;0;0;0;3;10;A01
201100030022;0;7;0;0;2;3;22;A01
201100030022;0;1;0;0;2;1;1;B01
201100030023;0;1;0;9;0;1;0;A01
201100030024;0;7;0;9;0;1;0;A01
201100030025;0;7;0;0;2;4;1;B01
201100030025;0;7;0;0;2;1;1;A01
201100030025;0;7;0;0;2;4;1;C01
201100030025;0;7;0;0;2;4;1;D01
201100030026;0;30;0;0;0;0;9;A01
201100030027;0;38;1;0;2;1;2;A01
201100030027;0;7;0;0;2;4;23;B01
201100030028;0;1;0;0;2;1;1;B01
201100030028;0;7;0;0;2;3;1;A01
201100030029;0;30;0;0;2;1;1;A01
201100030029;0;7;0;0;0;4;23;B01
201100030030;0;7;0;0;0;9;1;A01
201100030031;0;7;0;0;2;1;9;A01
201100030031;0;7;0;0;2;5;23;B01
201100030032;0;32;0;0;2;7;1;B01
201100030032;0;7;0;0;2;3;1;A01
201100030033;0;7;0;0;2;4;1;B01
201100030033;1;7;0;0;2;1;2;A01
201100030034;0;7;0;0;2;3;13;B01
201100030034;0;33;0;0;2;1;21;A01
201100030035;1;7;0;0;1;1;17;A01
201100030036;0;7;0;0;0;4;23;B01
201100030036;0;33;0;0;2;1;2;A01
201100030037;0;7;0;0;2;8;0;A01
201100030037;0;7;0;0;2;1;19;B01
201100030038;0;7;0;0;2;2;1;A01
201100030038;0;7;0;0;2;1;1;C01
201100030038;0;7;0;0;0;0;0;B01
201100030039;0;7;0;0;0;4;23;C01
201100030039;0;3;0;0;2;1;23;A01
201100030039;0;7;0;0;2;4;23;B01
201100030040;0;7;0;0;1;3;16;A01
201100030041;0;1;0;0;2;1;1;B01
201100030041;0;7;0;0;9;2;16;A01
201100030042;0;7;0;0;2;1;9;A01
201100030042;0;33;0;0;2;2;21;B01
201100030043;0;7;0;0;1;1;1;A01
201100030044;0;10;0;0;1;4;4;A01
201100030045;0;7;0;0;0;0;0;A01
201100030046;0;2;0;0;2;7;0;A01
201100030046;0;2;0;0;0;2;0;B01
201100030047;0;7;0;0;0;0;0;B01
201100030047;0;7;0;1;0;0;1;A01
201100030048;0;7;0;0;2;5;1;B01
201100030048;0;1;0;0;2;5;1;A01
201100030049;0;32;0;0;2;0;0;B01
201100030049;0;7;0;0;2;0;0;A01
201100030050;0;33;0;0;2;4;1;B01
201100030050;0;2;0;0;2;1;1;A01
201100030051;0;7;0;0;2;1;1;A01
201100030051;0;2;0;0;2;4;23;B01
201100030052;0;7;0;0;0;4;1;C01
201100030052;0;7;0;0;2;4;1;B01
201100030052;0;7;0;0;2;1;1;A01
201100030053;0;1;0;0;1;1;1;A01
201100030054;0;33;0;0;2;1;17;A01
201100030054;0;10;0;0;2;3;23;B01
201100030055;0;7;0;0;2;4;1;B01
201100030055;0;10;0;0;2;1;1;A01
201100030056;0;33;0;0;2;1;1;B01
201100030056;0;7;0;0;2;3;15;A01
201100030057;0;10;0;0;0;3;1;B01
201100030057;0;7;0;0;0;8;13;A01
201100030058;0;10;0;0;1;2;9;A01
201100030059;0;1;0;0;1;0;1;A01
201100030060;0;10;0;0;0;7;16;A01
201100030060;0;2;0;0;2;1;1;B01
201100030061;0;7;0;0;2;1;9;A01
201100030061;0;33;0;0;2;7;15;B01
201100030062;0;7;0;0;1;2;1;A01
201100030063;0;7;0;0;2;1;9;A01
201100030063;0;2;0;0;2;1;1;B01
201100030064;0;1;0;0;0;0;1;A01
201100030065;0;7;0;0;1;2;1;A01
201100030066;0;7;0;0;2;1;1;A01
201100030066;0;7;0;0;0;4;1;B01
201100030067;0;7;0;0;2;2;1;B01
201100030067;0;32;0;0;2;1;1;A01
201100030068;0;7;0;0;2;1;1;B01
201100030068;0;2;0;0;2;7;15;A01
201100030069;0;7;0;0;2;8;0;B01
201100030069;0;33;0;0;2;1;1;A01
201100030070;0;30;0;0;2;8;1;B01
201100030070;0;31;0;0;2;1;1;A01
201100030071;0;30;0;11;0;1;1;A01
201100030072;0;7;0;0;1;5;4;A01
201100030073;1;7;0;0;1;4;4;A01
201100030074;0;2;0;0;0;7;16;A01
201100030075;0;2;0;16;0;0;1;A01
201100030076;0;32;0;12;0;1;0;A01
201100030077;0;30;0;0;1;1;1;A01
201100030078;0;7;0;0;2;0;21;B01
201100030078;0;30;0;0;2;7;21;A01
201100030079;0;10;0;0;2;8;1;A01
201100030079;0;1;0;0;2;1;1;B01
201100030080;0;7;0;0;2;3;1;B01
201100030080;0;7;0;0;2;3;13;A01
201100030081;0;7;0;11;0;1;0;A01
201100030082;0;7;0;0;2;4;20;B01
201100030082;0;2;0;0;2;1;1;A01
201100030083;0;30;0;0;1;1;1;A01
201100030084;0;2;0;0;0;7;1;A01
201100030085;0;33;0;0;0;0;1;A01
201100030086;0;30;0;0;0;0;0;A01
201100030087;0;7;0;2;0;0;0;A01
201100030088;0;33;0;0;1;0;1;A01
201100030089;0;7;0;0;2;1;15;A01
201100030089;0;2;0;0;2;1;1;B01
201100030090;0;7;0;0;1;3;1;A01
201100030091;0;7;0;0;2;7;15;B01
201100030091;0;1;0;0;2;0;2;A01
201100030092;0;1;0;0;2;5;1;B01
201100030092;0;7;0;0;2;3;9;A01
201100030093;0;30;0;0;2;1;1;B01
201100030093;0;7;0;0;2;3;16;A01
201100030094;0;2;0;0;2;4;15;B01
201100030094;0;7;0;0;2;1;15;A01
201100030095;0;10;0;0;2;2;1;A01
201100030095;0;1;0;0;2;3;19;B01
201100030096;0;30;0;0;0;0;1;A01
201100030097;0;7;0;0;1;2;1;A01
201100030098;0;7;0;0;2;0;15;B01
201100030098;0;30;0;0;2;2;17;A01
201100030099;0;1;0;0;2;1;1;B01
201100030099;0;7;0;0;2;7;23;A01
201100030100;0;30;0;0;2;6;17;B01
201100030100;0;7;0;0;2;3;15;A01
201100030101;0;1;0;0;2;7;17;B01
201100030101;0;7;0;0;2;8;15;A01
201100030102;0;7;0;0;2;1;1;A01
201100030102;0;7;0;0;2;4;1;B01
201100030103;0;7;0;0;2;7;15;A01
201100030103;0;10;0;0;2;8;0;C01
201100030103;0;33;0;0;2;8;1;B01
201100030104;0;7;0;0;2;5;23;B01
201100030104;0;30;0;0;2;1;1;A01
201100030105;0;7;0;4;0;1;1;A01
201100030106;0;7;0;0;2;2;1;C01
201100030106;0;7;0;0;2;1;1;A01
201100030106;0;33;0;0;2;8;1;B01
201100030107;0;7;0;0;2;1;15;A01
201100030107;0;30;0;0;2;1;17;B01
201100030108;0;10;0;0;1;1;1;A01
201100030109;0;7;0;0;1;3;1;A01
201100030110;0;2;0;0;2;1;17;A01
201100030110;0;7;0;0;2;3;1;B01
201100030111;0;7;0;0;1;3;15;A01
201100030112;0;1;0;0;2;1;1;B01
201100030112;0;7;0;0;2;2;1;A01
201100030113;0;2;0;12;0;8;16;A01