num_acc;senc;catv;occutc;obs;obsm;choc;manv;num_veh
201100030487;0;7;0;0;2;4;2;B01
201100030488;0;7;0;0;1;1;1;A01
201100030489;0;7;0;0;2;1;15;A01
201100030489;0;1;0;0;2;7;1;B01
201100030490;1;7;0;0;1;1;1;Z01
201100030491;0;7;0;0;1;2;1;A01
201100030492;0;7;0;0;2;2;16;A01
201100030492;0;1;0;0;2;1;1;B01
201100030493;0;7;0;0;1;1;1;A01
201100030494;0;7;0;0;2;2;16;B01
201100030494;0;30;0;0;2;1;19;A01
201100030495;0;40;0;0;1;2;1;A01
201100030496;0;7;0;0;1;1;1;A01
201100030497;0;7;0;0;2;7;16;A01
201100030497;0;37;3;0;2;3;1;B01
201100030498;0;32;0;0;2;1;1;A01
201100030498;0;7;0;0;2;5;16;B01
201100030499;0;7;0;0;1;1;1;A01
201100030500;0;7;0;0;2;4;2;B01
201100030500;0;7;0;0;2;1;2;A01
201100030501;0;33;0;0;2;1;1;B01
201100030501;0;7;0;0;2;1;15;A01
201100030502;0;7;0;0;1;1;1;A01
201100030503;1;7;0;0;1;3;1;A01
201100030504;0;31;0;0;2;1;1;A01
201100030504;0;7;0;0;2;1;15;B01
201100030505;0;1;0;0;2;1;1;B01
201100030505;0;7;0;0;2;3;15;A01
201100030506;0;7;0;0;2;2;15;A01
201100030506;0;30;0;0;2;8;2;B01
201100030507;0;7;0;0;1;0;1;A01
201100030508;0;34;0;0;2;8;1;B01
201100030508;0;7;0;0;2;1;1;C01
201100030508;0;7;0;0;2;1;15;A01
201100030509;0;7;0;0;1;3;1;A01
201100030510;0;7;0;0;1;4;4;A01
201100030511;0;7;0;0;2;1;2;A01
201100030511;0;7;0;0;2;4;23;B01
201100030511;0;7;0;0;2;4;23;C01
201100030512;0;7;0;0;2;1;1;A01
201100030512;0;7;0;0;2;6;23;B01
201100030513;1;1;0;0;1;1;1;Z01
201100030514;0;1;0;0;2;7;1;B01
201100030514;0;7;0;0;2;1;1;A01
201100030515;0;7;0;0;2;4;2;B01
201100030515;0;7;0;0;2;1;2;A01
201100030516;0;7;0;0;1;6;4;A01
201100030517;1;7;0;0;1;1;1;Z01
201100030518;0;1;0;0;2;1;1;B01
201100030518;0;10;0;0;2;3;22;A01
201100030519;0;7;0;0;1;2;1;A01
201100030520;0;7;0;14;0;1;2;B01
201100030520;0;21;0;0;2;6;2;A01
201100030521;0;7;0;0;1;2;1;A01
201100030522;0;7;0;0;2;1;1;D01
201100030522;0;7;0;0;2;7;1;F02
201100030522;0;7;0;0;2;3;1;G02
201100030522;0;7;0;0;2;8;1;B01
201100030522;0;7;0;0;2;1;1;H02
201100030522;0;7;0;0;2;1;1;E01
201100030522;0;37;3;1;0;1;0;A01
201100030522;0;7;0;0;2;1;1;C01
201100030523;0;33;0;2;0;1;0;A01
201100030524;0;7;0;0;1;1;15;A01
201100030525;0;31;0;0;2;3;1;B01
201100030525;0;7;0;0;2;3;1;A01
201100030526;0;7;0;0;9;1;2;A01
201100030526;0;33;0;9;2;1;1;B01
201100030527;0;7;0;0;1;3;1;A01
201100030528;0;7;0;0;1;8;1;A01
201100030529;0;30;0;1;9;4;24;B01
201100030529;0;7;0;0;9;4;4;A01
201100030530;0;13;0;0;1;3;0;A01
201100030531;0;7;0;0;2;1;5;B01
201100030531;0;7;0;0;2;1;1;A01
201100030532;0;2;0;0;2;1;13;A01
201100030532;0;7;0;0;9;1;1;B01
201100030533;0;33;0;0;2;0;1;B01
201100030533;0;7;0;0;2;0;15;A01
201100030534;0;7;0;0;2;3;1;A01
201100030534;0;32;0;0;2;1;13;B01
201100030535;0;7;0;0;2;3;0;A01
201100030535;0;7;0;0;2;2;0;B01
201100030536;0;7;0;8;0;1;0;A01
201100030537;0;7;0;0;0;5;23;B01
201100030537;0;33;0;0;2;5;2;A01
201100030537;0;7;0;0;0;0;19;C01
201100030538;0;7;0;0;1;1;1;A01
201100030539;0;7;0;0;2;7;15;A01
201100030539;0;7;0;0;2;3;21;B01
201100030540;0;7;0;11;2;1;6;A01
201100030540;0;7;0;0;2;1;1;B01
201100030540;0;7;0;14;2;1;2;C01
201100030541;0;7;0;0;9;7;15;A01
201100030541;0;32;0;0;2;1;0;B01
201100030542;0;33;0;0;2;1;17;A01
201100030542;0;10;0;0;9;3;19;B01
201100030543;0;7;0;0;0;6;23;B01
201100030543;0;30;0;0;0;1;2;A01
201100030543;0;7;0;2;0;2;24;C01
201100030544;0;10;0;11;0;1;0;A01
201100030545;0;10;0;0;2;1;13;A01
201100030545;0;7;0;0;2;6;0;B01
201100030545;0;7;0;0;2;1;0;C01
201100030546;0;7;0;0;1;7;0;A01
201100030547;0;7;0;0;9;2;17;A01
201100030548;0;7;0;0;2;2;15;B01
201100030548;0;33;0;0;2;1;1;A01
201100030549;0;2;0;0;2;1;2;A01
201100030549;0;7;0;0;9;4;2;B01
201100030550;0;7;0;0;2;4;2;C01
201100030550;0;7;0;0;2;4;23;B01
201100030550;0;7;0;0;2;4;23;D01
201100030550;0;7;0;0;2;1;2;A01
201100030551;0;7;0;0;2;7;6;A01
201100030551;0;7;0;0;2;1;0;B01
201100030552;0;7;0;0;2;0;2;B01
201100030552;0;7;0;0;2;1;2;A01
201100030552;0;7;0;0;0;8;1;C01
201100030553;0;7;0;0;0;4;2;C01
201100030553;0;7;0;0;0;4;2;B01
201100030553;0;7;0;0;2;1;2;A01
201100030554;0;30;0;14;2;1;17;A01
201100030554;0;7;0;0;2;3;15;B01
201100030555;0;7;0;0;2;3;1;A01
201100030555;0;7;0;0;0;3;1;B01
201100030556;0;2;0;0;1;1;1;A01
201100030557;0;7;0;0;1;1;1;A01
201100030558;0;7;0;0;2;1;15;A01
201100030558;0;2;0;0;2;1;1;B01
201100030559;0;1;0;0;2;8;1;B01
201100030559;0;7;0;0;9;7;16;A01
201100030560;0;7;0;9;0;6;24;B01
201100030560;0;7;0;0;1;2;14;A01
201100030561;0;7;0;0;0;1;1;A01
201100030562;0;10;0;0;1;1;0;A01
201100030563;0;7;0;0;9;2;15;A01
201100030563;0;1;0;0;2;1;1;B01
201100030564;0;7;0;0;1;4;20;A01
201100030565;0;7;0;0;1;2;1;A01
201100030566;0;7;0;0;0;3;15;B01
201100030567;0;33;0;0;0;4;15;B01
201100030567;0;7;0;0;0;1;3;A01
201100030568;0;7;0;0;1;2;1;A01
201100030569;0;33;0;0;0;2;1;B01
201100030569;0;7;0;0;2;3;1;A01
201100030570;0;7;0;0;1;7;0;A01
201100030571;0;7;0;0;1;3;20;Z01
201100030572;0;7;0;0;1;3;1;A01
201100030573;0;7;0;0;1;1;1;A01
201100030574;0;7;0;8;0;2;16;A01
201100030575;0;7;0;0;1;4;4;A01
201100030576;0;7;0;0;0;5;16;B01
201100030576;0;2;0;0;2;1;2;A01
201100030577;0;7;0;0;2;3;9;A01
201100030577;0;2;0;0;2;1;17;B01
201100030578;0;7;0;0;1;3;1;A01
201100030579;0;2;0;0;2;1;1;B01
201100030579;0;7;0;0;2;5;15;A01
201100030580;0;33;0;0;2;3;17;A01
201100030580;0;7;0;0;2;1;1;B01
201100030581;0;7;0;2;0;7;14;A01
201100030582;0;7;0;0;2;4;15;B01
201100030582;0;10;0;0;2;1;2;Z01
201100030583;0;7;0;0;1;3;15;A01
201100030584;0;7;0;0;2;1;15;A01
201100030584;0;30;0;0;2;1;1;B01
201100030585;0;30;0;0;2;1;17;A01
201100030585;0;7;0;0;2;8;15;B01
201100030586;0;7;0;0;1;8;1;A01
201100030587;0;10;0;0;2;1;13;A01
201100030587;0;2;0;0;2;1;1;B01
201100030588;0;7;0;8;0;1;14;A01
201100030589;0;32;0;0;2;1;17;A01
201100030589;0;7;0;0;2;3;9;B01
201100030590;0;7;0;0;1;1;1;A01
201100030591;0;2;0;0;2;1;1;A01
201100030591;0;7;0;0;2;3;9;B01
201100030592;0;7;0;0;2;3;13;A01
201100030592;0;7;0;0;2;8;1;B01
201100030592;0;7;0;0;2;3;2;C01
201100030593;0;7;0;0;2;2;10;A01
201100030593;0;33;0;0;2;3;1;B01
201100030594;0;7;0;6;0;1;14;A01
201100030595;0;7;0;0;2;1;2;A01
201100030595;0;7;0;0;2;4;2;B01
201100030595;0;7;0;0;2;4;1;C01
201100030596;0;2;0;0;2;7;1;B01
201100030596;0;7;0;0;2;1;9;A01
201100030597;0;7;0;0;2;5;23;B01
201100030597;0;2;0;0;2;3;2;A01
201100030598;0;7;0;11;0;1;13;A01
201100030599;0;7;0;0;2;1;2;A01
201100030599;0;7;0;0;2;4;2;B01
201100030599;0;10;0;0;2;4;1;C01
201100030600;0;30;0;0;2;2;17;A01
201100030600;0;7;0;0;2;2;15;B01
201100030601;0;1;0;0;2;1;19;A01
201100030601;0;7;0;0;2;7;9;B01
201100030602;0;7;0;0;1;3;1;A01
201100030603;0;7;0;0;2;7;15;A01
201100030603;0;7;0;0;2;3;1;B01
201100030604;0;17;0;3;2;1;2;A01
201100030604;0;21;0;0;2;4;1;B01
201100030605;0;7;0;0;2;2;1;A01
201100030605;0;7;0;0;2;8;1;B01
201100030606;0;7;0;0;2;1;2;A01
201100030606;0;15;0;0;2;4;1;B01
201100030607;0;7;0;0;2;8;22;A01
201100030607;0;1;0;1;0;1;1;B01
201100030608;0;7;0;0;2;3;20;A01
201100030608;0;33;0;0;2;1;1;B01
201100030608;0;7;0;0;2;3;1;C01
201100030609;0;2;0;0;2;1;2;A01
201100030609;0;7;0;;0;4;1;B02
201100030609;0;7;0;0;2;8;1;C03
201100030610;0;30;0;0;2;1;1;B01
201100030610;0;7;0;0;2;2;15;A01
201100030611;0;7;0;0;2;7;9;A01
201100030611;0;32;0;0;2;8;1;B01
201100030612;0;7;0;0;2;8;13;A01
201100030612;0;7;0;0;2;3;1;B01
201100030613;0;7;0;0;2;7;15;A01
201100030613;0;33;0;0;2;1;1;B01
201100030614;0;30;0;0;2;1;17;A01
201100030614;0;7;0;0;2;3;15;B01
201100030615;0;30;0;0;2;1;13;A01
201100030615;0;7;0;0;2;3;1;B01
201100030616;0;21;0;0;2;4;1;B01
201100030616;0;15;0;0;2;1;9;A01
201100030617;0;7;0;;1;4;4;A01
201100030618;0;7;0;0;2;1;20;A01
201100030618;0;1;0;0;2;1;1;B02
201100030619;0;7;0;0;2;1;2;A01
201100030619;0;7;0;0;2;4;23;B02
201100030620;0;7;0;0;2;3;15;A01
201100030620;0;30;0;0;2;8;17;B01
201100030621;0;7;0;0;1;1;9;A01
201100030622;0;7;0;0;2;1;1;A01
201100030622;0;7;0;0;1;4;2;B01
201100030623;0;7;0;0;2;2;1;B01
201100030623;0;7;0;0;2;1;19;A01
201100030624;0;7;0;0;2;1;1;B01
201100030624;0;7;0;0;2;3;15;A01
201100030625;1;7;0;0;1;1;1;Z01
201100030626;0;7;0;0;2;1;2;A01
201100030626;0;7;0;0;2;4;23;B01
201100030627;0;7;0;0;2;1;1;A01
201100030627;0;7;0;0;2;7;1;B01
201100030628;0;7;0;0;0;1;1;A01
201100030629;0;33;0;0;2;1;2;B01
201100030629;0;37;15;0;2;5;15;A01
201100030630;0;7;0;6;0;1;1;A01
201100030631;0;7;0;0;2;4;2;B01
201100030631;0;7;0;0;2;1;1;A01
201100030631;0;7;0;0;2;4;2;C01
201100030631;0;7;0;0;0;4;2;D01
201100030632;0;10;0;0;1;1;1;A01
201100030633;0;7;0;0;2;4;23;B01
201100030633;0;34;0;0;2;1;2;A01
201100030634;0;7;0;0;1;1;2;A01
201100030635;0;7;0;0;2;1;2;A01
201100030635;0;7;0;0;2;4;2;B01
201100030636;0;7;0;6;0;1;13;A01
201100030637;0;16;0;0;2;7;12;A01
201100030637;0;7;0;0;2;8;1;B01
201100030638;0;7;0;6;0;1;1;A01
201100030639;0;7;0;0;2;8;2;B01
201100030639;0;10;0;0;2;2;0;A01
201100030640;0;7;0;0;2;1;2;A01
201100030640;0;7;0;0;0;4;1;B01
201100030641;0;7;0;0;2;2;1;A01
201100030641;0;7;0;0;2;1;1;B01
201100030642;0;2;0;0;2;1;1;A01
201100030642;0;7;0;0;2;2;15;B01
201100030643;0;33;0;0;0;0;1;A01
201100030644;0;1;0;0;2;1;1;B01
201100030644;0;7;0;0;2;1;9;A01
201100030645;0;7;0;0;2;4;23;B01
201100030645;0;7;0;0;2;1;2;A01
201100030646;0;7;0;3;0;1;1;A01
201100030647;0;33;0;15;0;1;1;A01
201100030648;0;2;0;0;2;1;17;A01
201100030648;0;7;0;0;2;3;16;B01
201100030649;0;7;0;0;2;1;2;A01
201100030649;0;7;0;0;2;4;1;B01
201100030650;0;7;0;0;2;1;13;A01
201100030650;0;7;0;0;2;1;1;B01
201100030651;0;7;0;0;2;0;1;A01
201100030651;0;30;0;0;2;0;1;B01
201100030652;0;10;0;0;2;8;15;A01
201100030652;0;2;0;0;2;3;1;B01
201100030653;0;7;0;0;2;3;10;A01
201100030653;0;30;0;0;2;2;1;B01
201100030654;0;7;0;0;2;1;2;A01
201100030654;0;7;0;0;2;3;16;B01
201100030655;0;7;0;0;1;1;1;A01
201100030656;0;7;0;0;2;4;2;C01
201100030656;0;7;0;0;2;4;2;B01
201100030656;0;7;0;0;2;1;2;A01
201100030657;0;33;0;0;2;3;2;B01
201100030657;0;7;0;0;2;2;15;A01
201100030658;0;30;0;0;2;1;2;A01
201100030658;0;10;0;0;2;4;2;B01
201100030659;0;7;0;0;2;1;2;A01
201100030659;0;7;0;0;2;4;1;B01
201100030660;0;2;0;0;0;0;1;A01
201100030661;0;15;0;0;2;6;2;B01
201100030661;0;7;0;0;2;2;2;A01
201100030662;0;7;0;0;0;4;1;B01
201100030662;0;7;0;0;2;1;2;A01
201100030663;0;33;0;0;2;8;1;B01
201100030663;0;7;0;0;2;6;15;A01
201100030664;0;13;0;0;2;6;1;A01
201100030664;0;7;0;0;2;1;2;B01
201100030665;0;7;0;6;0;1;1;A01
201100030666;0;7;0;0;2;4;1;B01
201100030666;0;2;0;0;2;1;2;A01
201100030667;0;7;0;0;2;8;1;A01
201100030667;0;33;0;0;2;1;1;B01
201100030668;0;1;0;0;2;1;1;B01
201100030668;0;7;0;0;2;5;1;A01
201100030669;0;7;0;0;2;1;2;A01
201100030669;0;7;0;0;2;4;2;B01
201100030669;0;7;0;0;2;4;2;D01
201100030669;0;7;0;0;2;4;23;C01
201100030670;0;33;0;6;0;1;1;A01
201100030671;0;7;0;0;2;3;9;A01
201100030671;0;2;0;0;2;1;1;B01
201100030672;0;7;0;0;2;1;15;B01
201100030672;0;7;0;0;2;1;1;A01
201100030673;0;7;0;0;2;4;23;B01
201100030673;0;7;0;0;2;1;2;A01
201100030674;0;7;0;0;1;1;1;A01
201100030675;0;7;0;0;2;4;2;B01
201100030675;0;7;0;0;2;4;1;C01
201100030675;0;7;0;0;2;1;2;A01
201100030676;0;7;0;0;2;3;9;A01
201100030676;0;33;0;0;0;7;1;B01
201100030677;0;7;0;0;0;9;1;A01
201100030678;0;7;0;0;2;1;1;B01
201100030678;0;7;0;0;2;2;15;A01
201100030679;0;7;0;0;2;1;1;A01
201100030679;0;7;0;0;2;4;15;B01
201100030680;0;7;0;8;0;2;14;A01
201100030681;0;1;0;0;2;1;2;B01
201100030681;0;10;0;0;9;3;15;A01
201100030682;0;7;0;8;0;1;1;A01
201100030683;0;7;0;0;2;2;15;A01
201100030683;0;1;0;0;2;1;1;B01
201100030684;0;7;0;0;2;1;17;A01
201100030684;0;7;0;0;2;1;1;B01
201100030685;0;7;0;0;2;1;9;A01
201100030685;0;7;0;0;2;4;1;B01
201100030686;0;2;0;0;0;4;16;B01
201100030686;1;7;0;0;2;1;2;Z01
201100030687;0;7;0;0;9;2;1;A01
201100030687;0;1;0;0;2;8;15;B01
201100030688;0;7;0;0;1;1;1;A01
201100030689;0;7;0;0;2;1;2;A01
201100030689;0;7;0;0;0;4;23;B01
201100030690;0;7;0;8;0;7;2;A01
201100030691;0;7;0;0;2;8;2;A01
201100030691;0;10;0;0;2;3;2;B01
201100030692;0;7;0;0;2;1;1;B01
201100030692;0;10;0;0;2;1;1;C01
201100030692;0;7;0;0;2;1;13;A01
201100030693;0;10;0;0;2;4;4;A01
201100030693;0;30;0;0;2;1;1;B01
201100030694;0;7;0;0;2;2;2;A01
201100030694;0;31;0;0;2;6;1;B01
201100030695;0;7;0;0;2;1;2;A01
201100030695;0;7;0;0;2;4;1;B01
201100030696;0;1;0;0;2;7;1;B01
201100030696;0;10;0;0;2;1;9;A01
201100030697;0;33;0;0;2;1;2;A01
201100030697;0;7;0;0;0;4;1;C01
201100030697;0;33;0;0;2;0;2;B01
201100030698;0;7;0;6;0;1;1;A01
201100030699;0;7;0;0;2;4;23;B01
201100030699;0;7;0;0;2;1;2;A01
201100030700;0;7;0;0;2;8;16;B01
201100030700;0;2;0;0;2;1;1;A01
201100030701;0;7;0;8;0;1;17;A01
201100030702;0;2;0;0;2;1;1;A01
201100030702;0;7;0;0;2;5;16;B01
201100030703;0;7;0;0;2;3;15;B01
201100030703;0;7;0;0;2;3;1;A01
201100030704;0;7;0;0;2;1;15;A01
201100030704;0;7;0;0;2;1;1;B01
201100030705;0;7;0;0;2;5;15;A01
201100030705;0;33;0;0;2;1;1;B01
201100030706;0;7;0;0;2;3;1;A01
201100030706;0;1;0;0;0;7;1;B01
201100030707;0;7;0;0;2;1;2;A01
201100030707;0;7;0;0;2;4;2;B01
201100030707;0;7;0;0;2;1;2;C01
201100030708;0;7;0;13;0;9;2;A01
201100030709;0;7;0;0;2;1;1;B01
201100030709;0;7;0;0;2;1;15;A01
201100030710;0;7;0;0;2;1;2;B01
201100030710;0;7;0;0;2;7;9;A01
201100030711;0;7;0;0;2;1;15;A01
201100030711;0;7;0;0;0;3;1;B01
201100030712;0;7;0;0;1;1;1;A01
201100030713;0;7;0;0;2;2;15;A01
201100030713;0;33;0;0;2;1;1;B01
201100030714;0;7;0;0;2;1;2;A01
201100030714;0;7;0;0;2;4;23;B01
201100030715;0;7;0;0;0;9;1;A01
201100030716;0;7;0;0;2;1;10;A01
201100030716;0;7;0;0;2;2;1;B01
201100030717;0;2;0;0;2;1;1;A01
201100030717;0;1;0;0;2;4;1;B01
201100030718;0;33;0;0;2;1;2;A01
201100030718;0;7;0;0;2;4;15;B01
201100030719;0;10;0;0;2;1;2;A01
201100030719;0;7;0;0;2;4;1;B01
201100030720;0;33;0;0;2;1;17;B01
201100030720;0;7;0;0;2;2;9;A01
201100030721;0;1;0;0;2;3;2;B01
201100030721;0;10;0;0;2;3;15;A01
201100030722;0;34;0;0;0;9;1;A01
201100030723;0;7;0;0;2;4;16;A01
201100030723;0;1;0;0;2;1;1;B01
201100030724;0;7;0;0;2;2;16;A01
201100030724;0;33;0;0;2;3;2;B01
201100030725;0;7;0;0;2;1;13;A01
201100030725;0;2;0;0;2;4;23;B01
201100030726;0;1;0;12;0;1;1;A01
201100030727;0;7;0;0;1;1;15;A01
201100030728;0;7;0;0;2;1;1;B01
201100030728;0;7;0;0;2;1;15;A01
201100030729;0;2;0;0;0;7;16;A01
201100030730;0;2;0;12;0;7;15;A01
201100030731;0;7;0;0;2;2;16;B01
201100030731;0;7;0;0;2;8;1;A01
201100030732;0;7;0;0;2;1;1;A01
201100030732;0;7;0;0;2;4;2;C01
201100030732;0;7;0;0;2;4;1;B01
201100030733;0;30;0;14;0;0;1;A01
201100030734;0;7;0;1;0;1;1;A01
201100030735;0;2;0;0;0;8;1;A01
201100030736;0;7;0;0;2;3;2;A01
201100030736;0;7;0;0;0;5;1;B01
201100030737;0;1;0;0;2;1;11;A01
201100030737;0;7;0;0;9;7;2;B01
201100030738;0;7;0;0;2;7;1;B01
201100030738;0;7;0;0;2;4;4;A01
201100030739;0;7;0;0;2;3;13;A01
201100030739;0;7;0;0;2;3;1;B01
201100030740;0;30;0;0;2;1;2;A01
201100030740;0;7;0;0;2;3;15;B01
201100030741;0;10;0;0;2;2;2;A01
201100030741;0;7;0;0;2;1;1;B01
201100030742;0;7;0;0;2;1;15;A01
201100030742;0;7;0;0;2;3;1;B01
201100030743;0;7;0;0;2;4;1;D01
201100030743;0;7;0;0;2;1;2;A01
201100030743;0;7;0;0;2;4;2;B01
201100030743;0;7;0;0;2;1;2;C01
201100030744;0;1;0;0;2;1;2;B01
201100030744;0;7;0;0;2;3;15;A01
201100030745;0;7;0;6;0;1;1;A01
201100030746;0;7;0;0;2;1;1;B01
201100030746;0;7;0;0;2;3;15;A01
201100030747;0;7;0;1;0;2;1;A01
201100030748;0;7;0;0;1;1;1;A01
201100030749;0;30;0;0;9;7;1;A01
201100030750;0;1;0;0;2;1;1;B01
201100030750;0;7;0;0;2;3;15;A01
201100030751;0;33;0;0;2;4;2;B01
201100030751;0;10;0;0;2;4;2;C01
201100030751;0;38;10;0;2;1;2;A01
201100030752;0;7;0;0;2;7;15;A01
201100030752;0;7;0;0;2;2;1;B01
201100030753;0;7;0;0;2;4;2;D01
201100030753;0;10;0;0;2;4;2;B01
201100030753;0;7;0;0;2;1;1;A01
201100030753;0;10;0;0;2;4;2;C01
201100030754;0;32;0;0;2;1;1;B01
201100030754;0;7;0;0;2;3;15;A01
201100030755;0;2;0;0;2;3;2;B01
201100030755;0;37;10;0;2;5;17;A01
201100030756;0;7;0;0;1;4;1;C01
201100030756;0;7;0;0;2;1;1;B01
201100030756;0;7;0;0;2;1;1;A01
201100030757;0;7;0;0;0;4;1;C01
201100030757;0;7;0;0;2;1;1;A01
201100030757;0;7;0;0;2;4;1;B01
201100030758;0;7;0;8;2;4;2;A01
201100030758;0;7;0;0;2;1;2;B01
201100030759;0;7;0;0;2;1;2;A01
201100030759;0;7;0;0;2;4;1;C01
201100030759;0;7;0;0;2;4;2;B01
201100030760;0;7;0;0;2;1;12;A01
201100030760;0;7;0;0;2;4;1;B01
201100030761;0;7;0;0;1;6;4;A01
201100030762;0;7;0;0;2;1;1;A01
201100030762;0;10;0;0;2;1;13;B01
201100030763;0;7;0;0;2;3;2;A01
201100030763;0;1;0;0;2;1;2;B01
201100030764;0;7;0;8;0;9;1;A01
201100030765;0;7;0;0;2;2;1;A01
201100030765;0;30;0;0;2;1;1;B01
201100030766;0;7;0;0;1;2;1;A01
201100030767;0;7;0;9;2;3;15;B01
201100030767;0;33;0;0;2;1;17;A01
201100030768;0;7;0;0;2;3;14;A01
201100030768;0;7;0;0;2;3;1;B01
201100030769;0;7;0;8;2;1;1;B01
201100030769;0;7;0;15;2;8;19;A01
201100030770;0;7;0;0;9;8;22;A01
201100030770;0;1;0;1;0;1;1;B01
201100030771;0;7;0;0;1;3;1;A01
201100030772;0;7;0;0;2;3;15;A01
201100030772;0;30;0;0;2;1;1;B01
201100030773;0;30;0;1;1;1;1;A01
201100030774;0;30;0;12;0;7;16;A01
201100030775;0;30;0;0;2;2;1;B01
201100030775;0;7;0;0;2;3;9;A01
201100030776;0;7;0;2;0;3;14;A01
201100030777;0;7;0;0;2;1;1;A01
201100030777;0;7;0;0;2;4;1;B01
201100030778;0;7;0;0;2;3;1;A01
201100030778;0;7;0;0;2;3;1;B01
201100030779;0;33;0;0;2;1;17;B01
201100030779;0;7;0;0;2;6;15;A01
201100030780;0;1;0;0;2;8;1;A01
201100030780;0;7;0;0;2;7;1;B01
201100030781;0;7;0;0;2;1;1;B01
201100030781;0;30;0;0;2;8;15;A01
201100030782;0;7;0;6;0;1;1;A01
201100030783;0;7;0;0;0;6;15;B01
201100030783;0;30;0;0;2;1;1;A01
201100030784;0;33;0;0;2;1;21;A01
201100030784;0;7;0;0;2;1;15;B01
201100030785;0;7;0;0;2;9;1;B01
201100030785;0;7;0;0;2;1;15;A01
201100030786;0;7;0;0;2;1;17;A01
201100030786;0;30;0;0;2;8;15;B01
201100030787;0;2;0;0;2;4;1;B01
201100030787;1;7;0;0;2;2;14;A01
201100030788;0;7;0;13;2;4;1;B01
201100030788;0;7;0;0;2;1;1;A01
201100030789;0;14;0;0;1;5;4;A01
201100030790;0;15;0;0;2;1;1;A01
201100030790;0;10;0;0;2;4;23;B01
201100030791;0;7;0;0;2;3;15;A01
201100030791;0;33;0;0;2;8;1;B01
201100030792;0;15;0;4;0;1;1;A01
201100030793;0;7;0;0;2;1;1;C01
201100030793;0;7;0;0;2;4;15;A01
201100030793;0;7;0;14;0;1;1;B01
201100030794;0;7;0;0;1;3;15;A01
201100030795;0;7;0;2;0;1;1;A01
201100030796;0;7;0;6;0;1;1;A01
201100030797;0;7;0;0;2;1;17;A01
201100030797;0;7;0;0;2;8;15;B01
201100030798;0;7;0;3;2;9;13;A01
201100030798;0;7;0;0;2;1;1;B01
201100030799;0;7;0;0;2;8;1;B01
201100030799;0;10;0;0;2;1;1;C01
201100030799;0;10;0;0;2;0;23;D01
201100030799;0;7;0;0;2;3;11;A01
201100030800;1;7;0;0;2;7;17;A01
201100030800;0;30;0;0;2;8;1;B01
201100030801;0;7;0;0;2;1;1;A01
201100030801;0;7;0;0;2;4;23;B01
201100030802;0;10;0;0;1;1;1;A01
201100030803;0;7;0;0;2;4;23;B01
201100030803;0;10;0;0;2;1;1;A01
201100030804;0;1;0;1;0;1;1;A01
201100030805;0;7;0;0;1;1;1;A01
201100030806;0;37;10;0;1;2;0;A01
201100030807;0;7;0;0;2;7;13;A01
201100030807;0;7;0;0;2;1;0;B01
201100030808;0;7;0;0;1;1;1;A01
201100030809;0;14;0;0;2;7;17;A01
201100030809;0;1;0;0;2;9;1;B01
201100030810;0;7;0;0;2;7;0;B01
201100030810;0;2;0;0;2;8;0;A01
201100030811;0;10;0;0;1;4;4;A01
201100030812;0;7;0;12;0;1;0;A01
201100030813;0;7;0;0;2;3;0;B01
201100030813;0;10;0;0;2;2;13;A01
201100030814;0;7;0;2;0;1;0;A01
201100030815;0;7;0;0;2;5;9;A01
201100030815;0;7;0;0;2;3;1;B01
201100030816;0;7;0;0;1;1;1;A01
201100030817;0;7;0;13;0;8;13;A01
201100030818;0;7;0;0;2;8;15;A01
201100030818;0;1;0;0;2;1;0;B01
201100030819;0;1;0;0;2;1;0;B01
201100030819;0;7;0;0;2;2;0;A01
201100030820;0;7;0;0;2;1;2;A01
201100030820;0;37;1;0;2;4;2;B01
201100030821;0;7;0;13;0;3;0;A01
201100030822;0;38;1;0;2;2;1;B01
201100030822;0;7;0;0;2;3;15;A01
201100030823;0;2;0;0;2;1;0;B01
201100030823;0;7;0;0;2;3;0;A01
201100030824;0;7;0;0;1;2;15;A01
201100030825;0;7;0;6;0;1;0;A01
201100030826;0;7;0;0;0;1;0;A01
201100030827;0;7;0;0;2;1;13;A01
201100030827;0;7;0;0;2;1;0;B01
201100030828;0;7;0;0;1;1;0;A01
201100030829;0;10;0;0;2;3;1;B01
201100030829;0;33;0;2;0;1;21;D01
201100030829;0;1;0;0;2;1;1;C01
201100030829;0;7;0;0;2;1;16;A01
201100030830;0;33;0;0;2;1;1;B01
201100030830;0;7;0;0;2;2;15;A01
201100030831;0;7;0;0;2;4;23;C01
201100030831;0;7;0;0;2;1;2;A01
201100030831;0;7;0;0;2;4;23;B01
201100030832;0;7;0;0;2;5;17;A01
201100030832;0;1;0;0;2;4;1;B01
201100030833;0;7;0;0;1;1;1;A01
201100030834;0;7;0;0;2;7;15;A01
201100030834;0;33;0;0;2;1;1;B01
201100030835;0;7;0;0;2;3;13;A01
201100030835;0;7;0;0;2;8;0;B01
201100030836;0;7;0;0;1;4;4;A01
201100030837;0;7;0;13;0;1;0;A01
201100030838;0;7;0;0;2;1;1;B01
201100030838;0;7;0;0;2;1;13;A01
201100030839;0;7;0;0;2;1;2;A01
201100030839;0;7;0;0;2;4;2;B01
201100030840;0;30;0;0;2;1;17;A01
201100030840;0;7;0;0;2;8;15;B01
201100030841;0;7;0;2;0;1;0;A01
201100030842;0;7;0;0;2;2;1;B01
201100030842;0;7;0;0;2;2;15;A01