num_acc;senc;catv;occutc;obs;obsm;choc;manv;num_veh
201100031226;0;7;0;0;1;2;1;A01
201100031227;0;1;0;14;0;1;1;A01
201100031228;0;10;0;1;2;1;16;A01
201100031228;0;7;0;1;2;1;1;B01
201100031229;0;32;0;0;0;1;0;A01
201100031230;0;2;0;0;0;8;0;A01
201100031231;0;7;0;0;2;3;1;B01
201100031231;0;1;0;0;2;0;13;A01
201100031232;0;33;0;0;5;7;1;A01
201100031233;0;7;0;0;9;3;1;A01
201100031233;0;1;0;0;2;4;9;B01
201100031234;0;7;0;0;2;1;1;A01
201100031234;0;7;0;0;2;9;1;B01
201100031235;0;36;0;12;0;1;1;A01
201100031236;0;7;0;0;1;1;15;A01
201100031237;0;7;0;0;2;7;1;A01
201100031237;0;7;0;0;2;1;15;B01
201100031238;0;7;0;0;1;8;1;A01
201100031239;0;10;0;0;2;1;15;A01
201100031239;0;7;0;0;2;1;1;B01
201100031240;0;7;0;1;1;1;0;A01
201100031241;0;33;0;0;0;3;15;A01
201100031242;0;30;0;0;2;1;5;A01
201100031242;0;7;0;0;2;1;1;B01
201100031243;0;7;0;0;2;1;1;B01
201100031243;0;7;0;0;2;1;1;A01
201100031244;0;7;0;0;9;0;15;A01
201100031245;0;7;0;0;2;1;0;B01
201100031245;0;33;0;0;2;1;1;A01
201100031246;0;7;0;0;1;6;4;A01
201100031247;0;7;0;0;2;3;2;B01
201100031247;0;7;0;0;2;7;15;A01
201100031248;0;7;0;0;2;7;15;A01
201100031248;0;1;0;0;2;1;1;B01
201100031249;0;37;3;0;2;3;1;B01
201100031249;0;7;0;0;2;3;13;A01
201100031249;0;7;0;0;2;1;1;C01
201100031250;0;7;0;0;2;6;23;B01
201100031250;0;33;0;1;0;1;18;A01
201100031251;0;7;0;0;2;4;1;C01
201100031251;0;7;0;0;2;1;1;A01
201100031251;0;7;0;0;2;9;1;B01
201100031252;0;10;0;0;2;1;1;A01
201100031252;0;7;0;0;2;3;1;B01
201100031253;0;7;0;0;2;1;16;A01
201100031253;0;1;0;0;2;1;1;B01
201100031254;1;10;0;0;1;0;0;Z01
201100031255;0;7;0;0;2;8;19;A01
201100031255;0;33;0;0;2;1;1;B01
201100031256;0;7;0;0;1;7;1;A01
201100031257;0;7;0;0;1;3;1;A01
201100031258;0;7;0;0;1;1;1;A01
201100031259;0;7;0;0;1;7;1;A01
201100031260;0;7;0;0;1;2;1;A01
201100031261;0;7;0;0;2;8;19;A01
201100031261;0;7;0;0;2;1;1;B01
201100031262;0;7;0;0;2;3;1;A01
201100031262;0;7;0;0;0;7;1;B01
201100031263;0;7;0;0;0;4;23;B01
201100031263;0;7;0;0;2;1;2;A01
201100031264;0;7;0;0;2;0;1;B01
201100031264;0;2;0;0;2;0;1;A01
201100031265;1;7;0;0;0;7;10;Z01
201100031265;0;33;0;0;2;1;1;B01
201100031266;0;7;0;0;1;3;15;A01
201100031267;0;7;0;0;2;3;1;B01
201100031267;0;33;0;0;2;1;15;A01
201100031268;0;32;0;0;2;0;1;B01
201100031268;0;7;0;0;2;0;15;A01
201100031269;0;7;0;0;2;8;15;A01
201100031269;0;31;0;0;2;1;1;B01
201100031270;0;7;0;0;1;1;1;A01
201100031271;0;7;0;0;1;4;4;A01
201100031272;0;32;0;1;0;1;1;A01
201100031273;0;14;0;0;2;1;1;B01
201100031273;0;7;0;0;2;1;1;A01
201100031274;0;7;0;0;2;3;9;B01
201100031274;0;33;0;0;0;2;1;A01
201100031275;0;7;0;0;1;1;15;A01
201100031276;0;7;0;0;2;3;1;A01
201100031276;0;33;0;9;2;2;1;B01
201100031277;0;33;0;0;6;1;1;A01
201100031278;0;7;0;6;0;1;1;A01
201100031279;0;7;0;0;0;0;9;A01
201100031279;0;33;0;12;2;8;21;B01
201100031280;0;1;0;0;2;0;1;B01
201100031280;0;7;0;0;2;5;0;A01
201100031281;0;31;0;0;1;0;1;A01
201100031282;0;1;0;0;2;4;2;B01
201100031282;0;7;0;0;2;3;2;A01
201100031283;0;7;0;0;1;4;4;A01
201100031284;0;7;0;0;1;1;1;A01
201100031285;0;30;0;0;1;1;1;A01
201100031286;0;2;0;0;2;1;15;A01
201100031286;0;10;0;0;2;3;1;B01
201100031287;0;7;0;0;2;1;1;A01
201100031287;0;7;0;0;2;9;1;B01
201100031288;0;7;0;0;2;1;16;A01
201100031289;0;7;0;0;2;1;1;B01
201100031289;0;7;0;0;2;7;1;A01
201100031290;0;10;0;15;0;1;1;A01
201100031291;0;7;0;0;2;3;1;C01
201100031291;0;7;0;1;2;2;21;A01
201100031291;0;7;0;1;2;8;9;B01
201100031292;0;7;0;0;1;1;1;A01
201100031293;0;7;0;0;1;1;1;A01
201100031294;0;7;0;0;2;2;0;A01
201100031294;0;7;0;0;2;1;1;B01
201100031295;1;7;0;0;1;1;1;Z01
201100031296;0;7;0;0;1;3;0;A01
201100031297;0;7;0;1;2;1;17;A01
201100031297;0;7;0;1;2;3;1;B01
201100031298;0;10;0;0;1;4;0;A01
201100031299;1;7;0;0;1;0;1;A01
201100031300;0;7;0;0;2;8;1;B01
201100031300;0;7;0;0;0;1;9;A01
201100031301;0;7;0;15;0;1;1;A01
201100031302;0;7;0;0;0;2;9;A01
201100031302;0;7;0;0;2;3;1;B01
201100031303;0;7;0;0;1;2;1;A01
201100031304;0;7;0;0;1;1;1;A01
201100031305;0;7;0;0;2;1;2;A01
201100031305;0;7;0;0;0;4;23;B01
201100031306;0;7;0;0;0;8;9;A01
201100031306;0;14;0;0;2;1;1;B01
201100031307;0;7;0;0;2;1;1;A01
201100031307;0;7;0;0;2;2;1;B01
201100031308;0;37;1;0;1;5;1;A01
201100031309;0;7;0;0;2;1;1;B01
201100031309;0;7;0;15;2;1;1;A01
201100031310;0;30;0;0;2;1;1;B01
201100031310;0;7;0;0;2;7;15;A01
201100031311;0;7;0;0;1;1;1;A01
201100031312;0;7;0;0;2;1;2;A01
201100031312;0;7;0;0;2;4;2;B01
201100031313;0;7;0;0;2;1;1;B01
201100031313;0;7;0;0;2;2;1;A01
201100031314;0;40;13;0;1;1;1;A01
201100031315;0;7;0;0;2;1;1;B01
201100031315;0;7;0;0;2;2;1;A01
201100031316;0;14;0;9;0;1;13;A01
201100031317;0;7;0;0;1;2;1;A01
201100031318;0;7;0;0;2;1;1;A01
201100031318;0;7;0;0;2;4;1;B01
201100031319;0;7;0;14;0;3;13;A01
201100031319;0;7;0;0;2;3;1;B01
201100031320;1;7;0;0;1;2;1;Z01
201100031321;0;7;0;1;0;0;1;A01
201100031322;0;2;0;0;2;1;18;B01
201100031322;0;7;0;0;0;7;15;A01
201100031323;0;31;0;0;2;1;1;B01
201100031323;0;7;0;0;2;1;15;A01
201100031324;0;7;0;0;1;3;1;A01
201100031325;0;7;0;0;2;1;11;A01
201100031325;0;7;0;8;2;7;1;B01
201100031326;0;7;0;0;1;1;0;A01
201100031327;0;7;0;8;1;1;1;A01
201100031328;0;7;0;0;2;1;1;B01
201100031328;0;7;0;0;2;7;1;A01
201100031329;0;7;0;0;1;7;1;A01
201100031330;0;7;0;0;1;0;0;A01
201100031331;1;7;0;0;1;2;1;A01
201100031332;0;7;0;0;1;2;1;A01
201100031333;0;7;0;14;0;2;2;A01
201100031333;0;7;0;0;1;1;23;B01
201100031334;0;10;0;0;2;3;1;B01
201100031334;0;7;0;6;2;3;5;A01
201100031335;0;7;0;0;2;1;1;B01
201100031335;0;7;0;0;2;2;15;A01
201100031336;0;7;0;0;2;3;10;A01
201100031336;0;31;0;0;2;1;1;B01
201100031337;0;7;0;0;1;3;1;A01
201100031338;0;2;0;12;0;1;1;A01
201100031339;0;7;0;14;2;1;2;A01
201100031339;0;7;0;0;0;4;2;B01
201100031340;0;2;0;11;0;4;5;A01
201100031341;0;7;0;0;0;4;15;B01
201100031341;0;31;0;14;2;1;2;A01
201100031342;0;7;0;0;2;1;2;A01
201100031342;0;7;0;0;0;4;23;B01
201100031343;0;7;0;0;0;4;15;C01
201100031343;0;7;0;0;2;4;23;B01
201100031343;0;3;0;0;2;1;1;A01
201100031344;0;1;0;0;2;1;1;B01
201100031344;0;7;0;0;2;3;5;A01
201100031345;0;7;0;0;1;1;1;A01
201100031346;0;7;0;0;1;3;1;A01
201100031347;0;7;0;0;2;1;1;B01
201100031347;0;7;0;0;2;1;13;A01
201100031348;0;7;0;0;0;6;23;B01
201100031348;0;31;0;14;0;1;1;A01
201100031349;0;7;0;0;2;7;15;A01
201100031349;0;2;0;0;2;1;1;B01
201100031350;0;7;0;0;1;8;4;A01
201100031351;0;7;0;0;1;1;1;A01
201100031352;0;7;0;0;1;2;1;A01
201100031353;0;2;0;0;1;1;1;A01
201100031354;0;30;0;1;0;1;1;A01
201100031355;0;7;0;1;0;1;1;A01
201100031356;0;7;0;1;0;1;1;A01
201100031357;0;30;0;0;0;1;1;B01
201100031357;0;7;0;0;2;3;9;A01
201100031358;0;7;0;14;2;1;2;A01
201100031358;0;7;0;0;0;4;23;B01
201100031359;0;7;0;6;0;3;13;A01
201100031360;0;1;0;0;2;2;1;A01
201100031360;0;7;0;0;9;3;16;B01
201100031361;0;7;0;0;2;8;15;B01
201100031361;0;32;0;0;2;1;17;A01
201100031362;0;7;0;0;2;9;13;A01
201100031362;0;7;0;0;0;3;1;B01
201100031363;0;30;0;0;2;4;2;B01
201100031363;0;30;0;0;2;1;2;A01
201100031364;0;1;0;0;2;7;1;B01
201100031364;0;7;0;0;9;1;1;A01
201100031365;0;7;0;0;2;5;16;A01
201100031365;0;30;0;0;2;2;1;B01
201100031366;0;7;0;0;2;1;19;A01
201100031366;0;1;0;0;2;8;1;B01
201100031367;0;2;0;0;2;1;17;B01
201100031367;0;10;0;0;2;3;15;A01
201100031368;0;36;0;16;0;9;1;A01
201100031369;0;1;0;0;2;7;5;A01
201100031369;0;7;0;0;0;1;0;B01
201100031370;0;7;0;0;1;1;15;A01
201100031371;0;7;0;0;2;8;19;A01
201100031371;0;10;0;0;2;1;1;B01
201100031372;0;7;0;14;0;1;1;A01
201100031373;0;33;0;0;2;1;17;A01
201100031373;0;7;0;0;2;4;2;C01
201100031373;0;7;0;0;2;7;15;B01
201100031374;0;1;0;0;2;1;1;B01
201100031374;0;7;0;0;9;1;1;A01
201100031375;0;2;0;0;2;7;17;B01
201100031375;0;7;0;0;2;8;10;A01
201100031376;0;7;0;0;2;3;1;B01
201100031376;0;7;0;0;2;3;1;A01
201100031377;0;2;0;0;2;1;5;A01
201100031377;0;7;0;0;2;2;20;B01
201100031378;0;7;0;0;2;8;22;A01
201100031378;0;1;0;1;0;7;14;B01
201100031379;0;33;0;0;2;4;1;B01
201100031379;1;7;0;0;2;2;9;A01
201100031380;0;10;0;14;2;4;23;B01
201100031380;0;7;0;1;0;1;9;A01
201100031381;0;7;0;0;9;7;1;B01
201100031381;0;1;0;0;2;8;16;A01
201100031382;0;1;0;0;2;4;2;B01
201100031382;0;7;0;0;9;1;2;A01
201100031383;0;7;0;0;2;4;1;A01
201100031383;0;2;0;0;2;1;1;B01
201100031384;0;7;0;0;2;5;15;A01
201100031384;0;33;0;0;2;1;1;B01
201100031385;0;7;0;0;9;7;2;A01
201100031385;0;1;0;0;2;8;2;B01
201100031386;0;7;0;0;2;4;2;B01
201100031386;0;7;0;0;2;1;2;A01
201100031387;0;7;0;0;1;2;1;A01
201100031388;0;2;0;0;0;1;0;A01
201100031388;0;7;0;0;0;2;15;B01
201100031389;0;30;0;0;2;1;1;B01
201100031389;0;7;0;0;0;6;1;A01
201100031390;0;1;0;1;0;7;5;B01
201100031390;0;7;0;1;0;2;1;A01
201100031391;0;7;0;0;2;3;9;A01
201100031391;0;1;0;0;0;5;1;B01
201100031392;0;30;0;0;2;3;2;A01
201100031392;0;7;0;0;0;5;2;B01
201100031393;0;7;0;0;2;8;20;B01
201100031393;0;32;0;0;2;1;17;A01
201100031394;0;7;0;0;2;7;19;A01
201100031394;0;32;0;0;2;1;17;B01
201100031395;0;7;0;0;2;6;9;A01
201100031395;0;1;0;0;2;1;1;B01
201100031396;0;1;0;0;2;1;1;B01
201100031396;0;1;0;0;2;1;1;C01
201100031396;0;1;0;0;2;1;1;A01
201100031397;0;2;0;0;2;8;1;B01
201100031397;0;7;0;0;2;1;15;A01
201100031398;0;7;0;0;2;2;9;A01
201100031398;0;2;0;0;2;7;1;B01
201100031399;0;7;0;0;2;1;2;A01
201100031399;0;7;0;0;2;4;2;C01
201100031399;0;7;0;0;2;4;2;B01
201100031400;0;10;0;0;2;4;0;C01
201100031400;0;7;0;0;2;4;2;B01
201100031400;0;10;0;0;2;1;2;A01
201100031401;0;7;0;0;2;6;10;A01
201100031401;0;30;0;0;2;1;17;B01
201100031402;0;7;0;14;0;1;1;A01
201100031402;0;7;0;0;2;4;1;B01
201100031403;0;2;0;0;1;1;1;A01
201100031404;0;7;0;0;1;4;4;A01
201100031405;0;30;0;0;2;8;19;A01
201100031405;0;7;0;0;2;1;1;B01
201100031406;0;7;0;0;1;1;15;A01
201100031407;0;30;0;0;2;1;13;A01
201100031407;0;2;0;0;2;1;0;B01
201100031408;0;7;0;0;2;3;1;B01
201100031408;0;7;0;0;2;3;13;A01
201100031409;0;32;0;0;2;1;2;B01
201100031409;0;1;0;0;2;4;2;A01
201100031410;0;7;0;0;2;6;1;B01
201100031410;0;7;0;0;2;1;15;A01
201100031411;0;1;0;0;2;1;2;A01
201100031411;0;7;0;0;0;4;2;B01
201100031412;0;33;0;12;0;0;1;A01
201100031413;0;7;0;0;2;2;16;B01
201100031413;0;2;0;0;2;1;18;A01
201100031414;0;7;0;1;9;5;20;A01
201100031415;0;7;0;0;2;6;1;B01
201100031415;0;30;0;0;2;1;21;A01
201100031416;0;7;0;14;0;1;0;A01
201100031417;0;7;0;0;2;4;0;C01
201100031417;0;10;0;0;2;4;2;A01
201100031417;0;7;0;1;1;4;2;B01
201100031418;0;7;0;0;2;8;2;A01
201100031418;0;1;0;0;0;8;2;B01
201100031419;0;7;0;1;0;2;1;A01
201100031419;0;7;0;0;2;6;0;B01
201100031420;0;2;0;0;2;1;9;A01
201100031420;0;7;0;0;2;3;9;B01
201100031421;0;7;0;0;1;1;1;A01
201100031422;0;7;0;0;1;1;9;A01
201100031423;0;32;0;9;;0;1;A01
201100031424;0;30;0;11;0;1;1;A01
201100031425;2;7;0;0;2;1;9;A01
201100031425;0;34;0;0;2;7;1;B01
201100031426;2;10;0;0;2;1;5;A01
201100031426;0;7;0;0;2;3;1;B01
201100031427;0;7;0;0;2;7;14;A01
201100031427;0;7;0;0;2;8;1;B01
201100031428;0;30;0;0;2;1;16;A01
201100031429;0;7;0;0;2;6;1;B01
201100031429;0;7;0;0;2;2;12;A01
201100031430;0;7;0;0;2;4;1;B01
201100031430;1;7;0;0;2;1;2;Z01
201100031431;0;7;0;0;2;4;23;A01
201100031431;1;99;0;0;2;1;1;B01
201100031432;0;7;0;0;2;3;2;A01
201100031432;0;7;0;0;2;7;1;B01
201100031433;0;7;0;0;1;3;16;A01
201100031434;0;7;0;0;2;4;0;B01
201100031434;0;31;0;0;2;1;2;A01
201100031435;0;2;0;0;2;8;1;B01
201100031435;1;7;0;0;2;7;14;A01
201100031436;0;7;0;0;1;2;1;A01
201100031437;0;1;0;0;2;0;0;B01
201100031437;0;7;0;0;9;0;20;A01
201100031438;0;2;0;0;2;1;15;B01
201100031438;0;3;0;0;2;3;1;A01
201100031439;0;32;0;0;1;2;1;A01
201100031440;0;7;0;0;2;3;9;A01
201100031440;0;30;0;0;2;0;18;B01
201100031441;0;7;0;0;2;4;1;C01
201100031441;0;7;0;0;2;4;2;B01
201100031441;0;7;0;0;2;1;1;A01
201100031442;0;7;0;0;2;9;1;B01
201100031442;0;7;0;1;2;7;1;A01
201100031443;0;32;0;0;2;3;2;B01
201100031443;0;7;0;0;2;7;12;A01
201100031444;0;7;0;0;2;5;1;B01
201100031444;0;33;0;0;2;7;2;A01
201100031445;0;7;0;0;1;2;1;A01
201100031446;0;2;0;0;2;8;16;A01
201100031446;1;10;0;0;2;7;16;Z01
201100031447;0;31;0;0;2;0;0;A01
201100031448;0;7;0;0;1;2;1;A01
201100031449;0;7;0;0;2;1;1;A01
201100031449;0;7;0;0;2;4;2;C01
201100031449;0;7;0;0;2;4;23;B01
201100031450;0;2;0;0;0;4;1;B01
201100031451;0;7;0;0;1;1;1;A01
201100031452;0;7;0;0;0;0;0;A01
201100031453;0;7;0;8;4;8;1;A01
201100031453;0;40;10;0;2;1;1;B01
201100031454;0;7;0;0;2;2;20;A01
201100031454;0;30;0;0;2;1;1;B01
201100031455;0;3;0;1;0;1;5;A01
201100031456;0;7;0;0;2;2;9;A01
201100031456;0;1;0;0;2;1;1;B01
201100031457;0;7;0;0;1;0;0;A01
201100031458;0;7;0;0;2;1;0;A01
201100031458;0;7;0;0;2;4;0;B01
201100031459;1;7;0;0;2;1;1;A01
201100031459;0;7;0;0;2;4;0;B01
201100031460;0;7;0;0;1;6;4;A01
201100031461;0;7;0;0;2;8;1;B01
201100031461;0;7;0;0;2;1;15;A01
201100031462;0;7;0;0;2;1;1;B01
201100031462;0;7;0;0;2;3;15;A01
201100031463;0;7;0;0;0;0;16;A01
201100031463;0;33;0;0;0;0;1;B01
201100031464;0;2;0;0;2;3;0;B01
201100031464;0;7;0;0;2;2;9;A01
201100031465;0;7;0;0;2;2;15;A01
201100031465;0;31;0;0;2;1;1;B01
201100031466;0;7;0;0;1;1;0;A01
201100031467;0;40;0;0;1;1;1;A01
201100031468;0;7;0;0;0;0;0;B01
201100031468;0;1;0;0;0;0;0;A01
201100031469;0;7;0;0;0;0;0;A01
201100031470;0;7;0;2;0;1;0;A01
201100031471;0;30;0;0;2;1;1;B01
201100031471;0;7;0;0;2;2;1;A01
201100031472;2;7;0;0;2;3;9;A01
201100031472;0;7;0;0;2;6;1;B01
201100031473;0;7;0;0;1;2;1;A01
201100031474;0;7;0;0;2;0;1;B01
201100031474;0;7;0;0;2;1;1;A01
201100031475;0;7;0;0;2;0;0;A01
201100031475;0;31;0;0;2;0;0;B01
201100031476;1;7;0;0;1;1;1;Z01
201100031477;1;7;0;0;2;0;9;Z01
201100031477;0;30;0;0;2;1;1;B01
201100031478;0;7;0;0;2;2;16;B01
201100031478;0;33;0;0;2;3;18;A01
201100031479;0;7;0;0;1;0;4;A01
201100031480;0;7;0;0;2;1;2;A01
201100031480;0;7;0;0;2;4;23;B01
201100031481;0;31;0;0;1;1;1;A01
201100031482;0;7;0;0;1;8;4;A01
201100031483;0;30;0;3;0;0;1;A01
201100031484;0;7;0;0;1;1;1;A01
201100031485;0;33;0;11;0;1;17;A01
201100031486;0;7;0;0;2;1;2;A01
201100031486;0;7;0;0;2;4;1;B01
201100031487;0;7;0;0;2;2;9;A01
201100031487;0;1;0;0;2;1;0;B01
201100031488;0;7;0;0;2;8;16;A01
201100031488;0;7;0;0;2;3;1;B01
201100031489;0;1;0;0;2;1;1;B01
201100031489;0;7;0;0;2;2;15;A01
201100031490;0;1;0;0;2;6;9;A01
201100031490;0;33;0;0;9;1;1;B01
201100031491;0;7;0;0;2;1;2;A01
201100031491;0;7;0;0;2;1;1;B01
201100031491;0;10;0;0;2;4;2;C01
201100031492;0;7;0;0;2;1;15;A01
201100031492;0;33;0;0;2;7;1;B01
201100031493;0;17;0;0;2;4;1;B01
201100031493;0;7;0;0;2;1;1;A01
201100031494;0;7;0;0;2;3;0;A01
201100031494;0;7;0;0;2;1;0;B01
201100031495;0;7;0;0;2;2;15;A01
201100031495;0;33;0;0;2;3;1;B01
201100031496;0;30;0;0;2;1;0;B01
201100031496;0;30;0;0;2;1;5;A01
201100031497;0;30;0;14;0;7;1;A01
201100031498;0;7;0;0;2;3;9;A01
201100031498;0;31;0;0;2;1;9;B01
201100031499;0;7;0;10;2;4;1;B01
201100031499;0;17;0;0;2;1;1;A01
201100031499;0;14;0;12;2;4;1;C01
201100031500;0;7;0;0;2;2;9;A01
201100031500;0;1;0;0;2;2;1;B01
201100031501;0;33;0;0;0;0;12;B01
201100031501;0;7;0;0;0;0;6;A01
201100031502;0;10;0;0;2;3;1;B01
201100031502;0;2;0;0;2;1;1;A01
201100031503;0;1;0;0;2;6;11;A01
201100031503;0;7;0;0;2;2;1;B01
201100031504;0;7;0;0;9;2;0;A01
201100031504;0;1;0;0;2;8;15;B01
201100031505;0;7;0;0;2;3;23;C01
201100031505;0;7;0;14;2;3;1;B01
201100031505;0;7;0;0;2;7;19;A01
201100031506;0;7;0;0;2;1;15;B01
201100031506;0;7;0;0;2;1;1;C01
201100031506;0;7;0;0;2;1;1;A01
201100031507;0;7;0;0;0;1;9;A01
201100031507;0;1;0;0;0;7;1;B01
201100031508;0;34;0;0;2;2;1;A01
201100031508;1;7;0;0;2;8;;B01
201100031509;0;10;0;6;0;2;14;A01
201100031510;0;7;0;0;9;1;0;A01
201100031511;0;10;0;0;0;4;2;D01
201100031511;0;33;0;0;2;1;1;A01
201100031511;0;7;0;0;2;4;1;B01
201100031511;0;10;0;0;2;1;2;F02
201100031511;0;7;0;0;2;4;2;C01
201100031511;0;10;0;0;2;1;2;E01
201100031512;1;99;0;0;0;0;0;A01
201100031512;0;1;0;0;2;4;0;B01
201100031513;0;7;0;13;0;1;1;A01
201100031514;0;7;0;0;1;1;1;A01
201100031515;0;33;0;0;2;4;14;B01
201100031515;0;7;0;0;2;4;1;A01
201100031516;0;33;0;0;0;4;24;B01
201100031516;0;7;0;1;0;2;20;A01
201100031517;0;7;0;0;1;2;1;A01
201100031518;0;30;0;0;2;7;1;A01
201100031519;1;99;0;0;1;0;0;Z01
201100031520;0;7;0;0;2;1;0;A01
201100031520;0;7;0;0;0;0;0;B01
201100031521;0;7;0;0;2;1;1;A01
201100031521;0;7;0;0;2;4;23;C01
201100031521;0;7;0;0;0;4;1;B01
201100031521;0;7;0;0;0;4;23;D01
201100031522;0;7;0;1;0;2;14;A01
201100031523;0;7;0;0;1;3;1;A01
201100031524;0;33;0;0;2;1;1;B01
201100031524;0;7;0;0;2;1;15;A01
201100031525;0;7;0;0;0;0;1;B01
201100031525;0;2;0;0;2;8;18;A01
201100031526;0;37;50;0;0;0;1;B01
201100031526;0;7;0;0;0;0;19;A01
201100031527;0;37;0;0;1;2;0;A01
201100031528;0;7;0;0;2;8;19;A01
201100031528;0;7;0;0;2;1;1;B01
201100031529;0;1;0;0;2;3;2;B01
201100031529;1;99;0;0;9;2;0;A01
201100031530;0;7;0;1;0;2;0;A01
201100031531;0;7;0;0;0;0;0;A01
201100031532;0;2;0;0;0;0;1;A01
201100031533;0;33;0;0;0;0;1;A01
201100031534;0;30;0;0;2;3;0;B01
201100031534;2;7;0;0;2;2;0;A01
201100031535;0;7;0;9;0;1;1;A01
201100031536;0;7;0;9;0;1;0;A01
201100031537;0;2;0;0;2;1;15;A01
201100031537;0;40;0;0;2;2;1;B01
201100031538;0;7;0;0;2;1;1;C01
201100031538;0;7;0;0;2;1;1;B01
201100031538;0;7;0;0;2;1;5;A01
201100031539;0;7;0;0;2;8;9;B01
201100031539;0;7;0;0;2;1;1;A01
201100031540;0;7;0;0;0;4;1;B01
201100031540;0;10;0;0;0;1;1;A01
201100031541;0;7;0;0;0;0;0;A01
201100031542;0;7;0;0;2;1;1;A01
201100031542;0;7;0;0;2;4;1;B01
201100031543;0;7;0;0;2;1;5;A01
201100031543;0;7;0;0;0;1;1;C01
201100031543;0;10;0;0;2;1;1;B01
201100031544;0;33;0;0;2;1;1;B01
201100031544;0;7;0;0;2;3;15;A01
201100031545;0;15;0;0;2;1;16;A01
201100031545;0;1;0;0;2;8;9;B01
201100031546;0;7;0;15;0;1;0;A01
201100031547;0;7;0;0;1;1;1;A01
201100031548;0;7;0;0;2;8;1;A01
201100031548;0;33;0;0;2;1;1;B01
201100031549;0;33;0;12;2;0;0;A01
201100031550;0;2;0;0;2;5;1;A01
201100031550;0;7;0;0;2;2;1;B01
201100031551;0;7;0;0;1;1;0;A01
201100031552;0;7;0;0;2;2;16;A01
201100031552;0;7;0;0;2;3;1;B01
201100031553;0;7;0;0;2;3;15;A01
201100031553;0;2;0;0;2;3;1;B01
201100031554;0;7;0;0;1;3;1;A01
201100031555;0;7;0;0;1;2;1;A01
201100031556;0;32;0;0;0;0;1;A01
201100031557;0;10;0;0;2;8;1;A01
201100031557;0;1;0;0;2;1;1;B01
201100031558;0;2;0;0;2;1;1;A01
201100031558;0;7;0;0;2;3;1;B01
201100031559;0;7;0;0;2;3;15;A01
201100031559;0;1;0;0;2;1;1;B01
201100031560;1;7;0;0;0;0;0;A01
201100031560;0;1;0;0;2;3;9;B01
201100031561;0;7;0;0;2;3;9;A01
201100031561;0;32;0;0;2;1;1;B01
201100031562;0;7;0;0;2;5;16;A01
201100031562;0;1;0;0;2;3;1;B01
201100031563;0;7;0;0;2;2;16;B01
201100031563;0;2;0;0;2;3;1;A01
201100031564;0;7;0;0;2;4;4;A01
201100031564;0;2;0;0;2;7;1;B01
201100031565;1;7;0;0;0;0;0;Z01
201100031566;0;33;0;0;2;1;1;B01
201100031566;0;7;0;0;2;3;10;A01
201100031567;0;7;0;0;0;0;0;A01
201100031568;0;7;0;0;0;4;23;B01
201100031568;0;2;0;0;2;1;1;A01
201100031569;0;7;0;0;1;2;1;A01
201100031570;0;7;0;0;2;1;15;A01
201100031570;0;33;0;0;2;9;1;B01
201100031571;0;30;0;0;2;0;1;B01
201100031571;1;7;0;0;2;0;1;Z01
201100031572;0;2;0;9;0;0;1;A01
201100031573;2;7;0;2;0;4;1;A01
201100031574;0;7;0;15;0;2;1;A01
201100031575;0;7;0;6;0;1;1;A01
201100031576;0;7;0;0;2;6;15;A01
201100031576;0;30;0;0;2;1;1;B01
201100031577;0;7;0;0;1;1;1;A01
201100031578;0;7;0;0;2;6;1;B01
201100031578;0;33;0;0;2;3;18;A01
201100031579;0;2;0;0;2;1;1;A01
201100031579;0;10;0;0;2;1;15;B01
201100031580;0;40;20;0;1;1;1;A01
201100031581;0;10;0;0;1;3;1;A01
201100031582;1;7;0;0;1;1;1;Z01
201100031583;0;7;0;0;2;8;15;A01
201100031583;0;33;0;0;2;1;3;B01
201100031584;0;7;0;0;2;3;1;B01
201100031584;0;30;0;0;2;3;1;A01
201100031585;0;33;0;0;0;0;1;A01
201100031586;0;7;0;0;2;2;16;A01
201100031586;0;30;0;0;2;1;0;B01
201100031587;1;7;0;0;1;0;0;Z01
201100031588;0;7;0;1;0;1;1;A01
201100031589;0;7;0;0;2;2;17;A01
201100031589;0;1;0;0;2;4;13;B01
201100031590;1;7;0;0;2;1;1;Z01
201100031591;0;33;0;3;0;1;1;A01
201100031591;0;7;0;0;9;1;1;B01
201100031592;0;2;0;0;0;0;0;A01
201100031593;0;10;0;0;2;1;1;A01
201100031593;0;7;0;0;2;5;1;B01
201100031594;0;7;0;0;2;9;23;C01
201100031594;0;7;0;0;2;1;1;A01
201100031594;0;7;0;0;2;9;23;B01
201100031595;0;7;0;0;2;2;10;A01
201100031595;0;33;0;0;2;1;0;B01
201100031596;0;1;0;0;2;1;1;B01
201100031596;0;7;0;0;9;8;9;A01
201100031597;0;7;0;0;2;1;15;A01
201100031597;0;7;0;0;2;1;1;B01
201100031598;0;31;0;0;1;1;1;A01
201100031599;0;1;0;0;2;1;0;B01
201100031599;1;7;0;0;2;0;0;A01
201100031600;0;31;0;0;2;3;1;A01
201100031600;0;7;0;0;2;2;12;B01
201100031600;0;7;0;0;2;6;1;C01
201100031601;0;7;0;0;2;8;15;A01
201100031601;0;30;0;0;2;1;2;B01
201100031602;2;7;0;16;0;3;1;A01
201100031603;0;30;0;0;0;0;0;A01
201100031604;0;7;0;0;2;2;16;A01
201100031604;0;2;0;0;2;1;7;B01
201100031605;0;33;0;0;1;1;17;A01
201100031606;0;7;0;0;2;3;15;A01