num_acc;senc;catv;occutc;obs;obsm;choc;manv;num_veh
201100031606;0;32;0;0;2;3;1;B01
201100031607;0;1;0;0;2;7;1;B01
201100031607;0;7;0;0;2;1;9;A01
201100031608;0;1;0;0;2;1;0;B01
201100031608;0;7;0;0;2;0;0;A01
201100031609;0;30;0;1;0;1;14;A01
201100031610;0;7;0;3;0;8;1;A01
201100031611;0;7;0;4;0;1;1;A01
201100031612;0;30;0;0;1;0;16;A01
201100031613;0;7;0;0;1;4;4;A01
201100031614;0;7;0;0;2;1;2;A01
201100031614;0;7;0;0;2;4;2;B01
201100031614;0;7;0;0;2;4;2;C01
201100031615;0;30;0;0;2;1;1;A01
201100031615;0;7;0;0;2;3;15;B01
201100031616;1;7;0;0;2;1;0;A01
201100031616;0;2;0;0;2;7;0;B01
201100031617;0;7;0;0;2;8;1;B01
201100031617;0;7;0;0;2;1;1;A01
201100031618;0;2;0;0;2;0;1;B01
201100031618;1;7;0;0;2;0;1;Z01
201100031619;0;2;0;0;2;7;1;B01
201100031619;0;7;0;0;2;1;9;A01
201100031620;0;99;0;0;0;0;21;A01
201100031621;0;7;0;0;2;5;16;B01
201100031621;0;30;0;0;2;1;1;A01
201100031622;0;32;0;0;2;1;1;B01
201100031622;0;7;0;0;2;1;15;A01
201100031622;0;7;0;0;2;4;1;C01
201100031623;0;7;0;0;2;4;12;B01
201100031623;0;33;0;0;2;1;12;A01
201100031624;0;7;0;0;2;1;2;A01
201100031624;0;10;0;0;2;4;2;B01
201100031625;0;2;0;0;0;0;2;A01
201100031626;0;7;0;0;2;4;0;B01
201100031626;0;7;0;0;2;1;0;A01
201100031627;0;30;0;0;1;1;0;A01
201100031628;0;7;0;1;0;1;13;A01
201100031629;0;7;0;1;0;1;0;A01
201100031630;0;7;0;0;2;4;2;D01
201100031630;0;7;0;0;2;4;2;C01
201100031630;0;7;0;0;2;1;2;A01
201100031630;0;10;0;0;2;4;2;B01
201100031631;0;7;0;0;2;1;1;A01
201100031631;0;7;0;0;0;0;0;B01
201100031632;0;10;0;0;2;5;15;A01
201100031632;0;33;0;0;2;1;1;B01
201100031633;0;1;0;0;2;0;16;B01
201100031633;0;7;0;0;2;7;16;A01
201100031634;0;7;0;0;1;1;11;A01
201100031635;0;7;0;0;2;4;12;A01
201100031635;0;1;0;0;2;1;1;B01
201100031636;0;7;0;0;0;4;4;A01
201100031637;0;7;0;0;2;1;2;A01
201100031637;0;7;0;0;2;4;2;B01
201100031637;0;7;0;0;2;4;2;C01
201100031638;0;7;0;0;1;1;1;A01
201100031639;1;30;0;0;1;1;0;A01
201100031640;0;7;0;0;0;4;12;B01
201100031640;0;14;0;0;0;2;1;A01
201100031641;1;7;0;2;2;0;0;Z01
201100031641;0;7;0;0;2;0;0;A01
201100031642;0;7;0;0;2;8;2;B01
201100031642;0;30;0;0;2;7;2;A01
201100031643;0;7;0;0;2;7;16;A01
201100031643;0;30;0;0;2;8;18;B01
201100031644;0;7;0;0;2;2;14;B01
201100031644;0;32;0;0;2;8;1;A01
201100031645;0;7;0;0;2;0;0;A01
201100031645;0;33;0;0;2;0;0;B01
201100031646;0;7;0;2;0;1;1;A01
201100031647;0;7;0;0;2;3;0;B01
201100031647;0;33;0;0;2;1;0;A01
201100031648;0;37;0;0;9;2;16;A01
201100031649;0;7;0;0;1;1;1;A01
201100031650;0;7;0;0;0;5;0;B01
201100031650;0;7;0;0;2;3;1;A01
201100031651;0;7;0;0;0;8;0;B01
201100031651;0;7;0;0;2;1;0;A01
201100031652;0;7;0;12;0;0;0;A01
201100031653;0;7;0;0;2;8;1;B01
201100031653;0;2;0;0;2;1;1;A01
201100031654;0;33;0;0;0;0;1;A01
201100031655;0;7;0;4;0;5;0;A01
201100031656;0;7;0;14;0;1;0;A01
201100031656;0;10;0;0;2;4;0;B01
201100031657;0;17;0;0;1;1;1;A01
201100031658;0;7;0;0;2;3;14;A01
201100031658;0;1;0;0;2;1;1;B01
201100031659;0;7;0;0;2;0;0;B01
201100031659;0;7;0;0;2;0;0;A01
201100031659;0;7;0;0;2;0;0;C01
201100031660;0;1;0;0;2;8;1;B01
201100031660;0;7;0;0;2;1;1;A01
201100031661;0;1;0;0;2;0;0;B01
201100031661;0;7;0;0;2;3;0;A01
201100031662;0;7;0;0;2;8;1;A01
201100031662;0;7;0;0;2;1;1;B01
201100031663;0;33;0;0;1;8;16;A01
201100031664;0;33;0;0;2;1;13;A01
201100031664;0;7;0;0;2;3;1;B01
201100031665;0;7;0;0;1;1;1;A01
201100031666;0;7;0;8;0;1;0;A01
201100031667;0;7;0;16;0;0;0;A01
201100031668;0;1;0;0;2;3;15;B01
201100031668;0;7;0;0;2;7;17;A01
201100031669;0;32;0;0;0;1;1;A01
201100031670;0;15;0;13;0;1;1;A01
201100031671;0;7;0;0;2;4;23;B01
201100031671;0;7;0;0;2;1;1;A01
201100031672;0;7;0;0;2;7;1;B01
201100031672;0;2;0;0;2;8;1;A01
201100031673;0;1;0;0;2;1;1;B01
201100031673;0;7;0;0;2;3;1;A01
201100031674;0;7;0;0;0;0;0;A01
201100031675;0;7;0;0;2;1;1;A01
201100031675;0;7;0;12;2;5;1;B01
201100031675;0;7;0;0;0;0;0;C01
201100031676;0;1;0;0;2;7;1;B01
201100031676;0;7;0;0;2;1;1;A01
201100031677;0;7;0;0;0;0;15;A01
201100031677;0;33;0;11;0;9;7;B01
201100031678;0;2;0;0;2;1;1;B01
201100031678;0;7;0;0;0;6;1;A01
201100031679;0;7;0;0;2;3;9;A01
201100031679;0;2;0;0;2;1;0;B01
201100031680;0;2;0;0;2;2;2;A01
201100031680;0;7;0;0;2;3;15;B01
201100031681;0;32;0;0;1;1;1;A01
201100031682;0;7;0;0;1;3;16;A01
201100031683;0;30;0;0;2;1;15;A01
201100031683;0;7;0;0;2;1;1;B01
201100031684;0;33;0;0;2;1;0;B01
201100031684;0;7;0;0;2;1;0;A01
201100031685;0;1;0;1;0;1;1;A01
201100031686;0;7;0;9;0;1;13;A01
201100031687;0;14;0;0;1;5;15;A01
201100031688;0;7;0;0;0;0;0;A01
201100031689;0;3;0;0;2;4;1;A01
201100031689;1;7;0;0;2;1;2;Z01
201100031690;0;33;0;0;0;0;0;A01
201100031690;0;7;0;0;0;0;0;B01
201100031691;0;2;0;0;1;2;18;A01
201100031692;0;2;0;0;1;3;1;A01
201100031693;0;7;0;3;0;1;9;A01
201100031694;0;7;0;0;1;1;1;A01
201100031695;0;7;0;0;2;5;15;A01
201100031695;0;33;0;0;2;1;1;B01
201100031696;0;7;0;0;2;1;1;A01
201100031696;0;7;0;14;2;3;1;B01
201100031696;0;7;0;0;2;1;1;C01
201100031697;0;7;0;0;0;0;0;A01
201100031698;0;7;0;0;2;8;11;A01
201100031698;0;33;0;0;2;7;1;B01
201100031699;0;7;0;0;2;4;23;B01
201100031699;0;30;0;0;2;1;1;A01
201100031700;0;10;0;0;1;4;4;A01
201100031701;0;10;0;0;2;1;1;B01
201100031701;0;7;0;0;2;1;5;A01
201100031702;0;30;0;0;0;0;0;A01
201100031703;0;7;0;0;2;7;16;B01
201100031703;0;33;0;0;2;1;2;A01
201100031704;1;99;0;0;0;0;0;A01
201100031705;0;7;0;0;2;0;1;B01
201100031705;0;1;0;0;2;0;9;A01
201100031706;0;7;0;0;2;1;5;A01
201100031706;0;7;0;0;2;0;1;B01
201100031707;0;34;0;0;2;0;1;A01
201100031707;1;7;0;0;2;0;0;Z01
201100031708;0;1;0;0;2;3;0;B01
201100031708;1;13;0;0;2;2;0;A01
201100031709;0;2;0;11;0;1;1;B01
201100031709;1;7;0;1;0;0;9;Z01
201100031710;0;40;40;0;2;2;1;A01
201100031711;0;30;0;0;1;1;1;A01
201100031712;0;7;0;1;2;8;1;B01
201100031712;0;7;0;0;2;3;15;A01
201100031713;0;7;0;0;0;0;0;A01
201100031714;0;7;0;16;0;9;1;A01
201100031715;0;33;0;0;0;8;2;A01
201100031716;0;7;0;0;2;4;2;C01
201100031716;0;7;0;0;2;1;2;A01
201100031716;0;7;0;0;2;5;2;B01
201100031717;0;7;0;11;2;8;0;A01
201100031717;0;30;0;0;2;1;0;B01
201100031718;0;7;0;0;1;2;1;A01
201100031719;0;7;0;0;2;5;1;C01
201100031719;0;33;0;0;2;1;1;A01
201100031719;0;7;0;0;2;7;1;B01
201100031720;0;7;0;1;0;1;16;A01
201100031721;0;30;0;12;0;8;1;A01
201100031722;0;1;0;0;2;4;2;B01
201100031722;0;7;0;0;2;1;2;A01
201100031723;0;7;0;0;1;2;0;A01
201100031724;0;7;0;0;2;1;1;A01
201100031724;0;99;0;0;2;8;15;B01
201100031725;1;7;0;0;0;0;0;A01
201100031725;0;99;0;0;0;0;0;B01
201100031726;0;7;0;0;1;4;4;A01
201100031727;0;7;0;0;2;1;9;A01
201100031727;0;32;0;0;2;7;1;B01
201100031728;0;1;0;0;2;3;0;B01
201100031728;0;7;0;0;9;2;0;A01
201100031729;0;1;0;0;4;0;1;A01
201100031729;0;40;1;0;2;1;1;B01
201100031730;0;7;0;0;1;3;1;A01
201100031731;0;7;0;0;2;2;10;A01
201100031731;0;33;0;0;2;9;1;B01
201100031732;0;7;0;0;2;1;2;A01
201100031732;0;7;0;0;2;4;2;B01
201100031733;0;30;0;0;2;4;0;A01
201100031733;0;7;0;0;2;1;0;B01
201100031734;0;7;0;0;1;4;4;A01
201100031735;0;33;0;0;0;0;0;A01
201100031735;0;7;0;0;2;6;0;B01
201100031736;0;7;0;0;2;1;1;A01
201100031736;0;7;0;0;2;3;0;B01
201100031737;1;7;0;0;1;0;0;A01
201100031738;0;1;0;0;2;6;19;B01
201100031738;0;7;0;0;2;3;1;A01
201100031739;0;40;1;0;2;1;1;B01
201100031739;0;1;0;0;4;8;1;A01
201100031740;0;30;0;0;2;1;1;A01
201100031740;0;7;0;0;2;7;16;B01
201100031741;0;7;0;0;2;1;2;A01
201100031741;0;7;0;0;2;4;1;B01
201100031742;0;7;0;0;1;1;1;B01
201100031743;1;7;0;0;1;2;0;A01
201100031744;0;7;0;0;2;8;1;B01
201100031744;0;7;0;0;2;1;15;A01
201100031745;0;30;0;0;2;1;1;B01
201100031745;0;10;0;0;2;5;15;A01
201100031746;0;7;0;0;1;1;1;A01
201100031747;0;1;0;0;1;2;1;B01
201100031747;0;7;0;0;0;8;22;A01
201100031748;0;7;0;0;1;2;0;A01
201100031749;0;7;0;0;1;3;1;A01
201100031750;0;32;0;0;2;7;1;A01
201100031750;0;7;0;0;2;1;1;B01
201100031751;0;7;0;0;2;1;1;A01
201100031751;0;2;0;0;2;1;1;B01
201100031752;0;32;0;0;0;0;0;B01
201100031752;0;7;0;0;0;0;0;A01
201100031753;0;7;0;8;4;8;1;A01
201100031753;0;40;1;0;2;3;1;B01
201100031754;0;7;0;0;2;4;2;D01
201100031754;0;7;0;0;2;1;2;A01
201100031754;0;7;0;0;2;4;2;C01
201100031754;0;7;0;0;2;4;2;B01
201100031755;0;7;0;0;2;5;24;B01
201100031755;0;7;0;1;0;2;1;A01
201100031756;0;2;0;0;2;1;17;A01
201100031756;0;7;0;0;2;8;15;B01
201100031757;0;7;0;9;1;1;14;A01
201100031758;0;7;0;0;1;1;16;A01
201100031759;0;7;0;0;1;8;15;A01
201100031760;0;30;0;0;0;0;0;A01
201100031761;0;1;0;0;0;0;0;B01
201100031761;0;7;0;0;2;0;0;A01
201100031762;0;2;0;0;2;9;0;A01
201100031762;0;7;0;0;2;7;1;B01
201100031763;0;7;0;0;2;1;1;A01
201100031763;0;7;0;0;2;4;1;B01
201100031764;1;7;0;0;1;1;1;Z01
201100031765;0;7;0;0;2;2;15;B01
201100031765;0;30;0;0;2;1;1;A01
201100031766;1;7;0;0;2;3;9;Z01
201100031766;0;2;0;0;2;3;1;B01
201100031767;1;7;0;0;0;0;0;A01
201100031767;0;30;0;0;2;4;1;B01
201100031768;1;7;0;0;2;3;15;A01
201100031769;0;30;0;0;2;1;1;B01
201100031769;0;7;0;0;2;3;1;A01
201100031770;0;7;0;0;1;4;4;A01
201100031771;0;7;0;0;2;2;1;A01
201100031771;0;1;0;0;2;4;1;B01
201100031772;0;7;0;0;2;5;15;A01
201100031772;0;2;0;0;2;1;17;B01
201100031773;0;7;0;0;2;1;2;B01
201100031773;0;10;0;0;2;8;6;A01
201100031774;0;7;0;0;2;6;13;A01
201100031774;0;33;0;0;2;1;1;B01
201100031775;0;15;0;0;1;0;0;A01
201100031776;0;7;0;0;1;3;1;A01
201100031777;0;2;0;0;2;0;15;A01
201100031777;1;7;0;0;2;0;1;Z01
201100031778;0;31;0;0;1;2;1;A01
201100031779;0;7;0;0;1;1;1;A01
201100031779;0;1;0;0;2;8;19;B01
201100031780;0;33;0;0;2;1;1;B01
201100031780;0;10;0;0;2;8;10;A01
201100031781;0;7;0;0;2;5;1;B01
201100031781;0;7;0;0;2;3;1;A01
201100031782;0;7;0;0;2;6;1;B01
201100031782;0;2;0;0;2;1;0;A01
201100031783;0;7;0;0;1;1;1;A01
201100031784;0;30;0;0;2;2;1;B01
201100031784;1;7;0;0;2;3;15;Z01
201100031785;0;2;0;0;2;3;18;A01
201100031785;0;7;0;0;0;2;16;B01
201100031786;0;30;0;0;2;3;1;A01
201100031786;0;7;0;0;2;7;15;B01
201100031787;0;7;0;0;0;5;1;B01
201100031787;0;33;0;0;2;1;2;A01
201100031788;0;1;0;0;0;0;0;B01
201100031788;0;7;0;0;0;0;0;A01
201100031789;0;1;0;0;2;5;1;B01
201100031789;0;7;0;0;2;3;1;A01
201100031790;0;7;0;0;1;3;1;A01
201100031791;0;7;0;0;2;1;1;A01
201100031791;0;1;0;0;0;1;1;B01
201100031792;0;7;0;0;2;2;1;A01
201100031792;0;30;0;0;2;1;1;B01
201100031793;0;7;0;7;0;0;1;A01
201100031794;0;33;0;0;2;1;1;A01
201100031794;0;7;0;0;2;1;15;B01
201100031795;0;7;0;0;2;1;1;A01
201100031795;0;7;0;0;2;7;1;B01
201100031796;0;30;0;0;2;1;1;B01
201100031796;0;7;0;0;2;2;12;A01
201100031797;0;7;0;0;2;7;1;B01
201100031797;0;7;0;0;2;8;11;A01
201100031797;0;7;0;0;2;2;1;C01
201100031798;0;7;0;0;2;3;20;B01
201100031798;0;30;0;0;2;1;1;A01
201100031799;0;7;0;0;2;1;1;B01
201100031799;0;1;0;0;2;8;15;A01
201100031800;0;7;0;6;2;1;2;A01
201100031800;0;10;0;6;2;4;1;B01
201100031801;0;7;0;0;1;4;1;A01
201100031802;0;7;0;0;2;9;0;C01
201100031802;2;7;0;0;2;1;0;A01
201100031802;0;7;0;0;2;9;0;D01
201100031802;0;7;0;0;2;9;0;B01
201100031803;0;7;0;0;1;1;1;A01
201100031804;1;7;0;0;1;1;1;Z01
201100031805;0;7;0;0;2;8;9;A01
201100031805;0;1;0;0;2;2;1;B01
201100031806;0;7;0;0;1;1;1;A01
201100031807;0;7;0;16;0;9;1;A01
201100031808;0;2;0;0;2;3;0;B01
201100031808;0;7;0;0;2;3;0;A01
201100031809;0;7;0;0;1;2;1;A01
201100031810;0;7;0;0;2;0;0;A01
201100031811;0;7;0;0;2;3;0;C01
201100031811;0;7;0;0;2;2;15;A01
201100031811;0;30;0;0;2;1;1;B01
201100031812;0;7;0;0;1;3;1;A01
201100031813;0;1;0;0;2;4;1;B01
201100031813;1;7;0;0;2;1;0;A01
201100031814;0;10;0;0;2;2;16;B01
201100031814;0;30;0;0;2;1;18;A01
201100031815;0;7;0;0;2;4;2;C01
201100031815;0;7;0;0;2;1;2;A01
201100031815;0;7;0;0;2;4;2;B01
201100031816;0;7;0;13;0;1;1;A01
201100031817;0;7;0;0;1;6;1;A01
201100031818;1;7;0;0;2;2;12;B01
201100031818;0;31;0;0;2;8;1;A01
201100031819;0;7;0;0;1;2;1;A01
201100031820;0;7;0;4;0;3;1;A01
201100031821;0;7;0;0;2;1;1;A01
201100031821;0;10;0;0;2;1;1;B01
201100031822;1;30;0;0;2;1;5;A01
201100031822;0;1;0;0;2;1;1;B01
201100031823;0;7;0;0;1;0;0;A01
201100031824;0;7;0;14;0;3;0;A01
201100031825;0;7;0;0;1;1;1;A01
201100031826;0;7;0;0;2;2;1;B01
201100031826;0;1;0;0;2;1;0;A01
201100031827;0;7;0;0;2;3;0;A01
201100031827;0;2;0;0;2;3;0;B01
201100031828;0;7;0;0;1;3;16;A01
201100031829;0;2;0;0;2;3;0;A01
201100031829;0;7;0;0;2;2;0;B01
201100031830;0;32;0;16;0;0;1;A01
201100031831;0;7;0;0;2;3;20;B01
201100031831;0;33;0;0;2;1;17;A01
201100031832;0;7;0;0;1;3;0;A01
201100031833;0;7;0;0;2;2;14;A01
201100031833;0;10;0;0;2;6;1;B01
201100031834;0;7;0;0;2;3;10;A01
201100031834;0;30;0;0;2;1;1;B01
201100031835;0;7;0;0;2;2;15;A01
201100031835;0;2;0;0;2;1;1;B01
201100031836;0;7;0;2;0;3;1;A01
201100031837;0;32;0;0;2;5;1;B01
201100031837;1;7;0;0;2;3;11;A01
201100031838;0;1;0;0;2;7;1;B01
201100031838;0;7;0;0;2;3;9;A01
201100031839;0;7;0;0;1;2;1;A01
201100031840;0;7;0;0;1;3;1;A01
201100031841;0;30;0;0;1;1;2;A01
201100031842;0;7;0;11;0;1;6;A01
201100031843;0;2;0;0;2;1;1;B01
201100031843;0;7;0;0;2;1;9;A01
201100031844;0;7;0;0;1;1;17;A01
201100031845;0;7;0;0;2;3;1;A01
201100031845;0;1;0;0;2;1;1;B01
201100031846;0;7;0;0;2;2;1;A01
201100031846;0;7;0;0;2;1;1;B01
201100031847;0;7;0;1;0;2;14;A01
201100031848;0;30;0;0;2;6;1;B01
201100031848;0;7;0;0;2;2;15;A01
201100031849;0;30;0;0;1;9;1;B01
201100031849;0;7;0;0;2;3;1;A01
201100031850;0;7;0;0;1;1;0;A01
201100031851;0;7;0;0;2;1;1;B01
201100031851;0;1;0;0;2;1;1;A01
201100031852;0;7;0;0;2;1;1;B01
201100031852;0;7;0;0;2;2;15;A01
201100031853;0;1;0;0;1;0;1;A01
201100031854;0;7;0;0;2;4;1;B01
201100031854;0;7;0;0;2;1;1;A01
201100031855;0;31;0;0;2;2;1;B01
201100031855;0;7;0;0;2;3;9;A01
201100031856;0;7;0;0;1;0;1;A01
201100031857;0;7;0;0;2;1;1;A01
201100031857;0;7;0;0;2;4;1;B01
201100031858;0;7;0;0;9;0;1;A01
201100031858;0;1;0;0;2;1;1;B01
201100031859;0;7;0;0;2;3;9;A01
201100031859;0;32;0;0;2;7;1;B01
201100031860;0;7;0;0;1;1;1;A01
201100031861;0;7;0;0;1;1;1;A01
201100031862;0;7;0;0;2;3;13;A01
201100031862;0;10;0;0;2;8;1;B01
201100031863;0;30;0;0;2;0;1;A01
201100031863;0;7;0;0;2;1;15;B01
201100031864;0;7;0;0;2;1;1;A01
201100031864;0;7;0;0;2;3;1;B01
201100031865;0;7;0;0;2;4;1;B01
201100031865;0;7;0;0;2;1;1;A01
201100031866;0;7;0;0;2;1;1;B01
201100031866;0;7;0;0;2;4;1;A01
201100031867;0;7;0;0;2;6;15;B01
201100031867;0;30;0;0;2;9;18;A01
201100031868;0;7;0;0;2;4;2;B01
201100031868;0;33;0;0;2;1;2;C01
201100031868;0;7;0;0;2;4;2;A01
201100031869;0;33;0;1;0;1;21;A01
201100031870;0;7;0;0;2;2;15;B01
201100031870;0;30;0;0;2;1;1;A01
201100031871;0;7;0;0;9;5;15;A01
201100031871;0;1;0;0;2;1;1;B01
201100031872;0;7;0;0;1;2;1;A01
201100031873;0;10;0;0;2;1;1;A01
201100031873;0;10;0;0;2;1;1;B01
201100031874;0;7;0;0;1;1;1;A01
201100031875;0;7;0;0;2;3;17;B01
201100031875;0;30;0;0;2;0;1;A01
201100031876;0;33;0;0;2;1;16;B01
201100031876;0;10;0;0;2;2;16;A01
201100031877;0;2;0;0;2;7;1;A01
201100031877;0;7;0;0;2;6;1;B01
201100031878;0;7;0;0;9;5;1;B01
201100031878;0;1;0;0;2;1;1;A01
201100031879;0;7;0;0;9;2;14;A01
201100031880;0;7;0;2;0;1;13;A01
201100031881;0;7;0;0;2;4;1;B01
201100031881;0;7;0;0;2;1;1;A01
201100031882;0;7;0;0;2;3;1;A01
201100031882;0;7;0;0;2;3;1;B01
201100031883;0;7;0;8;0;1;1;A01
201100031884;0;7;0;0;2;1;1;A01
201100031884;0;7;0;0;2;4;23;B01
201100031884;0;7;0;0;2;4;23;C01
201100031885;0;7;0;0;2;1;9;A01
201100031885;0;7;0;0;2;1;1;B01
201100031886;0;7;0;0;1;1;1;A01
201100031887;0;10;0;0;2;3;20;A01
201100031887;0;30;0;0;2;3;0;B01
201100031888;0;7;0;0;1;2;1;A01
201100031889;0;7;0;0;2;2;15;A01
201100031889;0;7;0;0;2;1;1;B01
201100031890;0;7;0;6;0;1;1;A01
201100031891;0;7;0;1;0;1;16;A01
201100031892;0;7;0;0;2;3;1;B01
201100031892;1;7;0;0;0;0;0;Z01
201100031892;0;7;0;0;2;3;1;C01
201100031893;0;7;0;0;2;3;1;B01
201100031893;0;7;0;0;2;2;9;A01
201100031894;0;7;0;8;0;1;14;A01
201100031895;0;7;0;0;9;5;4;A01
201100031895;0;1;0;0;2;0;1;B01
201100031896;0;7;0;0;2;1;9;A01
201100031896;0;2;0;0;2;1;1;B01
201100031897;0;7;0;0;2;1;1;A01
201100031897;0;7;0;0;2;4;2;B01
201100031897;0;7;0;0;2;4;2;C01
201100031897;0;7;0;0;2;4;2;D01
201100031898;0;7;0;0;2;7;15;A01
201100031898;0;7;0;0;2;1;1;B01
201100031899;0;33;0;0;2;1;1;A01
201100031899;0;7;0;0;2;4;1;B01
201100031900;0;7;0;1;1;1;1;A01
201100031901;0;7;0;0;2;3;15;A01
201100031901;0;30;0;0;2;1;1;B01
201100031902;0;34;0;0;2;3;1;B01
201100031902;0;7;0;0;2;3;9;A01
201100031903;0;3;0;0;1;6;9;B01
201100031903;0;7;0;0;2;1;1;A01
201100031904;0;7;0;0;2;9;1;B01
201100031904;0;99;0;0;2;1;0;A01
201100031905;0;7;0;0;2;1;1;B01
201100031905;0;7;0;0;2;9;1;A01
201100031906;0;7;0;0;9;3;0;B01
201100031906;0;1;0;0;2;0;1;A01
201100031907;0;7;0;0;2;3;1;B01
201100031907;0;33;0;0;2;0;0;A01
201100031908;0;31;0;0;2;8;1;B01
201100031908;0;7;0;0;2;3;15;A01
201100031909;0;7;0;0;2;7;1;B01
201100031909;0;7;0;0;2;1;9;A01
201100031910;0;7;0;0;2;3;9;A01
201100031910;0;7;0;0;2;3;1;B01
201100031911;0;7;0;0;2;8;15;A01
201100031911;0;2;0;0;2;1;17;B01
201100031912;0;7;0;0;1;4;4;A01
201100031913;0;2;0;0;2;1;1;A01
201100031913;0;7;0;0;2;3;9;B01
201100031914;0;7;0;0;2;8;24;A01
201100031914;0;1;0;1;0;1;1;B01
201100031915;0;1;0;0;2;0;0;A01
201100031915;0;7;0;0;9;3;1;B01
201100031916;0;7;0;1;0;4;20;A01
201100031917;0;38;2;0;1;1;1;A01
201100031918;1;30;0;0;1;2;17;Z01
201100031919;0;7;0;0;2;4;1;B01
201100031919;0;31;0;0;2;1;1;A01
201100031920;0;7;0;0;2;1;1;A01
201100031920;0;7;0;4;2;1;1;B01
201100031921;0;7;0;16;0;9;16;A01
201100031922;0;1;0;0;2;2;1;A01
201100031922;0;7;0;0;2;8;1;B01
201100031923;0;7;0;0;1;1;15;A01
201100031924;0;10;0;0;2;3;15;A01
201100031924;0;30;0;0;2;1;1;B01
201100031925;0;2;0;0;2;1;1;B01
201100031925;0;7;0;0;2;3;15;A01
201100031926;0;2;0;0;2;8;1;A01
201100031926;1;7;0;0;2;0;0;Z01
201100031927;0;7;0;0;2;4;1;B01
201100031927;0;7;0;0;2;1;1;A01
201100031928;0;7;0;0;2;1;1;A01
201100031928;0;33;0;0;2;1;0;B01
201100031929;0;33;0;0;1;0;1;A01
201100031930;0;7;0;0;2;1;15;B01
201100031930;0;30;0;0;2;0;1;A01
201100031931;0;7;0;0;2;4;1;B01
201100031931;0;33;0;0;2;1;2;A01
201100031932;0;7;0;0;1;1;1;A01
201100031933;0;7;0;0;2;7;1;A01
201100031933;0;33;0;0;2;0;15;B01
201100031934;0;30;0;0;2;1;9;A01
201100031934;0;33;0;0;2;0;1;B01
201100031935;0;7;0;4;0;1;0;A01
201100031936;0;1;0;0;2;1;11;A01
201100031936;0;7;0;0;2;1;1;B01
201100031937;0;7;0;0;2;7;1;B01
201100031937;0;7;0;0;2;2;9;A01
201100031938;0;10;0;0;2;1;2;A01
201100031938;0;7;0;0;2;4;2;B01
201100031939;0;7;0;0;2;2;15;A01
201100031939;0;2;0;0;2;1;1;B01
201100031940;0;10;0;0;1;7;1;A01
201100031941;0;7;0;0;2;0;1;A01
201100031941;0;7;0;0;2;8;1;B01
201100031942;0;7;0;0;2;2;15;A01
201100031942;0;30;0;0;2;1;1;B01
201100031943;0;33;0;0;2;1;17;B01
201100031943;0;7;0;0;2;6;15;A01
201100031944;0;7;0;0;2;2;15;A01
201100031944;0;1;0;0;2;1;1;B01
201100031945;0;7;0;0;2;7;1;B01
201100031945;0;7;0;0;2;1;9;A01
201100031946;0;10;0;0;1;1;1;A01
201100031947;0;7;0;0;2;1;15;A01
201100031947;0;7;0;0;2;3;1;B01
201100031948;0;7;0;0;1;1;1;A01
201100031949;0;10;0;0;1;3;1;A01
201100031950;0;2;0;0;2;8;1;B01
201100031950;0;7;0;0;2;3;15;A01
201100031951;0;7;0;8;0;1;1;A01
201100031952;0;2;0;0;2;3;18;A01
201100031952;0;2;0;0;2;2;16;B01
201100031953;0;7;0;8;0;9;1;A01
201100031954;0;7;0;0;1;2;1;A01
201100031955;0;7;0;0;2;1;1;A01
201100031955;0;7;0;10;2;6;1;B01
201100031956;0;33;0;0;2;1;1;B01
201100031956;0;7;0;0;0;5;1;A01
201100031957;0;7;0;8;2;1;5;A01
201100031957;0;7;0;0;0;6;1;B01
201100031958;0;1;0;0;2;1;1;B01
201100031958;0;10;0;0;0;4;1;A01
201100031959;0;2;0;14;0;1;1;A01
201100031960;0;7;0;0;0;3;23;C01
201100031960;0;7;0;0;2;6;23;B01
201100031960;0;7;0;0;2;3;1;A01
201100031961;0;33;0;0;2;1;1;A01
201100031961;0;7;0;0;0;4;23;B01
201100031962;0;7;0;0;2;3;1;B01
201100031962;0;7;0;0;2;2;1;A01
201100031963;0;17;0;0;2;1;21;A01
201100031963;0;7;0;0;2;1;1;B01
201100031964;0;7;0;0;0;4;1;B01
201100031964;0;30;0;0;2;1;2;A01
201100031965;0;7;0;0;0;4;1;B01
201100031965;0;7;0;0;2;1;1;A01
201100031966;0;3;0;8;0;2;1;A01
201100031967;1;7;0;0;0;0;0;Z01
201100031967;0;33;0;0;0;8;21;A01
201100031968;0;2;0;0;2;1;2;A01
201100031968;0;7;0;0;0;6;1;B01
201100031969;0;7;0;0;1;2;1;A01
201100031970;0;33;0;12;0;1;1;A01
201100031971;0;7;0;0;0;4;23;B01
201100031971;0;7;0;0;2;1;2;A01
201100031972;0;33;0;0;0;1;1;A01
201100031973;0;7;0;0;1;5;4;A01
201100031974;0;30;0;0;2;7;17;B01
201100031974;0;7;0;0;2;3;15;A01
201100031975;0;7;0;15;0;1;1;A01
201100031976;0;2;0;0;2;1;1;A01
201100031976;0;7;0;0;0;5;2;B01
201100031977;0;7;0;0;2;1;2;A01
201100031977;0;7;0;0;0;4;1;B01
201100031978;0;33;0;0;2;1;17;A01
201100031978;0;7;0;0;0;3;19;B01
201100031979;0;15;0;13;0;1;13;A01
201100031980;0;99;0;12;0;0;2;A01
201100031981;0;7;0;3;0;2;1;A01
201100031982;0;7;0;0;0;1;1;A01
201100031982;0;7;0;0;0;8;1;B01
201100031983;0;30;0;1;2;1;17;B01