num_acc;senc;catv;occutc;obs;obsm;choc;manv;num_veh
201100031983;0;2;0;0;2;8;11;A01
201100031984;0;10;0;0;2;3;1;B01
201100031984;0;7;0;0;2;2;13;A01
201100031985;0;1;0;0;2;2;15;B01
201100031985;0;10;0;0;2;3;1;A01
201100031986;0;7;0;8;0;1;13;A01
201100031987;0;7;0;0;0;5;1;A01
201100031987;0;13;0;0;2;3;2;B01
201100031988;0;7;0;8;0;1;1;A01
201100031989;0;13;0;0;2;3;1;A01
201100031989;0;1;0;0;2;2;5;B01
201100031990;0;7;0;0;2;3;1;B01
201100031990;0;7;0;0;2;8;16;A01
201100031991;0;7;0;0;2;4;15;B01
201100031991;0;7;0;0;2;1;1;A01
201100031992;0;35;0;15;0;2;14;A01
201100031993;0;7;0;0;1;2;1;A01
201100031994;0;7;0;0;2;2;9;A01
201100031994;0;1;0;0;2;1;1;B01
201100031995;0;7;0;0;0;4;1;B01
201100031995;0;30;0;0;2;1;1;A01
201100031996;0;3;0;0;2;1;1;A01
201100031996;0;7;0;0;0;8;15;B01
201100031997;0;37;1;0;2;3;1;B01
201100031997;0;7;0;0;2;3;9;A01
201100031998;0;10;0;0;2;2;1;A01
201100031998;0;10;0;0;2;3;9;B01
201100031999;0;30;0;0;2;1;17;A01
201100031999;0;7;0;0;0;8;15;B01
201100032000;0;10;0;0;2;1;1;B01
201100032000;0;10;0;0;2;4;1;E01
201100032000;0;7;0;0;2;1;1;D01
201100032000;0;10;0;0;2;1;1;A01
201100032000;0;10;0;0;2;4;2;C01
201100032001;0;7;0;13;0;1;21;A01
201100032002;0;32;0;0;2;1;2;B01
201100032002;0;10;0;0;2;7;16;A01
201100032003;0;7;0;12;1;3;1;A01
201100032004;0;7;0;0;2;2;1;A01
201100032004;0;7;0;0;0;6;1;B01
201100032005;0;7;0;0;2;1;13;A01
201100032005;0;17;0;0;2;1;1;B01
201100032006;0;7;0;6;0;3;1;A01
201100032007;0;7;0;4;0;3;16;A01
201100032008;0;10;0;2;0;1;1;A01
201100032009;0;2;0;0;0;5;1;B01
201100032009;0;7;0;0;2;2;9;A01
201100032010;0;33;0;14;0;2;1;B01
201100032011;0;7;0;0;2;2;1;A01
201100032011;0;2;0;0;2;3;16;B01
201100032012;0;33;0;14;0;8;1;A01
201100032013;0;32;0;11;0;1;1;A01
201100032014;0;7;0;0;2;3;15;B01
201100032014;0;7;0;0;2;2;1;A01
201100032015;0;7;0;0;2;3;15;A01
201100032015;0;7;0;0;2;8;1;B01
201100032016;0;32;0;14;0;7;1;A01
201100032017;0;7;0;13;0;7;13;A01
201100032018;0;7;0;0;1;1;15;A01
201100032019;0;7;0;16;1;2;1;A01
201100032020;0;7;0;0;1;2;16;A01
201100032021;0;30;0;0;2;1;1;B01
201100032021;0;7;0;0;2;8;9;A01
201100032022;0;7;0;0;2;2;1;B01
201100032022;0;30;0;0;2;1;1;A01
201100032023;0;10;0;15;0;7;1;A01
201100032024;0;7;0;0;2;3;15;B01
201100032024;0;31;0;0;2;2;17;A01
201100032025;0;10;0;0;2;8;13;A01
201100032025;0;33;0;0;2;8;1;B01
201100032026;0;7;0;0;2;8;15;B01
201100032026;0;7;0;0;2;3;1;A01
201100032027;0;7;0;0;2;3;1;A01
201100032027;0;7;0;0;2;2;1;B01
201100032028;0;33;0;0;2;1;1;B01
201100032028;0;7;0;0;2;2;10;A01
201100032029;0;10;0;0;2;1;1;B01
201100032029;0;7;0;0;2;7;1;A01
201100032030;0;2;0;0;2;1;2;A01
201100032030;0;13;0;0;0;4;1;B01
201100032031;0;7;0;0;0;4;1;B01
201100032031;0;30;0;0;2;1;2;A01
201100032032;0;1;0;0;2;1;1;B01
201100032032;0;7;0;0;2;3;15;A01
201100032033;0;7;0;7;2;3;2;B01
201100032033;0;33;0;0;2;7;17;A01
201100032034;0;2;0;1;0;1;14;A01
201100032035;0;7;0;0;2;1;1;A01
201100032035;0;30;0;0;0;7;1;B01
201100032036;0;7;0;13;0;1;16;A01
201100032037;0;7;0;0;2;8;10;A01
201100032037;0;30;0;0;2;1;1;B01
201100032038;0;30;0;0;2;1;2;A01
201100032038;0;7;0;0;0;4;1;B01
201100032039;0;7;0;0;2;4;1;A01
201100032039;0;7;0;0;0;4;2;B01
201100032039;0;7;0;0;2;1;2;C01
201100032040;0;2;0;0;2;1;2;B01
201100032040;0;7;0;0;2;7;22;A01
201100032041;0;2;0;0;2;1;1;A01
201100032041;0;7;0;0;2;5;12;B01
201100032042;0;7;0;0;1;4;1;B01
201100032042;0;7;0;0;2;1;2;A01
201100032043;0;7;0;0;2;1;2;A01
201100032043;0;7;0;0;0;4;1;B01
201100032044;0;30;0;16;0;3;1;A01
201100032045;0;7;0;0;1;1;1;A01
201100032046;0;7;0;0;1;1;1;A01
201100032047;0;7;0;0;1;1;1;A01
201100032048;0;7;0;8;0;1;1;A01
201100032049;0;7;0;15;0;1;17;A01
201100032050;0;7;0;0;0;4;1;B01
201100032050;0;7;0;0;2;1;2;A01
201100032051;0;2;0;0;2;1;1;B01
201100032051;0;7;0;0;2;3;1;A01
201100032052;0;2;0;0;1;1;1;A01
201100032053;0;7;0;0;1;8;1;A01
201100032054;0;40;15;0;1;1;1;A01
201100032055;0;7;0;0;2;4;23;C01
201100032055;0;7;0;0;2;4;23;D01
201100032055;0;7;0;0;2;1;2;A01
201100032055;0;7;0;0;0;4;23;B01
201100032056;0;7;0;0;2;1;1;B01
201100032056;0;7;0;0;2;2;1;A01
201100032057;0;7;0;0;1;1;1;A01
201100032058;0;10;0;0;0;4;1;B01
201100032058;0;10;0;6;2;1;1;A01
201100032059;0;7;0;0;1;1;1;A01
201100032060;0;7;0;0;1;1;1;A01
201100032061;0;33;0;6;2;1;1;B01
201100032061;0;7;0;0;9;1;1;C01
201100032061;0;7;0;0;2;3;15;A01
201100032062;0;7;0;0;1;1;1;A01
201100032063;0;7;0;0;2;1;1;B01
201100032063;0;7;0;0;2;3;10;A01
201100032064;0;7;0;0;1;1;1;A01
201100032065;0;1;0;0;0;4;1;B01
201100032065;0;7;0;0;2;2;1;A01
201100032066;0;33;0;0;2;3;1;B01
201100032066;0;7;0;0;2;2;1;A01
201100032067;0;7;0;0;1;1;1;A01
201100032068;0;7;0;0;2;1;2;A01
201100032068;0;17;0;0;9;4;1;C01
201100032068;0;7;0;0;2;4;2;B01
201100032069;0;7;0;0;2;2;1;B01
201100032069;0;7;0;0;2;6;16;A01
201100032070;0;7;0;14;0;1;1;A01
201100032071;0;7;0;8;0;7;21;A01
201100032072;0;7;0;0;2;1;1;A01
201100032072;0;7;0;0;2;3;15;B01
201100032073;0;37;10;0;1;2;1;A01
201100032074;0;1;0;0;2;3;1;B01
201100032074;0;7;0;0;2;2;1;A01
201100032075;0;33;0;0;2;1;17;A01
201100032075;0;13;0;0;2;3;1;B01
201100032076;0;7;0;0;1;1;1;A01
201100032077;0;7;0;0;2;4;1;B01
201100032077;0;7;0;0;2;1;2;A01
201100032078;0;7;0;0;1;1;1;A01
201100032079;0;37;12;0;1;1;9;A01
201100032080;0;7;0;0;0;4;1;B01
201100032080;0;7;0;0;2;1;1;A01
201100032081;0;7;0;0;2;1;5;A01
201100032081;0;7;0;0;2;1;1;B01
201100032082;0;2;0;0;2;1;1;B01
201100032082;0;10;0;0;2;4;4;A01
201100032083;0;7;0;0;2;1;2;A01
201100032083;0;7;0;0;2;4;1;B01
201100032084;0;7;0;0;2;2;1;B01
201100032084;0;99;0;0;2;1;1;A01
201100032085;0;7;0;0;2;2;16;A01
201100032085;0;1;0;0;2;1;19;B01
201100032086;0;1;0;0;2;1;1;B01
201100032086;0;7;0;0;2;2;1;A01
201100032087;0;7;0;0;2;3;1;B01
201100032087;0;7;0;0;2;1;15;A01
201100032088;0;7;0;0;1;1;1;A01
201100032089;0;14;0;0;0;4;23;B01
201100032089;0;7;0;0;2;1;2;A01
201100032090;0;7;0;0;2;1;13;A01
201100032090;0;7;0;0;2;1;13;B01
201100032091;0;7;0;0;2;1;1;A01
201100032091;0;33;0;0;0;4;23;B01
201100032092;0;7;0;13;0;9;14;A01
201100032093;0;7;0;0;2;8;1;B01
201100032093;0;2;0;0;2;7;17;A01
201100032094;0;2;0;12;2;1;16;A01
201100032094;0;7;0;0;2;7;16;B01
201100032095;0;7;0;0;2;2;15;A01
201100032095;0;7;0;0;2;3;1;B01
201100032096;0;7;0;0;2;8;1;A01
201100032096;0;7;0;0;2;1;1;B01
201100032097;0;10;0;0;2;1;1;A01
201100032097;0;7;0;0;2;6;15;B01
201100032098;0;7;0;0;1;1;17;A01
201100032099;0;1;0;0;2;3;1;B01
201100032099;0;7;0;0;2;7;17;A01
201100032100;0;7;0;0;2;1;1;A01
201100032100;0;7;0;0;2;4;23;B01
201100032101;0;7;0;15;1;1;14;A01
201100032102;0;7;0;0;1;1;9;A01
201100032103;0;7;0;0;1;4;4;A01
201100032104;0;10;0;0;2;1;9;B01
201100032104;0;1;0;0;0;8;1;A01
201100032105;0;7;0;0;2;1;1;B01
201100032105;0;7;0;0;2;3;15;A01
201100032106;0;7;0;0;2;1;1;B01
201100032106;0;2;0;0;2;1;13;A01
201100032107;0;30;0;0;2;1;15;B01
201100032107;1;7;0;0;2;0;1;Z01
201100032108;2;7;0;1;0;1;0;A01
201100032109;0;1;0;0;1;1;1;A01
201100032110;0;1;0;0;2;3;15;B01
201100032110;0;7;0;0;2;2;15;A01
201100032111;0;7;0;0;0;4;1;B01
201100032111;0;7;0;0;2;1;2;A01
201100032112;0;7;0;0;2;7;1;B01
201100032112;0;30;0;0;2;1;5;A01
201100032113;0;7;0;0;2;2;2;A01
201100032113;0;7;0;0;2;4;23;C01
201100032113;0;7;0;0;2;4;23;B01
201100032114;0;31;0;0;2;2;1;B01
201100032114;0;7;0;0;2;1;9;A01
201100032115;0;7;0;0;2;2;1;B01
201100032115;0;7;0;0;2;1;1;A01
201100032116;0;31;0;0;2;1;1;B01
201100032116;0;7;0;0;2;5;15;A01
201100032117;0;7;0;0;0;4;16;B01
201100032117;0;7;0;0;2;1;16;A01
201100032118;0;32;0;0;2;1;1;B01
201100032118;0;7;0;0;0;5;15;A01
201100032119;0;30;0;0;0;3;1;A01
201100032120;0;7;0;0;2;3;13;A01
201100032120;0;7;0;0;1;1;1;C01
201100032120;0;7;0;0;2;1;1;B01
201100032121;0;33;0;0;2;1;1;B01
201100032121;0;7;0;0;2;5;15;A01
201100032122;0;33;0;0;0;3;1;A01
201100032123;0;7;0;0;2;3;15;B01
201100032123;0;34;0;0;2;1;2;A01
201100032124;0;7;0;0;0;4;23;A01
201100032124;0;7;0;0;2;1;1;B01
201100032125;0;7;0;0;2;1;1;B01
201100032125;0;7;0;0;2;7;19;A01
201100032126;0;7;0;14;2;8;1;B01
201100032126;1;7;0;0;2;0;0;Z01
201100032127;0;10;0;0;2;3;9;B01
201100032127;0;2;0;0;2;1;1;A01
201100032128;0;7;0;0;2;2;15;B01
201100032128;2;7;0;0;2;1;16;Z01
201100032129;0;10;0;0;2;1;1;A01
201100032129;0;7;0;0;2;3;15;B01
201100032130;0;33;0;3;0;7;17;A01
201100032131;0;7;0;0;2;4;23;B01
201100032131;0;30;0;0;2;1;2;A01
201100032132;0;7;0;0;2;8;1;B01
201100032132;0;7;0;0;2;1;1;A01
201100032133;0;7;0;0;1;1;1;A01
201100032134;0;10;0;0;0;4;23;B01
201100032134;0;2;0;0;2;1;1;A01
201100032135;0;7;0;0;2;2;16;A01
201100032135;0;33;0;0;2;3;16;B01
201100032136;0;2;0;0;1;1;1;A01
201100032137;0;7;0;0;0;4;9;C01
201100032137;0;7;0;0;2;1;9;A01
201100032137;0;7;0;0;2;4;9;B01
201100032138;0;7;0;0;2;8;1;B01
201100032138;0;7;0;0;2;1;15;A01
201100032139;0;2;0;0;2;4;16;B01
201100032139;0;31;0;0;2;1;2;A01
201100032140;0;31;0;0;2;8;1;B01
201100032140;0;7;0;0;2;2;15;A01
201100032141;0;33;0;0;2;1;1;B01
201100032141;0;7;0;0;2;3;15;A01
201100032142;0;7;0;0;2;1;1;A01
201100032142;0;7;0;0;2;4;1;B01
201100032142;0;7;0;0;0;4;1;C01
201100032143;0;7;0;0;0;4;1;B01
201100032143;0;7;0;0;2;1;2;A01
201100032144;0;7;0;0;2;2;21;A01
201100032144;0;7;0;0;2;6;16;B01
201100032145;0;2;0;0;1;1;17;A01
201100032146;0;7;0;1;0;2;14;A01
201100032147;0;1;0;0;2;1;1;B01
201100032147;0;7;0;0;2;3;1;A01
201100032148;0;7;0;0;1;1;1;A01
201100032149;1;7;0;0;1;1;1;A01
201100032150;0;10;0;0;2;1;1;B01
201100032150;0;3;0;0;2;7;15;A01
201100032151;0;1;0;0;2;8;13;B01
201100032151;0;37;15;0;2;2;17;A01
201100032152;0;7;0;0;2;5;15;B01
201100032152;0;1;0;0;2;1;19;A01
201100032153;0;7;0;0;1;4;1;B01
201100032153;0;7;0;0;2;1;1;A01
201100032154;0;37;15;0;1;1;1;A01
201100032155;0;7;0;0;1;2;1;A01
201100032156;1;10;0;0;0;0;10;Z01
201100032156;0;7;0;13;0;1;21;B01
201100032157;0;7;0;0;1;1;1;A01
201100032158;0;7;0;0;0;4;1;B01
201100032158;0;2;0;0;2;1;2;A01
201100032159;0;7;0;0;2;1;13;A01
201100032159;0;7;0;0;2;1;1;B01
201100032160;0;7;0;0;0;4;2;B01
201100032160;0;7;0;0;2;1;2;A01
201100032161;0;7;0;0;2;4;23;B01
201100032161;1;2;0;0;2;1;2;A01
201100032162;0;7;0;0;2;1;2;A01
201100032162;0;2;0;0;0;4;1;B01
201100032163;0;1;0;0;2;8;1;A01
201100032163;0;7;0;0;2;1;16;B01
201100032164;0;7;0;0;2;5;17;A01
201100032164;0;2;0;0;2;8;15;B01
201100032165;0;10;0;0;2;5;15;B01
201100032165;0;33;0;0;2;1;3;A01
201100032166;0;7;0;0;1;1;1;A01
201100032167;0;7;0;0;2;1;15;A01
201100032167;0;2;0;0;2;8;1;B01
201100032168;0;33;0;0;2;3;1;B01
201100032168;0;7;0;0;2;1;15;A01
201100032169;0;7;0;0;2;1;1;A01
201100032169;0;7;0;0;0;8;1;B01
201100032170;0;7;0;0;2;1;1;A01
201100032171;0;33;0;0;2;1;21;B01
201100032171;1;7;0;0;2;3;10;Z01
201100032171;0;7;0;0;2;1;1;C01
201100032171;0;2;0;0;2;0;0;D01
201100032172;0;7;0;0;2;3;1;B01
201100032172;0;30;0;0;2;1;1;A01
201100032173;0;7;0;0;1;4;4;A01
201100032174;0;13;0;0;2;1;2;C01
201100032174;0;7;0;0;2;4;2;B01
201100032174;0;7;0;0;0;4;1;A01
201100032175;1;7;0;0;0;5;15;Z01
201100032175;0;33;0;0;2;7;21;B01
201100032176;0;7;0;0;1;1;1;A01
201100032177;2;7;0;13;0;3;13;A01
201100032178;0;33;0;0;2;1;1;B01
201100032178;0;7;0;0;2;8;13;A01
201100032179;0;7;0;0;2;1;15;A01
201100032179;0;1;0;0;2;8;1;B01
201100032180;1;7;0;0;1;1;1;Z01
201100032181;0;7;0;0;2;1;2;A01
201100032181;0;7;0;0;0;4;1;B01
201100032182;0;32;0;0;1;1;1;A01
201100032183;0;7;0;0;2;1;2;A01
201100032183;0;7;0;0;2;4;1;C01
201100032183;0;7;0;0;2;4;1;B01
201100032184;0;7;0;0;1;1;1;A01
201100032185;0;37;10;0;2;1;1;B01
201100032185;0;7;0;0;2;3;16;A01
201100032186;0;7;0;0;2;1;13;A01
201100032186;0;7;0;0;2;2;21;B01
201100032187;2;7;0;0;1;2;1;Z01
201100032188;0;7;0;8;0;1;1;A01
201100032189;0;2;0;0;2;2;17;B01
201100032189;0;7;0;0;2;6;15;A01
201100032190;0;32;0;0;0;0;1;B01
201100032190;0;7;0;0;2;0;15;A01
201100032191;0;7;0;0;2;2;1;B01
201100032191;0;7;0;0;2;3;9;A01
201100032192;0;7;0;0;1;4;4;A01
201100032193;0;7;0;0;2;3;1;B01
201100032193;0;7;0;0;2;1;1;A01
201100032194;0;2;0;0;2;1;2;A01
201100032194;0;7;0;0;0;4;23;B01
201100032195;0;7;0;0;2;8;15;B01
201100032195;0;33;0;0;2;1;1;A01
201100032196;0;7;0;0;2;1;1;B01
201100032196;0;7;0;0;2;8;13;A01
201100032197;0;33;0;0;2;1;1;B01
201100032197;0;7;0;0;2;1;13;A01
201100032198;0;7;0;0;1;1;1;A01
201100032199;0;7;0;0;1;1;16;A01
201100032200;0;7;0;0;1;2;14;A01
201100032201;0;2;0;0;2;8;1;B01
201100032201;0;7;0;0;2;1;9;A01
201100032202;0;7;0;15;0;5;13;A01
201100032203;0;7;0;0;2;8;1;B01
201100032203;0;3;0;0;2;1;13;A01
201100032204;0;33;0;0;2;8;13;A01
201100032204;0;7;0;0;2;8;1;B01
201100032205;0;7;0;0;2;1;15;A01
201100032205;0;33;0;0;2;8;1;B01
201100032206;0;7;0;0;1;0;20;A01
201100032207;0;7;0;0;0;1;14;A01
201100032208;0;33;0;0;0;8;2;A01
201100032209;0;33;0;0;2;1;1;A01
201100032209;0;7;0;0;2;1;1;B01
201100032210;0;7;0;0;9;1;1;C01
201100032210;0;7;0;0;2;1;15;A01
201100032210;0;7;0;0;2;3;1;B01
201100032211;0;7;0;0;2;1;13;A01
201100032211;0;7;0;0;2;1;1;B01
201100032212;1;7;0;0;1;1;1;A01
201100032213;0;1;0;0;2;1;15;B01
201100032213;0;7;0;0;2;5;16;A01
201100032214;0;7;0;1;2;1;1;A01
201100032215;0;7;0;0;2;1;1;A01
201100032215;0;7;0;0;2;4;23;B01
201100032216;0;7;0;0;1;1;15;A01
201100032217;0;7;0;0;2;1;1;B02
201100032217;0;7;0;0;2;1;15;A01
201100032218;0;10;0;0;1;1;1;A01
201100032219;0;7;0;0;1;1;1;A01
201100032220;0;7;0;8;0;1;15;A01
201100032221;0;1;0;0;2;1;1;A01
201100032221;0;7;0;0;2;1;14;B01
201100032222;0;30;0;0;2;1;14;B01
201100032222;0;7;0;0;2;2;15;A01
201100032223;0;1;0;0;2;1;15;A01
201100032223;0;7;0;0;2;1;16;B01
201100032224;0;7;0;0;2;3;13;A01
201100032224;0;7;0;0;2;8;1;B01
201100032225;0;7;0;0;2;1;13;A01
201100032225;0;7;0;0;2;1;1;B01
201100032226;0;33;0;0;2;1;1;B01
201100032226;0;7;0;0;2;2;15;A01
201100032227;0;1;0;0;2;1;15;A01
201100032227;0;7;0;0;2;7;15;B01
201100032228;0;1;0;0;2;8;15;B01
201100032228;0;15;0;0;2;2;1;A01
201100032229;0;7;0;0;1;1;1;A01
201100032230;0;7;0;1;0;1;13;A01
201100032231;0;7;0;0;2;2;15;A01
201100032231;0;30;0;0;2;1;13;B01
201100032232;0;7;0;0;1;1;1;A01
201100032233;2;7;0;0;2;1;1;B01
201100032233;0;7;0;1;2;7;1;A01
201100032234;0;33;0;0;2;1;1;B01
201100032234;0;7;0;0;2;3;15;A01
201100032235;0;1;0;0;2;8;1;B01
201100032235;0;17;0;0;2;2;17;A01
201100032236;0;32;0;0;6;1;1;B01
201100032237;0;7;0;0;0;6;1;C01
201100032237;0;33;0;0;2;1;1;B01
201100032237;0;7;0;0;2;7;15;A01
201100032238;0;7;0;0;2;8;15;A01
201100032238;0;7;0;0;2;2;15;B01
201100032239;0;1;0;0;2;1;13;A01
201100032239;0;34;0;0;2;1;1;B02
201100032240;0;2;0;0;2;1;1;B02
201100032240;0;7;0;0;2;2;15;A01
201100032241;0;2;0;0;2;1;1;B01
201100032241;0;7;0;0;2;8;1;A01
201100032242;0;7;0;0;2;3;9;A01
201100032242;0;2;0;0;2;1;17;B01
201100032243;0;30;0;0;2;1;1;A01
201100032243;0;7;0;0;2;4;1;B01
201100032244;0;7;0;0;2;5;15;A01
201100032244;0;34;0;0;2;1;1;B01
201100032245;0;7;0;0;2;1;15;A01
201100032245;0;7;0;0;2;1;1;B01
201100032246;0;7;0;0;1;1;1;A01
201100032247;0;7;0;13;0;1;1;A01
201100032248;0;7;0;11;0;1;6;A01
201100032249;0;7;0;0;1;2;1;A01
201100032250;0;7;0;0;2;1;15;A01
201100032250;0;7;0;0;2;2;16;B01
201100032251;0;7;0;0;2;3;17;A01
201100032251;0;2;0;0;2;3;1;B02
201100032252;0;7;0;0;2;1;1;A01
201100032252;0;7;0;0;2;2;9;B02
201100032253;0;7;0;2;0;8;1;A01
201100032254;0;7;0;0;2;4;15;B02
201100032254;0;31;0;0;2;1;17;A01
201100032255;1;7;0;0;9;2;2;A01
201100032255;0;1;0;0;2;6;2;B02
201100032256;0;7;0;0;2;2;2;A01
201100032256;0;30;0;3;0;4;2;B01
201100032257;0;7;0;0;2;3;15;A01
201100032257;0;2;0;0;2;1;1;B01
201100032258;0;7;0;0;1;1;20;A01
201100032259;0;10;0;0;0;7;2;A01
201100032259;0;33;0;0;2;1;18;B01
201100032260;0;32;0;11;0;1;17;A01
201100032261;0;30;0;0;1;0;1;A01
201100032262;0;2;0;9;0;8;13;A01
201100032263;0;31;0;0;2;3;17;B01
201100032263;0;7;0;0;0;5;15;A01
201100032264;0;7;0;12;0;9;1;A01
201100032264;0;7;0;0;2;2;1;B01
201100032265;0;7;0;0;2;3;15;A01
201100032265;0;1;0;0;2;1;19;B01
201100032266;0;7;0;0;0;9;13;A01
201100032267;0;7;0;2;0;1;14;A01
201100032268;0;7;0;0;2;3;13;A01
201100032268;0;33;0;0;2;1;1;B01
201100032269;0;33;0;0;6;7;0;A01
201100032270;0;7;0;0;2;3;13;B01
201100032270;0;7;0;0;2;3;1;A01
201100032271;0;7;0;0;2;1;2;A01
201100032271;0;7;0;0;0;4;2;B01
201100032271;0;7;0;0;0;3;5;C01
201100032272;0;7;0;0;1;1;1;A01
201100032273;0;7;0;0;2;8;1;B01
201100032273;0;7;0;0;2;1;1;A01
201100032274;0;7;0;0;2;3;1;B01
201100032274;0;10;0;0;2;3;1;C01
201100032274;0;10;0;0;2;3;13;A01
201100032275;0;7;0;0;2;3;1;B01
201100032275;0;7;0;0;2;3;9;A01
201100032276;0;7;0;0;1;0;1;A01
201100032277;0;7;0;0;2;3;5;A01
201100032277;0;7;0;0;2;3;1;B01
201100032278;0;7;0;0;2;1;2;A01
201100032278;0;33;0;0;0;4;2;C01
201100032278;0;33;0;0;0;4;2;B01
201100032279;0;7;0;0;1;2;1;A01
201100032280;0;7;0;0;0;1;1;A01
201100032281;0;7;0;0;0;0;1;A01
201100032282;0;33;0;0;2;1;0;A01
201100032282;0;7;0;0;0;2;23;B01
201100032283;0;7;0;0;2;1;1;A01
201100032283;0;7;0;0;2;8;1;B01
201100032284;0;7;0;0;1;1;1;A01
201100032285;0;7;0;0;1;4;20;A01
201100032286;0;7;0;0;1;1;1;A01
201100032287;0;2;0;16;0;0;1;A01
201100032288;0;7;0;0;1;1;1;A01
201100032289;0;7;0;0;2;1;2;A01
201100032289;0;7;0;0;2;4;1;B01
201100032290;0;2;0;0;2;7;17;B01
201100032290;0;7;0;0;2;3;15;A01
201100032291;0;7;0;0;2;1;2;A01
201100032291;0;7;0;0;2;4;2;B01
201100032291;0;7;0;0;2;4;2;C01
201100032292;0;2;0;0;2;0;2;A01
201100032292;0;1;0;0;2;4;2;B01
201100032293;0;7;0;0;1;8;1;A01
201100032294;0;37;1;0;2;2;16;A01
201100032294;0;1;0;0;2;1;1;B01
201100032295;0;1;0;0;2;1;1;B01
201100032295;0;7;0;0;2;1;15;A01
201100032296;0;7;0;0;1;1;15;A01
201100032297;0;7;0;0;2;2;15;A01
201100032297;0;7;0;0;2;1;1;B01
201100032298;0;1;0;14;0;1;1;A01
201100032299;0;7;0;15;0;1;16;A01
201100032300;0;7;0;0;2;1;2;A01
201100032300;0;7;0;0;2;4;2;B01
201100032301;0;7;0;0;2;1;15;A01
201100032301;0;7;0;0;2;3;1;B01
201100032302;0;33;0;0;2;1;2;A01
201100032302;0;7;0;0;2;4;2;B01
201100032303;0;7;0;0;2;9;17;A01
201100032303;0;7;0;0;2;3;15;B01
201100032304;0;1;0;1;2;1;1;A01
201100032304;0;3;0;0;2;3;15;B01
201100032305;0;7;0;0;2;1;1;A01
201100032305;0;7;0;0;2;4;23;B01
201100032306;0;7;0;0;1;1;1;A01
201100032307;0;7;0;0;2;2;13;A01
201100032307;0;2;0;0;2;1;1;B01
201100032308;0;7;0;0;2;1;1;B01
201100032308;0;99;0;0;2;2;1;A01
201100032309;0;2;0;0;1;1;1;A01
201100032310;0;7;0;0;2;7;1;B01
201100032310;0;7;0;0;2;3;1;A01
201100032311;0;7;0;0;2;1;1;A01
201100032311;0;14;0;0;2;4;15;B01
201100032312;0;7;0;0;2;1;1;A01
201100032312;0;38;1;0;2;4;2;B01
201100032313;0;7;0;0;2;1;1;A01
201100032313;0;1;0;0;2;4;2;B01
201100032314;0;30;0;0;2;7;1;B01
201100032314;0;7;0;0;2;1;15;A01
201100032315;0;30;0;2;0;2;9;A01
201100032316;0;1;0;16;0;0;1;A01
201100032317;0;33;0;0;2;1;1;A01
201100032317;0;7;0;0;2;8;15;B01
201100032318;0;7;0;3;2;2;9;A01
201100032318;0;13;0;0;2;1;1;B01
201100032319;0;1;0;16;0;1;1;A01
201100032320;0;7;0;0;1;2;1;A01
201100032321;0;7;0;0;2;1;1;B01
201100032321;0;7;0;0;2;7;1;A01
201100032322;0;7;0;4;0;1;1;A01
201100032323;0;7;0;2;0;3;1;A01
201100032324;0;2;0;0;2;1;1;A01
201100032324;0;7;0;0;0;4;23;B01
201100032325;0;30;0;16;0;2;6;A01
201100032326;0;7;0;0;2;3;19;A01
201100032326;0;7;0;1;2;1;1;B01
201100032327;0;2;0;16;0;7;1;A01
201100032328;0;7;0;0;1;2;1;A01
201100032329;0;7;0;0;2;1;2;A01
201100032329;0;7;0;0;2;4;2;B01
201100032330;0;7;0;0;2;1;2;A01
201100032330;0;7;0;0;2;1;2;B01
201100032330;0;7;0;0;2;4;2;C01
201100032331;0;10;0;0;2;2;1;A01
201100032331;0;7;0;0;2;8;23;B01
201100032331;0;7;0;0;2;5;23;C01
201100032331;0;7;0;0;2;8;23;D01
201100032331;0;7;0;0;2;4;23;E01
201100032332;0;1;0;14;0;1;1;A01
201100032333;0;10;0;0;1;4;4;A01
201100032334;0;30;0;0;2;1;2;A01
201100032334;0;7;0;0;2;4;2;B01
201100032335;0;2;0;0;2;1;1;A01
201100032335;0;30;0;0;2;8;15;B01
201100032336;0;7;0;1;0;1;1;A01
201100032337;0;7;0;0;1;6;4;A01
201100032338;0;7;0;0;2;3;10;A01
201100032338;0;7;0;0;2;9;1;B01
201100032338;0;30;0;0;2;7;1;C01
201100032339;0;7;0;0;2;1;9;A01
201100032339;0;7;0;0;2;8;9;B01
201100032340;0;7;0;0;2;1;1;A01
201100032341;0;7;0;0;1;2;1;A01
201100032342;0;7;0;0;2;1;15;A01
201100032342;0;1;0;0;2;1;1;B01
201100032343;0;7;0;0;2;3;1;A01
201100032343;0;7;0;0;2;8;15;B01
201100032344;0;7;0;0;2;2;21;A01
201100032344;0;7;0;0;2;0;23;B01
201100032345;0;7;0;0;2;8;1;B01
201100032345;1;7;0;0;2;0;15;A01
201100032346;0;30;0;16;0;0;1;A01
201100032347;0;7;0;0;0;0;13;A01
201100032347;0;33;0;14;2;7;1;B01
201100032348;0;10;0;0;2;2;16;A01
201100032348;0;1;0;0;2;1;1;B01
201100032349;0;7;0;0;1;1;1;A01
201100032350;0;7;0;0;1;2;11;A01
201100032351;0;7;0;2;0;7;1;A01
201100032352;0;7;0;0;2;1;1;A01
201100032352;0;1;0;0;2;4;2;B01
201100032353;0;30;0;0;2;0;1;B01
201100032353;0;7;0;0;2;3;15;A01
201100032354;0;7;0;0;2;0;9;A01