num_acc;senc;catv;occutc;obs;obsm;choc;manv;num_veh
201100032354;0;30;0;0;2;1;1;B01
201100032355;0;1;0;0;0;0;0;A01
201100032356;0;7;0;1;0;1;1;A01
201100032357;0;7;0;0;2;2;15;A01
201100032357;0;1;0;0;2;1;1;B01
201100032358;0;7;0;0;9;7;0;A01
201100032359;0;7;0;0;2;1;1;A01
201100032359;2;1;0;0;2;4;1;B01
201100032360;0;30;0;1;2;1;1;A01
201100032361;0;33;0;0;2;1;17;A01
201100032361;0;7;0;0;2;1;1;B01
201100032362;0;7;0;0;2;1;15;A01
201100032362;0;7;0;0;2;1;1;B01
201100032363;0;7;0;0;1;3;1;A01
201100032364;0;7;0;0;1;1;1;A01
201100032365;0;1;0;0;0;0;1;A01
201100032366;0;30;0;0;2;2;6;A01
201100032366;0;10;0;0;2;3;15;B01
201100032367;0;30;0;1;0;2;0;A01
201100032368;0;37;1;0;1;2;1;A01
201100032369;0;7;0;0;1;1;1;A01
201100032370;0;7;0;0;2;2;15;A01
201100032370;0;33;0;0;2;6;1;B01
201100032371;0;7;0;0;2;3;9;A01
201100032371;0;30;0;0;2;1;9;B01
201100032372;0;7;0;9;0;1;0;A01
201100032373;0;30;0;16;0;8;1;A01
201100032374;0;33;0;0;2;1;1;A01
201100032374;0;7;0;0;2;4;1;B01
201100032374;0;7;0;0;0;0;20;C01
201100032375;0;1;0;0;2;4;1;B01
201100032375;0;7;0;0;2;3;9;A01
201100032376;0;7;0;0;2;2;16;A01
201100032376;0;7;0;0;2;3;1;B01
201100032377;0;7;0;0;2;1;1;A01
201100032377;0;33;0;0;2;4;1;B01
201100032378;0;7;0;0;2;2;1;A01
201100032378;0;7;0;0;2;7;1;B01
201100032379;0;1;0;0;2;1;1;A01
201100032379;0;7;0;0;2;5;1;B01
201100032380;0;7;0;0;2;3;1;B01
201100032380;0;1;0;0;2;8;1;A01
201100032381;0;7;0;0;1;1;1;A01
201100032382;0;7;0;0;1;1;15;A01
201100032383;0;33;0;16;0;7;15;A01
201100032384;0;7;0;0;1;2;1;A01
201100032385;0;7;0;0;2;1;1;A01
201100032385;0;7;0;0;2;4;1;B01
201100032386;0;2;0;0;2;3;1;A01
201100032386;0;7;0;0;2;2;1;B01
201100032387;0;7;0;0;2;1;17;A01
201100032387;0;7;0;0;2;3;15;B01
201100032388;0;30;0;0;2;1;1;A01
201100032388;0;7;0;0;2;5;16;B01
201100032389;0;7;0;0;2;1;1;A01
201100032389;0;7;0;0;2;4;15;B01
201100032390;0;31;0;0;2;2;17;A01
201100032390;0;7;0;0;2;6;15;B01
201100032391;0;7;0;0;1;1;1;A01
201100032392;0;1;0;0;0;0;1;A01
201100032393;0;2;0;0;0;0;16;A01
201100032394;0;7;0;0;2;4;20;A01
201100032394;0;2;0;0;2;8;1;B01
201100032395;0;30;0;0;2;1;1;A01
201100032395;0;7;0;0;2;4;1;B01
201100032396;0;2;0;0;2;8;17;A01
201100032396;0;30;0;0;2;8;15;B01
201100032397;0;7;0;0;2;8;9;A01
201100032397;0;33;0;0;2;1;1;B01
201100032398;0;1;0;0;2;1;1;A01
201100032398;0;7;0;0;2;3;9;B01
201100032399;0;7;0;0;2;1;1;A01
201100032399;0;2;0;0;2;4;1;B01
201100032400;0;7;0;0;2;1;1;A01
201100032400;0;7;0;0;2;4;1;B01
201100032401;0;1;0;0;2;0;1;B01
201100032402;2;7;0;0;2;4;9;A01
201100032402;0;7;0;0;2;4;1;B01
201100032403;0;1;0;0;2;8;19;A01
201100032403;0;7;0;0;2;1;1;B01
201100032404;0;7;0;0;2;1;1;A01
201100032404;0;7;0;0;2;4;1;B01
201100032404;0;7;0;0;2;4;1;C01
201100032405;0;30;0;0;2;8;15;A01
201100032405;0;1;0;0;2;1;1;B01
201100032406;0;1;0;0;0;1;1;A01
201100032407;0;30;0;0;2;1;1;A01
201100032407;0;7;0;0;2;7;1;B01
201100032408;0;7;0;0;2;1;9;A01
201100032408;0;2;0;0;2;0;1;B01
201100032409;0;7;0;0;2;8;1;A01
201100032409;0;1;0;0;2;1;15;B01
201100032410;0;7;0;0;2;3;9;A01
201100032410;0;7;0;0;2;2;1;B01
201100032411;1;7;0;0;2;1;1;A01
201100032411;0;30;0;0;2;4;1;B01
201100032412;0;7;0;0;1;2;1;A01
201100032413;0;7;0;0;2;3;1;A01
201100032413;0;1;0;0;2;8;19;B01
201100032414;0;7;0;0;2;7;1;A01
201100032414;0;2;0;0;2;9;13;B01
201100032415;0;7;0;0;2;1;9;A01
201100032415;0;33;0;0;2;4;1;B01
201100032416;0;7;0;0;2;1;15;A01
201100032416;0;1;0;0;2;1;1;B01
201100032417;0;3;0;0;2;1;16;A01
201100032417;0;37;1;0;2;6;24;B01
201100032418;0;30;0;0;2;1;15;A01
201100032418;0;7;0;0;2;2;17;B01
201100032419;0;7;0;1;2;1;9;A01
201100032419;0;33;0;0;2;7;1;B01
201100032420;0;2;0;0;1;1;1;A01
201100032421;0;7;0;0;1;3;1;A01
201100032422;0;2;0;11;0;1;1;A01
201100032423;0;7;0;0;0;1;1;A01
201100032424;0;7;0;0;2;3;15;A01
201100032424;0;33;0;0;2;3;1;B01
201100032425;0;7;0;0;2;1;1;A01
201100032425;0;7;0;0;2;8;1;B01
201100032426;0;7;0;0;2;1;1;B01
201100032426;0;7;0;0;2;7;15;A01
201100032427;0;7;0;0;2;1;1;A01
201100032427;0;7;0;0;2;4;20;B01
201100032428;0;7;0;14;0;1;1;A01
201100032429;0;1;0;0;0;0;1;A01
201100032430;0;2;0;0;2;1;1;A01
201100032430;0;10;0;0;2;4;23;B01
201100032431;0;7;0;1;0;1;19;A01
201100032432;0;7;0;1;0;1;14;A01
201100032433;0;2;0;16;0;7;1;A01
201100032434;0;33;0;3;0;3;1;A01
201100032434;0;7;0;0;0;0;1;B01
201100032435;0;33;0;16;0;7;16;A01
201100032436;0;31;0;0;0;3;1;A01
201100032437;0;1;0;16;0;0;1;A01
201100032438;0;7;0;0;2;3;16;A01
201100032438;0;2;0;0;2;1;13;B01
201100032439;0;7;0;0;1;1;1;A01
201100032440;0;33;0;0;2;1;1;A01
201100032440;0;7;0;0;2;3;10;B01
201100032441;0;1;0;14;0;0;1;A01
201100032442;0;7;0;1;0;1;1;A01
201100032442;0;7;0;0;2;6;24;B01
201100032443;0;2;0;0;2;3;13;A01
201100032443;0;7;0;0;2;7;1;B01
201100032444;0;7;0;2;0;1;1;A01
201100032445;0;7;0;2;0;1;1;A01
201100032446;0;7;0;0;2;1;1;A01
201100032446;0;7;0;0;2;4;23;B01
201100032447;0;37;1;0;2;1;1;A01
201100032447;0;7;0;0;2;1;1;B01
201100032448;0;7;0;0;2;1;9;A01
201100032448;0;33;0;0;2;5;1;B01
201100032449;0;2;0;12;0;1;9;A01
201100032450;0;14;0;0;1;5;1;A01
201100032451;0;7;0;0;2;1;2;A01
201100032451;0;7;0;0;0;4;2;B01
201100032452;0;30;0;0;2;1;1;A01
201100032452;0;7;0;0;2;4;1;B01
201100032453;0;34;0;0;1;1;1;A01
201100032454;0;7;0;0;2;7;1;A01
201100032454;0;1;0;0;2;8;1;B01
201100032455;0;1;0;0;0;0;1;A01
201100032456;0;33;0;0;0;0;1;A01
201100032457;0;1;0;0;0;0;1;A01
201100032458;0;7;0;0;2;5;1;A01
201100032458;0;32;0;0;2;3;1;B01
201100032459;0;7;0;0;2;1;2;A01
201100032459;0;30;0;0;0;0;1;B01
201100032460;0;7;0;0;2;1;1;A01
201100032460;0;1;0;0;2;4;1;B01
201100032461;0;7;0;0;2;7;16;A01
201100032461;0;7;0;0;2;3;1;B01
201100032462;0;7;0;0;2;3;15;A01
201100032462;0;30;0;0;2;3;1;B01
201100032463;0;3;0;0;0;0;1;A01
201100032464;0;1;0;0;0;0;1;A01
201100032465;0;7;0;0;2;1;1;A01
201100032465;0;7;0;0;2;4;1;B01
201100032466;0;7;0;0;2;1;9;A01
201100032466;0;1;0;0;2;4;1;B01
201100032467;0;7;0;7;0;1;1;A01
201100032468;0;1;0;12;0;0;9;A01
201100032469;0;1;0;12;0;0;0;A01
201100032470;0;7;0;0;1;2;1;A01
201100032471;0;1;0;0;2;1;1;A01
201100032471;0;7;0;0;2;4;1;B01
201100032472;1;2;0;0;2;1;1;A01
201100032472;0;2;0;0;2;4;1;B01
201100032473;0;33;0;0;2;1;1;A01
201100032473;0;7;0;0;2;5;1;B01
201100032473;0;7;0;0;2;3;1;C01
201100032474;0;33;0;0;0;0;1;A01
201100032475;0;7;0;0;2;0;0;A01
201100032475;0;1;0;0;2;0;0;B01
201100032476;0;7;0;0;2;0;1;A01
201100032477;0;7;0;1;1;2;1;A01
201100032478;0;7;0;0;2;1;1;A01
201100032478;0;1;0;0;2;7;1;B01
201100032479;0;7;0;0;2;1;1;A01
201100032479;0;7;0;0;2;4;1;B01
201100032479;0;7;0;0;2;4;1;C01
201100032480;0;2;0;0;0;0;1;A01
201100032481;0;7;0;0;2;1;1;A01
201100032481;0;1;0;0;2;1;1;B01
201100032482;0;1;0;0;2;7;2;A01
201100032482;0;14;0;0;9;7;2;B01
201100032483;0;7;0;0;2;7;15;A01
201100032483;0;33;0;0;2;1;1;B01
201100032484;0;7;0;0;1;1;15;A01
201100032485;0;2;0;0;0;0;1;A01
201100032486;1;7;0;0;2;1;1;A01
201100032486;0;7;0;0;2;4;1;B01
201100032487;0;30;0;0;9;8;0;A01
201100032488;0;1;0;0;0;0;0;A01
201100032489;0;1;0;0;1;2;1;A01
201100032490;0;7;0;0;1;2;1;A01
201100032491;0;7;0;0;2;1;1;A01
201100032491;0;7;0;0;2;4;23;B01
201100032491;0;7;0;0;2;4;23;C01
201100032491;0;7;0;0;2;4;23;D01
201100032491;0;7;0;0;2;4;23;E01
201100032492;0;30;0;0;2;1;1;A01
201100032492;0;7;0;0;2;4;1;B01
201100032493;0;7;0;1;0;1;1;A01
201100032494;0;33;0;8;0;1;1;A01
201100032495;0;1;0;0;2;1;1;A01
201100032495;0;7;0;0;2;8;1;B01
201100032496;0;2;0;0;0;0;1;A01
201100032497;0;7;0;0;2;1;15;A01
201100032497;0;7;0;0;2;1;1;B01
201100032498;0;7;0;4;0;1;1;A01
201100032499;0;7;0;0;2;3;11;A01
201100032499;0;33;0;0;2;8;1;B01
201100032500;0;7;0;0;2;7;15;A01
201100032500;0;7;0;0;2;1;1;B01
201100032501;0;30;0;0;0;0;1;A01
201100032502;0;7;0;0;2;1;1;A01
201100032502;0;7;0;0;2;4;1;B01
201100032502;0;7;0;0;2;4;1;C01
201100032503;0;2;0;0;2;1;17;A01
201100032503;0;7;0;0;2;3;1;B01
201100032503;0;7;0;0;2;4;23;C01
201100032504;0;7;0;0;1;2;1;A01
201100032505;0;7;0;0;2;3;15;A01
201100032505;0;7;0;0;2;1;1;B01
201100032506;0;30;0;0;0;0;1;A01
201100032507;0;30;0;0;2;1;1;A01
201100032507;0;7;0;0;2;4;1;B01
201100032508;0;30;0;0;0;2;1;A01
201100032509;0;7;0;0;2;5;13;A01
201100032509;0;7;0;0;2;3;1;B01
201100032510;0;7;0;0;0;0;0;A01
201100032510;0;7;0;0;0;0;0;B01
201100032510;0;7;0;0;0;0;0;C01
201100032511;0;7;0;0;2;1;9;A01
201100032511;0;7;0;0;2;7;1;B01
201100032512;0;7;0;0;2;5;15;A01
201100032512;0;31;0;0;2;1;1;B01
201100032513;0;1;0;0;0;0;1;A01
201100032514;0;7;0;0;1;3;1;A01
201100032515;0;1;0;0;2;1;1;B01
201100032515;0;7;0;0;2;2;15;A01
201100032516;0;2;0;0;0;0;1;A01
201100032517;0;7;0;0;1;2;1;A01
201100032518;0;33;0;0;0;4;0;A01
201100032519;0;7;0;0;1;3;0;A01
201100032519;0;1;0;0;2;1;1;B01
201100032520;0;7;0;0;2;1;2;A01
201100032520;0;7;0;0;2;4;2;B01
201100032521;0;7;0;0;1;1;11;A01
201100032522;0;7;0;0;2;2;1;A01
201100032522;0;1;0;0;2;1;1;B01
201100032523;0;2;0;0;0;0;1;A01
201100032524;0;7;0;0;4;1;1;A01
201100032524;0;40;1;0;2;2;1;B01
201100032525;0;1;0;0;0;1;1;A01
201100032526;0;7;0;0;2;1;1;A01
201100032526;0;33;0;0;2;3;1;B01
201100032527;0;7;0;0;2;1;1;A01
201100032527;0;7;0;0;2;4;1;B01
201100032528;0;7;0;0;2;1;0;A01
201100032528;0;7;0;0;2;4;0;B01
201100032529;0;7;0;0;1;3;15;A01
201100032529;0;33;0;0;2;3;1;B01
201100032530;0;2;0;0;0;0;1;A01
201100032531;0;7;0;0;2;1;1;A01
201100032531;0;7;0;0;2;4;1;B01
201100032531;0;7;0;0;2;4;1;C01
201100032532;0;1;0;0;2;1;15;A01
201100032532;0;1;0;0;2;4;17;B01
201100032533;0;7;0;0;2;7;1;A01
201100032533;0;2;0;0;2;1;1;B01
201100032534;0;7;0;0;2;3;10;A01
201100032534;0;2;0;0;2;2;1;B01
201100032535;1;7;0;0;0;0;20;A01
201100032535;0;2;0;0;0;0;21;B01
201100032536;0;2;0;0;0;0;1;A01
201100032537;0;1;0;0;0;0;1;A01
201100032538;0;40;1;0;1;1;1;A01
201100032539;0;2;0;0;2;7;1;A01
201100032539;0;7;0;0;2;3;15;B01
201100032540;0;1;0;0;2;0;1;A01
201100032540;0;37;1;0;2;5;1;B01
201100032541;1;31;0;0;1;0;1;A01
201100032542;0;7;0;0;0;0;1;A01
201100032543;0;7;0;0;2;5;15;A01
201100032543;0;33;0;0;2;7;1;B01
201100032544;0;7;0;0;2;1;1;A01
201100032544;0;7;0;0;2;4;1;B01
201100032545;0;7;0;0;2;1;1;A01
201100032545;0;7;0;0;2;4;1;B01
201100032546;0;7;0;0;2;3;1;A01
201100032546;0;1;0;0;2;1;1;B01
201100032547;0;32;0;0;0;0;0;A01
201100032548;0;2;0;6;0;1;1;A01
201100032549;0;2;0;0;2;3;1;A01
201100032549;0;7;0;0;2;5;1;B01
201100032550;0;1;0;0;1;1;1;A01
201100032551;0;30;0;0;0;0;1;A01
201100032552;0;7;0;0;2;3;9;A01
201100032552;0;2;0;0;2;1;1;B01
201100032553;0;7;0;0;2;1;13;A01
201100032553;0;7;0;0;2;1;1;B01
201100032554;0;7;0;0;1;1;15;A01
201100032555;0;40;1;0;1;3;1;A01
201100032556;0;7;0;0;2;1;1;A01
201100032556;0;10;0;0;2;1;1;B01
201100032557;0;7;0;0;0;0;1;A01
201100032558;0;2;0;0;0;7;1;A01
201100032559;0;7;0;0;1;2;1;A01
201100032560;0;2;0;0;0;0;1;A01
201100032561;0;2;0;0;0;0;1;A01
201100032562;0;7;0;0;2;1;1;A01
201100032562;0;1;0;0;2;4;1;B01
201100032563;0;7;0;0;2;3;1;A01
201100032563;0;7;0;0;2;1;1;B01
201100032564;0;7;0;0;0;0;1;A01
201100032565;0;7;0;0;0;0;1;A01
201100032566;0;7;0;0;2;1;1;A01
201100032566;0;7;0;0;2;1;1;B01
201100032567;0;7;0;0;2;5;15;A01
201100032567;0;30;0;0;2;1;1;B01
201100032568;0;7;0;0;1;1;15;A01
201100032569;0;7;0;0;2;7;17;A01
201100032569;0;2;0;0;2;1;10;B01
201100032570;0;7;0;4;0;1;1;A01
201100032571;0;1;0;0;2;1;15;A01
201100032571;0;7;0;0;2;3;1;B01
201100032572;0;1;0;0;0;0;19;A01
201100032573;0;7;0;12;0;0;1;A01
201100032574;0;13;0;14;0;9;1;A01
201100032575;0;30;0;0;2;3;1;A01
201100032575;0;7;0;0;2;7;11;B01
201100032576;0;7;0;0;0;3;0;A01
201100032576;0;7;0;0;2;1;1;B01
201100032577;0;7;0;0;2;2;15;A01
201100032577;0;33;0;0;2;1;1;B01
201100032578;0;7;0;0;2;3;1;B01
201100032578;0;7;0;0;2;2;1;A01
201100032579;0;7;0;0;2;2;0;A01
201100032579;0;30;0;0;2;1;0;B01
201100032580;0;7;0;6;0;0;0;A01
201100032581;0;7;0;0;2;1;1;A01
201100032581;0;7;0;1;2;5;0;B01
201100032582;0;7;0;0;1;4;4;A01
201100032583;0;7;0;0;2;1;2;A01
201100032583;0;7;0;0;2;4;23;B01
201100032584;0;7;0;0;2;1;11;A01
201100032584;0;2;0;0;2;7;1;B01
201100032585;0;7;0;0;2;2;0;A01
201100032585;0;33;0;0;0;8;0;B01
201100032586;0;7;0;0;2;1;1;A01
201100032586;0;7;0;0;2;1;15;B01
201100032587;0;7;0;0;1;2;0;A01
201100032588;0;1;0;0;2;8;1;A01
201100032588;0;7;0;0;2;1;1;B01
201100032589;0;7;0;0;4;2;1;A01
201100032589;0;40;1;0;2;1;1;B01
201100032590;0;1;0;0;2;1;1;A01
201100032590;1;1;0;0;1;1;1;Z01
201100032591;0;7;0;0;2;6;0;A01
201100032591;0;1;0;0;2;7;0;B01
201100032592;0;7;0;0;2;7;15;A01
201100032592;0;2;0;0;2;8;1;B01
201100032593;0;7;0;0;0;6;1;A01
201100032594;0;10;0;0;1;3;15;A01
201100032595;1;2;0;0;2;1;15;A01
201100032595;0;1;0;0;2;1;1;B01
201100032596;0;30;0;0;0;0;1;A01
201100032597;0;1;0;1;0;1;1;A01
201100032598;0;7;0;4;0;1;1;A01
201100032599;0;30;0;0;0;1;1;A01
201100032600;0;7;0;0;2;2;0;A01
201100032600;0;2;0;0;2;2;0;B01
201100032601;0;30;0;0;0;0;0;A01
201100032602;0;7;0;0;0;4;0;A01
201100032602;0;30;0;0;2;1;1;B01
201100032603;0;32;0;0;2;1;1;A01
201100032603;0;15;0;0;2;4;23;B01
201100032604;0;7;0;0;2;1;1;A01
201100032604;0;1;0;0;2;8;1;B01
201100032605;0;1;0;0;0;0;0;A01
201100032606;0;7;0;0;2;1;21;A01
201100032606;0;30;0;0;2;1;1;B01
201100032607;0;7;0;0;1;0;20;A01
201100032608;0;1;0;12;0;0;1;A01
201100032609;0;7;0;0;2;1;1;A01
201100032609;0;7;0;0;2;4;1;B01
201100032609;0;7;0;0;2;4;1;C01
201100032610;0;7;0;9;0;1;0;A01
201100032611;0;7;0;0;2;1;1;A01
201100032611;0;7;0;0;2;4;1;B01
201100032611;0;7;0;0;2;4;1;C01
201100032611;0;7;0;0;2;4;1;D01
201100032612;0;7;0;0;2;7;1;A01
201100032612;0;7;0;0;2;1;1;B01
201100032613;0;1;0;0;0;0;1;A01
201100032614;0;30;0;0;2;1;1;A01
201100032614;0;7;0;0;2;1;1;B01
201100032615;0;7;0;0;2;8;20;A01
201100032615;0;1;0;0;2;8;1;B01
201100032616;0;30;0;0;0;0;1;A01
201100032617;0;7;0;0;2;1;1;A01
201100032617;0;7;0;0;2;4;1;B01
201100032618;0;1;0;0;2;1;1;A01
201100032618;0;7;0;0;2;4;1;B01
201100032619;0;7;0;0;2;1;15;A01
201100032619;0;1;0;0;2;7;1;B01
201100032620;0;2;0;0;0;0;1;A01
201100032621;0;2;0;0;0;0;1;A01
201100032622;0;7;0;6;0;1;1;A01
201100032623;0;1;0;12;0;1;1;A01
201100032624;0;30;0;0;2;1;2;A01
201100032625;0;7;0;0;2;1;1;A01
201100032625;0;1;0;0;2;4;10;B01
201100032626;0;30;0;0;1;1;0;A01
201100032627;0;1;0;0;0;0;1;A01
201100032628;0;33;0;0;2;1;1;A01
201100032628;0;7;0;0;2;4;1;B01
201100032629;0;7;0;3;0;1;0;A01
201100032630;0;7;0;2;0;1;1;A01
201100032631;0;7;0;0;2;1;15;A01
201100032631;0;7;0;0;2;7;1;B01
201100032632;0;7;0;0;1;1;1;A01
201100032633;0;7;0;0;2;3;1;A01
201100032633;0;2;0;0;2;1;10;B01
201100032634;0;7;0;0;2;4;4;A01
201100032634;0;30;0;0;2;1;1;B01
201100032635;0;7;0;0;2;2;15;A01
201100032635;0;30;0;0;2;7;1;B01
201100032636;0;7;0;0;2;7;17;A01
201100032636;0;30;0;0;2;1;1;B01
201100032637;0;7;0;0;2;7;16;A01
201100032637;0;1;0;0;2;1;1;B01
201100032638;0;1;0;0;2;7;15;A01
201100032638;0;7;0;0;2;1;1;B01
201100032639;0;2;0;0;0;0;1;A01
201100032640;0;7;0;0;2;1;1;A01
201100032640;0;1;0;0;2;7;19;B01
201100032641;0;2;0;0;2;1;1;A01
201100032641;0;7;0;0;2;4;15;B01
201100032642;0;7;0;0;2;1;1;A01
201100032642;0;7;0;0;2;4;2;B01
201100032642;0;7;0;0;2;4;2;C01
201100032643;0;30;0;0;2;7;1;B01
201100032643;1;99;0;0;2;8;9;Z01
201100032644;0;30;0;0;0;0;0;A01
201100032645;0;7;0;0;1;1;16;A01
201100032646;0;7;0;0;2;7;16;A01
201100032646;0;2;0;0;0;8;1;B01
201100032647;0;1;0;0;2;1;15;A01
201100032647;0;7;0;0;2;3;1;B01
201100032648;0;7;0;0;2;8;15;A01
201100032648;0;2;0;0;2;1;1;B01
201100032649;0;7;0;0;2;1;1;A01
201100032649;0;7;0;0;2;4;1;B01
201100032650;0;7;0;0;2;3;0;A01
201100032650;0;33;0;0;2;7;0;B01
201100032651;0;7;0;0;2;1;2;A01
201100032651;0;7;0;0;2;4;2;B01
201100032652;0;7;0;0;2;1;1;A01
201100032652;0;7;0;0;2;4;1;B01
201100032652;0;7;0;0;2;4;1;C01
201100032653;0;7;0;0;2;8;10;A01
201100032653;0;7;0;0;2;2;1;B01
201100032654;0;7;0;0;2;3;13;A01
201100032654;0;33;0;0;2;1;1;B01
201100032655;0;7;0;0;2;1;2;A01
201100032655;0;7;0;0;2;4;2;B01
201100032655;0;7;0;0;2;4;2;C01
201100032656;0;2;0;0;2;0;1;A01
201100032656;0;7;0;0;2;4;1;B01
201100032657;0;7;0;0;2;1;9;A01
201100032657;0;1;0;0;2;7;1;B01
201100032658;0;2;0;0;0;0;1;A01
201100032659;0;1;0;0;0;0;1;A01
201100032660;0;7;0;0;0;0;1;A01
201100032661;0;7;0;0;2;3;15;A01
201100032661;0;30;0;0;2;1;1;B01
201100032662;0;1;0;0;1;1;1;A01
201100032663;0;7;0;0;2;1;18;A01
201100032663;0;33;0;0;2;8;1;B01
201100032664;0;7;0;0;1;1;1;A01
201100032665;0;2;0;13;0;0;1;A01
201100032666;0;7;0;0;2;7;15;A01
201100032666;0;30;0;0;2;1;1;B01
201100032667;0;1;0;1;0;0;1;A01
201100032668;0;7;0;0;2;1;15;A01
201100032668;0;7;0;0;2;2;1;B01
201100032669;0;7;0;0;2;2;20;A01
201100032669;0;1;0;0;2;8;1;B01
201100032670;0;7;0;0;2;1;20;A01
201100032670;0;7;0;0;2;1;1;B01
201100032671;0;7;0;0;2;2;16;A01
201100032671;0;1;0;0;2;8;1;B01
201100032672;0;7;0;0;2;7;22;A01
201100032672;0;31;0;1;0;8;1;B01
201100032673;0;7;0;0;2;1;15;A01
201100032673;0;2;0;0;2;8;1;B01
201100032674;0;1;0;0;0;0;1;A01
201100032675;0;7;0;0;2;1;15;A01
201100032675;0;1;0;0;2;8;1;B01
201100032676;0;2;0;0;0;0;1;A01
201100032677;0;7;0;0;2;2;1;A01
201100032677;0;7;0;0;2;1;1;B01
201100032678;0;7;0;0;2;2;15;A01
201100032678;0;7;0;0;2;1;1;B01
201100032679;0;7;0;0;2;1;16;A01
201100032679;0;1;0;0;2;3;1;B01
201100032680;0;7;0;0;2;3;16;A01
201100032680;0;7;0;0;2;2;1;B01
201100032681;0;7;0;0;1;1;1;A01
201100032682;0;7;0;0;2;2;1;A01
201100032682;0;1;0;0;2;0;11;B01
201100032683;0;3;0;0;2;1;1;A01
201100032683;0;7;0;0;2;2;1;B01
201100032684;0;7;0;8;0;1;15;A01
201100032685;0;1;0;0;5;0;1;A01
201100032686;0;7;0;0;2;1;1;A01
201100032686;0;7;0;0;2;4;15;B01
201100032687;0;7;0;0;0;0;1;A01
201100032688;0;1;0;0;0;0;1;A01
201100032689;0;2;0;0;0;0;1;A01
201100032690;0;7;0;0;2;1;1;A01
201100032690;0;7;0;0;2;4;1;B01
201100032691;0;7;0;0;2;4;4;A01
201100032691;0;1;0;0;2;1;1;B01
201100032692;0;7;0;0;2;2;16;A01
201100032692;0;1;0;0;2;8;1;B01
201100032693;0;1;0;14;0;0;1;A01
201100032694;0;2;0;12;0;0;16;A01
201100032695;0;7;0;0;2;1;15;A01
201100032695;0;7;0;0;2;3;1;B01
201100032696;0;7;0;0;2;1;1;A01
201100032696;0;1;0;0;2;4;9;B01
201100032697;0;7;0;0;2;2;15;A01
201100032697;0;33;0;0;2;1;1;B01
201100032698;0;7;0;0;2;1;2;A01
201100032698;0;7;0;0;0;4;2;B01
201100032699;0;7;0;0;1;3;1;A01
201100032700;0;7;0;0;2;3;9;A01
201100032700;0;1;0;0;2;7;1;B01
201100032701;0;30;0;0;2;3;1;A01
201100032701;0;7;0;0;2;1;15;B01
201100032702;0;7;0;0;2;4;23;A01
201100032702;0;7;0;0;2;1;1;B01
201100032703;0;7;0;0;0;9;1;A01
201100032704;0;1;0;0;0;0;0;A01
201100032705;0;7;0;0;2;3;9;A01
201100032705;0;31;0;0;2;1;1;B01
201100032706;0;10;0;0;1;5;4;A01
201100032707;0;7;0;0;2;2;1;B01
201100032707;0;7;0;0;2;1;1;A01
201100032708;0;7;0;0;2;3;9;A01
201100032708;0;30;0;0;2;5;0;B01
201100032709;0;7;0;0;2;2;15;A01
201100032709;0;33;0;0;2;1;1;B01
201100032710;0;7;0;0;1;2;0;A01
201100032711;0;2;0;12;0;1;1;A01
201100032712;0;7;0;0;0;0;2;A01
201100032712;0;33;0;0;0;0;2;B01
201100032713;0;7;0;0;1;1;1;A01
201100032714;0;7;0;4;0;3;1;A01
201100032715;0;7;0;0;1;2;1;A01
201100032716;0;7;0;0;2;1;1;A01
201100032716;0;7;0;0;2;4;20;B01
201100032717;0;7;0;0;1;4;20;A01
201100032718;0;33;0;0;0;0;1;A01
201100032719;0;30;0;0;1;1;1;A01
201100032720;0;7;0;0;1;1;11;A01
201100032721;0;7;0;0;1;1;15;A01
201100032722;0;7;0;0;2;2;1;A01
201100032722;0;31;0;0;2;8;0;B01
201100032723;0;33;0;0;0;0;21;B01
201100032723;0;2;0;0;0;0;21;C01
201100032723;0;7;0;0;0;0;9;A01
201100032724;0;7;0;0;2;3;15;A01
201100032724;0;7;0;0;2;1;1;B01
201100032725;0;2;0;0;0;0;1;A01
201100032726;0;14;0;0;2;7;1;A01
201100032726;0;1;0;0;2;4;1;B01
201100032727;0;7;0;0;2;3;15;A01
201100032727;0;33;0;0;2;1;1;B01
201100032728;0;1;0;0;2;1;15;A01
201100032728;0;7;0;0;2;3;1;B01
201100032729;0;7;0;0;1;1;1;A01
201100032730;0;2;0;0;0;0;1;A01
201100032731;0;7;0;0;1;1;1;A01
201100032732;0;7;0;4;0;1;1;A01
201100032733;0;7;0;3;2;0;1;A01
201100032733;0;7;0;0;2;0;1;B01
201100032733;0;7;0;0;2;0;1;C01
201100032734;1;7;0;0;1;1;1;A01
201100032735;0;7;0;0;2;1;1;A01
201100032735;0;7;0;0;2;4;23;B01
201100032736;0;7;0;0;2;1;1;A01
201100032736;0;7;0;0;2;4;1;B01
201100032737;0;7;0;0;2;1;1;A01
201100032737;0;1;0;0;2;4;1;B01
201100032738;0;7;0;0;1;1;0;A01
201100032739;0;2;0;0;0;0;1;A01
201100032740;0;7;0;0;2;7;1;A01
201100032740;0;2;0;0;2;1;1;B01
201100032741;0;7;0;0;2;3;16;A01
201100032741;0;7;0;0;2;1;1;B01
201100032742;0;13;0;0;2;1;1;A01
201100032742;0;7;0;0;2;4;1;B01
201100032742;0;7;0;0;2;4;1;C01
201100032742;0;7;0;0;2;4;1;D01
201100032743;0;7;0;1;0;1;1;A01
201100032744;0;7;0;0;2;1;15;A01
201100032744;0;2;0;0;2;6;1;B01
201100032745;0;3;0;0;2;1;15;A01
201100032745;0;33;0;0;2;8;1;B01
201100032746;0;1;0;0;2;1;1;A01
201100032746;0;7;0;0;2;2;11;B01