num_acc;senc;catv;occutc;obs;obsm;choc;manv;num_veh
201100032747;0;7;0;0;2;3;0;A01
201100032747;0;1;0;0;2;4;1;B01
201100032748;0;33;0;0;0;0;1;A01
201100032749;0;7;0;0;2;1;15;A01
201100032749;0;1;0;0;2;1;1;B01
201100032750;0;32;0;0;0;0;1;A01
201100032751;0;7;0;0;2;1;15;A01
201100032751;0;7;0;0;2;1;1;B01
201100032752;1;7;0;0;1;0;0;A01
201100032753;0;7;0;4;0;1;1;A01
201100032754;0;7;0;0;2;1;15;A01
201100032754;0;1;0;0;2;7;1;B01
201100032755;0;7;0;0;2;1;1;A01
201100032755;0;7;0;0;2;4;1;B01
201100032756;0;1;0;1;0;0;1;A01
201100032757;0;7;0;0;2;3;15;A01
201100032757;0;7;0;0;2;1;1;B01
201100032758;0;7;0;0;2;2;15;A01
201100032758;0;1;0;0;2;0;1;B01
201100032759;1;7;0;0;2;0;17;A01
201100032759;0;7;0;0;2;8;1;B01
201100032760;0;7;0;0;2;0;13;A01
201100032760;0;7;0;0;2;0;1;B01
201100032761;0;7;0;0;2;1;15;A01
201100032761;0;7;0;0;2;3;1;B01
201100032762;0;7;0;0;2;1;15;A01
201100032762;0;7;0;0;2;1;1;B01
201100032763;0;7;0;0;2;1;1;A01
201100032763;0;7;0;0;2;2;15;B01
201100032764;1;7;0;0;2;1;0;A01
201100032764;0;2;0;0;2;7;1;B01
201100032765;0;2;0;0;0;0;1;A01
201100032766;0;7;0;0;2;5;15;A01
201100032766;0;7;0;0;2;3;16;B01
201100032767;0;7;0;0;1;4;4;A01
201100032768;0;7;0;0;1;1;1;A01
201100032769;0;30;0;0;0;7;0;A01
201100032770;0;7;0;0;2;1;1;A01
201100032770;0;7;0;0;2;4;1;B01
201100032771;0;30;0;16;0;1;1;A01
201100032772;0;7;0;0;2;1;10;A01
201100032772;0;33;0;0;0;0;1;B01
201100032773;0;7;0;0;2;3;15;A01
201100032773;0;30;0;1;2;1;1;B01
201100032774;0;7;0;0;1;1;1;A01
201100032775;0;2;0;16;0;0;1;A01
201100032776;0;7;0;0;2;3;16;A01
201100032776;0;1;0;0;2;1;15;B01
201100032777;0;7;0;2;0;1;1;A01
201100032778;0;7;0;0;2;1;1;A01
201100032778;0;7;0;0;2;1;1;B01
201100032779;0;7;0;0;2;4;4;A01
201100032779;0;2;0;0;2;7;1;B01
201100032780;0;7;0;0;2;1;1;A01
201100032780;0;7;0;0;2;8;1;B01
201100032781;0;7;0;0;1;1;15;A01
201100032782;0;7;0;0;2;3;9;A01
201100032782;0;30;0;0;2;1;1;B01
201100032783;0;7;0;3;0;1;1;A01
201100032783;0;7;0;0;0;0;1;B01
201100032784;0;33;0;0;2;1;9;A01
201100032784;0;1;0;0;2;4;1;B01
201100032785;0;10;0;0;1;1;1;A01
201100032786;0;3;0;6;0;1;1;A01
201100032787;0;7;0;0;2;1;9;A01
201100032787;0;30;0;0;2;3;1;B01
201100032788;0;7;0;0;1;2;1;A01
201100032789;1;7;0;0;2;3;9;A01
201100032789;0;7;0;0;2;1;1;B01
201100032790;0;7;0;0;2;1;1;A01
201100032790;0;7;0;0;2;1;1;B01
201100032790;0;10;0;0;1;1;1;C01
201100032791;0;10;0;0;2;1;1;A01
201100032791;0;7;0;0;2;1;23;B01
201100032792;0;7;0;0;2;6;4;A01
201100032792;0;7;0;0;9;3;1;B01
201100032793;0;30;0;14;0;1;1;A01
201100032794;0;7;0;0;2;1;15;A01
201100032794;0;7;0;0;2;1;1;B01
201100032795;0;2;0;0;2;1;9;A01
201100032795;0;7;0;0;2;2;1;B01
201100032796;0;7;0;0;2;2;16;A01
201100032796;0;2;0;0;2;7;1;B01
201100032797;0;7;0;0;2;7;9;A01
201100032797;0;1;0;0;2;8;1;B01
201100032798;0;30;0;0;2;1;1;A01
201100032798;0;7;0;0;2;4;1;B01
201100032799;0;31;0;0;2;1;17;A01
201100032799;0;10;0;0;2;8;15;B01
201100032800;0;7;0;16;0;9;1;A01
201100032801;0;7;0;13;0;1;1;A01
201100032802;0;7;0;0;2;1;1;A01
201100032802;0;7;0;0;2;3;1;B01
201100032803;0;2;0;12;0;1;0;A01
201100032804;0;7;0;0;2;2;15;A01
201100032804;0;7;0;0;2;3;1;B01
201100032805;0;7;0;0;2;1;1;A01
201100032805;0;7;0;0;2;1;1;B01
201100032805;0;7;0;0;2;4;1;C01
201100032806;0;7;0;0;2;3;1;A01
201100032806;0;33;0;0;0;0;2;B01
201100032807;0;7;0;0;2;2;1;A01
201100032807;0;7;0;0;2;2;1;B01
201100032808;0;7;0;0;2;3;13;A01
201100032808;0;15;0;0;2;3;1;B01
201100032809;0;7;0;0;2;1;15;A01
201100032809;0;7;0;0;2;3;1;B01
201100032810;0;7;0;0;2;8;13;A01
201100032810;0;33;0;0;2;1;1;B01
201100032811;0;7;0;0;2;1;9;A01
201100032811;0;2;0;0;2;1;1;B01
201100032812;0;10;0;0;1;1;1;A01
201100032813;0;7;0;0;2;1;1;B01
201100032813;0;1;0;0;2;1;9;A01
201100032814;0;7;0;0;2;6;20;A01
201100032814;0;30;0;0;2;1;1;B01
201100032815;0;7;0;0;2;1;1;A01
201100032816;0;7;0;0;1;1;1;A01
201100032817;0;7;0;0;2;7;12;A01
201100032817;0;33;0;0;2;8;1;B01
201100032818;0;7;0;2;0;1;1;A01
201100032819;0;7;0;2;0;1;1;A01
201100032820;0;7;0;0;2;2;1;A01
201100032820;0;7;0;0;2;6;15;B01
201100032821;0;30;0;0;2;1;15;A01
201100032821;0;7;0;0;2;1;1;B01
201100032822;0;31;0;0;2;1;2;A01
201100032822;0;7;0;0;0;5;2;B01
201100032823;0;2;0;0;2;1;2;A01
201100032823;0;7;0;0;0;5;1;B01
201100032824;0;7;0;0;2;3;5;A01
201100032824;0;7;0;12;2;8;1;B01
201100032825;0;7;0;0;2;2;1;A01
201100032825;0;7;0;0;2;3;1;B01
201100032826;0;7;0;0;2;4;4;A01
201100032826;0;7;0;0;2;1;1;B01
201100032827;0;15;0;0;9;0;2;A01
201100032827;0;30;0;0;0;0;2;B01
201100032828;0;7;0;13;0;1;1;A01
201100032829;0;7;0;0;1;3;1;A01
201100032830;0;7;0;12;0;1;14;A01
201100032831;0;30;0;8;0;1;1;A01
201100032832;0;7;0;0;2;6;9;A01
201100032832;0;7;0;0;2;1;1;B01
201100032833;0;1;0;0;2;4;1;B01
201100032833;0;7;0;0;2;1;9;A01
201100032834;0;7;0;0;2;1;15;A01
201100032834;0;7;0;0;2;1;1;B01
201100032835;0;30;0;16;0;1;1;A01
201100032836;0;14;0;0;2;3;1;A01
201100032836;0;7;0;0;2;3;1;B01
201100032837;0;7;0;0;1;2;1;A01
201100032838;0;7;0;13;0;1;1;A01
201100032839;0;7;0;0;2;1;2;A01
201100032839;0;7;0;0;2;4;1;B01
201100032839;0;7;0;0;0;4;2;C01
201100032839;0;7;0;0;0;4;2;D01
201100032840;0;7;0;0;1;1;1;A01
201100032841;0;7;0;8;0;1;1;A01
201100032842;0;7;0;0;2;2;15;A01
201100032842;0;33;0;0;2;7;21;B01
201100032843;0;7;0;0;2;2;1;A01
201100032843;0;14;0;0;2;4;1;B01
201100032844;0;7;0;3;0;1;1;A01
201100032845;0;7;0;0;1;1;1;Z01
201100032846;1;7;0;0;1;1;1;A01
201100032847;0;7;0;2;0;1;1;A01
201100032848;0;7;0;0;1;7;2;A01
201100032849;0;7;0;0;2;1;15;A01
201100032849;0;1;0;0;2;1;1;B01
201100032850;0;7;0;0;2;1;2;A01
201100032850;0;7;0;0;2;4;2;B01
201100032850;0;7;0;0;2;4;2;C01
201100032851;0;13;0;0;2;7;2;A01
201100032851;0;30;0;0;2;8;1;B01
201100032852;0;7;0;0;1;2;1;A01
201100032853;0;7;0;0;2;2;15;A01
201100032853;0;7;0;0;2;1;1;B01
201100032854;0;7;0;0;2;1;13;A01
201100032854;0;7;0;0;2;1;1;B01
201100032855;0;7;0;0;1;2;1;A01
201100032856;0;7;0;1;0;8;1;A01
201100032856;0;37;1;0;0;7;24;B01
201100032857;0;7;0;0;2;3;15;A01
201100032857;0;2;0;0;2;2;1;B01
201100032858;0;7;0;0;1;1;15;A01
201100032859;0;7;0;0;2;1;2;A01
201100032859;0;7;0;0;2;4;23;B01
201100032860;0;7;0;0;1;2;1;A01
201100032861;0;2;0;0;2;3;1;B01
201100032861;0;7;0;0;2;3;16;A01
201100032862;0;7;0;0;2;1;1;A01
201100032862;0;30;0;0;2;7;15;B01
201100032863;0;2;0;0;0;8;2;A01
201100032864;0;7;0;1;0;3;1;A01
201100032865;0;7;0;0;2;2;13;A01
201100032865;0;7;0;0;2;1;1;B01
201100032866;0;7;0;0;2;7;1;B01
201100032866;0;37;1;0;2;1;9;A01
201100032867;0;30;0;0;1;8;0;A01
201100032868;0;7;0;2;2;2;1;A01
201100032868;0;7;0;0;2;1;1;B01
201100032869;0;30;0;10;0;1;1;A01
201100032870;0;7;0;6;2;2;0;A01
201100032871;0;2;0;0;0;0;0;A01
201100032872;0;7;0;0;2;1;2;B01
201100032872;0;7;0;0;2;7;19;A01
201100032873;0;7;0;0;2;1;1;A01
201100032873;0;7;0;4;2;4;1;B01
201100032874;0;32;0;0;0;0;1;A01
201100032875;0;30;0;0;2;1;1;A01
201100032875;0;7;0;0;2;8;1;B01
201100032876;0;7;0;0;0;9;1;A01
201100032877;0;1;0;0;0;1;0;A01
201100032878;0;7;0;2;0;1;9;A01
201100032879;0;7;0;6;0;2;1;A01
201100032880;0;7;0;0;0;9;1;A01
201100032881;0;30;0;0;2;1;13;A01
201100032881;0;7;0;0;2;8;1;B01
201100032882;0;7;0;0;2;1;2;A01
201100032882;0;7;0;0;0;4;1;B01
201100032883;0;7;0;0;0;9;1;A01
201100032884;0;1;0;0;0;0;0;A01
201100032885;0;7;0;0;2;1;17;A01
201100032885;0;7;0;0;2;6;1;B01
201100032886;0;7;0;0;2;8;1;B01
201100032886;0;7;0;0;2;1;9;A01
201100032887;0;1;0;0;2;1;16;A01
201100032887;0;10;0;0;2;2;1;B01
201100032888;0;33;0;0;0;2;16;A01
201100032889;0;7;0;0;2;2;1;A01
201100032889;0;7;0;0;2;9;1;B01
201100032890;0;7;0;0;0;9;15;A01
201100032891;0;1;0;0;2;7;1;B01
201100032891;0;1;0;0;2;1;9;A01
201100032892;0;1;0;0;0;0;1;A01
201100032893;0;7;0;0;9;6;1;A01
201100032893;0;1;0;0;2;1;1;B01
201100032894;0;38;45;0;2;1;1;A01
201100032894;0;7;0;0;2;4;1;B01
201100032894;0;7;0;0;2;4;1;C01
201100032895;0;30;0;0;2;1;17;A01
201100032895;0;7;0;0;2;6;15;B01
201100032896;0;7;0;0;2;6;14;A01
201100032896;0;2;0;0;2;2;1;B01
201100032897;0;1;0;0;0;1;1;A01
201100032898;0;30;0;0;0;7;1;A01
201100032899;0;7;0;0;2;4;2;A01
201100032899;0;7;0;0;2;1;2;B01
201100032900;0;1;0;0;0;8;1;A01
201100032901;0;1;0;0;0;0;1;A01
201100032902;0;7;0;0;0;1;1;A01
201100032903;0;2;0;0;2;2;17;A01
201100032903;0;7;0;0;2;3;21;B01
201100032904;0;30;0;12;0;7;0;A01
201100032905;0;30;0;0;2;1;1;A01
201100032905;0;7;0;0;2;4;23;B01
201100032906;0;30;0;0;0;7;1;A01
201100032907;0;33;0;0;1;3;1;A01
201100032908;0;7;0;0;2;1;15;A01
201100032908;0;7;0;0;2;1;1;B01
201100032909;0;7;0;0;0;2;1;A01
201100032910;0;7;0;0;2;1;2;A01
201100032910;0;7;0;0;2;4;16;B01
201100032911;0;7;0;0;2;3;1;B01
201100032911;0;3;0;0;2;3;16;A01
201100032912;0;1;0;1;0;8;21;A01
201100032913;0;7;0;0;2;1;2;A01
201100032913;0;1;0;0;2;4;2;B01
201100032914;0;7;0;0;1;1;1;A01
201100032914;0;7;0;0;2;1;2;B01
201100032914;0;7;0;0;2;4;2;C01
201100032914;0;7;0;0;2;1;2;D01
201100032915;0;7;0;0;2;1;2;A01
201100032915;0;7;0;0;2;6;20;B01
201100032915;0;7;0;0;2;4;9;C01
201100032916;0;30;0;0;2;8;1;B01
201100032916;0;7;0;0;2;2;1;A01
201100032917;0;7;0;0;2;3;15;A01
201100032917;0;7;0;0;2;3;1;B01
201100032918;0;1;0;0;0;0;1;A01
201100032919;0;1;0;0;0;0;1;A01
201100032920;0;7;0;0;2;3;2;A01
201100032920;0;1;0;0;2;7;2;B01
201100032921;0;33;0;0;2;1;17;A01
201100032921;0;7;0;0;2;3;15;B01
201100032922;0;1;0;0;0;0;1;A01
201100032923;0;2;0;0;0;0;2;A01
201100032924;0;2;0;0;2;1;2;A01
201100032924;0;7;0;0;2;6;2;B01
201100032925;0;1;0;0;0;7;2;A01
201100032926;0;2;0;0;0;7;2;A01
201100032927;0;10;0;13;0;1;2;A01
201100032928;0;1;0;0;0;7;1;A01
201100032929;0;10;0;0;2;1;1;A01
201100032929;0;1;0;0;2;7;19;B01
201100032930;0;1;0;0;2;1;1;A01
201100032930;0;1;0;0;2;4;1;B01
201100032931;0;7;0;0;2;3;1;A01
201100032931;0;2;0;0;2;2;1;B01
201100032932;0;7;0;0;2;1;15;A01
201100032932;0;7;0;0;2;6;1;B01
201100032933;0;2;0;0;0;2;1;A01
201100032934;0;33;0;0;2;1;1;A01
201100032934;0;7;0;0;2;8;1;B01
201100032935;0;30;0;0;0;7;1;A01
201100032936;0;7;0;2;0;1;1;A01
201100032937;0;30;0;0;2;1;1;A01
201100032937;0;30;0;0;2;4;1;B01
201100032938;0;7;0;0;2;3;13;A01
201100032938;0;7;0;0;2;3;1;B01
201100032939;0;10;0;0;1;1;1;A01
201100032940;0;7;0;8;0;3;13;A01
201100032941;0;30;0;0;2;1;1;A01
201100032941;0;7;0;0;2;7;1;B01
201100032942;0;2;0;0;2;1;1;A01
201100032942;0;7;0;0;2;3;1;B01
201100032943;0;30;0;0;0;0;1;A01
201100032944;0;7;0;0;1;2;1;A01
201100032945;0;2;0;0;0;0;1;A01
201100032946;0;1;0;0;2;1;1;B01
201100032946;0;7;0;0;2;3;9;A01
201100032947;0;7;0;15;0;3;1;A01
201100032948;0;7;0;0;2;2;1;A01
201100032948;0;1;0;0;2;4;19;B01
201100032949;0;17;0;0;2;2;17;A01
201100032949;0;2;0;0;2;8;2;B01
201100032950;0;7;0;0;2;1;2;A01
201100032950;0;7;0;0;2;4;1;B01
201100032951;0;7;0;0;1;2;1;A01
201100032952;0;30;0;11;0;1;1;A01
201100032953;0;7;0;3;0;0;1;A01
201100032954;0;1;0;0;0;0;16;A01
201100032955;0;1;0;0;0;0;1;A01
201100032956;0;7;0;0;1;2;16;A01
201100032957;0;30;0;0;0;0;1;A01
201100032958;0;30;0;0;0;7;1;A01
201100032959;0;2;0;0;0;8;1;A01
201100032960;0;7;0;0;0;1;20;A01
201100032961;0;7;0;0;2;1;1;A01
201100032961;0;7;0;0;2;4;1;B01
201100032961;0;7;0;0;2;4;1;C01
201100032962;0;7;0;0;2;3;15;A01
201100032962;0;7;0;0;2;8;1;B01
201100032963;0;1;0;0;2;1;23;B01
201100032963;0;10;0;0;2;3;15;A01
201100032964;0;7;0;0;2;1;2;A01
201100032964;0;7;0;0;2;5;23;B01
201100032965;0;7;0;0;2;2;1;B01
201100032965;0;7;0;0;2;1;5;A01
201100032966;0;7;0;0;2;3;13;A01
201100032966;0;10;0;0;2;3;1;B01
201100032966;0;7;0;0;9;1;1;C01
201100032967;0;7;0;0;2;1;1;A01
201100032967;0;2;0;0;2;1;1;B01
201100032968;0;7;0;0;2;3;1;A01
201100032968;0;2;0;0;2;2;1;B01
201100032969;0;7;0;0;0;1;1;A01
201100032970;0;7;0;6;0;1;1;A01
201100032971;0;30;0;15;0;0;1;A01
201100032972;0;2;0;0;0;7;1;A01
201100032973;0;3;0;0;1;1;1;A01
201100032974;0;10;0;0;1;3;15;A01
201100032975;0;30;0;1;0;1;1;A01
201100032976;0;7;0;1;0;2;1;A01
201100032976;0;10;0;0;2;6;24;B01
201100032977;0;1;0;0;0;0;1;A01
201100032978;0;10;0;14;0;1;1;A01
201100032979;0;7;0;1;0;2;1;A01
201100032980;0;7;0;0;1;7;1;A01
201100032981;0;7;0;0;1;1;1;A01
201100032982;0;2;0;0;2;1;1;B01
201100032982;0;7;0;0;2;1;15;A01
201100032983;0;7;0;0;2;1;2;A01
201100032983;0;7;0;0;2;4;2;C01
201100032983;0;7;0;0;2;4;2;B01
201100032984;0;7;0;0;2;1;13;A01
201100032984;0;7;0;0;2;1;1;B01
201100032984;0;7;0;0;2;1;1;C01
201100032985;0;7;0;0;1;1;15;A01
201100032986;0;31;0;0;2;3;1;B01
201100032986;0;7;0;0;2;3;15;A01
201100032987;0;30;0;0;2;1;1;B01
201100032987;1;7;0;0;2;8;1;Z01
201100032988;0;30;0;1;0;1;14;A01
201100032989;0;7;0;0;1;1;15;A01
201100032990;0;2;0;0;2;1;1;B01
201100032990;1;7;0;0;2;2;15;A01
201100032991;0;7;0;0;2;3;9;A01
201100032991;0;7;0;0;2;1;1;B01
201100032992;0;7;0;0;2;2;15;B01
201100032992;0;1;0;0;2;1;1;A01
201100032993;1;7;0;0;2;1;2;B01
201100032993;0;30;0;0;2;4;9;A01
201100032994;0;7;0;0;2;3;1;B01
201100032994;0;2;0;0;2;1;9;A01
201100032995;0;7;0;0;2;2;10;A01
201100032995;0;30;0;0;2;1;1;B01
201100032996;0;33;0;12;0;3;13;A01
201100032997;0;7;0;0;2;3;1;A01
201100032997;0;37;1;0;2;2;1;B01
201100032998;0;7;0;0;2;1;1;A01
201100032998;0;1;0;0;2;8;1;B01
201100032999;0;33;0;0;2;1;13;A01
201100032999;0;7;0;0;2;6;23;B01
201100032999;0;7;0;0;2;1;23;C01
201100033000;0;7;0;0;1;1;1;A01
201100033001;0;7;0;15;0;1;14;A01
201100033002;0;7;0;0;2;1;2;A01
201100033002;0;7;0;0;2;4;2;B01
201100033002;0;7;0;6;2;1;1;C01
201100033003;0;7;0;0;2;2;15;A01
201100033003;0;2;0;0;2;1;1;B01
201100033004;0;2;0;4;0;0;14;A01
201100033005;0;2;0;0;2;1;1;B01
201100033005;0;7;0;0;2;1;15;A01
201100033006;0;7;0;0;2;1;1;B01
201100033006;0;7;0;0;2;1;15;A01
201100033007;0;2;0;16;0;1;0;A01
201100033008;0;7;0;11;2;7;13;A01
201100033008;0;7;0;0;2;1;1;B01
201100033009;0;34;0;0;2;5;17;A01
201100033009;0;7;0;0;2;0;15;B01
201100033010;0;7;0;0;2;1;1;A01
201100033010;0;7;0;0;2;4;1;B01
201100033011;0;2;0;12;1;1;14;A01
201100033012;0;2;0;12;0;0;15;A01
201100033013;0;15;0;0;2;3;1;B01
201100033013;0;7;0;0;2;1;13;A01
201100033014;0;7;0;0;2;4;1;B01
201100033014;0;7;0;0;2;4;23;C01
201100033014;0;7;0;0;2;1;1;A01
201100033015;0;30;0;0;0;0;15;A01
201100033016;0;1;0;12;0;2;14;A01
201100033017;0;30;0;0;0;0;15;A01
201100033018;0;7;0;0;2;1;23;B01
201100033018;0;30;0;0;2;1;17;A01
201100033019;0;7;0;0;2;2;4;A01
201100033019;0;2;0;0;2;1;1;B01
201100033020;0;30;0;16;0;1;1;A01
201100033021;0;7;0;0;2;4;23;B01
201100033021;0;2;0;0;2;1;2;A01
201100033022;0;10;0;0;1;1;1;B01
201100033023;0;7;0;3;0;1;14;A01
201100033024;0;7;0;0;2;1;15;A01
201100033024;0;2;0;0;2;8;1;B01
201100033025;0;7;0;0;2;1;1;A01
201100033025;0;7;0;0;2;4;1;B01
201100033025;0;7;0;0;2;4;1;C01
201100033026;0;30;0;12;0;1;14;A01
201100033027;0;7;0;13;0;1;14;A01
201100033028;0;30;0;14;0;1;15;A01
201100033029;0;7;0;0;1;1;1;A01
201100033030;0;7;0;0;2;1;1;A01
201100033030;0;7;0;0;2;4;23;B01
201100033031;0;33;0;0;2;3;18;A01
201100033031;0;7;0;0;2;7;1;B01
201100033031;0;7;0;0;2;5;1;C01
201100033032;0;30;0;0;2;2;17;A01
201100033032;0;7;0;0;2;8;23;B01
201100033033;0;99;0;0;2;1;17;Z01
201100033033;0;2;0;0;2;1;1;B01
201100033033;0;10;0;0;0;0;1;C01
201100033034;0;7;0;0;2;2;15;A01
201100033034;0;30;0;0;2;1;1;B01
201100033035;1;7;0;0;2;7;17;Z01
201100033035;0;2;0;0;2;8;23;B01
201100033036;0;30;0;0;0;1;1;A01
201100033037;0;33;0;0;2;1;1;B01
201100033037;0;7;0;0;2;8;9;A01
201100033038;0;7;0;0;2;3;1;B01
201100033038;0;30;0;0;2;1;13;A01
201100033039;0;2;0;0;0;1;1;A01
201100033040;0;7;0;0;1;7;1;A01
201100033041;0;7;0;13;0;1;13;A01
201100033042;0;7;0;6;0;2;14;A01
201100033043;0;7;0;13;0;1;13;A01
201100033044;0;3;0;7;0;1;14;A01
201100033045;0;7;0;0;2;1;1;B01
201100033045;0;7;0;0;2;3;9;A01
201100033046;0;21;0;0;2;2;16;B01
201100033046;0;2;0;0;2;1;18;A01
201100033047;0;7;0;0;2;1;1;B01
201100033047;0;7;0;0;2;8;9;A01
201100033048;0;30;0;0;2;1;16;A01
201100033048;0;7;0;0;2;7;10;B01
201100033049;0;7;0;0;2;1;15;A01
201100033049;0;7;0;0;2;1;1;B01
201100033050;0;7;0;0;2;1;2;A01
201100033050;0;7;0;0;2;4;23;B01
201100033051;0;7;0;0;2;4;23;B01
201100033051;0;7;0;0;2;1;1;A01
201100033052;0;30;0;14;0;1;0;A01
201100033053;0;7;0;0;2;0;4;A01
201100033054;0;7;0;0;2;7;15;B01
201100033054;0;7;0;0;2;1;1;A01
201100033055;0;33;0;0;2;1;1;B01
201100033055;0;7;0;0;2;2;15;A01
201100033056;0;7;0;0;1;1;1;A01
201100033057;0;7;0;8;0;1;14;A01
201100033058;0;1;0;0;1;1;1;B01
201100033059;0;7;0;0;2;1;1;B01
201100033059;0;1;0;0;2;8;0;A01
201100033060;0;7;0;0;1;4;4;A01
201100033061;0;7;0;0;1;3;1;A01
201100033062;0;7;0;0;2;4;4;A01
201100033062;0;30;0;0;2;1;1;B01
201100033063;0;7;0;0;1;2;1;A01
201100033063;0;1;0;0;2;1;1;B01
201100033064;0;7;0;0;2;4;1;B01
201100033064;2;7;0;0;2;1;1;A01
201100033065;0;7;0;15;0;1;15;A01
201100033066;0;30;0;0;2;1;17;A01
201100033066;0;7;0;0;2;3;20;B01
201100033067;0;7;0;8;0;2;13;A01
201100033068;0;7;0;0;2;1;2;A01
201100033068;0;7;0;0;2;4;23;B01
201100033069;0;7;0;0;2;8;1;C01
201100033069;0;30;0;0;2;0;17;B01
201100033069;0;30;0;0;2;0;1;A01
201100033070;0;1;0;0;2;1;13;A01
201100033070;0;1;0;0;2;1;1;C01
201100033070;0;1;0;0;2;1;1;B01
201100033071;0;30;0;16;0;7;1;A01
201100033072;0;7;0;4;0;1;14;A01
201100033073;0;30;0;0;2;1;1;A01
201100033073;1;1;0;0;2;1;5;B01
201100033074;0;30;0;0;2;1;13;A01
201100033074;0;7;0;0;2;1;23;B01
201100033075;0;7;0;3;0;7;14;A01
201100033076;0;7;0;7;0;3;14;A01
201100033077;0;7;0;12;0;9;14;A01
201100033078;0;7;0;0;1;4;4;A01
201100033079;0;7;0;0;2;1;15;A01
201100033079;0;31;0;0;2;1;1;B01
201100033080;0;30;0;16;0;0;0;A01
201100033081;0;30;0;0;2;1;1;B01
201100033081;0;7;0;0;2;2;1;A01
201100033082;0;7;0;0;2;1;1;A01
201100033082;0;7;0;0;2;4;23;C01
201100033082;0;7;0;0;2;4;23;B01
201100033082;0;7;0;0;2;4;23;E01
201100033082;0;7;0;0;2;4;23;D01
201100033083;0;7;0;0;2;6;1;A01
201100033083;0;15;0;0;2;3;1;B01
201100033084;0;7;0;0;2;8;1;B01
201100033084;0;1;0;0;2;1;2;A01
201100033085;0;7;0;0;2;4;1;B01
201100033085;0;32;0;0;2;1;2;A01
201100033086;0;7;0;0;2;3;10;A01
201100033086;0;33;0;0;2;1;1;B01
201100033087;0;7;0;0;2;1;2;A01
201100033087;0;7;0;0;2;4;1;B01
201100033088;0;7;0;0;0;7;1;A01
201100033089;0;7;0;8;0;1;13;A01
201100033090;0;7;0;0;1;1;1;A01
201100033091;0;1;0;0;0;0;1;A01
201100033092;0;33;0;0;2;0;0;A01
201100033093;0;30;0;0;0;0;1;A01
201100033094;0;30;0;0;0;0;1;A01
201100033095;0;7;0;0;2;1;1;B01
201100033095;0;7;0;8;2;7;9;A01
201100033096;0;7;0;0;2;4;2;C01
201100033096;0;7;0;0;2;4;2;B01
201100033096;0;7;0;0;2;1;2;A01
201100033097;0;2;0;12;0;1;14;A01
201100033098;0;2;0;0;0;0;1;A01
201100033099;0;7;0;0;2;3;13;A01
201100033099;0;14;0;0;2;3;1;B01
201100033100;0;15;0;0;1;7;20;A01
201100033101;0;7;0;0;2;1;1;A01
201100033101;0;7;0;0;2;4;1;B01
201100033102;0;7;0;0;2;1;1;A01
201100033102;0;7;0;0;2;4;1;B01
201100033103;0;7;0;16;0;9;13;A01
201100033104;0;30;0;15;0;3;13;A01
201100033105;0;30;0;0;2;1;1;B01
201100033105;0;7;0;0;2;8;9;A01
201100033106;0;30;0;16;0;8;1;A01
201100033107;0;2;0;16;0;1;1;A01
201100033108;0;31;0;0;2;4;1;B01
201100033108;0;7;0;0;2;1;1;A01
201100033109;0;30;0;16;0;1;1;A01
201100033110;0;33;0;0;2;3;1;B01
201100033110;0;7;0;0;2;1;15;A01
201100033111;0;37;1;0;2;3;15;B01
201100033111;0;7;0;0;2;7;1;A01
201100033112;0;33;0;0;1;1;1;A01
201100033113;0;2;0;16;0;0;1;A01
201100033114;0;7;0;0;1;2;1;A01
201100033115;0;2;0;4;0;2;14;A01
201100033116;0;3;0;0;2;1;15;A01
201100033116;0;7;0;0;2;1;1;B01
201100033117;0;7;0;0;2;8;9;A01
201100033117;0;7;0;0;2;1;1;B01
201100033118;0;7;0;6;0;1;14;A01
201100033119;0;33;0;0;2;1;1;B01
201100033119;0;7;0;0;2;5;15;A01
201100033120;0;7;0;7;2;1;9;A01
201100033120;0;7;0;0;2;3;1;B01
201100033121;0;30;0;16;0;8;1;A01
201100033122;0;7;0;0;1;6;1;A01
201100033123;0;7;0;0;2;4;16;B01
201100033123;0;30;0;0;2;1;1;A01
201100033124;0;7;0;0;2;2;1;B01
201100033124;0;2;0;0;2;1;9;A01
201100033125;0;7;0;13;0;9;14;A01
201100033126;0;7;0;0;1;2;1;A01
201100033127;0;1;0;16;0;1;1;A01
201100033127;0;7;0;0;0;0;1;B01
201100033128;0;7;0;0;1;4;4;A01
201100033129;0;30;0;0;2;1;2;A01
201100033129;0;7;0;0;2;4;23;B01
201100033130;0;33;0;1;0;7;0;A01
201100033130;0;7;0;0;2;5;24;B01
201100033131;0;30;0;16;0;8;0;A01
201100033132;0;1;0;16;0;1;1;A01
201100033133;0;30;0;0;2;1;1;B01
201100033133;0;7;0;0;2;8;9;A01
201100033134;0;7;0;0;2;1;1;B01
201100033134;0;1;0;0;2;1;9;A01
201100033135;0;7;0;0;1;2;1;A01
201100033136;0;33;0;13;0;7;1;A01
201100033137;0;2;0;0;2;2;13;A01
201100033137;0;7;0;0;2;3;1;B01
201100033138;0;2;0;0;0;8;1;A01
201100033139;0;7;0;0;2;4;1;B01
201100033139;0;31;0;0;2;1;1;A01
201100033140;0;7;0;0;2;4;23;B01
201100033140;0;7;0;0;2;1;2;A01
201100033141;0;7;0;0;2;8;10;A01
201100033141;0;7;0;0;2;1;1;B01
201100033142;0;7;0;0;1;7;4;A01
201100033143;0;7;0;0;2;1;1;B01