num_acc;senc;catv;occutc;obs;obsm;choc;manv;num_veh
201100033143;0;10;0;0;2;7;15;A01
201100033144;0;1;0;0;0;7;1;A01
201100033145;2;7;0;14;0;3;13;A01
201100033146;0;21;0;0;2;7;1;B01
201100033146;0;33;0;0;2;1;18;A01
201100033147;0;7;0;0;2;1;1;B01
201100033147;0;30;0;0;1;4;11;A01
201100033148;0;2;0;0;0;7;1;A01
201100033149;0;7;0;0;2;2;15;A01
201100033149;0;2;0;0;2;1;1;B01
201100033150;0;7;0;0;2;3;15;B01
201100033150;0;33;0;0;2;2;17;A01
201100033151;0;7;0;0;1;4;4;A01
201100033152;0;14;0;0;2;1;9;A01
201100033152;0;1;0;0;2;1;1;B01
201100033153;0;7;0;0;2;4;1;B01
201100033153;0;7;0;0;2;1;1;C01
201100033153;0;7;0;0;2;1;1;A01
201100033153;0;7;0;0;2;4;1;D01
201100033154;0;7;0;0;1;1;1;A01
201100033155;0;1;0;0;2;1;19;A01
201100033155;0;7;0;0;2;2;1;B01
201100033156;0;37;1;0;2;1;1;B01
201100033156;0;3;0;0;2;1;13;A01
201100033157;0;30;0;7;0;1;14;A01
201100033158;0;31;0;0;2;0;1;A01
201100033158;0;7;0;0;0;0;12;B01
201100033159;0;37;1;0;2;4;23;B01
201100033159;0;7;0;0;2;1;1;A01
201100033160;0;2;0;0;2;1;17;A01
201100033160;0;7;0;0;2;1;1;B01
201100033161;0;7;0;0;2;1;1;B01
201100033161;0;7;0;6;2;6;1;A01
201100033162;0;21;0;0;2;1;1;B01
201100033162;0;7;0;0;2;8;9;A01
201100033163;0;30;0;16;0;1;17;A01
201100033164;0;20;0;0;2;4;23;B01
201100033164;0;30;0;0;2;1;2;A01
201100033165;0;7;0;15;0;2;14;A01
201100033166;0;7;0;1;0;3;17;A01
201100033167;0;7;0;12;0;2;14;A01
201100033168;0;7;0;0;2;4;1;C01
201100033168;0;7;0;0;2;1;1;A01
201100033168;0;7;0;0;2;4;1;B01
201100033169;0;7;0;0;2;1;2;A01
201100033169;0;7;0;0;2;4;23;B01
201100033170;0;10;0;0;2;4;1;B01
201100033170;0;2;0;0;2;1;1;A01
201100033171;0;7;0;0;2;1;15;A01
201100033171;0;7;0;0;2;1;1;B01
201100033172;0;7;0;0;2;2;15;A01
201100033172;0;2;0;0;2;1;1;B01
201100033173;0;7;0;6;0;3;13;A01
201100033174;0;30;0;11;0;1;14;A01
201100033175;0;7;0;12;0;1;13;A01
201100033176;0;7;0;0;2;5;1;A01
201100033176;0;7;0;0;2;1;1;B01
201100033177;0;33;0;0;2;1;1;B01
201100033177;0;7;0;0;2;1;15;A01
201100033178;0;2;0;0;0;5;15;B01
201100033178;0;7;0;0;2;3;1;A01
201100033179;0;30;0;0;0;0;1;A01
201100033180;0;1;0;0;2;3;16;A01
201100033180;0;10;0;0;2;2;1;B01
201100033181;0;1;0;0;0;4;2;C01
201100033181;0;7;0;0;2;6;13;A01
201100033181;0;7;0;0;2;3;21;B01
201100033182;0;10;0;0;2;1;1;B01
201100033182;0;10;0;0;2;1;13;A01
201100033183;0;7;0;2;0;1;1;A01
201100033184;0;2;0;0;2;1;2;A01
201100033184;0;7;0;0;0;6;2;B01
201100033185;0;33;0;0;2;1;2;A01
201100033185;0;7;0;0;2;4;23;B01
201100033186;0;2;0;0;2;1;9;A01
201100033186;0;7;0;0;2;1;19;B01
201100033187;0;2;0;0;0;7;1;A01
201100033188;0;7;0;0;1;3;4;A01
201100033189;0;7;0;0;2;1;0;B01
201100033189;0;7;0;0;2;6;13;A01
201100033190;0;3;0;0;2;3;1;C01
201100033190;0;33;0;0;2;1;21;A01
201100033190;0;7;0;0;2;6;23;B01
201100033191;0;7;0;0;1;2;1;A01
201100033192;0;7;0;0;2;1;1;B01
201100033192;0;38;1;0;0;1;15;A01
201100033193;0;10;0;0;1;1;1;A01
201100033194;0;7;0;0;1;2;2;A01
201100033195;0;7;0;0;1;4;4;A01
201100033196;0;7;0;0;2;3;19;A01
201100033196;0;7;0;0;2;1;1;B01
201100033197;0;2;0;0;0;0;1;A01
201100033198;0;30;0;0;2;3;2;A01
201100033198;0;7;0;0;2;6;2;B01
201100033199;0;7;0;0;2;6;0;A01
201100033199;0;34;0;0;2;1;1;B01
201100033200;0;7;0;13;0;0;0;A01
201100033201;0;10;0;0;2;3;0;A01
201100033201;0;7;0;0;2;7;2;B01
201100033202;0;7;0;0;1;1;1;A01
201100033203;0;7;0;0;1;3;1;A01
201100033204;0;7;0;12;0;1;0;A01
201100033205;0;7;0;0;0;2;0;B01
201100033205;0;7;0;0;0;3;9;A01
201100033206;0;7;0;0;1;3;0;A01
201100033207;0;7;0;0;1;1;0;A01
201100033208;0;13;0;0;2;2;15;A01
201100033208;0;33;0;0;2;1;1;B01
201100033209;0;7;0;0;1;3;20;A01
201100033210;0;7;0;0;2;1;1;A01
201100033211;0;7;0;3;9;2;1;A01
201100033212;0;2;0;0;0;1;0;A01
201100033213;0;1;0;0;2;2;1;A01
201100033213;0;7;0;0;2;3;1;B01
201100033214;0;2;0;0;2;7;9;B01
201100033214;0;7;0;0;2;2;9;A01
201100033215;0;33;0;14;0;9;6;A01
201100033216;0;7;0;0;2;4;2;C01
201100033216;0;7;0;0;2;4;2;B01
201100033216;0;10;0;0;2;1;2;A01
201100033217;0;7;0;0;2;3;1;A01
201100033217;0;7;0;0;0;6;2;B01
201100033218;0;7;0;0;1;2;0;A01
201100033219;0;7;0;0;1;0;20;A01
201100033220;0;7;0;0;2;8;2;B01
201100033220;0;7;0;0;2;1;1;A01
201100033221;0;30;0;0;0;8;0;A01
201100033222;0;7;0;0;0;6;0;B01
201100033222;0;33;0;0;2;1;0;A01
201100033223;0;30;0;0;0;1;0;B01
201100033223;1;7;0;0;2;4;4;A01
201100033224;0;7;0;6;0;1;1;A01
201100033225;0;7;0;0;1;1;1;A01
201100033226;0;30;0;0;0;4;0;A01
201100033226;0;7;0;0;0;0;2;B01
201100033227;0;7;0;0;1;1;9;A01
201100033228;0;7;0;13;0;1;1;A01
201100033229;0;7;0;0;2;1;2;A01
201100033229;0;7;0;0;2;4;23;B01
201100033230;0;10;0;0;2;1;1;A01
201100033230;0;7;0;0;2;5;1;B01
201100033231;0;7;0;0;2;3;5;A01
201100033231;0;7;0;14;0;0;2;C01
201100033231;0;14;0;0;2;3;21;B01
201100033232;0;7;0;0;2;8;15;B01
201100033232;0;7;0;0;2;2;17;A01
201100033233;0;7;0;0;2;1;0;A01
201100033233;0;7;0;0;0;6;0;B01
201100033234;0;1;0;0;2;2;11;A01
201100033234;0;10;0;0;0;7;17;B01
201100033235;0;7;0;6;1;4;4;A01
201100033236;0;7;0;0;2;5;6;A01
201100033236;0;33;0;0;0;0;0;B01
201100033237;0;7;0;0;2;2;16;A01
201100033237;0;7;0;0;2;3;1;B01
201100033238;0;7;0;1;0;2;1;A01
201100033239;0;7;0;0;2;3;1;B01
201100033239;0;30;0;0;2;1;13;A01
201100033240;0;2;0;0;0;0;1;A01
201100033241;0;7;0;0;1;2;1;A01
201100033242;0;10;0;0;2;1;1;A01
201100033242;0;7;0;0;0;4;1;B01
201100033243;0;2;0;8;0;1;1;A01
201100033244;0;7;0;0;1;2;2;A01
201100033245;0;3;0;0;1;1;0;A01
201100033246;0;7;0;0;1;3;1;A01
201100033247;0;7;0;8;0;2;0;A01
201100033248;0;10;0;0;9;2;9;A01
201100033248;0;1;0;0;2;6;0;B01
201100033249;0;7;0;0;1;3;0;A01
201100033250;0;7;0;0;0;4;23;E01
201100033250;0;7;0;0;2;1;23;D01
201100033250;0;7;0;0;2;1;23;C01
201100033250;0;7;0;0;2;1;23;B01
201100033250;0;7;0;0;2;1;1;A01
201100033251;0;7;0;0;1;1;1;A01
201100033252;0;7;0;0;2;1;0;A01
201100033252;0;2;0;0;2;2;0;B01
201100033253;0;7;0;0;1;1;1;A01
201100033254;0;30;0;0;2;1;1;B01
201100033254;0;7;0;0;9;1;0;A01
201100033255;0;7;0;0;1;1;0;A01
201100033256;0;7;0;11;0;3;13;A01
201100033257;0;7;0;0;1;2;1;A01
201100033258;0;7;0;0;1;2;1;A01
201100033259;0;7;0;0;0;7;1;B01
201100033259;0;7;0;0;2;2;1;C01
201100033259;0;7;0;0;2;1;15;A01
201100033260;0;7;0;0;1;2;2;A01
201100033261;0;7;0;0;1;1;1;A01
201100033262;0;7;0;0;1;2;1;A01
201100033263;0;30;0;0;0;0;0;A01
201100033263;0;7;0;0;0;0;0;B01
201100033264;0;7;0;8;0;1;1;A01
201100033265;1;7;0;0;0;0;0;A01
201100033266;0;7;0;9;0;7;0;A01
201100033267;0;7;0;0;2;7;16;B01
201100033267;0;30;0;0;2;1;18;A01
201100033268;0;7;0;0;2;2;17;A01
201100033268;0;21;0;0;0;6;13;B01
201100033269;0;7;0;0;1;2;2;A01
201100033270;0;31;0;11;0;1;1;A01
201100033271;0;31;0;0;2;1;2;A01
201100033271;0;7;0;0;2;6;2;B01
201100033272;0;7;0;0;0;1;1;A01
201100033273;0;7;0;13;0;1;1;A01
201100033274;0;7;0;12;0;1;19;A01
201100033275;0;7;0;0;2;8;9;B01
201100033275;0;1;0;0;2;8;5;A01
201100033276;0;10;0;0;2;1;13;A01
201100033276;0;10;0;0;2;1;1;B01
201100033277;2;7;0;0;1;0;4;A01
201100033278;0;33;0;0;0;7;1;A01
201100033278;0;7;0;0;2;3;15;B01
201100033279;0;7;0;0;2;7;17;A01
201100033279;0;1;0;0;2;8;2;B01
201100033280;0;33;0;0;2;1;17;A01
201100033280;0;7;0;0;0;3;15;B01
201100033281;0;17;0;3;0;9;1;A01
201100033282;0;7;0;0;1;2;2;A01
201100033283;0;10;0;0;0;6;23;A01
201100033283;0;33;0;14;0;1;2;B01
201100033284;0;7;0;0;1;2;1;A01
201100033285;0;7;0;3;0;0;1;A01
201100033286;0;7;0;0;2;5;15;A01
201100033286;0;2;0;0;2;1;1;B01
201100033287;0;7;0;3;0;1;1;A01
201100033288;0;10;0;0;1;1;2;A01
201100033289;0;10;0;0;1;2;2;A01
201100033290;0;10;0;0;1;1;1;A01
201100033291;0;7;0;0;0;4;1;A01
201100033291;0;7;0;0;2;1;1;B01
201100033292;0;7;0;0;1;2;1;A01
201100033293;0;7;0;0;2;4;23;B01
201100033293;0;7;0;0;2;4;23;C01
201100033293;0;7;0;0;2;1;2;A01
201100033294;0;7;0;0;2;6;1;A01
201100033294;0;7;0;0;2;1;19;B01
201100033295;0;10;0;0;1;2;1;A01
201100033296;0;10;0;9;0;1;1;A01
201100033297;0;1;0;0;1;1;5;A01
201100033298;0;10;0;0;2;3;2;A01
201100033298;0;1;0;0;2;3;2;B01
201100033299;0;7;0;13;0;2;1;A01
201100033300;0;7;0;0;1;0;11;A01
201100033301;0;7;0;9;2;3;1;B01
201100033301;0;10;0;9;2;1;1;A01
201100033302;0;14;0;0;1;1;2;A01
201100033303;0;7;0;0;1;4;4;A01
201100033304;0;7;0;0;1;3;1;A01
201100033305;0;2;0;13;0;1;0;A01
201100033306;0;2;0;0;2;1;16;A01
201100033306;0;7;0;0;2;8;1;B01
201100033307;0;14;0;0;2;3;1;B01
201100033307;0;7;0;0;2;1;13;A01
201100033308;0;7;0;0;1;2;1;A01
201100033309;0;30;0;0;0;0;1;A01
201100033310;0;32;0;0;2;1;1;B01
201100033310;0;7;0;0;2;3;9;A01
201100033311;0;2;0;0;2;1;1;B01
201100033311;0;7;0;0;2;8;10;A01
201100033312;0;15;0;0;0;0;9;A01
201100033312;0;1;0;0;0;1;21;B01
201100033312;0;15;0;0;2;3;1;C01
201100033313;0;7;0;0;2;1;0;A01
201100033313;0;1;0;0;2;1;1;B01
201100033314;0;7;0;0;2;4;2;B01
201100033314;0;7;0;14;0;1;2;A01
201100033315;0;7;0;0;2;3;2;A01
201100033315;0;1;0;0;2;4;2;B01
201100033316;0;3;0;0;1;1;0;A01
201100033317;0;7;0;0;1;1;16;A01
201100033318;0;10;0;2;2;5;1;B01
201100033318;0;10;0;0;2;1;16;A01
201100033319;0;7;0;12;0;2;0;A01
201100033320;0;17;0;0;2;7;1;A01
201100033320;0;2;0;0;2;3;18;B01
201100033321;0;15;0;10;0;1;14;A01
201100033322;0;7;0;0;2;2;15;A01
201100033322;0;30;0;0;2;7;21;B01
201100033323;0;7;0;0;2;2;1;A01
201100033323;0;7;0;0;2;1;1;B01
201100033324;0;33;0;0;0;0;1;A01
201100033325;0;30;0;0;0;7;0;A01
201100033326;0;15;0;0;1;8;1;A01
201100033327;0;31;0;0;2;1;2;A01
201100033327;0;14;0;0;2;4;15;B01
201100033328;0;7;0;0;2;1;1;B01
201100033328;0;7;0;0;2;3;15;A01
201100033329;0;7;0;0;2;1;1;A01
201100033329;0;7;0;0;2;1;1;B01
201100033330;0;10;0;0;1;4;4;A01
201100033331;0;7;0;0;2;1;13;A01
201100033331;0;7;0;0;2;1;0;B01
201100033332;0;1;0;0;2;4;1;B01
201100033332;0;7;0;0;2;2;13;A01
201100033333;0;7;0;0;1;1;1;A01
201100033334;2;10;0;0;2;1;17;A01
201100033334;0;21;0;0;0;4;16;B01
201100033335;0;7;0;0;2;3;1;B01
201100033335;0;30;0;0;2;1;1;A01
201100033336;0;2;0;0;2;1;1;A01
201100033336;0;7;0;0;2;8;1;B01
201100033337;0;7;0;0;1;2;1;A01
201100033338;0;2;0;0;2;1;1;B01
201100033338;0;7;0;0;2;3;15;A01
201100033338;0;7;0;0;0;8;23;C01
201100033339;0;7;0;0;2;8;15;A01
201100033339;0;33;0;0;2;1;1;B01
201100033340;0;7;0;0;2;3;15;A01
201100033340;0;30;0;0;2;7;1;B01
201100033341;0;30;0;0;2;1;1;A01
201100033341;0;7;0;0;2;6;16;B01
201100033342;0;7;0;0;1;6;4;A01
201100033343;0;7;0;0;2;7;15;B01
201100033343;0;31;0;0;2;1;1;A01
201100033344;0;7;0;0;2;1;1;C01
201100033344;0;7;0;0;2;3;15;A01
201100033344;0;33;0;0;2;1;1;B01
201100033345;0;7;0;0;2;3;9;A01
201100033345;0;1;0;0;2;5;1;B01
201100033346;0;37;0;0;2;6;2;B01
201100033346;0;33;0;12;2;2;17;A01
201100033347;0;30;0;0;2;1;1;B01
201100033347;0;7;0;0;2;5;15;A01
201100033348;0;7;0;0;1;8;0;A01
201100033349;0;7;0;0;2;1;2;A01
201100033349;0;7;0;0;2;4;15;B01
201100033350;0;37;1;0;1;5;0;A01
201100033351;0;7;0;0;2;1;19;B01
201100033351;0;7;0;0;2;1;15;A01
201100033352;0;30;0;0;2;8;1;B01
201100033352;0;7;0;0;2;1;15;A01
201100033353;0;7;0;0;2;3;1;B01
201100033353;2;7;0;0;2;2;15;Z01
201100033354;0;7;0;0;1;2;0;A01
201100033355;0;31;0;0;2;2;1;B01
201100033355;0;7;0;0;2;6;15;A01
201100033356;0;7;0;14;0;3;1;A01
201100033357;0;7;0;0;2;3;1;B01
201100033357;0;7;0;0;2;1;11;A01
201100033358;0;7;0;0;2;2;19;A01
201100033358;0;7;0;0;2;3;19;B01
201100033359;0;7;0;3;0;1;0;A01
201100033360;0;7;0;0;2;1;1;B01
201100033360;0;1;0;0;2;3;19;A01
201100033361;1;10;0;0;0;0;0;A01
201100033361;0;7;0;15;0;3;21;B01
201100033362;0;37;0;0;1;2;1;A01
201100033363;0;7;0;0;2;2;1;B01
201100033363;0;33;0;0;2;5;1;A01
201100033364;0;7;0;0;0;0;0;A01
201100033365;0;33;0;0;0;0;0;A01
201100033365;0;7;0;0;0;0;0;B01
201100033366;0;33;0;0;2;1;1;B01
201100033366;0;7;0;0;2;7;15;A01
201100033367;0;7;0;0;1;3;1;A01
201100033368;2;10;0;0;2;3;12;A01
201100033368;0;7;0;0;0;5;1;B01
201100033369;0;31;0;0;2;7;1;A01
201100033369;0;7;0;0;2;3;1;B01
201100033370;0;7;0;0;2;8;1;A01
201100033370;0;1;0;0;2;1;1;B01
201100033371;0;15;0;0;2;5;11;A01
201100033371;0;10;0;0;2;3;21;B01
201100033372;0;7;0;0;1;2;1;A01
201100033373;0;37;2;0;2;1;1;B01
201100033373;0;34;0;0;2;4;16;A01
201100033374;0;7;0;0;2;1;2;A01
201100033374;0;7;0;0;1;5;1;B01
201100033375;0;33;0;0;2;7;16;A01
201100033375;0;7;0;0;2;1;0;B01
201100033376;0;7;0;1;0;8;1;A01
201100033377;0;7;0;0;2;3;9;A01
201100033377;0;7;0;0;2;8;1;B01
201100033378;0;7;0;0;1;3;16;A01
201100033379;1;7;0;0;1;1;1;A01
201100033380;0;1;0;0;2;1;16;B01
201100033380;0;7;0;0;2;2;15;A01
201100033381;0;40;0;0;2;1;0;A01
201100033381;0;30;0;0;4;2;19;B01
201100033382;0;2;0;1;2;1;1;B01
201100033382;0;7;0;0;2;7;16;A01
201100033383;1;13;0;0;2;4;0;Z01
201100033383;0;2;0;0;2;2;1;A01
201100033384;0;33;0;0;2;1;1;B01
201100033384;0;7;0;0;2;3;15;A01
201100033385;0;7;0;0;2;3;0;B01
201100033385;0;30;0;0;2;1;13;A01
201100033386;0;7;0;0;2;2;1;B01
201100033386;0;7;0;0;2;3;1;A01
201100033387;0;7;0;0;2;1;1;A01
201100033387;0;7;0;0;2;8;1;B01
201100033388;0;7;0;0;2;8;0;B01
201100033388;0;2;0;0;2;7;17;A01
201100033389;0;33;0;0;2;1;17;A01
201100033389;0;7;0;0;2;6;15;B01
201100033390;0;7;0;0;1;2;1;A01
201100033391;0;99;0;0;2;6;2;B01
201100033391;0;7;0;0;2;2;17;A01
201100033392;0;7;0;0;1;2;14;A01
201100033393;0;33;0;0;2;7;23;B01
201100033393;0;7;0;;2;1;16;A01
201100033394;0;37;0;0;1;2;1;A01
201100033395;0;7;0;0;1;2;1;A01
201100033396;0;7;0;0;1;1;15;A01
201100033397;0;7;0;0;1;1;1;A01
201100033398;0;7;0;0;2;4;2;B01
201100033398;0;7;0;0;2;4;2;C01
201100033398;0;7;0;0;2;1;1;A01
201100033399;0;7;0;0;2;1;9;A01
201100033399;0;1;0;0;2;7;1;B01
201100033400;0;7;0;0;1;4;4;A01
201100033401;0;33;0;0;2;1;1;B01
201100033401;0;7;0;0;2;3;10;A01
201100033401;0;1;0;0;2;1;1;C01
201100033402;0;7;0;2;0;1;0;A01
201100033403;0;7;0;0;1;5;9;A01
201100033404;0;7;0;6;0;0;1;A01
201100033405;0;7;0;0;1;1;1;A01
201100033406;0;7;0;0;1;2;15;A01
201100033407;0;7;0;0;1;2;0;A01
201100033408;0;32;0;0;2;1;7;A01
201100033408;0;7;0;0;2;7;15;B01
201100033409;0;32;0;0;1;1;2;A01
201100033410;0;7;0;0;2;3;1;B01
201100033410;0;33;0;1;2;2;17;A01
201100033411;0;7;0;0;1;1;1;A01
201100033412;0;10;0;0;2;1;1;A01
201100033412;0;2;0;0;2;4;1;B01
201100033413;0;7;0;0;2;1;15;A01
201100033413;0;30;0;0;2;1;1;B01
201100033414;0;7;0;0;1;1;1;A01
201100033415;0;7;0;1;1;1;0;B01
201100033415;0;7;0;0;0;8;0;C01
201100033415;0;7;0;0;0;1;0;D01
201100033415;0;7;0;0;2;1;20;A01
201100033416;0;40;0;0;1;8;1;A01
201100033417;0;10;0;0;1;7;1;A01
201100033418;1;7;0;0;1;1;16;Z01
201100033419;0;10;0;0;1;1;1;A01
201100033420;0;37;0;0;1;1;1;A01
201100033421;0;7;0;0;1;3;1;A01
201100033422;0;2;0;6;2;2;17;A01
201100033422;0;7;0;0;0;0;15;B01
201100033423;0;7;0;0;2;7;15;A01
201100033423;0;33;0;0;2;1;1;B01
201100033424;0;40;1;0;1;2;0;A01
201100033425;0;7;0;0;2;1;1;A01
201100033425;0;7;0;0;2;4;2;C01
201100033425;0;7;0;0;2;9;2;B01
201100033426;0;7;0;0;2;1;15;A01
201100033426;0;2;0;0;2;1;1;B01
201100033427;0;1;0;0;2;7;15;A01
201100033427;0;2;0;0;2;7;1;B01
201100033428;0;7;0;0;1;2;1;A01
201100033429;0;7;0;0;1;3;1;A01
201100033430;0;40;1;0;1;3;1;A01
201100033430;0;40;1;0;1;3;1;B01
201100033431;0;7;0;0;1;3;16;A01
201100033432;0;7;0;0;1;1;1;A01
201100033433;0;7;0;0;1;1;1;A01
201100033434;0;3;0;0;2;1;21;B01
201100033434;0;1;0;0;2;8;19;A01
201100033435;0;7;0;0;2;1;1;A01
201100033435;0;10;0;0;2;4;1;B01
201100033435;0;7;0;0;2;4;1;C01
201100033436;0;33;0;0;2;7;17;A01
201100033436;0;7;0;0;2;8;15;B01
201100033437;0;7;0;8;0;1;14;A01
201100033438;0;10;0;0;2;8;1;A01
201100033438;0;7;0;0;0;1;1;B01
201100033439;0;7;0;0;2;2;1;B01
201100033439;0;7;0;0;2;1;1;A01
201100033440;0;7;0;8;0;1;14;A01
201100033441;1;7;0;0;2;7;14;Z01
201100033441;0;1;0;0;2;8;1;A01
201100033442;0;33;0;0;0;7;13;A01
201100033443;0;7;0;0;2;1;1;A01
201100033443;0;7;0;0;2;1;15;B01
201100033444;0;30;0;0;1;1;13;A01
201100033445;0;10;0;0;2;7;16;B01
201100033445;0;30;0;0;2;3;16;A01
201100033446;0;7;0;0;1;1;1;A01
201100033447;1;7;0;0;1;3;5;Z01
201100033448;0;7;0;0;9;1;1;A01
201100033448;0;7;0;0;2;4;23;B01
201100033449;0;33;0;0;2;1;21;A01
201100033449;0;7;0;0;2;4;1;B01
201100033450;0;7;0;0;1;8;1;A01
201100033451;0;7;0;0;1;1;1;A01
201100033452;0;7;0;0;2;1;1;A01
201100033452;0;7;0;0;2;4;1;B01
201100033453;0;10;0;0;2;1;21;C01
201100033453;0;7;0;0;2;8;21;B01
201100033453;0;7;0;0;2;1;1;A01
201100033454;0;7;0;0;2;3;15;A01
201100033454;0;7;0;0;2;1;1;B01
201100033455;0;7;0;0;1;4;4;A01
201100033456;0;7;0;0;2;8;15;A01
201100033456;0;7;0;0;2;2;1;B01
201100033457;0;7;0;0;2;4;23;C01
201100033457;0;14;0;0;2;1;1;A01
201100033457;0;7;0;0;2;4;23;B01
201100033458;0;1;0;0;2;8;15;B01
201100033458;0;7;0;0;2;7;15;A01
201100033459;0;7;0;0;2;1;1;B01
201100033459;0;7;0;0;2;1;15;A01
201100033460;0;33;0;0;2;1;13;A01
201100033460;0;7;0;0;2;2;1;B01
201100033461;0;30;0;16;0;8;21;B01
201100033461;1;7;0;0;0;0;16;Z01
201100033462;0;7;0;0;1;1;0;A01
201100033463;0;7;0;0;1;1;1;A01
201100033464;0;7;0;0;1;2;21;A01
201100033465;0;33;0;0;5;8;21;A01
201100033466;0;7;0;0;1;2;1;A01
201100033467;0;7;0;0;2;6;10;A01
201100033467;0;33;0;0;2;1;1;B01
201100033468;0;7;0;0;2;4;19;A01
201100033468;0;7;0;0;2;1;2;B01
201100033469;0;7;0;0;2;3;15;B01
201100033469;0;7;0;0;2;1;2;A01
201100033470;0;7;0;0;2;1;1;B01
201100033470;0;7;0;0;2;7;19;A01
201100033471;1;7;0;0;1;1;1;Z01
201100033472;0;2;0;0;2;2;0;A01
201100033472;0;7;0;0;9;3;0;B01
201100033473;0;7;0;0;2;1;1;A01
201100033473;0;7;0;0;2;4;0;C01
201100033473;0;7;0;0;2;4;1;D01
201100033473;0;7;0;0;2;4;1;B01
201100033473;0;7;0;0;2;4;1;E01
201100033474;0;1;0;0;0;0;1;A01
201100033475;0;7;0;12;0;1;1;A01
201100033476;0;7;0;0;1;2;1;A01
201100033477;0;7;0;0;1;1;0;A01
201100033478;0;7;0;6;1;5;4;A01
201100033479;0;10;0;0;2;3;1;B01
201100033479;0;31;0;0;2;8;15;A01
201100033480;0;7;0;0;1;1;0;A01
201100033481;0;7;0;0;1;1;2;A01
201100033482;0;7;0;0;1;1;2;A01
201100033483;0;7;0;0;2;1;2;B01
201100033483;0;7;0;0;2;1;13;A01
201100033484;0;7;0;0;1;0;0;A01
201100033485;0;7;0;0;1;4;4;A01
201100033486;0;2;0;14;0;1;1;A01
201100033487;0;7;0;0;1;7;1;A01
201100033488;0;7;0;2;0;3;0;A01
201100033489;0;7;0;0;2;3;15;A01
201100033489;0;30;0;0;2;1;8;B01
201100033490;0;7;0;0;1;1;2;A01
201100033491;0;7;0;0;1;3;16;A01
201100033492;0;2;0;0;2;0;2;B01
201100033492;0;7;0;0;2;7;15;A01
201100033493;0;31;0;0;2;1;1;B01
201100033493;0;7;0;0;2;7;15;A01
201100033494;0;7;0;0;2;3;1;B01
201100033494;0;33;0;0;2;1;13;A01
201100033495;0;7;0;2;0;0;12;A01
201100033496;0;7;0;0;2;1;2;A01
201100033496;0;7;0;0;2;4;2;B01
201100033497;0;30;0;0;0;8;1;A01
201100033498;0;7;0;0;1;8;1;A01
201100033499;0;10;0;0;2;1;9;A01
201100033499;0;7;0;0;2;1;23;C01
201100033499;0;30;0;0;2;7;1;B01
201100033500;0;1;0;0;2;8;1;B01
201100033500;0;7;0;0;2;1;9;A01
201100033501;0;33;0;12;0;1;1;A01
201100033502;0;14;0;0;2;2;2;A01
201100033502;0;7;0;0;2;6;2;B01
201100033503;0;30;0;0;2;1;1;B01
201100033503;0;7;0;0;2;4;4;A01
201100033504;0;33;0;1;0;0;1;A01
201100033505;0;7;0;0;0;1;1;A01
201100033506;0;1;0;0;2;1;15;B01
201100033506;0;7;0;0;2;1;1;A01
201100033507;0;2;0;0;2;1;9;B01
201100033507;0;7;0;0;2;6;9;A01
201100033508;0;7;0;0;1;0;1;A01
201100033509;0;31;0;0;2;7;1;B01
201100033509;0;7;0;0;2;1;16;A01
201100033510;0;7;0;0;2;4;23;B01
201100033510;0;7;0;0;2;1;1;A01
201100033510;0;7;0;0;0;4;23;C01
201100033511;0;7;0;6;0;2;16;A01
201100033512;0;33;0;0;0;1;1;B01
201100033512;0;10;0;0;0;0;13;A01
201100033513;0;7;0;8;0;0;1;A01
201100033514;0;2;0;0;2;1;1;B01
201100033514;0;7;0;0;2;8;15;A01
201100033515;0;7;0;12;0;9;1;A01
201100033516;0;7;0;0;2;0;15;A01
201100033516;0;1;0;0;2;1;1;B01
201100033517;0;7;0;0;1;3;16;A01
201100033518;0;7;0;0;2;9;1;A01
201100033518;0;7;0;8;2;9;2;B01
201100033518;0;7;0;0;2;8;1;C01
201100033518;0;7;0;0;2;3;1;D01
201100033519;0;7;0;0;2;1;2;A01
201100033519;0;7;0;0;2;9;2;B01
201100033519;0;7;0;0;2;4;23;C01
201100033520;0;3;0;0;1;1;1;A01
201100033521;0;30;0;0;2;8;15;A01
201100033521;0;7;0;0;2;3;1;B01
201100033522;0;7;0;0;2;3;15;A01
201100033522;0;2;0;0;2;1;1;B01
201100033523;0;7;0;0;2;8;15;A01
201100033523;0;33;0;0;2;1;1;B01
201100033524;0;33;0;0;2;8;2;A01
201100033524;0;7;0;0;2;6;11;B01
201100033525;0;2;0;0;2;1;1;A01
201100033525;0;7;0;0;2;5;1;B01
201100033526;0;7;0;0;1;2;1;A01
201100033527;0;34;0;0;2;1;1;B01
201100033527;0;7;0;0;2;1;15;A01
201100033528;0;7;0;13;0;1;1;A01
201100033529;0;2;0;0;2;1;1;B01
201100033529;0;10;0;0;2;3;15;A01
201100033530;0;7;0;11;0;2;13;A01
201100033530;0;7;0;0;0;0;20;B01
201100033531;0;33;0;7;0;2;1;A01
201100033532;0;33;0;0;2;8;1;C01
201100033532;0;33;0;0;2;7;1;B01
201100033532;0;10;0;14;2;7;13;A01
201100033533;0;7;0;0;1;1;1;A01
201100033534;0;7;0;6;0;8;13;A01
201100033535;0;7;0;0;2;3;1;B01
201100033535;0;7;0;0;2;6;13;A01
201100033536;0;7;0;0;2;3;13;A01
201100033536;0;7;0;0;2;2;1;B01