num_acc;senc;catv;occutc;obs;obsm;choc;manv;num_veh
201100034293;0;33;0;0;2;7;1;B01
201100034293;0;7;0;0;2;0;9;A01
201100034294;0;7;0;0;2;6;1;B01
201100034294;0;7;0;0;2;1;1;A01
201100034295;0;7;0;0;2;4;2;C01
201100034295;0;7;0;0;2;1;2;A01
201100034295;0;7;0;0;2;9;2;B01
201100034296;0;7;0;11;0;2;13;A01
201100034297;0;1;0;0;1;1;17;A01
201100034298;0;2;0;12;0;0;0;A01
201100034299;0;2;0;0;2;0;15;B01
201100034299;0;7;0;0;2;1;0;A01
201100034300;0;2;0;0;0;8;1;A01
201100034301;0;7;0;0;0;0;1;A01
201100034302;0;1;0;0;2;1;1;B01
201100034302;0;7;0;0;2;2;9;A01
201100034303;0;7;0;0;2;6;15;A01
201100034303;0;2;0;0;2;8;1;B01
201100034304;0;7;0;0;2;8;24;C01
201100034304;0;7;0;0;2;3;15;B01
201100034304;0;2;0;0;2;7;1;A01
201100034305;0;20;0;0;2;5;15;A01
201100034305;0;33;0;0;2;2;1;B01
201100034306;0;7;0;0;0;1;1;A01
201100034307;0;7;0;0;2;4;1;B01
201100034307;0;2;0;0;2;1;2;A01
201100034308;0;2;0;13;0;9;1;A01
201100034309;0;2;0;0;2;0;18;A01
201100034309;0;7;0;0;2;0;16;B01
201100034310;0;33;0;0;2;1;1;B01
201100034310;0;7;0;0;2;5;15;A01
201100034311;0;7;0;0;2;1;1;A01
201100034311;0;2;0;0;2;7;9;B01
201100034312;0;31;0;0;2;7;2;B01
201100034312;0;7;0;0;2;3;2;A01
201100034313;0;2;0;0;0;0;0;A01
201100034314;0;7;0;0;1;1;1;A01
201100034315;0;2;0;8;0;0;1;A01
201100034316;0;2;0;0;0;0;1;A01
201100034317;0;7;0;0;2;4;1;B01
201100034317;0;7;0;0;2;1;1;A01
201100034318;0;7;0;3;0;0;0;A01
201100034319;0;2;0;0;2;0;1;A01
201100034319;0;7;0;0;2;3;0;B01
201100034320;0;2;0;0;0;0;0;A01
201100034321;0;7;0;0;2;0;2;A01
201100034321;0;7;0;0;2;0;2;B01
201100034321;0;7;0;0;2;0;0;C01
201100034322;0;7;0;0;2;0;1;B01
201100034322;0;2;0;0;2;0;0;A01
201100034323;0;2;0;0;2;1;1;B01
201100034323;0;7;0;0;2;3;20;A01
201100034324;0;2;0;0;2;1;1;B01
201100034324;0;7;0;0;2;8;20;A01
201100034325;0;7;0;0;2;4;1;B01
201100034325;0;7;0;0;2;1;1;A01
201100034326;0;7;0;0;1;1;16;A01
201100034327;0;7;0;0;2;1;13;A01
201100034327;0;7;0;0;2;3;1;B01
201100034328;0;7;0;0;2;6;24;B01
201100034328;0;7;0;0;2;2;14;C01
201100034328;0;7;0;1;2;2;21;A01
201100034329;0;2;0;0;2;3;1;B01
201100034329;0;7;0;0;2;0;15;A01
201100034330;0;2;0;0;2;1;18;A01
201100034330;0;7;0;0;2;1;15;B01
201100034331;0;7;0;0;2;1;1;A01
201100034331;0;7;0;0;0;4;1;B01
201100034332;0;37;1;0;2;2;1;B01
201100034332;0;7;0;0;2;3;1;A01
201100034333;0;7;0;0;2;2;15;A01
201100034333;0;2;0;0;2;1;1;B01
201100034334;1;2;0;1;0;8;0;Z01
201100034335;0;7;0;0;0;2;1;A01
201100034336;0;2;0;0;1;1;1;A01
201100034337;0;2;0;0;0;0;1;A01
201100034338;1;7;0;0;1;0;0;Z01
201100034339;0;2;0;0;0;0;1;A01
201100034340;0;7;0;0;1;1;1;A01
201100034341;0;1;0;0;1;1;1;A01
201100034342;0;7;0;0;2;7;1;A01
201100034342;0;7;0;0;2;3;1;B01
201100034343;0;7;0;13;0;1;1;A01
201100034344;0;7;0;0;2;3;1;B01
201100034344;0;7;0;0;2;1;6;A01
201100034345;0;7;0;0;2;1;1;A01
201100034345;0;7;0;0;2;3;1;B01
201100034346;0;7;0;0;1;4;4;A01
201100034347;0;2;0;12;0;1;14;A01
201100034348;0;2;0;0;1;0;0;A01
201100034349;0;7;0;0;2;3;20;A01
201100034349;0;2;0;0;2;1;1;B01
201100034350;0;7;0;0;2;8;1;B01
201100034350;0;7;0;0;2;2;1;A01
201100034351;0;7;0;0;2;3;1;B01
201100034351;0;7;0;0;2;1;15;A01
201100034352;0;7;0;0;1;1;1;A01
201100034353;0;7;0;0;1;1;1;A01
201100034354;0;7;0;0;2;4;1;A01
201100034354;0;2;0;0;2;1;1;B01
201100034355;0;7;0;0;1;2;1;A01
201100034356;0;33;0;0;0;0;1;A01
201100034357;0;7;0;0;2;4;1;B01
201100034357;0;7;0;0;2;1;1;A01
201100034358;0;7;0;0;9;1;1;A01
201100034358;0;1;0;0;2;0;19;B01
201100034359;0;7;0;0;2;1;1;B01
201100034359;0;7;0;0;2;8;20;A01
201100034360;0;7;0;0;1;3;1;A01
201100034361;0;30;0;0;1;1;1;A01
201100034362;0;7;0;0;2;3;1;A01
201100034362;0;2;0;0;2;3;2;B01
201100034363;0;7;0;0;2;1;1;A01
201100034363;0;7;0;0;2;4;1;B01
201100034364;0;2;0;9;0;0;0;A01
201100034365;0;7;0;0;2;4;23;B01
201100034365;0;2;0;0;2;1;1;A01
201100034366;0;7;0;0;2;4;23;C01
201100034366;0;7;0;0;2;4;23;B01
201100034366;0;7;0;0;2;1;1;A01
201100034367;0;2;0;0;0;0;2;A01
201100034368;0;7;0;0;2;1;1;A01
201100034368;0;2;0;0;2;8;1;B01
201100034369;0;7;0;8;0;1;14;A01
201100034370;0;7;0;0;0;1;0;A01
201100034371;0;3;0;7;0;1;14;A01
201100034372;0;7;0;0;2;1;0;B01
201100034372;0;7;0;0;2;7;0;A01
201100034373;0;2;0;0;0;0;1;A01
201100034374;0;7;0;0;0;1;1;A01
201100034375;0;7;0;0;0;0;1;A01
201100034376;0;7;0;0;2;6;15;B01
201100034376;0;7;0;0;2;1;1;A01
201100034377;0;7;0;0;2;3;1;B01
201100034377;0;7;0;0;2;7;15;A01
201100034378;0;7;0;0;1;4;4;A01
201100034379;0;7;0;0;2;1;2;A01
201100034379;0;7;0;0;2;4;2;B01
201100034380;0;7;0;0;2;8;14;A01
201100034380;0;30;0;0;2;1;1;B01
201100034381;0;7;0;0;1;1;1;A01
201100034382;0;7;0;0;2;4;2;B01
201100034382;0;33;0;0;2;1;2;A01
201100034383;0;7;0;0;2;8;1;A01
201100034383;0;1;0;0;2;8;19;B01
201100034384;0;7;0;0;1;1;1;A01
201100034385;0;7;0;0;1;1;1;A01
201100034386;0;7;0;0;2;1;1;B01
201100034386;0;7;0;0;2;1;13;A01
201100034387;0;7;0;0;2;7;15;A01
201100034387;0;33;0;0;2;1;1;B01
201100034388;0;7;0;0;1;2;1;A01
201100034389;0;7;0;0;2;1;2;A01
201100034389;0;7;0;0;2;4;2;B01
201100034390;0;33;0;0;2;1;17;B01
201100034390;0;7;0;0;2;3;15;A01
201100034391;0;10;0;0;1;1;1;A01
201100034391;0;7;0;0;2;4;1;B01
201100034392;0;7;0;0;2;4;2;B01
201100034392;0;7;0;0;2;1;2;A01
201100034393;0;2;0;11;0;1;17;A01
201100034394;0;10;0;15;0;1;6;A01
201100034395;0;14;0;0;2;0;17;A01
201100034395;0;1;0;0;2;0;1;B01
201100034396;0;3;0;13;0;2;1;A01
201100034397;0;7;0;0;2;1;2;D01
201100034397;0;7;0;0;2;1;2;C01
201100034397;0;7;0;0;2;1;2;B01
201100034397;0;7;0;0;0;4;2;A01
201100034398;0;2;0;0;9;1;17;A01
201100034398;0;1;0;0;2;8;1;B01
201100034399;0;7;0;0;2;3;23;B01
201100034399;0;33;0;14;0;1;17;A01
201100034400;1;7;0;0;2;6;1;Z01
201100034400;0;37;2;0;2;2;15;A01
201100034401;0;10;0;0;2;1;1;A01
201100034401;0;7;0;0;2;4;1;B01
201100034402;0;7;0;0;1;1;1;A01
201100034403;0;30;0;0;2;0;18;B01
201100034403;0;7;0;0;2;0;16;A01
201100034404;0;7;0;13;0;9;1;A01
201100034405;0;7;0;0;2;1;9;A01
201100034405;0;7;0;0;2;7;21;B01
201100034406;0;7;0;0;2;8;18;A01
201100034406;0;2;0;0;2;7;1;B01
201100034407;0;7;0;0;1;1;1;A01
201100034408;0;2;0;0;2;8;0;B01
201100034408;0;7;0;0;0;0;0;A01
201100034409;0;7;0;0;9;6;23;B01
201100034409;0;1;0;0;2;1;1;A01
201100034410;0;1;0;0;1;0;0;A01
201100034411;0;7;0;0;2;1;1;B01
201100034411;0;7;0;0;2;8;19;A01
201100034412;0;7;0;0;2;4;2;B01
201100034412;0;10;0;0;2;1;2;A01
201100034413;0;30;0;8;0;8;1;A01
201100034414;0;7;0;7;0;1;13;A01
201100034415;0;1;0;0;2;4;11;A01
201100034415;0;33;0;0;2;1;1;B01
201100034416;0;7;0;0;2;3;15;A01
201100034416;0;33;0;0;2;1;1;B01
201100034417;0;7;0;0;2;3;1;B01
201100034417;0;7;0;0;2;1;19;A01
201100034418;1;33;0;0;1;1;1;Z01
201100034419;0;7;0;0;2;1;1;B01
201100034419;0;2;0;0;2;8;5;A01
201100034420;0;7;0;0;2;1;15;A01
201100034420;0;7;0;0;2;1;1;B01
201100034421;0;7;0;0;2;4;2;B01
201100034421;0;7;0;0;2;1;2;A01
201100034421;0;7;0;0;2;4;2;C01
201100034422;0;7;0;0;1;1;1;A01
201100034423;0;7;0;0;1;3;1;A01
201100034424;0;7;0;0;2;1;21;A01
201100034424;0;1;0;0;2;1;21;B01
201100034425;0;7;0;0;2;8;15;A01
201100034425;0;7;0;0;2;3;1;B01
201100034426;0;7;0;0;2;1;1;B01
201100034426;0;7;0;0;2;1;15;A01
201100034427;0;31;0;12;0;7;14;A01
201100034428;0;37;2;0;1;0;1;A01
201100034429;0;7;0;0;2;1;1;B01
201100034429;0;1;0;0;2;4;9;A01
201100034430;0;7;0;0;1;1;1;A01
201100034431;0;20;0;0;2;9;1;C01
201100034431;0;7;0;0;2;6;9;A01
201100034431;0;15;0;0;2;2;1;B01
201100034432;1;7;0;0;2;0;0;Z01
201100034432;0;2;0;0;2;1;1;B01
201100034433;1;7;0;0;1;0;1;Z01
201100034434;0;7;0;0;2;4;2;B01
201100034434;0;2;0;14;2;1;2;A01
201100034435;0;30;0;0;2;0;1;B01
201100034435;1;7;0;0;2;0;9;Z01
201100034436;0;7;0;0;2;1;2;A01
201100034436;0;7;0;0;2;4;1;B01
201100034437;0;7;0;0;1;3;1;A01
201100034438;0;7;0;0;2;3;0;B01
201100034438;0;7;0;14;2;1;6;A01
201100034439;0;7;0;0;1;2;16;A01
201100034440;0;7;0;0;2;4;1;B01
201100034440;0;7;0;0;2;1;1;A01
201100034441;0;7;0;0;1;2;1;A01
201100034442;0;30;0;0;2;7;1;B01
201100034442;1;10;0;0;2;3;9;Z01
201100034443;1;7;0;0;1;1;0;Z01
201100034444;0;7;0;0;1;2;1;A01
201100034445;0;2;0;0;2;1;1;B01
201100034445;0;7;0;0;2;6;19;A01
201100034446;0;7;0;0;1;1;1;A01
201100034447;0;7;0;0;2;4;2;B01
201100034447;0;7;0;0;2;1;2;A01
201100034448;0;7;0;0;2;1;15;A01
201100034448;0;1;0;0;2;9;1;B01
201100034449;0;7;0;0;2;1;2;A01
201100034449;0;7;0;0;2;4;2;B01
201100034450;0;7;0;16;0;0;1;A01
201100034451;0;30;0;0;2;1;1;A01
201100034451;0;7;0;0;2;4;1;B01
201100034452;0;7;0;0;2;4;2;C01
201100034452;0;7;0;0;2;4;2;B01
201100034452;0;10;0;0;2;1;2;A01
201100034453;0;7;0;0;2;4;16;B01
201100034453;0;10;0;0;2;1;1;A01
201100034454;0;7;0;0;2;2;5;B01
201100034454;0;33;0;0;0;0;14;A01
201100034455;0;7;0;0;2;8;13;A01
201100034455;0;30;0;0;2;1;17;B01
201100034456;0;10;0;0;9;4;1;A01
201100034456;0;7;0;0;2;4;1;B01
201100034457;0;7;0;0;2;1;2;A01
201100034457;0;33;0;0;2;4;0;B01
201100034458;0;10;0;0;2;8;24;A01
201100034458;0;1;0;0;2;1;1;B01
201100034459;0;1;0;0;2;1;9;A01
201100034459;0;7;0;0;9;7;1;B01
201100034460;0;7;0;0;1;4;4;A01
201100034461;1;7;0;0;1;1;1;Z01
201100034462;0;7;0;0;2;1;2;B01
201100034462;0;7;0;0;2;4;2;A01
201100034463;0;7;0;0;2;4;2;A01
201100034463;0;7;0;0;0;4;2;C01
201100034463;0;7;0;0;2;4;2;B01
201100034464;0;7;0;0;9;3;1;A01
201100034464;0;1;0;0;2;1;1;B01
201100034465;0;7;0;0;2;4;2;B01
201100034465;0;7;0;0;2;0;2;A01
201100034465;0;7;0;0;2;1;2;C01
201100034466;0;30;0;0;2;8;2;A01
201100034466;0;7;0;0;2;7;2;B01
201100034467;1;7;0;0;1;3;1;Z01
201100034468;0;7;0;0;2;1;2;A01
201100034469;0;10;0;0;2;1;2;A01
201100034469;0;7;0;0;2;4;2;C01
201100034469;0;7;0;0;2;4;2;B01
201100034470;0;7;0;0;2;1;1;B01
201100034470;0;7;0;0;2;1;15;A01
201100034471;0;7;0;0;1;1;2;A01
201100034472;0;7;0;5;2;3;21;B01
201100034472;0;7;0;0;2;1;20;A01
201100034473;0;7;0;0;1;3;15;A01
201100034474;0;7;0;0;9;8;9;A01
201100034474;0;2;0;0;2;1;2;B01
201100034475;0;7;0;0;2;8;13;B01
201100034475;0;10;0;0;2;2;17;A01
201100034476;0;33;0;16;0;0;1;A01
201100034477;0;10;0;0;2;7;15;A01
201100034477;0;2;0;0;2;1;1;B01
201100034478;0;33;0;0;2;1;15;B01
201100034478;0;7;0;0;2;3;15;A01
201100034479;0;7;0;0;2;8;1;A01
201100034479;0;7;0;0;2;2;15;B01
201100034480;0;7;0;1;2;1;16;A01
201100034480;0;7;0;6;2;8;1;B01
201100034481;0;7;0;0;1;2;1;A01
201100034482;0;7;0;0;0;1;2;B01
201100034482;0;7;0;0;0;1;13;A01
201100034483;0;7;0;0;0;1;1;A01
201100034484;0;33;0;6;2;1;17;B01
201100034484;0;7;0;0;2;8;15;A01
201100034485;0;33;0;0;2;2;1;B01
201100034485;0;7;0;0;2;5;19;A01
201100034486;0;7;0;0;1;1;1;A01
201100034487;0;7;0;0;1;4;4;A01
201100034488;0;7;0;0;1;2;1;A01
201100034489;0;7;0;0;1;1;16;A01
201100034490;0;7;0;0;2;3;5;A01
201100034490;0;7;0;0;2;3;21;B01
201100034491;0;7;0;1;0;2;1;A01
201100034492;0;33;0;0;2;1;21;B01
201100034492;0;7;0;0;2;1;15;A01
201100034493;0;7;0;0;0;1;1;A01
201100034494;0;33;0;0;2;1;15;A01
201100034494;0;7;0;0;0;3;15;B01
201100034495;0;33;0;0;2;1;1;B01
201100034495;0;7;0;0;2;2;15;A01
201100034496;0;7;0;0;2;2;1;B01
201100034496;0;7;0;0;2;1;0;A01
201100034497;0;33;0;0;2;1;13;A01
201100034497;0;10;0;0;2;3;1;C01
201100034497;0;10;0;0;2;6;1;B01
201100034498;0;7;0;0;2;6;20;B01
201100034498;0;7;0;0;2;2;2;A01
201100034499;1;7;0;0;1;1;1;Z01
201100034500;0;33;0;0;2;7;2;B01
201100034500;0;7;0;0;2;1;15;A01
201100034501;0;7;0;0;1;3;1;A01
201100034502;0;7;0;0;2;7;1;A01
201100034502;0;7;0;0;2;1;1;B01
201100034503;0;10;0;0;0;0;13;A01
201100034503;0;33;0;0;0;0;1;B01
201100034504;0;1;0;0;2;7;1;B01
201100034504;0;7;0;0;2;3;15;A01
201100034505;0;14;0;0;1;0;1;A01
201100034506;0;7;0;0;1;4;4;A01
201100034507;0;7;0;0;1;1;2;A01
201100034508;0;7;0;0;2;1;16;A01
201100034508;0;7;0;0;2;3;1;B01
201100034509;0;10;0;0;9;1;0;B01
201100034509;0;7;0;15;0;2;15;A01
201100034510;0;2;0;0;2;1;2;A01
201100034510;0;7;0;0;2;4;2;B01
201100034511;0;7;0;0;1;2;1;A01
201100034512;0;7;0;0;2;1;1;B01
201100034512;0;7;0;0;2;1;13;A01
201100034513;0;7;0;0;1;1;16;A01
201100034514;0;7;0;0;1;1;1;A01
201100034515;0;7;0;0;1;1;15;A01
201100034516;0;7;0;0;1;1;1;A01
201100034517;0;7;0;16;0;9;14;A01
201100034518;0;7;0;0;1;1;15;A01
201100034519;0;7;0;0;1;3;1;A01
201100034520;0;7;0;0;1;0;0;A01
201100034521;0;99;0;0;2;7;1;B01
201100034521;0;7;0;0;2;1;1;A01
201100034522;0;7;0;7;0;1;1;A01
201100034523;0;7;0;15;0;1;13;A01
201100034524;0;7;0;0;1;1;15;A01
201100034525;0;7;0;0;2;1;1;B01
201100034525;0;7;0;0;2;1;13;A01
201100034525;0;7;0;9;0;2;1;C01
201100034526;0;31;0;0;2;2;17;A01
201100034526;0;7;0;0;2;8;15;B01
201100034527;0;7;0;0;2;3;1;C01
201100034527;0;7;0;0;2;1;1;A01
201100034527;0;7;0;0;2;4;1;B01
201100034528;0;2;0;0;2;1;1;B01
201100034528;0;7;0;0;2;3;9;A01
201100034529;0;1;0;0;2;1;1;B01
201100034529;0;7;0;0;2;3;9;A01
201100034530;0;7;0;0;1;1;1;A01
201100034531;0;7;0;0;1;7;1;A01
201100034532;0;7;0;0;1;0;1;A01
201100034533;0;7;0;0;1;1;1;B01
201100034533;0;1;0;0;2;1;17;A01
201100034534;0;33;0;0;2;1;1;B01
201100034534;0;7;0;0;2;2;0;A01
201100034535;0;7;0;0;2;3;15;A01
201100034535;0;7;0;0;2;1;1;B01
201100034536;0;7;0;0;2;4;1;B01
201100034536;0;33;0;0;2;1;1;A01
201100034537;0;7;0;0;1;1;15;A01
201100034538;0;10;0;0;2;3;9;A01
201100034538;0;33;0;0;2;2;1;B01
201100034539;0;37;1;0;1;7;1;A01
201100034540;0;33;0;0;2;1;1;B01
201100034540;0;10;0;0;2;2;20;A01
201100034541;0;31;0;0;2;8;18;A01
201100034541;0;7;0;0;2;2;16;B01
201100034542;0;32;0;0;2;1;1;B01
201100034542;0;7;0;0;2;1;15;A01
201100034543;0;7;0;0;2;1;9;A01
201100034543;0;34;0;0;1;1;0;B01
201100034544;0;2;0;0;2;3;1;B01
201100034544;0;7;0;0;2;3;9;A01
201100034545;0;7;0;0;2;6;9;A01
201100034545;0;31;0;0;2;0;1;B01
201100034546;0;7;0;0;2;2;1;B01
201100034546;0;33;0;0;2;1;9;A01
201100034547;0;7;0;0;1;1;1;B01
201100034547;0;7;0;0;2;8;9;A01
201100034548;0;7;0;0;1;1;1;A01
201100034549;0;7;0;0;2;1;1;B01
201100034549;0;7;0;0;2;2;15;A01
201100034550;0;7;0;0;1;3;1;A01
201100034551;0;7;0;0;2;3;11;A01
201100034551;0;7;0;0;2;2;1;B01
201100034552;1;30;0;0;1;1;0;Z01
201100034553;0;7;0;0;5;1;1;A01
201100034554;0;2;0;1;0;1;0;A01
201100034555;0;7;0;0;2;4;1;B01
201100034555;0;33;0;0;2;1;2;A01
201100034556;0;7;0;0;2;1;2;B01
201100034556;0;7;0;0;9;2;1;A01
201100034557;0;7;0;2;0;1;1;A01
201100034558;0;33;0;3;0;8;2;A01
201100034559;0;7;0;0;1;1;2;A01
201100034560;0;10;0;3;2;7;2;B01
201100034560;0;7;0;0;2;2;9;A01
201100034561;0;7;0;0;2;4;1;B01
201100034561;0;30;0;0;2;1;2;A01
201100034562;0;7;0;8;0;1;2;A01
201100034563;0;7;0;0;2;5;15;A01
201100034563;0;2;0;0;2;1;2;B01
201100034564;1;7;0;0;1;2;0;A01
201100034565;2;7;0;0;1;2;1;A01
201100034566;0;7;0;0;1;2;15;A01
201100034567;0;10;0;0;2;8;1;B01
201100034567;0;7;0;6;2;1;1;A01
201100034567;0;2;0;0;2;1;23;C01
201100034568;0;7;0;0;1;3;1;A01
201100034568;0;37;4;0;1;3;1;B01
201100034569;0;7;0;0;1;3;1;A01
201100034570;0;1;0;0;2;1;1;B01
201100034570;0;7;0;0;9;1;15;A01
201100034571;1;7;0;0;2;0;1;Z01
201100034571;0;1;0;0;2;0;19;B01
201100034572;0;7;0;0;1;1;1;A01
201100034573;0;7;0;3;0;9;1;A01
201100034574;0;7;0;0;2;1;1;B01
201100034574;0;31;0;0;2;1;9;A01
201100034575;0;7;0;0;2;1;13;A01
201100034575;0;7;0;0;2;1;1;B01
201100034576;0;7;0;3;0;1;13;A01
201100034577;0;7;0;0;2;3;9;A01
201100034577;0;31;0;0;2;1;1;B01
201100034578;0;1;0;0;2;1;1;A01
201100034578;0;10;0;0;1;1;1;B01
201100034579;0;7;0;0;2;5;1;A01
201100034579;0;33;0;0;2;1;1;B01
201100034580;0;7;0;0;1;2;2;A01
201100034581;0;7;0;0;1;1;1;A01
201100034582;0;7;0;0;2;1;9;A01
201100034582;0;2;0;0;2;2;1;B01
201100034583;0;7;0;0;2;8;15;A01
201100034583;1;33;0;0;2;1;1;B01
201100034584;0;7;0;0;1;1;1;A01
201100034585;0;7;0;0;2;4;2;B01
201100034585;1;7;0;0;2;1;2;Z01
201100034586;0;7;0;0;2;4;1;B01
201100034586;0;10;0;0;2;2;1;A01
201100034587;0;2;0;0;2;4;1;B01
201100034587;1;7;0;0;2;1;1;Z01
201100034588;0;2;0;0;2;1;1;B01
201100034588;0;7;0;0;2;7;20;A01
201100034588;0;7;0;0;1;3;1;C01
201100034589;0;30;0;1;0;1;1;A01
201100034590;0;7;0;0;1;2;1;A01
201100034591;0;10;0;0;2;1;1;B01
201100034591;0;10;0;0;2;1;1;A01
201100034592;0;7;0;0;2;2;17;A01
201100034592;0;2;0;0;2;1;1;B01
201100034593;0;10;0;0;2;1;1;A01
201100034593;0;7;0;0;2;2;1;B01
201100034594;0;14;0;0;1;0;1;A01
201100034595;0;7;0;0;2;6;0;A01
201100034595;0;30;0;0;2;1;1;B01
201100034596;0;32;0;0;2;1;1;A01
201100034596;0;7;0;0;2;3;9;B01
201100034597;0;10;0;0;2;8;22;A01
201100034597;0;7;0;0;2;2;1;B01
201100034598;0;10;0;0;2;3;22;A01
201100034598;0;1;0;1;0;2;1;B01
201100034599;0;7;0;0;1;2;1;A01
201100034600;0;7;0;0;1;1;1;A01
201100034601;0;7;0;0;1;1;0;A01
201100034602;0;7;0;0;1;2;1;B01
201100034602;0;1;0;0;2;1;19;A01
201100034603;0;7;0;8;2;2;1;B01
201100034603;0;7;0;8;2;1;1;A01
201100034604;0;7;0;7;2;2;1;A01
201100034604;0;7;0;0;2;1;17;B01
201100034605;0;30;0;0;1;1;1;A01
201100034606;0;7;0;0;1;3;0;A01
201100034607;0;7;0;3;0;1;2;A01
201100034608;0;7;0;3;0;9;1;A01
201100034609;0;7;0;0;1;3;15;A01
201100034610;0;7;0;0;0;0;1;B01
201100034610;0;7;0;0;2;1;1;A01
201100034611;0;7;0;0;2;0;1;B01
201100034611;0;10;0;0;2;1;1;A01
201100034611;0;7;0;0;2;4;1;C01
201100034612;0;7;0;0;2;3;1;A01
201100034612;0;7;0;0;2;3;1;B01
201100034613;0;7;0;0;2;1;1;C01
201100034613;0;7;0;0;2;1;1;A01
201100034613;0;7;0;0;2;1;1;B01
201100034614;0;7;0;0;2;1;9;A01
201100034614;0;33;0;0;2;7;9;B01
201100034615;0;33;0;0;2;1;1;B01
201100034615;0;7;0;0;2;2;15;A01
201100034616;0;1;0;0;2;1;1;B01
201100034616;0;7;0;0;9;7;9;A01
201100034617;0;33;0;0;2;1;1;B01
201100034617;0;7;0;0;2;3;9;A01
201100034618;0;7;0;0;2;1;1;B01
201100034618;0;7;0;0;2;1;9;A01
201100034619;0;33;0;0;2;1;1;B01
201100034619;0;7;0;0;2;3;9;A01
201100034620;0;7;0;0;2;3;1;A01
201100034620;0;7;0;0;2;5;0;B01
201100034621;0;7;0;0;1;2;1;A01
201100034622;0;7;0;0;2;1;1;A01
201100034622;0;7;0;0;2;1;1;B01
201100034623;0;7;0;0;2;7;9;A01
201100034623;0;2;0;0;2;1;1;B01
201100034624;0;7;0;0;1;1;1;A01
201100034625;0;7;0;0;1;3;1;A01
201100034626;0;99;0;1;0;1;13;A01
201100034627;0;7;0;0;2;2;1;B01
201100034627;0;7;0;0;2;1;1;A01
201100034628;0;7;0;0;2;2;15;A01
201100034628;0;33;0;0;2;1;1;B01
201100034629;0;2;0;0;2;1;2;A01
201100034629;0;7;0;0;2;6;2;B01
201100034630;0;7;0;0;9;1;0;A01
201100034630;0;2;0;0;2;7;0;B01
201100034631;0;30;0;0;2;1;1;B01
201100034631;0;7;0;0;2;1;20;A01
201100034632;0;7;0;0;0;0;0;A01
201100034633;0;7;0;0;1;1;0;A01
201100034634;0;7;0;0;2;1;15;A01
201100034634;0;7;0;0;2;1;1;B01
201100034635;0;7;0;0;2;1;9;A01
201100034635;0;7;0;0;2;4;13;B01
201100034635;0;7;0;0;2;1;1;C01
201100034636;1;15;0;0;2;1;1;A01
201100034636;0;30;0;0;2;1;0;B01
201100034637;0;7;0;0;2;4;2;B01
201100034637;0;7;0;0;2;1;2;A01
201100034638;0;7;0;0;9;0;13;A01
201100034639;0;7;0;0;1;1;0;A01
201100034640;0;7;0;0;2;4;2;B01
201100034640;0;7;0;0;2;1;2;A01
201100034641;0;7;0;0;1;1;1;A01
201100034642;0;7;0;0;2;2;0;A01
201100034642;0;7;0;0;2;1;1;B01
201100034643;0;7;0;0;2;1;13;A01
201100034643;0;7;0;0;2;1;1;B01
201100034644;0;7;0;0;9;1;15;A01
201100034644;0;34;0;0;2;1;1;B01
201100034645;0;7;0;0;2;1;2;A01
201100034645;0;7;0;0;1;4;2;B01
201100034646;0;7;0;0;2;1;2;A01
201100034646;0;7;0;0;2;4;2;B01
201100034647;0;7;0;0;2;4;2;B01
201100034647;0;7;0;0;2;1;2;A01
201100034648;0;1;0;0;0;1;0;B01
201100034648;0;7;0;0;0;1;9;A01
201100034649;0;7;0;0;2;3;1;B01
201100034649;0;7;0;0;0;2;13;A01
201100034650;0;7;0;0;2;4;2;B01
201100034650;0;7;0;0;2;1;2;A01
201100034651;0;7;0;0;2;1;13;A01
201100034651;0;7;0;0;2;1;1;B01
201100034652;0;7;0;0;1;1;1;A01
201100034653;0;7;0;0;2;1;2;A01
201100034653;0;7;0;0;2;4;2;B01
201100034654;0;30;0;0;2;2;2;B01
201100034654;0;7;0;0;2;1;9;A01
201100034655;0;14;0;0;2;7;1;B01
201100034655;0;7;0;0;2;1;9;A01
201100034656;0;7;0;0;2;1;0;A01
201100034656;0;7;0;0;2;3;1;B01
201100034657;0;1;0;0;2;4;1;B01
201100034657;0;7;0;0;9;1;1;A01
201100034658;0;7;0;0;1;4;4;A01
201100034659;0;7;0;0;1;1;2;A01
201100034660;2;7;0;0;2;1;1;A01
201100034660;0;38;3;0;2;5;1;B01
201100034661;0;7;0;0;1;1;2;A01
201100034662;0;7;0;0;9;1;0;A01
201100034662;0;99;0;0;2;3;0;B01
201100034663;0;7;0;0;1;3;2;A01
201100034664;0;33;0;0;2;1;2;B01
201100034664;0;7;0;0;0;2;15;A01
201100034665;0;30;0;0;0;0;0;A01
201100034666;0;30;0;0;2;1;1;B01
201100034666;0;7;0;0;9;8;15;A01
201100034667;0;38;1;0;1;1;1;A01
201100034668;0;7;0;0;2;1;13;A01
201100034668;0;7;0;0;2;1;2;B01
201100034669;0;7;0;0;1;5;20;A01
201100034670;0;7;0;0;2;4;2;B01
201100034670;0;7;0;0;2;1;2;C01
201100034670;0;7;0;0;2;1;1;A01
201100034671;0;20;0;0;2;0;20;B01
201100034671;0;7;0;0;9;1;2;A01
201100034672;0;7;0;0;9;3;1;B01
201100034672;0;2;0;0;2;1;13;A01
201100034673;0;7;0;0;1;1;2;A01
201100034674;0;7;0;0;2;3;15;A01
201100034674;0;7;0;0;2;2;1;B01
201100034675;0;7;0;0;2;1;2;A01
201100034675;0;7;0;0;2;4;1;B01
201100034676;0;7;0;0;2;4;2;B01
201100034676;0;7;0;0;2;1;2;A01