num_acc;senc;catv;occutc;obs;obsm;choc;manv;num_veh
201100034677;0;2;0;0;2;1;1;B01
201100034677;0;7;0;0;2;1;13;A01
201100034678;0;30;0;0;2;1;1;A01
201100034678;0;7;0;0;2;4;1;B01
201100034679;0;30;0;0;2;1;1;B01
201100034679;0;7;0;0;2;1;15;A01
201100034680;0;7;0;0;2;4;2;B01
201100034680;0;7;0;0;2;1;2;A01
201100034681;0;7;0;0;2;4;1;D01
201100034681;0;7;0;0;2;4;1;B01
201100034681;0;7;0;0;0;4;1;C01
201100034681;0;7;0;0;2;1;1;A01
201100034682;0;7;0;0;2;1;1;B01
201100034682;0;7;0;0;2;1;13;A01
201100034683;0;7;0;0;1;1;1;A01
201100034684;0;7;0;0;2;1;15;B01
201100034684;0;33;0;0;2;1;1;A01
201100034685;0;1;0;0;2;1;1;A01
201100034685;0;7;0;0;9;1;1;B01
201100034686;0;7;0;0;9;1;14;A01
201100034687;0;1;0;0;2;1;1;B01
201100034687;0;7;0;0;9;2;15;A01
201100034688;1;7;0;0;1;1;1;Z01
201100034689;0;7;0;0;1;1;1;A01
201100034690;0;7;0;0;2;1;1;B01
201100034690;0;7;0;0;2;1;13;A01
201100034691;0;7;0;0;0;4;23;B01
201100034691;0;30;0;0;2;1;1;A01
201100034692;0;1;0;0;2;8;1;B01
201100034692;0;10;0;0;0;1;1;A01
201100034693;0;7;0;0;2;8;15;A01
201100034693;0;7;0;0;2;1;1;B01
201100034694;0;37;7;0;1;5;1;A01
201100034695;0;7;0;0;0;1;1;A01
201100034696;0;7;0;0;2;2;15;A01
201100034696;0;7;0;0;2;1;1;B01
201100034697;0;7;0;0;2;1;2;A01
201100034697;0;7;0;0;0;4;2;B01
201100034698;0;7;0;0;1;1;1;A01
201100034699;0;7;0;0;2;4;1;B01
201100034699;0;7;0;0;2;1;1;A01
201100034700;0;7;0;1;0;1;13;A01
201100034700;0;7;0;0;2;4;24;B01
201100034701;0;7;0;0;9;2;20;A01
201100034701;0;1;0;0;2;8;1;B01
201100034702;0;7;0;0;2;4;1;B01
201100034702;0;7;0;0;2;1;1;A01
201100034703;0;1;0;0;2;8;1;B01
201100034703;0;7;0;0;9;1;1;A01
201100034704;0;7;0;0;9;7;9;A01
201100034704;0;1;0;0;0;1;1;B01
201100034705;0;2;0;0;9;1;1;B01
201100034705;0;7;0;0;2;1;9;A01
201100034706;0;7;0;0;2;7;1;A01
201100034706;0;7;0;0;2;1;1;B01
201100034707;0;7;0;0;0;1;0;A01
201100034708;0;10;0;0;0;4;20;A01
201100034709;0;7;0;0;1;4;20;A01
201100034710;0;7;0;0;2;8;15;B01
201100034710;0;2;0;0;2;1;17;A01
201100034711;0;7;0;0;2;1;1;B01
201100034711;0;7;0;0;2;3;16;A01
201100034712;0;7;0;0;0;2;1;B01
201100034712;0;1;0;0;2;1;9;A01
201100034713;0;7;0;0;9;2;16;A01
201100034713;0;34;0;1;2;3;1;B01
201100034714;0;30;0;0;0;1;1;B01
201100034714;0;7;0;0;2;3;1;A01
201100034715;0;7;0;0;2;3;1;B01
201100034715;0;7;0;0;2;2;15;A01
201100034716;0;33;0;0;9;1;21;A01
201100034717;0;7;0;0;2;1;21;B01
201100034717;0;7;0;0;2;2;15;A01
201100034718;0;7;0;0;1;1;1;A01
201100034719;0;7;0;0;2;2;1;B01
201100034719;0;7;0;0;2;3;9;A01
201100034720;0;7;0;1;0;1;14;A01
201100034721;2;7;0;0;9;2;2;Z01
201100034721;0;1;0;0;2;4;2;B01
201100034722;0;33;0;0;2;1;1;A01
201100034722;0;7;0;0;2;4;23;B01
201100034723;0;7;0;0;0;4;23;B01
201100034723;0;7;0;0;2;1;1;A01
201100034724;0;31;0;0;2;2;1;B01
201100034724;0;7;0;0;2;3;15;A01
201100034725;0;7;0;0;0;4;23;C01
201100034725;0;7;0;0;2;1;1;A01
201100034725;0;7;0;0;9;4;23;B01
201100034726;0;7;0;0;1;1;1;A01
201100034727;0;7;0;0;2;3;15;A01
201100034727;0;30;0;0;2;1;1;B01
201100034728;0;7;0;0;9;1;1;A01
201100034728;0;1;0;0;9;1;1;B01
201100034729;0;7;0;0;2;3;1;B01
201100034729;0;7;0;0;2;1;15;A01
201100034730;0;7;0;0;1;1;1;A01
201100034731;0;7;0;0;0;1;1;A01
201100034732;0;30;0;0;2;1;1;B01
201100034732;0;7;0;0;2;1;15;A01
201100034733;0;2;0;0;0;1;1;B01
201100034733;0;7;0;0;2;1;2;A01
201100034734;0;7;0;0;2;4;1;B01
201100034734;0;7;0;0;2;1;0;A01
201100034735;0;7;0;0;1;1;15;A01
201100034736;0;7;0;0;2;3;1;B01
201100034736;0;7;0;0;2;1;9;A01
201100034737;0;7;0;0;2;1;1;C01
201100034737;0;7;0;0;2;3;1;B01
201100034737;0;7;0;0;2;1;13;A01
201100034737;0;7;0;0;2;1;1;D01
201100034738;0;7;0;0;2;8;9;A01
201100034738;0;31;0;0;9;7;1;B01
201100034739;0;7;0;0;1;1;17;A01
201100034740;0;3;0;0;1;1;1;A01
201100034741;0;7;0;0;1;1;1;A01
201100034742;0;30;0;0;2;1;1;B01
201100034742;0;7;0;0;9;3;15;A01
201100034743;0;7;0;0;2;3;1;A01
201100034743;0;7;0;0;2;3;15;B01
201100034744;0;7;0;0;9;5;15;B01
201100034744;0;33;0;0;0;0;0;A01
201100034745;0;7;0;0;1;1;15;A01
201100034746;0;7;0;0;1;1;1;A01
201100034747;0;7;0;0;9;1;1;C01
201100034747;0;7;0;0;0;8;1;B01
201100034747;0;2;0;0;2;1;9;A01
201100034748;0;7;0;0;1;1;1;A01
201100034749;0;7;0;0;9;8;16;A01
201100034749;0;1;0;0;2;1;19;B01
201100034750;0;1;0;0;2;1;9;B01
201100034750;0;7;0;0;9;3;1;A01
201100034751;0;7;0;0;2;4;1;B01
201100034751;0;7;0;0;0;1;1;A01
201100034752;0;10;0;0;2;8;16;B01
201100034752;0;7;0;0;2;2;16;A01
201100034753;0;34;0;0;2;1;0;A01
201100034753;0;7;0;0;2;3;1;B01
201100034754;0;7;0;0;1;1;1;A01
201100034755;0;7;0;0;1;1;13;A01
201100034756;0;7;0;0;9;1;16;A01
201100034756;0;1;0;0;2;7;1;B01
201100034757;0;7;0;0;1;1;15;A01
201100034758;0;7;0;0;2;3;15;A01
201100034758;0;7;0;0;2;1;1;B01
201100034759;0;7;0;0;1;1;1;A01
201100034760;0;7;0;0;1;1;1;A01
201100034761;0;7;0;0;1;1;15;A01
201100034762;0;7;0;0;2;4;1;B01
201100034762;0;7;0;0;2;1;1;A01
201100034763;0;2;0;0;2;1;1;B01
201100034763;0;7;0;0;2;6;10;A01
201100034764;0;7;0;0;0;8;15;A01
201100034764;0;10;0;0;2;1;17;B01
201100034765;0;7;0;0;2;1;1;A01
201100034765;0;7;0;0;2;4;1;B01
201100034766;0;7;0;0;1;2;1;A01
201100034767;0;7;0;0;1;1;1;A01
201100034768;0;7;0;0;1;1;1;A01
201100034769;0;1;0;0;2;4;13;A01
201100034769;0;15;0;0;9;1;17;B01
201100034770;0;7;0;0;1;1;1;A01
201100034771;0;2;0;0;2;1;1;A01
201100034771;0;7;0;0;9;3;15;B01
201100034772;0;30;0;0;9;1;0;A01
201100034773;0;1;0;12;0;0;0;A01
201100034774;0;31;0;0;0;0;0;A01
201100034775;0;1;0;0;0;0;0;A01
201100034776;0;33;0;14;0;1;17;A01
201100034777;0;1;0;6;0;1;0;A01
201100034778;0;2;0;0;0;0;0;A01
201100034779;0;2;0;0;0;0;0;A01
201100034780;0;2;0;0;0;0;0;A01
201100034781;0;7;0;0;2;1;1;A01
201100034781;0;7;0;0;2;1;15;B01
201100034782;0;2;0;0;0;0;0;A01
201100034783;0;33;0;0;0;0;0;A01
201100034784;0;1;0;0;0;0;0;A01
201100034785;0;2;0;0;0;0;0;A01
201100034786;0;1;0;0;0;0;0;A01
201100034787;0;30;0;0;0;0;0;A01
201100034788;0;1;0;0;0;0;0;A01
201100034789;0;7;0;0;1;1;2;A01
201100034790;0;7;0;0;1;1;2;A01
201100034791;0;7;0;0;1;1;2;A01
201100034792;0;7;0;0;2;2;0;B01
201100034792;0;7;0;0;2;1;0;A01
201100034793;0;10;0;14;2;7;2;A01
201100034793;0;3;0;0;2;6;2;B01
201100034794;0;2;0;0;2;3;2;A01
201100034794;0;7;0;0;2;8;2;B01
201100034795;2;7;0;0;2;3;0;A01
201100034795;0;7;0;0;2;3;1;B01
201100034796;1;7;0;0;2;1;15;Z01
201100034796;0;2;0;0;2;1;1;B01
201100034797;0;10;0;0;2;1;1;A01
201100034797;0;7;0;0;2;1;1;B01
201100034798;0;7;0;0;2;3;1;B01
201100034798;0;2;0;0;2;7;1;A01
201100034799;0;7;0;0;2;1;19;A01
201100034799;0;2;0;0;2;8;1;B01
201100034800;0;7;0;0;0;0;15;A01
201100034800;0;33;0;0;0;8;21;B01
201100034801;0;7;0;0;2;7;16;B01
201100034801;0;2;0;0;2;1;1;A01
201100034802;0;7;0;0;2;1;2;A01
201100034802;0;7;0;0;2;4;2;B01
201100034803;0;30;0;1;0;1;0;A01
201100034803;0;7;0;0;2;6;2;B01
201100034804;0;10;0;0;0;3;23;B01
201100034804;0;14;0;6;2;0;0;A01
201100034805;0;1;0;0;0;0;0;A01
201100034805;0;7;0;0;2;3;0;B01
201100034806;0;7;0;0;1;1;2;A01
201100034807;0;7;0;0;1;1;0;A01
201100034808;0;33;0;0;0;3;0;A01
201100034809;0;7;0;0;2;1;0;B01
201100034809;0;30;0;0;2;1;0;A01
201100034810;0;7;0;1;0;2;4;A01
201100034810;0;7;0;0;0;3;24;B01
201100034811;0;7;0;0;1;0;16;A01
201100034812;0;1;0;0;2;8;0;A01
201100034812;0;7;0;0;2;1;15;B01
201100034813;0;10;0;0;0;6;2;B01
201100034813;0;33;0;0;2;2;2;A01
201100034814;0;2;0;0;2;8;1;B01
201100034814;1;7;0;0;2;7;17;Z01
201100034815;0;2;0;0;2;0;0;B01
201100034815;0;10;0;0;2;3;0;A01
201100034816;0;1;0;0;2;1;15;A01
201100034816;0;37;1;0;2;3;1;B01
201100034817;0;2;0;0;2;1;2;A01
201100034817;0;7;0;0;0;4;2;B01
201100034818;0;7;0;0;2;7;17;A01
201100034818;0;1;0;0;2;8;1;B01
201100034819;0;33;0;0;0;0;0;A01
201100034820;1;31;0;0;1;0;1;Z01
201100034821;0;10;0;0;2;1;0;A01
201100034821;0;7;0;0;2;8;1;B01
201100034822;0;7;0;0;2;1;2;A01
201100034822;0;7;0;0;2;4;2;B01
201100034823;0;7;0;0;0;4;2;C01
201100034823;0;7;0;0;2;4;2;B01
201100034823;0;7;0;0;2;1;2;A01
201100034824;0;7;0;1;0;0;0;A01
201100034825;0;7;0;0;2;1;0;A01
201100034825;0;2;0;0;2;8;0;B01
201100034826;0;2;0;12;0;0;0;A01
201100034827;0;7;0;0;2;1;2;A01
201100034827;0;7;0;3;2;4;2;B01
201100034828;0;7;0;0;2;5;2;A01
201100034828;0;2;0;0;2;1;2;B01
201100034829;0;7;0;0;2;0;1;B01
201100034829;0;30;0;0;2;0;15;A01
201100034830;0;7;0;0;2;0;0;A01
201100034830;0;2;0;0;2;0;0;B01
201100034831;0;14;0;0;1;3;1;A01
201100034832;0;30;0;14;0;2;0;A01
201100034833;0;2;0;0;0;8;1;B01
201100034833;0;7;0;0;1;0;1;A01
201100034834;0;7;0;0;0;4;2;B01
201100034834;0;7;0;0;2;1;2;A01
201100034835;0;7;0;0;2;6;1;B01
201100034835;0;7;0;0;2;7;1;A01
201100034836;0;7;0;1;0;1;0;A01
201100034837;0;7;0;0;2;8;1;B01
201100034837;0;7;0;0;2;1;1;A01
201100034838;0;7;0;0;1;8;1;A01
201100034839;0;30;0;1;0;1;2;A01
201100034840;0;7;0;0;2;4;2;B01
201100034840;0;7;0;0;2;3;2;A01
201100034841;0;2;0;12;0;1;0;A01
201100034842;0;7;0;0;2;8;0;B01
201100034842;0;7;0;0;2;3;5;A01
201100034842;0;7;0;0;2;1;24;C01
201100034843;0;7;0;0;2;1;0;A01
201100034843;0;7;0;0;2;1;0;B01
201100034844;0;7;0;0;1;1;2;A01
201100034845;0;2;0;0;0;0;0;A01
201100034846;0;33;0;0;0;4;2;B01
201100034846;0;33;0;0;2;1;2;A01
201100034847;0;2;0;0;0;0;0;A01
201100034848;0;1;0;0;2;1;9;A01
201100034848;0;7;0;0;1;2;2;B01
201100034849;0;33;0;0;0;0;0;A01
201100034850;0;10;0;0;2;7;0;B01
201100034850;0;2;0;0;2;8;0;A01
201100034851;0;1;0;0;2;1;0;A01
201100034851;0;7;0;0;2;3;5;B01
201100034852;0;7;0;0;2;8;0;B01
201100034852;0;33;0;0;2;1;2;A01
201100034853;0;30;0;0;2;1;2;A01
201100034853;0;7;0;0;2;4;0;B01
201100034854;0;7;0;0;2;7;2;B01
201100034854;0;30;0;0;2;1;2;A01
201100034855;0;7;0;0;1;1;0;A01
201100034856;0;7;0;0;1;1;0;A01
201100034857;0;7;0;0;2;8;10;A01
201100034857;0;2;0;0;2;8;0;B01
201100034858;0;7;0;0;1;3;2;A01
201100034859;0;30;0;0;2;1;2;A01
201100034859;0;7;0;0;2;4;2;B01
201100034860;0;7;0;0;1;1;0;A01
201100034861;0;7;0;0;1;1;2;A01
201100034862;0;7;0;0;2;0;2;B01
201100034862;0;7;0;0;2;4;2;C01
201100034862;0;7;0;0;2;1;2;A01
201100034863;0;37;0;0;1;1;0;A01
201100034864;0;7;0;0;2;1;1;B01
201100034864;0;7;0;0;2;6;9;A01
201100034865;0;7;0;0;2;7;2;A01
201100034865;0;1;0;0;2;3;2;B01
201100034866;0;13;0;0;2;1;0;B01
201100034866;0;7;0;0;2;1;0;A01
201100034867;0;7;0;0;1;1;2;A01
201100034868;0;33;0;0;2;7;1;B01
201100034868;0;7;0;0;2;1;0;A01
201100034869;0;2;0;0;2;1;0;A01
201100034869;0;7;0;0;2;4;0;B01
201100034870;0;7;0;0;1;7;0;A01
201100034871;0;7;0;0;1;0;15;A01
201100034872;0;2;0;0;2;1;1;B01
201100034872;0;10;0;0;2;7;15;A01
201100034873;0;7;0;0;2;3;1;A01
201100034873;0;2;0;0;2;5;1;B01
201100034874;0;7;0;0;2;7;15;A01
201100034874;0;7;0;0;2;1;1;B01
201100034875;0;7;0;0;2;1;2;A01
201100034875;0;10;0;0;0;4;1;B01
201100034876;0;2;0;0;2;1;2;A01
201100034876;0;7;0;0;0;4;2;B01
201100034877;0;7;0;0;2;3;5;A01
201100034877;0;7;0;0;2;1;1;B01
201100034878;0;7;0;0;1;8;1;A01
201100034879;0;30;0;0;1;1;13;A01
201100034880;1;7;0;0;1;0;0;Z01
201100034881;0;7;0;0;2;1;15;A01
201100034881;0;30;0;0;2;1;1;B01
201100034882;0;7;0;0;1;3;1;A01
201100034883;0;10;0;0;1;1;0;A01
201100034884;0;2;0;0;2;1;1;B01
201100034884;0;7;0;0;2;3;15;A01
201100034885;0;7;0;1;0;7;1;B01
201100034885;0;7;0;1;1;2;1;A01
201100034886;0;7;0;0;1;1;2;A01
201100034887;0;7;0;0;0;2;1;B01
201100034887;0;7;0;0;0;7;15;A01
201100034888;0;7;0;0;1;1;0;A01
201100034889;0;7;0;0;2;1;0;B01
201100034889;0;7;0;0;2;3;0;A01
201100034890;0;1;0;0;2;1;0;B01
201100034890;0;7;0;0;2;2;12;A01
201100034891;0;7;0;0;2;2;9;A01
201100034891;0;15;0;0;2;2;1;B01
201100034892;0;7;0;0;2;6;9;A01
201100034892;0;33;0;0;2;1;0;B01
201100034893;0;33;0;0;1;1;2;A01
201100034894;0;2;0;0;0;1;1;A01
201100034895;0;7;0;0;2;8;10;B01
201100034895;0;7;0;0;2;7;2;A01
201100034896;0;7;0;0;1;2;0;A01
201100034897;0;7;0;0;1;1;2;A01
201100034898;0;7;0;0;1;3;2;A01
201100034899;0;7;0;0;2;1;2;A01
201100034899;0;7;0;0;2;2;1;B01
201100034900;0;2;0;12;0;2;0;A01
201100034901;0;33;0;0;2;7;2;A01
201100034901;0;7;0;0;2;8;2;B01
201100034902;0;7;0;13;0;1;13;A01
201100034903;0;7;0;8;0;0;6;A01
201100034904;0;1;0;0;2;1;1;A01
201100034904;0;7;0;0;2;5;1;B01
201100034905;0;1;0;0;0;1;0;B01
201100034905;0;7;0;0;0;7;0;A01
201100034906;0;7;0;1;0;1;0;A01
201100034907;0;7;0;0;2;8;1;B01
201100034907;0;7;0;0;2;1;0;A01
201100034908;0;7;0;0;2;3;9;A01
201100034908;0;7;0;0;2;5;1;B01
201100034909;0;7;0;0;2;1;2;A01
201100034909;0;7;0;0;0;4;2;B01
201100034910;0;7;0;13;0;1;20;A01
201100034911;0;2;0;8;0;1;1;A01
201100034912;0;10;0;0;2;2;1;B01
201100034912;0;7;0;0;2;2;13;A01
201100034913;0;7;0;0;2;1;1;B01
201100034913;0;7;0;0;2;1;15;A01
201100034914;0;7;0;0;0;5;0;B01
201100034914;0;1;0;0;0;1;2;A01
201100034915;0;37;1;0;0;5;2;A01
201100034916;0;7;0;13;0;1;14;A01
201100034917;0;7;0;0;0;7;11;A01
201100034917;0;7;0;0;2;1;2;B01
201100034918;0;37;1;0;1;3;15;A01
201100034919;0;7;0;0;0;2;15;A01
201100034919;0;33;0;0;2;1;1;B01
201100034920;0;7;0;0;1;2;1;A01
201100034921;0;7;0;0;1;2;1;A01
201100034922;0;7;0;0;2;2;15;A01
201100034922;0;30;0;0;2;7;1;B01
201100034923;0;7;0;0;2;8;0;B01
201100034923;0;7;0;0;2;2;1;A01
201100034924;0;7;0;0;0;2;1;A01
201100034924;0;1;0;0;0;8;13;B01
201100034925;0;30;0;0;0;8;16;A01
201100034926;0;7;0;0;0;0;1;A01
201100034926;0;1;0;0;0;4;1;B01
201100034927;0;7;0;0;1;1;0;A01
201100034928;0;7;0;10;0;1;0;A01
201100034929;0;1;0;0;2;2;1;B01
201100034929;0;7;0;0;2;3;9;A01
201100034930;0;7;0;16;0;1;2;A01
201100034931;0;7;0;0;1;1;0;A01
201100034932;0;7;0;0;0;3;10;A01
201100034932;0;2;0;0;2;3;2;B01
201100034933;0;7;0;14;0;3;15;A01
201100034933;0;1;0;0;2;8;23;B01
201100034934;0;7;0;0;1;3;0;A01
201100034935;0;10;0;0;1;1;1;A01
201100034936;1;15;0;0;0;0;0;A01
201100034937;0;7;0;0;2;1;2;A01
201100034937;0;30;0;0;2;0;2;B01
201100034938;2;30;0;1;0;1;14;A01
201100034938;0;7;0;0;0;2;0;B01
201100034939;0;7;0;0;2;1;1;A01
201100034939;0;7;0;0;2;8;15;B01
201100034940;0;7;0;0;2;1;17;A01
201100034940;0;7;0;0;2;1;1;B01
201100034941;0;7;0;0;1;1;15;A01
201100034942;0;38;1;0;1;2;0;A01
201100034943;0;21;0;4;2;8;1;A01
201100034943;0;1;0;0;2;1;13;B01
201100034944;0;33;0;0;2;7;17;B01
201100034944;0;7;0;0;2;3;15;A01
201100034945;0;7;0;6;0;1;21;A01
201100034946;0;1;0;0;2;0;6;A01
201100034946;0;7;0;0;9;3;1;B01
201100034947;0;2;0;0;2;5;15;B01
201100034947;0;17;0;0;2;6;1;A01
201100034948;0;7;0;0;1;8;1;A01
201100034949;0;7;0;0;2;3;1;B01
201100034949;0;7;0;0;2;3;11;A01
201100034949;0;15;0;0;2;8;1;C01
201100034950;1;7;0;0;1;2;1;Z01
201100034951;0;33;0;0;2;1;1;B01
201100034951;0;7;0;0;0;2;15;A01
201100034952;0;2;0;0;2;1;1;A01
201100034952;0;7;0;0;2;3;15;B01
201100034953;1;2;0;0;1;1;13;A01
201100034954;0;7;0;8;0;1;15;A01
201100034955;0;1;0;0;9;0;0;A01
201100034956;0;7;0;0;2;2;1;A01
201100034956;0;10;0;6;2;1;2;B01
201100034957;0;7;0;7;0;1;1;A01
201100034958;0;33;0;1;0;1;1;A01
201100034959;0;7;0;6;0;1;1;A01
201100034960;0;7;0;0;0;7;15;A01
201100034960;0;7;0;0;2;8;21;B01
201100034961;0;7;0;0;2;3;15;B01
201100034961;0;30;0;0;2;1;2;A01
201100034962;0;1;0;0;2;1;0;B01
201100034962;0;10;0;0;9;1;15;A01
201100034963;0;7;0;0;2;3;1;B01
201100034963;0;7;0;0;2;3;13;A01
201100034963;0;7;0;0;2;3;1;C01
201100034964;0;1;0;0;2;1;0;B01
201100034964;0;7;0;0;9;6;0;A01
201100034965;0;1;0;0;2;1;1;B01
201100034965;0;7;0;0;2;2;1;A01
201100034966;0;7;0;0;2;3;15;A01
201100034966;0;33;0;0;2;1;1;B01
201100034967;0;7;0;0;1;0;0;A01
201100034968;0;7;0;0;1;3;15;A01
201100034969;0;36;0;6;0;1;0;A01
201100034970;0;7;0;0;2;0;0;A01
201100034970;0;10;0;0;2;0;0;B01
201100034971;0;7;0;0;0;0;0;A01
201100034972;0;14;0;0;2;3;15;A01
201100034972;0;2;0;0;2;1;21;B01
201100034973;0;7;0;0;2;2;13;A01
201100034973;0;1;0;0;2;0;13;B01
201100034974;0;7;0;0;1;1;0;A01
201100034975;0;10;0;0;1;1;1;A01
201100034976;0;7;0;0;1;3;0;A01
201100034977;0;2;0;0;2;0;0;B01
201100034977;0;7;0;0;2;0;0;A01
201100034978;0;2;0;0;0;2;0;A01
201100034979;0;2;0;0;1;1;21;A01
201100034980;0;7;0;0;2;1;5;A01
201100034980;0;7;0;0;2;1;1;B01
201100034981;0;7;0;0;2;1;17;A01
201100034981;0;7;0;0;2;1;1;B01
201100034981;0;7;0;0;2;3;1;C01
201100034981;0;7;0;0;2;6;1;D01
201100034982;0;33;0;12;0;8;1;A01
201100034983;0;30;0;0;2;7;1;A01
201100034983;0;7;0;0;2;1;15;B01
201100034984;0;7;0;0;1;6;1;A01
201100034985;0;99;0;0;0;8;9;A01
201100034985;0;33;0;0;0;1;0;B01
201100034986;0;7;0;0;1;1;0;A01
201100034987;0;7;0;0;1;2;1;A01
201100034988;0;2;0;11;0;2;2;A01
201100034989;0;7;0;0;1;2;1;A01
201100034990;0;1;0;0;2;1;1;B01
201100034990;0;7;0;0;9;2;16;A01
201100034991;0;7;0;0;2;7;2;B01
201100034991;0;2;0;0;2;8;2;A01
201100034992;0;7;0;0;2;4;2;A01
201100034992;0;7;0;0;0;4;1;B01
201100034993;2;1;0;0;1;1;0;A01
201100034994;0;2;0;0;2;8;15;A01
201100034994;0;33;0;0;9;1;1;B01
201100034995;0;7;0;0;1;2;1;A01
201100034996;0;7;0;0;0;0;0;A01
201100034997;0;7;0;0;9;1;1;A01
201100034997;0;1;0;0;2;1;19;B01
201100034998;0;2;0;0;0;1;1;A01
201100034999;0;7;0;0;2;1;15;B01
201100034999;0;2;0;0;2;1;1;A01
201100035000;0;2;0;0;2;1;15;A01
201100035000;0;7;0;0;2;1;1;B01
201100035001;0;7;0;0;2;1;1;A01
201100035001;0;7;0;0;2;9;2;D01
201100035001;0;2;0;0;2;9;0;B01
201100035001;0;7;0;0;2;9;0;C01
201100035001;0;7;0;0;2;4;0;E01
201100035002;0;7;0;0;1;1;1;A01
201100035003;0;7;0;0;1;1;1;A01
201100035004;0;7;0;0;1;1;1;A01
201100035005;0;7;0;1;0;7;1;A01
201100035006;0;7;0;0;2;8;1;B01
201100035006;1;7;0;0;2;3;13;Z01
201100035007;0;7;0;0;1;1;1;A01
201100035008;0;7;0;6;2;3;1;B01
201100035008;0;7;0;0;2;1;1;A01
201100035009;0;14;0;0;1;0;9;A01
201100035010;1;7;0;0;2;8;18;Z01
201100035010;0;2;0;0;2;7;15;A01
201100035011;0;1;0;0;2;0;5;B01
201100035011;0;7;0;0;2;0;16;A01
201100035012;0;2;0;1;0;1;13;A01
201100035013;0;10;0;0;2;3;1;B01
201100035013;0;1;0;0;2;1;19;A01
201100035014;0;7;0;0;1;1;1;A01
201100035015;0;30;0;0;2;1;2;B01
201100035015;0;30;0;0;2;1;2;A01
201100035015;0;7;0;0;0;4;2;C01
201100035016;0;1;0;0;2;4;1;A01
201100035016;1;7;0;0;2;0;0;Z01
201100035017;0;3;0;15;0;3;1;A01
201100035018;0;30;0;0;0;0;1;A01
201100035019;0;7;0;0;2;2;15;A01
201100035019;0;1;0;0;2;1;1;B01
201100035020;0;7;0;0;1;8;1;A01
201100035021;0;3;0;0;1;1;1;A01
201100035022;0;33;0;0;2;1;1;B01
201100035022;0;7;0;0;2;8;16;A01
201100035023;0;7;0;0;1;4;4;A01
201100035024;0;7;0;0;2;1;9;A01
201100035024;0;1;0;0;2;1;1;B01
201100035025;0;7;0;9;2;1;1;A01
201100035025;0;7;0;0;2;8;16;B01
201100035026;0;7;0;0;2;3;15;A01
201100035026;0;2;0;0;2;1;1;B01
201100035027;0;1;0;1;0;1;13;A01
201100035028;0;33;0;0;1;0;1;A01
201100035029;0;7;0;0;2;1;5;A01
201100035029;0;2;0;0;2;1;1;B01
201100035030;0;2;0;1;0;1;14;A01
201100035031;0;7;0;0;2;2;10;A01
201100035031;0;33;0;0;2;1;1;B01
201100035032;0;7;0;16;0;0;13;A01
201100035033;0;7;0;0;1;1;1;A01
201100035034;0;7;0;0;1;0;1;A01
201100035035;0;33;0;0;2;7;0;B01
201100035035;0;7;0;0;2;1;9;A01
201100035036;0;7;0;13;0;1;1;A01
201100035037;0;7;0;0;2;6;2;A01
201100035037;0;33;0;0;2;7;2;B01
201100035038;0;10;0;0;2;2;1;B01
201100035038;0;2;0;0;2;1;1;A01
201100035039;0;2;0;0;2;1;1;A01
201100035039;0;1;0;0;2;0;1;B01
201100035040;0;30;0;0;2;7;0;B01
201100035040;0;7;0;0;2;1;9;A01
201100035041;0;10;0;0;2;6;10;A01
201100035041;0;33;0;0;2;1;2;B01
201100035042;0;7;0;0;0;6;1;B01
201100035042;0;30;0;0;2;1;2;A01
201100035043;0;7;0;0;1;1;1;A01
201100035044;0;7;0;9;0;1;12;A01
201100035045;0;7;0;14;0;1;2;A01
201100035045;0;7;0;0;0;4;23;B01
201100035046;0;7;0;0;1;1;1;A01
201100035047;0;32;0;0;2;1;13;A01
201100035047;0;15;0;0;2;1;1;B01
201100035048;0;15;0;3;0;8;16;A01
201100035049;0;7;0;0;1;8;1;A01
201100035050;0;7;0;0;0;4;1;B01
201100035050;0;7;0;0;2;1;1;A01
201100035051;0;33;0;6;0;1;13;A01
201100035052;0;7;0;0;2;2;1;A01
201100035052;0;1;0;0;2;1;19;B01
201100035053;0;7;0;0;2;5;2;B01
201100035053;2;7;0;14;0;1;2;A01
201100035054;0;2;0;0;2;1;5;A01
201100035054;0;7;0;0;2;1;15;B01
201100035055;0;7;0;0;2;2;1;B01
201100035055;0;7;0;0;2;7;17;A01
201100035056;0;21;0;0;9;4;1;A01
201100035057;0;37;1;0;1;5;7;A01
201100035058;0;7;0;0;1;1;1;A01
201100035059;0;7;0;0;2;1;1;B01
201100035059;0;2;0;0;2;1;19;A01
201100035060;0;7;0;0;0;6;1;C01
201100035060;0;7;0;0;2;3;1;B01
201100035060;0;33;0;0;2;1;21;A01
201100035061;0;1;0;0;0;8;13;B01
201100035061;0;10;0;0;2;2;7;A01
201100035062;0;7;0;0;2;5;1;A01
201100035062;0;7;0;0;2;1;1;B01
201100035063;0;10;0;0;2;6;2;B01
201100035063;0;7;0;0;0;4;2;C01
201100035063;0;7;0;0;2;1;2;A01
201100035064;0;33;0;0;2;1;1;B01
201100035064;0;7;0;0;2;6;10;A01
201100035065;0;7;0;3;0;1;1;A01
201100035066;0;30;0;0;2;1;1;A01
201100035066;0;7;0;0;2;3;15;B01
201100035067;0;7;0;0;2;2;1;B01
201100035067;0;7;0;0;2;3;1;A01
201100035068;0;32;0;0;2;1;1;B01
201100035068;0;7;0;0;2;4;4;A01
201100035069;0;1;0;0;2;7;9;B01
201100035069;1;7;0;0;2;3;1;Z01
201100035070;0;7;0;1;0;1;1;A01