num_acc;senc;catv;occutc;obs;obsm;choc;manv;num_veh
201100035070;0;7;0;0;0;4;23;B01
201100035071;0;7;0;0;1;1;20;A01
201100035072;0;7;0;0;1;3;15;A01
201100035073;0;7;0;0;2;3;4;A01
201100035073;0;30;0;0;2;2;1;B01
201100035074;1;7;0;0;1;1;1;A01
201100035075;0;1;0;0;1;1;1;B01
201100035075;0;7;0;0;2;1;1;A01
201100035076;1;7;0;0;2;3;15;Z01
201100035076;0;1;0;0;2;1;1;A01
201100035077;1;30;0;0;1;1;1;Z01
201100035078;0;7;0;0;1;1;1;A01
201100035079;0;7;0;0;2;2;16;A01
201100035079;0;7;0;0;2;8;1;B01
201100035080;0;7;0;0;2;1;1;A01
201100035080;0;7;0;0;2;3;0;B01
201100035081;0;3;0;9;0;1;1;A01
201100035082;0;7;0;0;1;1;1;A01
201100035083;1;7;0;0;2;1;1;Z01
201100035083;0;7;0;0;2;8;1;A01
201100035084;0;37;1;0;1;7;1;A01
201100035085;0;33;0;0;1;1;1;A01
201100035086;0;7;0;0;2;3;17;A01
201100035086;0;7;0;0;2;3;1;B01
201100035087;0;7;0;0;1;7;1;A01
201100035088;0;7;0;0;2;3;1;B01
201100035088;0;30;0;0;2;2;1;A01
201100035089;0;7;0;0;1;1;1;A01
201100035090;0;1;0;0;2;4;1;A01
201100035090;1;7;0;0;2;1;17;Z01
201100035091;0;7;0;0;1;1;1;A01
201100035092;0;36;0;13;0;1;1;A01
201100035093;0;2;0;0;2;1;1;B01
201100035093;0;7;0;0;2;3;9;A01
201100035094;0;7;0;2;0;1;1;A01
201100035095;0;7;0;0;2;4;10;A01
201100035095;0;30;0;0;2;1;1;B01
201100035096;0;7;0;0;1;3;15;A01
201100035097;0;7;0;0;2;1;9;A01
201100035097;0;7;0;0;2;2;1;B01
201100035098;0;7;0;0;0;7;16;A01
201100035099;0;7;0;8;0;1;16;A01
201100035100;1;7;0;0;2;1;1;Z01
201100035100;0;1;0;0;2;4;1;A01
201100035101;0;7;0;0;2;1;15;A01
201100035101;0;7;0;0;2;1;1;B01
201100035102;0;7;0;0;2;1;1;A01
201100035102;1;7;0;0;2;4;9;Z01
201100035103;0;33;0;0;2;1;1;B01
201100035103;0;7;0;0;2;2;15;A01
201100035104;1;7;0;0;2;1;1;Z01
201100035104;0;30;0;3;2;4;1;A01
201100035105;0;30;0;11;0;1;1;A01
201100035106;0;36;0;0;2;2;1;A01
201100035106;0;2;0;0;2;1;1;B01
201100035107;1;10;0;0;2;0;0;Z01
201100035107;0;1;0;0;2;0;1;A01
201100035108;0;7;0;0;2;5;1;A01
201100035108;0;30;0;0;2;1;1;B01
201100035109;0;7;0;0;2;3;1;B01
201100035109;0;7;0;0;2;2;1;A01
201100035110;0;7;0;0;2;2;15;A01
201100035110;0;30;0;0;2;8;1;B01
201100035111;0;7;0;0;1;1;1;A01
201100035112;1;34;0;0;1;1;1;Z01
201100035113;0;2;0;0;0;0;1;B01
201100035113;1;7;0;0;0;0;17;Z01
201100035114;0;3;0;1;0;1;14;A01
201100035115;0;7;0;0;2;1;1;A01
201100035115;0;13;0;0;2;8;15;B01
201100035116;0;7;0;0;2;1;15;A01
201100035116;0;7;0;0;2;0;1;B01
201100035117;0;33;0;0;2;7;1;B01
201100035117;1;7;0;0;2;6;11;Z01
201100035118;1;7;0;0;1;1;17;Z01
201100035119;0;2;0;0;1;1;1;A01
201100035120;0;33;0;7;0;2;1;A01
201100035121;0;7;0;14;0;1;1;A01
201100035122;0;1;0;13;0;1;0;A01
201100035123;0;7;0;6;2;1;13;A01
201100035123;0;7;0;0;2;8;1;B01
201100035124;0;2;0;0;2;1;9;A01
201100035124;0;7;0;0;2;2;1;B01
201100035125;0;33;0;0;0;0;1;A01
201100035126;0;7;0;0;2;1;15;A01
201100035126;0;33;0;0;2;1;1;B01
201100035127;0;7;0;15;2;7;1;A01
201100035127;0;7;0;0;2;1;1;B01
201100035128;0;7;0;0;2;6;1;B01
201100035128;0;7;0;0;2;3;1;A01
201100035129;0;1;0;0;2;4;16;A01
201100035129;1;7;0;0;2;2;16;Z01
201100035130;2;7;0;0;2;2;1;Z01
201100035130;0;30;0;0;2;1;1;A01
201100035131;1;7;0;0;2;0;1;Z01
201100035131;0;1;0;0;2;7;1;A01
201100035132;0;7;0;0;2;8;1;B01
201100035132;0;10;0;0;2;3;1;C01
201100035132;0;34;0;11;2;1;0;A01
201100035133;0;7;0;0;0;9;1;A01
201100035134;0;7;0;0;2;5;1;A01
201100035134;0;31;0;0;2;1;1;B01
201100035135;0;7;0;0;2;1;1;A01
201100035135;0;7;0;0;2;3;1;B01
201100035136;0;7;0;0;2;3;1;A01
201100035136;1;7;0;0;2;2;1;Z01
201100035137;0;7;0;0;2;1;1;C01
201100035137;0;7;0;0;2;1;1;B01
201100035137;0;1;0;0;2;7;19;A01
201100035138;0;7;0;0;1;3;1;A01
201100035139;0;7;0;0;2;1;1;A01
201100035140;0;7;0;1;2;8;24;A01
201100035140;0;1;0;1;0;1;1;B01
201100035141;0;7;0;0;2;0;19;A01
201100035141;0;1;0;0;2;0;1;B01
201100035142;0;1;0;0;2;0;0;B01
201100035142;0;7;0;0;2;0;0;A01
201100035143;0;30;0;0;2;1;0;B01
201100035143;0;7;0;0;2;3;15;A01
201100035144;0;7;0;15;0;4;16;B01
201100035144;0;7;0;0;2;1;1;A01
201100035145;0;37;2;0;2;2;1;B01
201100035145;0;10;0;0;2;3;15;A01
201100035146;0;7;0;0;2;3;1;C01
201100035146;0;7;0;0;2;3;1;A01
201100035146;0;1;0;0;2;1;15;B01
201100035147;0;7;0;0;1;2;15;A01
201100035148;0;7;0;0;2;3;15;A01
201100035148;0;31;0;0;2;8;1;B01
201100035149;0;7;0;0;2;1;15;A01
201100035149;0;2;0;0;2;1;1;B01
201100035150;0;7;0;0;1;3;1;A01
201100035151;0;33;0;0;0;0;1;A01
201100035151;0;7;0;0;0;0;0;B01
201100035152;1;7;0;0;2;1;0;Z01
201100035152;0;31;0;0;0;8;14;B01
201100035153;0;7;0;0;2;3;1;B01
201100035153;0;7;0;0;2;3;15;A01
201100035154;0;7;0;0;2;3;16;A01
201100035154;0;7;0;0;2;1;1;B01
201100035155;0;7;0;0;2;4;2;C01
201100035155;0;10;0;0;2;1;1;A01
201100035155;0;7;0;0;2;4;2;B01
201100035156;0;10;0;0;2;2;1;A01
201100035156;0;7;0;0;2;3;1;B01
201100035157;0;33;0;0;2;1;1;A01
201100035157;0;7;0;0;0;4;1;B01
201100035158;0;33;0;0;2;1;1;B01
201100035158;0;7;0;0;2;6;20;A01
201100035159;0;7;0;0;2;1;15;A01
201100035159;0;1;0;0;2;8;1;B01
201100035160;0;7;0;0;1;1;1;A01
201100035161;0;30;0;0;2;8;1;B01
201100035161;1;33;0;0;2;7;17;Z01
201100035162;1;7;0;0;1;0;1;Z01
201100035163;0;7;0;0;2;2;1;A01
201100035163;0;7;0;0;2;3;1;B01
201100035164;0;7;0;0;0;0;1;A01
201100035165;0;7;0;0;2;1;1;B01
201100035165;0;2;0;0;2;7;1;A01
201100035166;0;7;0;0;2;7;1;A01
201100035166;0;33;0;0;2;1;1;B01
201100035167;1;7;0;0;1;1;1;Z01
201100035168;0;7;0;8;0;3;19;A01
201100035169;0;1;0;0;2;3;19;A01
201100035169;0;7;0;0;9;2;1;B01
201100035170;0;7;0;0;0;6;15;B01
201100035170;0;33;0;0;2;1;17;A01
201100035171;0;7;0;9;0;7;1;A01
201100035172;0;7;0;6;0;1;1;A01
201100035173;0;7;0;0;1;5;1;A01
201100035174;0;7;0;6;0;7;1;A01
201100035175;0;1;0;0;2;4;1;B01
201100035175;0;13;0;0;2;1;1;A01
201100035176;0;33;0;0;2;1;1;B01
201100035176;0;7;0;0;2;8;19;A01
201100035177;0;7;0;0;2;1;2;A01
201100035177;0;7;0;0;2;4;1;B01
201100035178;1;7;0;0;1;2;0;Z01
201100035179;2;33;0;0;2;1;1;B01
201100035179;0;7;0;0;2;6;15;A01
201100035180;0;1;0;0;2;0;2;B01
201100035180;1;7;0;0;9;0;1;A01
201100035181;0;7;0;0;1;2;1;A01
201100035182;0;7;0;0;1;0;1;A01
201100035183;0;7;0;0;1;1;1;A01
201100035184;0;30;0;0;2;1;1;B01
201100035184;0;7;0;0;2;3;0;A01
201100035185;0;7;0;0;1;1;2;A01
201100035186;0;7;0;6;0;2;1;A01
201100035187;0;7;0;0;1;4;4;A01
201100035188;0;7;0;0;2;1;1;A01
201100035189;0;7;0;0;2;3;1;B01
201100035189;0;36;0;0;2;3;21;A01
201100035189;0;7;0;0;2;3;0;C01
201100035190;1;7;0;0;1;3;17;A01
201100035191;0;15;0;3;0;3;1;A01
201100035192;0;2;0;0;2;1;18;B01
201100035192;0;33;0;0;2;7;16;A01
201100035193;0;10;0;0;2;3;11;A01
201100035193;0;2;0;0;2;1;1;B01
201100035194;0;7;0;0;2;1;1;A01
201100035194;0;38;0;0;2;1;1;B01
201100035195;0;7;0;0;2;5;1;B01
201100035195;0;7;0;0;2;1;1;A01
201100035196;0;7;0;8;0;1;1;A01
201100035197;0;33;0;3;0;1;2;A01
201100035197;1;7;0;0;2;0;13;B01
201100035198;0;33;0;0;2;1;1;B01
201100035198;0;7;0;0;2;3;15;A01
201100035199;0;7;0;0;0;2;2;A01
201100035200;0;14;0;0;2;1;15;B01
201100035200;0;7;0;0;2;1;1;A01
201100035201;1;2;0;0;1;1;1;Z01
201100035202;0;7;0;0;2;1;15;A01
201100035202;0;31;0;0;2;1;1;B01
201100035203;0;7;0;0;1;1;15;A01
201100035204;0;7;0;3;0;2;1;A01
201100035205;0;7;0;2;0;1;0;A01
201100035206;0;7;0;0;1;1;1;A01
201100035207;0;7;0;0;2;4;1;B01
201100035207;0;7;0;0;0;1;1;A01
201100035208;1;7;0;0;2;1;15;Z01
201100035208;0;7;0;0;2;1;1;A01
201100035209;0;7;0;0;1;2;1;A01
201100035210;0;7;0;0;1;1;1;A01
201100035211;0;7;0;0;2;2;15;A01
201100035211;0;7;0;0;2;1;1;B01
201100035212;0;7;0;0;1;3;1;A01
201100035213;0;7;0;0;2;2;15;A01
201100035213;0;7;0;0;2;1;1;B01
201100035214;0;7;0;0;1;1;1;A01
201100035215;0;17;0;0;2;7;9;A01
201100035215;0;1;0;0;2;6;1;B01
201100035216;0;7;0;0;2;1;15;A01
201100035216;0;1;0;0;2;7;19;B01
201100035217;0;7;0;0;1;4;4;A01
201100035217;0;7;0;0;2;7;24;B01
201100035218;0;7;0;4;0;5;12;A01
201100035219;0;7;0;0;1;1;1;A01
201100035220;0;7;0;0;1;1;1;A01
201100035221;0;7;0;0;2;4;23;B01
201100035221;0;7;0;0;2;1;2;A01
201100035222;0;7;0;0;2;1;1;A01
201100035222;0;37;1;0;2;1;1;B01
201100035223;0;7;0;0;0;1;1;A01
201100035224;0;7;0;0;2;3;1;B01
201100035224;0;30;0;0;2;1;1;A01
201100035225;0;7;0;0;1;1;1;A01
201100035226;0;7;0;0;1;3;1;A01
201100035227;0;7;0;0;2;1;1;B01
201100035227;0;7;0;0;2;1;1;A01
201100035228;0;7;0;0;1;1;1;A01
201100035229;0;7;0;8;2;9;2;B01
201100035229;0;7;0;0;2;2;15;A01
201100035230;0;2;0;0;2;1;1;B01
201100035230;0;7;0;0;2;3;16;A01
201100035231;0;33;0;0;2;1;1;B01
201100035231;0;7;0;0;2;7;10;A01
201100035232;0;7;0;0;2;6;0;B01
201100035232;0;7;0;0;2;2;2;A01
201100035233;1;7;0;0;0;0;0;Z01
201100035234;0;1;0;0;2;1;1;B01
201100035234;0;7;0;0;2;3;15;A01
201100035235;0;7;0;10;0;1;1;A01
201100035236;1;7;0;0;1;0;0;A01
201100035237;0;7;0;0;2;1;2;A01
201100035237;0;7;0;0;1;4;1;B01
201100035237;0;7;0;0;2;1;2;C01
201100035238;0;7;0;0;2;2;1;A01
201100035239;0;7;0;0;1;1;1;A01
201100035240;0;7;0;0;1;1;15;A01
201100035241;0;7;0;0;1;2;15;A01
201100035242;0;20;0;0;0;8;16;A01
201100035243;0;2;0;0;2;8;2;B01
201100035243;0;7;0;0;2;5;17;A01
201100035244;0;30;0;0;2;1;1;A01
201100035244;0;10;0;0;2;4;1;B01
201100035245;0;7;0;12;0;1;1;A01
201100035246;0;7;0;0;2;3;9;A01
201100035246;0;30;0;0;2;2;1;B01
201100035247;0;7;0;0;1;2;17;A01
201100035247;0;7;0;0;2;8;13;B01
201100035248;0;7;0;0;2;1;2;A01
201100035248;0;7;0;0;2;1;2;B01
201100035249;0;7;0;0;2;4;15;B01
201100035249;0;7;0;0;2;1;1;A01
201100035250;0;7;0;0;1;3;15;A01
201100035250;0;33;0;0;2;1;1;B01
201100035251;0;31;0;0;1;1;1;A01
201100035252;0;7;0;0;2;3;15;A01
201100035252;0;31;0;0;2;1;1;B01
201100035253;0;7;0;0;2;1;1;B01
201100035253;0;7;0;0;2;1;1;A01
201100035254;0;7;0;0;2;1;15;A01
201100035254;0;7;0;0;2;3;1;B01
201100035255;0;7;0;0;2;3;1;B01
201100035255;0;7;0;0;2;2;15;A01
201100035256;0;7;0;0;2;4;1;C01
201100035256;0;7;0;0;2;1;1;A01
201100035256;0;7;0;0;2;1;1;B01
201100035257;0;1;0;0;1;1;1;A01
201100035258;0;7;0;0;2;8;15;A01
201100035258;0;30;0;0;2;1;1;B01
201100035259;0;7;0;0;2;7;17;A01
201100035259;0;17;0;0;2;3;1;B01
201100035260;0;2;0;0;2;8;2;B01
201100035260;0;7;0;0;2;1;15;A01
201100035261;0;2;0;0;2;1;2;A01
201100035261;0;7;0;0;2;6;23;B01
201100035262;0;7;0;0;2;3;9;A01
201100035262;0;1;0;0;2;1;0;B01
201100035263;0;7;0;0;2;1;16;A01
201100035263;0;1;0;0;2;1;1;B01
201100035264;0;1;0;0;2;1;1;B01
201100035264;0;7;0;0;2;8;0;A01
201100035265;0;30;0;0;2;1;2;B01
201100035265;0;7;0;0;2;1;15;A01
201100035266;0;7;0;0;1;1;16;A01
201100035267;0;7;0;0;1;1;15;A01
201100035268;0;10;0;0;0;5;16;B01
201100035268;0;34;0;0;2;1;1;A01
201100035269;0;7;0;0;2;2;15;A01
201100035269;0;33;0;0;2;1;1;B01
201100035270;0;7;0;0;2;7;15;A01
201100035270;0;7;0;0;2;1;1;B01
201100035271;0;7;0;0;2;1;1;B01
201100035271;0;7;0;0;2;1;1;A01
201100035272;0;31;0;0;2;7;17;A01
201100035272;0;7;0;0;2;3;15;B01
201100035273;0;7;0;0;2;2;10;A01
201100035273;0;30;0;0;2;1;1;B01
201100035274;0;7;0;0;1;1;1;A01
201100035275;0;31;0;0;2;1;1;B01
201100035275;0;7;0;1;2;7;1;A01
201100035276;0;7;0;0;2;1;1;A01
201100035276;0;1;0;0;2;4;1;B01
201100035277;0;7;0;0;2;5;12;A01
201100035277;0;32;0;0;2;1;2;B01
201100035278;0;31;0;0;2;1;1;B01
201100035278;0;7;0;0;2;8;10;A01
201100035279;0;7;0;0;1;1;15;A01
201100035280;0;37;2;0;2;1;1;B01
201100035280;0;7;0;0;2;8;2;A01
201100035281;0;7;0;6;0;1;14;A01
201100035282;0;7;0;0;1;2;16;A01
201100035283;0;7;0;8;2;7;15;A01
201100035283;0;10;0;0;2;1;2;B01
201100035284;0;7;0;0;2;1;1;B01
201100035284;0;7;0;0;2;0;1;A01
201100035285;0;15;0;0;1;0;1;A01
201100035286;0;7;0;0;1;1;1;A01
201100035287;0;7;0;0;2;1;1;B01
201100035287;0;7;0;0;2;1;15;A01
201100035288;0;2;0;0;0;8;0;A01
201100035289;0;2;0;0;2;7;17;A01
201100035289;0;7;0;0;2;3;15;B01
201100035290;0;7;0;0;2;2;10;A01
201100035290;0;33;0;0;2;1;2;B01
201100035291;0;7;0;0;1;1;0;A01
201100035292;2;7;0;0;2;1;1;A01
201100035292;0;7;0;0;2;7;15;B01
201100035293;0;7;0;0;2;3;1;B01
201100035293;0;1;0;0;2;1;1;A01
201100035294;0;7;0;6;0;1;19;A01
201100035295;0;7;0;0;2;1;1;A01
201100035295;0;7;0;0;2;4;23;B01
201100035295;0;7;0;0;2;4;23;C01
201100035296;0;10;0;0;2;8;15;B01
201100035296;0;33;0;0;2;1;1;A01
201100035297;0;7;0;0;1;1;1;A01
201100035298;0;7;0;0;1;1;1;A01
201100035299;0;7;0;0;1;1;1;A01
201100035300;0;7;0;0;1;4;4;A01
201100035301;0;7;0;0;2;4;1;B01
201100035301;0;7;0;0;2;1;1;C01
201100035301;0;7;0;0;2;1;1;A01
201100035302;0;7;0;0;1;4;4;A01
201100035303;0;7;0;0;2;3;15;B01
201100035303;0;33;0;0;2;1;17;A01
201100035304;0;7;0;0;1;1;1;A01
201100035305;0;33;0;0;2;1;1;B01
201100035305;0;7;0;0;2;6;10;A01
201100035306;0;7;0;0;2;2;16;A01
201100035307;0;2;0;0;0;0;1;A01
201100035308;0;7;0;0;2;1;2;A01
201100035308;0;7;0;0;2;4;2;B01
201100035309;0;7;0;0;2;0;1;A01
201100035310;0;7;0;0;1;1;1;A01
201100035311;0;7;0;5;0;1;1;A01
201100035312;0;7;0;0;2;2;9;A01
201100035312;0;7;0;0;2;1;2;B01
201100035313;0;1;0;0;2;1;1;A01
201100035313;0;7;0;0;2;1;2;B01
201100035314;0;7;0;0;2;3;1;B01
201100035314;0;2;0;0;0;0;0;A01
201100035315;0;2;0;0;2;4;1;B01
201100035315;1;7;0;0;2;1;1;A01
201100035316;0;7;0;1;2;1;1;A01
201100035317;0;7;0;0;1;1;1;A01
201100035318;0;7;0;3;0;8;1;A01
201100035319;0;7;0;0;2;2;15;A01
201100035319;0;7;0;0;2;1;1;B01
201100035320;0;7;0;0;2;5;1;A01
201100035320;0;32;0;1;0;1;1;B01
201100035321;0;7;0;0;2;1;13;A01
201100035321;0;33;0;0;2;1;1;B01
201100035322;0;7;0;0;1;1;1;A01
201100035323;0;1;0;1;0;1;1;B01
201100035323;0;7;0;0;2;4;24;A01
201100035324;0;7;0;0;2;3;10;A01
201100035324;0;32;0;0;2;1;1;B01
201100035325;0;7;0;0;2;3;1;B01
201100035325;0;7;0;0;2;1;1;A01
201100035326;0;7;0;0;2;0;15;A01
201100035326;0;32;0;0;2;7;1;B01
201100035327;0;33;0;0;1;1;1;A01
201100035328;0;7;0;0;1;1;15;A01
201100035329;0;7;0;0;2;1;15;A01
201100035329;0;33;0;0;2;1;1;B01
201100035330;0;7;0;1;2;3;9;B01
201100035330;0;37;62;0;2;2;1;A01
201100035331;0;1;0;1;0;1;1;C01
201100035331;0;7;0;0;2;3;24;A01
201100035331;0;1;0;1;0;1;1;B01
201100035332;0;13;0;0;2;2;1;B01
201100035332;0;7;0;0;2;8;15;A01
201100035333;1;10;0;0;2;0;2;A01
201100035333;0;7;0;0;2;1;1;B01
201100035333;0;10;0;0;2;1;1;C01
201100035334;0;30;0;0;2;1;1;A01
201100035334;0;7;0;0;2;8;1;B01
201100035335;0;7;0;0;0;6;10;A01
201100035335;0;31;0;0;2;1;2;B01
201100035336;0;7;0;0;2;3;9;A01
201100035336;0;7;0;0;2;2;1;B01
201100035337;0;7;0;0;2;4;23;B01
201100035337;0;7;0;0;2;4;23;C01
201100035337;0;7;0;0;2;1;1;A01
201100035338;0;7;0;0;2;2;16;B01
201100035338;0;30;0;0;2;2;1;A01
201100035339;0;7;0;0;2;3;0;A01
201100035339;0;7;0;0;2;3;0;B01
201100035340;0;7;0;0;2;1;1;A01
201100035340;0;7;0;11;2;9;1;B01
201100035341;0;7;0;0;2;4;2;B01
201100035341;0;2;0;0;2;1;2;A01
201100035342;0;2;0;0;1;1;14;A01
201100035343;0;30;0;1;2;1;18;A01
201100035343;0;7;0;0;2;7;23;B01
201100035344;0;7;0;4;0;3;1;A01
201100035345;0;7;0;0;2;0;15;A01
201100035345;0;1;0;0;2;1;1;B01
201100035346;0;33;0;0;2;0;1;A01
201100035346;0;7;0;0;2;0;1;B01
201100035347;0;7;0;0;2;1;1;A01
201100035347;0;7;0;0;2;8;9;B01
201100035348;0;7;0;6;0;8;1;A01
201100035349;0;33;0;0;0;0;1;A01
201100035350;0;7;0;0;1;1;1;A01
201100035351;0;33;0;0;0;0;21;A01
201100035352;0;7;0;0;1;1;1;A01
201100035353;0;7;0;0;1;1;1;A01
201100035354;0;30;0;0;2;7;0;A01
201100035354;0;7;0;0;2;1;0;B01
201100035355;0;7;0;0;1;1;16;A01
201100035356;0;37;20;0;2;1;2;A01
201100035356;0;1;0;0;2;1;17;B01
201100035357;0;7;0;0;1;2;1;A01
201100035358;0;7;0;0;1;3;15;A01
201100035359;0;1;0;0;2;1;1;B01
201100035359;0;7;0;0;2;3;16;A01
201100035360;0;7;0;0;1;1;15;A01
201100035361;0;1;0;0;2;8;1;B01
201100035361;0;10;0;0;2;7;1;A01
201100035362;0;7;0;1;2;4;1;B01
201100035362;0;7;0;0;2;2;15;A01
201100035363;0;33;0;0;2;1;1;A01
201100035363;0;7;0;0;2;4;1;B01
201100035364;0;7;0;6;2;1;0;B01
201100035364;0;7;0;1;2;1;0;A01
201100035365;0;7;0;0;2;1;1;B01
201100035365;0;1;0;0;2;7;19;A01
201100035366;0;1;0;0;2;1;2;B01
201100035366;0;7;0;0;2;1;0;A01
201100035367;0;7;0;0;2;8;1;A01
201100035367;1;1;0;0;0;0;1;B01
201100035368;0;2;0;0;2;1;1;B01
201100035368;0;7;0;0;2;2;15;A01
201100035369;0;33;0;8;0;1;1;A01
201100035370;0;7;0;0;2;2;1;B01
201100035370;0;2;0;0;2;1;1;A01
201100035371;0;37;1;0;1;2;1;A01
201100035372;0;7;0;0;2;3;15;B01
201100035372;0;30;0;0;2;1;17;A01
201100035373;0;10;0;0;2;3;1;A01
201100035373;1;7;0;3;2;0;19;Z01
201100035374;0;2;0;1;2;1;1;B01
201100035374;0;7;0;0;2;2;20;A01
201100035375;0;10;0;0;1;1;1;A01
201100035376;0;17;0;3;0;7;1;A01
201100035377;0;37;20;0;2;3;2;C01
201100035377;0;7;0;0;2;1;2;A01
201100035377;0;7;0;0;2;3;1;B01
201100035378;0;7;0;0;1;1;1;A01
201100035379;0;7;0;0;2;1;1;A01
201100035379;0;7;0;1;2;1;1;B01
201100035380;0;7;0;0;2;5;17;A01
201100035380;0;1;0;0;2;1;15;B01
201100035381;0;7;0;0;2;8;1;B01
201100035381;0;7;0;0;2;2;9;A01
201100035382;0;7;0;0;2;2;23;B01
201100035382;0;33;0;1;0;1;1;A01
201100035383;0;30;0;14;1;0;1;A01
201100035384;0;7;0;0;1;5;16;A01
201100035385;0;7;0;0;2;3;1;B01
201100035385;0;7;0;0;2;3;1;A01
201100035386;0;10;0;8;2;1;1;A01
201100035386;0;7;0;0;2;2;1;B01
201100035387;0;7;0;0;2;1;1;A01
201100035387;0;7;0;0;0;4;23;B01
201100035388;0;7;0;0;2;7;15;A01
201100035388;0;30;0;0;2;1;1;B01
201100035389;0;7;0;0;2;1;1;A01
201100035389;0;7;0;0;2;4;16;B01
201100035389;0;7;0;0;2;4;23;C01
201100035390;0;7;0;0;2;1;15;B01
201100035390;0;7;0;0;2;7;1;A01
201100035391;0;7;0;0;5;1;15;A01
201100035392;0;1;0;1;2;0;1;B01
201100035392;1;7;0;0;2;0;1;Z01
201100035393;0;30;0;0;0;1;1;A01
201100035394;0;7;0;6;0;1;1;A01
201100035395;1;7;0;0;0;0;1;A01
201100035395;0;7;0;0;2;1;1;B01
201100035396;1;7;0;0;0;0;0;A01
201100035397;0;10;0;0;2;2;15;A01
201100035397;0;32;0;0;2;7;1;B01
201100035398;0;15;0;0;2;7;1;A01
201100035398;0;7;0;0;2;8;0;B01
201100035399;0;2;0;0;2;1;0;A01
201100035399;0;7;0;0;2;0;1;B01
201100035400;0;2;0;0;2;1;1;B01
201100035400;0;7;0;0;2;3;17;A01
201100035401;0;7;0;0;1;1;1;A01
201100035402;0;1;0;0;2;1;1;A01
201100035403;0;7;0;0;1;1;1;A01
201100035404;0;33;0;0;1;1;1;A01
201100035404;0;7;0;0;2;4;1;B01
201100035405;0;10;0;0;2;7;16;A01
201100035405;0;30;0;0;2;1;1;B01
201100035406;0;1;0;1;0;1;1;B01
201100035406;0;7;0;0;2;0;22;A01
201100035407;0;7;0;0;2;1;1;A01
201100035407;0;7;0;0;2;1;1;B01
201100035407;0;7;0;0;2;4;15;C01
201100035408;0;31;0;0;2;7;1;B01
201100035408;1;7;0;0;2;3;10;A01
201100035409;0;10;0;0;1;2;1;A01
201100035410;0;7;0;0;2;1;15;A01
201100035410;0;2;0;0;2;1;17;B01
201100035411;0;30;0;0;1;1;1;A01
201100035412;0;1;0;0;2;2;15;A01
201100035412;0;31;0;0;2;1;1;B01
201100035413;0;37;1;0;1;1;1;A01
201100035414;0;7;0;0;2;2;15;B01
201100035414;0;1;0;1;2;1;0;A01
201100035415;0;7;0;0;2;8;15;A01
201100035415;0;2;0;0;2;1;1;B01
201100035416;0;30;0;1;2;1;13;A01
201100035416;0;7;0;0;2;6;1;B01
201100035417;0;2;0;0;2;1;1;A01
201100035417;0;7;0;0;2;4;23;B01
201100035418;0;7;0;0;2;2;0;A01
201100035418;0;1;0;0;2;4;0;B01
201100035419;0;7;0;0;1;2;1;A01
201100035420;0;7;0;0;1;1;1;A01
201100035421;0;7;0;0;2;1;15;A01
201100035421;0;33;0;0;2;8;1;B01
201100035422;0;7;0;0;2;3;1;A01
201100035422;0;33;0;0;2;7;1;B01
201100035423;0;7;0;0;2;2;1;A01
201100035423;0;1;0;0;2;1;0;B01
201100035424;0;10;0;0;2;1;2;B01
201100035424;0;7;0;0;2;7;15;A01
201100035425;0;7;0;0;2;1;1;B01
201100035425;0;7;0;0;2;4;1;A01
201100035426;0;7;0;0;2;1;1;A01
201100035426;0;7;0;0;2;4;1;B01
201100035427;0;10;0;0;2;1;2;A01
201100035427;0;7;0;0;2;4;1;B01
201100035428;0;7;0;0;1;1;1;A01
201100035429;0;7;0;0;2;3;15;B01
201100035429;0;30;0;0;2;1;1;A01
201100035430;0;7;0;0;1;1;1;A01
201100035431;0;10;0;0;1;4;4;A01
201100035432;0;37;10;0;0;0;2;A01
201100035433;0;7;0;0;2;3;15;B01
201100035433;0;7;0;0;2;1;15;A01
201100035434;0;1;0;0;2;1;1;B01
201100035434;0;7;0;0;2;1;1;A01
201100035435;0;1;0;1;0;1;1;B01
201100035435;0;1;0;0;2;1;23;A01
201100035436;0;7;0;0;2;8;1;B01
201100035436;0;7;0;0;2;1;0;A01
201100035437;0;3;0;8;0;1;10;A01
201100035438;0;7;0;0;2;1;1;A01
201100035438;0;2;0;0;2;4;23;B01
201100035439;0;7;0;0;2;8;2;A01
201100035439;0;31;0;0;2;1;1;B01
201100035440;0;1;0;0;2;8;19;B01
201100035440;0;7;0;0;2;1;16;A01
201100035441;0;37;1;0;2;1;1;C01
201100035441;0;7;0;0;2;1;15;A01
201100035441;0;7;0;0;2;1;1;B01
201100035442;0;7;0;0;2;4;1;B01
201100035442;0;2;0;0;2;1;1;A01
201100035443;0;30;0;6;0;1;1;A01
201100035444;0;7;0;0;1;1;1;A01
201100035445;0;1;0;0;2;1;1;B01
201100035445;0;7;0;0;2;1;1;A01
201100035446;1;7;0;0;2;0;1;A01
201100035447;0;7;0;0;0;0;15;A01
201100035447;0;31;0;0;0;0;0;B01
201100035448;1;10;0;0;1;7;1;A01
201100035449;0;7;0;0;2;1;2;A01
201100035449;0;7;0;0;2;2;1;B01
201100035450;0;7;0;0;1;1;2;A01
201100035451;0;32;0;2;0;1;0;A01
201100035452;0;33;0;0;1;3;15;A01
201100035453;0;7;0;0;1;4;4;A01
201100035454;0;7;0;0;2;8;0;A01
201100035454;0;2;0;0;2;7;17;B01
201100035455;0;38;1;0;1;4;1;A01
201100035456;0;30;0;0;2;1;16;A01