num_acc;senc;catv;occutc;obs;obsm;choc;manv;num_veh
201100035456;0;7;0;0;2;3;1;B01
201100035457;0;30;0;14;0;1;2;A01
201100035458;1;10;0;0;2;0;15;A01
201100035458;0;2;0;0;2;2;1;B01
201100035459;0;30;0;0;2;1;1;B01
201100035459;0;7;0;0;2;7;20;A01
201100035460;0;7;0;0;2;3;9;A01
201100035460;0;30;0;0;2;1;1;B01
201100035461;0;2;0;0;2;4;1;B01
201100035461;0;2;0;0;2;1;1;A01
201100035462;0;30;0;0;2;1;1;B01
201100035462;0;7;0;0;2;7;16;A01
201100035463;0;7;0;7;0;1;2;A01
201100035464;0;7;0;0;2;1;1;A01
201100035464;0;1;0;0;2;1;1;B01
201100035465;0;7;0;1;0;1;1;A01
201100035466;0;33;0;13;0;0;15;A01
201100035467;0;33;0;0;2;1;1;B01
201100035467;0;7;0;0;2;1;1;A01
201100035468;0;7;0;0;2;8;2;B01
201100035468;0;7;0;0;2;2;15;A01
201100035469;0;7;0;0;2;3;10;A01
201100035469;0;7;0;0;2;2;1;B01
201100035470;1;7;0;0;2;0;0;Z01
201100035470;0;2;0;0;2;4;1;A01
201100035471;0;7;0;0;2;1;15;A01
201100035471;0;7;0;0;2;5;1;B01
201100035472;0;7;0;0;2;5;1;A01
201100035472;0;33;0;0;2;1;1;B01
201100035473;0;7;0;0;2;7;2;A01
201100035473;0;10;0;0;2;1;2;B01
201100035474;0;7;0;0;2;7;1;A01
201100035475;0;7;0;0;2;1;9;A01
201100035475;0;7;0;1;2;7;2;B01
201100035476;1;7;0;0;2;0;1;Z01
201100035476;0;32;0;0;2;4;1;A01
201100035477;0;7;0;0;1;1;16;A01
201100035478;0;32;0;0;2;2;1;A01
201100035478;0;7;0;0;2;1;1;C01
201100035478;0;7;0;0;2;4;4;B01
201100035479;0;33;0;0;2;2;13;A01
201100035479;0;7;0;0;9;3;1;B01
201100035480;0;7;0;0;2;2;1;A01
201100035480;0;7;0;0;2;1;1;B01
201100035481;0;7;0;0;0;0;9;B01
201100035481;0;32;0;0;0;7;1;A01
201100035482;0;7;0;0;2;2;1;B01
201100035482;0;1;0;0;2;1;1;A01
201100035483;0;7;0;0;1;1;1;A01
201100035484;0;2;0;0;2;1;2;B01
201100035484;0;7;0;0;2;1;1;A01
201100035485;0;1;0;0;2;1;1;B01
201100035485;0;7;0;0;2;2;1;A01
201100035486;0;7;0;0;1;2;1;A01
201100035487;0;7;0;2;0;2;1;A01
201100035488;0;7;0;0;2;1;1;A01
201100035488;0;7;0;0;2;1;1;B01
201100035489;0;7;0;0;2;3;9;A01
201100035489;0;10;0;0;2;2;2;B01
201100035490;0;1;0;0;2;1;19;A01
201100035490;1;7;0;0;2;1;0;Z01
201100035491;0;30;0;0;2;1;1;A01
201100035491;0;7;0;0;2;7;1;B01
201100035492;0;7;0;0;2;1;1;B01
201100035492;0;21;0;0;2;2;15;A01
201100035493;2;7;0;0;2;3;1;A01
201100035493;0;7;0;0;2;8;1;B01
201100035494;0;1;0;0;2;7;1;B01
201100035494;0;7;0;0;2;1;1;A01
201100035495;0;7;0;0;1;1;16;A01
201100035496;0;7;0;0;2;3;9;A01
201100035496;0;34;0;0;2;1;1;B01
201100035497;0;7;0;0;1;2;1;A01
201100035498;0;7;0;0;2;1;1;B01
201100035498;0;33;0;9;0;7;1;A01
201100035499;0;7;0;0;2;1;15;A01
201100035499;0;7;0;0;2;3;1;B01
201100035500;0;33;0;15;0;1;2;A01
201100035501;0;7;0;0;1;1;2;A01
201100035502;0;33;0;0;2;0;1;B01
201100035502;0;7;0;0;2;0;16;A01
201100035503;0;32;0;0;2;1;1;A01
201100035503;0;7;0;0;2;3;1;B01
201100035504;1;2;0;0;2;8;1;A01
201100035504;0;1;0;0;0;4;2;B01
201100035505;0;7;0;0;2;3;15;A01
201100035505;0;33;0;11;2;1;1;B01
201100035506;1;2;0;0;2;1;5;B01
201100035506;0;7;0;0;2;2;20;A01
201100035507;0;2;0;0;1;1;1;A01
201100035507;0;7;0;0;2;4;1;B01
201100035508;0;37;1;0;2;4;1;B01
201100035508;0;1;0;0;2;1;2;A01
201100035509;0;7;0;0;2;8;16;A01
201100035509;0;7;0;6;2;1;1;B01
201100035510;0;30;0;14;0;1;1;A01
201100035511;0;7;0;0;1;4;1;A01
201100035512;0;1;0;0;2;0;2;B01
201100035512;0;10;0;0;2;1;2;A01
201100035513;0;7;0;0;2;1;1;A01
201100035513;0;7;0;0;2;4;23;B01
201100035514;0;7;0;0;1;0;1;A01
201100035515;0;7;0;0;1;1;1;A01
201100035516;0;34;0;0;2;1;1;B01
201100035516;0;15;0;0;2;3;15;A01
201100035517;0;7;0;0;2;3;0;A01
201100035517;0;7;0;0;2;3;1;C01
201100035517;0;7;0;0;2;3;1;B01
201100035518;0;33;0;0;2;7;17;A01
201100035518;0;7;0;0;2;3;15;B01
201100035519;0;7;0;0;1;1;15;A01
201100035520;0;10;0;0;2;2;1;B01
201100035520;0;7;0;0;2;8;15;A01
201100035521;0;1;0;0;2;1;1;A01
201100035521;0;7;0;0;2;8;15;B01
201100035522;1;30;0;1;0;0;1;A01
201100035523;0;31;0;0;0;0;1;A01
201100035524;0;7;0;13;0;8;16;A01
201100035525;0;7;0;8;0;1;0;A01
201100035526;0;33;0;0;2;0;1;B01
201100035526;0;7;0;0;2;1;1;A01
201100035527;0;13;0;0;2;1;16;A01
201100035527;0;1;0;0;2;8;1;B01
201100035528;1;7;0;0;2;0;0;A01
201100035529;0;17;0;0;2;0;14;A01
201100035529;0;1;0;0;2;0;1;B01
201100035530;0;7;0;0;2;2;15;A01
201100035530;0;2;0;0;2;1;1;B01
201100035531;0;2;0;3;0;1;1;A01
201100035532;0;7;0;0;1;3;1;A01
201100035533;0;31;0;0;2;1;17;B01
201100035533;0;7;0;0;2;1;1;A01
201100035534;0;7;0;1;0;1;15;A01
201100035535;0;7;0;0;2;2;1;A01
201100035535;0;7;0;6;2;6;1;B01
201100035536;0;7;0;0;0;3;0;A01
201100035537;2;7;0;1;0;3;1;A01
201100035538;1;7;0;0;1;2;2;Z01
201100035539;0;7;0;0;2;1;1;A01
201100035539;0;7;0;0;2;3;9;B01
201100035540;1;7;0;0;2;1;10;A01
201100035540;0;33;0;0;2;2;21;B01
201100035541;0;7;0;0;2;1;13;A01
201100035541;0;7;0;0;2;1;2;B01
201100035542;0;7;0;0;0;0;1;A01
201100035542;0;7;0;0;0;0;0;B01
201100035543;2;7;0;1;0;1;2;A01
201100035544;0;31;0;0;2;1;1;A01
201100035544;0;7;0;0;2;2;1;B01
201100035545;0;7;0;0;9;6;16;A01
201100035545;0;2;0;0;2;1;1;B01
201100035546;0;7;0;0;2;1;1;B01
201100035546;0;7;0;8;2;8;1;A01
201100035547;0;7;0;0;2;3;21;B01
201100035547;0;7;0;0;2;2;21;A01
201100035548;1;7;0;0;9;0;1;Z01
201100035548;0;1;0;0;2;1;1;B01
201100035549;0;7;0;0;2;3;1;B01
201100035549;0;2;0;0;2;1;1;A01
201100035550;0;7;0;0;2;3;10;A01
201100035550;0;33;0;0;2;1;1;B01
201100035551;0;7;0;0;2;1;1;B01
201100035551;0;7;0;0;2;3;15;A01
201100035552;1;7;0;1;2;0;0;Z01
201100035552;0;7;0;0;0;1;0;B01
201100035552;0;7;0;0;0;3;0;A01
201100035553;0;7;0;0;0;1;0;A01
201100035554;0;2;0;1;0;1;1;A01
201100035555;0;7;0;0;1;1;1;A01
201100035556;0;2;0;0;2;1;1;B01
201100035556;0;7;0;0;2;3;9;A01
201100035557;0;7;0;0;1;1;1;A01
201100035557;0;1;0;0;2;6;5;B01
201100035558;0;7;0;9;0;3;1;A01
201100035559;0;2;0;8;0;1;1;A01
201100035560;0;13;0;0;2;1;1;A01
201100035561;0;7;0;0;2;1;1;A01
201100035561;0;7;0;0;2;1;1;C01
201100035561;0;7;0;0;2;4;1;B01
201100035562;0;7;0;0;2;8;15;A01
201100035562;0;7;0;0;2;1;1;B01
201100035563;0;32;0;0;2;6;1;B01
201100035563;0;38;2;0;2;3;15;A01
201100035564;0;7;0;14;2;2;1;A01
201100035564;0;7;0;0;2;1;1;B01
201100035565;0;32;0;0;0;7;2;A01
201100035566;0;7;0;0;2;8;1;B01
201100035566;0;7;0;0;2;1;1;C01
201100035566;0;7;0;0;2;1;16;A01
201100035567;0;2;0;0;2;1;1;B01
201100035567;0;7;0;0;2;1;15;A01
201100035568;0;7;0;0;2;8;15;A01
201100035568;0;7;0;0;2;2;2;B01
201100035569;0;1;0;0;2;8;1;B01
201100035569;0;10;0;0;2;7;1;A01
201100035570;0;7;0;0;2;2;2;B01
201100035570;0;7;0;16;2;1;13;A01
201100035571;0;10;0;0;2;5;1;B01
201100035571;0;7;0;0;1;1;1;A01
201100035572;0;7;0;0;1;1;1;A01
201100035573;0;33;0;0;2;1;1;A01
201100035573;1;7;0;0;0;0;0;Z01
201100035574;0;37;1;0;1;2;1;A01
201100035575;0;7;0;0;2;3;15;A01
201100035575;0;2;0;0;2;1;2;B01
201100035576;0;2;0;12;0;1;14;A01
201100035577;0;7;0;0;1;2;15;A01
201100035578;0;7;0;0;2;1;17;A01
201100035578;0;7;0;0;2;1;9;B01
201100035579;0;7;0;0;2;4;1;B01
201100035579;0;7;0;0;2;1;1;A01
201100035580;0;7;0;0;1;1;2;A01
201100035581;0;7;0;0;2;0;1;A01
201100035582;0;33;0;0;2;1;1;B01
201100035582;0;7;0;0;2;1;10;A01
201100035583;0;7;0;0;1;1;1;A01
201100035584;0;7;0;0;2;7;15;A01
201100035584;0;32;0;0;2;1;1;B01
201100035585;0;7;0;0;2;8;1;A01
201100035585;0;7;0;0;2;1;1;B01
201100035586;0;2;0;0;2;1;1;B01
201100035586;0;7;0;0;2;3;15;A01
201100035587;0;7;0;0;1;0;1;A01
201100035588;0;7;0;0;1;1;17;A01
201100035589;0;7;0;0;2;1;0;B01
201100035589;0;2;0;0;2;1;0;A01
201100035590;0;7;0;0;1;3;15;A01
201100035591;0;1;0;0;2;1;15;A01
201100035591;0;7;0;0;2;2;1;B01
201100035592;0;7;0;0;1;1;1;A01
201100035593;0;32;0;0;2;1;1;A01
201100035593;1;7;0;0;2;0;1;Z01
201100035594;0;7;0;0;2;0;1;A01
201100035594;0;7;0;0;2;0;1;B01
201100035595;0;7;0;8;0;9;1;A01
201100035596;0;2;0;0;1;1;1;A01
201100035597;0;7;0;0;2;8;10;A01
201100035597;0;33;0;0;2;1;1;B01
201100035598;0;7;0;0;2;1;1;B01
201100035598;0;31;0;0;2;1;0;A01
201100035599;0;7;0;0;1;3;1;A01
201100035600;0;7;0;0;2;3;2;C01
201100035600;0;33;0;0;2;1;1;B01
201100035600;0;7;0;0;2;3;9;A01
201100035601;0;7;0;0;1;1;1;A01
201100035602;1;7;0;0;0;0;0;Z01
201100035602;0;7;0;1;1;1;1;A01
201100035603;0;7;0;1;0;1;1;A01
201100035604;0;1;0;0;0;1;1;B01
201100035604;0;14;0;0;1;1;16;A01
201100035605;0;7;0;0;2;4;1;B01
201100035605;2;7;0;0;2;0;0;A01
201100035606;0;7;0;0;2;5;16;A01
201100035606;0;1;0;0;2;1;1;B01
201100035607;0;7;0;0;2;3;0;A01
201100035607;0;30;0;0;2;1;1;B01
201100035608;0;2;0;0;2;1;2;A01
201100035608;0;7;0;;2;4;2;A02
201100035609;0;7;0;0;2;3;1;B01
201100035609;0;7;0;0;2;2;1;A01
201100035610;0;10;0;0;2;1;1;B01
201100035610;0;7;0;0;2;2;15;A01
201100035611;0;1;0;0;2;7;1;B01
201100035611;0;7;0;0;2;3;9;A01
201100035612;0;33;0;0;2;1;1;B01
201100035612;0;7;0;0;2;8;10;A01
201100035613;0;7;0;0;2;1;2;B01
201100035613;0;2;0;0;2;1;1;A01
201100035614;0;7;0;0;2;1;1;B01
201100035614;0;7;0;0;2;3;1;A01
201100035615;0;7;0;0;2;3;17;A01
201100035615;0;33;0;0;2;7;17;B01
201100035616;0;7;0;0;1;6;4;A01
201100035617;0;7;0;0;2;3;1;A01
201100035617;0;31;0;0;2;4;1;B01
201100035618;0;7;0;0;2;3;13;A01
201100035618;0;7;0;0;2;3;1;B01
201100035619;0;7;0;6;2;2;2;A01
201100035619;0;7;0;0;2;6;1;B01
201100035620;0;7;0;0;2;1;1;A01
201100035620;0;30;0;0;2;1;1;B01
201100035621;0;3;0;0;2;8;9;A01
201100035621;0;33;0;0;2;1;1;B01
201100035622;0;7;0;0;2;3;1;A01
201100035622;0;1;0;0;2;1;1;B01
201100035623;0;37;1;0;1;1;1;A01
201100035624;0;7;0;0;1;1;1;A01
201100035625;0;7;0;0;2;1;10;A01
201100035625;0;33;0;0;2;7;1;B01
201100035626;0;7;0;0;2;1;1;A01
201100035626;0;7;0;0;2;8;4;B01
201100035627;0;7;0;9;0;1;1;A01
201100035628;1;15;0;0;2;0;1;Z01
201100035628;0;3;0;0;2;8;1;B01
201100035629;1;7;0;0;2;3;15;A01
201100035629;0;33;0;0;2;1;1;B01
201100035630;0;7;0;0;2;1;0;D01
201100035630;0;7;0;0;2;4;0;B01
201100035630;0;7;0;0;2;4;0;A01
201100035630;0;7;0;0;2;4;0;C01
201100035631;0;33;0;1;0;1;1;A01
201100035632;0;33;0;0;2;1;1;A01
201100035632;0;7;0;0;2;5;10;B01
201100035633;0;7;0;0;2;3;1;A01
201100035633;0;7;0;0;2;3;1;B01
201100035634;0;7;0;0;2;1;0;A01
201100035634;0;7;0;0;2;7;1;B01
201100035635;0;7;0;0;2;8;22;A01
201100035635;0;1;0;1;0;1;1;B01
201100035636;0;7;0;0;2;2;1;A01
201100035636;0;7;0;0;2;7;1;B01
201100035637;0;7;0;0;2;1;1;B01
201100035637;0;1;0;0;2;1;16;A01
201100035638;0;7;0;0;2;8;11;A01
201100035638;0;33;0;0;2;1;1;B01
201100035639;0;7;0;0;1;1;1;A01
201100035640;0;7;0;0;2;1;15;A01
201100035640;0;7;0;0;2;3;1;B01
201100035641;0;7;0;0;2;3;9;A01
201100035641;0;32;0;0;2;1;1;B01
201100035642;0;7;0;0;2;2;1;A01
201100035642;0;7;0;0;2;3;1;B01
201100035643;0;7;0;0;2;1;1;A01
201100035643;0;1;0;0;2;1;1;B01
201100035644;1;30;0;0;1;0;0;Z01
201100035645;0;7;0;0;1;1;15;A01
201100035646;0;7;0;4;0;3;0;A01
201100035647;0;3;0;1;0;1;1;A01
201100035648;0;2;0;0;2;1;5;B01
201100035648;0;7;0;0;2;1;1;A01
201100035649;0;2;0;0;2;1;17;B01
201100035649;0;7;0;0;2;8;15;A01
201100035650;0;7;0;0;2;3;15;A01
201100035650;0;1;0;0;2;8;19;B01
201100035651;0;7;0;0;1;0;1;Z01
201100035652;0;30;0;0;2;1;16;A01
201100035652;0;1;0;0;2;1;1;B01
201100035653;0;7;0;0;1;0;0;A01
201100035654;1;7;0;0;0;0;0;Z01
201100035655;0;33;0;0;2;4;23;C01
201100035655;0;7;0;0;2;1;1;A01
201100035655;0;33;0;0;2;4;23;B01
201100035656;0;33;0;0;0;0;1;A01
201100035657;0;7;0;0;2;3;15;A01
201100035657;0;2;0;0;2;1;1;B01
201100035658;0;7;0;0;1;1;2;A01
201100035659;1;7;0;0;1;0;0;Z01
201100035660;0;15;0;0;1;3;15;A01
201100035661;0;7;0;3;0;2;2;A01
201100035662;0;7;0;0;1;1;1;A01
201100035663;0;7;0;0;2;1;2;A01
201100035663;0;7;0;0;2;3;15;B01
201100035664;0;1;0;0;2;1;0;A01
201100035664;0;7;0;0;2;1;0;B01
201100035665;0;7;0;0;1;1;1;A01
201100035666;0;7;0;0;1;1;15;A01
201100035667;0;3;0;0;2;2;17;C01
201100035667;0;7;0;0;2;3;15;A01
201100035667;0;7;0;0;2;8;23;B01
201100035668;0;7;0;0;1;3;15;A01
201100035669;0;7;0;0;2;1;15;A01
201100035669;0;1;0;0;2;1;1;B01
201100035670;0;7;0;3;0;1;1;A01
201100035671;1;7;0;0;2;1;1;A01
201100035671;0;7;0;0;2;6;15;B01
201100035672;0;7;0;4;0;7;1;A01
201100035673;0;7;0;0;2;1;0;A01
201100035673;0;1;0;0;2;1;0;B01
201100035674;0;7;0;0;0;4;1;B01
201100035675;0;10;0;0;2;2;16;A01
201100035675;0;1;0;0;2;0;1;B01
201100035676;0;7;0;0;1;1;1;A01
201100035677;0;7;0;0;2;1;1;A01
201100035677;0;7;0;0;2;4;1;B01
201100035678;0;33;0;0;0;1;1;A01
201100035679;0;7;0;0;2;1;1;A01
201100035679;0;7;0;0;2;3;1;B01
201100035680;1;7;0;0;0;0;1;Z01
201100035681;0;7;0;0;1;2;1;A01
201100035682;0;10;0;6;0;1;1;A01
201100035682;0;7;0;0;9;1;1;B01
201100035683;0;7;0;0;2;3;1;B01
201100035683;0;7;0;9;2;2;14;A01
201100035684;0;7;0;0;2;8;15;A01
201100035684;0;33;0;0;2;1;17;B01
201100035685;0;2;0;11;0;1;15;A01
201100035686;0;30;0;0;2;3;1;B01
201100035686;0;7;0;0;2;2;20;A01
201100035687;0;7;0;0;1;1;2;A01
201100035688;0;7;0;0;1;1;1;A01
201100035689;0;7;0;0;2;3;10;A01
201100035689;0;30;0;0;2;1;1;B01
201100035690;0;7;0;0;2;9;1;A01
201100035691;0;2;0;0;2;1;1;B01
201100035691;0;7;0;0;2;3;1;A01
201100035692;0;7;0;0;2;3;13;A01
201100035692;0;7;0;0;2;3;2;B01
201100035693;0;7;0;0;2;1;1;A01
201100035693;0;33;0;0;2;4;23;B01
201100035694;0;33;0;0;2;1;1;B01
201100035694;0;7;0;0;2;2;15;A01
201100035695;0;2;0;0;2;1;1;B01
201100035695;0;7;0;0;2;1;1;A01
201100035696;0;7;0;0;2;1;2;A01
201100035696;0;1;0;0;2;1;1;B01
201100035697;0;7;0;11;0;1;13;A01
201100035698;2;1;0;0;2;1;1;B01
201100035698;1;30;0;0;2;1;1;A01
201100035699;0;7;0;0;1;1;1;A01
201100035700;0;2;0;0;2;1;1;B01
201100035700;0;7;0;0;2;1;15;A01
201100035701;0;33;0;0;1;2;1;A01
201100035702;0;30;0;0;2;1;1;A01
201100035702;0;7;0;0;2;1;1;B01
201100035703;0;17;0;0;1;3;1;A01
201100035704;0;7;0;0;1;1;1;A01
201100035705;0;7;0;0;1;1;1;A01
201100035706;0;10;0;0;2;1;1;A01
201100035706;0;7;0;0;2;1;1;B01
201100035707;0;30;0;0;0;1;1;A01
201100035708;0;1;0;0;2;1;1;A01
201100035708;0;7;0;0;2;4;23;B01
201100035709;0;7;0;0;2;2;1;A01
201100035709;0;7;0;0;2;6;1;B01
201100035710;0;7;0;0;2;8;1;A01
201100035710;0;7;0;0;2;1;1;B01
201100035711;0;7;0;0;2;1;1;A01
201100035711;0;1;0;0;2;4;1;B01
201100035712;0;7;0;0;1;1;1;A01
201100035713;0;7;0;0;2;1;1;A01
201100035714;0;10;0;0;2;4;1;B01
201100035714;0;33;0;0;2;1;1;A01
201100035715;0;7;0;0;1;1;15;A01
201100035716;0;7;0;0;1;1;1;A01
201100035717;0;32;0;0;2;6;1;B01
201100035717;0;7;0;0;2;6;1;A01
201100035718;0;1;0;0;2;8;19;B01
201100035718;0;7;0;0;2;1;2;A01
201100035719;0;7;0;0;2;6;1;B01
201100035719;0;33;0;0;2;1;1;A01
201100035720;0;36;0;0;4;5;19;A01
201100035720;0;39;0;0;2;2;2;B01
201100035721;0;10;0;0;2;4;4;A01
201100035721;0;7;0;0;2;7;2;B01
201100035722;0;7;0;0;1;2;1;A01
201100035723;0;7;0;0;2;0;1;A01
201100035724;0;7;0;0;2;2;1;A01
201100035725;0;7;0;0;1;1;1;A01
201100035726;0;1;0;0;2;1;5;A01
201100035726;0;7;0;0;2;0;16;B01
201100035727;0;7;0;0;1;1;16;A01
201100035728;0;2;0;0;2;1;1;A01
201100035728;0;7;0;0;2;4;1;B01
201100035729;0;7;0;0;2;3;13;A01
201100035729;0;7;0;0;2;3;2;B01
201100035730;0;7;0;0;1;1;1;A01
201100035731;0;3;0;0;2;4;1;D01
201100035731;0;7;0;0;2;1;1;A01
201100035731;0;7;0;0;2;4;1;C01
201100035731;0;7;0;0;2;1;1;B01
201100035732;0;1;0;1;2;7;1;A01
201100035732;0;10;0;0;2;2;1;B01
201100035733;0;33;0;0;2;1;1;A01
201100035733;1;7;0;0;2;0;0;Z01
201100035734;0;7;0;14;0;3;21;A01
201100035735;0;30;0;0;2;1;1;B01
201100035735;0;7;0;0;2;3;15;A01
201100035736;0;7;0;0;2;4;1;C01
201100035736;0;7;0;0;2;1;1;A01
201100035736;0;7;0;0;2;1;1;B01
201100035737;0;7;0;0;1;2;1;A01
201100035738;0;7;0;0;2;4;23;C01
201100035738;0;7;0;0;2;1;1;A01
201100035738;0;7;0;0;2;9;23;B01
201100035739;0;7;0;0;2;1;16;B01
201100035739;0;7;0;0;2;1;15;A01
201100035740;0;7;0;8;2;1;1;A01
201100035740;0;7;0;0;2;1;1;B01
201100035741;0;2;0;0;2;1;1;B01
201100035741;0;7;0;0;2;1;15;A01
201100035742;0;7;0;14;0;1;1;A01
201100035743;0;10;0;0;1;1;0;A01
201100035744;0;7;0;0;2;4;1;A01
201100035744;0;7;0;0;2;1;1;B01
201100035745;0;7;0;0;2;1;1;A01
201100035745;0;7;0;0;2;1;1;B01
201100035746;0;7;0;0;1;1;1;A01
201100035747;0;10;0;2;0;1;2;A01
201100035748;0;7;0;0;1;1;1;A01
201100035749;0;7;0;0;2;1;1;A01
201100035749;0;7;0;0;1;1;1;B01
201100035750;0;7;0;0;1;1;1;A01
201100035751;0;7;0;0;1;1;1;A01
201100035752;0;7;0;0;1;1;1;A01
201100035753;0;7;0;0;1;2;1;A01
201100035754;0;7;0;0;0;0;0;A01
201100035755;0;2;0;0;2;1;1;A01
201100035755;0;1;0;0;2;1;15;B01
201100035756;0;7;0;14;0;1;1;A01
201100035757;0;7;0;4;0;1;1;A01
201100035758;0;7;0;0;1;1;1;A01
201100035759;0;7;0;0;2;4;1;B01
201100035759;0;7;0;0;2;1;1;A01
201100035760;0;7;0;0;1;4;4;A01
201100035761;0;10;0;0;2;1;1;A01
201100035761;0;7;0;0;2;4;1;B01
201100035762;0;7;0;0;1;1;17;A01
201100035763;0;7;0;0;1;1;1;A01
201100035764;0;7;0;0;1;1;1;A01
201100035765;0;7;0;0;1;1;1;A01
201100035766;0;15;0;0;0;4;24;B01
201100035766;0;2;0;1;0;1;1;A01
201100035767;0;7;0;0;1;1;15;A01
201100035768;0;7;0;0;1;1;1;A01
201100035769;0;2;0;0;2;1;1;A01
201100035769;0;7;0;0;2;8;1;B01
201100035770;1;7;0;0;1;1;1;Z01
201100035771;0;7;0;11;1;3;1;A01
201100035772;0;7;0;0;1;3;1;A01
201100035773;0;37;1;0;2;1;1;A01
201100035773;0;7;0;1;2;1;20;B01
201100035774;0;33;0;0;2;1;1;B01
201100035774;0;7;0;0;2;1;1;A01
201100035775;0;7;0;0;2;2;0;A01
201100035775;0;30;0;0;2;1;1;B01
201100035776;0;7;0;4;0;3;1;A01
201100035777;0;7;0;0;1;0;1;A01
201100035778;0;7;0;0;1;3;1;A01
201100035779;0;7;0;1;2;4;2;B01
201100035779;2;7;0;0;2;1;1;A01
201100035780;0;7;0;0;2;5;15;A01
201100035780;0;30;0;0;2;1;1;B01
201100035781;0;7;0;0;2;1;1;B01
201100035781;0;7;0;0;2;3;9;A01
201100035782;0;2;0;12;0;1;1;A01
201100035783;0;7;0;6;2;2;17;B01
201100035783;0;7;0;0;2;3;11;A01
201100035784;0;7;0;0;2;1;1;C01
201100035784;0;7;0;0;2;5;15;A01
201100035784;0;33;0;0;2;1;1;B01
201100035785;0;7;0;0;2;8;15;A01
201100035785;0;33;0;0;2;1;1;B01
201100035786;0;30;0;0;2;1;5;A01
201100035786;0;7;0;0;2;3;1;B01
201100035787;0;37;27;0;1;2;2;A01
201100035788;0;7;0;13;0;3;1;A01
201100035789;0;7;0;0;0;8;9;A01
201100035789;0;7;0;0;2;1;1;B01
201100035790;0;7;0;2;0;8;13;A01
201100035791;0;33;0;0;2;1;14;A01
201100035791;0;7;0;0;0;5;15;B01
201100035792;0;2;0;6;0;0;1;A01
201100035793;0;37;15;0;2;1;1;A01
201100035793;0;33;0;0;2;7;1;B01
201100035794;0;15;0;0;1;3;1;A01
201100035795;0;10;0;0;1;2;0;A01
201100035796;0;7;0;3;2;8;0;A01
201100035796;0;7;0;0;2;1;1;B01
201100035797;0;7;0;0;0;9;1;A01
201100035798;0;7;0;0;0;9;15;A01
201100035799;0;7;0;0;1;2;1;A01
201100035800;0;10;0;0;2;3;9;A01
201100035800;0;7;0;0;2;3;12;B01
201100035801;0;10;0;0;1;1;15;A01
201100035802;1;99;0;0;1;1;2;A01
201100035803;0;7;0;0;2;3;15;B01
201100035803;0;30;0;0;2;1;2;A01
201100035804;0;7;0;0;2;4;23;B01
201100035804;0;7;0;14;0;1;2;A01
201100035805;0;7;0;0;2;2;10;A01
201100035805;0;32;0;0;2;4;2;B01
201100035806;0;7;0;9;0;1;2;A01
201100035807;0;7;0;0;1;1;2;A01
201100035808;0;7;0;12;0;1;15;A01
201100035809;0;7;0;0;2;3;23;C01
201100035809;0;7;0;14;2;3;9;B01
201100035809;0;33;0;14;2;2;2;A01
201100035810;0;7;0;0;1;1;2;A01
201100035811;0;7;0;0;2;3;2;B01
201100035811;0;7;0;0;2;2;2;A01
201100035812;0;7;0;0;1;1;1;A01
201100035813;0;7;0;0;1;1;1;A01
201100035814;0;7;0;1;0;7;14;A01
201100035814;0;7;0;0;2;8;24;B01
201100035815;0;7;0;0;9;3;15;A01
201100035815;0;1;0;0;2;7;2;B01
201100035816;0;7;0;8;0;7;16;A01
201100035817;0;7;0;0;1;1;1;A01
201100035818;0;7;0;0;1;1;15;A01
201100035819;0;7;0;6;2;1;17;A01
201100035819;0;7;0;0;2;8;15;B01
201100035820;0;7;0;0;1;4;4;A01
201100035821;0;1;0;0;2;3;2;B01
201100035821;0;7;0;0;2;1;15;A01
201100035822;0;7;0;0;1;3;1;A01
201100035823;0;7;0;0;1;1;15;A01
201100035824;0;1;0;0;1;1;1;A01
201100035824;0;1;0;0;0;0;1;B01
201100035825;0;7;0;0;2;1;2;A01
201100035825;0;7;0;0;2;4;23;C01
201100035825;0;7;0;0;2;4;2;B01
201100035825;0;7;0;0;0;4;23;D01
201100035826;0;7;0;0;1;2;1;A01
201100035827;0;7;0;0;2;2;15;A01
201100035827;0;30;0;0;2;1;1;B01
201100035828;0;7;0;15;0;9;1;A01
201100035829;0;10;0;0;2;3;15;B01
201100035829;1;7;0;0;2;5;15;A01
201100035830;0;7;0;0;2;2;1;B01
201100035830;0;7;0;0;2;3;16;A01
201100035831;0;7;0;0;1;1;1;A01
201100035832;0;99;0;0;1;2;1;A01
201100035833;0;30;0;0;2;1;1;B01
201100035833;0;7;0;0;2;3;15;A01
201100035834;0;7;0;0;1;3;16;A01
201100035835;0;7;0;1;2;1;1;B01
201100035835;0;7;0;1;2;2;15;A01
201100035836;0;7;0;0;0;6;15;B01
201100035836;0;2;0;0;2;1;2;A01
201100035837;0;30;0;0;2;1;0;B01
201100035837;0;7;0;0;0;7;1;A01
201100035838;0;7;0;0;2;1;1;A01
201100035838;0;7;0;0;2;3;1;B01
201100035839;0;7;0;0;1;3;2;A01
201100035839;0;7;0;0;1;2;2;B01
201100035840;0;7;0;0;2;3;12;B01
201100035840;0;7;0;15;2;1;1;A01
201100035841;1;99;0;0;0;0;0;Z01
201100035842;0;32;0;8;2;8;2;B01
201100035842;0;7;0;0;2;7;2;A01
201100035843;0;7;0;0;2;1;15;A01
201100035843;0;7;0;0;2;1;1;B01
201100035844;0;31;0;0;0;7;21;B01
201100035844;0;7;0;0;0;3;20;A01
201100035845;0;34;0;0;2;1;1;A01
201100035845;0;7;0;0;2;1;15;B01