num_acc;senc;catv;occutc;obs;obsm;choc;manv;num_veh
201100035846;0;7;0;8;1;1;1;A01
201100035847;0;30;0;1;0;1;1;A01
201100035848;0;7;0;0;2;6;2;B01
201100035848;1;7;0;0;0;0;0;Z01
201100035849;0;7;0;0;1;1;15;A01
201100035850;2;7;0;2;0;8;1;A01
201100035851;0;7;0;0;0;3;1;B01
201100035851;0;7;0;0;0;3;15;A01
201100035852;0;7;0;0;1;2;0;A01
201100035853;1;7;0;0;0;0;0;Z01
201100035853;0;2;0;0;2;1;1;B01
201100035854;0;7;0;0;1;1;0;A01
201100035855;0;7;0;0;2;1;15;B01
201100035855;0;2;0;0;2;7;17;A01
201100035856;0;13;0;0;1;7;2;A01
201100035857;0;7;0;0;2;2;15;A01
201100035857;0;7;0;0;2;1;1;B01
201100035858;0;7;0;0;1;7;1;A01
201100035859;0;7;0;0;2;4;2;B01
201100035859;0;7;0;0;2;1;2;A01
201100035860;0;7;0;13;0;1;5;A01
201100035861;0;10;0;0;1;2;15;A01
201100035862;0;7;0;0;2;1;2;A01
201100035862;0;7;0;0;2;4;2;B01
201100035863;0;7;0;0;2;4;16;B01
201100035863;0;33;0;0;0;1;12;A01
201100035863;0;7;0;0;2;3;16;C01
201100035864;0;30;0;0;0;1;1;B01
201100035864;0;7;0;0;0;6;10;A01
201100035865;0;2;0;0;2;1;1;B01
201100035865;0;7;0;0;2;6;10;A01
201100035866;0;34;0;0;2;7;17;A01
201100035866;0;7;0;0;2;3;15;B01
201100035867;0;7;0;4;0;9;9;A01
201100035868;0;7;0;2;0;2;2;A01
201100035869;0;33;0;0;2;4;2;B01
201100035869;0;7;0;0;2;1;2;A01
201100035869;0;7;0;0;2;5;2;D01
201100035869;0;7;0;0;2;4;2;C01
201100035870;1;7;0;0;1;2;1;A01
201100035871;0;7;0;0;1;3;1;A01
201100035872;0;7;0;0;0;4;23;B01
201100035872;0;7;0;0;0;1;1;A01
201100035873;0;7;0;0;0;6;20;B01
201100035873;0;7;0;0;2;2;1;A01
201100035874;0;10;0;0;0;3;2;B01
201100035874;0;7;0;0;0;1;1;A01
201100035875;0;33;0;0;2;9;0;B01
201100035875;0;7;0;0;0;8;9;A01
201100035876;0;7;0;0;1;2;2;A01
201100035877;1;30;0;0;2;0;1;A01
201100035878;0;33;0;0;0;3;2;B01
201100035878;0;7;0;0;0;2;9;A01
201100035879;0;7;0;0;2;4;2;D01
201100035879;0;7;0;0;2;1;2;A01
201100035879;0;7;0;0;2;4;2;B01
201100035879;0;7;0;0;2;4;2;C01
201100035880;0;7;0;1;0;1;1;A01
201100035881;0;7;0;0;2;4;2;C01
201100035881;0;7;0;0;2;1;2;A01
201100035881;0;7;0;0;2;4;23;D01
201100035881;0;7;0;0;2;4;23;B01
201100035882;0;7;0;0;0;4;1;B01
201100035882;0;7;0;0;0;2;2;A01
201100035883;0;1;0;0;2;8;1;A01
201100035883;0;7;0;0;9;1;2;B01
201100035884;0;7;0;0;0;4;2;B01
201100035884;0;2;0;0;0;1;2;A01
201100035885;0;7;0;0;0;4;9;B01
201100035885;0;7;0;0;0;1;2;A01
201100035886;0;7;0;0;1;2;1;B01
201100035887;0;7;0;0;0;1;1;A01
201100035887;0;1;0;0;0;7;1;B01
201100035888;0;7;0;0;2;2;15;A01
201100035888;0;30;0;0;2;1;1;B01
201100035889;0;7;0;0;1;2;1;A01
201100035890;0;7;0;0;1;2;1;B01
201100035891;0;7;0;1;0;1;14;A01
201100035892;0;7;0;0;1;7;0;A01
201100035893;0;7;0;0;9;1;1;B01
201100035893;0;1;0;0;2;3;1;A01
201100035894;0;7;0;0;0;4;2;B01
201100035894;0;33;0;0;2;1;2;A01
201100035895;0;2;0;1;0;1;9;B01
201100035895;0;7;0;0;0;2;0;A01
201100035896;0;2;0;0;0;1;2;B01
201100035896;0;7;0;0;0;7;2;A01
201100035897;1;7;0;0;0;0;0;Z01
201100035898;0;30;0;0;0;8;19;A01
201100035898;0;37;0;0;2;3;1;B01
201100035899;0;7;0;0;2;7;1;B01
201100035899;0;1;0;0;2;8;16;A01
201100035900;0;7;0;0;1;1;1;A01
201100035901;0;33;0;0;2;4;2;B01
201100035901;0;33;0;0;2;1;2;A01
201100035902;0;7;0;0;2;3;2;A01
201100035902;0;7;0;0;2;5;1;B01
201100035903;0;7;0;0;0;3;1;B01
201100035903;0;30;0;0;2;3;5;A01
201100035904;0;10;0;0;1;3;15;A01
201100035905;0;30;0;0;0;8;2;A01
201100035906;0;7;0;15;0;3;1;B01
201100035906;1;7;0;0;2;0;0;A01
201100035907;0;7;0;0;0;5;0;B01
201100035907;0;7;0;0;2;1;2;A01
201100035907;0;7;0;0;2;5;0;C01
201100035908;0;7;0;0;2;3;5;A01
201100035908;0;7;0;0;2;3;1;B01
201100035909;0;7;0;0;2;2;15;B01
201100035909;0;1;0;0;2;2;1;A01
201100035910;1;7;0;0;1;0;4;Z01
201100035911;0;7;0;0;0;8;0;A01
201100035912;0;33;0;0;2;1;17;B01
201100035912;0;7;0;0;2;6;15;A01
201100035913;0;7;0;0;2;1;1;B01
201100035913;0;1;0;0;2;1;5;A01
201100035914;0;7;0;0;1;3;2;A01
201100035915;0;3;0;0;2;3;5;A01
201100035915;0;7;0;0;2;3;1;B01
201100035916;0;7;0;0;2;2;1;A01
201100035916;0;7;0;0;2;3;1;B01
201100035917;0;7;0;0;0;5;23;B01
201100035917;0;33;0;0;2;1;2;A01
201100035918;0;7;0;0;1;6;4;A01
201100035919;0;30;0;0;0;1;1;B01
201100035919;0;7;0;0;2;3;15;A01
201100035920;0;30;0;0;2;1;1;B01
201100035920;0;7;0;0;2;7;10;A01
201100035921;0;7;0;0;1;1;15;A01
201100035922;1;7;0;0;0;0;0;Z01
201100035923;0;7;0;0;2;4;2;B01
201100035923;0;7;0;0;2;1;2;A01
201100035924;0;7;0;0;1;2;15;A01
201100035925;0;30;0;0;2;1;1;B01
201100035925;0;7;0;0;2;7;16;A01
201100035926;0;7;0;0;2;1;13;A01
201100035926;0;7;0;0;2;1;1;B01
201100035927;0;7;0;0;2;5;1;A01
201100035927;0;7;0;0;2;1;1;B01
201100035928;0;7;0;0;2;1;1;A01
201100035928;0;7;0;0;2;6;9;B01
201100035929;0;7;0;0;2;1;15;A01
201100035929;0;7;0;0;2;1;1;B01
201100035930;0;2;0;0;2;1;2;A01
201100035930;0;7;0;0;0;5;2;B01
201100035931;0;10;0;0;2;1;2;A01
201100035931;0;7;0;0;1;1;1;B01
201100035932;0;7;0;0;2;3;9;B01
201100035932;0;37;5;0;2;1;1;A01
201100035933;0;7;0;0;0;2;2;A01
201100035934;0;2;0;0;2;8;17;A01
201100035934;0;7;0;0;9;8;15;B01
201100035935;0;2;0;0;2;3;17;A01
201100035935;0;33;0;0;2;8;15;B01
201100035936;0;7;0;0;1;2;0;A01
201100035937;0;7;0;0;0;1;1;B01
201100035937;0;7;0;0;0;2;15;A01
201100035938;0;14;0;0;0;4;4;A01
201100035939;0;7;0;0;2;1;2;A01
201100035939;0;7;0;0;2;4;23;B01
201100035940;0;7;0;0;2;8;0;A01
201100035940;0;7;0;0;2;1;0;B01
201100035941;0;7;0;0;1;8;1;A01
201100035942;0;34;0;0;2;1;2;A01
201100035942;0;7;0;0;0;7;12;B01
201100035943;0;7;0;0;2;8;11;A01
201100035943;0;33;0;0;2;1;17;B01
201100035944;1;99;0;0;0;0;0;A01
201100035945;0;33;0;0;2;9;2;B01
201100035945;0;7;0;0;0;1;15;A01
201100035946;0;7;0;1;0;2;14;A01
201100035947;0;1;0;0;2;2;1;B01
201100035947;0;7;0;0;9;5;1;A01
201100035948;1;33;0;0;2;1;1;A01
201100035948;0;7;0;0;2;7;15;B01
201100035949;0;7;0;6;2;2;1;A01
201100035949;0;7;0;9;2;3;1;B01
201100035950;0;1;0;0;2;8;16;A01
201100035950;0;7;0;0;2;1;1;B01
201100035951;0;7;0;8;0;3;1;B01
201100035951;0;7;0;6;2;1;1;A01
201100035952;1;7;0;0;2;1;1;A01
201100035952;0;7;0;8;2;9;2;B01
201100035953;0;1;0;0;2;4;2;A01
201100035953;0;7;0;0;2;1;2;B01
201100035954;0;7;0;0;9;2;1;B01
201100035954;0;30;0;0;2;1;15;A01
201100035955;0;7;0;0;2;1;1;B01
201100035955;0;7;0;0;2;3;15;A01
201100035956;0;30;0;0;2;7;1;A01
201100035956;0;7;0;0;2;2;15;B01
201100035957;0;7;0;0;2;3;9;A01
201100035957;0;2;0;0;2;8;2;B01
201100035958;1;10;0;0;1;1;15;A01
201100035959;0;32;0;0;2;1;2;A01
201100035959;0;7;0;0;2;4;2;B01
201100035960;0;7;0;0;2;3;13;B01
201100035960;0;33;0;0;2;1;1;A01
201100035961;0;7;0;0;1;3;1;A01
201100035962;0;10;0;8;2;3;1;B01
201100035962;0;7;0;0;2;1;1;A01
201100035963;0;7;0;0;2;1;1;A01
201100035963;0;7;0;9;2;1;1;B01
201100035964;0;7;0;0;2;1;1;B01
201100035964;0;7;0;0;2;1;13;A01
201100035965;0;7;0;0;1;5;4;A01
201100035966;0;31;0;0;2;1;1;A01
201100035966;1;7;0;0;2;2;1;Z01
201100035967;0;7;0;0;1;2;1;A01
201100035968;0;7;0;0;2;1;1;B01
201100035968;0;1;0;0;2;4;1;A01
201100035969;0;7;0;0;1;2;2;A01
201100035970;0;7;0;0;2;1;1;A01
201100035970;0;7;0;0;0;4;1;B01
201100035971;1;7;0;0;0;0;1;Z01
201100035971;0;30;0;0;2;1;1;B01
201100035972;0;30;0;0;0;2;1;B01
201100035972;0;7;0;0;0;7;20;A01
201100035973;0;7;0;0;0;8;0;B01
201100035973;0;7;0;0;0;3;0;A01
201100035974;0;10;0;0;2;1;1;B01
201100035974;0;7;0;0;2;2;15;A01
201100035975;0;7;0;0;0;3;15;B01
201100035975;0;34;0;0;2;1;17;A01
201100035976;0;7;0;0;2;1;1;B01
201100035976;0;7;0;0;2;2;16;A01
201100035977;0;7;0;0;9;7;16;A01
201100035977;0;2;0;0;2;3;1;B01
201100035978;0;7;0;0;1;2;1;A01
201100035979;0;7;0;0;1;1;1;A01
201100035980;0;7;0;8;2;2;1;B01
201100035980;0;7;0;0;2;1;1;A01
201100035981;0;7;0;0;1;1;1;A01
201100035982;0;7;0;0;1;2;1;A01
201100035983;0;34;0;3;0;3;6;A01
201100035984;0;30;0;0;2;1;1;A01
201100035984;0;7;0;0;2;1;1;B01
201100035985;0;17;0;15;1;7;2;A01
201100035986;0;2;0;0;2;1;1;A01
201100035986;0;7;0;0;2;5;1;B01
201100035987;0;7;0;0;2;2;10;A01
201100035987;0;7;0;0;2;1;1;B01
201100035988;0;7;0;0;0;1;16;A01
201100035988;0;7;0;0;1;4;23;C01
201100035988;0;7;0;0;2;9;23;B01
201100035989;0;7;0;0;1;2;1;A01
201100035990;0;33;0;0;2;8;15;B01
201100035990;0;7;0;0;0;3;1;A01
201100035991;0;7;0;0;1;2;16;A01
201100035992;0;7;0;0;9;8;0;B01
201100035992;0;33;0;0;2;1;2;A01
201100035993;0;7;0;0;2;3;1;A01
201100035993;0;7;0;0;2;5;1;B01
201100035994;0;7;0;0;2;2;2;A01
201100035994;0;1;0;0;2;4;2;B01
201100035995;0;7;0;0;2;6;15;B01
201100035995;0;33;0;0;2;2;1;A01
201100035996;0;7;0;0;1;1;1;A01
201100035997;0;7;0;0;1;1;17;A01
201100035998;0;10;0;0;1;2;15;A01
201100035999;0;7;0;0;2;1;13;A01
201100035999;0;37;0;0;2;1;1;B01
201100036000;0;2;0;0;2;1;1;B01
201100036000;0;7;0;0;2;2;1;A01
201100036001;0;7;0;8;0;1;13;A01
201100036002;0;10;0;0;1;4;4;A01
201100036003;0;7;0;0;1;2;1;B01
201100036003;0;1;0;0;2;1;15;A01
201100036004;0;7;0;0;2;8;1;A01
201100036004;0;32;0;0;2;1;1;B01
201100036005;0;7;0;0;1;3;0;A01
201100036006;0;30;0;0;2;1;0;B01
201100036006;0;7;0;0;2;7;15;A01
201100036007;0;7;0;0;2;1;0;A01
201100036007;0;7;0;0;2;1;1;B01
201100036008;0;7;0;0;2;1;1;B01
201100036008;0;7;0;0;2;7;15;A01
201100036009;0;7;0;0;2;3;9;A01
201100036009;0;2;0;0;2;7;1;B01
201100036010;0;7;0;0;1;4;4;A01
201100036011;0;7;0;0;2;1;21;A01
201100036011;0;7;0;0;2;6;19;B01
201100036012;0;30;0;0;2;4;13;B01
201100036012;0;7;0;0;2;1;17;A01
201100036013;0;7;0;0;2;8;14;B01
201100036013;0;7;0;0;2;1;19;A01
201100036014;0;7;0;0;2;3;10;A01
201100036014;0;7;0;0;2;7;17;B01
201100036015;0;7;0;0;1;1;1;A01
201100036016;0;7;0;0;2;1;1;B01
201100036016;0;7;0;0;2;3;15;A01
201100036017;0;7;0;0;1;7;1;A01
201100036018;0;7;0;8;0;8;16;A01
201100036019;1;32;0;0;1;2;0;A01
201100036020;0;30;0;0;2;3;1;B01
201100036020;0;7;0;0;2;5;20;A01
201100036021;0;7;0;0;1;3;1;A01
201100036022;0;7;0;0;9;8;15;A01
201100036022;0;30;0;0;2;1;1;B01
201100036023;0;1;0;0;2;1;15;A01
201100036023;0;7;0;0;9;3;2;B01
201100036024;0;7;0;0;2;1;1;A01
201100036024;0;7;0;0;2;3;15;B01
201100036025;0;7;0;0;2;5;15;A01
201100036025;0;30;0;0;2;1;1;B01
201100036026;0;7;0;0;1;1;1;A01
201100036027;0;2;0;0;2;8;1;B01
201100036027;1;7;0;0;2;1;1;Z01
201100036028;0;10;0;0;1;2;21;B01
201100036029;1;7;0;15;2;3;1;B01
201100036029;0;1;0;0;2;3;11;A01
201100036030;0;1;0;0;2;2;1;B01
201100036030;0;10;0;0;9;3;15;A01
201100036031;0;7;0;0;2;8;15;A01
201100036031;0;7;0;0;2;1;1;B01
201100036032;0;33;0;0;2;1;1;B01
201100036032;0;10;0;0;2;7;10;A01
201100036033;0;7;0;0;2;1;2;A01
201100036033;0;7;0;0;2;2;2;B01
201100036034;0;7;0;0;2;1;1;A01
201100036034;0;1;0;0;2;8;19;B01
201100036035;0;7;0;0;2;2;1;A01
201100036035;0;1;0;0;2;1;19;B01
201100036036;0;7;0;0;1;2;1;A01
201100036037;0;7;0;0;0;6;15;B01
201100036037;0;32;0;0;0;1;17;A01
201100036038;0;7;0;0;1;1;0;A01
201100036039;0;7;0;0;2;6;10;A01
201100036039;0;32;0;0;2;1;1;B01
201100036040;0;7;0;0;2;3;24;A01
201100036040;0;1;0;1;0;1;1;B01
201100036041;0;1;0;0;0;8;19;A01
201100036041;0;7;0;0;2;2;16;B01
201100036042;0;7;0;0;2;2;2;A01
201100036042;0;7;0;0;2;8;2;B01
201100036043;0;7;0;0;1;2;1;B01
201100036044;0;7;0;1;0;8;19;A01
201100036044;0;30;0;0;0;1;1;B01
201100036045;0;7;0;0;2;2;15;A01
201100036045;0;7;0;0;2;1;1;B01
201100036046;0;7;0;0;1;2;1;A01
201100036047;0;2;0;0;1;1;1;A01
201100036048;0;7;0;0;2;1;15;A01
201100036048;0;7;0;0;2;8;15;B01
201100036049;0;7;0;0;2;3;15;A01
201100036049;0;1;0;0;2;1;1;B01
201100036050;0;7;0;0;2;2;15;A01
201100036050;0;33;0;0;2;1;1;B01
201100036051;0;7;0;0;1;2;1;B01
201100036052;0;7;0;0;1;7;2;A01
201100036053;0;7;0;0;1;2;15;A01
201100036054;0;7;0;0;1;1;1;B01
201100036055;0;7;0;0;0;4;2;B01
201100036055;0;7;0;0;2;1;2;A01
201100036056;0;7;0;0;0;1;1;A01
201100036057;0;7;0;0;2;4;2;B01
201100036057;0;7;0;0;2;1;2;A01
201100036058;0;7;0;0;1;2;1;A01
201100036059;0;7;0;0;2;3;1;A01
201100036059;0;7;0;0;2;2;1;B01
201100036060;0;7;0;0;2;2;23;B01
201100036060;0;7;0;0;2;1;1;A01
201100036060;0;7;0;0;2;4;23;C01
201100036061;0;7;0;0;1;1;1;A01
201100036062;0;7;0;0;1;2;15;A01
201100036063;0;7;0;0;2;4;2;B01
201100036063;0;30;0;0;2;1;2;A01
201100036064;0;2;0;0;2;1;1;B01
201100036064;1;7;0;0;2;2;15;Z01
201100036065;0;7;0;0;2;1;1;A01
201100036065;0;7;0;0;2;1;1;B01
201100036066;0;7;0;0;9;3;0;A01
201100036066;0;1;0;0;2;4;19;B01
201100036067;0;7;0;0;2;1;1;A01
201100036067;0;1;0;0;2;7;19;B01
201100036068;0;7;0;0;1;2;1;A01
201100036069;0;7;0;0;2;2;16;A01
201100036069;0;30;0;0;2;1;2;B01
201100036070;0;7;0;0;2;3;1;B01
201100036070;0;7;0;0;2;2;15;A01
201100036071;0;30;0;0;2;3;1;B01
201100036071;0;7;0;0;0;5;16;A01
201100036072;0;7;0;0;2;1;1;B01
201100036072;0;7;0;0;2;1;1;A01
201100036073;0;7;0;0;2;8;9;A01
201100036073;0;7;0;0;0;2;2;B01
201100036074;0;3;0;0;2;1;1;B01
201100036074;0;7;0;0;2;7;1;A01
201100036075;0;7;0;0;2;1;2;A01
201100036075;0;33;0;0;2;4;23;B01
201100036076;0;7;0;0;2;4;2;B01
201100036076;0;7;0;0;2;1;2;A01
201100036077;0;7;0;0;2;1;2;A01
201100036077;0;7;0;0;2;4;2;B01
201100036078;0;7;0;0;2;1;1;A01
201100036078;0;10;0;8;2;7;1;B01
201100036079;0;1;0;0;2;1;1;A01
201100036079;0;7;0;0;2;1;0;B01
201100036080;0;7;0;0;2;4;1;B01
201100036080;0;7;0;0;2;1;1;A01
201100036081;0;7;0;0;2;1;1;A01
201100036081;0;7;0;8;2;3;1;B01
201100036082;0;7;0;0;2;3;5;A01
201100036082;0;30;0;0;2;1;1;B01
201100036083;0;7;0;0;1;8;1;B01
201100036084;0;7;0;0;2;3;24;B01
201100036084;0;32;0;1;0;2;1;A01
201100036085;0;7;0;0;2;2;1;B01
201100036085;0;7;0;0;2;3;1;A01
201100036086;0;7;0;0;1;1;16;A01
201100036087;0;7;0;0;2;7;15;A01
201100036087;0;7;0;0;2;1;1;B01
201100036088;0;7;0;0;1;1;1;A01
201100036089;0;10;0;0;2;8;15;B01
201100036089;0;34;0;1;2;1;2;A01
201100036090;0;2;0;0;0;1;1;B01
201100036090;0;7;0;0;2;1;15;A01
201100036091;0;7;0;0;1;1;1;A01
201100036092;0;7;0;0;1;2;1;A01
201100036093;0;7;0;0;2;3;1;B01
201100036093;0;7;0;0;2;3;15;A01
201100036094;0;10;0;0;1;1;15;A01
201100036095;0;7;0;0;1;3;1;A01
201100036096;0;7;0;0;2;1;1;A01
201100036096;0;2;0;0;2;4;1;B01
201100036097;0;7;0;0;1;1;1;A01
201100036098;0;7;0;0;2;1;1;B01
201100036098;0;7;0;0;2;2;15;A01
201100036099;0;7;0;0;2;5;2;B01
201100036099;0;30;0;0;2;1;2;A01
201100036100;0;7;0;0;2;1;1;B01
201100036100;0;7;0;0;1;1;1;A01
201100036101;0;7;0;9;0;0;1;A01
201100036102;0;7;0;0;2;2;15;A01
201100036102;0;7;0;0;2;1;1;B01
201100036103;0;7;0;0;1;1;10;A01
201100036104;0;7;0;2;0;1;1;A01
201100036105;0;30;0;1;0;1;13;A01
201100036106;0;10;0;0;2;1;1;B01
201100036106;0;10;0;0;2;2;15;A01
201100036107;0;7;0;14;9;9;1;A01
201100036108;0;7;0;0;2;1;13;A01
201100036108;0;7;0;0;2;1;1;B01
201100036109;0;7;0;0;2;1;9;A01
201100036109;0;33;0;0;2;1;9;B01
201100036110;1;7;0;0;1;0;0;Z01
201100036111;0;7;0;0;1;1;1;A01
201100036112;0;7;0;0;1;1;0;A01
201100036113;0;7;0;0;2;1;13;A01
201100036113;0;7;0;0;2;1;1;B01
201100036114;0;7;0;0;2;3;1;B01
201100036114;0;1;0;0;2;8;9;A01
201100036115;0;33;0;0;2;1;17;A01
201100036115;0;7;0;0;2;8;15;B01
201100036116;0;7;0;0;2;2;2;A01
201100036116;0;1;0;0;2;4;1;B01
201100036117;1;7;0;0;0;0;0;Z01
201100036118;0;7;0;0;1;4;2;B01
201100036118;0;7;0;0;2;1;2;A01
201100036119;0;7;0;0;0;3;2;A01
201100036119;0;2;0;0;2;8;2;B01
201100036120;0;30;0;7;0;1;1;A01
201100036121;0;7;0;13;0;3;0;A01
201100036122;0;7;0;0;2;1;1;B01
201100036122;0;7;0;0;2;1;5;A01
201100036123;0;7;0;0;2;5;4;A01
201100036123;0;30;0;0;2;1;1;B01
201100036124;0;14;0;0;0;0;0;C01
201100036124;0;33;0;6;0;1;1;A01
201100036125;0;7;0;0;0;2;1;A01
201100036125;0;2;0;0;2;1;9;B01
201100036126;0;7;0;0;2;3;1;B01
201100036126;0;2;0;0;2;1;13;A01
201100036127;0;2;0;0;2;7;17;B01
201100036127;0;7;0;0;0;0;0;T01
201100036127;0;7;0;0;2;8;15;A01
201100036128;0;7;0;0;2;1;1;A01
201100036128;0;7;0;0;2;3;5;B01
201100036129;0;7;0;0;1;1;15;A01
201100036130;0;7;0;0;0;8;1;A01
201100036131;0;10;0;0;9;7;9;A01
201100036131;0;1;0;0;2;0;0;B01
201100036132;0;2;0;0;2;8;0;A01
201100036132;1;7;0;0;0;0;0;Z01
201100036133;0;7;0;0;1;1;15;A01
201100036134;0;7;0;8;0;1;1;A01
201100036135;0;7;0;0;0;7;1;A01
201100036135;0;2;0;0;2;0;0;B01
201100036136;0;2;0;0;2;8;1;B01
201100036136;0;7;0;0;9;1;19;A01
201100036137;0;7;0;0;9;2;15;A01
201100036137;0;1;0;0;2;1;2;B01
201100036138;0;7;0;0;1;2;1;A01
201100036139;0;7;0;1;0;8;16;A01
201100036140;0;13;0;0;2;1;0;A01
201100036140;0;1;0;0;2;7;1;B01
201100036141;0;7;0;0;2;7;0;B01
201100036141;0;7;0;0;2;1;0;A01
201100036142;0;7;0;0;0;2;1;A01
201100036143;0;7;0;0;2;2;15;A01
201100036143;0;7;0;0;2;1;1;B01
201100036144;0;7;0;0;2;8;19;A01
201100036144;0;33;0;0;2;8;1;B01
201100036145;0;7;0;0;1;1;1;A01
201100036146;0;7;0;6;0;1;1;A01
201100036147;0;7;0;0;2;6;20;A01
201100036147;0;7;0;0;2;2;21;B01
201100036148;0;7;0;0;2;1;0;B01
201100036148;0;10;0;0;2;7;1;A01
201100036149;0;7;0;0;0;1;1;A01
201100036149;0;7;0;0;2;1;1;B01
201100036149;0;7;0;0;0;0;1;C01
201100036150;0;7;0;0;2;3;15;A01
201100036150;0;33;0;8;2;1;17;B01
201100036151;0;7;0;0;1;3;1;A01
201100036152;0;7;0;0;2;3;11;A01
201100036152;0;33;0;0;2;1;1;B01
201100036153;0;7;0;0;0;3;1;A01
201100036153;0;7;0;0;0;1;15;B01
201100036154;0;7;0;0;1;3;15;A01
201100036155;0;7;0;0;2;1;1;B01
201100036155;0;31;0;0;2;7;1;A01
201100036156;0;7;0;0;2;3;9;A01
201100036156;0;31;0;0;2;1;1;B01
201100036157;0;33;0;0;0;0;0;B01
201100036157;0;7;0;0;0;0;0;A01
201100036158;0;7;0;0;1;1;0;A01
201100036159;0;7;0;0;0;4;2;B01
201100036159;0;7;0;0;2;1;1;A01
201100036160;0;7;0;0;2;1;1;B01
201100036160;0;7;0;0;2;8;1;A01
201100036161;0;7;0;0;0;9;1;A01
201100036162;0;7;0;0;1;0;15;A01
201100036163;0;7;0;0;2;2;1;B01
201100036163;0;2;0;0;2;8;0;A01
201100036164;0;7;0;0;2;8;15;A01
201100036164;0;37;3;0;2;2;1;B01
201100036165;0;7;0;15;0;1;1;A01
201100036166;0;7;0;0;2;2;2;A01
201100036166;0;15;0;0;0;8;1;C01
201100036166;0;7;0;0;2;3;2;B01
201100036167;0;7;0;0;0;6;4;B01
201100036167;0;30;0;0;2;1;1;A01
201100036168;0;33;0;1;2;1;2;B01
201100036168;0;7;0;0;0;0;2;C01
201100036168;0;30;0;0;0;0;2;A01
201100036169;0;7;0;0;1;2;1;A01
201100036170;0;7;0;0;1;3;15;A01
201100036171;0;10;0;0;1;4;4;A01
201100036172;0;7;0;0;1;1;1;A01
201100036173;0;7;0;0;2;4;1;B01
201100036173;0;7;0;0;0;1;0;A01
201100036174;0;7;0;1;0;2;1;A01
201100036175;0;17;0;0;1;5;15;A01
201100036176;0;7;0;0;0;8;21;A01
201100036177;0;7;0;0;2;4;1;A01
201100036177;0;1;0;0;2;1;1;B01
201100036178;0;7;0;0;0;2;1;A01
201100036179;0;7;0;0;1;2;1;A01
201100036180;0;10;0;0;0;6;1;C01
201100036180;0;10;0;1;2;6;1;A01
201100036181;0;7;0;0;0;3;9;A01
201100036181;0;33;0;0;2;1;1;B01
201100036182;0;7;0;0;1;2;1;A01
201100036183;0;7;0;0;0;0;0;A01
201100036183;0;7;0;0;0;0;0;B01
201100036184;0;30;0;0;2;1;1;B01
201100036184;0;7;0;0;2;1;15;A01
201100036185;0;7;0;0;1;4;4;A01
201100036186;0;7;0;0;1;1;1;A01
201100036187;0;7;0;0;2;2;2;B01
201100036187;0;7;0;0;2;2;15;A01
201100036188;0;32;0;0;2;2;2;A01
201100036188;0;7;0;0;2;3;2;B01
201100036189;0;33;0;1;0;8;2;A01
201100036190;0;7;0;0;1;1;1;A01
201100036191;0;2;0;0;2;6;0;A01
201100036191;1;7;0;0;0;0;0;Z01
201100036192;0;30;0;0;2;1;1;B01
201100036192;0;7;0;0;2;6;10;A01
201100036193;0;7;0;0;1;2;1;A01
201100036194;0;7;0;1;0;2;1;A01
201100036195;0;7;0;0;2;3;11;B01
201100036195;0;30;0;0;2;7;1;A01
201100036196;0;1;0;0;2;2;19;B01
201100036196;0;7;0;0;2;3;1;A01
201100036197;0;7;0;0;0;4;0;B01
201100036197;0;7;0;0;0;1;2;A01
201100036198;0;7;0;0;2;2;0;A01
201100036198;0;7;0;0;2;1;1;B01
201100036199;0;7;0;0;9;1;15;A01
201100036199;0;1;0;0;2;7;5;B01
201100036200;0;7;0;0;1;3;1;A01
201100036201;0;33;0;0;2;1;1;B01
201100036201;0;7;0;0;2;2;1;A01
201100036202;0;32;0;0;2;1;1;B01
201100036202;0;7;0;0;2;1;16;A01
201100036203;0;30;0;0;2;7;1;B01
201100036203;0;7;0;0;2;1;9;A01
201100036204;0;33;0;1;0;1;0;A01
201100036205;0;1;0;0;1;0;1;A01
201100036206;0;7;0;0;0;1;1;A01
201100036206;0;7;0;0;0;1;1;B01
201100036207;0;1;0;0;2;7;11;A01
201100036207;0;7;0;0;9;1;1;B01
201100036208;0;7;0;0;2;2;1;B01
201100036208;0;7;0;15;2;8;1;A01
201100036209;0;7;0;0;2;1;1;B01
201100036209;0;7;0;0;2;1;15;A01
201100036210;0;7;0;1;0;1;0;A01
201100036210;0;7;0;1;2;4;24;B01
201100036211;1;10;0;0;0;0;0;Z01
201100036212;0;37;1;0;1;7;1;A01
201100036213;0;7;0;0;2;5;4;A01
201100036213;0;2;0;0;2;7;1;B01
201100036214;0;7;0;0;0;6;4;A01
201100036214;0;30;0;0;2;1;1;B01
201100036215;0;7;0;0;2;5;2;A01
201100036215;0;2;0;0;2;1;2;B01
201100036216;0;30;0;12;0;0;2;A01
201100036217;0;1;0;0;2;1;1;A01
201100036217;0;7;0;0;9;1;1;B01
201100036218;0;7;0;0;0;2;19;A01
201100036218;0;7;0;0;0;2;1;B01
201100036219;1;7;0;0;2;0;0;Z01
201100036219;0;30;0;0;2;8;0;A01
201100036220;0;7;0;0;2;8;10;A01
201100036220;0;32;0;0;2;1;1;B01
201100036221;0;7;0;0;1;1;1;A01
201100036222;1;7;0;0;2;4;10;Z01
201100036222;0;30;0;0;2;3;1;B01
201100036223;0;7;0;0;2;1;9;A01
201100036223;0;33;0;1;2;7;1;B01
201100036224;0;7;0;0;1;1;0;A01
201100036225;0;7;0;0;0;3;1;B01
201100036225;0;1;0;0;0;1;1;A01