num_acc;senc;catv;occutc;obs;obsm;choc;manv;num_veh
201100036226;0;7;0;4;0;1;2;A01
201100036227;0;14;0;0;2;4;23;B01
201100036227;0;7;0;0;2;1;2;A01
201100036228;0;7;0;0;2;7;15;A01
201100036228;0;7;0;0;2;1;1;B01
201100036229;0;7;0;7;0;3;1;A01
201100036230;1;10;0;0;9;1;1;Z01
201100036231;0;7;0;0;2;3;10;B01
201100036231;0;30;0;0;2;1;2;A01
201100036232;0;7;0;0;6;1;5;A01
201100036233;0;31;0;0;2;1;21;B01
201100036233;0;7;0;0;2;8;10;A01
201100036234;0;1;0;1;0;1;2;A01
201100036234;0;7;0;0;9;3;0;B01
201100036235;0;7;0;0;1;3;1;A01
201100036236;0;7;0;1;0;3;0;A01
201100036237;0;7;0;0;2;4;2;B01
201100036237;0;7;0;0;2;4;2;A01
201100036238;0;1;0;0;0;4;11;B01
201100036238;0;7;0;0;9;2;1;A01
201100036239;0;7;0;0;2;8;11;A01
201100036239;0;7;0;8;2;7;1;B01
201100036240;0;7;0;0;0;3;19;A01
201100036240;0;7;0;0;2;1;1;B01
201100036241;0;7;0;0;1;2;1;A01
201100036242;0;7;0;0;0;1;1;B01
201100036242;0;7;0;0;0;8;19;A01
201100036243;2;7;0;0;0;8;9;A01
201100036243;0;7;0;0;0;1;1;B01
201100036244;0;7;0;0;2;5;15;A01
201100036244;0;7;0;0;2;1;1;B01
201100036245;0;7;0;0;2;3;1;A01
201100036245;0;2;0;0;2;3;12;B01
201100036246;0;2;0;0;2;8;1;A01
201100036246;0;7;0;0;2;2;1;B01
201100036247;0;15;0;0;0;2;23;C01
201100036247;0;7;0;0;2;2;1;A01
201100036247;0;7;0;0;2;3;1;B01
201100036248;0;7;0;0;2;2;1;B01
201100036248;0;7;0;0;2;1;1;A01
201100036249;1;7;0;0;0;0;0;A01
201100036250;0;33;0;0;2;1;1;B01
201100036250;0;10;0;0;0;3;19;A01
201100036251;0;33;0;0;2;5;0;B01
201100036251;0;7;0;0;2;5;1;A01
201100036252;1;7;0;0;2;6;0;Z01
201100036252;0;7;0;0;2;6;1;B01
201100036253;0;7;0;0;2;1;1;B01
201100036253;0;30;0;0;2;2;15;A01
201100036254;0;13;0;0;2;4;4;A01
201100036254;0;7;0;0;2;1;0;B01
201100036255;0;7;0;0;1;1;1;A01
201100036256;0;7;0;0;1;3;1;A01
201100036257;0;30;0;0;2;1;15;A01
201100036257;0;7;0;0;2;3;1;B01
201100036258;0;30;0;0;2;5;5;A01
201100036258;0;7;0;0;2;5;20;B01
201100036259;0;7;0;0;2;3;11;A01
201100036259;0;33;0;0;2;1;1;B01
201100036260;0;33;0;0;2;1;13;B01
201100036260;0;7;0;0;0;8;11;A01
201100036261;0;7;0;0;2;3;15;B01
201100036261;0;30;0;0;2;1;1;A01
201100036262;0;1;0;0;2;8;1;B01
201100036262;0;7;0;0;2;1;11;A01
201100036263;0;7;0;0;1;8;1;A01
201100036264;0;7;0;0;2;3;1;A01
201100036264;0;7;0;0;2;3;1;B01
201100036265;0;7;0;0;1;1;2;A01
201100036266;0;33;0;0;2;3;2;A01
201100036266;0;7;0;0;0;5;0;B01
201100036267;0;7;0;0;2;3;2;B01
201100036267;0;7;0;0;2;3;2;A01
201100036268;0;2;0;0;2;1;1;B01
201100036268;0;7;0;0;2;1;11;A01
201100036269;0;7;0;0;2;1;1;A01
201100036269;0;7;0;0;2;4;1;B01
201100036269;0;7;0;0;0;4;1;C01
201100036270;0;17;0;0;2;7;2;A01
201100036270;0;30;0;0;2;8;2;B01
201100036271;0;7;0;8;0;1;9;A01
201100036272;0;1;0;0;2;7;1;A01
201100036272;0;7;0;0;2;1;1;B01
201100036273;0;1;0;0;2;1;0;B01
201100036273;0;7;0;0;2;3;11;A01
201100036274;0;7;0;0;2;4;11;B01
201100036274;0;30;0;0;2;1;1;A01
201100036275;0;7;0;0;2;8;10;B01
201100036275;0;2;0;0;2;1;1;A01
201100036276;0;1;0;0;2;8;2;B01
201100036276;0;7;0;0;2;7;2;A01
201100036277;0;2;0;0;2;8;0;B01
201100036277;0;7;0;0;2;2;20;A01
201100036278;0;2;0;0;1;1;1;A01
201100036279;0;7;0;0;9;2;14;A01
201100036279;0;1;0;0;2;8;15;B01
201100036280;1;7;0;0;0;0;0;Z01
201100036281;0;7;0;0;2;3;23;C01
201100036281;0;2;0;14;0;1;1;B01
201100036281;0;7;0;0;2;0;15;A01
201100036282;0;30;0;0;2;3;0;A01
201100036282;0;7;0;0;2;1;15;B01
201100036283;0;7;0;0;0;7;15;A01
201100036283;0;7;0;0;2;1;1;B01
201100036284;0;33;0;0;2;8;17;A01
201100036284;0;7;0;0;2;6;15;B01
201100036285;0;7;0;0;1;1;1;A01
201100036286;0;10;0;0;2;1;1;B01
201100036286;0;10;0;0;2;8;1;A01
201100036287;0;30;0;0;2;1;1;B01
201100036287;0;7;0;0;2;2;0;A01
201100036288;0;7;0;8;0;2;1;A01
201100036289;0;7;0;0;1;1;0;A01
201100036290;0;2;0;0;1;1;0;A01
201100036291;0;1;0;0;2;1;2;B01
201100036291;1;7;0;0;9;2;14;Z01
201100036292;0;30;0;0;2;7;1;B01
201100036292;0;7;0;0;2;1;15;A01
201100036293;0;7;0;0;1;1;1;A01
201100036294;0;7;0;0;2;1;0;B01
201100036294;0;32;0;0;2;7;0;A01
201100036295;0;7;0;0;0;0;24;C01
201100036295;0;33;0;1;2;1;3;B01
201100036295;0;7;0;0;0;3;0;D01
201100036295;0;7;0;0;2;8;10;A01
201100036296;0;7;0;0;1;2;1;A01
201100036297;0;7;0;0;2;1;0;A01
201100036297;1;7;0;0;0;0;0;B01
201100036298;0;7;0;0;2;3;0;A01
201100036298;0;30;0;0;2;1;0;B01
201100036299;0;7;0;0;0;3;15;A01
201100036299;0;1;0;0;0;0;0;B01
201100036300;0;3;0;0;2;3;6;B01
201100036300;0;32;0;0;2;1;1;A01
201100036301;0;7;0;0;1;2;0;A01
201100036302;0;7;0;0;0;9;1;A01
201100036303;0;7;0;0;1;1;0;A01
201100036304;0;7;0;0;2;1;13;B01
201100036304;0;7;0;0;2;1;16;A01
201100036305;0;33;0;0;2;1;1;A01
201100036305;0;7;0;0;0;7;15;B01
201100036306;1;99;0;0;0;0;0;Z01
201100036306;0;2;0;0;0;3;0;A01
201100036307;0;7;0;0;1;7;1;A01
201100036308;0;7;0;0;1;1;1;A01
201100036309;0;7;0;0;2;4;2;B01
201100036309;0;7;0;1;2;1;2;A01
201100036310;0;33;0;0;2;1;2;A01
201100036310;0;7;0;0;0;6;2;B01
201100036311;0;7;0;0;2;7;11;A01
201100036311;0;33;0;0;2;2;21;B01
201100036312;0;30;0;0;0;0;0;A01
201100036313;0;7;0;0;2;1;1;B01
201100036313;0;99;0;0;2;7;1;A01
201100036314;0;7;0;0;2;3;15;B01
201100036314;0;7;0;0;2;1;1;A01
201100036315;0;7;0;0;2;3;1;A01
201100036315;0;1;0;0;2;7;1;B01
201100036316;0;7;0;0;2;3;10;A01
201100036316;0;7;0;0;2;1;1;B01
201100036317;0;7;0;0;2;3;15;A01
201100036317;0;30;0;0;2;1;1;B01
201100036318;0;7;0;0;2;1;1;A01
201100036318;0;7;0;15;2;5;12;B01
201100036319;0;7;0;0;0;4;1;B01
201100036319;0;7;0;0;2;1;2;A01
201100036320;0;1;0;0;0;0;0;A01
201100036321;0;7;0;0;2;4;1;B01
201100036321;1;7;0;0;2;1;0;A01
201100036322;0;7;0;0;1;2;0;A01
201100036323;0;7;0;0;1;0;1;A01
201100036324;0;7;0;0;1;1;1;A01
201100036325;0;7;0;0;2;1;1;A01
201100036325;0;30;0;0;2;4;1;B01
201100036326;0;7;0;0;2;1;1;A01
201100036326;0;7;0;0;2;4;1;B01
201100036327;0;7;0;0;1;1;1;A01
201100036328;0;7;0;2;0;3;1;A01
201100036329;0;7;0;0;2;4;1;C01
201100036329;0;7;0;0;2;4;1;B01
201100036329;0;7;0;0;2;1;1;A01
201100036330;0;7;0;0;1;0;1;A01
201100036331;0;7;0;0;1;3;1;A01
201100036332;0;7;0;0;2;7;15;A01
201100036332;0;30;0;0;2;1;1;B01
201100036333;0;7;0;0;1;0;1;A01
201100036334;0;7;0;0;1;2;1;A01
201100036335;0;7;0;1;2;7;15;A01
201100036335;0;33;0;0;2;1;1;B01
201100036336;0;30;0;0;2;4;1;A01
201100036336;0;7;0;0;2;1;1;B01
201100036337;0;7;0;0;2;4;23;B01
201100036337;0;7;0;0;2;4;23;C01
201100036337;0;7;0;0;0;4;23;D01
201100036337;0;7;0;0;2;1;1;A01
201100036338;0;30;0;0;0;1;5;A01
201100036339;0;30;0;0;2;1;1;A01
201100036339;0;7;0;0;2;4;1;B01
201100036340;0;2;0;0;2;0;0;A01
201100036340;0;7;0;0;2;0;0;B01
201100036341;0;7;0;0;1;0;0;A01
201100036342;0;7;0;0;2;3;16;B01
201100036342;0;7;0;0;2;1;1;A01
201100036343;0;7;0;0;1;1;1;A01
201100036344;0;7;0;0;2;1;1;B01
201100036344;0;7;0;0;2;1;1;A01
201100036345;0;33;0;0;2;1;17;B01
201100036345;0;7;0;0;2;8;10;A01
201100036346;0;2;0;0;2;1;19;A01
201100036346;0;7;0;0;2;5;1;B01
201100036347;0;32;0;0;2;7;15;B01
201100036347;0;7;0;0;2;3;1;A01
201100036348;1;7;0;0;1;0;0;Z01
201100036349;0;7;0;0;2;3;15;B01
201100036349;0;33;0;0;2;1;1;A01
201100036350;0;7;0;0;1;2;1;A01
201100036351;0;10;0;13;1;9;1;A01
201100036352;0;7;0;0;2;1;1;B01
201100036352;0;7;0;0;2;1;5;A01
201100036353;0;7;0;0;2;1;1;A01
201100036353;0;7;0;0;2;4;23;C01
201100036353;0;7;0;0;2;5;23;B01
201100036354;0;30;0;1;0;1;0;A01
201100036355;0;7;0;0;1;2;1;A01
201100036356;0;7;0;0;2;3;15;A01
201100036356;0;1;0;0;2;3;23;B01
201100036357;0;7;0;0;1;3;1;A01
201100036358;0;7;0;0;2;3;9;A01
201100036358;0;2;0;0;2;2;1;B01
201100036359;0;33;0;12;0;1;1;A01
201100036360;0;33;0;0;2;1;1;B01
201100036360;0;7;0;0;2;7;15;A01
201100036361;0;7;0;0;1;1;1;A01
201100036362;0;30;0;0;2;1;1;A01
201100036362;0;1;0;0;2;4;1;B01
201100036363;1;36;0;0;1;1;0;Z01
201100036364;0;7;0;0;2;3;15;A01
201100036364;0;33;0;0;2;1;1;B01
201100036365;0;7;0;0;2;4;23;B01
201100036365;0;7;0;0;2;1;1;A01
201100036366;0;7;0;0;1;1;1;A01
201100036367;0;33;0;8;0;1;1;A01
201100036368;0;31;0;0;0;0;1;A01
201100036369;0;40;0;0;1;3;1;A01
201100036370;0;2;0;0;0;0;1;A01
201100036371;0;7;0;0;1;2;1;A01
201100036372;0;7;0;0;2;3;15;A01
201100036372;0;32;0;0;2;1;1;B01
201100036373;0;7;0;0;2;4;1;B01
201100036373;0;33;0;0;2;1;1;A01
201100036374;0;7;0;0;2;1;1;B01
201100036374;0;7;0;0;2;3;15;A01
201100036375;2;31;0;0;1;1;0;Z01
201100036376;0;7;0;0;2;3;9;A01
201100036376;0;2;0;0;2;1;1;B01
201100036377;0;7;0;0;2;4;23;C01
201100036377;0;7;0;0;2;1;1;A01
201100036377;0;7;0;0;2;4;23;B01
201100036378;0;7;0;0;2;1;1;A01
201100036378;0;1;0;0;2;8;19;B01
201100036379;0;7;0;0;2;3;15;A01
201100036379;0;2;0;0;2;1;1;B01
201100036380;0;7;0;0;1;0;1;A01
201100036381;0;7;0;0;2;2;1;B01
201100036381;0;7;0;0;2;1;1;A01
201100036382;0;7;0;0;1;4;4;A01
201100036383;0;7;0;0;2;3;1;A01
201100036383;0;30;0;0;2;7;1;B01
201100036384;0;1;0;1;0;1;1;B01
201100036384;0;7;0;0;2;3;24;A01
201100036385;0;10;0;0;2;1;13;A01
201100036385;0;10;0;0;2;1;1;B01
201100036386;1;7;0;0;1;1;1;Z01
201100036387;0;7;0;0;1;1;1;A01
201100036388;0;7;0;0;1;2;1;A01
201100036389;0;1;0;0;1;1;1;A01
201100036390;0;30;0;0;0;0;0;A01
201100036391;0;7;0;0;2;7;1;C01
201100036391;0;1;0;0;2;0;0;B01
201100036391;0;30;0;0;2;0;0;A01
201100036392;0;13;0;0;2;1;1;A01
201100036392;0;7;0;0;2;4;1;B01
201100036393;0;30;0;0;0;7;1;A01
201100036394;0;36;0;1;0;0;0;A01
201100036395;1;7;0;0;2;1;1;A01
201100036395;0;7;0;0;2;4;1;B01
201100036396;0;7;0;0;2;1;17;A01
201100036396;0;7;0;0;2;1;1;B01
201100036397;0;7;0;0;2;1;1;B01
201100036397;0;37;30;0;2;8;10;A01
201100036398;0;7;0;0;2;3;0;A01
201100036398;0;1;0;0;2;1;1;B01
201100036399;2;2;0;0;0;0;0;A01
201100036400;1;2;0;0;1;1;0;Z01
201100036401;0;7;0;2;0;1;0;A01
201100036402;0;7;0;0;1;1;1;A01
201100036403;0;33;0;6;0;1;1;A01
201100036404;0;30;0;0;2;1;1;A01
201100036404;0;7;0;0;2;1;1;B01
201100036405;0;7;0;0;2;1;1;A01
201100036405;0;7;0;0;2;4;1;B01
201100036406;0;1;0;0;2;0;0;A01
201100036406;0;7;0;0;2;3;1;B01
201100036407;0;7;0;0;2;0;0;B01
201100036407;0;30;0;0;2;1;1;A01
201100036408;0;1;0;0;2;4;0;B01
201100036408;0;7;0;0;2;1;1;A01
201100036409;0;7;0;0;1;1;1;A01
201100036410;0;7;0;0;2;6;1;C01
201100036410;0;7;0;0;2;4;1;B01
201100036410;2;7;0;0;2;1;1;A01
201100036411;0;3;0;0;2;7;1;A01
201100036411;0;30;0;0;2;1;1;B01
201100036412;0;2;0;0;2;1;0;A01
201100036412;0;7;0;0;2;3;1;B01
201100036413;0;7;0;0;2;2;1;B01
201100036413;0;1;0;1;2;1;19;A01
201100036414;0;2;0;0;2;3;15;A01
201100036414;0;7;0;0;2;1;1;B01
201100036415;0;7;0;0;2;8;24;A01
201100036415;0;30;0;1;0;1;1;B01
201100036416;0;1;0;0;2;8;1;B01
201100036416;0;7;0;0;1;7;1;A01
201100036417;0;7;0;1;0;2;1;A01
201100036418;0;30;0;0;2;1;1;B01
201100036418;0;7;0;0;2;1;16;A01
201100036419;0;7;0;0;2;2;10;A01
201100036419;0;30;0;0;2;8;1;B01
201100036420;0;7;0;0;1;2;1;A01
201100036421;0;7;0;0;2;5;15;B01
201100036421;0;30;0;0;2;1;1;A01
201100036422;0;7;0;15;1;1;13;A01
201100036423;0;33;0;0;2;1;1;B01
201100036423;0;21;0;0;2;5;10;A01
201100036424;0;17;0;0;2;3;1;B01
201100036424;0;30;0;0;2;1;13;A01
201100036425;0;7;0;0;2;3;15;A01
201100036425;0;37;12;0;2;1;1;B01
201100036426;0;7;0;0;2;1;1;B01
201100036426;0;7;0;0;2;1;5;A01
201100036427;0;7;0;0;2;1;1;A01
201100036427;0;7;0;0;2;4;1;B01
201100036428;0;33;0;12;0;3;13;A01
201100036429;0;7;0;0;1;1;1;A01
201100036430;0;7;0;0;2;4;23;B01
201100036430;0;7;0;0;2;1;2;A01
201100036431;0;1;0;0;2;1;1;A01
201100036431;0;30;0;0;2;1;5;B01
201100036432;0;40;0;0;2;2;1;B01
201100036432;0;7;0;0;4;1;1;A01
201100036433;0;7;0;0;2;7;15;A01
201100036433;0;7;0;0;2;1;1;B01
201100036434;0;7;0;0;1;1;0;A01
201100036435;0;7;0;8;0;1;1;A01
201100036436;0;7;0;0;2;8;10;A01
201100036436;0;7;0;0;2;1;1;B01
201100036437;0;2;0;0;2;1;1;B01
201100036437;0;7;0;0;2;7;15;A01
201100036438;0;40;0;0;2;2;1;A01
201100036438;0;7;0;0;4;3;1;B01
201100036439;0;7;0;0;1;1;1;A01
201100036440;0;7;0;0;2;3;1;A01
201100036440;0;7;0;0;2;2;1;B01
201100036441;0;7;0;0;1;2;1;A01
201100036442;0;7;0;0;1;3;15;A01
201100036443;0;7;0;0;1;2;15;A01
201100036444;0;7;0;0;2;1;1;C01
201100036444;0;7;0;0;2;1;1;B01
201100036444;0;7;0;0;2;4;1;A01
201100036445;0;7;0;0;1;1;1;A01
201100036446;0;30;0;0;2;1;1;B01
201100036446;1;7;0;0;2;2;16;Z01
201100036447;0;2;0;1;0;2;0;A01
201100036448;0;7;0;0;1;4;4;A01
201100036449;0;7;0;0;1;1;1;A01
201100036450;0;3;0;0;2;3;15;A01
201100036450;0;2;0;0;2;6;1;B01
201100036451;0;33;0;0;2;7;17;B01
201100036451;0;7;0;0;2;3;9;A01
201100036452;0;30;0;0;2;8;0;A01
201100036452;0;7;0;0;2;1;1;B01
201100036453;1;7;0;0;2;1;1;Z01
201100036453;0;1;0;0;2;1;0;B01
201100036454;0;7;0;0;2;7;23;B01
201100036454;0;34;0;0;2;1;18;A01
201100036455;0;10;0;0;1;4;4;A01
201100036456;0;7;0;0;2;1;1;B01
201100036456;0;33;0;1;2;1;1;A01
201100036457;0;7;0;0;2;2;1;A01
201100036457;0;1;0;0;2;8;19;B01
201100036458;0;7;0;0;2;2;1;A01
201100036458;0;33;0;0;2;0;1;B01
201100036459;1;7;0;0;2;4;4;Z01
201100036459;0;2;0;0;2;1;1;B01
201100036460;0;7;0;0;2;1;13;A01
201100036460;0;7;0;0;2;1;1;B01
201100036461;0;7;0;0;2;3;10;A01
201100036461;0;31;0;0;2;1;1;C01
201100036461;0;7;0;0;2;2;1;B01
201100036462;0;7;0;0;1;1;0;A01
201100036463;0;2;0;8;0;1;1;A01
201100036464;0;7;0;0;2;2;1;A01
201100036464;0;7;0;0;2;8;16;B01
201100036465;0;31;0;0;2;7;1;B01
201100036465;0;7;0;0;2;3;15;A01
201100036466;0;7;0;9;0;1;0;A01
201100036467;0;17;0;0;1;1;1;A01
201100036468;0;30;0;0;1;1;0;A01
201100036469;0;1;0;0;2;4;1;B01
201100036469;1;7;0;0;2;1;9;A01
201100036470;0;15;0;0;1;4;4;A01
201100036471;0;7;0;0;2;3;1;B01
201100036471;0;7;0;0;2;1;1;C01
201100036471;0;7;0;0;2;1;13;A01
201100036472;0;7;0;0;2;1;1;A01
201100036472;0;7;0;0;0;4;1;B01
201100036473;0;7;0;0;2;0;9;A01
201100036473;0;1;0;0;2;0;9;B01
201100036474;0;21;0;0;0;8;23;A01
201100036474;0;14;0;1;0;1;1;B01
201100036475;0;14;0;0;2;7;16;A01
201100036475;0;7;0;0;2;3;1;B01
201100036476;0;7;0;0;2;3;15;A01
201100036476;0;1;0;0;2;1;17;B01
201100036477;0;7;0;0;2;3;15;B01
201100036477;0;33;0;0;2;1;17;A01
201100036478;0;7;0;0;2;1;15;A01
201100036478;0;2;0;0;2;3;1;B01
201100036479;0;7;0;0;1;2;1;A01
201100036480;0;14;0;0;2;2;16;A01
201100036480;0;1;0;0;2;8;1;B01
201100036481;0;33;0;0;2;8;1;B01
201100036481;0;7;0;0;2;1;10;A01
201100036482;0;1;0;1;0;1;1;B01
201100036482;0;7;0;0;2;8;24;A01
201100036483;0;2;0;0;2;3;0;A01
201100036483;0;7;0;0;2;5;1;B01
201100036484;0;7;0;1;0;1;13;A01
201100036485;0;7;0;0;1;1;16;A01
201100036486;0;7;0;0;1;1;2;A01
201100036487;0;7;0;0;2;3;1;B01
201100036487;0;32;0;0;2;1;1;A01
201100036488;0;7;0;0;0;5;1;A01
201100036488;0;3;0;0;0;1;1;B01
201100036489;0;2;0;0;2;1;1;B01
201100036489;0;7;0;0;2;2;1;A01
201100036490;0;2;0;0;1;1;1;A01
201100036491;0;33;0;0;2;1;3;B01
201100036491;0;7;0;0;2;3;15;A01
201100036492;0;7;0;0;1;2;2;A01
201100036493;0;2;0;0;2;1;1;B01
201100036493;0;7;0;0;0;4;1;A01
201100036494;0;7;0;2;0;8;1;A01
201100036495;0;7;0;0;1;3;15;A01
201100036496;0;7;0;0;2;1;1;A01
201100036496;0;1;0;0;2;7;1;B01
201100036497;1;1;0;0;1;1;1;A01
201100036498;0;7;0;0;2;3;0;A01
201100036498;0;1;0;0;2;0;0;B01
201100036499;0;34;0;0;0;7;1;B01
201100036499;1;7;0;0;2;1;9;A01
201100036500;0;7;0;0;1;1;1;A01
201100036501;1;7;0;0;1;1;1;A01
201100036502;0;33;0;0;5;1;1;A01
201100036503;0;7;0;0;0;0;1;B01
201100036503;0;1;0;0;0;0;1;A01
201100036504;0;7;0;0;1;1;15;A01
201100036505;0;7;0;0;2;3;1;B01
201100036505;0;3;0;0;2;3;13;A01
201100036506;0;7;0;0;1;7;1;A01
201100036507;0;7;0;0;2;1;1;B01
201100036507;0;99;0;0;0;8;9;A01
201100036508;0;7;0;0;2;3;15;A01
201100036508;0;2;0;0;2;8;1;B01
201100036509;0;2;0;0;2;2;1;A01
201100036509;0;7;0;0;2;3;15;B01
201100036510;0;7;0;0;1;2;1;A01
201100036511;0;7;0;0;2;2;9;A01
201100036511;0;33;0;0;0;6;2;B01
201100036512;0;7;0;0;2;3;9;A01
201100036512;0;7;0;0;2;2;1;B01
201100036513;0;2;0;6;0;1;1;A01
201100036514;0;10;0;0;2;5;4;A01
201100036514;0;2;0;0;2;1;1;B01
201100036515;0;7;0;0;2;1;15;A01
201100036515;0;33;0;0;2;1;1;B01
201100036516;0;7;0;0;2;7;1;A01
201100036516;0;7;0;0;2;1;1;B01
201100036517;0;7;0;0;1;1;1;A01
201100036518;0;7;0;0;2;1;1;B01
201100036518;0;7;0;0;2;1;17;A01
201100036519;0;7;0;2;2;3;0;B01
201100036519;0;7;0;0;2;2;1;A01
201100036520;0;7;0;0;0;4;1;B01
201100036520;0;7;0;0;2;1;1;A01
201100036521;0;7;0;0;2;6;1;B01
201100036521;0;10;0;0;0;4;1;C01
201100036521;0;7;0;0;2;2;9;A01
201100036522;0;7;0;0;1;6;4;A01
201100036523;0;7;0;0;2;5;19;B01
201100036523;2;7;0;15;2;2;21;A01
201100036524;0;7;0;0;1;2;1;A01
201100036525;0;7;0;0;1;1;1;A01
201100036526;0;33;0;0;2;1;1;B01
201100036526;0;7;0;0;2;8;9;A01
201100036527;0;10;0;0;1;3;15;A01
201100036528;0;7;0;0;1;2;1;A01
201100036529;0;10;0;0;1;2;1;A01
201100036530;0;7;0;0;2;3;2;C01
201100036530;0;7;0;0;2;1;11;A01
201100036530;0;7;0;0;2;1;1;B01
201100036531;1;7;0;0;1;1;1;Z01
201100036532;0;7;0;6;1;1;14;A01
201100036533;0;31;0;0;2;1;0;B01
201100036533;0;7;0;0;2;8;0;A01
201100036534;0;7;0;0;1;1;2;A01
201100036535;0;33;0;0;2;1;1;A01
201100036535;0;7;0;0;2;1;15;B01
201100036536;0;32;0;0;2;1;0;A01
201100036537;0;7;0;0;2;3;20;B01
201100036537;0;2;0;0;2;1;2;A01
201100036538;0;7;0;0;1;1;15;A01
201100036539;0;7;0;0;2;6;1;B01
201100036539;1;31;0;0;2;1;0;A01
201100036540;0;7;0;11;0;1;1;A01
201100036541;0;1;0;0;2;4;1;A01
201100036541;1;7;0;0;2;1;2;Z01
201100036542;1;35;0;1;0;6;0;A01
201100036543;1;15;0;0;2;3;16;B01
201100036543;0;33;0;0;2;5;9;A01
201100036543;0;7;0;0;2;7;9;C01
201100036544;0;1;0;0;2;1;19;B01
201100036544;0;7;0;0;2;1;1;A01
201100036545;0;7;0;0;1;2;0;A01
201100036546;0;31;0;6;0;1;1;A01
201100036547;0;7;0;0;2;3;16;B01
201100036547;0;33;0;0;2;1;1;A01
201100036548;0;1;0;0;2;3;19;B01
201100036548;1;33;0;0;2;1;1;A01
201100036549;0;7;0;0;1;7;1;A01
201100036550;0;7;0;0;2;2;1;B01
201100036550;0;30;0;0;2;1;19;A01
201100036551;0;7;0;11;0;3;0;A01
201100036552;0;2;0;0;2;1;17;A01
201100036552;0;7;0;0;2;3;15;B01
201100036553;0;7;0;0;2;1;10;A01
201100036553;0;33;0;0;2;7;17;B01
201100036554;0;30;0;14;0;8;1;A01
201100036555;0;34;0;0;2;1;1;B01
201100036555;0;7;0;0;2;8;15;A01
201100036556;0;33;0;0;1;3;1;A01
201100036557;0;7;0;13;0;9;0;A01
201100036558;0;7;0;0;1;3;0;A01
201100036559;0;7;0;0;1;5;1;A01
201100036560;0;7;0;0;2;1;0;A01
201100036560;0;1;0;0;2;1;0;B01
201100036561;0;7;0;14;1;3;2;A01
201100036561;0;7;0;5;2;7;2;B01
201100036562;0;7;0;0;1;1;2;A01
201100036563;0;31;0;0;2;1;17;B01
201100036563;0;7;0;0;2;6;10;A01
201100036564;0;36;0;0;2;1;17;A01
201100036564;0;7;0;0;2;1;1;B01
201100036565;0;7;0;13;0;1;0;A01
201100036566;0;7;0;0;1;1;1;A01
201100036567;0;7;0;0;2;1;1;B01
201100036567;0;7;0;4;2;3;9;A01
201100036568;0;30;0;0;1;1;13;A01
201100036569;0;7;0;0;2;1;2;C01
201100036569;0;7;0;0;2;4;2;A01
201100036569;0;7;0;0;2;9;2;B01
201100036570;0;33;0;0;2;1;1;A01
201100036570;0;7;0;0;2;2;19;B01
201100036571;0;7;0;0;2;3;17;A01
201100036571;0;10;0;0;2;3;1;B01
201100036572;0;7;0;13;0;5;14;A01
201100036573;0;33;0;13;2;1;21;A01
201100036573;0;1;0;0;2;3;19;B01
201100036574;0;10;0;0;2;8;17;B01
201100036574;0;30;0;0;2;2;17;A01
201100036575;0;10;0;0;1;2;1;A01
201100036576;0;7;0;0;1;2;1;A01
201100036577;0;7;0;0;1;2;1;A01
201100036578;0;7;0;0;1;1;15;A01
201100036579;0;7;0;0;2;3;15;A01
201100036579;0;2;0;0;2;1;17;B01
201100036580;0;7;0;0;2;1;9;B01
201100036580;0;7;0;0;2;2;1;A01
201100036581;0;7;0;0;2;1;9;A01
201100036581;0;7;0;0;2;2;1;B01
201100036582;0;7;0;8;0;1;13;A01
201100036583;0;33;0;0;2;1;1;B01
201100036583;0;7;0;0;2;7;15;A01
201100036584;0;7;0;8;0;2;14;A01
201100036585;0;2;0;0;2;7;17;B01
201100036585;0;1;0;0;2;8;15;A01
201100036586;0;2;0;0;2;1;1;B01
201100036586;0;7;0;0;2;3;15;A01
201100036587;0;33;0;0;2;1;1;B01
201100036587;0;7;0;0;2;5;15;A01
201100036588;0;33;0;0;2;7;0;A01
201100036589;0;33;0;0;2;7;1;B01
201100036589;0;7;0;0;2;3;13;A01
201100036590;0;7;0;0;2;2;1;A01
201100036590;0;7;0;0;2;3;1;B01
201100036591;0;7;0;0;1;3;1;A01
201100036592;0;99;0;0;2;2;1;A01
201100036592;0;7;0;0;2;3;6;B01
201100036593;0;1;0;0;2;4;1;B01
201100036593;0;7;0;0;2;1;15;A01
201100036594;0;7;0;0;2;3;1;B01
201100036594;0;7;0;2;2;2;19;A01
201100036595;0;33;0;9;0;8;1;A01
201100036596;0;7;0;0;2;1;2;B01
201100036596;0;7;0;0;2;1;5;A01
201100036597;0;7;0;0;2;4;1;B01
201100036597;0;7;0;0;2;1;1;A01
201100036598;0;2;0;0;0;5;1;A01
201100036598;0;7;0;0;2;2;1;B01
201100036599;0;33;0;12;0;7;1;A01
201100036600;0;7;0;0;1;2;1;A01
201100036601;0;7;0;0;2;1;2;B01
201100036601;0;15;0;0;1;1;1;A01
201100036602;0;7;0;0;2;1;2;B01
201100036602;0;7;0;0;1;4;23;A01
201100036603;0;7;0;0;1;3;1;A01
201100036604;0;7;0;0;2;1;1;A01
201100036604;0;1;0;0;0;8;19;B01
201100036605;0;7;0;0;2;8;15;B01
201100036605;0;2;0;0;2;2;17;A01
201100036606;0;7;0;0;2;1;1;B01
201100036606;0;7;0;0;2;3;19;A01
201100036607;0;7;0;0;2;8;19;A01
201100036607;0;33;0;0;2;1;1;B01
201100036608;0;7;0;12;0;9;2;A01