num_acc;senc;catv;occutc;obs;obsm;choc;manv;num_veh
201100036609;0;30;0;0;2;7;1;B01
201100036609;0;7;0;0;2;3;11;A01
201100036610;0;7;0;0;1;2;1;A01
201100036611;0;2;0;0;2;7;1;A01
201100036611;1;7;0;0;9;0;0;Z01
201100036612;0;14;0;0;2;5;2;B01
201100036612;0;7;0;0;2;2;2;A01
201100036613;0;33;0;0;1;2;1;A01
201100036614;0;7;0;0;1;2;1;A01
201100036615;0;7;0;0;1;3;1;A01
201100036616;0;30;0;1;0;3;13;A01
201100036617;0;7;0;0;2;1;1;B01
201100036617;0;7;0;0;2;1;13;A01
201100036618;0;7;0;0;1;7;1;A01
201100036619;0;30;0;0;1;1;1;A01
201100036620;0;7;0;0;2;3;15;B01
201100036620;0;7;0;0;2;3;1;A01
201100036621;0;2;0;0;1;2;1;A01
201100036622;0;30;0;0;2;1;1;B01
201100036622;0;7;0;0;2;3;15;A01
201100036623;0;7;0;0;1;1;15;A01
201100036624;0;7;0;0;0;5;15;A01
201100036624;0;30;0;0;2;1;2;B01
201100036625;0;7;0;0;1;2;2;A01
201100036626;0;7;0;0;1;3;11;A01
201100036627;0;14;0;0;2;3;1;B01
201100036627;0;3;0;0;2;3;13;A01
201100036628;0;34;0;0;2;1;1;A01
201100036628;0;7;0;0;2;3;15;B01
201100036629;0;7;0;0;0;3;15;B01
201100036629;0;30;0;0;0;7;0;A01
201100036630;0;2;0;8;0;1;1;A01
201100036631;0;2;0;0;0;1;1;A01
201100036632;0;7;0;0;0;4;1;B01
201100036632;0;33;0;0;2;1;1;A01
201100036633;0;7;0;0;1;1;1;A01
201100036634;0;33;0;0;2;8;1;B01
201100036634;0;7;0;0;2;3;15;A01
201100036635;0;10;0;6;0;1;1;A01
201100036636;0;33;0;0;0;0;1;A01
201100036637;0;10;0;0;1;1;15;A01
201100036638;0;33;0;0;2;1;1;B01
201100036638;0;7;0;0;2;8;15;A01
201100036639;0;7;0;0;2;1;1;B01
201100036639;0;2;0;0;2;1;5;A01
201100036640;0;7;0;13;0;1;1;A01
201100036641;0;1;0;7;0;1;15;A01
201100036642;0;2;0;1;0;1;0;A01
201100036643;0;1;0;0;2;7;1;B01
201100036643;0;7;0;0;2;1;9;A01
201100036644;0;14;0;0;2;1;1;B01
201100036644;0;7;0;0;2;8;9;A01
201100036645;0;7;0;0;2;1;1;B01
201100036645;0;7;0;0;2;8;1;A01
201100036646;0;33;0;12;0;2;0;A01
201100036647;0;10;0;0;1;1;1;A01
201100036648;0;7;0;0;1;2;16;A01
201100036649;0;30;0;1;0;1;1;A01
201100036649;0;10;0;0;0;8;0;B01
201100036650;0;7;0;6;0;1;1;A01
201100036651;0;7;0;0;2;7;15;A01
201100036651;0;37;1;0;2;2;1;B01
201100036651;0;7;0;0;2;1;23;C01
201100036652;0;7;0;0;1;2;1;A01
201100036653;0;30;0;0;0;0;1;A01
201100036654;0;1;0;0;2;1;5;B01
201100036654;0;7;0;0;2;1;15;A01
201100036655;0;33;0;6;9;1;1;A01
201100036656;0;7;0;1;0;1;1;A01
201100036657;0;33;0;0;2;3;17;A01
201100036657;0;33;0;1;2;4;15;B01
201100036658;0;30;0;0;2;1;2;A01
201100036658;0;7;0;0;0;2;15;B01
201100036658;0;7;0;0;2;3;23;C01
201100036659;0;7;0;0;2;2;15;B01
201100036659;0;33;0;0;2;1;2;A01
201100036660;0;7;0;1;0;1;14;A01
201100036661;0;7;0;0;1;3;1;A01
201100036662;0;7;0;0;2;2;1;A01
201100036662;0;7;0;15;2;3;1;B01
201100036663;0;2;0;0;0;8;1;A01
201100036664;0;2;0;0;2;1;1;A01
201100036664;1;7;0;0;2;0;0;Z01
201100036665;0;7;0;2;0;1;1;A01
201100036666;0;2;0;0;0;7;2;A01
201100036667;0;7;0;0;1;1;1;A01
201100036668;0;7;0;0;1;2;16;A01
201100036669;0;2;0;0;2;6;15;A01
201100036669;0;2;0;0;2;1;17;B01
201100036670;0;10;0;0;0;6;1;B01
201100036670;0;30;0;0;2;1;1;A01
201100036671;0;2;0;0;0;1;15;A01
201100036672;0;7;0;0;1;2;1;A01
201100036673;1;7;0;0;2;0;0;Z01
201100036673;0;1;0;0;2;0;1;A01
201100036674;0;32;0;0;2;8;1;A01
201100036674;0;7;0;0;2;0;1;B01
201100036675;0;2;0;0;2;7;1;B01
201100036675;0;7;0;0;2;1;15;A01
201100036676;0;2;0;0;2;1;1;A01
201100036676;0;7;0;0;0;7;1;B01
201100036677;0;1;0;1;0;1;1;A01
201100036678;0;7;0;0;2;3;0;B01
201100036678;0;7;0;2;2;2;21;A01
201100036679;1;7;0;0;1;3;1;A01
201100036680;0;33;0;8;0;7;2;A01
201100036681;0;2;0;0;2;1;1;B01
201100036681;1;10;0;0;2;8;15;A01
201100036682;0;2;0;0;0;4;0;B01
201100036682;0;7;0;0;2;2;1;A01
201100036683;0;7;0;1;0;1;1;A01
201100036684;0;7;0;0;0;9;2;A01
201100036685;0;2;0;0;2;1;1;B01
201100036685;0;7;0;0;2;2;1;A01
201100036686;0;7;0;1;0;2;14;A01
201100036687;0;1;0;0;0;1;24;B01
201100036688;0;2;0;0;2;1;13;B01
201100036688;0;7;0;0;2;3;15;A01
201100036689;0;7;0;0;1;3;2;A01
201100036690;0;7;0;0;1;1;1;A01
201100036691;0;2;0;0;5;1;1;A01
201100036692;0;7;0;0;2;5;17;A01
201100036692;0;2;0;1;2;1;2;B01
201100036693;0;7;0;0;1;2;1;A01
201100036694;0;1;0;0;2;2;10;A01
201100036694;0;7;0;0;2;2;17;B01
201100036695;0;2;0;14;0;1;5;A01
201100036696;0;7;0;0;0;4;2;B01
201100036696;0;7;0;15;2;1;2;A01
201100036697;0;10;0;8;2;2;13;A01
201100036697;0;7;0;8;2;2;13;B01
201100036698;0;10;0;0;1;7;2;A01
201100036699;0;7;0;0;2;3;1;B01
201100036699;0;7;0;0;2;3;1;A01
201100036700;0;7;0;0;1;3;15;A01
201100036701;0;7;0;0;1;3;17;A01
201100036702;0;10;0;0;2;2;10;A01
201100036702;0;33;0;0;2;3;1;B01
201100036703;0;7;0;0;0;2;0;A01
201100036704;0;7;0;0;2;3;10;A01
201100036704;0;2;0;0;2;2;17;B01
201100036705;0;7;0;0;0;2;15;A01
201100036705;0;33;0;0;0;7;16;B01
201100036706;0;1;0;0;0;1;1;A01
201100036706;0;7;0;0;0;2;19;B01
201100036707;0;7;0;15;2;3;1;A01
201100036707;0;7;0;15;2;3;1;B01
201100036708;0;7;0;1;9;3;1;A01
201100036708;0;1;0;0;2;1;15;B01
201100036709;0;7;0;0;1;0;0;T01
201100036709;0;7;0;0;1;2;9;A01
201100036710;0;7;0;0;2;2;19;A01
201100036710;0;7;0;0;0;3;23;C01
201100036710;0;30;0;0;2;8;1;B01
201100036711;0;7;0;0;9;1;1;A01
201100036711;0;1;0;0;2;4;19;B01
201100036712;0;7;0;0;1;1;1;A01
201100036713;0;1;0;0;2;1;16;B01
201100036713;0;7;0;0;9;2;9;A01
201100036714;0;37;12;0;1;3;1;A01
201100036715;0;7;0;0;1;1;1;A01
201100036716;0;10;0;0;1;1;1;A01
201100036717;0;10;0;0;2;2;1;A01
201100036718;0;33;0;0;2;1;1;B01
201100036718;0;37;0;0;2;3;17;A01
201100036719;0;7;0;13;0;1;17;A01
201100036720;0;1;0;0;0;0;0;A01
201100036721;0;7;0;16;0;9;13;A01
201100036722;0;7;0;0;1;1;1;A01
201100036723;0;7;0;16;2;1;5;A01
201100036723;0;7;0;0;2;1;2;B01
201100036724;0;7;0;0;2;8;23;C01
201100036724;0;10;0;16;2;9;1;B01
201100036724;0;13;0;0;2;2;13;A01
201100036725;0;7;0;0;2;8;15;B01
201100036725;0;33;0;0;2;1;1;A01
201100036726;0;2;0;0;2;1;9;A01
201100036726;0;7;0;0;2;3;1;B01
201100036727;0;10;0;12;0;1;13;A01
201100036728;0;30;0;15;0;1;0;A01
201100036729;0;7;0;0;2;2;1;A01
201100036729;0;7;0;0;2;1;1;B01
201100036730;1;7;0;0;1;4;4;A01
201100036731;0;7;0;0;2;8;1;C01
201100036731;0;7;0;0;2;3;17;A01
201100036731;0;2;0;0;2;3;1;B01
201100036732;0;7;0;1;0;1;13;A01
201100036733;0;33;0;0;1;1;0;A01
201100036734;0;7;0;0;1;1;1;A01
201100036735;1;7;0;0;9;1;17;A01
201100036735;0;1;0;0;2;4;1;B01
201100036736;0;7;0;0;1;3;1;A01
201100036737;0;2;0;1;0;1;1;A01
201100036738;0;33;0;0;2;1;1;B01
201100036738;0;7;0;0;2;7;10;A01
201100036739;0;10;0;0;1;4;4;A01
201100036740;0;33;0;0;2;7;15;B01
201100036740;0;7;0;0;2;3;16;A01
201100036741;0;7;0;14;2;1;5;A01
201100036741;0;7;0;11;0;1;1;B01
201100036742;0;7;0;0;1;2;2;A01
201100036743;1;7;0;0;1;2;1;Z01
201100036744;0;7;0;0;1;2;1;A01
201100036745;0;7;0;2;0;8;0;A01
201100036746;0;30;0;0;2;1;15;B01
201100036746;0;7;0;0;2;2;0;A01
201100036747;0;7;0;0;1;2;0;A01
201100036748;0;7;0;0;1;1;0;A01
201100036749;0;7;0;0;2;1;1;A01
201100036749;0;33;0;0;2;7;1;B01
201100036750;0;7;0;16;2;3;0;A01
201100036750;0;35;0;8;2;7;0;B01
201100036751;0;7;0;0;1;1;15;A01
201100036752;0;10;0;6;0;3;13;A01
201100036753;0;7;0;0;1;2;1;A01
201100036754;0;7;0;0;1;2;1;A01
201100036755;0;7;0;0;2;3;2;A01
201100036755;0;33;0;0;2;1;12;B01
201100036756;0;30;0;0;2;1;0;B01
201100036756;0;7;0;0;2;3;0;A01
201100036757;0;7;0;0;1;5;23;A01
201100036758;0;7;0;15;0;8;1;A01
201100036759;0;7;0;1;2;2;1;A01
201100036759;0;33;0;0;2;3;1;B01
201100036760;0;7;0;0;1;1;9;A01
201100036761;0;7;0;0;2;1;1;B01
201100036761;0;7;0;0;2;1;15;A01
201100036762;0;7;0;0;1;1;1;A01
201100036763;1;33;0;0;1;0;0;A01
201100036764;0;10;0;0;1;2;1;A01
201100036765;0;7;0;0;1;2;15;A01
201100036766;0;7;0;0;1;1;1;A01
201100036767;0;30;0;0;2;1;1;B01
201100036767;0;30;0;0;2;1;1;C01
201100036767;0;7;0;0;2;1;17;A01
201100036768;0;10;0;0;1;1;19;A01
201100036769;0;7;0;0;1;1;0;A01
201100036770;0;2;0;0;2;8;1;A01
201100036770;0;7;0;0;2;1;15;B01
201100036771;1;7;0;0;2;1;0;Z01
201100036771;0;30;0;0;2;7;0;B01
201100036772;1;7;0;0;1;2;2;Z01
201100036773;0;7;0;2;0;0;0;A01
201100036774;0;7;0;0;2;2;0;B01
201100036774;0;31;0;0;2;8;19;A01
201100036775;0;30;0;0;2;1;1;B01
201100036775;0;7;0;0;2;3;9;A01
201100036776;0;7;0;0;2;1;2;C01
201100036776;0;7;0;0;2;8;2;B01
201100036776;0;7;0;0;2;9;2;A01
201100036777;1;7;0;0;0;0;0;Z01
201100036777;0;7;0;2;0;9;1;B01
201100036778;0;14;0;0;2;7;16;A01
201100036778;0;2;0;0;2;8;16;B01
201100036779;0;7;0;0;0;1;0;A01
201100036780;0;7;0;0;1;2;2;A01
201100036781;0;7;0;0;2;2;15;A01
201100036781;0;2;0;0;2;8;1;B01
201100036782;0;7;0;0;2;2;15;A01
201100036782;0;2;0;0;2;1;1;B01
201100036783;0;2;0;0;0;7;17;A01
201100036784;0;7;0;0;1;3;1;A01
201100036785;0;7;0;0;1;1;1;A01
201100036786;0;7;0;0;2;3;15;A01
201100036786;0;30;0;0;2;1;1;B01
201100036787;0;7;0;0;9;3;1;B01
201100036787;0;1;0;0;2;1;0;A01
201100036788;0;7;0;0;2;8;1;A01
201100036788;1;7;0;0;2;3;16;Z01
201100036789;0;7;0;0;1;3;1;A01
201100036790;0;7;0;0;2;1;19;A01
201100036790;0;7;0;0;2;8;1;B01
201100036791;0;7;0;0;2;7;1;B01
201100036791;0;7;0;0;2;1;1;A01
201100036792;0;2;0;0;1;1;0;A01
201100036793;0;7;0;0;1;3;15;A01
201100036794;0;17;0;0;2;6;23;A01
201100036794;0;7;0;1;0;2;1;B01
201100036795;0;7;0;0;2;9;1;A01
201100036795;0;10;0;0;2;1;1;B01
201100036796;0;7;0;0;1;1;1;A01
201100036797;0;7;0;0;1;1;1;A01
201100036798;0;10;0;0;2;2;19;A01
201100036798;0;30;0;0;2;1;1;B01
201100036799;0;7;0;0;1;1;1;A01
201100036800;1;7;0;0;1;0;0;Z01
201100036801;0;7;0;0;1;2;1;A01
201100036802;0;7;0;1;0;8;0;B01
201100036802;0;7;0;0;2;1;9;A01
201100036803;0;7;0;0;1;2;0;A01
201100036804;0;7;0;0;2;1;5;A01
201100036804;0;7;0;0;2;1;1;B01
201100036805;0;10;0;0;1;2;1;A01
201100036806;0;7;0;0;1;1;1;A01
201100036807;0;37;15;0;1;2;20;A01
201100036808;0;7;0;0;2;3;1;B01
201100036808;0;3;0;0;2;1;15;A01
201100036809;0;7;0;0;1;2;1;A01
201100036810;0;7;0;0;1;2;1;A01
201100036811;0;7;0;0;1;3;1;A01
201100036812;1;7;0;0;1;2;1;Z01
201100036813;1;10;0;0;1;1;1;Z01
201100036814;1;7;0;0;2;1;1;Z01
201100036814;0;7;0;0;2;7;1;A01
201100036815;0;30;0;0;2;1;1;B01
201100036815;0;7;0;0;2;7;15;A01
201100036816;0;7;0;0;1;2;1;A01
201100036817;0;7;0;0;2;6;11;A01
201100036817;0;2;0;0;2;7;16;B01
201100036818;0;7;0;0;1;7;1;A01
201100036819;0;7;0;0;1;8;15;A01
201100036820;0;7;0;0;2;1;1;A01
201100036820;0;30;0;0;2;7;1;B01
201100036821;0;7;0;0;2;3;1;A01
201100036821;0;30;0;0;2;7;1;B01
201100036822;0;7;0;0;1;3;1;A01
201100036823;1;3;0;0;9;0;0;Z01
201100036823;0;1;0;0;2;8;1;A01
201100036824;0;1;0;0;2;1;0;B01
201100036824;0;7;0;0;2;3;15;A01
201100036825;0;7;0;0;9;2;1;A01
201100036825;0;1;0;0;2;0;0;B01
201100036826;0;7;0;0;2;2;1;A01
201100036826;0;1;0;0;2;8;15;B01
201100036827;0;7;0;0;2;3;15;A01
201100036827;0;30;0;0;2;1;1;B01
201100036828;0;7;0;0;2;2;1;B01
201100036828;0;7;0;0;2;7;1;A01
201100036829;0;7;0;0;1;3;1;A01
201100036830;0;7;0;0;1;1;16;A01
201100036831;1;7;0;0;2;1;2;Z01
201100036831;0;33;0;0;2;4;1;A01
201100036832;0;7;0;0;2;7;15;A01
201100036832;0;2;0;0;2;1;1;B01
201100036833;0;7;0;0;2;3;15;A01
201100036833;0;33;0;0;2;1;1;B01
201100036834;0;7;0;0;2;3;15;A01
201100036834;0;2;0;0;2;3;1;B01
201100036835;0;7;0;0;0;0;9;A01
201100036835;0;33;0;0;0;0;21;B01
201100036836;0;7;0;0;2;0;1;B01
201100036836;0;10;0;0;2;1;19;A01
201100036837;0;31;0;0;2;1;1;B01
201100036837;0;7;0;0;2;1;5;A01
201100036838;0;7;0;0;9;5;1;B01
201100036838;0;1;0;0;2;1;1;A01
201100036839;0;7;0;1;0;1;14;A01
201100036840;0;7;0;0;2;7;23;A01
201100036840;0;2;0;0;2;1;18;B01
201100036841;1;7;0;0;9;0;2;Z01
201100036841;0;1;0;0;0;4;2;A01
201100036842;0;7;0;0;1;1;15;A01
201100036843;0;7;0;0;2;3;1;A01
201100036843;0;7;0;0;2;2;1;B01
201100036844;1;7;0;0;2;1;19;Z01
201100036844;0;7;0;0;2;0;1;A01
201100036845;0;7;0;0;1;2;1;A01
201100036846;0;33;0;0;2;1;1;B01
201100036846;0;10;0;0;2;8;9;A01
201100036847;0;7;0;0;1;1;1;A01
201100036848;0;7;0;0;1;2;1;A01
201100036849;0;10;0;0;2;8;1;A01
201100036849;0;7;0;0;2;1;1;B01
201100036850;0;7;0;0;1;3;2;A01
201100036851;0;30;0;0;1;7;1;A01
201100036852;0;7;0;0;2;3;1;B01
201100036852;0;7;0;0;2;3;13;A01
201100036853;0;7;0;0;1;1;1;A01
201100036854;0;7;0;0;2;1;5;A01
201100036854;0;7;0;0;2;1;1;B01
201100036855;0;7;0;0;2;2;15;A01
201100036855;0;7;0;0;2;2;1;B01
201100036856;0;7;0;0;2;4;23;B01
201100036856;0;2;0;0;2;1;1;A01
201100036857;0;1;0;0;2;1;14;A01
201100036857;1;7;0;0;2;1;15;Z01
201100036858;0;7;0;0;2;3;0;B01
201100036858;0;2;0;1;0;1;13;A01
201100036859;0;2;0;0;2;2;1;B01
201100036859;0;7;0;0;2;1;9;A01
201100036860;0;33;0;14;0;1;1;A01
201100036861;0;7;0;1;1;6;2;A01
201100036862;0;33;0;0;2;2;17;B01
201100036862;0;7;0;0;2;8;15;A01
201100036863;0;30;0;0;5;0;1;B01
201100036864;0;30;0;0;2;2;1;A01
201100036864;1;7;0;0;2;1;0;Z01
201100036865;0;10;0;0;2;1;2;A01
201100036865;0;7;0;0;2;4;2;B01
201100036866;0;7;0;0;2;6;1;B01
201100036866;0;30;0;0;2;1;2;A01
201100036867;0;30;0;0;1;1;1;A01
201100036868;0;33;0;0;2;1;1;B01
201100036868;0;10;0;0;2;2;15;A01
201100036869;0;7;0;0;2;2;2;B01
201100036869;0;1;0;0;2;4;9;A01
201100036870;0;10;0;1;0;5;1;B01
201100036870;0;7;0;0;9;8;22;A01
201100036871;0;7;0;0;1;2;1;A01
201100036872;0;7;0;0;2;5;1;A01
201100036872;0;7;0;0;2;3;15;B01
201100036873;0;7;0;0;1;1;15;A01
201100036874;0;7;0;0;1;2;1;A01
201100036875;0;7;0;0;2;3;15;A01
201100036875;0;2;0;0;2;1;1;B01
201100036876;0;7;0;6;0;3;13;A01
201100036877;0;10;0;0;2;5;17;A01
201100036877;0;1;0;0;2;0;1;B01
201100036878;0;7;0;0;2;2;15;A01
201100036878;0;33;0;15;2;8;2;B01
201100036879;0;30;0;0;2;1;0;B01
201100036879;0;7;0;0;2;3;0;A01
201100036880;0;7;0;0;9;1;0;B01
201100036880;0;30;0;0;2;1;0;A01
201100036881;0;7;0;0;2;1;1;A01
201100036881;0;1;0;0;2;8;15;B01
201100036882;0;1;0;0;2;8;1;B01
201100036882;0;7;0;0;2;7;17;A01
201100036883;0;10;0;0;2;7;1;B01
201100036883;0;1;0;0;2;8;1;A01
201100036884;0;99;0;15;0;0;21;A01
201100036885;0;21;0;0;2;7;0;A01
201100036885;0;7;0;0;2;7;1;B01
201100036886;0;1;0;0;2;1;1;B01
201100036886;0;7;0;0;9;3;15;A01
201100036887;1;7;0;0;1;1;1;Z01
201100036888;0;7;0;0;0;9;13;A01
201100036889;0;30;0;0;1;1;0;A01
201100036890;0;7;0;0;2;1;13;A01
201100036890;0;37;1;0;2;3;1;B01
201100036891;0;7;0;0;1;1;1;A01
201100036892;0;10;0;6;0;1;13;A01
201100036893;0;7;0;0;2;3;1;B01
201100036893;1;7;0;0;2;3;13;Z01
201100036894;1;7;0;0;2;2;1;Z01
201100036894;0;30;0;0;2;1;0;A01
201100036895;0;7;0;0;2;2;15;B01
201100036895;1;1;0;0;2;1;1;A01
201100036896;0;17;0;0;1;2;1;A01
201100036897;0;30;0;0;1;1;1;A01
201100036898;0;7;0;0;2;2;15;A01
201100036898;0;7;0;0;2;1;1;B01
201100036899;0;7;0;0;2;4;2;B01
201100036899;0;37;1;0;2;1;2;A01
201100036900;0;30;0;0;2;1;17;A01
201100036900;0;7;0;0;2;1;1;B01
201100036901;1;7;0;0;1;0;14;Z01
201100036902;0;30;0;0;2;1;1;B01
201100036902;0;7;0;0;2;1;15;A01
201100036903;0;7;0;0;1;2;1;A01
201100036904;0;7;0;0;1;3;1;A01
201100036905;0;7;0;0;2;8;0;B01
201100036905;0;7;0;0;2;1;1;A01
201100036906;0;30;0;6;0;1;13;A01
201100036907;0;7;0;0;2;6;0;B01
201100036907;0;30;0;0;2;7;0;A01
201100036908;0;30;0;0;2;1;0;A01
201100036908;0;7;0;0;2;7;1;B01
201100036909;0;7;0;0;2;8;15;A01
201100036909;0;7;0;0;2;1;1;B01
201100036910;0;7;0;0;1;1;15;A01
201100036911;0;10;0;0;1;1;15;A01
201100036912;1;32;0;0;1;0;0;Z01
201100036913;0;7;0;0;2;2;15;A01
201100036913;0;30;0;0;2;1;1;B01
201100036914;0;37;0;0;1;7;1;B01
201100036915;0;7;0;16;0;0;13;A01
201100036916;0;7;0;0;0;2;16;A01
201100036916;0;30;0;0;2;1;1;B01
201100036917;0;7;0;1;0;2;1;A01
201100036918;0;33;0;0;2;1;1;A01
201100036918;0;7;0;0;2;8;15;B01
201100036919;0;7;0;6;1;1;0;A01
201100036920;0;13;0;8;1;4;4;A01
201100036921;0;37;1;1;0;0;9;A01
201100036922;0;30;0;1;2;1;1;A01
201100036922;0;1;0;0;2;7;1;B01
201100036923;0;7;0;0;2;1;1;A01
201100036923;0;30;0;0;2;8;1;B01
201100036924;0;10;0;0;2;3;9;A01
201100036924;0;1;0;0;2;7;1;B01
201100036925;0;2;0;0;0;7;1;B01
201100036926;0;1;0;0;2;1;9;A01
201100036926;0;7;0;0;2;2;9;B01
201100036927;0;7;0;0;2;1;1;B01
201100036927;0;10;0;0;2;8;15;A01
201100036928;0;7;0;0;2;2;15;A01
201100036928;0;7;0;0;2;1;1;B01
201100036929;0;7;0;0;2;3;15;A01
201100036929;0;7;0;0;2;1;1;B01
201100036930;0;7;0;0;2;1;17;A01
201100036930;0;7;0;0;0;1;1;B01
201100036931;0;7;0;0;0;7;13;B01
201100036931;0;7;0;0;0;1;1;A01
201100036932;0;7;0;0;0;3;15;A01
201100036932;0;30;0;0;0;1;1;B01
201100036933;1;2;0;0;1;1;1;Z01
201100036934;0;7;0;0;2;2;15;B01
201100036934;0;2;0;0;2;1;1;A01
201100036935;0;7;0;0;1;1;1;A01
201100036936;0;7;0;0;2;6;1;C01
201100036936;0;7;0;0;2;3;9;A01
201100036936;0;33;0;0;2;5;1;B01
201100036937;0;7;0;0;1;7;1;A01
201100036938;0;7;0;0;1;1;1;A01
201100036939;0;7;0;0;2;5;15;A01
201100036939;0;33;0;0;2;1;1;B01
201100036940;0;7;0;0;2;1;1;B01
201100036940;0;99;0;0;2;1;1;A01
201100036941;0;10;0;0;1;1;1;A01
201100036942;0;30;0;0;2;1;1;A01
201100036942;0;7;0;0;2;4;1;B01
201100036943;1;7;0;0;2;0;17;Z01
201100036943;0;3;0;0;2;4;1;A01
201100036943;0;7;0;0;1;8;1;B01
201100036944;0;7;0;0;2;3;13;B01
201100036944;0;2;0;0;2;1;1;A01
201100036944;0;7;0;0;2;3;1;D01
201100036944;0;7;0;0;2;3;1;C01
201100036945;0;33;0;8;0;1;14;A01
201100036946;0;7;0;0;2;1;13;A01
201100036946;0;7;0;0;2;8;1;B01
201100036946;0;7;0;0;2;1;1;C01
201100036946;0;7;0;0;2;1;1;D01
201100036947;0;30;0;0;2;8;1;B01
201100036947;0;3;0;0;2;1;1;A01
201100036948;0;10;0;0;9;8;10;B01
201100036948;0;2;0;1;0;1;1;A01
201100036949;0;7;0;0;2;4;0;A01
201100036949;0;7;0;0;2;3;0;B01
201100036950;0;7;0;3;0;0;21;A01
201100036950;1;7;0;0;0;0;0;B01
201100036951;0;7;0;0;0;7;14;A01
201100036952;0;30;0;0;2;8;2;A01
201100036952;0;7;0;0;9;7;23;B01
201100036953;0;7;0;1;9;3;10;A01
201100036953;0;38;2;0;2;2;21;B01
201100036954;0;7;0;0;2;2;2;A01
201100036954;0;10;0;0;2;4;2;B01
201100036954;0;10;0;0;2;4;2;C01
201100036955;0;7;0;0;2;2;1;A01
201100036955;0;7;0;0;2;3;16;B01
201100036956;0;7;0;0;2;1;2;A01
201100036956;0;7;0;0;2;4;2;B01
201100036957;0;7;0;0;9;2;16;A01
201100036957;0;1;0;0;2;1;1;B01
201100036958;0;7;0;0;1;2;0;A01
201100036959;0;7;0;0;2;1;1;B01
201100036959;0;7;0;0;2;3;15;A01
201100036960;0;7;0;0;1;2;21;A01
201100036961;0;1;0;0;2;1;0;B01
201100036961;0;7;0;0;9;2;15;A01
201100036962;0;99;0;0;9;7;16;A01
201100036962;0;2;0;0;9;8;1;B01
201100036963;0;30;0;1;0;1;14;A01
201100036964;0;30;0;0;2;1;1;A01
201100036964;0;7;0;0;9;7;1;B01
201100036965;0;7;0;0;9;7;1;B01
201100036965;0;15;0;0;2;5;16;A01
201100036966;1;7;0;0;1;3;0;Z01
201100036967;0;10;0;0;1;1;1;A01
201100036968;0;7;0;0;2;1;15;A01
201100036968;0;7;0;0;2;1;1;B01
201100036969;0;7;0;0;9;1;19;B01
201100036969;0;14;0;0;0;0;23;C01
201100036969;0;33;0;0;2;7;17;A01
201100036970;0;7;0;0;2;1;1;B01
201100036970;0;7;0;0;2;1;0;C01
201100036970;0;7;0;0;2;1;13;A01
201100036971;1;7;0;0;0;0;0;Z01
201100036971;0;33;0;0;0;0;21;A01
201100036972;0;30;0;0;2;6;1;B01
201100036972;0;7;0;0;9;1;1;A01
201100036973;0;7;0;8;0;1;0;A01
201100036974;0;7;0;0;9;1;13;A01
201100036974;0;14;0;0;2;1;1;B01
201100036975;0;10;0;0;1;1;1;A01
201100036976;0;1;0;0;2;8;1;B01
201100036976;0;7;0;0;9;7;20;A01
201100036977;0;15;0;0;9;2;16;B01
201100036977;0;30;0;0;9;8;18;A01
201100036978;0;7;0;0;2;8;1;B01
201100036978;0;7;0;0;2;9;13;A01
201100036979;0;7;0;0;1;1;1;A01
201100036980;0;7;0;0;0;4;1;B01
201100036980;0;7;0;0;2;1;2;A01
201100036981;0;7;0;0;2;1;1;B01
201100036981;0;7;0;0;2;1;1;A01
201100036982;0;7;0;7;0;9;1;A01
201100036983;0;30;0;0;2;1;1;A01
201100036983;0;10;0;0;9;5;15;B01
201100036984;0;7;0;8;0;1;14;A01
201100036985;0;7;0;0;1;1;1;A01
201100036986;0;7;0;0;2;1;1;B01
201100036986;0;7;0;0;2;4;23;C01
201100036986;0;7;0;0;2;5;15;A01
201100036987;0;2;0;0;2;6;2;A01
201100036987;0;20;0;0;9;6;23;B01
201100036988;0;30;0;1;0;1;13;A01
201100036989;0;7;0;0;2;1;21;B01
201100036989;0;14;0;0;0;0;1;A01
201100036989;0;7;0;0;2;4;1;C01
201100036989;0;31;0;0;0;0;21;D01
201100036990;0;2;0;0;2;1;17;B01
201100036990;0;7;0;0;9;3;10;A01
201100036991;0;31;0;0;2;1;1;A01
201100036991;0;7;0;0;9;2;15;B01
201100036992;0;1;0;0;2;4;13;B01
201100036992;0;7;0;0;9;1;17;A01
201100036993;0;7;0;0;2;1;15;A01
201100036993;0;7;0;0;2;1;1;B01
201100036994;0;30;0;0;2;1;1;B01
201100036994;0;7;0;0;9;2;1;A01
201100036995;0;7;0;13;0;1;0;A01
201100036996;0;30;0;1;0;1;14;A01
201100036997;0;7;0;0;2;1;15;A01
201100036997;0;33;0;0;2;1;1;B01
201100036998;0;7;0;0;1;0;0;A01
201100036999;0;7;0;0;2;2;15;A01
201100036999;0;2;0;0;2;8;1;B01
201100037000;0;99;0;0;2;2;17;A01
201100037000;0;7;0;0;2;2;2;B01
201100037001;0;10;0;0;1;1;1;A01
201100037002;0;30;0;0;2;4;2;B01
201100037002;0;7;0;0;2;1;2;A01
201100037003;0;7;0;0;2;8;10;A01
201100037003;0;2;0;0;2;1;1;B01
201100037004;0;7;0;0;2;1;2;A01
201100037004;0;7;0;0;2;4;2;C01
201100037004;0;7;0;0;2;4;2;B01
201100037005;0;7;0;0;0;0;1;A01
201100037006;0;7;0;0;2;1;1;B01
201100037006;0;7;0;0;2;1;1;A01