num_acc;senc;catv;occutc;obs;obsm;choc;manv;num_veh
201100037007;0;7;0;0;1;1;0;A01
201100037008;0;7;0;0;1;1;0;A01
201100037009;0;7;0;0;2;1;16;A01
201100037010;0;30;0;0;1;1;1;A01
201100037011;0;7;0;0;2;1;1;A01
201100037011;0;7;0;0;2;4;1;B01
201100037012;0;7;0;0;2;7;1;B01
201100037012;0;7;0;0;2;3;1;A01
201100037013;0;7;0;0;2;1;1;B01
201100037013;0;30;0;0;2;1;5;A01
201100037014;0;7;0;0;1;4;0;A01
201100037015;0;7;0;0;2;3;9;A01
201100037015;0;33;0;0;2;1;1;B01
201100037016;0;1;0;0;2;1;5;A01
201100037016;0;7;0;0;2;1;1;B01
201100037017;0;7;0;0;1;0;1;A01
201100037018;0;7;0;0;1;1;1;A01
201100037019;0;33;0;0;0;0;1;A01
201100037020;0;7;0;0;2;7;10;A01
201100037020;0;33;0;0;2;1;1;B01
201100037021;0;7;0;0;1;5;1;A01
201100037022;0;7;0;0;2;3;9;A01
201100037022;0;7;0;0;0;2;1;B01
201100037023;0;30;0;13;0;1;1;A01
201100037024;0;1;0;0;2;1;9;A01
201100037024;0;3;0;0;2;5;1;B01
201100037025;0;7;0;0;2;1;2;A01
201100037025;0;7;0;0;2;4;2;B01
201100037026;0;10;0;0;2;1;5;A01
201100037026;0;7;0;0;2;3;1;B01
201100037027;0;7;0;0;2;2;9;A01
201100037027;0;1;0;0;2;8;0;B01
201100037028;0;7;0;0;2;1;15;A01
201100037028;0;7;0;0;2;1;1;B01
201100037029;0;7;0;0;2;4;1;B01
201100037029;0;7;0;0;2;1;2;A01
201100037030;0;7;0;0;2;5;12;A01
201100037030;0;2;0;0;2;1;1;B01
201100037031;0;3;0;6;0;0;1;A01
201100037032;0;30;0;0;2;1;5;A01
201100037032;0;7;0;0;2;1;1;B01
201100037033;0;10;0;0;2;2;16;A01
201100037033;0;1;0;0;2;1;18;B01
201100037034;0;10;0;9;0;1;1;A01
201100037035;0;2;0;0;2;1;17;A01
201100037035;0;7;0;0;2;3;9;B01
201100037036;0;7;0;0;0;0;1;C01
201100037036;0;7;0;0;2;1;0;A01
201100037036;0;7;0;0;2;1;1;B01
201100037037;0;7;0;0;2;2;0;B01
201100037037;0;7;0;0;2;1;9;A01
201100037038;0;30;0;0;2;1;1;B01
201100037038;1;7;0;0;2;1;15;A01
201100037039;0;2;0;2;0;1;0;A01
201100037040;0;7;0;9;0;9;1;A01
201100037041;0;7;0;0;2;6;2;B01
201100037041;0;7;0;0;2;1;0;A01
201100037042;0;7;0;0;1;1;0;A01
201100037043;0;7;0;0;1;1;1;A01
201100037044;0;7;0;0;2;1;1;B01
201100037044;0;7;0;0;2;2;15;A01
201100037045;0;7;0;0;2;3;0;B01
201100037045;0;7;0;0;2;2;19;A01
201100037046;0;7;0;0;2;1;0;A01
201100037046;0;7;0;0;2;3;1;B01
201100037047;0;7;0;0;2;4;1;B01
201100037047;0;30;0;0;2;1;1;A01
201100037048;0;7;0;0;1;1;1;A01
201100037049;0;7;0;0;2;2;9;A01
201100037049;0;33;0;0;2;1;1;B01
201100037050;0;7;0;0;2;1;1;B01
201100037050;0;7;0;0;2;1;5;A01
201100037051;0;7;0;0;2;1;0;A01
201100037051;0;30;0;0;2;0;1;B01
201100037052;0;7;0;0;2;8;15;A01
201100037052;0;30;0;0;2;1;17;B01
201100037053;0;2;0;0;0;1;2;B01
201100037053;0;7;0;0;0;2;16;A01
201100037054;0;7;0;0;2;1;2;A01
201100037054;0;7;0;0;0;4;2;B01
201100037055;0;30;0;0;2;8;1;B01
201100037055;0;30;0;0;2;1;1;A01
201100037056;0;33;0;0;2;1;1;B01
201100037056;0;7;0;0;2;7;1;A01
201100037057;0;2;0;14;0;7;1;A01
201100037058;0;7;0;0;2;1;0;A01
201100037058;0;7;0;0;2;6;0;B01
201100037059;0;7;0;0;2;3;13;A01
201100037059;0;20;0;0;2;1;1;B01
201100037060;0;2;0;0;2;2;0;B01
201100037060;0;7;0;0;2;1;0;A01
201100037061;0;30;0;0;2;9;1;A01
201100037061;0;7;0;0;2;1;1;B01
201100037062;0;33;0;15;0;1;2;A01
201100037063;0;7;0;1;0;1;14;A01
201100037064;0;7;0;0;2;3;1;B01
201100037064;0;7;0;0;0;1;1;A01
201100037065;0;7;0;0;1;3;0;A01
201100037066;0;7;0;0;1;2;1;A01
201100037066;0;2;0;0;0;0;1;T01
201100037067;0;33;0;13;0;7;21;A01
201100037068;0;7;0;0;2;2;1;A01
201100037068;0;1;0;0;2;1;15;B01
201100037069;0;7;0;0;2;6;1;A01
201100037069;0;33;0;0;2;1;15;B01
201100037070;0;33;0;0;2;1;17;A01
201100037070;0;7;0;0;0;8;15;B01
201100037071;0;2;0;0;2;6;2;A01
201100037071;1;7;0;0;2;0;14;Z01
201100037072;0;7;0;0;1;2;1;A01
201100037073;0;30;0;1;0;1;13;B01
201100037074;0;7;0;0;1;2;1;A01
201100037075;0;7;0;0;2;1;19;A01
201100037075;0;2;0;0;2;3;0;B01
201100037076;0;33;0;2;0;4;2;A01
201100037077;0;2;0;0;2;1;11;A01
201100037078;0;33;0;15;2;3;1;A01
201100037078;0;7;0;0;9;3;1;B01
201100037079;0;7;0;0;2;8;13;B01
201100037079;0;2;0;0;1;1;17;A01
201100037080;0;7;0;0;1;2;1;A01
201100037081;0;7;0;6;0;1;2;A01
201100037082;0;7;0;5;2;1;13;A01
201100037082;0;7;0;0;2;2;1;B01
201100037083;0;30;0;0;0;1;1;B01
201100037083;0;7;0;0;0;1;15;A01
201100037084;0;1;0;0;0;2;16;A01
201100037085;0;7;0;0;2;1;1;B01
201100037085;0;10;0;15;2;1;17;A01
201100037086;0;7;0;0;2;1;15;A01
201100037086;0;2;0;0;2;1;1;B01
201100037087;0;7;0;1;0;1;1;A01
201100037087;0;7;0;0;2;1;24;B01
201100037088;0;7;0;0;2;3;1;B01
201100037088;0;30;0;0;2;1;1;A01
201100037089;0;33;0;0;2;1;17;B01
201100037089;0;7;0;0;0;6;15;A01
201100037090;0;7;0;2;0;6;13;A01
201100037091;0;7;0;0;1;7;2;A01
201100037092;0;32;0;12;0;0;1;A01
201100037093;0;7;0;0;1;4;4;A01
201100037094;0;7;0;0;1;2;15;A01
201100037095;0;1;0;0;0;0;15;A01
201100037096;0;7;0;0;2;2;1;A01
201100037096;0;1;0;0;2;4;1;B01
201100037097;0;7;0;2;0;1;2;A01
201100037098;0;1;0;1;0;1;9;B01
201100037098;0;13;0;1;0;6;23;A01
201100037099;0;1;0;0;1;1;1;A01
201100037100;0;7;0;2;0;1;1;A01
201100037101;0;7;0;2;0;3;15;A01
201100037102;0;7;0;0;2;1;1;B01
201100037102;0;7;0;0;2;2;1;A01
201100037103;0;7;0;2;0;1;0;A01
201100037104;0;7;0;0;1;2;1;A01
201100037105;0;7;0;0;1;1;1;A01
201100037106;0;7;0;0;2;3;15;B01
201100037106;0;30;0;0;2;2;17;A01
201100037107;0;2;0;0;2;7;15;A01
201100037107;0;7;0;0;2;2;1;B01
201100037108;0;7;0;0;2;3;11;B01
201100037108;0;31;0;0;2;1;0;A01
201100037109;0;30;0;0;0;0;0;A01
201100037110;0;7;0;0;1;5;4;A01
201100037111;0;7;0;0;2;4;23;B01
201100037111;0;7;0;0;2;1;1;A01
201100037112;0;7;0;0;2;7;0;A01
201100037112;0;7;0;0;2;3;0;B01
201100037113;0;7;0;0;2;3;15;A01
201100037113;0;7;0;0;2;3;1;B01
201100037114;0;32;0;0;1;1;17;A01
201100037115;0;7;0;0;1;3;1;A01
201100037116;1;7;0;;;;;A01
201100037116;0;33;0;0;2;1;1;B01
201100037117;0;7;0;0;2;1;1;B01
201100037117;0;7;0;0;2;2;1;A01
201100037118;0;7;0;0;2;3;0;B01
201100037118;0;7;0;0;2;5;0;A01
201100037119;0;30;0;0;2;1;1;B01
201100037119;0;7;0;0;9;1;9;A01
201100037120;0;40;50;6;0;2;0;A01
201100037121;0;7;0;0;2;2;1;B01
201100037121;0;7;0;0;2;1;19;A01
201100037122;0;7;0;0;2;4;2;B01
201100037122;0;7;0;0;2;1;2;A01
201100037123;0;7;0;0;2;3;16;B01
201100037123;0;1;0;0;2;1;1;A01
201100037124;0;7;0;0;1;1;1;A01
201100037125;0;7;0;0;1;1;1;A01
201100037126;0;7;0;0;2;4;23;C01
201100037126;0;7;0;0;2;4;23;B01
201100037126;0;7;0;0;2;1;1;A01
201100037127;0;7;0;0;2;4;1;B01
201100037127;0;7;0;0;2;1;1;A01
201100037128;0;33;0;0;2;1;2;A01
201100037128;0;7;0;0;0;4;2;B01
201100037128;0;7;0;0;0;0;9;C01
201100037129;0;1;0;0;2;0;19;B01
201100037129;0;33;0;0;2;1;1;A01
201100037130;0;32;0;16;0;0;0;A01
201100037131;0;7;0;0;2;3;1;B01
201100037131;0;7;0;0;2;2;15;A01
201100037132;0;2;0;0;0;0;0;A01
201100037133;0;7;0;0;2;3;15;A01
201100037134;0;32;0;0;2;1;1;B01
201100037134;0;7;0;0;2;3;9;A01
201100037135;0;7;0;0;2;3;3;A01
201100037135;0;1;0;0;2;1;1;B01
201100037136;0;7;0;0;2;4;0;B01
201100037136;0;7;0;0;2;1;0;A01
201100037137;0;7;0;0;2;4;1;C01
201100037137;0;7;0;0;2;1;1;A01
201100037137;0;10;0;0;2;4;1;B01
201100037138;0;7;0;0;2;3;23;B01
201100037138;0;7;0;0;2;3;13;A01
201100037139;0;7;0;0;0;1;0;A01
201100037140;0;7;0;0;1;3;1;A01
201100037141;0;7;0;0;2;8;0;B01
201100037141;0;7;0;0;2;1;1;A01
201100037142;0;7;0;0;9;1;15;A01
201100037142;0;33;0;0;2;7;0;B01
201100037143;0;30;0;0;2;1;1;A01
201100037143;0;7;0;0;2;4;0;B01
201100037144;0;32;0;0;2;1;1;A01
201100037144;0;7;0;0;2;4;23;B01
201100037145;0;7;0;0;1;2;0;A01
201100037146;0;7;0;0;0;1;15;B01
201100037146;0;33;0;0;2;8;1;A01
201100037147;0;7;0;1;0;0;1;A01
201100037148;0;7;0;0;2;2;1;A01
201100037148;0;1;0;0;2;0;0;B01
201100037149;0;7;0;0;2;5;16;A01
201100037149;0;30;0;0;2;1;0;B01
201100037150;0;7;0;0;1;2;1;A01
201100037151;0;7;0;0;2;1;0;A01
201100037151;0;30;0;0;2;3;0;B01
201100037152;0;7;0;6;0;1;13;A01
201100037153;0;30;0;0;2;7;17;A01
201100037153;0;7;0;0;2;3;9;B01
201100037154;0;7;0;0;2;2;17;A01
201100037154;0;7;0;0;2;8;15;B01
201100037155;0;10;0;0;1;3;0;A01
201100037156;0;7;0;2;0;1;0;A01
201100037157;0;1;0;0;2;1;1;A01
201100037157;0;7;0;0;2;8;15;B01
201100037158;0;99;0;0;2;1;1;B01
201100037158;0;7;0;0;2;1;1;A01
201100037159;0;7;0;0;2;4;1;B01
201100037159;0;7;0;0;2;1;1;A01
201100037160;0;7;0;0;2;3;15;A01
201100037160;0;7;0;8;2;3;1;B01
201100037161;0;7;0;0;2;6;2;B01
201100037161;0;10;0;0;2;2;2;A01
201100037162;0;7;0;0;2;2;15;A01
201100037162;0;7;0;0;2;3;1;B01
201100037163;0;7;0;0;1;0;0;A01
201100037164;0;7;0;0;1;2;0;A01
201100037165;0;7;0;0;2;8;1;A01
201100037165;1;7;0;0;2;3;15;Z01
201100037166;0;31;0;0;2;2;1;B01
201100037166;0;7;0;0;2;1;1;A01
201100037167;0;7;0;0;2;0;16;B01
201100037167;0;1;0;0;2;0;0;A01
201100037168;0;7;0;0;2;4;2;B01
201100037168;0;7;0;0;2;1;2;A01
201100037169;0;7;0;0;2;1;1;B01
201100037169;0;7;0;0;2;2;17;A01
201100037170;0;7;0;0;2;0;0;A01
201100037170;0;1;0;0;2;8;1;B01
201100037171;0;7;0;0;2;2;1;B01
201100037171;0;10;0;0;2;1;1;A01
201100037172;0;7;0;0;2;2;15;A01
201100037172;0;7;0;0;2;3;1;B01
201100037173;0;7;0;0;1;2;1;A01
201100037174;0;7;0;0;2;8;23;A01
201100037174;0;32;0;0;2;2;1;B01
201100037175;0;7;0;0;2;7;0;A01
201100037175;0;30;0;0;2;1;0;B01
201100037176;0;7;0;0;2;1;2;A01
201100037176;0;7;0;0;2;4;2;B01
201100037176;0;7;0;0;2;4;2;C01
201100037176;0;7;0;0;2;4;2;D01
201100037177;0;7;0;0;2;3;1;B01
201100037177;0;7;0;0;2;1;1;A01
201100037178;0;7;0;0;2;8;1;B01
201100037178;0;7;0;0;2;7;14;A01
201100037179;0;7;0;0;2;4;2;B01
201100037179;0;30;0;0;2;1;2;A01
201100037180;0;7;0;0;2;4;1;B01
201100037180;0;7;0;0;2;1;1;A01
201100037181;0;7;0;0;2;8;11;A01
201100037181;0;7;0;0;2;1;1;B01
201100037182;0;37;15;0;2;7;1;B01
201100037182;0;7;0;0;2;8;23;A01
201100037183;0;7;0;0;2;1;2;B01
201100037183;0;7;0;0;2;1;2;A01
201100037183;0;7;0;0;2;4;2;C01
201100037183;1;10;0;0;2;1;2;D01
201100037183;0;14;0;0;2;4;2;F02
201100037183;0;7;0;0;2;4;2;E01
201100037184;0;34;0;0;2;1;1;B01
201100037184;0;7;0;0;2;7;15;A01
201100037185;0;33;0;0;2;5;1;A01
201100037185;0;7;0;0;2;6;0;B01
201100037186;0;10;0;0;2;1;1;A01
201100037186;0;7;0;0;0;4;1;B01
201100037187;1;7;0;0;0;0;0;A01
201100037188;0;7;0;0;2;1;1;B01
201100037188;0;7;0;8;2;8;1;A01
201100037189;0;7;0;0;2;3;9;A01
201100037189;0;33;0;0;2;1;1;B01
201100037190;0;10;0;0;2;4;23;B01
201100037190;0;7;0;0;2;4;23;C01
201100037190;0;7;0;0;2;1;1;A01
201100037191;0;7;0;0;2;4;2;B01
201100037191;0;7;0;0;2;1;2;A01
201100037192;0;33;0;0;2;0;1;B01
201100037192;0;14;0;0;2;8;10;A01
201100037193;0;7;0;0;2;6;19;A01
201100037193;0;7;0;0;2;3;2;B01
201100037194;0;7;0;0;2;1;15;A01
201100037194;0;30;0;0;2;1;1;B01
201100037195;0;40;0;0;1;2;1;A01
201100037196;0;7;0;0;2;3;15;B01
201100037196;0;33;0;9;2;1;17;A01
201100037197;0;10;0;0;0;0;10;A01
201100037197;0;33;0;0;0;0;1;B01
201100037198;0;7;0;6;2;1;0;A01
201100037199;0;2;0;0;0;7;1;A01
201100037200;0;7;0;0;2;2;1;A01
201100037201;0;7;0;6;2;0;1;A01
201100037201;0;7;0;0;2;0;1;B01
201100037202;0;7;0;0;2;3;13;A01
201100037202;0;7;0;0;2;1;1;B01
201100037203;0;7;0;0;0;0;0;B01
201100037203;0;10;0;0;0;0;0;A01
201100037204;0;30;0;0;0;0;1;A01
201100037205;0;7;0;0;1;1;15;A01
201100037206;0;7;0;0;2;1;1;B01
201100037206;0;7;0;0;0;8;9;A01
201100037207;0;7;0;0;0;0;0;A01
201100037208;0;33;0;0;2;4;4;A01
201100037209;0;7;0;0;2;2;20;A01
201100037209;0;33;0;0;2;3;1;B01
201100037210;0;37;0;0;0;0;0;A01
201100037211;0;7;0;0;1;3;1;A01
201100037212;0;7;0;0;2;1;1;B01
201100037212;0;7;0;0;2;7;1;A01
201100037213;0;30;0;0;2;1;1;B01
201100037213;0;7;0;0;2;1;23;C01
201100037213;0;7;0;0;2;1;15;A01
201100037214;0;7;0;0;1;3;1;A01
201100037215;0;13;0;8;0;1;14;A01
201100037216;0;7;0;0;2;8;1;B01
201100037216;0;7;0;9;2;1;1;A01
201100037217;0;7;0;0;0;0;0;A01
201100037218;0;7;0;0;2;3;1;A01
201100037218;0;7;0;0;2;1;1;B01
201100037218;0;13;0;0;2;6;0;C01
201100037219;0;7;0;0;2;1;1;A01
201100037219;0;10;0;0;2;4;1;B01
201100037220;0;7;0;0;2;2;1;A01
201100037220;0;34;0;0;2;8;1;B01
201100037221;0;7;0;0;1;2;0;A01
201100037222;0;3;0;0;2;4;0;B01
201100037222;0;7;0;0;2;1;1;A01
201100037222;0;7;0;0;2;4;1;C01
201100037223;0;7;0;0;1;1;1;A01
201100037224;0;7;0;0;2;1;2;A01
201100037224;0;7;0;0;0;6;2;B01
201100037225;0;7;0;0;2;1;1;B01
201100037225;0;7;0;0;2;1;1;C01
201100037225;0;7;0;0;2;7;1;A01
201100037226;0;7;0;0;2;2;14;A01
201100037227;0;10;0;0;1;4;4;A01
201100037228;0;7;0;0;2;1;1;A01
201100037228;0;7;0;0;2;5;1;B01
201100037229;0;7;0;0;2;1;0;A01
201100037229;0;33;0;0;2;4;0;B01
201100037230;0;10;0;8;0;1;13;A01
201100037231;0;30;0;0;0;3;0;A01
201100037231;1;7;0;;;;;B01
201100037232;0;7;0;0;2;1;15;A01
201100037232;0;33;0;0;2;1;1;B01
201100037233;0;33;0;0;2;2;0;A01
201100037233;0;7;0;0;2;5;0;B01
201100037234;0;33;0;16;0;8;13;A01
201100037235;0;7;0;0;2;2;15;B01
201100037235;0;7;0;0;2;2;1;A01
201100037236;0;7;0;0;1;1;1;A01
201100037237;0;31;0;0;0;8;1;A01
201100037238;0;7;0;0;2;7;19;A01
201100037238;0;30;0;0;2;1;1;B01
201100037239;0;7;0;0;9;0;16;A01
201100037239;0;1;0;0;2;0;1;B01
201100037240;0;2;0;0;2;1;13;A01
201100037240;0;7;0;0;2;3;0;B01
201100037241;0;7;0;0;2;4;23;B01
201100037241;0;31;0;0;2;1;1;A01
201100037242;0;2;0;0;2;1;1;A01
201100037242;0;7;0;0;0;8;1;B01
201100037243;0;7;0;0;1;1;1;A01
201100037244;0;7;0;0;1;2;1;A01
201100037245;0;7;0;0;1;3;1;A01
201100037246;0;7;0;0;2;2;1;A01
201100037246;0;1;0;0;2;4;0;B01
201100037247;0;2;0;0;2;4;23;B01
201100037247;0;7;0;0;2;2;1;A01
201100037248;0;7;0;0;2;3;1;B01
201100037248;0;7;0;0;2;3;1;A01
201100037249;0;7;0;0;1;1;1;A01
201100037249;0;1;0;0;0;4;1;B01
201100037250;0;7;0;0;1;3;1;A01
201100037251;0;31;0;16;0;7;1;B01
201100037251;0;7;0;0;0;0;15;A01
201100037252;0;7;0;0;1;1;1;A01
201100037253;0;7;0;0;0;5;2;B01
201100037253;0;30;0;0;2;8;2;A01
201100037254;0;7;0;0;0;6;0;C01
201100037254;0;7;0;0;2;1;1;A01
201100037254;0;7;0;0;2;4;1;D01
201100037254;0;7;0;0;2;3;0;B01
201100037255;0;30;0;0;2;1;1;A01
201100037255;0;7;0;0;0;5;24;B01
201100037256;0;7;0;0;2;1;2;A01
201100037256;0;7;0;0;0;4;2;B01
201100037257;0;33;0;0;2;1;17;A01
201100037257;0;7;0;0;2;5;15;B01
201100037258;0;30;0;6;1;1;0;A01
201100037259;0;7;0;0;2;1;15;A01
201100037259;0;31;0;0;2;1;1;B01
201100037260;0;7;0;0;2;3;0;B01
201100037260;0;7;0;0;2;1;15;A01
201100037261;0;33;0;0;2;1;1;A01
201100037261;0;14;0;0;1;4;23;B01
201100037262;0;7;0;16;0;0;14;A01
201100037263;0;7;0;0;1;1;0;A01
201100037264;0;2;0;0;2;1;13;A01
201100037264;0;7;0;0;2;1;1;B01
201100037265;0;7;0;0;1;3;1;A01
201100037266;0;7;0;0;2;8;1;B01
201100037266;0;7;0;0;2;1;15;A01
201100037267;0;7;0;0;0;4;2;B01
201100037267;0;7;0;0;2;1;2;A01
201100037268;0;7;0;0;2;3;1;B01
201100037268;0;7;0;0;2;2;1;A01
201100037269;0;2;0;0;0;0;0;A01
201100037269;0;7;0;0;0;0;0;B01
201100037270;0;7;0;0;2;1;1;A01
201100037270;0;7;0;0;2;1;1;C01
201100037270;0;3;0;0;2;4;1;B01
201100037271;0;7;0;0;2;3;16;A01
201100037271;0;2;0;0;2;1;16;B01
201100037272;0;7;0;0;0;1;15;B01
201100037272;0;7;0;0;2;1;1;A01
201100037273;0;40;50;0;2;1;1;A01
201100037273;0;20;0;0;2;4;23;B01
201100037274;0;7;0;0;1;4;4;A01
201100037275;0;30;0;0;0;8;1;A01
201100037276;0;14;0;0;2;7;16;A01
201100037276;0;2;0;0;2;8;23;B01
201100037277;0;7;0;0;0;2;1;B01
201100037277;0;7;0;8;2;1;1;A01
201100037278;0;7;0;0;2;3;1;A01
201100037278;0;1;0;0;2;1;1;B01
201100037279;0;7;0;0;2;3;0;B01
201100037279;0;33;0;0;2;0;0;A01
201100037280;0;7;0;0;0;8;1;B01
201100037280;0;7;0;0;2;1;13;A01
201100037281;0;7;0;0;0;0;0;A01
201100037282;0;7;0;0;2;2;1;B01
201100037282;0;7;0;0;2;3;12;A01
201100037283;0;7;0;0;2;1;1;A01
201100037283;0;7;0;0;2;4;23;B01
201100037284;0;33;0;0;2;1;1;B01
201100037284;0;7;0;0;2;1;15;A01
201100037285;0;7;0;0;2;4;0;B01
201100037285;0;7;0;0;2;1;1;A01
201100037286;0;7;0;0;2;1;1;A01
201100037286;0;7;0;0;2;4;23;B01
201100037287;0;1;0;0;2;1;19;A01
201100037287;0;10;0;0;2;7;1;B01
201100037288;0;7;0;0;0;3;23;B01
201100037288;0;7;0;0;2;2;17;A01
201100037289;0;7;0;9;0;1;0;A01
201100037290;0;7;0;6;0;1;0;A01
201100037291;0;33;0;0;2;1;1;B01
201100037291;0;7;0;0;2;7;15;A01
201100037292;0;7;0;1;0;2;14;A01
201100037293;0;7;0;0;2;7;15;A01
201100037293;0;1;0;0;2;8;1;B01
201100037294;0;7;0;0;1;2;1;A01
201100037295;0;7;0;0;1;2;1;A01
201100037296;0;7;0;0;1;7;1;A01
201100037297;0;7;0;0;2;2;15;A01
201100037297;0;7;0;0;2;3;1;B01
201100037298;0;7;0;8;0;1;0;A01
201100037299;0;7;0;0;2;0;19;A01
201100037299;0;7;0;0;2;0;1;B01
201100037300;0;7;0;0;0;4;2;B01
201100037300;0;7;0;0;2;1;2;A01
201100037301;0;7;0;0;2;7;0;C01
201100037301;0;31;0;0;2;1;1;B01
201100037301;0;7;0;0;2;0;0;A01
201100037302;0;33;0;0;2;0;1;B01
201100037302;0;7;0;0;2;0;19;A01
201100037303;0;33;0;0;2;1;2;B01
201100037303;0;7;0;0;0;5;2;A01
201100037304;0;7;0;0;2;1;1;A01
201100037304;0;7;0;0;2;4;23;B01
201100037305;1;1;0;0;1;1;1;Z01
201100037306;0;33;0;0;2;1;1;B01
201100037306;0;7;0;0;2;7;15;A01
201100037307;0;7;0;0;0;4;1;B01
201100037307;0;2;0;0;2;1;2;A01
201100037308;0;7;0;1;0;0;0;A01
201100037308;0;7;0;0;2;0;0;B01
201100037309;0;7;0;0;2;4;1;B01
201100037309;0;7;0;0;2;1;1;A01
201100037310;0;7;0;0;2;1;1;A01
201100037310;0;7;0;0;0;4;1;B01
201100037311;0;7;0;0;1;0;0;A01
201100037312;0;7;0;0;0;0;16;A01
201100037313;0;33;0;0;1;2;15;A01
201100037314;0;7;0;0;1;7;0;A01
201100037315;0;7;0;0;2;3;0;A01
201100037315;0;7;0;0;2;1;1;B01
201100037316;0;7;0;0;2;1;1;B01
201100037316;0;7;0;0;2;1;13;A01
201100037317;2;7;0;0;2;0;16;Z01
201100037317;0;37;10;0;2;3;1;B01
201100037318;0;7;0;0;2;1;1;A01
201100037318;0;7;0;0;2;4;0;B01
201100037319;0;30;0;0;2;0;17;B01
201100037319;0;7;0;0;2;0;0;A01
201100037320;1;7;0;0;1;4;4;Z01
201100037321;0;31;0;0;2;1;0;B01
201100037321;0;7;0;0;2;1;0;A01
201100037322;0;7;0;0;2;7;1;C01
201100037322;0;7;0;0;2;1;1;D01
201100037322;0;14;0;0;2;1;1;A01
201100037322;0;7;0;0;2;4;1;B01
201100037323;0;7;0;8;0;1;14;A01
201100037324;0;7;0;0;0;8;1;C01
201100037324;0;7;0;0;2;1;9;A01
201100037324;0;7;0;0;0;4;1;B01
201100037325;0;7;0;0;2;0;0;A01
201100037325;0;33;0;0;2;0;0;B01
201100037326;0;7;0;0;2;2;1;A01
201100037326;0;1;0;0;2;1;13;B01
201100037327;1;7;0;0;0;0;0;A01
201100037327;0;7;0;0;2;2;1;B01
201100037328;0;7;0;0;1;0;1;A01
201100037329;0;7;0;0;1;0;0;A01
201100037330;0;40;50;0;2;2;1;B01
201100037330;0;7;0;0;2;3;1;A01
201100037331;0;34;0;0;2;1;1;B01
201100037331;0;7;0;0;2;3;15;A01
201100037332;0;7;0;0;2;0;0;B01
201100037332;0;7;0;0;2;0;0;A01
201100037333;0;33;0;0;2;1;0;A01
201100037334;0;40;50;0;1;0;0;A01
201100037335;0;33;0;0;2;1;1;B01
201100037335;0;7;0;0;2;3;10;A01
201100037336;0;7;0;0;2;0;0;B01
201100037336;0;7;0;0;2;0;0;A01
201100037337;0;7;0;0;2;1;14;A01
201100037338;0;7;0;0;2;4;23;B01
201100037338;0;7;0;0;2;0;1;A01
201100037339;0;7;0;0;1;4;0;A01
201100037340;0;7;0;0;0;0;0;A01
201100037340;0;1;0;0;0;0;0;B01
201100037341;0;7;0;0;2;7;16;B01
201100037341;0;2;0;0;2;8;1;A01
201100037342;0;7;0;0;1;0;0;A01
201100037343;0;10;0;0;0;0;2;A01
201100037343;0;33;0;0;0;0;2;B01
201100037344;0;7;0;0;2;0;0;A01
201100037344;0;7;0;0;2;0;0;B01
201100037345;0;38;1;0;1;0;0;A01
201100037346;0;7;0;0;2;1;1;A01
201100037346;0;14;0;0;2;4;1;B01
201100037347;0;30;0;0;2;1;1;B01
201100037347;0;7;0;0;2;0;15;A01
201100037348;0;2;0;0;0;0;1;A01
201100037349;0;7;0;0;2;0;10;A01
201100037349;0;33;0;0;2;0;0;B01
201100037350;0;31;0;0;0;0;0;A01
201100037351;0;7;0;8;0;0;0;A01
201100037352;0;7;0;0;2;4;4;A01
201100037352;0;31;0;0;2;1;1;B01
201100037353;0;7;0;0;0;1;0;B01
201100037353;0;7;0;0;2;7;15;A01
201100037354;0;7;0;0;0;0;0;A01
201100037355;0;7;0;0;2;1;2;A01
201100037355;0;7;0;0;0;4;1;B01
201100037356;0;33;0;0;2;8;1;B01
201100037356;0;7;0;0;9;1;19;A01
201100037357;0;7;0;0;2;4;0;C01
201100037357;0;7;0;0;2;4;0;B01
201100037357;0;13;0;0;2;1;0;A01
201100037357;0;7;0;0;0;0;0;D01
201100037358;0;7;0;0;2;3;1;B01
201100037358;0;7;0;0;2;2;0;A01
201100037359;0;7;0;0;1;1;1;A01
201100037360;0;10;0;0;2;1;2;A01
201100037360;0;10;0;0;0;4;2;B01
201100037361;0;7;0;0;2;7;17;A01
201100037361;0;30;0;0;2;8;2;B01
201100037362;0;36;0;0;1;2;1;A01
201100037363;0;1;0;0;0;0;1;B01
201100037363;0;7;0;0;0;0;9;A01
201100037364;0;10;0;0;2;7;15;A01
201100037364;0;1;0;0;2;1;1;B01
201100037365;0;32;0;0;2;2;1;A01
201100037365;0;10;0;0;0;1;1;B01
201100037366;0;7;0;8;0;1;14;A01
201100037367;0;10;0;0;2;1;1;B01
201100037367;0;10;0;0;2;2;15;A01
201100037368;0;33;0;0;2;1;2;A01
201100037368;0;10;0;0;0;5;2;B01
201100037369;0;7;0;0;2;1;14;A01
201100037369;0;7;0;8;0;3;23;B01
201100037370;0;10;0;0;2;3;1;A01
201100037370;0;33;0;0;2;2;1;B01
201100037371;0;10;0;15;1;2;2;A01
201100037372;0;10;0;0;2;6;1;B01
201100037372;0;10;0;0;2;3;16;A01
201100037373;0;10;0;0;2;8;1;B01
201100037373;0;10;0;0;2;3;1;A01
201100037374;0;7;0;0;2;3;1;B01
201100037374;0;7;0;0;2;2;1;A01
201100037375;0;33;0;0;2;1;1;B01
201100037375;0;10;0;0;2;3;9;A01
201100037376;0;10;0;0;2;1;2;B01
201100037376;0;10;0;0;2;1;2;A01