num_acc;senc;catv;occutc;obs;obsm;choc;manv;num_veh
201100037377;0;1;0;0;2;3;13;A01
201100037377;0;7;0;0;9;3;23;B01
201100037378;0;10;0;0;2;2;15;A01
201100037378;0;10;0;0;2;3;1;B01
201100037379;0;10;0;0;1;1;1;A01
201100037380;1;32;0;0;1;1;1;A01
201100037381;0;7;0;0;2;0;0;A01
201100037381;0;33;0;0;2;0;0;B01
201100037382;0;2;0;1;0;1;2;A01
201100037383;0;10;0;0;2;8;24;A01
201100037383;0;10;0;1;0;2;1;B01
201100037384;0;7;0;0;2;1;1;B01
201100037384;0;7;0;0;2;1;5;A01
201100037385;0;7;0;0;2;4;2;B01
201100037385;0;7;0;0;0;3;2;C01
201100037385;2;7;0;0;2;1;1;A01
201100037386;0;7;0;0;2;2;2;A01
201100037386;0;34;0;0;0;4;2;B01
201100037387;0;33;0;0;0;7;1;A01
201100037388;0;7;0;0;1;1;1;A01
201100037389;0;34;0;1;0;0;0;A01
201100037390;0;7;0;9;0;1;16;A01
201100037391;0;2;0;0;2;1;0;A01
201100037391;0;7;0;0;2;1;0;B01
201100037392;1;10;0;0;2;2;0;A01
201100037392;0;10;0;0;0;0;0;C01
201100037392;0;10;0;0;2;2;0;B01
201100037393;0;7;0;0;2;3;1;B01
201100037393;0;7;0;0;2;2;16;A01
201100037394;0;1;0;0;2;0;1;B01
201100037394;0;7;0;0;2;0;16;A01
201100037395;0;10;0;0;2;1;1;B01
201100037395;0;7;0;0;2;3;1;A01
201100037396;0;7;0;0;2;1;14;A01
201100037396;0;7;0;0;2;4;1;D01
201100037396;0;7;0;0;2;4;1;B01
201100037396;0;7;0;0;2;4;1;C01
201100037397;0;33;0;0;2;0;1;B01
201100037397;0;1;0;0;2;0;0;A01
201100037398;0;7;0;0;1;1;0;A01
201100037399;0;7;0;0;1;7;0;A01
201100037399;0;33;0;0;2;0;0;B01
201100037400;0;7;0;0;2;2;1;A01
201100037400;0;7;0;0;2;3;1;B01
201100037401;0;7;0;0;2;1;0;A01
201100037401;0;7;0;0;2;0;0;B01
201100037401;0;7;0;0;2;0;0;C01
201100037402;0;7;0;0;2;1;0;A01
201100037402;0;33;0;0;2;0;0;B01
201100037403;0;2;0;0;2;0;0;A01
201100037404;0;7;0;0;2;1;9;A01
201100037404;0;33;0;0;2;7;1;B01
201100037405;0;7;0;0;2;1;0;A01
201100037405;0;7;0;0;2;1;0;B01
201100037406;0;33;0;0;2;0;1;B01
201100037406;0;7;0;0;2;3;0;A01
201100037407;0;7;0;0;2;2;0;B01
201100037407;0;7;0;0;2;5;15;A01
201100037408;0;7;0;0;2;1;1;B01
201100037408;0;7;0;0;2;1;1;A01
201100037409;0;32;0;0;2;1;1;A01
201100037409;0;10;0;0;2;1;1;B01
201100037410;0;7;0;0;0;1;0;A01
201100037411;0;7;0;0;2;1;1;A01
201100037411;0;7;0;8;2;4;1;B01
201100037412;0;7;0;0;2;8;15;A01
201100037412;0;2;0;0;2;1;1;B01
201100037413;0;7;0;0;2;1;1;B01
201100037413;0;2;0;0;2;1;5;A01
201100037414;0;7;0;0;2;4;23;B01
201100037414;0;7;0;0;2;4;23;C01
201100037414;0;7;0;0;2;1;1;A01
201100037415;0;7;0;0;0;4;1;B01
201100037415;0;33;0;0;2;1;1;A01
201100037416;0;7;0;0;2;1;1;A01
201100037416;0;7;0;0;2;1;0;B01
201100037417;0;7;0;0;2;0;15;A01
201100037417;0;32;0;0;2;0;1;B01
201100037418;0;7;0;0;2;1;1;A01
201100037418;0;7;0;1;2;1;1;B01
201100037419;0;7;0;0;2;1;0;B01
201100037419;0;7;0;0;2;1;0;A01
201100037420;0;7;0;0;0;1;13;A01
201100037421;0;7;0;3;2;1;11;A01
201100037421;0;7;0;0;2;1;1;B01
201100037422;0;7;0;9;0;0;0;A01
201100037423;0;7;0;0;2;4;2;B01
201100037423;1;7;0;0;2;1;2;Z01
201100037424;0;7;0;0;2;1;1;A01
201100037424;0;10;0;0;2;3;1;B01
201100037425;0;7;0;0;2;1;1;B01
201100037425;0;7;0;0;2;3;1;C01
201100037425;0;7;0;0;2;1;15;A01
201100037426;0;7;0;0;2;5;15;A01
201100037426;0;7;0;0;2;1;1;B01
201100037427;0;7;0;0;2;4;0;B01
201100037427;0;7;0;0;2;1;2;A01
201100037428;0;7;0;0;2;2;16;A01
201100037428;0;7;0;0;2;8;1;B01
201100037429;0;7;0;0;1;3;1;A01
201100037430;0;7;0;0;2;1;1;A01
201100037430;0;7;0;0;2;1;1;B01
201100037431;0;2;0;0;2;1;1;B01
201100037431;0;7;0;0;2;2;1;A01
201100037432;0;33;0;16;0;8;0;A01
201100037433;0;7;0;0;0;6;15;A01
201100037433;0;32;0;0;2;8;17;B01
201100037434;0;2;0;0;2;1;1;A01
201100037435;0;7;0;0;9;2;16;A01
201100037435;0;38;0;0;2;1;1;B01
201100037436;0;33;0;14;2;8;1;A01
201100037437;0;10;0;0;4;8;15;A01
201100037437;0;38;0;0;2;1;1;B01
201100037438;0;7;0;0;0;8;1;A01
201100037438;0;7;0;0;2;1;1;B01
201100037439;0;7;0;0;2;1;15;A01
201100037439;0;7;0;0;2;1;1;B01
201100037440;0;7;0;0;2;1;2;A01
201100037440;0;7;0;0;2;4;2;B01
201100037441;0;37;0;0;2;0;0;A01
201100037441;0;33;0;0;0;7;0;B01
201100037442;0;7;0;0;2;1;1;A01
201100037442;0;7;0;0;2;4;23;B01
201100037443;0;7;0;0;1;1;1;A01
201100037444;0;31;0;0;2;1;0;A01
201100037444;0;7;0;0;2;1;0;B01
201100037445;0;99;0;0;2;1;2;A01
201100037445;0;99;0;0;2;4;2;B01
201100037445;0;7;0;0;2;1;2;C01
201100037446;0;99;0;0;1;3;1;A01
201100037447;0;7;0;0;2;8;10;A01
201100037447;0;7;0;0;2;1;1;B01
201100037448;0;30;0;0;2;1;9;A01
201100037448;0;7;0;0;2;1;1;B01
201100037449;1;7;0;0;1;1;15;X01
201100037450;0;32;0;0;2;1;0;A01
201100037450;0;99;0;0;2;4;0;B01
201100037451;0;7;0;9;0;1;20;A01
201100037452;0;99;0;0;2;1;0;A01
201100037452;0;99;0;0;2;1;0;B01
201100037453;0;7;0;0;1;1;1;A01
201100037454;0;7;0;0;1;8;1;A01
201100037455;0;7;0;0;2;1;13;A01
201100037456;0;2;0;0;0;1;15;A01
201100037457;1;99;0;0;2;1;2;A01
201100037457;0;99;0;0;0;4;1;B01
201100037458;0;7;0;0;2;0;0;A01
201100037458;0;7;0;0;2;0;0;B01
201100037459;0;33;0;0;0;0;0;A01
201100037460;0;99;0;0;1;8;1;A01
201100037461;0;7;0;0;0;1;15;A01
201100037461;0;33;0;0;2;1;1;B01
201100037462;0;99;0;2;0;7;0;A01
201100037463;0;7;0;0;1;1;1;A01
201100037464;0;7;0;0;1;1;1;A01
201100037465;0;7;0;0;0;4;1;B01
201100037465;0;30;0;0;2;1;2;A01
201100037466;0;7;0;0;1;4;4;A01
201100037467;0;7;0;1;0;1;1;A01
201100037467;0;7;0;0;2;4;0;B01
201100037467;0;7;0;0;2;0;0;C01
201100037467;0;7;0;0;2;0;0;D01
201100037467;0;7;0;0;2;0;0;E01
201100037467;0;7;0;0;2;0;0;F02
201100037467;0;7;0;0;2;0;0;G02
201100037467;0;7;0;0;2;0;0;H02
201100037467;0;7;0;0;2;0;0;I02
201100037467;0;7;0;0;2;0;0;J02
201100037468;0;30;0;0;0;0;0;A01
201100037469;0;7;0;0;2;1;15;A01
201100037469;0;1;0;0;2;0;19;B01
201100037470;0;7;0;0;1;7;22;A01
201100037470;0;1;0;1;0;1;1;B01
201100037471;0;32;0;14;0;1;17;A01
201100037471;0;7;0;0;2;3;15;B01
201100037472;0;7;0;0;1;1;6;A01
201100037473;0;7;0;0;2;0;0;A01
201100037474;0;7;0;0;2;7;19;A01
201100037474;0;2;0;0;2;1;1;B01
201100037475;0;7;0;0;0;0;15;A01
201100037475;0;31;0;0;0;0;1;B01
201100037476;0;33;0;0;2;1;2;A01
201100037476;0;7;0;0;0;4;1;B01
201100037477;0;7;0;0;2;3;0;A01
201100037477;0;7;0;0;2;2;1;B01
201100037478;0;2;0;0;2;1;1;A01
201100037478;0;7;0;0;2;3;1;B01
201100037479;0;3;0;0;2;1;17;A01
201100037479;0;7;0;0;2;8;15;B01
201100037479;0;7;0;0;2;2;23;C01
201100037480;0;7;0;0;1;1;1;A01
201100037481;0;7;0;0;2;3;1;B01
201100037481;0;7;0;0;2;5;1;A01
201100037482;0;33;0;0;2;1;17;A01
201100037482;0;7;0;0;2;4;15;B01
201100037483;0;7;0;0;1;1;1;A01
201100037484;0;13;0;0;2;0;19;A01
201100037484;0;2;0;0;2;0;1;B01
201100037485;0;7;0;0;2;3;1;A01
201100037485;0;1;0;0;2;1;1;B01
201100037486;0;7;0;0;2;1;1;B01
201100037486;0;7;0;0;2;4;6;A01
201100037487;0;7;0;0;2;5;15;A01
201100037487;0;31;0;0;2;1;1;B01
201100037488;0;7;0;0;2;1;1;A01
201100037488;0;7;0;0;2;4;23;B01
201100037489;0;7;0;0;2;1;1;A01
201100037489;0;7;0;0;0;4;2;B01
201100037490;0;7;0;0;2;0;0;A01
201100037490;0;37;1;0;2;1;0;B01
201100037491;0;2;0;0;2;1;1;A01
201100037491;0;7;0;0;2;1;1;B01
201100037491;0;7;0;0;0;8;0;C01
201100037492;0;13;0;0;2;1;1;A01
201100037492;0;7;0;0;2;4;23;B01
201100037493;0;7;0;0;2;3;1;B01
201100037493;0;7;0;0;2;2;15;A01
201100037494;0;7;0;0;2;2;1;B01
201100037494;0;7;0;0;2;1;9;A01
201100037495;0;7;0;0;2;4;1;B01
201100037495;0;32;0;0;2;1;2;A01
201100037496;0;7;0;0;2;1;1;A01
201100037496;0;7;0;0;2;4;0;B01
201100037497;0;7;0;0;1;8;1;A01
201100037498;0;33;0;0;2;1;1;A01
201100037498;0;7;0;0;0;3;1;B01
201100037499;0;33;0;0;0;0;1;A01
201100037500;0;33;0;0;0;0;1;A01
201100037501;0;7;0;0;2;2;15;A01
201100037501;0;1;0;0;2;2;1;B01
201100037502;0;7;0;0;2;1;1;B01
201100037502;0;20;0;0;2;8;1;A01
201100037503;0;7;0;0;2;2;15;A01
201100037503;0;31;0;0;2;1;1;B01
201100037504;0;7;0;0;2;1;15;A01
201100037504;0;2;0;0;2;4;1;B01
201100037505;0;33;0;0;2;1;17;A01
201100037505;0;7;0;0;2;1;15;B01
201100037506;0;2;0;1;0;0;0;A01
201100037506;0;3;0;0;2;4;23;B01
201100037507;0;7;0;0;1;1;15;A01
201100037508;0;7;0;0;2;1;15;A01
201100037508;0;31;0;0;2;1;1;B01
201100037509;0;3;0;0;2;7;0;A01
201100037509;0;7;0;0;2;1;1;B01
201100037510;0;7;0;0;2;2;1;B01
201100037510;0;7;0;0;2;3;9;A01
201100037511;0;30;0;1;0;1;13;A01
201100037512;0;33;0;0;2;1;1;A01
201100037512;0;7;0;0;2;8;1;B01
201100037513;0;7;0;0;1;1;1;A01
201100037514;0;10;0;0;2;8;15;A01
201100037514;0;32;0;0;2;1;17;B01
201100037515;0;7;0;0;1;4;4;A01
201100037516;0;37;10;0;1;2;15;A01
201100037517;0;7;0;0;1;1;1;A01
201100037518;0;33;0;16;0;0;14;A01
201100037519;0;10;0;0;2;0;1;A01
201100037519;0;1;0;0;2;0;1;B01
201100037520;0;7;0;0;2;1;1;A01
201100037520;0;7;0;0;2;4;23;B01
201100037520;0;7;0;0;2;4;23;C01
201100037521;0;7;0;0;1;1;1;A01
201100037522;0;7;0;0;2;8;0;A01
201100037522;0;7;0;0;2;1;0;B01
201100037523;0;1;0;0;0;0;0;A01
201100037524;0;7;0;0;2;8;19;A01
201100037524;0;7;0;0;2;1;1;B01
201100037525;0;31;0;0;9;7;1;A01
201100037526;0;7;0;0;0;0;15;A01
201100037527;0;7;0;0;2;1;1;A01
201100037527;0;7;0;0;2;4;23;B01
201100037528;0;30;0;0;2;8;15;A01
201100037528;0;7;0;0;2;3;1;B01
201100037529;0;7;0;0;2;1;19;A01
201100037529;0;7;0;0;2;1;1;B01
201100037530;0;7;0;0;1;1;1;A01
201100037531;0;33;0;0;1;1;1;A01
201100037532;0;7;0;0;1;3;1;A01
201100037533;0;7;0;0;1;3;15;A01
201100037534;0;7;0;0;2;1;15;A01
201100037534;0;33;0;0;2;1;1;B01
201100037535;0;7;0;0;1;1;1;A01
201100037536;0;7;0;0;2;3;15;A01
201100037536;0;2;0;0;0;0;1;B01
201100037537;0;7;0;8;2;1;1;A01
201100037537;0;7;0;0;2;3;1;B01
201100037538;0;7;0;0;2;2;1;A01
201100037538;0;1;0;0;2;1;1;B01
201100037539;0;1;0;0;2;1;0;A01
201100037539;0;7;0;0;0;3;0;B01
201100037540;0;7;0;0;2;1;15;A01
201100037540;0;31;0;0;2;1;1;B01
201100037541;0;7;0;0;2;1;1;A01
201100037541;0;7;0;0;2;4;2;B01
201100037542;0;7;0;0;1;1;1;A01
201100037543;0;1;0;0;2;1;0;A01
201100037543;0;7;0;0;2;2;0;B01
201100037544;0;10;0;0;1;7;1;A01
201100037545;0;2;0;0;2;1;1;B01
201100037545;0;7;0;0;2;3;1;A01
201100037546;0;33;0;0;0;1;0;A01
201100037547;0;1;0;0;2;0;0;A01
201100037548;0;7;0;0;2;1;1;A01
201100037548;0;7;0;0;2;4;23;B01
201100037549;0;7;0;0;2;3;1;B01
201100037549;0;7;0;0;2;3;5;A01
201100037550;0;2;0;11;0;0;1;A01
201100037551;0;7;0;0;9;1;15;A01
201100037551;0;1;0;0;2;1;0;B01
201100037552;0;38;1;0;1;0;20;A01
201100037553;0;7;0;0;1;1;1;A01
201100037554;0;7;0;0;0;7;1;A01
201100037554;0;31;0;0;2;1;3;B01
201100037554;0;7;0;0;0;8;1;C01
201100037555;0;14;0;0;1;7;16;A01
201100037556;0;2;0;0;2;1;11;A01
201100037556;0;7;0;0;2;4;12;B01
201100037557;0;7;0;0;1;1;15;A01
201100037557;0;1;0;0;2;0;0;B01
201100037558;0;31;0;0;2;1;1;B01
201100037558;0;7;0;0;2;8;23;C01
201100037558;0;7;0;0;2;3;9;A01
201100037559;0;7;0;0;2;3;15;A01
201100037559;0;7;0;0;2;2;1;B01
201100037560;0;7;0;0;1;1;1;A01
201100037561;0;31;0;0;0;0;0;A01
201100037562;0;7;0;0;2;1;15;A01
201100037562;0;7;0;0;2;1;1;B01
201100037563;0;7;0;6;0;1;14;A01
201100037564;0;7;0;0;2;3;15;A01
201100037564;0;7;0;0;0;6;1;C01
201100037564;0;7;0;0;0;3;1;B01
201100037565;0;7;0;0;0;4;2;B01
201100037565;0;33;0;0;2;1;2;A01
201100037566;0;7;0;0;2;1;19;A01
201100037566;0;33;0;0;2;1;1;B01
201100037567;0;7;0;0;1;0;0;A01
201100037568;0;7;0;0;1;8;1;A01
201100037569;0;7;0;0;0;2;15;A01
201100037569;0;7;0;0;2;1;1;B01
201100037570;0;30;0;0;2;1;1;A01
201100037570;0;7;0;0;2;8;15;B01
201100037571;0;7;0;0;2;1;13;A01
201100037571;0;7;0;0;2;3;1;B01
201100037571;0;7;0;0;2;8;1;C01
201100037572;0;7;0;0;1;0;0;A01
201100037573;0;7;0;0;2;1;9;A01
201100037573;0;7;0;0;2;7;1;B01
201100037574;0;7;0;0;2;3;13;A01
201100037574;0;31;0;0;2;5;1;B01
201100037575;0;7;0;0;2;1;2;A01
201100037575;0;7;0;0;0;4;23;B01
201100037576;0;30;0;0;2;1;2;A01
201100037576;0;7;0;0;2;4;1;B01
201100037577;0;7;0;0;0;0;0;A01
201100037578;0;7;0;0;2;7;0;A01
201100037578;0;14;0;0;2;1;1;B01
201100037579;0;30;0;0;2;2;21;A01
201100037579;1;7;0;0;0;0;0;Z01
201100037580;0;7;0;0;1;2;1;A01
201100037581;0;7;0;0;2;1;1;A01
201100037581;0;7;0;0;2;4;1;B01
201100037582;0;7;0;0;2;1;1;A01
201100037582;0;7;0;0;2;4;1;B01
201100037582;0;7;0;0;2;4;1;C01
201100037583;0;7;0;0;2;2;19;A01
201100037583;0;10;0;9;2;8;1;B01
201100037584;0;7;0;0;2;8;9;A01
201100037584;0;7;0;0;2;1;1;B01
201100037585;0;32;0;0;2;1;0;A01
201100037585;0;7;0;0;0;7;1;B01
201100037586;0;7;0;0;2;1;1;A01
201100037586;0;7;0;0;2;4;23;B01
201100037586;0;7;0;0;2;4;23;C01
201100037586;0;10;0;0;2;4;23;D01
201100037587;0;7;0;0;1;1;1;A01
201100037588;0;7;0;0;2;0;6;A01
201100037588;0;7;0;0;2;1;1;B01
201100037589;0;7;0;8;0;1;14;A01
201100037590;0;7;0;6;0;7;0;A01
201100037591;0;7;0;0;2;3;0;A01
201100037591;0;7;0;0;2;4;1;B01
201100037592;0;7;0;0;2;1;1;A01
201100037592;0;7;0;0;2;4;23;B01
201100037593;0;7;0;0;4;3;15;A01
201100037593;0;40;0;0;2;7;1;B01
201100037594;0;7;0;1;0;1;14;A01
201100037595;0;7;0;0;2;7;15;A01
201100037595;0;34;0;0;2;1;1;B01
201100037596;0;7;0;0;0;0;20;A01
201100037596;0;32;0;0;0;8;21;B01
201100037597;0;7;0;0;2;8;15;A01
201100037597;0;30;0;0;2;1;1;B01
201100037598;0;33;0;0;2;1;1;B01
201100037598;0;7;0;0;0;3;1;A01
201100037599;0;7;0;0;4;8;19;A01
201100037599;0;40;0;0;2;1;1;B01
201100037600;0;7;0;0;1;7;1;A01
201100037601;0;7;0;0;0;0;2;A01
201100037601;0;7;0;0;2;4;2;B01
201100037602;0;7;0;0;2;7;15;A01
201100037602;0;7;0;0;2;1;1;B01
201100037603;0;7;0;0;2;1;1;A01
201100037603;0;7;0;0;2;4;23;B01
201100037604;0;30;0;0;0;0;0;A01
201100037605;0;7;0;0;2;3;13;A01
201100037605;0;7;0;0;2;3;1;B01
201100037606;0;31;0;0;0;0;1;A01
201100037607;0;7;0;0;2;2;0;A01
201100037607;0;32;0;0;2;2;0;B01
201100037608;0;1;0;16;0;0;0;A01
201100037609;0;7;0;9;0;7;14;A01
201100037610;0;7;0;0;4;1;1;A01
201100037610;0;39;0;0;0;3;1;B01
201100037611;0;10;0;0;1;5;4;A01
201100037612;0;2;0;0;2;1;17;B01
201100037612;0;7;0;0;2;3;15;A01
201100037613;0;7;0;0;1;2;5;A01
201100037614;0;2;0;0;2;1;1;A01
201100037614;0;7;0;0;2;2;1;B01
201100037615;0;7;0;0;1;3;1;A01
201100037616;0;33;0;0;0;0;23;B01
201100037616;0;33;0;0;2;8;2;A01
201100037617;0;7;0;0;2;8;15;A01
201100037617;0;7;0;0;2;2;1;B01
201100037618;0;7;0;0;1;1;16;A01
201100037619;0;7;0;0;0;9;1;A01
201100037620;0;7;0;0;2;1;1;B01
201100037620;0;7;0;0;2;7;13;A01
201100037621;0;7;0;0;2;1;1;B01
201100037621;0;7;0;0;2;2;17;A01
201100037621;0;7;0;0;2;1;1;C01
201100037622;0;7;0;0;1;1;15;A01
201100037623;0;7;0;0;1;6;1;A01
201100037624;0;10;0;0;1;7;1;A01
201100037625;0;7;0;0;2;4;2;A01
201100037625;0;7;0;0;0;4;1;B01
201100037626;0;7;0;0;2;6;1;B01
201100037626;0;7;0;0;2;1;1;A01
201100037627;0;7;0;0;2;4;4;A01
201100037627;0;1;0;0;2;1;1;B01
201100037628;0;7;0;0;1;2;1;A01
201100037629;0;7;0;0;2;3;13;A01
201100037629;0;7;0;0;2;1;13;B01
201100037630;0;7;0;0;2;8;1;B01
201100037630;0;2;0;0;2;1;12;A01
201100037631;0;7;0;0;2;8;1;B01
201100037631;0;7;0;0;2;1;15;A01
201100037632;0;10;0;0;2;3;15;A01
201100037632;0;7;0;9;2;3;1;B01
201100037633;0;7;0;0;2;2;15;A01
201100037633;0;7;0;0;2;1;1;B01
201100037634;1;10;0;0;2;1;1;A01
201100037634;0;30;0;0;2;4;1;B01
201100037635;0;7;0;0;2;1;1;A01
201100037635;0;10;0;0;2;4;1;B01
201100037635;0;10;0;0;2;4;1;C01
201100037636;1;7;0;0;1;2;0;Z01
201100037637;0;33;0;0;2;1;1;B01
201100037637;2;7;0;0;2;2;15;Z01
201100037638;0;30;0;0;2;4;1;A01
201100037638;0;33;0;0;2;1;1;B01
201100037639;0;7;0;0;2;1;13;A01
201100037639;0;7;0;0;2;1;1;B01
201100037640;0;7;0;0;2;2;15;A01
201100037640;0;33;0;0;2;1;1;B01
201100037641;0;33;0;12;0;1;0;A01
201100037642;0;7;0;0;2;1;2;A01
201100037642;0;7;0;0;0;4;16;B01
201100037643;0;33;0;0;2;1;1;A01
201100037643;0;7;0;0;2;4;1;B01
201100037644;0;7;0;0;2;3;1;B01
201100037644;0;31;0;0;2;1;1;A01
201100037645;0;30;0;0;2;1;17;A01
201100037645;0;7;0;0;0;3;15;B01
201100037646;0;7;0;0;2;3;1;B01
201100037646;0;7;0;0;2;1;13;A01
201100037647;0;30;0;0;2;1;2;B01
201100037647;0;7;0;0;2;8;10;A01
201100037648;0;33;0;0;2;1;1;B01
201100037648;0;7;0;0;2;3;15;A01
201100037649;0;31;0;0;2;1;1;B01
201100037649;0;10;0;0;2;6;10;A01
201100037650;0;7;0;0;2;3;15;B01
201100037650;0;1;0;0;2;2;17;A01
201100037651;0;7;0;0;2;1;15;A01
201100037651;0;7;0;0;2;1;1;B01
201100037651;0;10;0;13;0;1;1;C01
201100037652;0;7;0;3;2;5;4;A01
201100037653;0;7;0;0;2;2;0;A01
201100037653;0;33;0;0;2;6;0;B01
201100037654;0;7;0;0;0;0;9;A01
201100037654;0;32;0;0;0;8;21;B01
201100037655;0;33;0;0;2;3;17;A01
201100037655;0;7;0;0;2;1;1;B01
201100037656;0;7;0;0;2;3;9;A01
201100037656;0;2;0;0;2;1;17;B01
201100037657;0;33;0;0;2;1;1;B01
201100037657;1;7;0;0;2;6;16;A01
201100037658;1;7;0;0;1;1;0;Z01
201100037659;0;17;0;0;2;5;9;A01
201100037659;0;30;0;0;2;4;0;B01
201100037660;0;7;0;0;1;7;1;A01
201100037661;0;2;0;0;2;4;17;A01
201100037661;0;7;0;0;2;8;1;B01
201100037662;0;10;0;0;1;4;4;A01
201100037663;0;2;0;12;0;1;18;A01
201100037664;0;7;0;12;0;3;1;A01
201100037665;0;7;0;0;2;5;23;B01
201100037665;0;30;0;0;2;1;2;A01
201100037666;0;13;0;0;2;8;15;B01
201100037666;0;33;0;0;2;1;17;A01
201100037667;0;7;0;0;2;8;15;B01
201100037667;0;30;0;0;2;7;17;A01
201100037668;0;7;0;0;9;2;10;A01
201100037668;0;1;0;0;2;1;1;B01
201100037669;0;7;0;0;2;2;1;B01
201100037669;0;7;0;1;2;2;1;A01
201100037670;0;2;0;0;2;1;1;B01
201100037670;0;7;0;0;0;2;1;A01
201100037671;0;30;0;0;2;1;13;A01
201100037671;0;7;0;0;2;5;1;B01
201100037672;0;10;0;0;2;8;13;A01
201100037672;0;30;0;0;2;7;17;B01
201100037673;0;33;0;0;0;8;1;A01
201100037674;0;10;0;0;0;8;10;A01
201100037674;0;10;0;0;2;2;1;B01
201100037675;0;7;0;8;0;1;14;A01
201100037676;0;33;0;0;2;8;2;B01
201100037676;0;7;0;0;0;3;15;A01
201100037677;0;30;0;6;0;0;0;A01
201100037678;0;7;0;0;1;2;0;A01
201100037679;0;2;0;0;2;7;1;B01
201100037679;0;7;0;0;2;3;19;A01
201100037680;0;1;0;0;2;1;2;B01
201100037680;0;7;0;0;9;2;16;A01
201100037681;0;30;0;0;0;0;1;A01
201100037682;0;7;0;0;2;7;15;A01
201100037682;0;33;0;0;2;2;1;B01
201100037683;0;1;0;0;1;1;7;A01
201100037684;0;30;0;12;0;1;0;A01
201100037685;0;2;0;0;0;7;1;A01
201100037686;0;33;0;1;0;0;1;A01
201100037687;0;2;0;0;2;8;17;A01
201100037687;0;7;0;0;2;3;1;B01
201100037688;1;7;0;0;1;3;15;A01
201100037689;0;33;0;0;1;0;1;A01
201100037690;0;7;0;0;2;1;1;B01
201100037690;0;7;0;0;0;3;10;A01
201100037691;0;10;0;0;2;5;1;B01
201100037691;0;34;0;0;0;1;12;A01
201100037692;0;30;0;0;2;3;1;A01
201100037692;0;7;0;0;0;2;20;B01
201100037693;0;33;0;0;2;1;17;B01
201100037693;0;7;0;0;2;8;10;A01
201100037694;0;31;0;0;2;3;17;A01
201100037694;0;7;0;0;2;3;15;B01
201100037695;0;7;0;11;0;1;1;A01
201100037696;0;2;0;0;2;1;1;B01
201100037696;0;7;0;0;2;1;15;A01
201100037697;0;32;0;0;0;1;13;A01
201100037697;0;7;0;0;2;2;1;B01
201100037698;0;33;0;15;0;0;14;A01
201100037699;0;7;0;7;0;1;0;A01
201100037700;0;7;0;0;2;1;1;B01
201100037700;0;7;0;0;0;1;17;A01
201100037701;0;2;0;0;2;1;17;B01
201100037701;0;7;0;0;0;3;15;A01
201100037702;0;30;0;0;0;7;1;A01
201100037703;0;7;0;0;2;4;23;D01
201100037703;0;7;0;0;2;4;23;B01
201100037703;0;7;0;0;2;1;2;A01
201100037703;0;7;0;0;2;4;23;C01
201100037704;0;2;0;0;2;1;1;B01
201100037704;0;7;0;0;2;1;19;A01
201100037705;0;7;0;8;0;9;14;A01
201100037706;0;2;0;0;2;0;0;B01
201100037706;0;2;0;0;2;0;1;A01
201100037707;0;7;0;12;0;3;1;A01
201100037708;0;7;0;0;2;4;2;B01
201100037708;0;2;0;0;2;1;1;A01
201100037709;0;7;0;0;2;3;15;B01
201100037709;0;30;0;0;2;1;5;A01
201100037710;0;33;0;11;0;1;15;A01
201100037711;0;7;0;0;0;0;13;A01
201100037711;0;33;0;0;2;0;1;B01
201100037712;0;33;0;0;0;1;13;A01
201100037713;0;2;0;0;0;0;1;A01
201100037714;0;2;0;12;0;1;14;A01
201100037715;0;7;0;0;2;2;23;C01
201100037715;0;7;0;0;2;3;15;A01
201100037715;0;7;0;0;2;8;23;D01
201100037715;0;33;0;0;2;1;1;B01
201100037716;0;31;0;0;0;0;1;B01
201100037716;0;7;0;0;9;0;0;A01
201100037717;0;7;0;0;2;5;12;A01
201100037717;0;2;0;0;2;8;1;B01
201100037718;0;7;0;0;1;0;1;A01
201100037719;1;7;0;0;2;4;4;Z01
201100037719;0;2;0;1;2;1;1;A01
201100037720;0;7;0;0;2;4;23;C01
201100037720;0;7;0;0;2;1;2;A01
201100037720;0;7;0;0;2;4;23;B01
201100037721;0;7;0;0;2;8;1;B01
201100037721;1;7;0;0;2;8;13;A01
201100037722;0;2;0;0;2;5;1;B01
201100037722;0;7;0;0;2;8;10;A01
201100037723;1;7;0;0;1;7;1;A01
201100037724;0;7;0;0;2;5;10;A01
201100037724;0;34;0;0;2;1;1;B01
201100037725;0;7;0;0;2;4;20;A01
201100037725;0;7;0;1;2;3;0;B01
201100037726;0;34;0;11;0;1;0;A01
201100037727;0;30;0;0;0;1;13;A01
201100037728;0;7;0;0;0;4;23;A01
201100037728;0;30;0;0;2;1;2;B01
201100037729;0;7;0;0;2;2;12;A01
201100037729;0;7;0;0;2;6;1;B01
201100037730;0;2;0;12;0;1;13;A01
201100037731;0;7;0;0;2;1;15;A01
201100037731;0;30;0;0;2;1;0;B01
201100037732;0;7;0;0;2;1;15;A01
201100037732;0;30;0;0;2;1;1;B01
201100037733;0;7;0;0;1;2;1;A01
201100037734;0;2;0;0;9;4;1;A01
201100037735;0;30;0;0;2;1;0;A01
201100037735;0;7;0;0;2;4;0;B01
201100037736;0;10;0;0;2;7;15;A01
201100037736;0;2;0;0;2;1;1;B01
201100037737;0;33;0;0;2;3;1;B01
201100037737;0;7;0;0;2;3;15;A01
201100037738;0;1;0;0;2;4;2;B01