num_acc;senc;catv;occutc;obs;obsm;choc;manv;num_veh
201100038098;0;3;0;0;2;1;1;A01
201100038098;0;7;0;0;2;3;9;B01
201100038099;0;7;0;0;1;1;1;A01
201100038100;0;31;0;1;0;8;15;B01
201100038100;0;31;0;0;2;1;17;A01
201100038101;0;7;0;1;0;1;1;A01
201100038102;0;7;0;0;2;1;2;A01
201100038102;0;7;0;0;2;4;2;C01
201100038102;0;7;0;0;2;1;1;B01
201100038103;0;30;0;0;2;1;1;B01
201100038103;0;7;0;0;2;2;19;A01
201100038104;0;7;0;0;2;8;10;A01
201100038104;0;32;0;0;2;1;1;B01
201100038105;0;7;0;0;2;2;1;A01
201100038105;0;7;0;0;2;4;1;B01
201100038106;0;2;0;0;2;9;1;B01
201100038106;0;30;0;0;2;9;1;A01
201100038107;0;30;0;0;2;1;18;A01
201100038107;0;7;0;0;2;2;16;B01
201100038108;0;7;0;0;2;0;10;A01
201100038108;0;32;0;0;2;1;1;B01
201100038109;0;30;0;1;0;1;1;A01
201100038110;0;30;0;0;2;1;2;A01
201100038110;0;2;0;0;2;7;23;B01
201100038111;0;7;0;0;2;1;2;A01
201100038111;0;7;0;0;2;4;23;B01
201100038112;0;10;0;0;1;4;23;B01
201100038112;0;7;0;0;2;1;2;A01
201100038113;0;7;0;0;2;2;15;A01
201100038113;0;7;0;0;2;3;1;B01
201100038114;0;2;0;0;2;1;2;A01
201100038114;0;7;0;0;2;4;1;B01
201100038115;0;7;0;0;2;1;2;A01
201100038115;0;7;0;0;2;4;1;C01
201100038115;0;2;0;0;2;4;1;B01
201100038116;0;33;0;0;2;1;1;B01
201100038116;0;7;0;0;2;7;9;A01
201100038117;0;7;0;1;0;1;1;A01
201100038118;0;1;0;0;2;8;2;B01
201100038118;0;13;0;0;2;5;17;A01
201100038119;0;1;0;0;2;7;1;B01
201100038119;0;7;0;0;2;8;9;A01
201100038120;1;7;0;0;0;0;5;A01
201100038120;0;30;0;0;0;0;1;B01
201100038121;0;7;0;0;2;7;6;A01
201100038121;0;7;0;0;2;1;1;B01
201100038122;0;7;0;0;2;1;2;A01
201100038122;0;7;0;0;2;4;1;B01
201100038123;0;7;0;0;2;1;1;B01
201100038123;0;7;0;0;2;7;15;A01
201100038124;0;7;0;1;0;2;1;A01
201100038125;0;7;0;0;2;4;23;B01
201100038125;0;7;0;0;2;1;2;A01
201100038126;0;7;0;0;2;1;1;B01
201100038126;0;7;0;0;2;8;1;A01
201100038127;0;7;0;0;2;7;1;B01
201100038127;0;7;0;0;2;1;9;A01
201100038128;0;7;0;0;2;2;1;B01
201100038128;0;3;0;0;2;1;1;A01
201100038129;0;7;0;0;1;1;1;A01
201100038130;0;7;0;0;2;1;18;A01
201100038131;0;30;0;0;2;1;1;A01
201100038131;0;7;0;0;2;7;1;B01
201100038132;0;30;0;0;2;1;2;A01
201100038132;0;7;0;0;2;4;23;B01
201100038133;0;7;0;0;2;8;1;A01
201100038133;0;7;0;0;2;1;1;B01
201100038134;0;7;0;0;2;1;1;B01
201100038134;0;7;0;0;2;7;15;A01
201100038135;0;7;0;0;2;3;15;B01
201100038135;0;30;0;0;2;5;17;A01
201100038136;0;32;0;0;2;7;17;A01
201100038136;0;7;0;0;2;8;13;B01
201100038137;0;7;0;0;2;1;2;A01
201100038137;0;7;0;0;2;4;23;B01
201100038138;0;7;0;0;2;4;1;B01
201100038138;0;7;0;0;2;1;2;A01
201100038139;0;7;0;0;1;4;4;A01
201100038140;0;7;0;0;2;1;1;B01
201100038140;0;30;0;0;2;1;16;A01
201100038141;0;15;0;2;0;1;1;A01
201100038142;0;7;0;0;2;1;9;A01
201100038142;0;7;0;0;2;7;1;B01
201100038143;0;30;0;0;2;1;18;B01
201100038143;0;7;0;0;2;2;15;A01
201100038144;0;7;0;0;1;1;1;A01
201100038145;0;30;0;0;2;1;1;A01
201100038145;0;7;0;0;2;3;15;B01
201100038146;0;7;0;0;2;6;9;A01
201100038146;0;1;0;0;2;0;1;B01
201100038147;0;7;0;0;2;1;1;A01
201100038147;0;7;0;0;2;1;1;B01
201100038147;0;7;0;0;2;9;1;C01
201100038148;0;7;0;0;2;8;1;B01
201100038148;0;7;0;0;2;3;16;A01
201100038149;0;1;0;0;2;1;1;A01
201100038149;0;7;0;0;2;1;1;B01
201100038150;0;7;0;0;2;1;15;A01
201100038150;0;7;0;0;2;1;1;B01
201100038151;0;32;0;0;2;1;17;A01
201100038151;0;7;0;0;2;3;15;B01
201100038152;0;32;0;0;2;1;15;A01
201100038152;0;2;0;0;2;1;1;B01
201100038153;0;7;0;0;2;3;15;A01
201100038153;0;30;0;0;2;9;1;B01
201100038154;0;7;0;1;0;8;13;A01
201100038155;0;30;0;0;2;8;1;B01
201100038155;0;7;0;0;2;1;15;A01
201100038156;0;7;0;0;2;1;1;A01
201100038156;0;2;0;0;2;8;15;B01
201100038157;0;2;0;0;2;4;23;B01
201100038157;0;7;0;0;2;8;2;A01
201100038158;0;30;0;0;2;1;1;B01
201100038158;0;7;0;0;2;1;15;A01
201100038159;0;13;0;0;2;1;9;A01
201100038159;0;7;0;0;2;6;1;B01
201100038160;0;7;0;0;1;2;1;A01
201100038161;0;17;0;0;2;2;16;A01
201100038161;0;32;0;0;2;1;1;B01
201100038162;0;7;0;0;2;1;1;B01
201100038162;0;1;0;0;2;8;15;A01
201100038163;0;7;0;6;2;7;15;A01
201100038163;0;7;0;0;2;1;1;B01
201100038164;0;7;0;0;1;1;1;A01
201100038165;0;1;0;0;2;8;1;B01
201100038165;0;7;0;0;2;1;16;A01
201100038166;0;1;0;0;2;4;1;B01
201100038166;0;7;0;0;2;1;16;A01
201100038167;0;7;0;0;1;4;4;A01
201100038168;0;7;0;0;2;1;2;A01
201100038168;0;32;0;0;2;4;23;B01
201100038169;0;7;0;0;1;1;15;A01
201100038170;0;7;0;0;1;3;1;A01
201100038171;0;7;0;0;2;8;10;A01
201100038171;0;2;0;0;2;1;17;B01
201100038172;0;7;0;0;2;1;1;A01
201100038172;0;7;0;0;2;1;1;B01
201100038173;0;7;0;0;2;3;15;A01
201100038173;0;3;0;0;2;7;17;B01
201100038174;0;7;0;0;2;1;2;A01
201100038174;0;7;0;0;2;4;1;B01
201100038175;0;7;0;0;2;1;9;A01
201100038175;0;1;0;0;2;2;1;B01
201100038176;0;7;0;0;1;1;1;A01
201100038177;0;7;0;0;1;7;15;A01
201100038178;0;7;0;0;2;4;1;B01
201100038178;0;7;0;0;2;1;2;A01
201100038179;0;32;0;0;2;7;17;A01
201100038179;0;7;0;0;2;3;15;B01
201100038180;0;7;0;0;2;1;15;A01
201100038180;0;2;0;0;2;2;1;B01
201100038181;0;7;0;0;2;8;11;A01
201100038181;0;3;0;0;2;7;1;B01
201100038182;0;7;0;0;2;5;16;B01
201100038182;0;3;0;0;2;1;1;A01
201100038183;0;7;0;0;2;1;23;A01
201100038183;0;1;0;0;2;1;1;B01
201100038184;0;7;0;0;2;1;15;A01
201100038184;0;32;0;0;2;9;1;B01
201100038185;0;7;0;0;2;1;15;A01
201100038185;0;7;0;0;2;8;1;B01
201100038186;0;7;0;0;2;3;23;A01
201100038186;0;37;4;0;2;3;1;B01
201100038187;0;2;0;0;1;1;17;A01
201100038188;0;7;0;0;2;8;15;A01
201100038188;0;30;0;0;2;2;17;B01
201100038189;0;7;0;0;2;1;1;A01
201100038189;0;7;0;0;2;7;1;B01
201100038190;0;7;0;0;2;7;12;A01
201100038190;0;1;0;0;2;3;12;B01
201100038191;0;33;0;0;2;1;1;A01
201100038191;0;7;0;0;2;1;1;B01
201100038192;0;7;0;0;2;1;2;A01
201100038192;0;7;0;0;2;4;23;B01
201100038193;0;7;0;0;2;1;1;B01
201100038193;0;7;0;0;2;2;1;A01
201100038194;0;7;0;0;1;3;15;A01
201100038195;0;1;0;0;2;1;1;B01
201100038195;0;7;0;0;2;2;15;A01
201100038196;0;30;0;0;2;1;1;A01
201100038196;0;7;0;0;2;5;1;B01
201100038197;0;33;0;0;2;8;1;B01
201100038197;0;7;0;0;2;8;1;A01
201100038198;0;7;0;0;2;7;15;A01
201100038198;0;30;0;0;2;1;1;B01
201100038199;0;7;0;0;2;2;15;A01
201100038199;0;7;0;0;2;3;1;B01
201100038200;0;7;0;0;2;1;2;A01
201100038200;0;7;0;0;2;4;1;B01
201100038201;0;15;0;0;2;1;2;A01
201100038201;0;7;0;0;2;4;23;D01
201100038201;0;7;0;0;2;9;23;B01
201100038201;0;7;0;0;2;9;23;C01
201100038202;0;15;0;6;2;1;1;B01
201100038202;0;15;0;0;2;8;1;A01
201100038203;0;7;0;0;2;2;2;A01
201100038203;0;7;0;0;2;6;23;B01
201100038204;0;10;0;0;2;7;15;A01
201100038204;0;33;0;0;2;1;1;B01
201100038205;0;7;0;0;2;1;2;A01
201100038205;0;7;0;0;2;4;2;B01
201100038206;0;7;0;0;2;2;16;A01
201100038206;0;37;1;0;2;3;1;B01
201100038207;0;7;0;0;2;1;1;B01
201100038207;0;7;0;0;2;8;1;A01
201100038208;0;30;0;0;2;1;2;A01
201100038208;0;7;0;0;2;4;23;B01
201100038209;0;7;0;0;1;0;4;A01
201100038210;0;30;0;0;2;1;1;B01
201100038210;0;7;0;0;2;2;15;A01
201100038211;0;7;0;0;2;2;1;A01
201100038211;0;1;0;0;2;1;5;B01
201100038212;0;30;0;0;2;1;2;A01
201100038212;0;7;0;0;2;4;2;B01
201100038213;0;7;0;0;2;8;1;B01
201100038213;0;7;0;0;2;3;1;A01
201100038214;0;7;0;1;0;9;1;A01
201100038214;0;7;0;0;2;3;22;B01
201100038215;0;14;0;0;2;6;2;C01
201100038215;0;7;0;0;2;9;23;B01
201100038215;0;7;0;0;2;1;1;A01
201100038216;0;7;0;0;2;7;15;A01
201100038216;0;2;0;0;2;1;1;B01
201100038217;0;30;0;0;2;3;1;B01
201100038217;0;7;0;0;2;6;1;A01
201100038218;0;7;0;0;2;9;2;B01
201100038218;0;7;0;0;2;1;2;A01
201100038219;0;7;0;0;2;1;2;A01
201100038219;0;7;0;0;2;4;23;B01
201100038220;0;7;0;0;2;1;2;A01
201100038220;0;7;0;0;2;4;23;B01
201100038220;0;7;0;0;2;4;23;D01
201100038220;0;7;0;0;2;4;23;C01
201100038221;0;2;0;0;2;1;1;A01
201100038221;0;7;0;0;2;8;15;B01
201100038222;0;7;0;0;2;1;1;B01
201100038222;0;7;0;0;2;1;13;A01
201100038223;0;7;0;0;1;4;4;A01
201100038224;0;7;0;0;2;7;15;A01
201100038224;0;30;0;0;2;1;1;B01
201100038225;0;7;0;0;1;3;1;A01
201100038226;0;7;0;0;2;1;2;A01
201100038226;0;7;0;0;2;4;23;B01
201100038227;0;13;0;0;2;3;16;A01
201100038227;0;7;0;0;2;7;16;B01
201100038228;0;30;0;0;2;1;1;B01
201100038228;0;7;0;0;2;8;9;A01
201100038229;0;7;0;0;2;3;15;A01
201100038229;0;33;0;0;2;1;18;B01
201100038229;0;7;0;0;2;3;23;C01
201100038230;0;30;0;0;2;7;1;B01
201100038230;0;7;0;0;2;1;9;A01
201100038231;0;7;0;1;1;7;4;A01
201100038232;0;7;0;2;0;1;1;A01
201100038233;0;7;0;7;2;1;14;A01
201100038234;0;2;0;0;2;2;17;A01
201100038234;0;7;0;0;2;8;15;B01
201100038235;0;7;0;0;2;1;15;A01
201100038235;0;2;0;0;2;1;1;B01
201100038236;0;30;0;0;2;1;2;A01
201100038236;0;7;0;0;2;4;23;B01
201100038237;0;7;0;0;2;7;1;B01
201100038237;0;7;0;0;2;7;13;A01
201100038238;0;7;0;0;2;3;15;A01
201100038238;0;2;0;0;2;1;17;B01
201100038239;0;7;0;0;1;2;1;A01
201100038240;0;7;0;0;1;1;1;A01
201100038241;0;7;0;0;2;1;2;A01
201100038241;0;7;0;0;2;4;1;B01
201100038242;0;7;0;0;2;1;2;A01
201100038242;0;7;0;0;2;4;2;B01
201100038243;0;30;0;0;2;9;1;B01
201100038243;0;7;0;0;2;8;15;A01
201100038244;0;7;0;0;1;3;1;A01
201100038245;0;7;0;0;2;4;23;B01
201100038245;0;2;0;0;2;1;2;A01
201100038246;0;7;0;0;2;3;9;A01
201100038246;0;1;0;0;2;2;1;B01
201100038247;0;30;0;0;2;1;1;B01
201100038247;0;7;0;0;2;8;15;A01
201100038248;0;7;0;0;2;7;1;B01
201100038248;0;15;0;0;2;3;9;A01
201100038249;0;7;0;0;2;4;9;B01
201100038249;0;7;0;0;2;1;1;A01
201100038250;0;7;0;0;2;1;1;A01
201100038250;0;10;0;0;2;7;1;B01
201100038251;0;7;0;0;2;1;9;A01
201100038251;0;33;0;0;2;5;1;B01
201100038252;0;7;0;0;1;1;15;A01
201100038253;1;7;0;0;1;2;1;Z01
201100038254;0;7;0;0;2;1;1;B01
201100038254;0;7;0;0;2;3;9;A01
201100038255;1;10;0;0;1;2;1;A01
201100038256;0;7;0;0;2;1;1;B01
201100038256;0;7;0;0;2;7;1;A01
201100038257;0;7;0;0;1;2;1;A01
201100038258;1;7;0;0;2;3;9;Z01
201100038258;0;7;0;0;2;7;1;B01
201100038259;0;7;0;0;2;1;9;A01
201100038259;0;1;0;0;2;7;1;B01
201100038260;0;3;0;0;2;2;14;A01
201100038260;0;7;0;0;2;3;20;B01
201100038261;0;31;0;16;0;7;1;A01
201100038262;0;7;0;0;2;1;2;A01
201100038262;0;7;0;0;2;4;2;C01
201100038262;0;7;0;0;2;4;2;B01
201100038263;0;7;0;0;2;4;2;B01
201100038263;0;7;0;0;2;1;2;A01
201100038264;0;30;0;0;2;1;0;A01
201100038264;0;7;0;0;2;3;0;B01
201100038265;0;30;0;13;0;0;1;A01
201100038266;0;33;0;0;2;1;17;B01
201100038266;0;7;0;0;2;8;11;A01
201100038267;0;7;0;0;1;2;1;A01
201100038268;0;1;0;0;2;1;1;B01
201100038268;0;7;0;0;2;2;15;A01
201100038269;0;33;0;0;2;1;2;A01
201100038269;0;7;0;0;2;4;15;B01
201100038270;0;7;0;0;2;3;9;A01
201100038270;0;10;0;0;2;2;1;B01
201100038271;0;33;0;16;0;0;17;A01
201100038272;0;33;0;0;2;1;17;A01
201100038272;0;7;0;0;2;6;15;B01
201100038273;0;1;0;0;2;1;1;B01
201100038273;0;7;0;0;2;1;15;A01
201100038274;0;7;0;0;2;2;1;B01
201100038274;0;7;0;0;2;3;9;A01
201100038275;0;7;0;0;2;1;2;A01
201100038275;0;7;0;0;0;4;1;B01
201100038276;0;7;0;0;2;3;9;A01
201100038276;0;2;0;0;2;1;1;B01
201100038277;0;7;0;0;2;1;2;A01
201100038277;0;2;0;0;2;4;1;B01
201100038278;0;7;0;0;2;1;1;B01
201100038278;0;7;0;0;2;3;9;A01
201100038279;0;7;0;0;2;8;15;B01
201100038279;0;30;0;0;2;1;17;A01
201100038280;0;7;0;0;2;1;2;A01
201100038280;0;7;0;0;2;4;15;B01
201100038281;0;7;0;15;0;1;1;A01
201100038282;0;2;0;0;2;1;1;B01
201100038282;0;7;0;0;2;8;10;A01
201100038283;0;7;0;13;0;1;14;A01
201100038284;0;7;0;0;2;4;2;C01
201100038284;0;7;0;0;2;1;1;A01
201100038284;0;7;0;0;0;4;1;B01
201100038285;0;7;0;0;2;2;1;A01
201100038286;0;7;0;0;2;1;2;A01
201100038286;0;1;0;0;2;4;1;B01
201100038287;0;33;0;0;2;0;21;B01
201100038287;0;7;0;0;0;0;15;A01
201100038288;0;33;0;0;2;1;2;A01
201100038288;0;7;0;0;2;5;16;B01
201100038289;0;7;0;0;2;3;10;A01
201100038289;0;30;0;0;2;1;1;B01
201100038290;0;7;0;0;2;8;1;B01
201100038290;0;7;0;0;2;1;1;C01
201100038290;0;7;0;0;2;1;13;A01
201100038291;0;30;0;0;2;1;1;B01
201100038291;0;7;0;0;2;2;16;A01
201100038292;0;1;0;0;2;1;1;B01
201100038292;0;7;0;0;2;2;15;A01
201100038293;0;7;0;0;2;4;1;B01
201100038293;0;30;0;0;2;1;2;A01
201100038294;0;2;0;16;0;7;14;A01
201100038295;0;30;0;0;2;1;1;B01
201100038295;0;13;0;0;2;1;15;A01
201100038296;0;7;0;0;2;4;1;C01
201100038296;0;7;0;0;2;4;1;D01
201100038296;0;7;0;0;2;1;2;A01
201100038296;0;7;0;0;2;4;1;B01
201100038297;0;32;0;13;0;0;1;A01
201100038298;0;7;0;0;2;3;15;B01
201100038298;0;2;0;0;2;1;17;A01
201100038299;0;7;0;6;0;3;13;A01
201100038300;0;30;0;16;0;0;15;A01
201100038301;0;2;0;0;2;1;2;A01
201100038301;0;7;0;0;2;4;1;B01
201100038302;0;7;0;0;2;2;15;A01
201100038302;0;1;0;0;2;8;19;B01
201100038303;0;2;0;16;0;0;1;A01
201100038304;0;7;0;13;0;1;14;A01
201100038305;0;7;0;0;2;4;1;C01
201100038305;0;7;0;0;2;4;1;B01
201100038305;0;7;0;0;2;1;2;A01
201100038306;0;7;0;0;1;4;1;B01
201100038306;0;7;0;0;2;1;2;A01
201100038307;0;10;0;0;2;1;2;A01
201100038307;0;33;0;0;2;4;1;C01
201100038307;0;7;0;0;2;4;1;B01
201100038308;0;10;0;0;2;1;2;A01
201100038308;0;7;0;0;2;4;1;B01
201100038309;0;33;0;0;2;1;17;A01
201100038309;0;7;0;0;2;3;15;B01
201100038310;0;32;0;0;2;1;17;A01
201100038310;0;7;0;0;2;1;1;B01
201100038311;0;2;0;12;0;7;14;A01
201100038312;0;7;0;0;2;4;1;B01
201100038312;0;2;0;0;2;1;2;A01
201100038313;0;2;0;0;2;1;1;B01
201100038313;0;7;0;0;2;3;15;A01
201100038314;0;7;0;0;2;4;16;B01
201100038314;0;7;0;0;2;1;1;A01
201100038315;0;2;0;0;2;2;1;B01
201100038315;0;7;0;0;2;3;9;A01
201100038316;0;2;0;0;1;1;17;A01
201100038317;0;7;0;0;2;2;15;B01
201100038317;0;2;0;0;2;1;1;A01
201100038318;0;30;0;0;2;1;1;B01
201100038318;0;7;0;0;2;0;0;A01
201100038319;0;30;0;16;0;0;0;A01
201100038320;0;10;0;0;2;3;13;A01
201100038320;0;7;0;0;2;3;1;B01
201100038321;0;2;0;0;2;1;1;A01
201100038321;0;7;0;0;2;7;1;B01
201100038322;0;7;0;0;2;1;13;A01
201100038322;0;7;0;0;2;3;1;B01
201100038323;0;7;0;0;2;3;13;A01
201100038323;0;7;0;0;2;4;2;B01
201100038324;0;7;0;0;2;1;2;A01
201100038324;0;7;0;0;2;4;3;B01
201100038325;0;2;0;0;1;1;1;A01
201100038326;0;1;0;0;2;1;1;A01
201100038326;0;7;0;0;2;2;16;B01
201100038327;0;2;0;0;2;1;2;A01
201100038327;0;2;0;0;2;4;15;B01
201100038328;0;30;0;0;2;1;17;B01
201100038328;0;7;0;0;2;3;13;A01
201100038329;0;7;0;0;2;1;2;A01
201100038329;0;7;0;0;2;4;2;C01
201100038329;0;7;0;0;2;4;1;B01
201100038329;0;7;0;0;2;4;2;D01
201100038330;0;7;0;0;2;2;15;B01
201100038330;0;33;0;0;2;1;18;A01
201100038331;0;2;0;0;2;7;1;B01
201100038331;0;7;0;0;2;3;9;A01
201100038332;0;7;0;0;2;4;1;B01
201100038332;0;1;0;0;2;1;2;A01
201100038333;0;1;0;0;2;1;3;B01
201100038333;0;7;0;0;2;1;15;A01
201100038334;0;7;0;0;2;3;15;B01
201100038334;0;32;0;0;2;1;17;A01
201100038335;0;7;0;0;2;1;2;A01
201100038335;0;7;0;0;2;4;1;B01
201100038336;0;7;0;0;2;2;2;A01
201100038336;0;30;0;0;2;8;15;B01
201100038337;0;33;0;0;2;7;1;B01
201100038337;0;7;0;0;2;3;15;A01
201100038338;0;30;0;0;2;7;17;A01
201100038338;0;7;0;0;2;8;1;B01
201100038339;0;7;0;0;2;6;15;B01
201100038339;0;30;0;0;2;1;17;A01
201100038340;0;7;0;0;0;0;2;C01
201100038340;0;7;0;0;2;8;1;B01
201100038340;0;34;0;0;2;1;17;A01
201100038341;0;2;0;0;2;1;17;B01
201100038341;0;7;0;0;2;3;9;A01
201100038342;0;7;0;0;2;8;15;A01
201100038342;0;7;0;0;2;1;1;B01
201100038343;0;7;0;0;2;1;1;B01
201100038343;0;7;0;0;2;6;15;A01
201100038344;0;7;0;0;2;1;15;A01
201100038344;0;33;0;0;2;1;2;B01
201100038345;0;7;0;0;2;8;10;A01
201100038345;0;33;0;0;2;1;1;B01
201100038346;0;30;0;0;2;1;2;A01
201100038346;0;7;0;0;2;4;23;B01
201100038347;0;30;0;0;2;7;17;A01
201100038347;0;33;0;0;2;8;11;B01
201100038348;0;1;0;1;0;1;1;B01
201100038348;0;7;0;0;2;8;22;A01
201100038349;0;7;0;0;2;1;2;A01
201100038349;0;7;0;0;2;4;2;B01
201100038350;0;7;0;0;2;4;1;B01
201100038350;0;30;0;0;2;1;2;A01
201100038351;0;7;0;3;0;8;21;A01
201100038352;0;7;0;0;2;1;1;B01
201100038352;0;7;0;0;2;1;5;A01
201100038353;0;7;0;0;2;4;2;B01
201100038353;0;7;0;0;2;1;2;A01
201100038353;0;7;0;0;2;4;2;C01
201100038354;0;7;0;0;1;4;4;A01
201100038355;0;2;0;0;2;1;2;A01
201100038355;0;7;0;0;2;4;2;B01
201100038356;0;30;0;0;1;1;17;A01
201100038357;0;33;0;13;0;0;0;A01
201100038358;0;99;0;0;2;1;1;B01
201100038358;0;7;0;0;2;8;9;A01
201100038359;0;7;0;0;1;4;4;A01
201100038360;0;7;0;0;2;1;1;A01
201100038360;0;1;0;0;2;0;1;B01
201100038361;0;7;0;0;2;1;1;A01
201100038361;0;7;0;0;2;4;2;B01
201100038362;0;7;0;0;2;7;16;A01
201100038362;0;1;0;0;2;1;1;B01
201100038363;0;31;0;0;2;1;2;A01
201100038363;0;7;0;0;2;4;23;B01
201100038364;0;7;0;0;2;2;19;A01
201100038364;0;30;0;0;2;1;1;B01
201100038365;0;7;0;0;0;1;2;A01
201100038365;0;7;0;0;2;4;1;C01
201100038365;0;7;0;0;2;4;1;B01
201100038366;0;7;0;3;0;1;1;A01
201100038367;0;7;0;13;0;0;1;A01
201100038368;0;7;0;15;0;9;21;A01
201100038369;1;7;0;0;1;0;1;Z01
201100038370;0;30;0;0;2;1;13;A01
201100038370;0;7;0;0;2;2;1;B01
201100038371;0;2;0;0;2;1;18;A01
201100038371;0;7;0;0;2;8;15;B01
201100038372;0;32;0;0;2;1;1;B01
201100038372;0;7;0;0;2;2;15;A01
201100038373;0;7;0;0;1;3;13;A01
201100038374;0;30;0;1;0;1;14;A01
201100038375;0;30;0;12;0;0;14;A01
201100038376;0;2;0;0;2;1;17;A01
201100038376;0;7;0;0;2;3;1;B01
201100038377;0;7;0;0;2;1;2;A01
201100038377;0;7;0;0;2;4;1;B01
201100038378;0;31;0;0;2;1;1;B01
201100038378;0;7;0;0;2;3;15;A01
201100038379;0;7;0;0;2;1;1;B01
201100038379;0;7;0;0;2;1;17;A01
201100038380;0;2;0;11;0;1;13;A01
201100038381;0;7;0;8;0;2;14;A01
201100038382;0;7;0;0;2;7;15;A01
201100038382;0;2;0;0;2;1;1;B01
201100038383;0;33;0;0;2;1;17;A01
201100038384;0;2;0;0;2;1;13;A01
201100038384;0;7;0;0;2;3;1;B01
201100038385;0;7;0;13;0;7;14;A01
201100038386;0;33;0;12;0;1;21;A01
201100038387;0;7;0;0;2;2;16;A01
201100038387;0;2;0;0;2;8;1;B01
201100038388;0;33;0;0;2;1;1;B01
201100038388;0;7;0;0;2;3;9;A01
201100038389;0;7;0;12;0;9;1;A01
201100038390;0;7;0;3;2;2;14;A01
201100038390;0;7;0;0;2;1;1;C01
201100038390;0;7;0;0;2;1;1;B01
201100038391;0;2;0;13;0;7;1;A01
201100038392;0;7;0;0;2;8;1;C01
201100038392;0;32;0;0;2;1;2;A01
201100038392;0;7;0;0;2;6;15;B01
201100038393;0;33;0;9;0;1;1;A01
201100038394;0;2;0;0;2;1;13;A01
201100038394;0;7;0;0;2;3;1;B01
201100038395;0;7;0;0;2;3;12;A01
201100038395;0;30;0;0;2;1;23;B01
201100038396;0;31;0;16;0;0;21;B01
201100038396;0;7;0;0;0;0;16;A01
201100038397;0;7;0;0;1;2;1;A01
201100038398;0;2;0;0;2;1;17;A01
201100038398;0;7;0;0;2;2;9;B01
201100038399;0;31;0;0;1;1;1;A01
201100038400;0;7;0;0;2;3;15;A01
201100038400;0;31;0;0;2;1;17;B01
201100038401;0;10;0;0;2;1;1;A01
201100038402;1;32;0;0;1;1;0;Z01
201100038403;0;2;0;0;2;1;18;A01
201100038403;0;7;0;0;2;2;16;B01
201100038404;0;2;0;16;0;9;0;A01
201100038405;0;33;0;0;2;1;13;B01
201100038405;0;7;0;0;2;3;15;A01
201100038406;0;10;0;0;1;4;4;A01
201100038407;0;7;0;0;2;6;2;B01
201100038407;0;2;0;0;2;1;2;A01
201100038408;0;7;0;0;2;1;15;A01
201100038408;0;31;0;0;2;1;1;B01
201100038409;0;7;0;0;2;3;13;A01
201100038409;0;14;0;0;2;8;1;B01
201100038409;0;13;0;0;2;1;1;C01
201100038410;0;7;0;0;2;2;9;A01
201100038410;0;7;0;0;2;3;1;B01
201100038411;0;2;0;0;2;1;1;B01
201100038411;0;7;0;0;2;3;9;A01
201100038412;0;30;0;0;2;1;17;B01
201100038412;0;7;0;0;2;3;9;A01
201100038413;0;7;0;0;2;2;9;Z01
201100038413;0;31;0;0;2;1;1;B01
201100038414;0;7;0;0;2;1;15;A01
201100038414;0;7;0;0;2;8;1;B01
201100038415;0;7;0;0;1;2;1;A01
201100038416;0;3;0;0;1;3;15;A01
201100038417;0;7;0;0;1;6;4;A01
201100038418;0;30;0;16;0;0;21;A01
201100038419;0;7;0;0;1;1;1;A01
201100038420;0;7;0;0;1;4;4;A01
201100038421;0;7;0;0;1;1;1;A01
201100038422;0;10;0;0;1;3;1;A01
201100038423;0;30;0;0;2;1;2;A01
201100038423;0;7;0;0;9;5;2;B01
201100038424;0;7;0;0;2;4;23;B01
201100038424;0;7;0;0;2;1;2;A01
201100038425;0;7;0;0;1;1;15;A01
201100038426;0;33;0;0;0;4;23;B01
201100038426;0;7;0;14;0;1;2;A01
201100038427;0;10;0;0;1;1;1;A01
201100038428;0;10;0;0;1;6;4;A01
201100038429;0;37;11;0;2;1;1;B01
201100038429;0;2;0;0;2;1;13;A01
201100038430;0;30;0;0;1;3;0;A01
201100038431;0;37;0;2;2;7;1;B01
201100038431;0;7;0;0;2;1;1;A01
201100038432;0;7;0;0;1;7;1;A01
201100038433;0;7;0;0;1;2;1;A01
201100038434;0;7;0;0;2;1;15;A01
201100038434;0;7;0;0;2;8;1;B01
201100038435;0;1;0;0;2;1;18;B01
201100038435;0;7;0;0;2;7;15;A01
201100038436;0;3;0;0;1;3;14;A01
201100038437;0;10;0;3;0;1;1;A01
201100038438;0;7;0;0;1;1;1;A01
201100038439;0;7;0;0;2;1;2;B01
201100038439;0;7;0;0;0;4;1;A01
201100038440;0;7;0;0;2;2;1;B01
201100038440;0;7;0;0;2;3;16;A01
201100038441;0;2;0;0;2;1;11;A01
201100038441;0;7;0;0;2;2;1;B01
201100038442;0;7;0;0;9;8;23;C01
201100038442;0;7;0;0;2;1;23;E01
201100038442;0;7;0;0;9;8;23;B01
201100038442;0;7;0;15;2;1;23;D01
201100038442;0;14;0;0;2;0;14;A01
201100038443;0;7;0;0;2;1;1;B01
201100038443;0;7;0;0;2;1;1;A01
201100038444;0;7;0;0;2;7;1;B01
201100038444;0;7;0;0;2;7;15;A01
201100038445;0;7;0;0;1;1;15;A01
201100038446;0;7;0;0;2;3;0;B01
201100038446;0;7;0;0;2;1;0;A01
201100038447;0;7;0;0;0;1;2;A01
201100038448;0;10;0;0;1;1;2;A01