num_acc;senc;catv;occutc;obs;obsm;choc;manv;num_veh
201100038449;0;7;0;1;0;4;14;A01
201100038449;0;7;0;0;0;4;24;B01
201100038450;0;31;0;0;2;1;0;A01
201100038450;0;7;0;0;0;8;19;B01
201100038451;0;7;0;5;1;1;13;A01
201100038452;0;7;0;0;2;1;19;B01
201100038452;0;7;0;12;2;2;19;A01
201100038453;0;7;0;0;2;4;2;B01
201100038453;0;7;0;;2;1;2;A01
201100038454;0;7;0;0;2;1;9;A01
201100038454;0;2;0;0;2;7;0;B01
201100038455;0;1;0;0;0;4;2;B01
201100038455;1;7;0;0;2;2;2;A01
201100038456;1;7;0;0;1;4;4;A01
201100038457;0;7;0;14;0;1;2;A01
201100038458;0;2;0;0;2;1;1;B01
201100038458;0;7;0;0;2;8;15;A01
201100038459;0;1;0;0;2;1;0;B01
201100038459;0;7;0;0;2;3;9;A01
201100038460;0;7;0;0;2;2;0;A01
201100038460;0;30;0;0;2;5;0;B01
201100038461;0;7;0;0;1;1;1;A01
201100038462;2;7;0;0;2;1;1;A01
201100038462;0;7;0;0;2;1;1;B01
201100038463;0;7;0;0;2;1;2;A01
201100038463;0;7;0;0;2;4;2;B01
201100038464;0;7;0;0;2;8;20;A01
201100038464;0;7;0;0;2;7;2;B01
201100038465;0;7;0;1;0;1;1;A01
201100038466;0;7;0;0;1;1;15;A01
201100038467;0;2;0;0;2;1;1;A01
201100038467;0;7;0;0;2;5;1;B01
201100038468;0;7;0;0;2;1;1;A01
201100038468;0;7;0;0;2;4;23;B01
201100038469;0;7;0;0;1;2;1;A01
201100038470;0;7;0;0;1;3;15;A01
201100038471;0;7;0;0;2;1;15;A01
201100038471;0;33;0;0;2;1;1;B01
201100038472;0;10;0;3;2;6;2;B01
201100038472;0;10;0;3;2;1;2;D01
201100038472;0;7;0;0;2;1;17;A01
201100038472;0;7;0;0;2;8;2;C01
201100038473;0;7;0;15;0;1;1;A01
201100038474;0;2;0;0;2;1;1;B01
201100038474;0;7;0;0;2;7;10;A01
201100038475;0;7;0;0;9;3;15;B01
201100038475;0;2;0;0;2;2;17;A01
201100038476;0;7;0;0;2;7;15;A01
201100038476;0;2;0;0;2;1;1;B01
201100038477;0;7;0;0;2;8;15;A01
201100038477;0;31;0;0;2;1;1;B01
201100038478;0;1;0;0;0;8;16;B01
201100038478;0;7;0;0;9;7;12;A01
201100038479;0;7;0;0;9;1;15;A01
201100038479;0;1;0;0;2;7;1;B01
201100038480;0;7;0;0;2;5;9;A01
201100038480;0;33;0;0;2;1;1;B01
201100038481;0;7;0;1;1;1;1;A01
201100038482;0;30;0;0;2;1;17;A01
201100038482;0;7;0;0;2;8;15;B01
201100038483;0;30;0;0;1;1;1;A01
201100038484;0;7;0;0;1;1;1;A01
201100038485;0;1;0;0;2;0;16;B01
201100038485;0;7;0;0;9;1;1;A01
201100038486;0;7;0;2;0;1;1;A01
201100038487;0;7;0;8;0;1;0;A01
201100038488;0;7;0;0;0;9;0;A01
201100038489;0;2;0;14;0;1;16;A01
201100038490;0;37;1;0;9;7;17;A01
201100038490;0;1;0;0;2;8;2;B01
201100038491;0;7;0;0;9;2;15;A01
201100038491;0;30;0;0;2;1;1;B01
201100038492;0;30;0;0;2;1;13;A01
201100038492;0;10;0;0;2;1;1;B01
201100038493;0;1;0;0;2;7;2;B01
201100038493;0;7;0;0;9;7;2;A01
201100038494;0;7;0;1;0;1;1;A01
201100038495;0;7;0;0;1;3;1;A01
201100038496;0;7;0;0;0;9;1;A01
201100038497;0;7;0;0;2;2;2;A01
201100038497;0;1;0;0;2;4;2;B01
201100038498;0;10;0;0;1;1;15;A01
201100038499;0;7;0;0;2;1;1;B01
201100038499;0;7;0;0;2;7;0;A01
201100038500;0;7;0;0;2;4;23;B01
201100038500;0;7;0;0;2;1;2;A01
201100038500;0;7;0;0;1;4;23;C01
201100038501;0;7;0;0;2;1;1;A01
201100038501;0;7;0;0;2;3;15;B01
201100038502;0;7;0;0;2;1;15;B01
201100038502;0;7;0;0;2;1;16;A01
201100038503;0;1;0;0;2;7;1;B01
201100038503;0;7;0;0;2;1;16;A01
201100038504;0;31;0;12;0;8;1;A01
201100038505;0;7;0;0;1;1;16;A01
201100038506;0;33;0;0;2;1;1;B01
201100038506;0;7;0;0;2;3;9;A01
201100038507;0;7;0;0;1;2;15;A01
201100038508;0;7;0;13;0;9;17;A01
201100038509;0;7;0;0;2;4;4;A01
201100038509;0;7;0;0;2;7;1;B01
201100038510;0;7;0;0;0;4;2;B01
201100038510;0;7;0;0;2;4;1;A01
201100038511;0;7;0;0;2;1;0;A01
201100038511;0;33;0;0;2;8;1;B01
201100038512;0;7;0;0;1;7;1;A01
201100038513;0;2;0;0;2;1;1;B01
201100038513;0;7;0;0;2;8;15;A01
201100038514;0;33;0;0;2;1;13;A01
201100038514;0;7;0;0;2;2;1;B01
201100038515;0;7;0;0;2;3;13;A01
201100038515;0;7;0;0;2;3;1;B01
201100038516;0;15;0;0;0;6;23;C01
201100038516;0;38;1;0;0;5;2;B01
201100038516;0;33;0;1;2;1;2;A01
201100038517;0;30;0;0;2;3;1;B01
201100038517;0;7;0;0;2;2;10;A01
201100038518;0;7;0;0;2;8;15;A01
201100038518;0;7;0;0;2;1;1;B01
201100038519;0;7;0;0;2;3;17;A01
201100038519;0;33;0;0;2;1;1;B01
201100038520;0;33;0;0;0;8;0;A01
201100038521;0;1;0;0;2;0;9;A01
201100038521;0;17;0;0;2;0;1;B01
201100038522;0;7;0;0;2;1;1;B01
201100038522;0;7;0;0;2;1;15;A01
201100038523;0;1;0;0;2;7;1;B01
201100038523;0;7;0;0;2;1;16;A01
201100038524;0;30;0;0;2;7;14;A01
201100038524;0;7;0;0;2;8;2;B01
201100038525;0;7;0;0;1;1;15;A01
201100038526;0;7;0;0;2;7;1;C01
201100038526;0;7;0;0;2;3;13;A01
201100038526;0;7;0;0;2;3;1;B01
201100038527;0;7;0;0;2;6;15;A01
201100038527;0;7;0;6;0;1;1;B01
201100038528;0;7;0;0;1;2;1;A01
201100038529;0;7;0;1;2;0;1;B01
201100038529;0;7;0;0;2;6;1;A01
201100038530;0;1;0;0;2;1;15;A01
201100038530;0;7;0;0;9;3;1;B01
201100038531;0;17;0;0;1;1;1;A01
201100038532;0;32;0;0;2;1;1;A01
201100038532;0;7;0;0;2;8;15;B01
201100038533;0;1;0;0;9;8;1;B01
201100038533;0;30;0;0;9;7;17;A01
201100038534;0;32;0;0;2;1;1;B01
201100038534;0;7;0;0;2;2;15;A01
201100038535;0;7;0;0;1;4;4;A01
201100038536;0;7;0;2;0;1;0;A01
201100038537;0;7;0;0;1;3;0;A01
201100038538;0;7;0;0;0;7;1;A01
201100038538;0;33;0;0;0;8;1;B01
201100038539;0;7;0;0;2;8;1;B01
201100038539;0;7;0;0;2;3;15;A01
201100038540;0;7;0;8;0;0;0;A01
201100038541;0;7;0;0;2;8;1;B01
201100038541;0;2;0;0;2;1;1;A01
201100038542;0;7;0;0;9;4;1;B01
201100038542;0;1;0;0;2;1;2;A01
201100038543;0;7;0;2;0;1;0;A01
201100038544;0;7;0;0;2;4;15;B01
201100038544;0;7;0;0;2;1;2;A01
201100038545;0;7;0;0;1;1;1;A01
201100038546;0;33;0;0;2;1;1;B01
201100038546;0;7;0;0;2;3;15;A01
201100038547;0;1;0;0;2;2;1;A01
201100038547;0;7;0;0;2;3;1;B01
201100038548;1;7;0;0;1;0;1;A01
201100038549;0;7;0;6;2;3;19;A01
201100038549;0;10;0;0;2;2;1;B01
201100038550;0;7;0;0;2;9;0;B01
201100038550;0;7;0;0;2;1;1;A01
201100038550;0;7;0;0;2;4;0;C01
201100038551;0;7;0;0;2;7;11;A01
201100038551;0;7;0;0;2;1;1;B01
201100038552;0;7;0;0;2;3;1;B01
201100038552;0;7;0;0;2;1;19;A01
201100038553;0;7;0;0;2;1;1;A01
201100038553;0;7;0;0;2;2;15;B01
201100038554;0;7;0;0;1;2;1;A01
201100038555;0;7;0;0;1;1;1;A01
201100038556;0;2;0;0;2;1;1;B01
201100038556;0;7;0;0;2;3;15;A01
201100038557;0;7;0;0;2;4;23;B01
201100038557;0;7;0;0;2;1;1;A01
201100038557;0;7;0;0;2;4;23;C01
201100038558;0;1;0;0;2;5;1;B01
201100038558;0;7;0;0;2;3;1;A01
201100038559;0;7;0;0;2;4;23;C01
201100038559;0;10;0;0;2;4;23;B01
201100038559;0;7;0;0;2;1;1;A01
201100038560;0;7;0;0;2;7;1;B01
201100038560;0;7;0;0;2;1;9;A01
201100038561;0;7;0;0;2;3;15;A01
201100038561;0;33;0;0;2;8;1;B01
201100038562;0;7;0;0;2;8;17;A01
201100038562;0;2;0;0;2;1;17;B01
201100038563;0;7;0;0;2;8;1;B01
201100038563;0;7;0;0;2;1;1;A01
201100038564;0;7;0;0;2;3;19;B01
201100038564;0;31;0;0;2;1;1;A01
201100038565;0;7;0;0;2;1;1;B01
201100038565;0;2;0;0;2;1;1;A01
201100038566;0;7;0;0;2;1;1;B01
201100038566;0;7;0;0;2;1;15;A01
201100038567;0;2;0;0;2;1;1;B01
201100038567;2;7;0;0;2;2;15;A01
201100038568;0;7;0;0;2;1;13;A01
201100038568;0;7;0;0;2;3;1;B01
201100038569;0;7;0;0;1;1;21;A01
201100038570;0;7;0;0;2;4;23;B01
201100038570;0;7;0;0;2;4;23;C01
201100038570;0;7;0;0;2;1;1;A01
201100038571;0;7;0;0;1;1;21;A01
201100038572;0;7;0;0;2;1;13;A01
201100038572;0;7;0;0;2;1;1;B01
201100038573;0;7;0;0;1;3;1;A01
201100038574;0;7;0;0;1;8;1;A01
201100038575;0;30;0;0;2;1;1;B01
201100038575;0;30;0;0;2;1;15;A01
201100038576;0;33;0;0;2;1;1;B01
201100038576;0;7;0;0;2;3;15;A01
201100038577;0;10;0;0;2;4;23;B01
201100038577;0;7;0;0;2;1;2;A01
201100038578;0;7;0;0;2;8;9;A01
201100038578;0;31;0;0;2;8;1;B01
201100038579;0;2;0;0;2;8;2;A01
201100038579;0;7;0;0;2;7;1;B01
201100038580;0;7;0;0;2;2;15;A01
201100038580;0;7;0;0;2;1;1;B01
201100038581;0;7;0;0;1;1;1;A01
201100038582;0;7;0;0;2;8;1;B01
201100038582;0;15;0;0;2;7;1;A01
201100038583;0;30;0;0;2;1;1;B01
201100038583;1;7;0;0;2;1;11;Z01
201100038583;0;10;0;0;2;8;1;C01
201100038584;2;7;0;0;1;2;1;A01
201100038585;0;3;0;0;2;4;1;B01
201100038585;0;7;0;0;2;1;1;A01
201100038586;0;2;0;0;2;1;2;A01
201100038586;0;7;0;0;2;4;2;B01
201100038587;0;7;0;3;2;4;13;A01
201100038587;0;7;0;0;2;1;17;B01
201100038588;0;7;0;0;2;2;1;A01
201100038588;0;7;0;0;2;1;1;B01
201100038589;0;7;0;0;2;1;1;B01
201100038589;0;7;0;0;2;1;5;A01
201100038590;0;7;0;0;2;5;1;B01
201100038590;0;7;0;0;2;1;21;A01
201100038591;0;7;0;0;2;4;1;B01
201100038591;0;7;0;0;2;1;1;A01
201100038592;0;7;0;0;2;3;1;B01
201100038592;0;7;0;0;2;2;1;A01
201100038593;0;7;0;0;2;3;1;B01
201100038593;0;7;0;0;2;2;15;A01
201100038594;0;30;0;0;2;7;17;A01
201100038594;0;7;0;0;2;8;15;B01
201100038595;0;7;0;0;1;2;1;A01
201100038596;0;7;0;0;2;1;1;B01
201100038596;0;7;0;0;2;3;13;A01
201100038597;0;7;0;0;2;5;15;B01
201100038597;0;30;0;0;2;1;1;A01
201100038598;0;7;0;0;2;1;2;A01
201100038598;0;7;0;0;2;4;2;B01
201100038598;0;7;0;0;2;4;2;C01
201100038599;0;7;0;0;2;2;15;A01
201100038599;0;7;0;0;2;3;1;B01
201100038600;1;30;0;0;1;0;0;Z01
201100038601;0;7;0;0;2;3;19;A01
201100038601;0;33;0;0;2;1;1;B01
201100038602;0;7;0;0;2;3;1;B01
201100038602;0;7;0;0;2;1;1;A01
201100038603;0;7;0;0;1;2;1;A01
201100038604;0;7;0;0;2;8;1;B01
201100038604;0;32;0;0;2;1;1;A01
201100038605;0;7;0;0;2;5;1;B01
201100038605;0;2;0;0;2;1;9;A01
201100038606;0;7;0;0;2;2;1;A01
201100038606;0;7;0;0;2;3;1;B01
201100038607;0;10;0;0;1;1;15;A01
201100038608;1;7;0;0;1;1;1;Z01
201100038609;0;7;0;0;1;1;1;A01
201100038609;0;7;0;0;1;4;1;B01
201100038610;0;7;0;0;1;2;1;A01
201100038611;0;7;0;0;2;6;1;B01
201100038611;0;7;0;0;2;1;1;A01
201100038612;0;7;0;0;2;4;2;A01
201100038612;0;33;0;0;2;1;2;B01
201100038613;0;33;0;0;2;1;21;B01
201100038613;0;7;0;0;2;5;12;A01
201100038614;0;7;0;0;2;1;21;B01
201100038614;0;7;0;0;2;2;1;A01
201100038615;0;7;0;0;2;4;2;B01
201100038615;0;34;0;0;2;1;2;A01
201100038616;0;7;0;0;2;8;1;B01
201100038616;0;7;0;0;2;2;14;A01
201100038617;1;7;0;0;2;0;18;Z01
201100038617;0;7;0;0;2;7;12;B01
201100038617;0;7;0;0;2;2;1;C01
201100038618;0;7;0;0;1;4;4;A01
201100038619;0;32;0;0;2;1;1;A01
201100038619;0;7;0;0;2;8;19;B01
201100038620;0;7;0;0;2;1;1;A01
201100038620;0;7;0;0;2;4;23;B01
201100038621;0;7;0;0;0;4;1;B01
201100038621;0;7;0;0;2;1;1;A01
201100038622;0;7;0;0;2;1;21;B01
201100038622;0;2;0;0;2;7;15;A01
201100038623;0;32;0;0;2;1;1;B01
201100038623;0;7;0;0;2;2;1;A01
201100038624;0;7;0;0;2;2;17;A01
201100038624;0;32;0;0;2;1;21;B01
201100038625;0;7;0;0;2;1;1;A01
201100038625;0;7;0;0;2;4;1;B01
201100038626;0;7;0;0;1;3;15;A01
201100038627;0;7;0;0;1;1;16;A01
201100038628;0;30;0;0;2;1;5;A01
201100038628;0;7;0;0;2;7;1;B01
201100038629;0;33;0;0;2;1;21;B01
201100038629;0;7;0;0;2;2;15;A01
201100038630;0;7;0;0;2;2;1;A01
201100038630;0;30;0;0;2;1;21;B01
201100038631;0;7;0;0;2;1;2;A01
201100038631;0;33;0;0;2;4;2;B01
201100038632;0;7;0;0;2;4;23;B01
201100038632;0;17;0;0;2;1;1;A01
201100038633;0;7;0;0;1;3;15;A01
201100038634;0;30;0;0;2;8;7;B01
201100038634;0;7;0;0;2;7;16;A01
201100038635;0;7;0;0;2;1;1;B01
201100038635;0;1;0;0;2;1;13;A01
201100038636;0;32;0;0;2;1;7;B01
201100038636;0;7;0;0;2;7;16;A01
201100038637;0;15;0;0;2;2;14;A01
201100038637;0;7;0;3;2;3;1;B01
201100038638;0;7;0;0;2;1;1;B01
201100038638;0;7;0;0;2;1;13;A01
201100038639;0;7;0;0;2;1;1;A01
201100038639;0;7;0;0;2;4;1;B01
201100038640;0;7;0;0;2;1;23;B01
201100038640;0;7;0;0;2;3;23;C01
201100038640;0;7;0;0;2;1;15;A01
201100038641;0;2;0;0;2;1;21;B01
201100038641;0;7;0;0;2;3;10;A01
201100038642;0;30;0;0;2;1;17;A01
201100038642;0;7;0;0;2;3;15;B01
201100038643;0;33;0;0;2;7;1;A01
201100038643;0;7;0;0;2;1;2;B01
201100038644;0;7;0;0;2;1;1;B01
201100038644;0;7;0;0;2;1;15;A01
201100038645;0;7;0;0;2;2;1;A01
201100038645;0;7;0;0;2;1;1;B01
201100038646;0;7;0;0;2;1;1;B01
201100038646;0;7;0;0;2;6;1;A01
201100038647;0;7;0;0;1;1;8;A01
201100038648;0;7;0;0;1;8;1;A01
201100038649;0;7;0;0;2;1;1;B01
201100038649;2;7;0;0;9;9;0;A01
201100038650;0;32;0;0;2;1;21;B01
201100038650;0;7;0;0;2;2;15;A01
201100038651;0;7;0;0;1;2;1;A01
201100038652;0;1;0;1;0;1;1;B01
201100038652;0;7;0;0;2;8;24;A01
201100038653;0;7;0;6;0;1;1;A01
201100038654;0;33;0;0;2;8;1;B01
201100038654;0;7;0;0;2;7;12;A01
201100038655;0;7;0;0;1;1;16;A01
201100038656;0;7;0;0;1;1;15;A01
201100038657;0;2;0;0;2;2;1;B01
201100038657;0;7;0;0;2;3;9;A01
201100038658;0;7;0;0;2;1;1;B01
201100038658;0;3;0;0;2;3;19;A01
201100038659;0;7;0;0;2;2;1;A01
201100038659;0;1;0;0;2;4;1;B01
201100038660;0;7;0;0;2;8;15;A01
201100038660;0;7;0;0;2;3;1;B01
201100038661;0;7;0;0;2;3;15;A01
201100038661;0;7;0;0;2;3;1;B01
201100038662;0;7;0;0;2;1;1;A01
201100038662;0;7;0;0;2;4;23;B01
201100038662;0;7;0;0;2;4;23;C01
201100038663;0;7;0;0;2;4;23;B01
201100038663;0;10;0;0;2;1;1;A01
201100038664;0;7;0;0;2;4;23;B01
201100038664;0;7;0;0;2;1;2;A01
201100038665;0;33;0;0;2;1;1;A01
201100038665;0;10;0;0;2;3;1;B01
201100038666;0;7;0;0;1;6;1;A01
201100038667;0;7;0;0;2;5;15;B01
201100038667;0;30;0;0;2;1;2;A01
201100038668;0;7;0;0;2;1;1;B01
201100038668;0;7;0;0;2;3;13;A01
201100038669;0;32;0;0;2;1;21;B01
201100038669;0;7;0;0;2;7;15;A01
201100038670;0;7;0;0;1;1;15;A01
201100038671;0;7;0;0;1;0;1;A01
201100038672;0;30;0;0;2;7;1;B01
201100038672;0;7;0;0;2;1;0;A01
201100038673;0;7;0;0;1;2;0;A01
201100038674;0;7;0;0;2;2;1;B01
201100038674;0;7;0;0;2;3;1;A01
201100038675;0;7;0;0;2;2;1;B01
201100038675;0;1;0;0;2;1;0;A01
201100038676;0;7;0;0;2;7;16;A01
201100038676;0;2;0;0;2;1;1;B01
201100038677;0;14;0;0;2;2;9;A01
201100038677;0;7;0;0;2;3;1;B01
201100038678;0;10;0;0;2;6;19;A01
201100038678;0;32;0;0;2;1;1;B01
201100038679;0;2;0;0;2;1;16;A01
201100038679;0;7;0;0;2;3;1;B01
201100038680;0;7;0;0;1;1;1;A01
201100038681;0;33;0;0;2;1;1;B01
201100038681;0;36;0;0;2;6;19;A01
201100038682;0;7;0;0;2;1;1;A01
201100038682;0;7;0;0;2;4;1;B01
201100038683;0;7;0;0;2;1;1;B01
201100038683;0;7;0;0;2;1;15;A01
201100038684;0;7;0;0;2;4;1;B01
201100038684;0;7;0;0;2;1;1;A01
201100038685;0;7;0;12;0;1;1;A01
201100038686;0;7;0;0;2;1;5;A01
201100038686;0;2;0;0;2;1;21;B01
201100038687;0;33;0;0;2;8;15;B01
201100038687;0;7;0;0;2;1;15;A01
201100038688;0;31;0;0;1;1;1;A01
201100038689;0;7;0;0;1;7;1;A01
201100038690;1;7;0;0;1;3;13;Z01
201100038691;0;7;0;0;2;8;9;A01
201100038691;0;7;0;0;2;1;1;B01
201100038692;0;7;0;0;2;2;15;A01
201100038692;0;34;0;0;2;8;1;B01
201100038693;0;2;0;0;2;8;1;B01
201100038693;1;7;0;0;2;2;10;Z01
201100038694;0;7;0;0;2;3;1;B01
201100038694;0;2;0;0;2;1;13;A01
201100038695;0;7;0;1;0;2;14;A01
201100038696;0;7;0;0;1;1;1;A01
201100038697;0;7;0;0;1;1;1;A01
201100038698;0;2;0;0;2;1;5;A01
201100038698;0;7;0;0;2;1;21;B01
201100038699;0;30;0;0;2;7;1;B01
201100038699;0;7;0;0;2;3;9;A01
201100038700;0;7;0;0;1;1;1;A01
201100038701;0;30;0;0;2;1;1;B01
201100038701;0;7;0;0;2;7;9;A01
201100038702;0;7;0;0;1;3;1;A01
201100038703;0;7;0;0;2;8;1;B01
201100038703;0;7;0;0;2;7;1;A01
201100038704;1;7;0;0;1;8;1;Z01
201100038705;0;30;0;0;2;7;17;A01
201100038705;0;7;0;0;2;8;15;B01
201100038706;0;7;0;0;2;1;15;A01
201100038706;0;7;0;0;2;1;21;B01
201100038707;0;30;0;0;2;1;1;B01
201100038707;0;7;0;0;2;1;9;A01
201100038708;0;7;0;0;1;4;4;A01
201100038709;0;7;0;0;2;4;23;B01
201100038709;0;7;0;0;2;1;21;A01
201100038710;0;7;0;0;2;3;1;A01
201100038710;0;7;0;0;2;3;16;B01
201100038711;0;7;0;0;2;1;15;A01
201100038711;0;7;0;0;2;1;1;B01
201100038712;0;7;0;0;1;1;1;A01
201100038713;0;7;0;0;2;7;17;A01
201100038713;0;1;0;0;2;8;1;B01
201100038714;0;7;0;0;2;3;0;A01
201100038714;0;33;0;0;2;1;1;B01
201100038715;0;7;0;0;2;3;1;B01
201100038715;0;1;0;0;2;2;15;A01
201100038716;0;33;0;0;2;1;1;B01
201100038716;0;7;0;0;2;7;15;A01
201100038717;0;2;0;0;2;7;1;A01
201100038717;0;7;0;0;2;1;15;B01
201100038718;0;7;0;0;1;1;1;A01
201100038719;0;7;0;0;2;8;13;A01
201100038719;0;2;0;0;2;7;1;B01
201100038720;0;7;0;0;2;1;1;B01
201100038720;0;7;0;6;2;1;13;A01
201100038721;0;1;0;0;9;3;15;A01
201100038721;0;1;0;0;9;2;2;B01
201100038722;0;7;0;0;2;1;11;A01
201100038722;0;7;0;0;2;1;0;B01
201100038723;0;7;0;0;2;1;1;B01
201100038723;0;7;0;0;2;3;13;C01
201100038723;0;7;0;0;2;3;5;A01
201100038724;1;7;0;1;0;9;1;A01
201100038725;0;7;0;0;2;1;0;C01
201100038725;0;7;0;0;2;3;0;B01
201100038725;0;7;0;0;2;3;13;A01
201100038726;0;7;0;0;9;1;2;A01
201100038726;0;1;0;0;2;4;13;B01
201100038727;0;7;0;0;2;3;1;B01
201100038727;0;7;0;0;2;1;15;A01
201100038728;0;33;0;15;0;1;6;A01
201100038729;0;1;0;0;2;8;11;A01
201100038729;0;15;0;0;9;1;1;B01
201100038730;0;10;0;0;1;4;4;A01
201100038731;0;7;0;0;2;3;1;B01
201100038731;0;7;0;0;2;6;19;A01
201100038732;0;7;0;0;1;1;2;A01
201100038732;0;10;0;0;2;4;23;B01
201100038732;0;10;0;14;2;4;23;C01
201100038733;0;7;0;0;1;3;17;A01
201100038734;1;99;0;0;2;0;0;B01
201100038734;0;7;0;0;2;2;0;A01
201100038735;0;10;0;0;1;4;0;A01
201100038736;0;7;0;0;1;2;15;A01
201100038737;0;10;0;0;1;6;4;A01
201100038738;0;36;0;0;2;3;0;B01
201100038738;0;30;0;0;2;1;5;A01
201100038739;0;7;0;1;0;1;2;A01
201100038739;0;7;0;0;0;4;23;B01
201100038740;0;7;0;3;0;9;6;A01
201100038741;0;7;0;0;2;8;10;A01
201100038741;0;7;0;12;2;2;1;B01
201100038742;0;7;0;0;9;8;22;A01
201100038742;0;1;0;1;0;7;1;B01
201100038743;0;2;0;0;2;8;10;A01
201100038743;0;7;0;0;2;1;17;B01
201100038744;0;7;0;0;2;9;2;B01
201100038744;0;7;0;0;0;4;2;C01
201100038744;0;7;0;0;2;1;2;A01
201100038745;0;10;0;0;2;2;0;B01
201100038745;0;31;0;0;2;2;1;A01
201100038746;0;7;0;0;2;1;15;A01
201100038746;0;7;0;0;2;8;1;B01
201100038747;0;7;0;9;0;1;15;A01
201100038748;0;7;0;0;2;3;1;A01
201100038748;0;7;0;0;2;8;1;B01
201100038749;0;7;0;0;1;1;15;A01
201100038750;0;30;0;0;2;1;2;A01
201100038750;0;7;0;0;2;4;1;B01
201100038751;0;7;0;0;2;1;1;A01
201100038751;0;1;0;0;2;7;19;B01
201100038752;0;30;0;0;2;1;2;A01
201100038752;0;7;0;0;2;5;23;B01
201100038753;0;7;0;0;2;7;1;B01
201100038753;0;2;0;0;2;1;1;A01
201100038754;0;7;0;9;0;1;1;A01
201100038755;0;7;0;0;2;1;15;A01
201100038755;0;7;0;0;2;7;1;B01
201100038756;0;40;0;0;1;2;1;A01
201100038757;0;14;0;0;2;5;15;A01
201100038757;0;30;0;0;2;1;1;B01
201100038758;0;7;0;0;2;6;15;A01
201100038758;0;1;0;0;2;1;1;B01
201100038759;0;7;0;0;2;4;1;B01
201100038759;0;7;0;0;2;1;1;C01
201100038759;0;7;0;0;2;1;1;A01
201100038759;0;7;0;0;2;0;1;D01
201100038760;0;7;0;0;1;0;16;A01
201100038761;0;7;0;0;2;4;23;C01
201100038761;0;7;0;0;2;4;2;B01
201100038761;0;7;0;0;2;1;2;A01
201100038762;0;7;0;1;2;8;22;A01
201100038762;0;1;0;0;2;1;1;B01
201100038763;0;7;0;0;1;3;1;A01
201100038764;0;10;0;0;1;4;4;A01
201100038765;0;7;0;0;1;2;1;A01
201100038766;0;7;0;0;1;1;1;A01
201100038767;0;7;0;0;2;4;1;B01
201100038767;0;7;0;2;2;1;1;A01
201100038768;0;1;0;0;1;1;1;A01
201100038769;0;7;0;0;1;1;1;A01
201100038770;0;2;0;0;2;7;1;B01
201100038770;0;7;0;0;2;1;10;A01
201100038771;1;2;0;0;1;1;19;A01
201100038772;0;7;0;0;1;1;1;A01
201100038773;0;2;0;0;2;1;15;A01
201100038773;0;7;0;0;2;1;1;B01
201100038774;0;15;0;0;2;3;16;A01
201100038774;0;1;0;0;2;7;1;B01
201100038775;0;7;0;0;1;1;1;A01
201100038776;0;7;0;1;0;1;1;A01
201100038777;0;1;0;0;2;4;1;B01
201100038777;0;7;0;0;2;8;15;A01
201100038778;0;7;0;0;2;4;1;E01
201100038778;0;7;0;0;2;1;1;A01
201100038778;0;10;0;0;2;4;1;D01
201100038778;0;7;0;0;2;4;1;C01
201100038778;0;7;0;0;2;4;1;B01
201100038779;0;7;0;0;2;4;15;B01
201100038779;0;7;0;0;2;1;15;A01
201100038780;0;7;0;0;1;1;15;A01
201100038781;0;7;0;0;1;2;1;A01
201100038782;0;1;0;1;1;1;1;A01
201100038783;0;33;0;0;2;8;1;B01
201100038783;1;7;0;0;2;2;16;A01
201100038784;0;7;0;0;1;1;1;A01
201100038785;0;10;0;0;2;7;1;A01
201100038785;0;1;0;0;2;1;1;B01
201100038786;0;10;0;0;2;7;1;A01
201100038786;0;7;0;0;2;6;1;B01
201100038787;0;7;0;0;2;4;23;B01
201100038787;0;2;0;0;2;1;1;A01
201100038788;0;1;0;0;2;1;16;B01
201100038788;0;7;0;0;2;3;15;A01
201100038789;0;7;0;0;2;1;1;B01
201100038789;0;7;0;0;2;5;15;A01
201100038790;0;1;0;0;2;2;1;A01
201100038790;0;7;0;0;2;1;15;B01
201100038791;0;1;0;0;2;2;1;A01
201100038791;0;7;0;0;2;1;16;B01
201100038792;0;7;0;0;2;7;17;A01
201100038792;0;14;0;0;2;6;1;B01
201100038793;0;7;0;0;2;1;1;A01
201100038793;0;33;0;0;2;4;1;B01
201100038794;0;7;0;2;0;1;1;A01
201100038795;0;30;0;0;2;1;1;B01
201100038795;0;7;0;0;2;3;9;A01
201100038796;0;7;0;0;2;1;1;A01
201100038796;0;7;0;0;2;1;15;B01
201100038797;0;1;0;1;0;1;1;B01
201100038797;0;7;0;0;2;7;22;A01
201100038798;0;7;0;0;2;2;15;A01
201100038798;0;34;0;0;2;8;1;B01
201100038799;0;7;0;0;2;3;1;B01
201100038799;0;15;0;0;2;5;17;A01
201100038800;0;1;0;0;2;1;1;B01
201100038800;1;7;0;0;2;8;1;A01
201100038801;0;7;0;0;2;1;1;A01
201100038802;0;7;0;0;1;5;1;A01
201100038803;0;7;0;0;1;3;1;A01
201100038804;0;7;0;0;2;1;1;A01
201100038804;0;7;0;0;2;4;23;B01
201100038805;0;7;0;0;2;8;1;B01
201100038805;0;7;0;0;2;7;1;A01
201100038806;0;1;0;0;2;8;15;B01
201100038806;0;7;0;0;2;1;1;A01
201100038807;0;7;0;0;2;1;1;B01
201100038807;0;30;0;0;2;7;1;A01
201100038808;0;7;0;0;1;4;4;A01
201100038809;0;40;0;0;2;1;1;B01