num_acc;senc;catv;occutc;obs;obsm;choc;manv;num_veh
201100039170;0;7;0;0;2;1;1;A01
201100039170;0;7;0;0;2;4;1;B01
201100039171;0;7;0;0;2;1;1;A01
201100039172;0;10;0;0;1;4;4;A01
201100039173;0;7;0;0;2;1;1;A01
201100039174;0;7;0;0;2;1;1;C01
201100039174;0;7;0;0;2;1;1;B01
201100039174;0;7;0;0;2;1;13;A01
201100039175;0;7;0;0;2;1;15;A01
201100039175;0;32;0;0;2;1;1;B01
201100039176;0;7;0;15;0;0;1;A01
201100039177;0;7;0;0;1;1;15;A01
201100039178;0;7;0;0;2;3;1;A01
201100039178;0;7;0;0;2;1;1;B01
201100039179;0;7;0;0;2;5;23;B01
201100039179;0;7;0;1;0;2;16;A01
201100039180;0;7;0;0;2;1;16;B01
201100039180;2;7;0;0;2;1;15;Z01
201100039181;0;7;0;0;2;5;1;B01
201100039181;0;7;0;0;2;3;9;A01
201100039182;0;7;0;0;2;1;1;B01
201100039182;0;33;0;0;1;2;15;A01
201100039183;0;7;0;0;1;1;1;A01
201100039184;0;7;0;0;1;1;15;A01
201100039185;0;1;0;0;1;1;1;A01
201100039186;0;7;0;0;1;2;1;A01
201100039187;0;34;0;0;9;1;1;A01
201100039188;0;7;0;0;9;3;15;B01
201100039188;0;1;0;0;2;1;21;A01
201100039189;0;7;0;2;0;1;1;B01
201100039189;1;14;0;0;2;0;13;Z01
201100039190;0;7;0;0;1;3;1;A01
201100039191;0;7;0;1;0;1;1;A01
201100039192;0;37;20;0;1;2;1;A01
201100039193;0;7;0;0;2;2;15;A01
201100039193;0;7;0;0;2;1;1;B01
201100039194;0;7;0;0;1;1;1;A01
201100039195;0;7;0;2;9;0;1;A01
201100039196;0;7;0;0;1;3;1;A01
201100039197;0;7;0;0;2;8;1;B01
201100039197;0;1;0;0;2;1;1;A01
201100039198;0;7;0;0;1;1;1;A01
201100039199;0;7;0;0;2;4;1;B01
201100039199;0;7;0;0;2;1;1;A01
201100039200;0;31;0;0;2;7;1;A01
201100039200;1;7;0;0;0;0;16;Z01
201100039201;0;32;0;0;2;1;1;B01
201100039201;0;7;0;0;2;8;15;A01
201100039202;0;33;0;0;2;1;2;B01
201100039202;0;7;0;0;2;4;2;A01
201100039203;0;7;0;0;1;1;15;A01
201100039204;0;32;0;1;0;1;1;A01
201100039204;0;7;0;0;0;0;15;B01
201100039205;0;7;0;0;2;3;16;A01
201100039205;0;7;0;0;2;1;1;B01
201100039206;0;99;0;0;1;2;1;A01
201100039207;0;7;0;0;2;1;1;B01
201100039207;0;1;0;0;2;1;19;A01
201100039208;0;7;0;0;2;1;1;A01
201100039208;2;1;0;0;2;1;1;B01
201100039209;0;7;0;0;2;8;1;B01
201100039209;0;10;0;0;2;1;1;A01
201100039210;0;7;0;0;1;0;0;A01
201100039211;0;7;0;0;2;1;15;A01
201100039211;0;32;0;0;2;1;1;B01
201100039212;0;30;0;0;2;1;1;B01
201100039212;0;7;0;0;2;2;15;A01
201100039213;0;7;0;0;2;8;14;A01
201100039213;0;1;0;0;2;1;1;B01
201100039214;0;7;0;0;2;2;1;B01
201100039214;0;7;0;0;2;1;1;A01
201100039215;0;7;0;0;1;2;1;A01
201100039216;0;1;0;0;0;7;1;A01
201100039216;0;7;0;0;2;0;1;B01
201100039217;0;7;0;0;1;3;1;A01
201100039218;0;7;0;0;9;3;1;B01
201100039218;0;1;0;0;2;1;1;A01
201100039219;0;1;0;0;2;1;1;B01
201100039219;0;7;0;0;2;2;1;A01
201100039220;0;2;0;0;1;1;1;A01
201100039221;0;40;0;0;1;1;1;A01
201100039222;0;7;0;0;1;1;15;A01
201100039223;0;7;0;0;1;5;4;A01
201100039224;0;7;0;0;1;1;1;B01
201100039225;0;7;0;0;2;3;1;B01
201100039225;0;7;0;0;2;2;15;A01
201100039226;0;1;0;0;2;1;1;A01
201100039226;0;7;0;0;2;3;16;B01
201100039227;0;7;0;0;2;4;23;B01
201100039227;0;2;0;0;2;1;2;A01
201100039228;0;2;0;0;2;7;15;A01
201100039228;0;2;0;0;2;1;1;B01
201100039229;0;37;1;0;2;1;1;B01
201100039229;0;1;0;0;2;7;19;A01
201100039230;0;7;0;0;2;2;1;B01
201100039230;0;7;0;9;2;1;15;A01
201100039231;0;7;0;0;1;4;4;A01
201100039232;1;7;0;0;1;1;1;Z01
201100039233;0;7;0;0;2;3;10;A01
201100039233;0;7;0;0;2;1;1;B01
201100039234;0;7;0;0;2;3;1;A01
201100039234;0;7;0;0;2;1;1;B01
201100039235;0;7;0;0;1;4;4;A01
201100039236;0;37;1;0;2;1;23;A01
201100039236;0;7;0;0;2;4;23;B01
201100039236;0;7;0;0;2;4;23;C01
201100039237;0;10;0;0;2;3;1;B01
201100039237;0;7;0;0;2;1;15;A01
201100039238;0;7;0;0;2;3;15;A01
201100039238;0;7;0;0;2;1;17;B01
201100039239;0;30;0;12;0;7;16;A01
201100039240;0;7;0;0;2;3;10;A01
201100039240;0;2;0;0;2;1;17;B01
201100039241;0;2;0;0;2;1;1;B01
201100039241;0;7;0;0;2;7;15;A01
201100039242;0;15;0;0;2;2;16;B01
201100039242;0;7;0;0;2;6;1;A01
201100039243;0;1;0;1;0;1;1;B01
201100039243;0;7;0;0;2;3;24;A01
201100039244;0;7;0;0;2;1;1;A01
201100039244;0;7;0;0;2;6;1;B01
201100039244;0;7;0;0;2;4;1;C01
201100039245;0;7;0;0;2;7;1;A01
201100039245;0;1;0;0;2;1;16;B01
201100039246;0;7;0;0;2;2;15;A01
201100039246;0;1;0;0;2;4;1;B01
201100039247;0;7;0;15;0;1;13;A01
201100039248;0;7;0;0;2;3;13;B01
201100039248;0;7;0;0;2;5;17;A01
201100039249;0;7;0;0;2;3;16;A01
201100039249;0;32;0;0;2;0;1;B01
201100039250;0;7;0;0;2;6;1;C01
201100039250;0;7;0;0;2;6;20;D01
201100039250;0;14;0;2;2;1;1;B01
201100039250;0;7;0;0;2;8;13;A01
201100039251;0;7;0;1;2;4;20;B01
201100039251;0;7;0;0;2;7;23;C01
201100039251;0;7;0;0;2;1;1;A01
201100039251;0;7;0;0;2;5;24;D01
201100039252;0;7;0;0;2;2;15;A01
201100039252;0;7;0;2;2;3;1;B01
201100039253;0;7;0;0;2;1;1;B01
201100039253;0;7;0;0;2;1;1;A01
201100039254;0;1;0;0;2;8;1;A01
201100039254;0;7;0;0;2;5;17;B01
201100039255;0;7;0;0;2;2;1;A01
201100039255;0;32;0;0;2;1;1;B01
201100039256;0;7;0;0;1;1;1;A01
201100039257;0;7;0;0;2;2;1;A01
201100039257;0;7;0;0;2;3;1;B01
201100039258;2;7;0;0;2;3;11;A01
201100039258;0;33;0;0;2;7;1;B01
201100039259;0;7;0;0;2;4;2;A01
201100039259;0;7;0;0;2;1;1;B01
201100039260;0;30;0;0;0;0;1;A01
201100039261;0;7;0;0;1;2;1;A01
201100039262;0;7;0;0;1;1;15;A01
201100039263;0;33;0;0;2;1;1;B01
201100039263;0;7;0;0;2;3;9;A01
201100039264;0;7;0;0;1;2;1;A01
201100039265;0;7;0;0;2;3;15;B01
201100039265;0;30;0;0;2;1;8;A01
201100039266;0;30;0;0;2;1;1;A01
201100039266;0;7;0;0;2;5;23;B01
201100039267;1;1;0;0;1;1;15;Y01
201100039268;0;7;0;0;2;3;15;A01
201100039268;0;33;0;0;2;1;17;B01
201100039269;0;1;0;0;2;1;1;B01
201100039269;0;7;0;0;2;1;1;A01
201100039270;0;7;0;2;0;1;1;A01
201100039271;0;1;0;0;2;6;19;B01
201100039271;0;7;0;0;2;2;15;A01
201100039272;0;7;0;0;2;3;9;A01
201100039272;0;1;0;0;2;1;5;B01
201100039273;0;7;0;0;2;2;1;A01
201100039273;0;1;0;0;2;1;19;B01
201100039274;0;7;0;0;2;4;23;B01
201100039274;0;7;0;0;2;1;2;A01
201100039275;0;7;0;0;2;7;9;A01
201100039275;0;33;0;0;2;1;1;B01
201100039276;0;7;0;0;2;8;20;A01
201100039276;0;33;0;0;2;1;1;B01
201100039277;0;7;0;0;2;3;1;B01
201100039277;0;7;0;0;2;3;1;A01
201100039278;0;31;0;0;2;0;1;A01
201100039278;0;7;0;0;0;2;1;B01
201100039279;0;1;0;0;2;1;19;B01
201100039279;0;7;0;0;2;3;1;A01
201100039280;0;7;0;0;2;1;1;A01
201100039280;0;7;0;0;2;4;23;B01
201100039281;0;7;0;0;2;3;5;A01
201100039281;0;33;0;0;2;1;1;B01
201100039282;0;7;0;0;2;3;13;A01
201100039282;0;7;0;0;2;1;1;B01
201100039283;0;7;0;0;2;5;16;A01
201100039283;0;1;0;0;2;1;1;B01
201100039284;0;15;0;0;2;1;1;A01
201100039284;0;7;0;0;2;8;1;B01
201100039285;0;36;0;0;2;1;1;A01
201100039285;0;7;0;0;2;3;6;B01
201100039286;0;7;0;0;1;2;1;A01
201100039287;0;30;0;2;0;1;1;A01
201100039288;0;7;0;2;0;7;1;A01
201100039289;0;7;0;0;2;2;1;A01
201100039289;0;7;0;0;2;1;1;B02
201100039290;0;7;0;0;1;4;4;A01
201100039291;0;7;0;0;2;8;15;B01
201100039291;0;7;0;0;2;1;9;A01
201100039292;0;33;0;0;2;1;1;A01
201100039292;0;7;0;0;2;6;1;B01
201100039293;0;7;0;0;2;1;1;B01
201100039293;0;7;0;0;2;7;1;A01
201100039294;0;7;0;6;2;7;1;A01
201100039295;0;10;0;0;1;5;4;A01
201100039296;0;7;0;8;2;3;1;B01
201100039296;0;10;0;0;2;1;1;A01
201100039297;0;15;0;0;2;7;1;A01
201100039297;0;1;0;0;2;8;1;B01
201100039298;0;2;0;0;2;8;15;B01
201100039298;0;7;0;0;2;3;9;A01
201100039299;1;7;0;0;1;1;1;Z01
201100039300;1;7;0;0;2;1;1;Z01
201100039300;0;30;0;0;2;1;1;B01
201100039301;0;7;0;0;2;1;1;A01
201100039302;0;7;0;0;2;1;1;A01
201100039302;0;7;0;0;2;4;1;B01
201100039303;0;7;0;0;1;1;15;A01
201100039304;0;1;0;0;2;1;19;B01
201100039304;0;3;0;0;2;5;1;A01
201100039305;0;7;0;0;1;4;4;A01
201100039306;0;30;0;0;2;1;1;B01
201100039306;0;7;0;0;2;2;15;A01
201100039307;0;7;0;0;2;8;15;B01
201100039307;0;2;0;0;2;1;15;A01
201100039308;0;7;0;0;1;3;15;A01
201100039309;0;7;0;0;2;2;1;A01
201100039309;0;1;0;0;2;4;11;B01
201100039310;0;7;0;0;0;7;1;A01
201100039310;0;7;0;0;2;2;1;B01
201100039311;0;7;0;0;0;7;15;A01
201100039311;0;2;0;0;2;1;2;B01
201100039312;0;7;0;0;2;7;9;A02
201100039312;0;2;0;0;0;7;1;A01
201100039313;0;7;0;0;2;6;9;A01
201100039313;0;1;0;0;0;5;2;A02
201100039314;0;1;0;0;2;7;19;B01
201100039314;0;7;0;0;2;1;1;A01
201100039315;0;7;0;0;2;4;23;B01
201100039315;0;7;0;0;2;1;2;A01
201100039316;0;7;0;0;2;3;15;A01
201100039316;0;7;0;0;2;1;1;B01
201100039317;0;7;0;0;2;4;4;B01
201100039317;0;1;0;0;2;1;1;A01
201100039318;0;7;0;0;2;1;1;A01
201100039318;0;1;0;0;2;8;19;B01
201100039319;0;7;0;0;2;1;1;B01
201100039319;0;2;0;0;2;1;17;A01
201100039320;0;33;0;0;0;0;1;A01
201100039321;0;1;0;0;2;1;19;B01
201100039321;0;7;0;0;2;6;16;A01
201100039322;0;7;0;0;2;4;23;B01
201100039322;0;7;0;0;2;1;1;A01
201100039323;0;7;0;0;2;7;1;B01
201100039323;0;7;0;0;2;3;9;A01
201100039324;0;37;1;0;1;2;9;A01
201100039325;0;37;20;0;1;2;1;A01
201100039326;1;7;0;;;;;B01
201100039326;0;7;0;0;0;3;23;A01
201100039327;0;30;0;0;2;1;1;A01
201100039327;0;14;0;0;2;2;1;B01
201100039328;0;7;0;0;0;4;1;A02
201100039328;0;7;0;0;2;1;1;A01
201100039329;0;7;0;0;2;8;15;B01
201100039329;0;30;0;0;2;7;1;A01
201100039330;0;7;0;0;1;1;15;A01
201100039331;0;7;0;0;2;3;9;A01
201100039331;0;7;0;0;2;1;1;B01
201100039332;0;7;0;0;2;1;1;A01
201100039332;0;7;0;0;0;4;23;B01
201100039333;0;7;0;0;2;3;15;A01
201100039333;0;33;0;0;2;8;1;B01
201100039334;0;7;0;0;0;3;1;B01
201100039334;0;1;0;0;0;1;0;A01
201100039335;0;7;0;0;1;2;17;A01
201100039336;0;7;0;0;2;1;1;A01
201100039336;0;7;0;0;2;2;1;B01
201100039337;0;7;0;0;1;2;1;A01
201100039338;0;7;0;0;2;7;1;A01
201100039338;0;7;0;0;2;8;1;B01
201100039339;0;7;0;0;1;2;1;A01
201100039340;0;30;0;1;0;2;1;A01
201100039341;0;7;0;0;1;2;1;A01
201100039342;0;7;0;0;1;4;4;A01
201100039343;0;7;0;0;1;1;1;A01
201100039344;0;1;0;0;9;7;1;B01
201100039344;0;14;0;0;2;1;9;A01
201100039345;0;7;0;0;2;1;1;A01
201100039345;0;7;0;0;0;4;1;B01
201100039346;0;33;0;0;2;8;1;B01
201100039346;0;7;0;0;2;1;1;A01
201100039347;0;7;0;0;2;1;2;A01
201100039347;0;7;0;0;2;4;2;B01
201100039347;0;7;0;0;0;6;2;C01
201100039348;0;7;0;0;1;2;1;A01
201100039349;0;10;0;0;1;1;1;A01
201100039350;0;7;0;0;1;2;1;A01
201100039351;0;7;0;0;1;1;1;A01
201100039352;0;7;0;0;1;7;1;A01
201100039353;0;7;0;0;1;2;1;A01
201100039353;0;7;0;0;1;3;1;B01
201100039353;0;7;0;0;1;1;1;C01
201100039354;0;7;0;0;1;1;1;A01
201100039355;0;7;0;1;2;5;1;B01
201100039355;0;7;0;0;2;1;1;A01
201100039356;0;7;0;0;2;3;1;B01
201100039356;0;7;0;0;2;7;1;A01
201100039357;0;1;0;0;0;7;19;B01
201100039357;0;7;0;0;2;1;1;A01
201100039358;0;30;0;14;2;7;11;B01
201100039358;0;7;0;0;2;1;1;A01
201100039359;0;7;0;0;1;1;1;A01
201100039360;0;30;0;0;2;8;9;A01
201100039360;0;7;0;0;2;2;9;B01
201100039361;0;7;0;0;2;1;1;A01
201100039361;0;1;0;0;2;8;19;B01
201100039362;0;7;0;0;2;3;1;B01
201100039362;0;7;0;0;2;3;13;A01
201100039363;0;1;0;0;2;1;1;B01
201100039363;0;7;0;0;9;1;9;A01
201100039364;0;7;0;0;1;1;15;A01
201100039365;0;32;0;0;2;2;1;B01
201100039365;0;7;0;0;2;3;11;A01
201100039366;0;7;0;0;1;2;15;A01
201100039367;0;10;0;0;1;4;4;A01
201100039368;0;1;0;0;2;3;15;B01
201100039368;1;7;0;0;2;1;9;Z01
201100039369;0;7;0;0;1;4;4;A01
201100039370;0;33;0;0;0;4;1;B01
201100039370;0;7;0;0;2;1;1;A01
201100039371;0;33;0;0;2;1;1;B01
201100039371;0;7;0;0;0;6;9;A01
201100039372;1;7;0;0;2;3;10;Z01
201100039372;0;33;0;0;2;7;1;B01
201100039373;0;7;0;0;0;4;23;B01
201100039373;0;7;0;0;2;1;1;A01
201100039374;0;1;0;0;2;8;9;B01
201100039374;0;7;0;0;2;2;1;A01
201100039375;0;7;0;0;2;2;15;A01
201100039375;0;7;0;0;2;3;1;B01
201100039376;0;7;0;0;0;2;1;A01
201100039376;0;1;0;0;0;0;0;B01
201100039377;0;2;0;0;2;1;1;A01
201100039377;1;7;0;0;9;0;15;Z01
201100039378;0;7;0;0;1;1;1;A01
201100039379;0;17;0;0;2;7;12;A01
201100039379;0;7;0;0;2;3;1;B01
201100039380;0;7;0;0;2;2;15;A01
201100039380;0;32;0;0;2;2;1;B01
201100039381;0;7;0;0;2;7;1;B01
201100039381;0;2;0;0;2;1;1;A01
201100039382;0;32;0;0;1;1;1;A01
201100039383;0;17;0;0;2;2;2;B01
201100039383;0;7;0;0;2;8;13;A01
201100039384;0;40;2;0;1;1;1;A01
201100039385;0;7;0;0;2;3;1;B01
201100039385;0;7;0;0;2;2;9;A01
201100039386;0;7;0;0;1;1;1;A01
201100039387;2;7;0;0;1;1;1;A01
201100039388;0;2;0;0;2;1;1;A01
201100039388;0;7;0;0;0;4;11;B01
201100039389;0;2;0;0;1;8;2;A01
201100039390;0;1;0;0;2;1;1;B01
201100039390;0;2;0;0;2;1;5;A01
201100039391;0;33;0;3;2;7;2;A01
201100039391;0;7;0;0;2;8;2;B01
201100039392;0;7;0;0;2;2;9;A01
201100039392;0;33;0;0;2;8;1;B01
201100039393;0;2;0;0;2;1;1;B01
201100039393;0;7;0;0;2;1;15;A01
201100039394;0;30;0;0;0;7;1;B01
201100039394;0;7;0;0;0;3;9;A01
201100039395;0;33;0;0;2;1;17;A01
201100039395;0;7;0;0;2;2;15;B01
201100039396;0;31;0;0;2;1;1;B01
201100039396;0;10;0;0;2;1;17;A01
201100039397;0;7;0;0;1;1;1;A01
201100039398;0;40;10;0;2;2;1;B01
201100039398;0;1;0;0;4;1;1;A01
201100039399;0;10;0;0;2;7;15;B01
201100039399;0;1;0;0;2;1;1;A01
201100039400;0;7;0;0;2;1;1;B01
201100039400;0;7;0;0;2;3;1;A01
201100039401;0;10;0;0;1;8;1;A01
201100039402;0;7;0;0;2;3;1;B01
201100039402;0;7;0;0;2;3;13;A01
201100039403;0;7;0;0;1;3;1;A01
201100039404;0;3;0;0;2;2;9;A01
201100039404;0;1;0;0;2;1;0;B01
201100039405;0;7;0;0;2;1;1;B01
201100039405;0;3;0;0;2;7;19;A01
201100039406;0;33;0;0;2;1;1;A01
201100039406;0;7;0;0;0;6;16;B01
201100039407;0;1;0;0;2;8;19;A01
201100039407;0;7;0;0;2;1;15;B01
201100039408;0;7;0;0;1;6;1;A01
201100039409;0;1;0;0;2;4;11;B01
201100039409;0;7;0;0;2;2;1;A01
201100039410;0;7;0;0;2;6;21;B01
201100039410;0;7;0;0;9;5;12;A01
201100039410;0;33;0;0;2;1;2;C01
201100039411;0;7;0;0;2;2;11;A01
201100039411;0;7;0;0;2;3;1;B01
201100039412;0;1;0;0;2;1;19;A01
201100039412;0;7;0;0;2;2;1;B01
201100039413;0;7;0;0;1;4;4;A01
201100039414;0;7;0;0;2;1;1;B01
201100039414;0;7;0;0;2;4;1;A01
201100039415;0;7;0;0;2;1;2;A01
201100039415;0;7;0;0;0;4;2;B01
201100039416;0;7;0;0;1;3;1;A01
201100039417;0;7;0;0;1;1;1;A01
201100039418;0;7;0;0;2;2;1;A01
201100039418;0;30;0;0;2;1;1;B01
201100039419;0;7;0;0;2;1;5;A01
201100039419;0;2;0;0;2;1;1;B01
201100039420;0;7;0;0;1;1;7;A01
201100039421;0;7;0;0;2;2;1;B01
201100039421;0;7;0;0;2;2;13;A01
201100039422;0;1;0;0;2;1;1;B01
201100039422;0;7;0;0;2;3;9;A01
201100039423;0;7;0;0;1;2;1;A01
201100039424;0;7;0;0;2;1;12;A01
201100039424;0;1;0;0;2;4;2;B01
201100039425;0;7;0;0;1;3;1;A01
201100039426;0;7;0;0;2;1;21;A01
201100039426;0;7;0;0;2;1;1;B01
201100039427;0;7;0;0;0;4;23;B01
201100039427;0;7;0;0;2;1;1;A01
201100039428;0;7;0;1;0;1;1;A02
201100039428;0;7;0;0;0;8;24;A01
201100039429;0;7;0;0;1;0;16;A01
201100039430;0;1;0;0;2;1;1;B01
201100039430;0;7;0;0;2;1;15;A01
201100039431;0;7;0;0;1;1;1;A01
201100039432;0;3;0;0;1;2;2;A01
201100039433;0;33;0;0;2;1;17;A01
201100039433;0;7;0;0;0;6;15;B01
201100039434;0;1;0;0;2;8;19;B01
201100039434;0;7;0;0;2;1;1;A01
201100039435;0;37;5;0;0;4;23;A02
201100039435;0;7;0;0;2;1;2;A01
201100039436;0;7;0;0;2;2;15;A01
201100039436;0;2;0;0;2;1;1;B01
201100039437;0;7;0;0;2;3;15;A01
201100039437;0;32;0;0;0;3;1;B01
201100039438;0;7;0;0;1;8;15;A01
201100039439;0;7;0;0;2;1;1;A01
201100039439;0;1;0;0;2;8;15;B01
201100039440;0;7;0;0;1;1;15;A01
201100039441;0;1;0;0;2;2;1;B01
201100039441;0;7;0;0;0;3;9;A01
201100039442;0;7;0;0;0;6;2;B01
201100039442;0;7;0;0;2;2;11;A01
201100039443;0;30;0;0;2;8;1;B01
201100039443;0;2;0;0;2;1;1;A01
201100039444;0;7;0;0;2;2;1;A01
201100039444;0;7;0;0;2;1;16;B01
201100039445;0;1;0;0;1;1;1;A01
201100039446;0;2;0;0;2;1;1;B01
201100039446;0;7;0;0;2;3;9;A01
201100039447;0;2;0;0;0;1;1;B01
201100039447;0;7;0;0;2;3;9;A01
201100039448;0;7;0;0;2;2;15;A01
201100039448;0;1;0;0;2;1;1;B01
201100039449;0;7;0;0;2;1;1;A01
201100039449;0;1;0;0;2;8;19;B01
201100039450;0;2;0;0;2;1;1;B02
201100039450;0;7;0;0;0;7;15;A01
201100039451;0;7;0;4;0;8;1;A01
201100039452;0;7;0;0;2;2;1;B01
201100039452;0;7;0;1;2;1;17;A01
201100039453;0;7;0;4;6;1;1;A01
201100039454;0;7;0;0;1;2;1;A01
201100039455;0;7;0;0;0;3;16;A01
201100039456;0;7;0;3;2;4;1;B01
201100039456;0;7;0;0;2;1;1;A01
201100039457;0;7;0;0;2;1;2;A01
201100039457;0;7;0;0;0;4;2;B01
201100039458;0;7;0;0;2;1;23;C01
201100039458;0;13;0;0;2;1;2;B01
201100039458;0;7;0;0;2;1;11;A01
201100039459;0;7;0;0;2;3;1;A01
201100039459;0;7;0;16;2;7;0;B01
201100039460;0;20;0;0;1;4;4;A01
201100039461;0;14;0;0;9;2;9;A01
201100039461;0;1;0;0;0;8;0;B01
201100039462;0;7;0;0;1;3;1;A01
201100039463;0;7;0;0;1;7;13;A01
201100039464;0;2;0;0;2;1;2;A01
201100039464;0;7;0;0;0;4;2;B01
201100039465;0;7;0;0;2;2;15;A01
201100039465;0;7;0;0;2;3;2;B01
201100039466;0;30;0;0;2;0;1;A01
201100039466;0;7;0;0;2;1;1;B01
201100039467;0;7;0;0;2;2;1;B01
201100039467;0;30;0;0;2;3;13;A01
201100039468;0;7;0;0;1;1;1;A01
201100039469;0;7;0;0;2;9;2;B01
201100039469;0;3;0;0;2;9;2;A01
201100039470;0;7;0;0;2;1;15;A01
201100039470;0;32;0;0;2;8;1;B01
201100039471;0;7;0;0;1;3;1;A01
201100039472;0;30;0;0;2;1;1;B01
201100039472;0;7;0;0;2;5;10;A01
201100039473;0;7;0;9;2;3;15;A01
201100039473;0;33;0;9;2;9;1;B01
201100039474;0;7;0;0;1;0;15;A01
201100039475;0;7;0;0;2;2;15;A01
201100039475;0;7;0;0;2;3;1;B01
201100039476;0;7;0;0;1;3;1;A01
201100039477;0;7;0;0;2;6;10;A01
201100039477;0;33;0;0;2;1;1;B01
201100039478;0;7;0;0;2;2;15;A01
201100039478;0;30;0;0;2;1;2;B01
201100039479;0;7;0;0;2;6;15;A01
201100039479;0;33;0;0;2;1;1;B01
201100039480;0;7;0;0;2;7;22;A01
201100039480;0;1;0;0;2;8;1;B01
201100039481;0;7;0;0;2;2;15;A01
201100039481;0;2;0;0;2;8;1;B01
201100039482;0;7;0;0;2;3;15;A01
201100039482;0;2;0;0;2;1;1;B01
201100039483;0;7;0;0;2;2;17;A01
201100039483;0;7;0;0;2;3;15;B01
201100039483;0;7;0;0;2;3;0;C01
201100039483;0;7;0;0;2;2;0;D01
201100039484;0;7;0;0;2;2;21;A01
201100039484;0;30;0;0;2;7;15;B01
201100039485;0;7;0;0;1;1;1;A01
201100039486;0;37;3;0;1;2;15;A01
201100039487;0;2;0;0;1;1;1;A01
201100039488;0;7;0;0;1;2;1;A01
201100039489;0;7;0;0;2;7;13;A01
201100039489;0;33;0;0;2;6;23;B01
201100039490;0;7;0;0;2;1;0;A01
201100039490;0;7;0;0;2;2;1;B01
201100039491;0;7;0;0;1;2;1;A01
201100039492;0;7;0;0;1;3;1;A01
201100039493;0;32;0;0;2;8;15;B01
201100039493;0;3;0;0;2;1;1;A01
201100039494;0;7;0;0;0;6;1;B01
201100039494;1;7;0;0;2;1;2;Z01
201100039495;0;7;0;0;2;2;1;A01
201100039495;0;30;0;0;2;3;15;B01
201100039496;0;33;0;0;2;1;17;A01
201100039496;0;7;0;0;2;3;15;B01
201100039497;0;7;0;0;2;4;4;B01
201100039497;0;7;0;0;2;3;2;A01
201100039498;0;7;0;0;2;6;23;B01
201100039498;0;7;0;0;2;2;5;A01
201100039498;0;7;0;0;2;4;23;C01
201100039499;0;7;0;0;1;1;17;A01
201100039500;0;7;0;0;1;3;1;B01
201100039500;0;33;0;4;2;1;6;A01
201100039501;0;33;0;0;2;8;1;B01
201100039501;0;7;0;0;2;1;1;A01
201100039502;0;7;0;0;2;7;23;B01
201100039502;0;1;0;0;2;7;18;A01
201100039503;0;7;0;0;1;4;4;A01
201100039504;0;7;0;0;2;3;15;B01
201100039504;0;7;0;0;2;2;17;A01
201100039505;0;10;0;0;2;8;2;A01
201100039505;0;30;0;0;2;7;1;B01
201100039506;0;7;0;0;0;3;15;A01
201100039506;0;2;0;0;2;1;17;B01
201100039507;0;7;0;0;1;1;1;A01
201100039508;0;7;0;0;2;1;13;A01
201100039508;0;7;0;0;2;1;1;B01
201100039509;0;33;0;0;2;3;11;A01
201100039509;0;7;0;0;0;7;1;B01
201100039510;0;7;0;0;0;2;16;A01
201100039511;0;7;0;0;1;5;4;A01
201100039512;1;99;0;0;0;0;0;Z01
201100039512;0;30;0;0;0;0;0;B01
201100039513;0;7;0;0;0;0;15;B01
201100039513;0;33;0;0;2;0;0;A01
201100039514;0;32;0;0;2;1;21;A01
201100039514;0;7;0;0;2;5;15;B01
201100039514;0;7;0;0;2;2;1;C01
201100039514;0;37;1;0;0;0;2;E01
201100039515;0;7;0;0;1;2;1;A01
201100039516;0;7;0;0;2;1;10;A01
201100039516;0;33;0;0;2;9;1;B01
201100039517;0;7;0;0;2;3;0;A01
201100039518;0;7;0;0;2;2;1;A01
201100039518;0;17;0;16;2;5;4;B01
201100039519;0;7;0;0;2;0;20;A01
201100039519;0;7;0;0;2;0;1;B01
201100039520;0;7;0;0;2;3;11;A01
201100039520;0;1;0;0;2;1;1;B01
201100039521;0;7;0;0;1;1;1;A01
201100039522;0;7;0;0;2;2;1;B01
201100039522;0;7;0;0;2;3;1;A01
201100039523;0;7;0;0;2;1;11;A01
201100039523;0;31;0;0;2;1;1;B01
201100039524;0;7;0;0;2;3;1;A01
201100039524;0;2;0;0;2;2;2;B01
201100039525;0;7;0;0;2;7;15;A01
201100039525;0;33;0;0;2;1;1;B01
201100039526;0;7;0;0;1;1;2;A01
201100039527;0;7;0;0;2;1;1;B01
201100039527;0;7;0;0;2;1;1;A01
201100039528;0;37;1;0;1;1;1;A01
201100039529;0;7;0;0;2;1;1;A01
201100039529;0;7;0;0;1;4;23;B01
201100039530;0;7;0;0;1;1;11;A01
201100039531;0;7;0;0;2;6;24;A01
201100039531;0;7;0;1;0;2;1;B01
201100039532;0;7;0;0;2;8;0;B01
201100039532;0;33;0;0;2;1;1;A01
201100039533;0;37;1;0;0;0;24;A01
201100039534;0;33;0;0;2;7;2;A01
201100039534;1;7;0;0;2;6;2;B01
201100039535;0;7;0;0;2;1;0;A01
201100039535;0;33;0;0;2;1;0;B01
201100039536;0;7;0;0;2;2;15;A01
201100039536;0;7;0;0;2;1;1;B01
201100039537;0;7;0;0;2;2;1;A01
201100039538;0;7;0;0;2;1;17;A01
201100039538;0;7;0;0;2;3;1;B01
201100039539;0;1;0;0;2;8;19;B01
201100039539;0;7;0;0;2;1;23;A01
201100039540;0;7;0;0;2;1;2;A01
201100039540;0;7;0;0;2;1;2;B01
201100039540;0;10;0;0;2;3;2;C01