num_acc;senc;catv;occutc;obs;obsm;choc;manv;num_veh
201100039541;0;7;0;0;2;3;0;B01
201100039541;0;34;0;0;2;7;0;A01
201100039542;0;7;0;0;2;4;1;A01
201100039542;0;33;0;0;2;1;2;B01
201100039543;0;7;0;0;2;1;2;A01
201100039543;0;7;0;0;2;4;1;B01
201100039544;0;7;0;6;0;3;1;A01
201100039545;0;2;0;0;2;1;1;B01
201100039545;0;10;0;0;2;4;4;A01
201100039546;0;7;0;0;2;2;9;A01
201100039546;0;2;0;0;2;1;1;B01
201100039547;0;33;0;0;2;9;1;A01
201100039547;0;7;0;0;2;1;1;B01
201100039548;0;7;0;0;2;9;21;A01
201100039549;0;7;0;0;2;3;10;A01
201100039549;0;7;0;0;2;2;4;B01
201100039550;0;1;0;0;2;1;1;A01
201100039550;0;7;0;0;2;6;1;B01
201100039551;0;34;0;13;0;9;1;A01
201100039552;0;7;0;0;2;1;1;A01
201100039552;0;7;0;0;0;2;15;B01
201100039553;0;7;0;0;1;4;4;A01
201100039554;0;7;0;0;2;5;15;A01
201100039554;0;7;0;0;2;1;1;B01
201100039555;0;7;0;6;0;9;1;A01
201100039556;0;1;0;0;2;1;19;A01
201100039556;0;38;1;0;2;7;1;B01
201100039557;0;7;0;0;2;3;15;A01
201100039557;0;7;0;0;2;1;2;B01
201100039558;0;7;0;0;2;1;1;A01
201100039558;0;7;0;0;2;7;15;B01
201100039559;0;7;0;0;2;5;15;B01
201100039559;0;7;0;0;2;1;0;A01
201100039560;0;7;0;0;2;1;13;A01
201100039560;0;7;0;0;2;8;2;B01
201100039561;0;1;0;0;2;1;1;B01
201100039561;0;7;0;0;2;3;15;A01
201100039562;0;10;0;0;2;2;2;A01
201100039562;0;7;0;0;0;4;2;B01
201100039563;0;7;0;0;0;0;2;B01
201100039563;0;7;0;0;1;1;2;A01
201100039564;0;7;0;0;2;8;15;B01
201100039564;1;7;0;0;2;1;17;Z01
201100039565;0;7;0;0;0;2;2;A01
201100039565;0;7;0;0;0;6;2;B01
201100039566;0;33;0;0;2;2;2;B01
201100039566;0;7;0;0;2;3;11;A01
201100039567;0;7;0;0;1;0;1;A01
201100039568;0;7;0;0;2;3;2;A01
201100039568;0;7;0;0;0;5;15;B01
201100039569;0;7;0;0;2;2;1;A01
201100039569;0;7;0;0;0;3;1;B01
201100039570;0;7;0;0;2;2;15;A01
201100039570;0;2;0;0;2;1;1;B01
201100039571;0;30;0;0;2;6;1;B01
201100039571;0;10;0;0;2;3;20;A01
201100039572;0;7;0;0;1;1;2;A01
201100039573;0;7;0;0;2;7;2;B01
201100039573;1;7;0;0;2;1;11;A01
201100039574;0;7;0;0;2;3;1;A01
201100039574;0;7;0;0;2;2;1;B01
201100039575;0;33;0;0;2;2;1;B01
201100039575;0;7;0;0;2;2;15;A01
201100039576;0;7;0;0;2;8;3;B01
201100039576;0;7;0;0;2;2;1;A01
201100039577;0;7;0;9;0;1;1;A01
201100039578;0;7;0;0;2;7;1;B01
201100039578;0;13;0;0;2;1;1;A01
201100039579;0;7;0;0;2;7;10;A01
201100039579;0;33;0;0;2;1;1;B01
201100039580;0;2;0;0;2;3;2;A01
201100039580;0;7;0;0;2;4;2;B01
201100039581;0;7;0;0;1;2;2;A01
201100039582;0;30;0;0;2;1;17;B01
201100039582;0;7;0;0;2;3;15;A01
201100039583;0;7;0;0;2;3;1;B01
201100039583;0;7;0;0;2;2;15;A01
201100039584;0;7;0;0;1;1;1;A01
201100039585;0;7;0;0;2;1;2;A01
201100039585;0;7;0;0;0;4;9;B01
201100039586;0;7;0;0;9;6;1;C01
201100039586;0;33;0;0;9;1;0;B01
201100039586;0;14;0;0;0;0;21;A01
201100039587;0;7;0;0;2;7;15;A01
201100039587;0;30;0;0;2;1;7;B01
201100039588;1;7;0;0;1;7;2;A01
201100039589;0;7;0;0;0;1;2;A01
201100039589;0;7;0;0;0;4;2;B01
201100039590;0;7;0;0;2;1;2;A01
201100039590;0;7;0;0;2;4;2;C01
201100039590;0;7;0;0;2;4;2;B01
201100039591;0;7;0;0;2;1;1;B01
201100039591;0;30;0;0;2;2;5;A01
201100039592;0;7;0;0;2;6;15;B01
201100039592;0;30;0;0;0;1;2;A01
201100039593;1;7;0;0;2;1;1;Z01
201100039593;0;7;0;0;2;4;1;A01
201100039594;0;7;0;0;2;2;15;A01
201100039594;0;31;0;0;2;1;1;B01
201100039595;0;7;0;0;2;1;2;A01
201100039595;0;7;0;0;0;4;2;B01
201100039596;0;7;0;0;1;0;1;A01
201100039597;0;2;0;0;2;1;1;A01
201100039597;0;37;1;0;0;5;1;B01
201100039598;0;7;0;0;1;0;0;A01
201100039599;0;7;0;0;9;8;22;A01
201100039599;0;1;0;1;0;1;1;B01
201100039600;0;2;0;0;0;1;1;B01
201100039600;0;7;0;0;0;3;19;A01
201100039601;0;14;0;0;9;1;15;A01
201100039601;0;7;0;0;0;6;23;B01
201100039601;0;7;0;0;0;4;23;C01
201100039602;0;10;0;0;1;5;15;A01
201100039603;0;33;0;0;2;1;19;A01
201100039603;0;7;0;0;2;1;2;B01
201100039604;0;7;0;0;2;3;15;A01
201100039604;0;32;0;0;2;2;1;B01
201100039605;0;7;0;0;2;6;13;A01
201100039605;0;7;0;0;2;1;1;B01
201100039606;0;7;0;0;9;3;15;A01
201100039606;0;33;0;0;2;7;1;B01
201100039607;0;20;0;12;2;9;1;A01
201100039607;0;7;0;0;2;1;0;B01
201100039608;0;7;0;0;2;2;15;A01
201100039608;0;3;0;0;2;3;2;B01
201100039609;0;7;0;5;2;3;5;A01
201100039609;0;7;0;0;2;8;1;B01
201100039610;0;7;0;0;1;1;0;A01
201100039611;0;7;0;0;1;1;15;A01
201100039612;0;7;0;0;2;1;9;A01
201100039612;0;7;0;0;2;2;2;B01
201100039613;0;7;0;0;1;2;1;A01
201100039614;0;7;0;0;2;2;17;A01
201100039614;0;7;0;0;2;8;11;B01
201100039615;0;7;0;0;2;2;2;A01
201100039615;0;31;0;0;9;3;2;B01
201100039616;0;7;0;0;2;1;2;A01
201100039616;0;7;0;0;2;4;2;B01
201100039616;0;7;0;0;2;4;2;C01
201100039616;0;7;0;0;2;4;2;D01
201100039617;2;3;0;8;0;1;2;A01
201100039618;0;7;0;2;0;2;13;A01
201100039619;0;7;0;0;1;1;0;A01
201100039620;0;7;0;0;2;3;15;B01
201100039620;0;32;0;0;2;2;7;A01
201100039621;0;10;0;0;2;4;2;B01
201100039621;0;7;0;1;0;1;2;A01
201100039622;0;10;0;0;1;8;2;A01
201100039623;0;7;0;0;1;0;17;A01
201100039624;1;7;0;0;2;1;2;Z01
201100039624;0;7;0;0;2;4;1;A01
201100039625;1;30;0;0;1;1;5;A01
201100039626;0;7;0;0;0;0;2;A01
201100039626;0;32;0;0;0;8;2;B01
201100039627;0;7;0;0;0;6;1;B01
201100039627;0;7;0;0;2;2;2;A01
201100039628;0;7;0;0;2;3;15;A01
201100039628;0;33;0;0;2;1;1;B01
201100039629;0;37;2;0;1;0;2;A01
201100039630;0;7;0;0;2;3;0;A01
201100039630;0;30;0;8;2;3;19;B01
201100039631;0;31;0;0;0;0;14;A01
201100039632;0;2;0;0;2;3;10;A01
201100039632;0;7;0;0;2;5;1;B01
201100039633;0;1;0;0;2;0;0;B01
201100039633;0;7;0;0;9;1;1;A01
201100039634;0;7;0;0;2;7;0;B01
201100039634;0;7;0;0;2;1;0;A01
201100039635;0;7;0;1;2;1;1;A01
201100039635;0;7;0;0;2;2;15;B01
201100039636;0;7;0;0;2;4;2;B01
201100039636;0;7;0;0;2;1;2;A01
201100039637;0;34;0;0;2;1;2;B01
201100039637;0;7;0;0;2;8;19;A01
201100039638;0;7;0;0;2;1;2;A01
201100039638;0;7;0;0;2;4;2;B01
201100039639;0;7;0;0;1;1;0;A01
201100039640;0;7;0;0;2;3;1;B01
201100039640;0;7;0;0;2;7;15;A01
201100039641;0;7;0;0;0;3;1;B01
201100039641;0;30;0;0;2;1;1;A01
201100039642;0;30;0;0;2;4;11;A01
201100039642;1;7;0;0;2;0;0;Z01
201100039643;0;7;0;0;2;5;12;A01
201100039643;0;32;0;0;2;3;1;B01
201100039644;0;7;0;0;2;1;1;B01
201100039644;0;7;0;0;2;1;5;A01
201100039645;0;7;0;7;2;2;15;A01
201100039645;0;7;0;0;2;1;2;B01
201100039646;0;30;0;0;2;3;2;A01
201100039646;0;14;0;0;2;5;0;B01
201100039647;0;37;2;0;0;0;1;B01
201100039647;1;7;0;0;0;0;15;A01
201100039648;0;1;0;0;2;8;19;A01
201100039648;0;7;0;0;9;1;2;B01
201100039649;0;30;0;0;2;1;9;B01
201100039649;0;7;0;0;2;2;11;A01
201100039650;0;7;0;0;1;1;1;A01
201100039651;0;7;0;0;2;3;1;A01
201100039651;0;7;0;0;2;3;1;B01
201100039652;0;7;0;0;2;7;1;B01
201100039652;0;7;0;0;2;1;19;A01
201100039653;0;7;0;6;0;1;13;A01
201100039654;0;7;0;0;2;7;15;A01
201100039654;0;3;0;0;2;1;1;B01
201100039655;0;7;0;1;0;2;1;A01
201100039656;0;7;0;9;0;9;1;A01
201100039657;0;7;0;0;0;7;1;A01
201100039657;0;7;0;0;2;1;16;B01
201100039658;0;7;0;0;2;1;2;A01
201100039658;0;7;0;0;2;4;23;B01
201100039658;0;7;0;0;2;4;23;C01
201100039659;0;33;0;0;2;1;1;A01
201100039659;0;7;0;0;2;3;1;B01
201100039660;0;10;0;0;2;1;2;A01
201100039660;0;7;0;0;0;4;23;B01
201100039661;0;7;0;0;1;2;1;A01
201100039662;0;7;0;0;1;1;15;A01
201100039663;0;7;0;0;2;5;19;A01
201100039663;0;33;0;0;2;1;19;B01
201100039664;0;7;0;0;1;1;15;A01
201100039665;0;7;0;0;1;1;2;A01
201100039666;0;7;0;0;2;1;2;A01
201100039666;0;7;0;0;2;4;1;B01
201100039667;1;7;0;0;1;3;7;A01
201100039668;0;7;0;15;0;1;1;A01
201100039669;0;7;0;0;2;2;1;B01
201100039669;0;7;0;0;2;2;15;A01
201100039670;0;30;0;0;1;1;13;A01
201100039671;0;10;0;0;1;2;2;A01
201100039672;0;31;0;0;2;1;2;A01
201100039672;0;7;0;0;2;1;2;B01
201100039673;0;7;0;0;2;1;2;A01
201100039673;0;7;0;0;2;4;1;B01
201100039674;0;10;0;0;2;2;1;A01
201100039674;0;7;0;0;2;3;1;B01
201100039675;0;7;0;0;9;2;14;A01
201100039676;0;7;0;0;2;2;1;A01
201100039676;0;7;0;0;2;4;23;B01
201100039677;0;7;0;0;1;2;1;A01
201100039678;0;7;0;0;2;2;17;A01
201100039678;0;20;0;0;2;8;11;B01
201100039679;0;7;0;0;2;1;1;A01
201100039679;0;7;0;0;0;6;1;B01
201100039680;0;7;0;0;1;1;1;A01
201100039681;0;7;0;0;1;4;4;A01
201100039682;2;7;0;0;1;1;2;Z01
201100039683;0;7;0;0;2;1;15;A01
201100039683;0;3;0;0;2;3;1;B01
201100039684;0;7;0;0;2;1;1;B01
201100039684;0;7;0;0;2;1;1;C01
201100039684;0;7;0;0;2;2;15;A01
201100039685;0;7;0;0;2;3;15;B01
201100039685;0;7;0;0;2;2;1;A01
201100039686;0;15;0;0;1;0;15;A01
201100039687;0;7;0;0;2;2;1;A01
201100039687;0;33;0;0;2;2;1;B01
201100039688;0;2;0;0;2;1;1;A01
201100039688;0;7;0;0;2;1;1;B01
201100039689;0;7;0;0;2;1;15;A01
201100039689;0;7;0;0;2;1;1;B01
201100039690;0;7;0;0;2;1;2;A01
201100039690;0;7;0;0;2;4;23;B01
201100039691;0;7;0;0;2;2;0;A01
201100039691;0;7;0;0;2;1;0;B01
201100039692;0;10;0;8;0;1;6;A01
201100039693;0;10;0;0;2;4;1;B01
201100039693;0;10;0;0;2;1;2;A01
201100039694;0;7;0;0;2;7;24;B01
201100039694;0;7;0;1;0;8;16;A01
201100039695;0;37;1;0;2;4;2;A01
201100039696;0;33;0;0;1;1;1;A01
201100039697;0;7;0;0;1;2;1;A01
201100039698;0;7;0;6;0;9;2;A01
201100039699;0;7;0;0;2;3;9;A01
201100039699;0;7;0;0;2;1;1;B01
201100039700;0;10;0;7;4;8;15;A01
201100039700;0;40;1;0;2;1;1;B01
201100039701;0;33;0;8;0;1;15;A01
201100039702;0;7;0;0;1;1;1;A01
201100039703;0;1;0;0;2;1;13;A01
201100039703;0;7;0;0;2;1;1;B01
201100039704;0;10;0;15;0;1;0;A01
201100039705;0;7;0;0;1;2;0;A01
201100039706;0;10;0;0;2;3;1;B01
201100039706;0;10;0;6;0;7;19;A01
201100039706;0;10;0;0;2;2;1;C01
201100039707;0;7;0;0;1;3;20;A01
201100039708;0;7;0;0;1;1;0;A01
201100039709;0;1;0;0;2;1;13;A01
201100039709;0;7;0;0;2;1;1;B01
201100039710;0;33;0;0;2;1;1;B01
201100039710;0;7;0;0;2;2;9;A01
201100039711;0;7;0;0;2;4;4;A01
201100039711;0;7;0;0;2;1;1;B01
201100039712;0;31;0;0;2;1;3;A01
201100039712;0;10;0;0;2;6;10;B01
201100039713;0;10;0;0;2;2;1;A01
201100039713;0;7;0;0;2;3;1;B01
201100039714;0;1;0;0;2;1;0;A01
201100039714;0;7;0;0;0;4;0;B01
201100039715;0;7;0;0;2;2;1;B01
201100039715;1;7;0;0;2;1;1;Z01
201100039716;0;7;0;8;0;1;2;A01
201100039717;0;1;0;0;2;1;1;A01
201100039717;0;7;0;0;2;3;1;B01
201100039718;0;10;0;0;2;4;0;C01
201100039718;0;7;0;0;2;4;1;B01
201100039718;0;10;0;0;2;1;1;A01
201100039719;0;10;0;0;2;1;15;A01
201100039719;0;7;0;0;0;1;1;B01
201100039720;0;7;0;0;0;0;1;A01
201100039720;0;33;0;0;0;0;0;B01
201100039721;0;7;0;0;2;1;2;A01
201100039721;0;7;0;0;2;4;1;B01
201100039722;0;7;0;0;9;0;2;A01
201100039723;0;7;0;0;2;1;1;B01
201100039723;0;7;0;16;2;1;13;A01
201100039724;0;7;0;0;2;3;0;A01
201100039724;0;1;0;0;2;1;0;B01
201100039725;0;33;0;0;2;1;0;B01
201100039725;0;7;0;0;2;2;0;A01
201100039726;0;7;0;0;1;1;1;A01
201100039727;0;7;0;0;1;1;2;A01
201100039728;0;7;0;0;2;2;1;A01
201100039728;0;7;0;8;2;1;1;B01
201100039729;0;7;0;0;2;4;0;B01
201100039729;1;33;0;0;2;1;0;Z01
201100039730;0;7;0;0;2;3;18;A01
201100039730;0;7;0;0;2;5;12;B01
201100039730;0;7;0;0;2;9;0;C01
201100039731;0;7;0;0;2;2;2;C01
201100039731;0;7;0;0;0;0;2;A01
201100039731;0;7;0;0;2;4;2;B01
201100039732;0;10;0;12;2;3;2;A01
201100039732;0;10;0;7;2;8;2;B01
201100039733;0;30;0;0;2;1;17;A01
201100039733;0;7;0;0;2;6;16;B01
201100039734;0;7;0;0;1;5;1;A01
201100039735;0;7;0;0;2;3;1;A01
201100039735;0;7;0;0;2;3;1;B01
201100039736;0;10;0;0;2;3;15;A01
201100039736;0;10;0;0;2;1;1;B01
201100039737;0;30;0;0;2;7;17;A01
201100039737;0;7;0;0;2;3;15;B01
201100039738;0;30;0;7;0;1;13;A01
201100039739;0;7;0;0;0;9;0;A01
201100039740;0;10;0;4;2;6;1;B01
201100039740;0;10;0;0;2;1;0;A01
201100039741;0;33;0;0;2;8;18;B01
201100039741;0;7;0;0;2;6;9;A01
201100039742;0;7;0;0;2;1;1;A01
201100039742;0;7;0;0;2;4;1;B01
201100039743;1;7;0;0;2;3;16;A01
201100039743;0;31;0;0;2;2;1;B01
201100039744;0;10;0;0;2;1;2;B01
201100039744;0;10;0;0;2;4;23;A01
201100039745;0;7;0;0;2;9;1;B01
201100039745;0;7;0;0;2;1;1;A01
201100039746;0;7;0;0;1;1;1;A01
201100039747;0;7;0;0;9;2;15;A01
201100039747;0;32;0;0;2;1;1;B01
201100039748;0;10;0;0;1;3;1;A01
201100039749;0;7;0;0;2;4;23;B01
201100039749;0;7;0;0;2;1;1;A01
201100039750;0;10;0;0;1;7;1;A01
201100039751;0;7;0;7;0;1;2;A01
201100039752;0;10;0;6;0;1;1;A01
201100039753;0;7;0;0;2;3;1;A01
201100039753;0;33;0;0;2;1;1;B01
201100039754;0;7;0;0;2;7;15;A01
201100039754;0;7;0;0;2;2;1;B01
201100039755;0;7;0;0;2;1;2;A01
201100039755;0;7;0;0;2;4;2;B01
201100039756;0;10;0;0;1;2;1;A01
201100039757;0;7;0;0;2;4;1;B01
201100039757;0;7;0;0;2;1;1;A01
201100039758;0;7;0;0;2;2;15;A01
201100039758;0;31;0;0;2;3;14;B01
201100039759;0;7;0;0;2;3;0;A01
201100039759;0;2;0;0;2;3;1;B01
201100039760;0;1;0;0;2;1;1;B01
201100039760;1;10;0;0;9;1;1;Z01
201100039761;0;7;0;0;2;6;4;A01
201100039761;0;7;0;0;2;1;1;B01
201100039762;0;7;0;0;2;1;1;A01
201100039762;0;7;0;0;2;4;1;B01
201100039762;0;7;0;0;2;4;1;C01
201100039763;0;7;0;0;1;3;1;A01
201100039764;0;40;1;0;1;1;1;A01
201100039765;0;7;0;0;2;3;15;A01
201100039765;0;7;0;0;2;3;1;B01
201100039766;0;30;0;0;2;8;18;A01
201100039766;0;7;0;0;2;2;16;B01
201100039767;0;7;0;0;2;1;1;B01
201100039767;0;7;0;0;2;1;15;A01
201100039768;0;10;0;0;2;1;1;A01
201100039768;0;10;0;0;2;7;15;B01
201100039769;0;7;0;0;1;3;1;A01
201100039770;0;30;0;0;2;1;17;A01
201100039770;0;7;0;0;2;4;1;B01
201100039771;0;7;0;0;1;1;1;A01
201100039772;0;10;0;0;2;3;1;B01
201100039772;0;10;0;0;2;1;15;A01
201100039773;0;30;0;16;0;7;1;A01
201100039774;0;10;0;0;2;2;15;A01
201100039774;0;7;0;0;2;8;1;B01
201100039775;0;7;0;0;2;1;23;C01
201100039775;0;7;0;0;2;2;2;A01
201100039775;0;7;0;0;2;9;15;B01
201100039776;0;10;0;0;1;1;1;A01
201100039777;0;7;0;0;1;1;1;A01
201100039778;0;7;0;0;1;1;1;A01
201100039779;0;7;0;0;9;4;2;A01
201100039780;0;10;0;1;2;7;1;B01
201100039780;0;10;0;0;0;6;24;C01
201100039780;0;10;0;0;2;1;1;A01
201100039781;0;10;0;6;0;3;1;A01
201100039782;0;7;0;0;1;2;1;A01
201100039783;0;10;0;0;2;3;13;A01
201100039783;0;10;0;0;2;3;1;B01
201100039784;0;7;0;0;2;1;1;B01
201100039784;0;7;0;0;2;7;15;A01
201100039785;0;7;0;0;2;2;1;A01
201100039785;0;7;0;0;2;3;15;B01
201100039786;0;7;0;0;2;3;16;B01
201100039786;0;7;0;0;2;2;1;A01
201100039787;0;30;0;11;2;1;17;A01
201100039787;0;7;0;0;2;1;1;B01
201100039788;0;7;0;2;0;2;15;A01
201100039789;0;10;0;0;2;2;15;B01
201100039789;0;32;0;0;2;7;1;A01
201100039790;0;7;0;0;2;5;1;A01
201100039790;0;7;0;0;2;3;1;B01
201100039791;0;7;0;0;2;8;0;B01
201100039791;0;7;0;0;2;2;1;A01
201100039792;0;7;0;0;1;2;1;A01
201100039793;0;7;0;0;2;3;16;A01
201100039793;0;32;0;0;2;1;15;B01
201100039794;0;7;0;0;2;1;15;A01
201100039794;0;7;0;0;2;1;1;B01
201100039795;0;7;0;0;2;1;1;A01
201100039795;0;7;0;0;2;8;15;B01
201100039796;0;7;0;0;2;3;1;A01
201100039796;0;7;0;0;2;3;15;B01
201100039797;0;7;0;0;2;3;1;A01
201100039797;0;7;0;0;2;3;15;B01
201100039798;0;30;0;0;2;1;1;A01
201100039798;0;7;0;0;2;4;2;B01
201100039799;0;7;0;15;0;3;1;A01
201100039800;0;7;0;0;2;4;0;B01
201100039800;0;7;0;0;2;1;2;A01
201100039801;0;1;0;0;2;1;21;B01
201100039801;0;7;0;0;9;3;16;A01
201100039802;0;10;0;0;2;1;2;B01
201100039802;0;7;0;0;2;4;23;A01
201100039803;0;38;1;0;1;7;16;B01
201100039804;0;33;0;0;2;1;0;A01
201100039804;0;15;0;0;0;0;11;B01
201100039805;0;7;0;0;1;3;1;A01
201100039806;0;31;0;0;2;7;2;A01
201100039806;1;10;0;0;2;8;2;B01
201100039807;0;7;0;0;1;4;4;A01
201100039808;0;7;0;0;2;1;1;B01
201100039808;0;7;0;4;2;1;5;A01
201100039809;0;3;0;1;0;2;2;A01
201100039810;0;7;0;0;1;2;2;A01
201100039811;0;7;0;0;1;3;1;A01
201100039812;0;7;0;0;1;1;2;A01
201100039813;0;99;0;0;0;3;11;A01
201100039813;0;1;0;0;9;7;15;B01
201100039814;0;7;0;0;1;7;1;A01
201100039815;0;2;0;0;2;3;1;A01
201100039815;0;7;0;0;0;6;15;B01
201100039816;0;7;0;1;0;1;0;A01
201100039816;0;1;0;0;2;8;0;B01
201100039817;0;1;0;2;2;3;18;A01
201100039817;0;7;0;0;9;2;2;B01
201100039818;0;7;0;0;1;1;2;A01
201100039819;0;37;1;0;1;3;0;A01
201100039820;0;7;0;0;2;5;1;B01
201100039820;0;7;0;0;2;3;16;A01
201100039821;0;7;0;0;1;2;2;A01
201100039822;1;7;0;0;9;7;21;A01
201100039822;0;2;0;0;2;8;11;B01
201100039822;0;15;0;0;0;8;1;C01
201100039823;0;7;0;0;2;3;15;A01
201100039823;0;2;0;0;2;1;0;B01
201100039824;0;7;0;0;0;8;1;A01
201100039824;2;30;0;0;2;1;1;B01
201100039825;0;31;0;0;2;1;2;A01
201100039825;0;7;0;0;0;4;23;B01
201100039826;0;7;0;0;1;1;1;A01
201100039827;0;7;0;0;1;5;15;A01
201100039828;0;7;0;0;1;2;0;A01
201100039829;0;7;0;0;1;1;15;A01
201100039830;1;7;0;0;1;1;15;Z01
201100039831;0;34;0;6;0;1;0;A01
201100039832;0;7;0;0;1;2;1;A01
201100039833;0;2;0;0;2;5;1;A01
201100039833;1;7;0;0;2;3;10;Z01
201100039834;0;7;0;0;2;1;2;A01
201100039834;0;7;0;0;0;4;23;B01
201100039835;0;7;0;0;2;6;12;A01
201100039835;0;2;0;0;2;3;1;B01
201100039836;0;7;0;0;2;8;23;B01
201100039836;0;7;0;0;2;1;1;A01
201100039837;0;30;0;0;2;0;1;B01
201100039837;0;7;0;0;2;0;9;A01
201100039838;0;33;0;0;2;1;1;B01
201100039838;1;7;0;0;2;1;15;Z01
201100039838;0;7;0;0;2;5;1;C01
201100039839;0;7;0;0;2;3;10;A01
201100039839;0;33;0;0;2;1;1;B01
201100039840;0;7;0;0;2;6;16;A01
201100039840;0;33;0;0;2;1;1;B01
201100039841;0;7;0;0;1;1;1;A01
201100039842;0;2;0;0;2;1;1;B01
201100039842;0;7;0;0;2;3;0;A01
201100039843;0;30;0;0;2;1;5;A01
201100039843;0;7;0;0;2;1;1;B01
201100039844;0;7;0;0;2;1;15;A01
201100039844;0;2;0;0;2;1;1;B01
201100039845;0;7;0;0;1;2;1;A01
201100039846;0;33;0;0;0;4;1;B01
201100039847;0;40;1;0;1;2;1;B01
201100039848;0;32;0;0;2;1;1;B01
201100039848;0;7;0;0;2;4;1;A01
201100039849;0;7;0;0;0;4;23;B01
201100039849;0;7;0;0;2;1;2;A01
201100039850;0;7;0;0;1;1;1;A01
201100039851;0;7;0;0;1;1;10;A01
201100039852;0;7;0;0;1;7;1;A01
201100039853;1;7;0;0;1;1;1;Z01
201100039854;0;33;0;0;2;3;2;A01
201100039854;0;7;0;0;2;5;2;B01
201100039855;0;7;0;0;2;1;15;A01
201100039855;0;32;0;0;2;1;1;B01
201100039856;0;7;0;0;1;1;11;A01
201100039857;1;7;0;0;2;3;13;A01
201100039857;0;32;0;0;2;7;1;B01
201100039858;0;1;0;0;2;1;5;B01
201100039858;0;7;0;0;2;1;1;A01
201100039859;0;7;0;0;2;4;1;B01
201100039859;0;33;0;0;2;1;1;A01
201100039860;0;7;0;0;2;7;15;A01
201100039860;0;33;0;0;2;9;1;B01
201100039861;0;7;0;0;1;4;4;A01
201100039862;0;7;0;0;2;2;15;A01
201100039862;0;33;0;0;2;1;1;B01
201100039863;0;7;0;1;2;1;2;A01
201100039863;0;7;0;0;0;0;2;C01
201100039863;0;7;0;0;0;0;24;B01
201100039864;0;2;0;11;0;3;1;A01
201100039865;0;7;0;1;0;3;22;A01
201100039865;0;1;0;0;0;0;1;B01
201100039866;0;7;0;0;2;8;16;A01
201100039866;0;32;0;0;2;1;1;B01
201100039867;0;7;0;0;1;1;1;A01
201100039868;0;7;0;0;2;7;2;B01
201100039868;0;7;0;7;2;3;13;A01
201100039869;0;7;0;0;2;1;1;B01
201100039869;0;7;0;0;2;3;1;A01
201100039870;0;1;0;0;2;1;1;C01
201100039870;0;7;0;0;2;5;1;A01
201100039870;0;7;0;0;2;3;1;B01
201100039871;0;7;0;0;2;7;15;A01
201100039871;0;33;0;0;2;2;1;B01
201100039872;0;33;0;0;2;1;1;B01
201100039872;0;7;0;0;2;3;15;A01
201100039873;0;30;0;0;2;1;1;B01
201100039873;0;7;0;0;2;1;1;A01
201100039874;0;2;0;0;2;3;1;A01
201100039874;0;7;0;0;2;1;15;B01
201100039875;0;7;0;12;1;3;1;A01
201100039876;0;7;0;0;2;8;10;A01
201100039876;0;2;0;0;2;2;2;B01
201100039877;0;7;0;0;1;8;15;A01
201100039878;0;33;0;0;1;4;17;A01
201100039879;0;34;0;8;0;8;18;A01
201100039880;0;33;0;0;2;1;15;A01
201100039880;0;7;0;0;2;6;1;C01
201100039880;0;7;0;0;2;1;1;D01
201100039880;0;7;0;0;2;3;0;B01
201100039881;0;7;0;0;1;2;1;A01
201100039882;0;7;0;0;2;7;1;B01
201100039882;0;7;0;0;2;1;1;A01
201100039883;0;7;0;0;1;1;1;A01
201100039884;0;2;0;0;2;8;18;A01
201100039884;0;37;1;0;2;7;16;B01
201100039885;0;7;0;0;2;2;1;A01
201100039885;0;30;0;0;2;8;1;B01
201100039886;0;7;0;0;2;1;1;A01
201100039886;0;30;0;8;0;1;21;B01
201100039887;1;7;0;0;1;2;1;Z01
201100039888;0;30;0;0;2;1;2;A01
201100039888;0;30;0;0;0;1;13;B01
201100039889;1;7;0;0;2;2;9;A01
201100039889;0;7;0;5;2;8;1;B01
201100039890;0;7;0;0;1;1;1;A01
201100039891;0;7;0;0;1;4;4;A01
201100039892;0;30;0;1;0;7;12;A01
201100039893;0;7;0;0;1;8;18;A01
201100039894;0;33;0;0;1;2;1;A01
201100039895;0;7;0;0;0;3;19;A01
201100039895;0;33;0;0;0;2;1;B01
201100039896;0;7;0;0;2;6;23;A01
201100039896;0;7;0;0;2;2;0;B01
201100039897;1;7;0;0;1;1;2;A01
201100039898;0;7;0;0;1;1;16;A01
201100039899;0;37;1;0;1;7;16;A01
201100039900;0;7;0;0;1;2;1;A01
201100039901;0;7;0;0;1;1;1;A01
201100039902;0;7;0;1;2;3;13;A01
201100039902;0;7;0;0;2;2;17;B01
201100039903;0;7;0;0;1;3;1;A01
201100039904;0;7;0;0;2;4;15;B01
201100039904;0;7;0;0;2;1;1;A01
201100039905;0;7;0;0;1;1;1;A01
201100039906;1;7;0;1;0;2;1;A01
201100039907;1;7;0;0;0;0;0;Z01
201100039907;0;30;0;0;2;2;0;A01
201100039908;0;7;0;0;2;3;1;B01
201100039908;0;7;0;0;2;2;15;A01
201100039909;0;7;0;0;1;1;1;A01
201100039910;0;31;0;0;2;1;1;B01
201100039910;1;7;0;0;2;6;19;A01
201100039911;0;7;0;0;0;0;1;A01
201100039911;1;7;0;0;0;0;0;Z01
201100039912;0;7;0;0;2;2;15;A01
201100039912;0;7;0;0;2;1;1;B01
201100039913;0;7;0;0;2;8;13;B01
201100039913;0;30;0;0;2;1;2;A01
201100039914;0;7;0;15;0;1;20;A01