num_acc;senc;catv;occutc;obs;obsm;choc;manv;num_veh
201100039915;0;7;0;0;2;2;17;C01
201100039915;0;7;0;0;2;1;9;A01
201100039915;0;7;0;0;0;4;1;B01
201100039916;0;7;0;0;2;3;13;B01
201100039916;0;7;0;0;2;1;13;A01
201100039917;0;30;0;0;2;1;1;A01
201100039917;0;99;0;0;9;3;1;B01
201100039918;0;7;0;0;1;2;1;A01
201100039919;0;7;0;0;2;7;2;B01
201100039919;0;7;0;0;2;3;2;A01
201100039920;0;30;0;0;2;7;16;B01
201100039920;0;7;0;0;0;3;16;A01
201100039921;0;7;0;0;1;1;1;A01
201100039922;0;7;0;0;2;1;2;A01
201100039922;0;7;0;0;0;4;2;B01
201100039923;0;7;0;0;2;1;0;A01
201100039923;0;7;0;0;2;1;0;B01
201100039924;0;32;0;1;2;1;21;A01
201100039925;0;7;0;0;2;1;0;A01
201100039925;0;7;0;0;2;1;1;B01
201100039925;0;7;0;0;2;8;1;C01
201100039925;0;7;0;0;2;1;1;D01
201100039925;0;7;0;0;2;3;1;E01
201100039926;0;13;0;0;9;7;17;A01
201100039926;0;1;0;0;2;8;2;B01
201100039927;0;7;0;0;2;8;10;A01
201100039927;0;2;0;0;2;1;1;B01
201100039928;0;7;0;0;1;6;2;A01
201100039929;0;7;0;1;0;2;0;A01
201100039930;0;40;1;0;1;3;1;B01
201100039931;0;7;0;2;0;2;2;A01
201100039932;0;7;0;0;9;3;16;A01
201100039932;0;30;0;0;2;1;2;B01
201100039933;0;7;0;0;1;8;4;A01
201100039934;0;30;0;0;1;7;2;A01
201100039935;0;7;0;0;2;1;5;A01
201100039935;0;7;0;0;2;1;2;B01
201100039936;0;10;0;0;2;2;15;A01
201100039936;0;7;0;0;2;1;0;B01
201100039937;0;7;0;0;1;3;1;A01
201100039938;0;7;0;12;2;5;12;B01
201100039938;2;7;0;0;2;1;9;Z01
201100039939;0;40;20;0;1;1;1;A01
201100039940;0;7;0;2;0;1;21;B01
201100039941;0;7;0;0;2;6;23;B01
201100039941;0;7;0;0;2;2;21;A01
201100039942;0;30;0;0;2;1;5;A01
201100039942;0;37;1;0;2;2;1;B01
201100039943;0;7;0;16;0;9;9;A01
201100039944;0;7;0;0;9;6;15;A01
201100039944;0;33;0;0;2;1;1;B01
201100039945;0;7;0;2;0;2;14;A01
201100039945;1;99;0;0;0;0;0;Z01
201100039946;0;7;0;0;1;2;1;A01
201100039947;0;7;0;0;0;1;1;A01
201100039947;0;1;0;0;2;0;15;B01
201100039948;0;7;0;0;2;1;1;A01
201100039948;0;30;0;0;2;9;15;B01
201100039949;0;37;15;0;1;1;1;A01
201100039950;0;7;0;0;2;7;1;B01
201100039950;0;7;0;1;2;1;1;A01
201100039951;0;7;0;0;2;2;1;B01
201100039951;0;7;0;0;2;1;15;A01
201100039952;0;7;0;0;2;1;1;A01
201100039952;0;7;0;8;2;5;15;B01
201100039953;0;7;0;0;1;3;1;A01
201100039954;0;31;0;0;2;1;2;A01
201100039954;0;7;0;0;2;6;15;B01
201100039955;0;7;0;0;2;1;1;B01
201100039955;0;7;0;0;2;2;1;A01
201100039956;0;17;0;0;2;2;16;A01
201100039956;0;7;0;0;2;3;1;B01
201100039957;0;7;0;8;0;1;1;A01
201100039958;0;1;0;0;2;0;1;B01
201100039958;0;7;0;0;2;0;16;A01
201100039959;0;7;0;0;2;8;1;B01
201100039959;0;7;0;0;2;1;15;A01
201100039960;0;10;0;0;2;2;1;B01
201100039960;0;7;0;0;2;1;10;A01
201100039961;0;10;0;0;2;0;12;A01
201100039961;0;2;0;0;2;8;1;B01
201100039962;0;33;0;0;2;2;1;B01
201100039962;0;7;0;0;2;1;15;A01
201100039963;0;30;0;0;2;8;15;B01
201100039963;0;10;0;0;2;2;15;A01
201100039964;0;7;0;0;1;3;1;A01
201100039965;0;31;0;0;2;1;2;A01
201100039965;0;7;0;0;2;6;23;B01
201100039966;0;33;0;0;2;1;1;B01
201100039966;0;7;0;0;2;1;15;A01
201100039967;0;7;0;0;2;3;15;B01
201100039967;0;7;0;0;2;1;1;A01
201100039968;0;7;0;0;2;6;16;B01
201100039968;0;7;0;0;2;1;15;A01
201100039969;0;7;0;0;2;8;1;B01
201100039969;0;7;0;0;2;1;1;A01
201100039970;0;7;0;0;1;2;1;A01
201100039971;0;30;0;12;0;0;17;A01
201100039972;0;7;0;0;2;4;23;B01
201100039972;0;7;0;0;2;1;1;A01
201100039973;0;7;0;0;2;2;1;A01
201100039973;0;30;0;0;2;1;16;B01
201100039974;0;7;0;0;2;2;15;B01
201100039974;0;31;0;0;2;1;13;A01
201100039975;0;33;0;14;0;1;1;C01
201100039975;0;7;0;0;0;4;23;B01
201100039975;0;7;0;14;0;4;1;A01
201100039975;0;7;0;0;2;3;1;D01
201100039976;0;7;0;15;2;3;16;A01
201100039976;0;17;0;0;2;7;1;B01
201100039977;0;7;0;0;2;0;1;A01
201100039977;0;1;0;0;2;0;19;B01
201100039978;0;7;0;0;2;7;3;A01
201100039978;0;7;0;0;2;3;1;B01
201100039979;0;2;0;0;2;8;15;B01
201100039979;0;7;0;0;2;0;15;A01
201100039980;0;7;0;0;1;3;16;A01
201100039981;0;7;0;7;0;1;1;A01
201100039982;0;7;0;8;0;1;1;A01
201100039983;0;7;0;0;2;7;15;B01
201100039983;0;7;0;0;2;3;15;A01
201100039984;0;7;0;0;2;1;1;A01
201100039984;0;7;0;1;2;6;20;B01
201100039985;0;7;0;6;0;1;1;A01
201100039986;0;7;0;0;2;7;1;A01
201100039986;0;7;0;0;2;1;1;B01
201100039987;0;7;0;6;0;1;13;A01
201100039988;0;33;0;0;2;1;1;B01
201100039988;0;7;0;0;2;2;10;A01
201100039989;0;7;0;15;2;0;1;B01
201100039989;0;7;0;12;2;0;1;A01
201100039990;0;7;0;0;0;4;23;B01
201100039990;0;7;0;0;2;1;2;A01
201100039991;0;7;0;0;2;8;1;B01
201100039991;0;32;0;0;2;1;0;A01
201100039992;0;7;0;0;2;1;1;B01
201100039992;0;10;0;0;2;7;15;A01
201100039993;0;7;0;0;1;1;16;A01
201100039994;0;7;0;0;1;0;16;A01
201100039995;0;33;0;0;2;1;1;B01
201100039995;0;7;0;0;2;6;10;A01
201100039996;0;30;0;0;2;1;18;A01
201100039996;0;7;0;0;2;2;15;B01
201100039997;0;7;0;0;2;8;11;B01
201100039997;0;31;0;14;2;2;11;A01
201100039998;0;33;0;0;1;8;17;A01
201100039999;0;7;0;0;0;9;1;A01
201100040000;0;33;0;0;2;2;16;A01
201100040000;0;7;0;0;2;6;1;B01
201100040001;0;7;0;0;2;3;1;A01
201100040001;0;7;0;0;2;3;16;C01
201100040001;0;7;0;0;2;6;1;B01
201100040002;0;7;0;8;0;1;1;A01
201100040003;0;7;0;0;2;1;1;A01
201100040003;0;7;0;15;2;7;1;B01
201100040004;0;7;0;0;2;1;1;A01
201100040004;0;37;20;0;2;3;23;C01
201100040004;0;10;0;0;2;8;15;B01
201100040005;0;31;0;8;2;3;18;A01
201100040005;0;7;0;0;2;7;16;B01
201100040006;0;2;0;0;2;1;1;B01
201100040006;0;7;0;0;2;8;15;A01
201100040007;0;7;0;0;2;1;1;B01
201100040007;0;10;0;0;2;1;15;A01
201100040008;0;7;0;0;2;3;15;B01
201100040008;0;2;0;0;2;2;1;A01
201100040009;0;7;0;0;2;3;1;B01
201100040009;0;7;0;0;2;2;15;A01
201100040010;0;7;0;1;0;2;14;A01
201100040011;0;7;0;0;2;2;10;A01
201100040011;0;7;0;0;2;3;1;B01
201100040012;0;1;0;0;2;8;13;A01
201100040012;0;7;0;0;2;2;1;B01
201100040013;0;10;0;0;2;1;2;A01
201100040013;0;7;0;0;2;4;2;B01
201100040013;0;7;0;0;0;4;2;C01
201100040014;0;7;0;0;2;4;23;A01
201100040014;1;7;0;0;2;1;2;Z01
201100040015;0;7;0;2;0;2;1;A01
201100040016;0;7;0;0;1;2;1;A01
201100040017;0;7;0;0;2;1;5;A01
201100040017;0;7;0;0;2;1;1;B01
201100040018;0;1;0;0;2;3;1;B01
201100040018;0;7;0;0;2;2;15;A01
201100040019;0;30;0;0;0;7;15;A01
201100040020;0;3;0;12;0;3;13;A01
201100040021;0;1;0;0;2;8;1;A01
201100040021;0;7;0;0;2;2;16;B01
201100040022;0;7;0;1;1;0;4;A01
201100040022;0;7;0;0;2;2;24;B01
201100040023;0;7;0;0;2;1;1;A01
201100040023;0;7;0;0;2;3;15;B01
201100040024;0;7;0;0;1;2;1;A01
201100040025;0;7;0;0;2;1;2;A01
201100040025;0;7;0;0;2;4;2;B01
201100040025;0;7;0;0;2;4;1;C01
201100040026;0;7;0;0;1;7;1;A01
201100040027;0;7;0;0;2;6;1;B01
201100040027;0;7;0;0;2;2;1;A01
201100040028;0;7;0;0;4;1;1;A01
201100040028;0;40;1;0;2;7;1;B01
201100040029;0;7;0;0;2;1;1;A01
201100040029;0;15;0;0;2;2;1;B01
201100040030;0;1;0;0;2;5;0;B01
201100040030;0;7;0;0;2;1;9;A01
201100040031;0;7;0;0;2;8;15;A01
201100040031;0;37;1;7;2;1;7;B01
201100040032;0;7;0;0;2;1;1;A01
201100040032;0;14;0;0;2;4;23;B01
201100040033;0;7;0;0;9;3;1;A01
201100040033;0;2;0;0;2;7;1;B01
201100040034;0;7;0;0;1;2;1;A01
201100040035;0;7;0;0;2;2;1;B01
201100040035;0;1;0;0;2;1;19;A01
201100040036;0;7;0;0;2;1;5;A01
201100040036;0;7;0;0;2;1;1;B01
201100040037;0;7;0;0;0;4;2;B01
201100040037;0;7;0;0;2;1;2;A01
201100040038;0;7;0;0;1;1;0;A01
201100040039;0;7;0;0;1;3;1;A01
201100040040;0;1;0;0;0;7;15;B01
201100040040;0;7;0;0;2;1;9;A01
201100040041;0;30;0;0;2;1;1;B01
201100040041;0;7;0;0;0;3;15;A01
201100040042;0;7;0;0;1;2;1;A01
201100040043;0;7;0;0;1;2;1;A01
201100040044;0;7;0;6;0;3;13;A01
201100040045;0;7;0;0;2;2;9;A01
201100040045;0;7;0;0;2;3;9;B01
201100040046;0;30;0;0;0;1;1;A01
201100040047;0;7;0;0;2;2;15;A01
201100040047;0;2;0;0;2;1;1;B01
201100040048;0;7;0;0;1;3;1;A01
201100040049;0;7;0;15;2;2;1;B01
201100040049;0;7;0;0;2;2;15;A01
201100040050;0;30;0;0;2;1;18;B01
201100040050;0;7;0;0;2;2;15;A01
201100040051;0;15;0;0;1;3;21;A01
201100040052;0;33;0;0;2;8;1;B01
201100040052;0;7;0;0;2;6;9;A01
201100040053;0;7;0;0;2;3;9;A01
201100040053;0;30;0;0;2;4;1;B01
201100040054;0;7;0;0;2;3;9;A01
201100040054;0;1;0;0;2;7;1;B01
201100040055;0;7;0;0;2;4;2;B01
201100040055;0;7;0;0;2;4;2;D01
201100040055;0;15;0;0;2;1;1;A01
201100040055;0;7;0;0;2;4;2;C01
201100040056;0;31;0;0;2;5;16;B01
201100040056;0;7;0;0;2;2;9;A01
201100040057;0;7;0;0;1;1;1;A01
201100040058;0;1;0;0;2;1;9;B01
201100040058;0;7;0;0;2;3;1;A01
201100040059;0;7;0;0;2;3;9;A01
201100040059;0;1;0;0;2;1;1;B01
201100040060;0;7;0;0;2;1;13;A01
201100040060;0;7;0;0;2;1;1;B01
201100040061;0;7;0;0;0;4;2;B01
201100040061;0;33;0;0;2;1;2;A01
201100040062;0;7;0;0;1;1;1;A01
201100040063;0;7;0;0;2;1;15;A01
201100040063;0;7;0;0;2;1;1;B01
201100040064;0;1;0;0;2;6;15;B01
201100040064;0;7;0;0;2;3;9;A01
201100040065;0;7;0;0;2;1;1;B01
201100040065;0;7;0;0;2;1;6;A01
201100040066;1;7;0;0;1;1;16;Z01
201100040067;0;7;0;0;2;2;15;A01
201100040067;0;1;0;0;0;2;1;B01
201100040068;0;3;0;15;0;2;1;A01
201100040069;0;7;0;0;2;3;9;A01
201100040069;0;2;0;0;2;1;1;B01
201100040070;0;7;0;0;2;5;5;A01
201100040070;0;7;0;0;2;1;1;B01
201100040071;0;7;0;0;1;7;1;A01
201100040072;0;7;0;0;2;1;15;A01
201100040072;0;30;0;0;2;3;1;B01
201100040073;0;20;0;0;2;4;23;B01
201100040073;0;7;0;0;2;1;2;A01
201100040074;0;7;0;0;1;1;1;A01
201100040075;0;7;0;0;1;2;15;A01
201100040076;0;2;0;0;2;3;1;B01
201100040076;0;7;0;0;2;1;15;A01
201100040077;0;7;0;0;9;2;15;A01
201100040077;0;30;0;0;2;8;1;B01
201100040078;0;20;0;0;1;1;1;A01
201100040079;0;7;0;0;2;1;1;B01
201100040079;0;7;0;0;2;8;9;A01
201100040080;0;33;0;7;2;1;13;A01
201100040080;0;7;0;0;2;1;1;B01
201100040081;0;7;0;0;2;8;9;A01
201100040081;0;2;0;0;2;1;0;B01
201100040082;0;31;0;0;0;2;1;B01
201100040082;0;7;0;0;2;8;15;A01
201100040083;0;7;0;0;2;1;1;B01
201100040083;0;30;0;0;2;1;1;A01
201100040084;0;10;0;0;1;1;1;A01
201100040085;0;33;0;0;2;1;1;B01
201100040085;0;7;0;0;2;8;15;A01
201100040086;0;2;0;0;0;0;1;A01
201100040087;0;30;0;0;2;2;1;B01
201100040087;0;7;0;0;2;5;15;A01
201100040088;0;7;0;0;2;2;1;B01
201100040088;0;7;0;0;2;3;9;A01
201100040089;0;33;0;8;0;1;0;A01
201100040090;0;7;0;0;2;2;1;A01
201100040090;0;1;0;0;2;1;1;B01
201100040091;0;31;0;14;0;1;2;A01
201100040091;0;2;0;14;0;4;2;B01
201100040092;0;7;0;0;2;0;0;A01
201100040092;0;33;0;0;2;1;1;B01
201100040093;0;13;0;0;0;0;0;A01
201100040094;0;7;0;14;0;4;2;B01
201100040094;0;30;0;14;0;4;2;A01
201100040095;0;33;0;0;2;1;1;B01
201100040095;0;7;0;0;2;2;10;A01
201100040096;0;2;0;0;2;1;1;B01
201100040096;0;7;0;0;2;2;15;A01
201100040097;0;7;0;0;2;2;1;A01
201100040097;0;1;0;0;2;4;1;B01
201100040098;0;17;0;3;2;8;1;B01
201100040098;0;7;0;3;2;3;5;A01
201100040098;0;7;0;0;9;0;21;F02
201100040098;0;7;0;0;9;8;1;D01
201100040098;0;7;0;0;2;1;1;C01
201100040098;0;7;0;0;9;8;1;E01
201100040099;0;31;0;0;1;1;17;A01
201100040100;0;7;0;6;0;1;1;A01
201100040101;0;37;1;0;2;1;1;B01
201100040101;0;7;0;12;2;1;5;A01
201100040102;0;7;0;0;2;3;1;B01
201100040102;0;2;0;0;2;1;19;A01
201100040103;0;7;0;0;9;2;1;A01
201100040103;0;30;0;0;2;8;9;B01
201100040104;0;7;0;0;1;1;1;A01
201100040105;0;7;0;0;1;3;1;A01
201100040106;0;7;0;0;2;7;1;A01
201100040106;0;7;0;0;2;1;1;B01
201100040107;0;7;0;0;1;4;4;A01
201100040108;1;15;0;0;1;0;0;Z01
201100040109;0;7;0;14;0;1;2;A01
201100040109;0;7;0;14;0;1;2;B01
201100040109;0;7;0;0;0;4;2;C01
201100040110;0;7;0;0;2;1;1;B01
201100040110;0;31;0;0;2;1;1;A01
201100040111;0;7;0;0;2;1;1;B01
201100040111;0;7;0;8;2;7;19;A01
201100040112;0;7;0;0;1;0;2;A01
201100040113;0;30;0;0;2;1;5;A01
201100040113;0;7;0;0;2;1;1;B01
201100040114;0;37;1;0;2;3;14;B01
201100040114;0;33;0;0;2;1;13;A01
201100040115;0;7;0;0;2;1;1;B01
201100040115;0;7;0;0;2;1;1;C01
201100040115;0;7;0;0;2;4;1;A01
201100040116;0;30;0;0;2;1;1;A01
201100040116;0;7;0;0;2;3;1;B01
201100040117;0;33;0;0;2;1;1;B01
201100040117;0;7;0;0;2;3;19;A01
201100040118;0;1;0;13;0;1;13;A01
201100040119;0;2;0;0;2;1;15;A01
201100040119;0;7;0;0;2;2;1;B01
201100040120;0;1;0;0;2;1;1;A01
201100040120;0;37;24;0;2;3;1;B01
201100040121;0;7;0;0;9;3;0;A01
201100040122;0;7;0;0;2;3;9;A01
201100040122;0;2;0;0;2;1;1;B01
201100040123;0;7;0;0;1;7;1;A01
201100040124;0;7;0;0;1;5;1;A01
201100040125;0;14;0;0;0;5;17;A01
201100040125;0;30;0;0;2;1;17;B01
201100040126;0;7;0;0;1;1;1;A01
201100040127;0;30;0;12;0;3;1;A01
201100040128;0;33;0;15;0;0;0;A01
201100040129;0;7;0;0;2;1;1;B01
201100040129;0;7;0;0;0;8;1;C01
201100040129;0;7;0;0;2;8;1;A01
201100040130;0;7;0;0;1;1;1;A01
201100040131;0;30;0;0;2;1;18;A01
201100040131;0;7;0;0;2;7;1;B01
201100040132;0;7;0;0;0;7;15;A01
201100040132;0;30;0;0;2;1;1;B01
201100040133;0;1;0;0;0;7;1;B01
201100040133;0;7;0;0;2;1;15;A01
201100040134;0;2;0;0;0;0;0;A01
201100040135;0;7;0;0;1;1;1;A01
201100040136;0;7;0;0;2;3;1;B01
201100040136;0;7;0;0;2;1;19;A01
201100040137;0;7;0;0;0;4;1;B01
201100040137;0;15;0;0;2;1;2;A01
201100040138;0;3;0;6;0;1;1;A01
201100040139;0;7;0;0;2;3;1;C01
201100040139;0;7;0;0;2;5;21;D01
201100040139;0;31;0;3;2;1;1;E01
201100040139;0;7;0;0;2;1;1;B01
201100040139;0;7;0;3;2;3;13;A01
201100040140;0;10;0;0;2;8;15;A01
201100040140;0;31;0;0;2;7;17;B01
201100040141;0;2;0;1;0;1;1;A01
201100040142;0;33;0;3;0;3;1;A01
201100040143;0;7;0;0;1;4;20;A01
201100040144;0;7;0;0;2;1;15;A01
201100040144;0;7;0;0;0;3;1;B01
201100040145;0;7;0;0;2;3;1;B01
201100040145;0;7;0;0;2;7;9;A01
201100040146;0;30;0;0;1;1;1;A01
201100040147;0;7;0;9;0;1;14;A01
201100040148;0;30;0;0;2;1;1;B01
201100040148;0;3;0;0;0;7;15;A01
201100040149;0;7;0;0;0;7;1;B01
201100040149;0;14;0;0;2;8;13;A01
201100040150;0;30;0;1;0;1;14;A01
201100040151;0;7;0;0;1;2;1;A01
201100040152;0;30;0;9;0;1;14;A01
201100040153;0;7;0;0;2;1;13;A01
201100040153;0;15;0;0;2;3;1;B01
201100040154;0;7;0;2;0;3;1;A01
201100040155;0;2;0;0;2;1;17;A01
201100040155;0;10;0;0;0;8;15;B01
201100040156;0;31;0;0;0;7;21;A01
201100040156;1;7;0;0;0;0;16;B01
201100040157;0;7;0;2;0;1;14;A01
201100040158;0;10;0;0;2;1;13;A01
201100040158;0;7;0;0;0;8;1;C01
201100040158;0;15;0;0;0;8;21;B01
201100040159;0;7;0;12;0;1;1;A01
201100040160;0;30;0;0;0;0;0;A01
201100040161;0;7;0;0;2;1;13;A01
201100040161;0;7;0;0;0;3;1;B01
201100040162;0;7;0;0;2;1;19;B01
201100040162;0;7;0;0;2;2;19;A01
201100040163;0;7;0;8;0;1;1;A01
201100040164;0;30;0;1;0;1;14;A01
201100040165;0;7;0;0;2;1;15;A01
201100040165;0;1;0;0;2;1;1;B01
201100040166;0;7;0;0;1;2;1;A01
201100040167;0;7;0;0;1;2;1;A01
201100040168;0;7;0;10;0;1;1;A01
201100040169;0;7;0;0;1;3;1;A01
201100040170;0;33;0;0;2;1;1;B01
201100040170;0;7;0;0;2;7;15;A01
201100040171;0;17;0;0;2;5;1;A01
201100040171;0;17;0;0;2;3;1;B01
201100040172;0;7;0;0;2;3;1;A01
201100040172;0;10;0;0;2;6;1;B01
201100040173;0;7;0;0;1;2;1;A01
201100040174;0;2;0;0;2;1;1;A02
201100040174;0;7;0;0;2;2;15;A01
201100040175;0;30;0;0;1;1;1;A01
201100040176;0;1;0;0;2;1;1;A01
201100040176;0;7;0;0;2;2;1;B01
201100040177;0;7;0;0;2;7;1;A01
201100040177;0;7;0;0;2;1;1;B01
201100040178;0;7;0;0;2;3;15;B01
201100040178;0;32;0;0;2;1;17;A01
201100040179;0;7;0;0;2;1;1;B01
201100040179;0;7;0;0;2;1;1;A01
201100040180;0;30;0;0;1;3;1;A01
201100040181;0;7;0;0;0;4;16;B01
201100040181;0;30;0;0;2;1;1;A01
201100040182;0;7;0;0;1;3;1;A01
201100040183;0;32;0;0;2;1;1;A01
201100040183;0;7;0;0;0;6;15;B01
201100040184;0;7;0;0;2;1;1;A01
201100040184;0;1;0;0;0;4;1;B01
201100040185;0;7;0;3;0;3;17;A01
201100040186;0;7;0;0;2;1;1;B01
201100040186;0;7;0;0;2;2;1;A01
201100040187;0;7;0;0;0;1;23;C01
201100040187;0;30;0;1;0;1;1;A01
201100040188;0;30;0;11;0;1;1;A01
201100040189;0;7;0;0;1;1;1;A01
201100040190;0;7;0;0;1;1;1;A01
201100040191;0;7;0;0;1;3;1;A01
201100040192;0;30;0;0;1;1;1;A01
201100040193;0;7;0;0;2;1;1;A01
201100040193;0;7;0;0;2;1;1;B01
201100040194;0;7;0;0;2;3;13;A01
201100040194;0;10;0;0;0;3;1;B01
201100040195;0;7;0;0;0;7;1;A01
201100040195;0;33;0;0;2;1;1;B01
201100040196;0;2;0;0;0;7;1;B01
201100040196;0;7;0;0;2;1;1;A01
201100040197;1;7;0;0;1;1;1;Z01
201100040198;0;7;0;7;0;1;1;A01
201100040199;0;7;0;0;1;1;15;A01
201100040200;0;33;0;16;0;7;16;A01
201100040201;0;7;0;0;2;2;15;A01
201100040201;0;2;0;0;0;1;1;B01
201100040202;0;7;0;0;2;2;10;A01
201100040202;0;2;0;0;0;1;1;B01
201100040203;0;2;0;0;2;1;15;A01
201100040203;0;7;0;0;0;3;1;B01
201100040204;0;7;0;0;0;6;2;B01
201100040204;0;7;0;0;2;1;2;A01
201100040205;0;7;0;0;2;1;2;A01
201100040205;0;7;0;0;0;4;2;B01
201100040206;0;7;0;0;1;2;1;A01
201100040207;0;30;0;16;0;7;1;A01
201100040208;0;7;0;0;0;8;1;B01
201100040208;0;7;0;0;2;1;15;A01
201100040209;0;7;0;0;0;8;10;A01
201100040209;0;33;0;0;0;8;1;C01
201100040209;0;33;0;0;2;1;1;B01
201100040210;1;7;0;0;2;1;1;Z01
201100040210;0;7;0;0;0;7;15;B01
201100040211;0;1;0;0;0;7;1;B01
201100040211;0;7;0;0;2;3;14;A01
201100040212;0;2;0;0;0;7;1;B01
201100040212;0;7;0;0;2;3;9;A01
201100040213;0;7;0;0;1;2;1;A01
201100040214;0;7;0;0;2;1;2;A01
201100040214;0;7;0;0;0;4;2;B01
201100040215;0;7;0;16;0;1;1;A01
201100040216;0;2;0;0;1;1;15;A01
201100040217;0;7;0;0;2;3;15;A01
201100040217;0;2;0;0;0;1;1;B01
201100040218;0;7;0;0;1;4;4;A01
201100040219;0;7;0;16;0;1;1;A01
201100040220;0;7;0;0;1;4;4;A01
201100040221;0;7;0;0;2;8;1;A01
201100040221;0;33;0;0;2;1;1;B01
201100040222;0;2;0;0;2;1;1;B01
201100040222;0;7;0;0;2;1;1;A01
201100040223;0;7;0;0;1;7;1;A01
201100040224;0;7;0;0;0;7;16;B01
201100040224;0;2;0;0;2;1;1;A01
201100040225;0;2;0;16;0;0;1;A01
201100040226;0;31;0;16;0;0;1;A01
201100040227;0;1;0;0;2;1;2;A01
201100040227;0;7;0;0;0;4;2;B01
201100040228;0;40;72;0;1;1;1;A01
201100040229;0;7;0;0;0;0;15;A01
201100040229;0;33;0;16;0;8;1;B01
201100040230;0;7;0;0;1;1;1;A01
201100040231;0;7;0;0;0;4;2;B01
201100040231;0;7;0;0;2;1;2;A01
201100040232;0;33;0;16;0;7;1;A01
201100040233;0;7;0;0;0;1;15;B01
201100040233;0;2;0;0;2;1;1;A01
201100040234;0;2;0;0;2;1;2;A01
201100040234;0;7;0;0;0;4;2;B01
201100040235;0;37;1;0;1;6;1;A01
201100040236;0;33;0;16;0;1;1;A01
201100040237;0;7;0;0;1;1;1;A01
201100040238;0;7;0;12;0;1;12;A01
201100040239;0;7;0;0;1;1;1;A01
201100040240;0;7;0;0;0;3;1;B01
201100040240;0;1;0;0;2;1;1;A01
201100040241;0;2;0;0;2;1;18;A01
201100040241;0;7;0;0;0;2;16;B01
201100040242;0;7;0;0;1;1;9;A01
201100040243;0;31;0;0;2;1;17;A01
201100040243;0;7;0;0;0;8;22;B01
201100040244;0;7;0;0;0;2;16;A01
201100040244;0;2;0;0;2;1;1;B01
201100040245;0;7;0;0;1;1;1;A01
201100040246;0;7;0;0;2;1;9;A01
201100040246;0;1;0;0;0;4;1;B01
201100040247;0;7;0;0;2;1;15;A01
201100040247;0;7;0;0;2;1;1;B01
201100040248;0;7;0;1;0;1;1;A01
201100040249;0;7;0;0;2;1;13;A01
201100040249;0;7;0;0;2;3;1;B01
201100040250;0;7;0;0;2;4;2;B01
201100040250;0;2;0;0;2;1;2;A01
201100040251;0;7;0;15;0;1;1;A01
201100040252;0;7;0;0;2;1;1;B01
201100040252;0;7;0;0;2;5;1;A01
201100040253;0;7;0;0;0;6;20;A01
201100040253;0;2;0;0;2;1;1;B01
201100040254;0;7;0;0;2;1;1;A01
201100040254;0;7;0;0;2;4;2;B01
201100040254;0;7;0;0;0;4;2;C01
201100040255;0;7;0;0;2;1;15;A01
201100040255;0;7;0;0;2;7;1;B01
201100040256;1;7;0;1;0;0;1;Z01
201100040256;0;7;0;0;0;7;24;B01
201100040257;0;7;0;0;0;3;9;A01
201100040257;0;2;0;0;2;1;1;B01
201100040258;0;7;0;0;1;1;1;B01
201100040259;0;7;0;0;0;7;1;B01
201100040259;0;7;0;0;2;1;1;A01
201100040260;0;1;0;0;2;1;1;B01
201100040260;0;7;0;0;0;3;15;A01
201100040261;0;7;0;0;0;4;1;B01
201100040261;0;7;0;0;2;1;1;C01
201100040261;0;10;0;0;0;0;1;A01
201100040262;0;7;0;0;1;1;1;A01
201100040263;0;31;0;16;0;8;1;A01
201100040264;0;7;0;0;0;3;15;A01
201100040264;0;33;0;0;2;1;1;B01
201100040265;0;1;0;0;2;1;1;A01
201100040265;0;7;0;0;0;3;1;B01
201100040266;0;3;0;0;0;1;1;B01
201100040266;0;7;0;0;2;1;15;A01
201100040267;0;7;0;0;5;1;1;A01
201100040268;0;7;0;0;1;2;1;A01
201100040269;0;7;0;0;0;7;24;A01
201100040269;0;1;0;1;0;1;1;B01
201100040270;0;2;0;0;2;7;1;A01
201100040270;0;7;0;0;1;1;16;B01
201100040271;0;2;0;0;2;1;2;A01
201100040271;0;7;0;0;0;4;1;B01
201100040272;0;2;0;0;2;1;2;A01
201100040272;0;7;0;0;0;4;2;B01
201100040273;0;7;0;0;1;1;1;A01
201100040274;0;7;0;0;1;3;1;B01
201100040274;0;32;0;0;2;7;13;A01
201100040275;0;1;0;0;1;1;1;A01
201100040276;0;7;0;0;2;1;1;B01
201100040276;0;7;0;0;2;1;15;A01
201100040277;0;33;0;0;2;1;1;A01
201100040277;0;7;0;0;0;4;15;B01
201100040278;0;33;0;13;0;1;21;B01
201100040278;0;7;0;0;0;0;10;A01
201100040279;0;7;0;0;2;4;20;A01
201100040279;0;2;0;0;0;8;1;B01
201100040280;0;7;0;0;0;3;16;A01
201100040280;0;2;0;0;2;1;1;B01
201100040281;1;7;0;0;2;1;0;Z01
201100040281;0;2;0;0;0;4;1;B01
201100040282;0;7;0;0;1;2;1;A01
201100040283;0;33;0;0;0;8;1;B01
201100040283;0;7;0;0;2;1;1;A01
201100040284;0;1;0;0;2;1;1;B01
201100040284;0;7;0;0;2;8;15;A01
201100040285;0;2;0;0;2;7;1;B01
201100040285;0;7;0;0;0;6;15;A01
201100040286;0;7;0;0;2;4;2;B01
201100040286;0;7;0;0;2;1;2;A01
201100040286;0;7;0;0;0;4;2;C01
201100040287;0;7;0;0;0;4;2;D01
201100040287;0;7;0;0;2;1;2;B01