num_acc;senc;catv;occutc;obs;obsm;choc;manv;num_veh
201100040287;0;7;0;0;2;1;2;A01
201100040287;0;7;0;0;2;4;2;C01
201100040288;0;33;0;0;2;1;1;B01
201100040288;0;33;0;0;0;8;10;A01
201100040289;0;7;0;0;2;8;22;A01
201100040289;0;1;0;0;0;7;1;B01
201100040290;0;7;0;0;1;1;1;A01
201100040291;0;7;0;0;1;1;1;A01
201100040292;0;7;0;0;2;1;2;A01
201100040292;0;7;0;0;0;4;2;B01
201100040292;0;7;0;0;2;1;2;C01
201100040293;0;31;0;0;2;1;1;A01
201100040293;0;7;0;0;0;3;0;B01
201100040294;0;10;0;0;0;4;2;B01
201100040294;0;17;0;0;2;1;2;A01
201100040295;0;7;0;0;0;4;2;D01
201100040295;0;7;0;0;2;1;2;A01
201100040295;0;7;0;0;2;4;2;B01
201100040295;0;33;0;0;2;4;2;C01
201100040296;0;7;0;0;2;4;2;B01
201100040296;0;7;0;0;2;3;2;A01
201100040296;0;7;0;0;0;1;1;C01
201100040297;0;7;0;0;1;1;1;A01
201100040298;0;7;0;0;2;8;13;A01
201100040298;0;33;0;0;0;7;17;B01
201100040299;0;1;0;0;0;8;1;B01
201100040299;0;7;0;0;2;2;16;A01
201100040300;0;2;0;0;2;1;1;B01
201100040300;0;7;0;0;0;5;1;A01
201100040301;0;33;0;1;0;4;2;B01
201100040301;0;7;0;0;2;1;2;A01
201100040302;0;7;0;0;1;6;15;A01
201100040303;0;7;0;0;0;4;2;B01
201100040303;0;7;0;0;2;1;2;A01
201100040304;0;7;0;0;0;4;2;B01
201100040304;0;7;0;0;2;1;2;A01
201100040305;0;7;0;0;0;0;0;A01
201100040305;0;33;0;0;2;0;0;B01
201100040306;0;7;0;0;2;4;2;D01
201100040306;0;7;0;0;2;1;2;A01
201100040306;0;7;0;0;2;4;2;C01
201100040306;0;7;0;0;2;4;2;B01
201100040307;0;30;0;0;2;1;0;B01
201100040307;0;7;0;0;2;3;0;A01
201100040308;0;7;0;6;0;1;1;A01
201100040309;1;7;0;0;1;1;1;Z01
201100040310;0;7;0;0;2;1;15;A01
201100040310;0;7;0;0;2;3;1;B01
201100040311;0;7;0;0;2;3;15;B01
201100040311;0;2;0;0;2;1;1;A01
201100040312;0;7;0;0;2;2;0;A01
201100040312;0;7;0;0;2;1;1;B01
201100040313;0;7;0;0;2;1;2;A01
201100040313;0;7;0;0;0;4;15;B01
201100040314;0;7;0;0;2;1;2;A01
201100040314;0;20;0;0;0;4;15;B01
201100040315;0;33;0;16;0;7;1;A01
201100040316;0;7;0;0;1;1;1;A01
201100040317;0;33;0;0;2;1;1;B01
201100040317;0;7;0;0;0;8;15;A01
201100040318;0;7;0;0;1;4;2;B01
201100040318;0;7;0;0;2;1;2;A01
201100040319;0;2;0;0;0;0;0;A01
201100040320;0;7;0;8;0;1;15;A01
201100040321;0;2;0;16;0;7;1;A01
201100040322;0;7;0;0;0;3;20;B01
201100040322;0;2;0;0;2;2;1;A01
201100040323;0;7;0;0;2;8;10;A01
201100040323;0;10;0;0;0;2;1;B01
201100040324;0;10;0;0;1;1;15;A01
201100040325;0;7;0;0;1;1;1;A01
201100040326;0;33;0;0;2;1;2;A01
201100040326;0;7;0;0;2;4;2;B01
201100040326;0;7;0;0;2;4;2;C01
201100040327;0;7;0;0;2;1;2;A01
201100040327;0;7;0;0;2;4;2;B01
201100040328;0;7;0;0;0;1;1;A01
201100040329;0;33;0;16;0;1;1;A01
201100040330;0;10;0;0;1;5;17;A01
201100040330;0;14;0;0;0;0;1;B01
201100040331;0;2;0;0;0;1;1;B01
201100040331;0;7;0;0;2;1;15;A01
201100040332;0;7;0;0;0;3;15;A01
201100040332;0;33;0;0;2;1;1;B01
201100040333;0;7;0;16;0;1;1;A01
201100040334;0;7;0;0;2;1;1;A01
201100040334;0;7;0;0;0;7;15;B01
201100040335;0;7;0;0;1;1;1;A01
201100040336;0;7;0;0;2;1;2;A01
201100040336;0;7;0;0;0;4;2;C01
201100040336;0;33;0;0;0;4;23;B01
201100040337;0;1;0;0;0;8;15;B01
201100040337;0;7;0;0;2;2;1;A01
201100040338;0;7;0;0;2;4;2;B01
201100040338;0;10;0;0;2;1;2;A01
201100040338;0;7;0;0;2;4;2;C01
201100040339;0;7;0;0;9;7;16;A01
201100040339;0;1;0;0;2;8;1;B01
201100040340;0;7;0;0;2;4;2;B01
201100040340;0;7;0;0;2;4;2;C01
201100040340;0;7;0;0;2;4;2;D01
201100040340;0;7;0;0;2;1;2;A01
201100040341;0;37;1;0;0;2;1;B01
201100040341;0;7;0;0;2;1;15;A01
201100040342;0;14;0;0;2;8;1;A01
201100040342;0;33;0;0;2;7;3;B01
201100040343;0;2;0;16;0;0;1;A01
201100040344;0;7;0;0;0;4;2;B01
201100040344;0;7;0;0;2;1;2;A01
201100040345;0;7;0;16;0;1;1;A01
201100040346;0;10;0;10;0;1;1;A01
201100040347;0;2;0;0;2;1;18;A01
201100040347;0;7;0;0;0;2;16;B01
201100040348;0;7;0;0;1;5;16;A01
201100040349;0;7;0;0;0;1;1;B01
201100040349;0;7;0;0;2;2;16;A01
201100040350;0;7;0;0;2;6;15;A01
201100040350;0;30;0;0;2;1;1;B01
201100040351;0;1;0;0;2;4;1;B01
201100040351;0;7;0;0;2;2;16;A01
201100040352;0;2;0;0;2;1;1;A01
201100040352;0;7;0;0;0;3;1;B01
201100040353;0;7;0;0;2;2;1;A01
201100040353;0;30;0;0;2;1;1;B01
201100040354;0;1;0;0;2;1;19;B01
201100040354;0;7;0;0;2;2;1;A01
201100040355;0;33;0;0;1;7;15;A01
201100040356;0;2;0;0;2;1;2;A01
201100040356;0;7;0;0;0;4;15;B01
201100040357;0;7;0;0;1;1;1;A01
201100040358;0;7;0;0;0;7;15;B01
201100040358;0;31;0;0;2;1;1;A01
201100040359;0;7;0;0;0;5;15;A01
201100040359;0;7;0;0;2;1;1;B01
201100040360;0;7;0;0;0;4;2;B01
201100040360;0;7;0;0;2;1;2;A01
201100040361;0;7;0;0;0;6;16;B01
201100040361;0;7;0;0;2;2;2;A01
201100040362;0;33;0;0;2;1;18;A01
201100040362;0;7;0;6;0;2;16;B01
201100040363;0;2;0;0;2;1;1;A01
201100040363;0;7;0;0;0;7;1;B01
201100040364;0;1;0;0;0;4;1;B01
201100040364;1;7;0;0;2;1;1;Z01
201100040365;0;7;0;0;2;1;1;B01
201100040365;0;7;0;0;2;1;9;A01
201100040366;0;7;0;0;1;1;1;A01
201100040367;0;7;0;0;0;4;2;C01
201100040367;0;10;0;0;2;1;2;A01
201100040367;0;7;0;0;2;4;2;B01
201100040368;0;7;0;0;1;1;1;A01
201100040369;0;7;0;0;2;1;2;A01
201100040369;0;7;0;0;0;4;2;B01
201100040370;0;40;55;0;1;8;1;A01
201100040371;0;7;0;0;1;2;1;A01
201100040372;0;7;0;0;1;2;1;A01
201100040373;0;33;0;0;1;1;9;A01
201100040374;0;7;0;0;1;1;1;A01
201100040375;1;2;0;0;0;0;1;Z01
201100040375;0;31;0;0;0;0;21;B01
201100040376;0;10;0;0;0;4;2;C01
201100040376;0;7;0;0;2;4;2;B01
201100040376;0;7;0;0;2;1;2;A01
201100040377;0;7;0;1;0;0;15;B01
201100040377;0;7;0;0;0;7;15;C01
201100040377;0;7;0;0;2;1;15;A01
201100040378;0;7;0;0;0;4;2;B01
201100040378;0;7;0;0;2;1;2;A01
201100040379;0;1;0;0;2;1;1;A01
201100040379;0;7;0;0;0;3;1;B01
201100040380;0;7;0;0;2;3;1;A01
201100040380;0;37;3;0;0;2;1;B01
201100040381;0;7;0;0;1;1;1;A01
201100040382;0;7;0;0;1;1;1;A01
201100040383;0;2;0;16;0;0;1;A01
201100040384;0;7;0;0;0;3;1;B01
201100040384;0;7;0;0;2;2;1;A01
201100040385;0;7;0;0;0;4;10;B01
201100040385;0;31;0;0;2;1;1;A01
201100040386;0;7;0;0;0;4;23;B01
201100040386;0;7;0;0;2;1;2;A01
201100040387;0;33;0;16;6;1;1;A01
201100040388;0;7;0;16;0;7;1;A01
201100040389;0;2;0;0;2;4;15;B01
201100040389;0;7;0;0;0;1;1;C01
201100040389;0;7;0;0;2;1;1;A01
201100040390;0;10;0;0;2;4;2;B01
201100040390;0;15;0;0;2;1;2;A01
201100040390;0;7;0;0;2;4;2;C01
201100040391;0;7;0;0;9;5;16;A01
201100040391;0;1;0;0;2;1;1;B01
201100040392;0;31;0;0;0;0;1;A01
201100040393;0;7;0;0;2;1;2;A01
201100040393;0;33;0;0;2;4;2;B01
201100040394;0;7;0;0;2;2;1;A01
201100040394;0;7;0;0;2;3;1;B01
201100040395;0;7;0;0;2;3;0;A01
201100040395;0;7;0;0;2;8;1;B01
201100040396;0;30;0;0;0;0;1;A01
201100040397;0;30;0;0;2;1;2;A01
201100040397;0;7;0;0;2;4;2;B01
201100040398;1;14;0;0;0;7;12;Z01
201100040398;0;7;0;0;2;8;1;B01
201100040399;0;7;0;0;2;8;15;B01
201100040399;0;33;0;0;2;8;17;A01
201100040400;0;31;0;0;0;1;1;B01
201100040400;0;7;0;0;2;3;15;A01
201100040401;0;7;0;0;2;3;1;B01
201100040401;0;2;0;0;0;1;15;A01
201100040402;0;7;0;0;1;1;1;A01
201100040403;0;2;0;0;2;1;1;A01
201100040403;0;7;0;0;0;2;1;B01
201100040404;0;7;0;0;0;0;24;A01
201100040404;0;1;0;16;0;8;21;B01
201100040405;0;2;0;16;0;0;1;A01
201100040406;0;33;0;0;2;2;1;A01
201100040406;0;37;1;0;0;8;9;B01
201100040406;0;33;0;0;2;7;1;C01
201100040407;0;32;0;0;1;1;1;A01
201100040408;0;2;0;0;0;8;15;B01
201100040408;0;33;0;0;2;2;17;A01
201100040409;0;7;0;0;0;4;23;C01
201100040409;1;7;0;0;2;1;2;A01
201100040409;0;7;0;0;2;4;23;B01
201100040410;0;7;0;0;2;1;13;A01
201100040410;0;7;0;0;0;1;1;B01
201100040411;0;7;0;0;0;3;15;B01
201100040411;0;33;0;0;2;7;17;A01
201100040412;1;7;0;0;1;1;1;Z01
201100040413;0;2;0;0;1;1;1;A01
201100040414;0;10;0;0;0;3;15;B01
201100040414;0;33;0;0;2;1;1;A01
201100040415;0;7;0;0;1;1;1;A01
201100040416;0;33;0;0;0;4;2;B01
201100040416;0;10;0;0;2;1;2;A01
201100040417;0;7;0;0;0;4;2;B01
201100040417;0;2;0;0;2;1;2;A01
201100040418;0;7;0;0;2;1;1;B01
201100040418;0;33;0;0;0;7;15;A01
201100040419;0;7;0;0;2;1;2;A01
201100040419;0;7;0;0;0;4;2;B01
201100040420;1;7;0;0;1;4;4;Z01
201100040421;0;7;0;0;2;6;15;A01
201100040421;0;33;0;0;2;7;14;B01
201100040422;0;7;0;0;2;7;1;A01
201100040422;0;2;0;0;2;1;1;B01
201100040423;0;2;0;0;0;1;1;B01
201100040423;0;10;0;0;2;2;15;A01
201100040424;0;2;0;16;0;8;1;A01
201100040425;1;7;0;0;1;1;16;Z01
201100040426;0;7;0;0;1;1;16;A01
201100040427;0;7;0;0;2;3;9;B01
201100040427;0;7;0;0;2;2;1;A01
201100040428;0;7;0;1;0;1;1;A01
201100040429;0;7;0;0;1;1;1;A01
201100040430;0;7;0;0;2;3;9;B01
201100040430;0;33;0;0;2;1;17;A01
201100040431;0;30;0;12;0;7;1;A01
201100040432;0;7;0;0;1;1;1;A01
201100040433;0;7;0;0;2;1;2;A01
201100040433;0;7;0;0;0;4;2;B01
201100040434;0;7;0;0;2;4;1;B01
201100040434;0;7;0;0;2;1;1;A01
201100040435;1;7;0;0;2;5;17;Z01
201100040435;0;1;0;0;2;8;2;B01
201100040436;0;7;0;0;2;1;1;A01
201100040436;0;7;0;0;0;8;1;B01
201100040437;0;10;0;0;2;1;15;A01
201100040437;0;7;0;0;0;1;1;B01
201100040438;0;7;0;0;1;1;1;A01
201100040439;0;2;0;16;0;1;1;A01
201100040440;0;7;0;0;2;0;12;A01
201100040440;0;30;0;0;2;1;1;B01
201100040441;0;31;0;0;2;1;1;B01
201100040441;0;7;0;0;2;3;15;A01
201100040442;0;7;0;0;0;0;11;E01
201100040442;0;7;0;0;0;0;1;C01
201100040442;0;32;0;0;0;8;1;A01
201100040442;0;7;0;3;0;8;1;B01
201100040442;0;7;0;0;0;0;1;D01
201100040443;0;33;0;0;2;1;1;B01
201100040443;0;7;0;0;2;5;15;A01
201100040444;0;10;0;0;1;2;17;A01
201100040445;0;7;0;0;2;8;23;B01
201100040445;0;7;0;0;2;1;1;C01
201100040445;0;7;0;0;2;1;0;A01
201100040445;0;7;0;0;2;1;1;D01
201100040446;0;7;0;0;2;8;9;A01
201100040446;0;30;0;0;2;1;1;B01
201100040447;0;2;0;7;0;1;1;A01
201100040448;0;7;0;0;1;1;16;A01
201100040449;0;10;0;0;1;1;1;A01
201100040450;0;7;0;0;2;1;16;A01
201100040450;0;3;0;0;0;1;1;B01
201100040451;0;7;0;0;2;1;17;C01
201100040451;0;7;0;0;0;4;2;B01
201100040451;0;10;0;0;2;1;2;A01
201100040452;0;3;0;0;2;2;1;B01
201100040452;0;7;0;0;2;3;1;A01
201100040453;0;7;0;0;2;1;1;B01
201100040453;0;7;0;0;2;2;19;A01
201100040454;0;7;0;6;0;1;1;A01
201100040455;0;7;0;0;2;2;15;A01
201100040455;0;2;0;0;2;1;1;B01
201100040456;0;7;0;0;1;1;1;A01
201100040457;0;7;0;0;2;1;1;B01
201100040457;0;7;0;0;2;1;1;C01
201100040457;0;7;0;0;0;0;15;A01
201100040458;0;7;0;0;2;1;2;A01
201100040458;0;32;0;0;0;4;2;B01
201100040459;0;7;0;0;2;2;15;A01
201100040459;0;31;0;0;2;1;1;B01
201100040460;0;7;0;0;1;2;1;A01
201100040461;0;10;0;0;1;2;1;A01
201100040462;0;30;0;0;0;0;1;A01
201100040463;0;30;0;0;2;1;1;B01
201100040463;0;7;0;0;2;3;9;A01
201100040464;0;7;0;0;2;5;16;A01
201100040464;0;1;0;0;2;8;15;B01
201100040465;0;1;0;1;0;1;1;B01
201100040465;0;7;0;0;0;7;24;A01
201100040466;0;7;0;0;1;1;1;A01
201100040467;0;32;0;0;2;1;1;B02
201100040467;0;10;0;0;2;7;16;A01
201100040468;0;7;0;0;0;6;9;A01
201100040468;0;2;0;0;2;1;9;B01
201100040469;0;7;0;0;1;2;1;A01
201100040470;0;7;0;0;1;3;1;A01
201100040471;0;31;0;0;2;8;1;B01
201100040471;0;7;0;0;2;3;15;A01
201100040472;0;7;0;8;0;1;1;A01
201100040473;0;10;0;0;9;1;1;A01
201100040473;0;2;0;0;2;7;1;B01
201100040474;2;7;0;0;2;2;1;A01
201100040474;0;7;0;0;2;3;1;B01
201100040475;0;2;0;0;2;3;13;A01
201100040475;0;7;0;0;2;3;1;B01
201100040476;0;33;0;4;0;7;0;A01
201100040477;0;1;0;0;2;1;2;A01
201100040477;0;3;0;0;0;4;2;B01
201100040478;0;31;0;0;1;2;0;A01
201100040479;0;33;0;8;0;0;1;A01
201100040480;0;7;0;0;2;3;1;A01
201100040480;0;33;0;0;2;1;1;C01
201100040480;0;7;0;0;0;8;1;B01
201100040481;0;7;0;0;1;0;1;A01
201100040482;0;7;0;0;1;1;1;A01
201100040483;0;10;0;0;2;3;1;B01
201100040483;0;7;0;0;2;8;15;A01
201100040484;0;7;0;0;1;2;1;A01
201100040485;0;7;0;0;1;1;1;A01
201100040486;0;7;0;0;1;7;1;A01
201100040487;0;1;0;0;2;8;11;A01
201100040487;0;10;0;0;2;7;1;B01
201100040488;0;36;0;9;0;9;0;A01
201100040489;0;7;0;0;2;2;1;A01
201100040489;0;1;0;0;2;1;1;B01
201100040490;0;1;0;0;9;8;15;A01
201100040490;0;1;0;0;9;1;1;B01
201100040491;0;7;0;0;2;1;2;A01
201100040491;0;7;0;0;2;4;2;B01
201100040492;0;10;0;0;1;6;1;A01
201100040493;0;7;0;0;2;1;15;A01
201100040493;0;2;0;0;2;1;1;B01
201100040494;0;1;0;0;2;7;1;B02
201100040494;0;7;0;0;2;3;0;A01
201100040495;0;7;0;0;1;2;1;A01
201100040496;0;7;0;0;1;1;1;A01
201100040497;0;33;0;0;2;1;1;A01
201100040497;0;10;0;0;2;4;1;B02
201100040498;0;33;0;0;2;1;1;A01
201100040498;0;10;0;0;2;7;1;B01
201100040499;0;7;0;0;2;3;9;A01
201100040499;0;7;0;0;2;2;1;B01
201100040500;0;33;0;0;1;0;1;A01
201100040501;0;33;0;9;0;9;0;A01
201100040502;0;31;0;0;2;1;1;B01
201100040502;0;7;0;0;2;2;15;A01
201100040503;0;31;0;0;2;1;1;B01
201100040503;0;7;0;0;2;3;19;A01
201100040504;0;7;0;0;2;6;17;A01
201100040504;0;2;0;0;0;6;15;B01
201100040505;0;1;0;0;2;1;2;A01
201100040505;0;1;0;0;2;8;0;B01
201100040506;0;1;0;0;5;1;0;A01
201100040507;0;7;0;0;2;8;1;B01
201100040507;0;7;0;0;2;1;1;A01
201100040508;0;33;0;0;2;1;1;B01
201100040508;0;7;0;0;2;1;1;A01
201100040509;0;33;0;0;2;7;2;B01
201100040509;0;7;0;0;0;0;9;A01
201100040510;0;14;0;0;1;2;16;A01
201100040511;0;2;0;0;2;2;1;B01
201100040511;0;37;1;0;2;8;2;A01
201100040512;0;10;0;0;1;2;1;A01
201100040513;0;7;0;0;2;1;5;A01
201100040513;0;7;0;0;2;1;1;B01
201100040514;0;7;0;0;1;1;1;A01
201100040515;0;7;0;0;1;2;0;A01
201100040516;1;7;0;0;1;4;4;Z01
201100040517;0;7;0;0;1;1;1;A01
201100040518;0;7;0;0;2;3;15;A01
201100040518;0;1;0;0;0;1;1;B01
201100040519;0;7;0;0;1;1;15;A01
201100040520;0;10;0;0;1;1;1;A01
201100040521;0;31;0;1;0;1;1;A01
201100040522;0;7;0;0;2;2;15;A01
201100040522;0;33;0;0;0;1;1;B01
201100040523;0;13;0;0;2;2;16;A01
201100040523;0;1;0;0;0;1;16;B01
201100040524;1;7;0;0;1;0;0;Z01
201100040525;2;2;0;0;1;1;0;A01
201100040526;0;7;0;0;1;1;1;A01
201100040527;0;7;0;0;2;1;15;A01
201100040527;0;33;0;0;0;1;1;B01
201100040528;0;7;0;0;2;1;9;A01
201100040528;0;1;0;0;0;1;0;B01
201100040529;0;1;0;0;0;1;19;B01
201100040529;0;7;0;0;2;1;0;A01
201100040530;0;2;0;0;2;1;16;A01
201100040530;0;7;0;0;0;0;1;B01
201100040531;0;2;0;1;0;1;1;A01
201100040532;0;33;0;0;2;1;0;B01
201100040532;0;7;0;0;2;2;15;A01
201100040533;0;7;0;0;2;2;15;A01
201100040533;0;33;0;0;0;0;1;B01
201100040534;0;33;0;16;0;0;1;A01
201100040535;0;2;0;0;2;1;1;A01
201100040535;0;7;0;0;0;0;1;B01
201100040536;0;7;0;0;0;1;1;B01
201100040536;0;7;0;0;2;1;5;A01
201100040537;0;34;0;0;1;1;1;A01
201100040538;0;7;0;0;0;5;15;A01
201100040538;0;2;0;0;2;1;2;B01
201100040539;0;7;0;1;0;1;1;A01
201100040539;0;7;0;0;0;2;1;C01
201100040540;0;7;0;0;1;1;1;A01
201100040541;0;7;0;0;2;1;0;A01
201100040541;0;33;0;0;0;2;1;B01
201100040542;0;7;0;0;0;1;1;B01
201100040542;0;7;0;0;2;1;5;A01
201100040543;0;7;0;0;1;3;1;A01
201100040544;0;1;0;0;2;0;0;A01
201100040544;0;33;0;0;0;1;1;B01
201100040545;0;7;0;0;2;4;18;A01
201100040545;0;7;0;0;2;2;2;B01
201100040546;0;7;0;0;0;0;16;B01
201100040546;0;2;0;0;2;8;18;A01
201100040547;0;7;0;0;1;1;1;A01
201100040548;0;2;0;0;2;1;17;A01
201100040548;0;7;0;0;0;3;15;B01
201100040549;0;10;0;0;1;4;4;A01
201100040550;0;7;0;0;2;3;15;A01
201100040550;0;34;0;0;2;1;1;B01
201100040551;0;7;0;0;2;1;1;A01
201100040551;0;7;0;0;2;7;13;B01
201100040552;0;7;0;0;1;1;19;A01
201100040553;0;10;0;0;2;3;15;A01
201100040553;0;2;0;0;2;1;17;B01
201100040554;0;7;0;0;2;2;1;B01
201100040554;0;33;0;0;2;1;5;A01
201100040555;0;33;0;0;2;3;1;B01
201100040555;0;7;0;0;2;1;15;A01
201100040556;0;34;0;0;2;1;1;B01
201100040556;0;7;0;0;2;3;16;A01
201100040557;0;7;0;0;2;8;9;A01
201100040557;0;2;0;0;2;1;1;B01
201100040558;0;33;0;0;0;8;0;A01
201100040558;0;7;0;0;0;8;19;B01
201100040559;0;32;0;0;1;2;5;A01
201100040560;0;7;0;0;2;8;10;A01
201100040560;0;33;0;0;2;1;17;B01
201100040561;0;2;0;0;2;1;17;B01
201100040561;0;10;0;0;2;3;15;A01
201100040562;0;1;0;0;2;4;16;B01
201100040562;0;7;0;0;9;3;9;A01
201100040563;0;34;0;0;2;1;17;A01
201100040563;0;10;0;0;2;3;15;B01
201100040564;0;10;0;0;1;4;4;A01
201100040565;0;7;0;0;1;1;1;A01
201100040566;0;7;0;0;2;1;15;A01
201100040566;0;2;0;0;2;3;1;B01
201100040567;2;7;0;0;2;3;13;A01
201100040567;0;2;0;0;2;3;0;B01
201100040568;0;33;0;0;0;1;2;A01
201100040568;0;30;0;0;0;4;2;B01
201100040569;0;7;0;0;1;3;1;A01
201100040570;0;31;0;0;2;2;0;B01
201100040570;0;7;0;0;2;8;0;A01
201100040571;0;7;0;0;1;1;1;A01
201100040572;0;32;0;0;2;1;15;A01
201100040572;0;7;0;0;2;7;1;B01
201100040573;0;7;0;0;1;2;1;A01
201100040574;0;2;0;0;2;1;0;A01
201100040574;0;7;0;0;2;3;1;B01
201100040575;0;33;0;0;2;1;17;A01
201100040575;0;7;0;0;2;3;15;B01
201100040576;0;7;0;0;1;3;0;A01
201100040577;0;7;0;2;0;7;1;A01
201100040578;0;33;0;0;2;7;1;B01
201100040578;0;7;0;0;2;2;19;A01
201100040579;0;7;0;0;9;1;5;B01
201100040579;0;31;0;0;2;1;5;A01
201100040580;0;7;0;0;1;4;4;A01
201100040581;0;10;0;0;1;7;1;A01
201100040582;0;7;0;0;0;4;2;D01
201100040582;0;7;0;0;0;1;2;B01
201100040582;0;7;0;0;2;1;2;C01
201100040582;0;14;0;0;2;1;2;A01
201100040583;1;31;0;0;1;1;0;A01
201100040584;0;10;0;0;1;4;4;A01
201100040585;1;7;0;0;2;1;0;B01
201100040585;0;2;0;0;2;1;0;A01
201100040586;0;7;0;0;2;1;15;B01
201100040586;0;10;0;0;2;1;1;A01
201100040587;0;7;0;;2;1;1;A01
201100040588;0;2;0;0;2;0;13;A01
201100040588;0;15;0;0;2;8;1;B01
201100040589;0;7;0;0;9;7;2;A01
201100040589;0;1;0;0;0;0;0;B01
201100040590;0;30;0;0;0;0;0;A01
201100040590;0;7;0;0;0;0;0;B01
201100040591;0;7;0;0;2;7;5;A01
201100040591;0;10;0;0;2;1;0;B01
201100040592;0;7;0;0;9;8;15;A01
201100040592;0;30;0;0;2;1;1;B01
201100040593;0;7;0;0;2;4;1;A01
201100040593;0;7;0;0;2;1;1;B01
201100040594;0;14;0;0;0;1;2;A01
201100040594;0;7;0;0;2;4;1;B01
201100040595;0;7;0;;1;2;1;A01
201100040596;0;7;0;3;0;9;1;A01
201100040597;0;7;0;0;1;2;1;A01
201100040598;0;7;0;0;1;1;1;A01
201100040599;0;7;0;;1;1;1;A01
201100040600;0;7;0;0;1;4;4;A01
201100040601;0;7;0;0;2;1;9;A01
201100040601;0;31;0;0;2;7;1;B01
201100040602;0;2;0;14;0;2;14;A01
201100040603;1;7;0;0;0;8;2;A01
201100040604;0;33;0;0;2;7;21;A01
201100040604;0;7;0;0;0;4;19;B01
201100040605;0;14;0;0;2;4;2;B01
201100040605;0;7;0;0;2;1;2;A01
201100040606;0;7;0;13;0;9;2;A01
201100040607;0;10;0;0;1;7;1;A01
201100040608;0;7;0;0;2;4;23;C01
201100040608;0;7;0;0;2;4;23;D01
201100040608;0;10;0;0;2;4;23;B01
201100040608;0;10;0;0;2;1;2;A01
201100040609;0;7;0;0;2;1;1;A01
201100040609;0;7;0;0;2;4;23;B01
201100040610;0;33;0;0;2;1;1;B01
201100040610;0;7;0;0;2;8;15;A01
201100040611;0;7;0;0;2;3;17;A01
201100040611;0;7;0;0;2;3;1;B01
201100040612;0;2;0;1;0;3;1;A01
201100040613;0;7;0;2;0;2;1;A01
201100040614;0;7;0;0;1;1;1;A01
201100040615;0;7;0;3;0;3;1;A01
201100040616;0;7;0;0;2;8;1;B01
201100040616;0;7;0;0;2;3;13;A01
201100040617;0;2;0;0;0;0;1;A01
201100040618;0;7;0;0;2;2;1;B01
201100040618;0;7;0;0;2;1;15;A01
201100040619;0;2;0;0;0;8;1;A01
201100040620;1;7;0;0;2;7;17;Z01
201100040620;0;2;0;0;2;8;1;B01
201100040621;0;7;0;0;1;2;1;A01
201100040622;0;7;0;0;2;5;1;B01
201100040622;0;2;0;0;2;1;15;A01
201100040623;0;7;0;1;0;2;1;A01
201100040624;0;7;0;0;2;4;1;B01
201100040624;0;7;0;0;2;4;23;C01
201100040624;0;7;0;1;2;1;1;A01
201100040625;0;7;0;0;2;4;23;C01
201100040625;0;7;0;0;2;1;23;B01
201100040625;0;7;0;0;2;1;1;A01
201100040626;0;32;0;0;2;1;1;B01
201100040626;0;7;0;0;2;1;1;A01
201100040627;0;31;0;0;2;1;1;B01
201100040627;0;7;0;0;2;3;10;A01
201100040628;0;2;0;0;2;2;1;B01
201100040628;0;7;0;0;2;8;15;A01
201100040629;0;7;0;0;2;6;15;A01
201100040629;0;33;0;0;2;2;1;B01
201100040630;0;7;0;0;2;0;16;A01
201100040630;0;30;0;0;2;1;1;B01
201100040631;0;7;0;0;2;1;2;A01
201100040631;0;7;0;0;0;4;2;B01
201100040632;0;7;0;0;2;4;23;B01
201100040632;0;7;0;0;2;1;1;A01
201100040633;0;7;0;0;2;1;2;A01
201100040633;0;7;0;0;0;4;2;B01
201100040634;0;7;0;0;2;3;13;A01
201100040634;0;7;0;0;2;3;1;B01
201100040635;0;7;0;0;2;1;1;B01
201100040635;0;7;0;0;2;1;15;A01
201100040636;0;2;0;0;0;0;1;A01
201100040637;0;7;0;0;2;8;1;B01
201100040637;0;2;0;0;2;1;17;A01
201100040638;0;30;0;0;2;1;1;A01
201100040638;0;7;0;0;2;1;23;B01
201100040639;0;36;0;12;0;1;1;A01
201100040640;0;7;0;0;1;3;4;A01
201100040641;0;7;0;0;2;3;17;B01
201100040641;0;2;0;0;1;8;15;A01
201100040642;0;7;0;16;0;0;1;A01
201100040643;0;7;0;0;1;4;4;A01
201100040644;0;7;0;0;2;5;1;B01
201100040644;0;30;0;0;2;1;1;A01
201100040645;0;7;0;1;2;7;15;A01
201100040645;0;7;0;0;2;1;1;B01
201100040646;0;33;0;0;0;7;1;A01
201100040647;0;7;0;0;2;1;1;A01
201100040647;0;7;0;0;2;4;1;B01
201100040648;0;1;0;0;2;1;1;B01
201100040648;0;7;0;0;2;5;10;A01
201100040649;0;7;0;0;1;1;17;A01
201100040650;0;2;0;0;2;8;1;B01
201100040650;0;7;0;0;2;2;16;A01
201100040651;0;7;0;0;2;3;13;A01
201100040651;0;7;0;0;2;8;1;B01
201100040652;0;33;0;0;2;0;1;B01
201100040652;0;7;0;0;2;3;15;A01
201100040653;0;7;0;0;2;4;23;C01
201100040653;0;7;0;0;2;4;23;B01
201100040653;0;7;0;0;2;4;23;D01
201100040653;0;7;0;0;2;1;1;A01
201100040654;0;2;0;0;2;2;1;B01
201100040654;0;7;0;0;2;3;1;A01
201100040655;0;32;0;11;0;1;1;A01
201100040656;0;7;0;0;2;4;23;B01
201100040656;0;7;0;0;2;1;1;A01