num_acc;senc;catv;occutc;obs;obsm;choc;manv;num_veh
201100040657;0;30;0;1;0;2;1;A01
201100040658;0;33;0;16;0;0;1;A01
201100040659;0;7;0;13;0;7;14;A01
201100040660;0;30;0;0;0;7;1;A01
201100040661;0;30;0;16;0;7;1;A01
201100040662;0;30;0;0;0;8;1;A01
201100040663;0;7;0;0;2;3;15;A01
201100040663;0;33;0;0;2;1;1;B01
201100040664;0;7;0;0;1;3;16;A01
201100040665;0;33;0;0;2;1;1;A01
201100040665;0;7;0;0;2;4;1;B01
201100040666;0;7;0;0;2;4;2;B01
201100040666;0;10;0;0;2;3;2;A01
201100040667;0;7;0;1;0;7;4;A01
201100040668;0;7;0;0;2;4;2;B01
201100040668;0;30;0;0;2;1;2;A01
201100040669;0;7;0;0;1;8;1;A01
201100040670;0;10;0;0;2;4;1;A01
201100040670;0;7;0;0;2;4;23;B01
201100040671;0;7;0;0;1;1;1;A01
201100040672;0;7;0;0;0;9;1;A01
201100040673;0;7;0;0;2;2;1;B01
201100040673;0;1;0;0;2;8;19;A01
201100040674;0;7;0;0;2;3;1;B01
201100040674;0;7;0;0;2;1;13;A01
201100040675;0;7;0;6;0;1;13;A01
201100040676;0;17;0;0;2;3;1;B01
201100040676;0;7;0;0;2;1;13;A01
201100040677;0;33;0;0;0;8;1;A01
201100040678;0;7;0;0;2;4;23;B01
201100040678;0;2;0;0;2;1;2;A01
201100040679;0;13;0;16;0;7;1;A01
201100040680;0;30;0;0;2;3;1;B01
201100040680;0;7;0;0;2;3;15;A01
201100040681;0;7;0;0;2;7;16;A01
201100040681;0;31;0;0;2;8;1;B01
201100040682;0;17;0;0;2;1;2;A01
201100040682;0;7;0;0;2;4;2;B01
201100040683;0;7;0;0;2;1;2;A01
201100040683;0;7;0;0;0;4;2;B01
201100040684;0;7;0;0;1;3;1;A01
201100040685;0;7;0;0;2;1;15;A01
201100040685;0;7;0;0;2;1;1;B01
201100040686;0;30;0;0;0;8;1;A01
201100040687;0;7;0;0;2;1;15;A01
201100040687;0;7;0;0;2;1;1;B01
201100040688;0;7;0;0;0;6;23;B01
201100040688;0;2;0;0;2;1;21;A01
201100040689;0;7;0;0;2;3;1;B01
201100040689;0;10;0;0;2;1;15;A01
201100040690;0;7;0;0;2;4;23;D01
201100040690;0;7;0;0;2;4;23;C01
201100040690;0;7;0;0;2;1;2;A01
201100040690;0;7;0;0;2;4;23;B01
201100040691;0;7;0;8;0;1;13;A01
201100040692;0;7;0;0;0;9;1;A01
201100040693;0;7;0;0;1;1;1;A01
201100040694;0;37;2;0;1;7;0;A01
201100040695;0;7;0;0;1;4;4;A01
201100040696;0;7;0;0;2;1;2;B01
201100040696;0;7;0;0;2;8;2;A01
201100040697;0;33;0;0;1;7;1;A01
201100040698;0;7;0;0;1;3;1;A01
201100040699;0;7;0;0;2;1;5;A01
201100040699;0;7;0;0;2;1;1;B01
201100040700;0;33;0;2;0;7;14;A01
201100040701;0;7;0;1;0;1;1;A01
201100040702;0;7;0;10;2;1;1;B01
201100040702;0;7;0;10;2;1;1;A01
201100040703;0;7;0;0;1;1;1;A01
201100040704;0;30;0;8;0;1;14;A01
201100040705;2;7;0;0;2;1;1;A01
201100040705;0;7;0;0;2;8;1;B01
201100040706;0;30;0;0;0;3;1;A01
201100040707;0;7;0;0;0;3;2;B01
201100040707;0;7;0;0;1;3;2;A01
201100040708;0;1;0;0;0;1;0;A01
201100040709;0;30;0;0;2;1;5;A01
201100040709;0;7;0;0;2;3;16;B01
201100040710;0;7;0;0;1;4;4;A01
201100040711;0;7;0;0;2;3;1;B01
201100040711;0;30;0;0;2;7;1;A01
201100040712;0;30;0;0;2;1;1;A01
201100040712;0;7;0;0;0;4;1;B01
201100040713;0;33;0;0;2;1;1;B01
201100040713;0;3;0;0;2;5;15;A01
201100040714;0;33;0;0;0;8;0;B01
201100040714;0;7;0;14;0;2;10;A01
201100040715;0;7;0;0;1;2;15;A01
201100040716;0;7;0;14;0;9;1;A01
201100040717;0;30;0;0;2;8;18;A01
201100040717;0;7;0;0;2;7;16;B01
201100040718;0;7;0;0;1;2;1;A01
201100040719;0;7;0;0;1;1;1;A01
201100040720;0;30;0;0;1;1;1;A01
201100040721;0;15;0;0;2;2;1;B01
201100040721;0;1;0;0;2;8;16;A01
201100040722;0;7;0;0;2;1;1;C01
201100040722;0;7;0;0;2;1;1;A01
201100040722;0;7;0;0;2;2;1;B01
201100040723;0;7;0;0;1;1;1;A01
201100040724;0;7;0;0;1;2;9;A01
201100040725;0;33;0;0;2;2;1;B01
201100040725;0;3;0;0;2;3;15;A01
201100040726;0;7;0;0;1;3;15;A01
201100040727;0;30;0;0;2;1;1;B01
201100040727;0;7;0;0;2;3;15;A01
201100040728;0;33;0;0;2;1;21;B01
201100040728;0;33;0;0;2;1;13;A01
201100040729;0;7;0;0;1;1;15;A01
201100040730;0;7;0;1;0;9;0;A01
201100040730;0;7;0;0;0;2;0;B01
201100040731;0;7;0;0;1;1;2;A01
201100040732;0;7;0;0;9;7;1;A01
201100040732;0;1;0;0;2;1;1;B01
201100040733;0;31;0;0;2;1;2;A01
201100040733;1;7;0;0;2;2;1;Z01
201100040734;0;2;0;16;0;0;1;A01
201100040735;0;7;0;0;2;1;1;A01
201100040735;1;7;0;0;2;4;0;Z01
201100040736;0;31;0;14;0;8;1;A01
201100040736;0;7;0;0;2;6;23;B01
201100040737;0;10;0;0;2;0;1;A01
201100040737;0;7;0;0;9;8;1;C01
201100040737;0;10;0;0;9;1;1;B01
201100040738;0;7;0;0;0;1;1;A01
201100040739;0;33;0;0;2;4;1;B01
201100040739;0;7;0;0;2;1;12;A01
201100040740;0;7;0;0;0;0;15;B01
201100040740;0;31;0;0;0;7;1;A01
201100040741;0;2;0;0;2;1;1;B01
201100040741;0;7;0;0;2;5;15;A01
201100040742;0;7;0;0;1;2;1;A01
201100040743;0;7;0;2;0;1;1;A01
201100040744;0;7;0;0;1;3;15;A01
201100040745;0;7;0;0;2;3;1;B01
201100040745;0;2;0;0;2;2;16;A01
201100040746;0;7;0;0;1;2;16;A01
201100040747;0;7;0;4;0;1;1;A01
201100040748;0;33;0;0;2;8;1;B01
201100040748;0;7;0;0;2;1;15;A01
201100040749;0;33;0;14;2;1;17;A01
201100040749;0;7;0;0;2;2;1;B01
201100040750;0;7;0;8;0;1;1;A01
201100040751;0;7;0;0;2;1;1;A01
201100040751;0;7;0;0;2;3;1;B01
201100040752;0;7;0;0;1;3;1;A01
201100040753;1;7;0;0;2;1;1;Z01
201100040753;0;2;0;0;2;4;23;A01
201100040754;0;7;0;0;2;4;23;B01
201100040754;1;7;0;0;2;0;0;A01
201100040755;0;7;0;0;1;1;1;A01
201100040756;0;7;0;8;0;1;1;A01
201100040757;0;7;0;1;2;3;1;A01
201100040757;0;7;0;0;2;3;23;B01
201100040758;0;7;0;7;0;1;1;A01
201100040759;0;7;0;0;2;6;15;A01
201100040759;0;33;0;0;2;1;1;B01
201100040760;0;33;0;0;0;7;0;A01
201100040761;0;7;0;0;2;4;0;B01
201100040761;0;7;0;0;2;2;0;A01
201100040761;0;7;0;0;2;3;0;C01
201100040762;1;7;0;0;2;2;17;A01
201100040762;0;2;0;0;2;3;1;B01
201100040763;0;2;0;16;0;0;19;A01
201100040764;0;7;0;0;2;2;1;A01
201100040764;0;10;0;0;2;1;1;B01
201100040765;0;7;0;1;1;8;1;A01
201100040766;0;2;0;16;0;0;1;A01
201100040767;0;7;0;1;0;1;1;A01
201100040768;0;7;0;4;0;1;1;A01
201100040769;0;7;0;0;2;8;15;A01
201100040769;0;32;0;0;2;1;1;B01
201100040770;0;37;11;0;2;1;1;A01
201100040770;0;33;0;0;2;7;1;B01
201100040771;0;7;0;9;0;2;1;A01
201100040772;0;31;0;0;2;1;15;A01
201100040772;0;7;0;0;2;1;1;B01
201100040773;0;7;0;0;2;1;1;A01
201100040773;0;33;0;0;2;4;23;B01
201100040774;0;7;0;0;2;8;1;B01
201100040774;0;7;0;0;2;1;1;A01
201100040775;0;33;0;16;0;7;1;B01
201100040775;1;7;0;0;0;0;11;A01
201100040776;0;33;0;16;0;7;1;A01
201100040777;0;7;0;0;2;5;15;A01
201100040777;0;7;0;0;2;1;1;B01
201100040778;0;7;0;8;0;1;1;A01
201100040779;0;7;0;1;0;1;1;A01
201100040780;0;7;0;0;2;6;1;A01
201100040780;0;33;0;0;2;1;1;B01
201100040781;0;7;0;0;2;3;1;A01
201100040781;0;2;0;0;2;1;1;B01
201100040782;0;7;0;14;0;8;0;A01
201100040783;1;7;0;0;2;0;11;Z01
201100040783;0;1;0;0;2;0;21;A01
201100040784;0;37;1;0;1;7;16;A01
201100040785;0;7;0;0;1;2;1;A01
201100040786;0;30;0;0;2;1;1;B01
201100040786;0;7;0;0;2;2;1;A01
201100040787;0;31;0;0;0;8;1;A01
201100040788;0;7;0;0;2;6;11;A01
201100040788;0;33;0;0;2;1;1;B01
201100040789;0;31;0;16;0;0;1;A01
201100040790;1;7;0;0;2;8;15;A01
201100040790;0;1;0;0;2;7;17;B01
201100040791;0;33;0;0;0;7;1;A01
201100040792;0;2;0;12;0;1;1;A01
201100040793;0;7;0;0;2;4;24;A01
201100040793;0;7;0;0;2;1;14;B01
201100040794;0;33;0;0;2;1;1;B01
201100040794;0;7;0;0;2;1;9;A01
201100040795;0;30;0;16;0;0;1;A01
201100040796;0;7;0;0;1;1;0;A01
201100040797;0;33;0;0;2;1;1;B01
201100040797;0;7;0;0;2;2;15;A01
201100040798;0;33;0;0;2;9;23;B01
201100040798;0;7;0;0;2;4;23;C01
201100040798;0;7;0;0;2;1;1;A01
201100040799;1;7;0;0;0;0;0;Z01
201100040800;0;1;0;0;2;4;1;A01
201100040800;1;30;0;0;2;1;1;Z01
201100040801;0;7;0;0;2;3;1;B01
201100040801;0;7;0;0;2;1;16;A01
201100040802;0;32;0;0;2;2;1;A01
201100040802;0;7;0;0;2;2;15;B01
201100040803;0;7;0;0;2;8;1;A01
201100040803;0;31;0;0;2;8;1;B01
201100040804;0;2;0;0;2;1;2;A01
201100040804;0;37;1;0;2;4;2;B01
201100040805;0;30;0;0;2;1;17;A01
201100040805;0;7;0;0;2;3;15;B01
201100040806;0;7;0;7;0;1;0;A01
201100040807;0;2;0;0;2;1;1;B01
201100040807;0;7;0;0;2;2;10;A01
201100040808;0;7;0;4;0;2;1;A01
201100040809;0;2;0;0;2;9;15;B01
201100040809;0;7;0;0;2;2;1;A01
201100040810;0;30;0;0;2;1;17;B01
201100040810;0;7;0;0;2;3;15;A01
201100040811;0;7;0;0;1;2;1;A01
201100040812;0;7;0;6;0;1;1;A01
201100040813;0;30;0;0;1;1;1;A01
201100040814;0;31;0;0;0;7;1;A01
201100040815;0;30;0;0;2;1;17;A01
201100040815;0;7;0;0;2;8;15;B01
201100040816;1;7;0;0;0;0;0;Z01
201100040816;0;2;0;0;2;1;1;A01
201100040817;0;10;0;0;2;3;1;B01
201100040817;0;7;0;0;2;2;1;A01
201100040818;0;7;0;3;0;7;1;A01
201100040819;0;10;0;0;1;2;1;A01
201100040820;0;7;0;0;2;4;2;B01
201100040820;0;31;0;0;2;1;0;A01
201100040821;0;33;0;0;2;9;1;B01
201100040821;0;7;0;0;2;1;12;A01
201100040822;0;2;0;0;2;8;1;B01
201100040822;0;7;0;0;2;3;9;A01
201100040823;0;2;0;0;2;7;1;A01
201100040823;0;7;0;0;2;3;1;B01
201100040824;1;33;0;0;1;7;1;Z01
201100040825;0;33;0;14;0;1;1;A01
201100040826;0;7;0;0;2;7;16;A01
201100040826;0;2;0;0;2;1;1;B01
201100040827;0;7;0;0;2;3;15;A01
201100040827;0;33;0;0;2;8;15;B01
201100040828;0;7;0;0;2;3;19;B01
201100040828;0;2;0;0;2;1;19;A01
201100040829;0;17;0;0;1;5;15;A01
201100040830;0;7;0;0;1;2;1;A01
201100040831;0;10;0;0;1;4;4;A01
201100040832;0;7;0;7;0;1;1;A01
201100040833;0;33;0;3;0;7;1;A01
201100040834;0;7;0;0;1;2;1;A01
201100040835;0;2;0;0;0;8;1;A01
201100040836;0;14;0;0;0;0;1;B01
201100040836;0;20;0;0;1;1;1;A01
201100040837;0;2;0;0;0;7;1;A01
201100040838;0;7;0;0;2;4;23;C01
201100040838;0;7;0;0;2;1;1;A01
201100040838;0;7;0;0;2;9;23;B01
201100040839;0;7;0;0;1;2;1;A01
201100040840;0;31;0;0;1;7;1;A01
201100040841;0;33;0;0;2;1;1;B01
201100040841;0;7;0;0;2;1;15;A01
201100040842;0;2;0;0;2;1;1;B01
201100040842;0;7;0;0;2;3;15;A01
201100040843;0;7;0;0;2;1;1;A01
201100040843;0;7;0;0;1;4;23;B01
201100040844;0;32;0;0;0;0;1;A01
201100040845;0;30;0;16;0;8;1;A01
201100040846;0;2;0;0;1;1;1;A01
201100040847;0;7;0;0;2;1;1;A01
201100040847;0;1;0;0;2;4;1;B01
201100040848;0;7;0;0;2;1;1;A01
201100040848;0;7;0;0;2;3;1;B01
201100040849;0;20;0;0;0;7;1;A01
201100040850;0;33;0;0;0;0;1;A01
201100040851;0;7;0;0;0;9;1;A01
201100040852;0;7;0;0;2;2;1;B01
201100040852;0;2;0;1;2;1;1;A01
201100040853;0;33;0;0;0;2;1;A01
201100040854;0;33;0;0;1;0;1;A01
201100040855;0;10;0;0;2;5;1;A01
201100040855;0;10;0;0;2;1;1;B01
201100040856;0;1;0;0;2;0;1;B01
201100040856;0;17;0;0;2;0;17;A01
201100040857;0;2;0;0;2;8;18;A01
201100040857;0;7;0;0;2;7;16;B01
201100040858;0;7;0;0;2;1;1;A01
201100040858;0;7;0;0;2;6;1;B01
201100040859;0;7;0;0;0;0;1;A01
201100040860;2;7;0;3;0;1;1;A01
201100040861;0;7;0;6;2;3;1;B01
201100040861;1;7;0;0;2;7;1;A01
201100040862;0;30;0;16;0;0;1;A01
201100040863;0;30;0;0;2;1;17;A01
201100040863;0;7;0;0;2;3;15;B01
201100040864;0;1;0;0;2;1;17;B01
201100040864;0;7;0;0;2;3;15;A01
201100040865;0;7;0;0;1;3;1;A01
201100040866;0;7;0;4;0;2;1;A01
201100040867;0;7;0;0;2;5;1;B01
201100040867;0;7;0;0;2;1;1;A01
201100040868;0;7;0;0;2;3;1;A01
201100040868;0;37;70;0;2;1;1;B01
201100040869;2;10;0;0;2;1;1;A01
201100040869;0;7;0;0;2;8;1;B01
201100040870;0;2;0;4;0;1;1;A01
201100040871;0;7;0;0;1;0;15;A01
201100040872;1;7;0;0;0;0;2;Z01
201100040872;0;1;0;0;2;4;1;A01
201100040873;0;30;0;1;0;2;1;A01
201100040874;0;37;2;0;2;3;1;B01
201100040874;0;7;0;0;2;1;13;A01
201100040875;0;33;0;0;2;7;1;B01
201100040875;0;7;0;0;2;1;1;A01
201100040876;0;7;0;1;0;9;1;A01
201100040877;0;31;0;0;0;1;1;A01
201100040878;0;7;0;0;2;4;23;B01
201100040878;0;30;0;0;2;1;1;A01
201100040879;0;7;0;4;0;2;1;A01
201100040880;0;30;0;0;2;1;9;A01
201100040880;0;7;0;0;2;6;2;B01
201100040881;0;30;0;0;2;1;1;A01
201100040881;0;7;0;0;2;1;16;C01
201100040881;0;7;0;0;2;1;15;B01
201100040882;0;7;0;1;0;9;13;A01
201100040883;0;33;0;0;2;4;23;B01
201100040883;0;33;0;0;2;1;1;A01
201100040884;0;7;0;0;1;2;1;A01
201100040885;2;7;0;0;2;1;1;A01
201100040885;0;7;0;1;2;8;1;B01
201100040886;0;7;0;4;0;9;1;A01
201100040887;0;2;0;16;0;7;16;A01
201100040888;0;10;0;0;2;3;1;B01
201100040888;0;30;0;0;2;1;1;A01
201100040889;0;7;0;4;0;2;1;A01
201100040890;0;7;0;0;1;7;17;A01
201100040891;0;33;0;0;9;1;1;B01
201100040891;0;17;0;0;0;8;1;A01
201100040892;0;7;0;0;2;1;16;B01
201100040892;0;33;0;0;2;1;17;A01
201100040893;0;7;0;0;1;3;15;A01
201100040894;0;30;0;0;2;1;1;B01
201100040894;0;7;0;0;2;2;15;A01
201100040895;0;33;0;0;2;8;12;A01
201100040895;0;7;0;0;2;4;1;B01
201100040896;0;1;0;0;0;7;1;A01
201100040897;0;33;0;0;2;5;15;B01
201100040897;0;7;0;0;2;1;1;A01
201100040898;0;7;0;0;1;1;1;A01
201100040899;0;7;0;0;1;2;1;A01
201100040900;0;7;0;0;2;8;1;B01
201100040900;0;7;0;0;2;1;1;A01
201100040901;0;30;0;0;1;1;1;A01
201100040902;1;7;0;0;2;1;5;Z01
201100040902;0;7;0;1;2;9;1;A01
201100040903;0;7;0;0;1;8;1;A01
201100040904;0;7;0;2;0;2;1;A01
201100040905;0;30;0;0;2;1;1;B01
201100040905;0;7;0;0;2;7;16;A01
201100040906;0;7;0;0;2;4;9;B01
201100040906;1;7;0;0;2;0;0;Z01
201100040907;0;32;0;0;2;1;1;B01
201100040907;0;7;0;0;2;7;1;A01
201100040908;0;33;0;16;0;0;1;A01
201100040909;0;30;0;0;2;1;1;B01
201100040909;0;30;0;0;2;1;1;C01
201100040909;0;7;0;0;2;3;1;A01
201100040910;0;7;0;0;1;1;17;A01
201100040911;1;99;0;0;1;1;1;Z01
201100040912;0;7;0;0;1;2;1;A01
201100040913;0;30;0;1;0;1;1;A01
201100040914;0;33;0;0;2;8;1;B01
201100040914;0;30;0;0;2;8;17;A01
201100040915;0;30;0;0;2;1;1;A01
201100040915;0;7;0;0;2;4;23;B01
201100040916;0;30;0;0;0;0;0;A01
201100040917;0;10;0;0;1;3;1;A01
201100040918;0;10;0;0;2;3;13;A01
201100040918;0;7;0;1;2;9;1;B01
201100040918;0;10;0;0;2;8;1;D01
201100040919;0;7;0;4;0;2;1;A01
201100040920;0;30;0;0;0;7;1;A01
201100040921;1;7;0;0;1;1;0;Z01
201100040922;0;10;0;0;2;2;1;B01
201100040922;0;7;0;0;2;3;1;A01
201100040923;0;7;0;0;1;2;1;A01
201100040924;0;7;0;0;2;1;2;A01
201100040924;0;7;0;0;2;4;2;B01
201100040925;0;7;0;0;1;3;1;A01
201100040926;0;7;0;0;1;2;1;A01
201100040927;0;33;0;0;2;1;1;A01
201100040927;0;7;0;0;2;2;23;B01
201100040928;0;7;0;0;1;1;6;A01
201100040929;0;32;0;0;2;1;1;B01
201100040929;0;7;0;0;2;5;15;A01
201100040930;0;37;8;0;1;2;15;A01
201100040931;1;7;0;0;2;3;15;Z01
201100040931;0;30;0;0;2;1;1;A01
201100040932;0;7;0;0;1;1;15;A01
201100040933;0;30;0;0;0;7;1;A01
201100040934;0;7;0;0;2;2;1;B01
201100040934;0;7;0;0;2;8;15;A01
201100040935;0;21;0;0;2;6;15;A01
201100040935;0;33;0;0;2;1;17;B01
201100040936;0;7;0;1;1;1;15;A01
201100040937;0;1;0;0;2;2;15;A01
201100040937;0;7;0;0;2;1;1;B01
201100040938;0;7;0;0;1;2;1;A01
201100040939;0;30;0;0;0;0;1;A01
201100040940;0;10;0;0;1;2;1;A01
201100040941;0;7;0;0;2;4;23;B01
201100040941;0;34;0;0;2;1;1;A01
201100040942;0;7;0;0;1;0;1;A01
201100040943;0;7;0;0;2;1;1;B01
201100040943;0;3;0;0;2;2;1;A01
201100040944;0;7;0;0;2;7;23;B01
201100040944;0;30;0;0;2;1;13;A01
201100040945;0;7;0;4;0;2;1;A01
201100040946;0;2;0;0;2;1;1;B01
201100040946;0;7;0;0;2;2;15;A01
201100040947;1;10;0;0;0;0;0;Z01
201100040947;0;17;0;0;2;1;1;A01
201100040947;0;14;0;0;2;4;1;B01
201100040948;0;7;0;0;1;2;1;A01
201100040949;0;33;0;0;2;1;1;B01
201100040949;0;10;0;0;2;6;11;A01
201100040950;0;10;0;0;1;4;4;A01
201100040951;0;7;0;0;1;4;4;A01
201100040952;0;21;0;0;2;3;1;B01
201100040952;0;10;0;0;2;3;1;A01
201100040953;0;7;0;0;2;4;23;B01
201100040953;0;7;0;0;2;1;0;Z01
201100040954;0;7;0;0;2;2;20;A01
201100040954;0;33;0;0;2;1;1;B01
201100040955;0;30;0;0;2;1;1;A01
201100040955;0;7;0;0;2;4;23;B01
201100040956;0;7;0;4;2;3;13;A01
201100040956;0;7;0;4;2;3;1;B01
201100040957;0;7;0;0;1;1;15;A01
201100040958;0;7;0;0;2;5;13;B01
201100040958;0;7;0;0;2;1;1;A01
201100040959;0;7;0;3;0;1;1;A01
201100040959;1;99;0;0;0;0;1;Z01
201100040960;0;14;0;0;2;0;0;A01
201100040960;0;7;0;0;2;6;1;B01
201100040961;0;7;0;0;2;8;1;C01
201100040961;0;7;0;0;2;6;1;B01
201100040961;0;7;0;0;2;7;15;A01
201100040962;0;7;0;0;2;6;1;B01
201100040962;0;99;0;0;2;1;1;A01
201100040963;0;30;0;0;0;0;0;A01
201100040964;0;2;0;0;2;3;1;B01
201100040964;0;7;0;0;2;2;15;A01
201100040965;0;7;0;0;2;7;15;A01
201100040965;0;2;0;0;2;1;1;B01
201100040966;0;30;0;0;2;4;23;B01
201100040966;0;7;0;0;2;3;1;A01
201100040967;0;7;0;1;0;2;1;A01
201100040968;0;7;0;0;2;2;1;B01
201100040968;0;30;0;0;2;1;1;A01
201100040969;0;7;0;0;1;3;1;A01
201100040970;0;2;0;6;0;1;1;A01
201100040971;0;33;0;16;0;8;1;A01
201100040972;0;7;0;9;0;2;15;A01
201100040973;0;7;0;0;1;1;1;A01
201100040974;0;7;0;0;2;2;15;A01
201100040974;0;2;0;0;2;1;1;B01
201100040975;0;32;0;0;2;1;1;B01
201100040975;1;7;0;0;2;0;0;Z01
201100040976;1;7;0;0;1;1;1;Z01
201100040977;1;7;0;0;1;4;4;A01
201100040978;1;7;0;0;2;1;1;Z01
201100040978;0;7;0;0;2;8;0;A01
201100040979;1;7;0;0;2;0;1;Z01
201100040979;0;1;0;0;2;4;1;B01
201100040980;0;1;0;0;2;4;0;B01
201100040980;0;7;0;0;2;1;1;A01
201100040981;1;7;0;0;2;0;2;A01
201100040981;0;7;0;0;2;4;23;B01
201100040982;0;1;0;0;2;1;1;B01
201100040982;0;7;0;0;2;1;1;A01
201100040983;0;2;0;0;2;0;1;B01
201100040983;1;7;0;0;2;0;0;Z01
201100040984;0;7;0;0;2;8;0;B01
201100040984;0;10;0;0;2;0;0;A01
201100040985;1;7;0;0;1;0;0;Z01
201100040986;0;2;0;0;2;1;1;B01
201100040986;1;7;0;0;2;0;1;Z01
201100040987;0;7;0;0;2;4;23;B01
201100040987;1;7;0;0;2;1;2;A01
201100040988;1;7;0;0;1;0;0;Z01
201100040989;1;7;0;0;1;0;1;A01
201100040990;1;7;0;0;1;0;0;Z01
201100040991;0;1;0;0;2;0;1;A01
201100040991;1;7;0;0;2;0;0;Z01
201100040992;1;37;1;0;1;5;4;A01
201100040993;0;7;0;0;0;0;1;A01
201100040993;0;33;0;0;0;8;21;B01
201100040994;0;7;0;3;0;1;14;A01
201100040995;0;7;0;0;2;3;9;A01
201100040995;0;7;0;0;2;2;1;B01
201100040996;0;7;0;0;0;9;13;A01
201100040997;0;2;0;0;2;1;2;A01
201100040997;0;7;0;0;2;3;16;B01
201100040998;0;1;0;0;2;3;15;A01
201100040998;0;7;0;0;2;2;1;B01
201100040999;0;7;0;0;1;4;20;A01
201100041000;0;14;0;0;2;3;1;A01
201100041000;0;10;0;0;2;8;1;B01
201100041001;0;7;0;0;1;0;1;A01
201100041002;0;7;0;0;2;6;21;B01
201100041002;0;33;0;0;2;3;1;A01
201100041003;0;30;0;0;2;1;1;A01
201100041003;0;7;0;0;2;3;13;B01
201100041004;0;7;0;0;2;3;2;C01
201100041004;0;7;0;0;2;2;1;E01
201100041004;0;32;0;0;2;1;0;A01
201100041004;0;32;0;0;2;0;0;B01
201100041004;0;7;0;0;2;5;1;D01
201100041005;0;7;0;0;2;3;15;A01
201100041005;0;2;0;0;2;8;1;B01
201100041006;0;30;0;0;2;1;2;A01
201100041006;0;7;0;0;0;5;2;B01
201100041007;0;7;0;0;2;5;15;A01
201100041007;0;30;0;0;2;1;1;B01
201100041008;0;32;0;0;1;1;21;A01
201100041009;0;7;0;15;0;9;16;A01
201100041010;0;7;0;0;1;2;1;A01
201100041011;0;30;0;0;1;1;1;A01
201100041012;0;33;0;0;2;1;11;A01
201100041012;0;7;0;12;2;8;13;B01
201100041013;0;7;0;0;2;2;15;A01
201100041014;0;7;0;12;2;4;1;C01
201100041014;0;7;0;0;2;1;1;A01
201100041014;0;7;0;12;2;4;1;B01
201100041015;0;7;0;4;0;1;13;A01
201100041016;0;7;0;7;0;1;1;A01
201100041017;0;1;0;0;2;4;1;B01
201100041017;0;7;0;0;9;1;1;A01
201100041018;0;7;0;0;2;3;15;A01
201100041018;0;31;0;0;2;1;15;B01
201100041019;1;7;0;0;0;0;0;Z01
201100041020;0;7;0;9;0;3;1;A01
201100041021;0;31;0;0;1;1;1;A01
201100041022;0;10;0;0;2;1;1;A01
201100041022;0;7;0;0;2;4;1;C01
201100041022;0;7;0;0;2;4;1;B01
201100041023;0;2;0;0;2;2;15;B01
201100041023;0;7;0;0;2;6;15;A01
201100041024;0;33;0;0;2;4;2;B01
201100041024;0;33;0;0;2;1;2;A01
201100041025;0;7;0;6;0;8;13;A01
201100041026;0;7;0;0;2;1;2;D01
201100041026;0;7;0;0;2;4;2;B01
201100041026;0;7;0;0;2;1;2;A01
201100041026;0;7;0;0;2;1;2;C01
201100041027;0;33;0;4;0;1;18;A01
201100041028;0;30;0;0;2;9;1;A01
201100041028;0;7;0;0;9;0;15;B01
201100041029;0;7;0;0;1;2;1;A01
201100041030;0;7;0;2;0;1;13;A01
201100041031;0;7;0;1;1;1;15;A01
201100041032;0;31;0;0;0;2;2;A01
201100041033;0;10;0;0;2;1;1;A01
201100041033;0;7;0;0;2;4;1;B01
201100041033;0;7;0;0;2;4;1;C01
201100041034;0;2;0;0;0;7;1;A01
201100041035;0;7;0;0;1;8;1;A01
201100041036;0;30;0;12;2;6;1;A01
201100041036;1;15;0;0;0;5;17;Z01
201100041037;0;7;0;0;2;1;1;B01
201100041037;0;7;0;0;2;5;15;A01
201100041038;0;7;0;3;0;9;1;A01
201100041039;0;30;0;0;0;0;0;B01
201100041039;0;7;0;0;0;2;15;A01
201100041040;0;7;0;1;1;2;16;A01
201100041041;0;37;15;0;0;0;1;A01
201100041042;0;7;0;0;1;1;15;A01
201100041043;0;7;0;0;1;2;0;A01
201100041044;0;7;0;0;2;4;15;B01
201100041044;0;30;0;0;2;1;1;A01
201100041045;0;7;0;14;0;1;1;A01
201100041045;0;7;0;3;0;4;23;B01
201100041046;0;7;0;0;2;1;1;B01
201100041046;0;30;0;0;2;7;1;A01
201100041047;0;30;0;0;2;1;1;A01
201100041047;0;7;0;0;0;6;1;B01
201100041048;0;7;0;8;1;2;1;A01
201100041049;0;7;0;0;1;2;1;A01
201100041050;0;7;0;0;2;3;1;B01
201100041050;2;7;0;0;2;1;13;A01
201100041051;0;7;0;12;0;2;15;A01
201100041051;0;30;0;12;2;1;1;B01
201100041052;0;7;0;8;0;1;15;A01
201100041053;0;7;0;0;2;1;15;A01
201100041053;0;33;0;0;2;1;1;B01
201100041054;0;7;0;15;0;1;2;A01
201100041055;0;2;0;15;0;1;2;A01
201100041056;0;7;0;0;2;3;1;B01
201100041056;0;30;0;0;2;1;1;A01
201100041057;0;7;0;0;1;3;15;A01
201100041058;0;99;0;0;2;3;15;B01
201100041058;0;30;0;0;2;1;17;A01
201100041059;0;7;0;0;1;3;1;A01
201100041060;0;33;0;1;0;1;14;A01
201100041061;0;30;0;0;2;6;16;B01
201100041061;0;7;0;0;2;7;2;A01
201100041062;0;7;0;0;2;3;15;B01
201100041062;0;7;0;0;2;3;1;C01
201100041062;0;33;0;0;2;1;1;A01