num_acc;senc;catv;occutc;obs;obsm;choc;manv;num_veh
201100041063;0;7;0;0;2;6;23;B01
201100041063;0;10;0;0;2;2;1;A01
201100041064;0;32;0;0;2;1;1;A01
201100041064;0;7;0;0;2;5;1;B01
201100041065;0;2;0;0;2;1;1;A01
201100041065;0;7;0;0;2;5;1;B01
201100041066;0;7;0;0;2;6;11;A01
201100041066;0;33;0;0;2;3;1;B01
201100041067;0;7;0;0;2;1;17;A01
201100041067;0;7;0;0;2;8;15;B01
201100041068;1;7;0;0;1;0;1;Z01
201100041069;0;7;0;13;0;2;1;A01
201100041070;0;7;0;0;0;0;24;B01
201100041070;0;7;0;0;1;6;1;A01
201100041071;0;30;0;0;2;1;2;A01
201100041071;0;7;0;0;2;4;2;B01
201100041072;0;30;0;1;0;9;1;A01
201100041073;0;7;0;0;2;2;15;A01
201100041073;0;7;0;0;2;1;1;B01
201100041074;0;7;0;2;0;3;0;A01
201100041075;0;33;0;0;2;1;1;A01
201100041075;0;7;0;0;2;6;15;B01
201100041076;0;7;0;0;1;2;1;A01
201100041077;0;7;0;6;2;4;17;B01
201100041077;0;7;0;0;2;3;1;C01
201100041077;0;7;0;0;0;2;1;D01
201100041077;0;7;0;0;2;1;2;A01
201100041078;1;10;0;0;0;0;1;Z01
201100041078;0;3;0;2;0;1;1;A01
201100041079;0;7;0;0;1;1;1;A01
201100041080;0;7;0;0;2;4;2;B01
201100041080;0;33;0;0;2;1;1;A01
201100041081;0;7;0;2;0;1;0;A01
201100041082;0;7;0;0;2;2;15;A01
201100041082;0;33;0;0;2;0;1;B01
201100041083;0;31;0;0;1;0;0;A01
201100041084;0;30;0;0;0;7;1;A01
201100041085;0;1;0;0;2;9;2;A01
201100041085;0;17;0;0;2;5;1;B01
201100041086;0;7;0;0;2;6;10;A01
201100041086;0;33;0;0;2;8;1;B01
201100041087;0;7;0;0;2;1;9;A01
201100041087;0;7;0;0;2;2;1;C01
201100041087;0;34;0;0;2;1;1;B01
201100041088;0;7;0;0;2;3;15;A01
201100041088;0;33;0;0;2;0;1;B01
201100041089;0;7;0;0;0;0;23;A01
201100041089;0;1;0;0;2;1;1;B01
201100041089;0;1;0;0;2;8;1;C01
201100041090;0;7;0;0;2;1;1;B01
201100041090;0;7;0;0;2;5;15;A01
201100041091;0;7;0;0;1;1;1;A01
201100041092;0;7;0;0;2;4;2;C01
201100041092;0;7;0;0;2;1;2;B01
201100041092;0;7;0;0;2;1;1;A01
201100041093;0;33;0;0;2;1;2;B01
201100041093;0;7;0;0;2;8;15;A01
201100041094;0;15;0;4;0;8;1;A01
201100041095;0;7;0;0;2;1;23;B01
201100041095;0;7;0;0;2;3;1;A01
201100041096;0;7;0;0;2;3;10;A01
201100041096;0;33;0;0;2;1;1;B01
201100041097;0;7;0;0;2;6;1;B01
201100041097;0;34;0;0;2;1;1;A01
201100041098;1;7;0;0;0;0;15;Z01
201100041098;0;33;0;0;0;7;1;A01
201100041099;1;7;0;0;2;1;2;Z01
201100041099;0;7;0;0;2;4;23;C01
201100041099;0;7;0;0;2;4;2;B01
201100041100;0;33;0;0;2;1;1;B01
201100041100;0;7;0;0;2;8;15;A01
201100041101;0;37;12;0;1;2;16;A01
201100041102;0;13;0;0;1;2;15;A01
201100041103;0;33;0;0;2;1;1;A01
201100041103;0;7;0;0;2;6;15;B01
201100041104;0;1;0;0;2;8;15;A01
201100041104;0;7;0;0;2;2;1;B01
201100041105;0;7;0;0;1;3;1;A01
201100041106;0;37;4;0;1;7;7;A01
201100041107;0;7;0;0;2;3;15;A01
201100041107;0;33;0;0;2;8;1;B01
201100041108;0;30;0;0;2;5;1;A01
201100041108;0;7;0;0;2;3;15;B01
201100041109;0;32;0;0;2;7;15;A01
201100041109;0;7;0;0;2;1;1;B01
201100041110;0;7;0;0;2;0;15;A01
201100041110;0;34;0;0;0;8;1;B01
201100041111;0;15;0;0;2;0;12;A01
201100041111;0;30;0;0;2;1;1;B01
201100041112;0;7;0;0;1;1;1;A01
201100041113;0;7;0;0;1;1;21;A01
201100041114;0;7;0;0;2;7;1;B01
201100041114;0;31;0;0;2;8;9;A01
201100041115;0;7;0;0;2;4;1;D01
201100041115;0;7;0;0;2;1;1;A01
201100041115;0;7;0;0;2;4;1;B01
201100041115;0;7;0;0;2;4;1;C01
201100041116;0;7;0;0;2;4;23;D01
201100041116;0;7;0;0;2;1;2;A01
201100041116;0;7;0;0;2;4;23;B01
201100041116;0;7;0;0;2;4;23;C01
201100041117;0;7;0;1;0;3;13;A01
201100041118;0;30;0;0;0;0;1;A01
201100041119;0;7;0;0;2;2;1;B01
201100041119;0;1;0;1;2;0;19;A01
201100041120;0;7;0;5;2;1;1;A01
201100041120;0;7;0;0;2;5;1;B01
201100041121;2;7;0;2;1;2;1;A01
201100041122;0;7;0;0;2;6;23;B01
201100041122;0;1;0;0;2;1;2;A01
201100041123;0;13;0;0;1;8;21;A01
201100041124;0;7;0;0;1;2;1;A01
201100041125;0;30;0;0;2;7;0;A01
201100041125;0;7;0;0;2;3;0;B01
201100041126;0;7;0;0;2;1;15;A01
201100041126;0;33;0;0;2;1;1;B01
201100041127;0;7;0;0;1;5;20;A01
201100041128;0;7;0;0;2;1;1;A01
201100041128;0;7;0;0;2;4;1;C01
201100041128;0;7;0;0;2;4;1;B01
201100041129;0;7;0;0;2;3;10;A01
201100041129;0;31;0;0;2;1;1;B01
201100041130;0;30;0;0;1;2;1;A01
201100041131;0;7;0;0;2;8;15;A01
201100041131;0;37;10;0;2;2;1;B01
201100041132;0;7;0;0;1;4;16;A01
201100041133;0;7;0;0;2;2;19;A01
201100041133;0;33;0;0;2;1;19;B01
201100041134;0;7;0;8;0;3;5;A01
201100041135;0;33;0;3;2;1;5;A01
201100041135;0;7;0;0;2;1;1;B01
201100041136;0;30;0;12;0;9;2;A01
201100041137;0;7;0;0;2;6;15;A01
201100041137;0;33;0;0;2;1;1;B01
201100041138;0;15;0;0;2;1;2;A01
201100041138;0;7;0;0;2;4;2;C01
201100041138;0;7;0;0;2;4;2;B01
201100041139;0;7;0;0;2;6;1;B01
201100041139;0;33;0;0;2;7;2;A01
201100041140;0;15;0;0;2;4;23;A01
201100041140;0;30;0;1;0;1;1;B01
201100041141;0;7;0;3;0;0;0;A01
201100041141;0;7;0;3;0;9;0;B01
201100041142;0;7;0;1;2;1;15;B01
201100041142;0;33;0;1;2;2;13;A01
201100041143;1;7;0;0;0;0;12;Z01
201100041143;0;32;0;0;0;0;1;A01
201100041144;0;7;0;0;2;2;13;A01
201100041144;0;7;0;0;2;1;23;B01
201100041145;0;7;0;0;2;2;15;A01
201100041145;0;30;0;0;2;1;1;B01
201100041146;0;7;0;0;1;1;1;A01
201100041147;0;99;0;8;0;0;1;A01
201100041148;0;2;0;0;2;7;17;B01
201100041148;0;7;0;0;2;2;19;A01
201100041149;0;7;0;0;2;0;15;A01
201100041149;0;33;0;0;2;0;1;B01
201100041150;0;7;0;4;2;7;1;B01
201100041150;0;7;0;0;2;1;2;C01
201100041150;0;7;0;0;2;3;9;A01
201100041151;0;7;0;1;1;1;13;A01
201100041152;0;7;0;4;0;2;9;A01
201100041153;0;7;0;0;2;3;1;A01
201100041153;0;1;0;0;2;1;19;B01
201100041154;0;7;0;6;0;1;13;A01
201100041155;0;30;0;1;0;3;13;A01
201100041156;0;7;0;13;0;1;14;A01
201100041157;0;7;0;0;1;1;1;A01
201100041158;0;33;0;0;2;2;1;B01
201100041158;0;7;0;2;2;3;10;A01
201100041159;0;30;0;9;0;1;1;A01
201100041160;0;7;0;6;0;2;1;A01
201100041161;0;7;0;0;2;0;19;A01
201100041161;0;30;0;0;2;0;21;B01
201100041162;0;33;0;0;2;0;1;A01
201100041162;0;1;0;0;2;0;1;B01
201100041163;0;7;0;0;2;4;1;C01
201100041163;0;7;0;0;2;4;1;B01
201100041163;0;7;0;0;2;1;1;A01
201100041164;0;7;0;0;2;2;1;A01
201100041164;0;1;0;0;2;8;1;B01
201100041165;0;2;0;1;0;1;14;A01
201100041166;0;7;0;1;2;0;1;A01
201100041167;0;7;0;0;2;3;10;A01
201100041167;0;32;0;0;2;8;1;B01
201100041168;0;33;0;0;2;1;1;B01
201100041168;0;7;0;0;2;2;15;A01
201100041169;0;7;0;2;0;1;14;A01
201100041170;0;33;0;3;2;7;1;A01
201100041171;0;7;0;0;2;3;1;A01
201100041171;0;7;0;0;2;4;1;B01
201100041172;0;7;0;3;2;1;0;A01
201100041172;0;7;0;0;2;5;1;B01
201100041173;0;37;2;1;2;1;2;A01
201100041173;0;7;0;0;0;4;23;B01
201100041174;0;7;0;0;1;6;1;A01
201100041175;0;7;0;0;2;2;1;A01
201100041175;0;7;0;0;2;3;1;B01
201100041176;0;32;0;0;2;1;1;B01
201100041176;0;10;0;0;2;4;2;A01
201100041177;0;7;0;0;1;1;1;A01
201100041178;0;7;0;0;2;5;10;A01
201100041178;0;7;0;0;2;2;1;B01
201100041179;0;10;0;0;1;0;0;A01
201100041180;0;7;0;11;0;1;0;A01
201100041181;0;7;0;0;1;2;1;A01
201100041182;0;32;0;0;5;1;1;B01
201100041183;1;37;1;0;0;0;0;A01
201100041183;0;10;0;0;2;8;13;B01
201100041183;0;33;0;1;0;7;1;C01
201100041184;0;30;0;12;2;1;1;B01
201100041184;0;7;0;12;2;1;1;A01
201100041185;0;7;0;0;2;3;23;C01
201100041185;0;7;0;0;2;2;1;A01
201100041185;0;7;0;0;2;3;15;B01
201100041186;0;7;0;0;2;6;11;A01
201100041186;0;33;0;0;2;7;2;B01
201100041187;0;7;0;0;1;6;4;A01
201100041188;0;30;0;0;2;7;1;B01
201100041188;0;7;0;0;2;1;0;A01
201100041189;0;7;0;0;1;2;1;A01
201100041190;0;7;0;0;2;8;1;A01
201100041190;0;7;0;0;2;8;0;B01
201100041191;0;33;0;0;2;1;1;A01
201100041191;0;7;0;0;2;8;20;B01
201100041192;0;33;0;0;2;8;1;A01
201100041192;0;7;0;0;2;2;14;B01
201100041193;0;7;0;0;1;0;1;A01
201100041194;0;30;0;0;2;1;1;A01
201100041194;0;7;0;0;2;5;2;B01
201100041195;0;7;0;0;2;1;1;A01
201100041195;0;7;0;0;2;4;2;B01
201100041196;0;33;0;0;2;1;2;A01
201100041196;0;7;0;0;2;4;2;B01
201100041197;0;7;0;0;2;6;23;B01
201100041197;0;7;0;0;2;2;21;A01
201100041198;0;33;0;0;2;1;1;B01
201100041198;0;7;0;0;2;3;19;A01
201100041199;0;2;0;15;0;0;1;A01
201100041200;0;7;0;0;2;3;15;B01
201100041200;0;32;0;0;2;1;1;A01
201100041201;0;30;0;0;1;2;1;A01
201100041202;0;32;0;0;1;0;1;A01
201100041203;0;7;0;0;1;1;1;A01
201100041204;0;7;0;12;2;7;14;A01
201100041204;0;15;0;0;0;2;2;B01
201100041205;1;7;0;0;2;7;3;A01
201100041205;0;2;0;0;0;8;2;B01
201100041206;0;7;0;0;1;2;1;A01
201100041207;0;33;0;0;2;1;1;B01
201100041207;0;7;0;0;2;5;9;A01
201100041208;0;30;0;1;0;1;1;A01
201100041209;0;7;0;0;0;0;1;A01
201100041210;0;7;0;4;2;8;19;A01
201100041210;0;7;0;12;2;1;1;B01
201100041211;0;7;0;0;1;3;1;A01
201100041212;0;7;0;12;1;1;13;A01
201100041213;0;33;0;0;2;1;1;A01
201100041213;0;10;0;0;2;4;15;B01
201100041214;0;7;0;0;2;3;1;B01
201100041214;0;7;0;0;2;1;0;A01
201100041215;0;7;0;0;0;1;19;A01
201100041215;0;7;0;0;0;2;1;B01
201100041216;0;2;0;0;2;8;16;B01
201100041216;0;7;0;0;2;7;9;A01
201100041217;0;7;0;8;0;0;2;A01
201100041217;1;7;0;0;0;0;0;Z01
201100041218;0;7;0;0;2;2;19;A01
201100041218;0;30;0;0;2;1;1;B01
201100041219;0;7;0;9;0;2;1;A01
201100041220;0;7;0;0;2;2;15;B01
201100041220;0;30;0;0;2;1;1;A01
201100041221;0;7;0;0;2;1;1;A01
201100041221;0;7;0;0;2;7;15;B01
201100041222;0;7;0;0;2;2;1;B01
201100041222;0;7;0;0;2;1;1;A01
201100041223;0;7;0;0;1;1;1;A01
201100041224;0;7;0;0;1;1;0;A01
201100041225;1;7;0;0;1;0;0;A01
201100041226;0;7;0;0;1;1;1;A01
201100041227;0;7;0;0;2;3;13;A01
201100041227;0;7;0;12;2;3;1;B01
201100041228;0;33;0;0;2;8;1;B01
201100041228;0;7;0;0;2;8;15;A01
201100041229;0;7;0;0;2;1;1;B01
201100041229;0;7;0;0;2;2;15;A01
201100041230;0;33;0;0;2;1;2;A01
201100041230;0;13;0;0;2;6;2;B01
201100041231;0;7;0;0;2;2;1;A01
201100041231;0;2;0;0;0;4;23;B01
201100041232;0;31;0;0;2;1;1;B01
201100041232;0;7;0;0;2;3;15;A01
201100041233;0;7;0;15;0;7;1;A01
201100041234;0;15;0;0;2;3;1;B01
201100041234;0;7;0;0;2;1;13;A01
201100041235;0;7;0;0;1;0;1;A01
201100041236;0;7;0;0;2;1;1;B01
201100041236;2;7;0;0;2;1;17;A01
201100041237;0;2;0;1;0;2;14;A01
201100041237;0;7;0;0;2;6;24;B01
201100041238;0;7;0;0;0;0;1;A01
201100041239;0;7;0;0;1;2;1;A01
201100041240;0;7;0;0;2;7;15;A01
201100041240;0;33;0;0;2;1;1;B01
201100041241;0;7;0;2;0;9;0;A01
201100041242;0;7;0;0;1;1;1;A01
201100041243;0;33;0;0;2;1;0;A01
201100041244;2;7;0;0;2;1;2;A01
201100041244;0;7;0;0;2;9;23;B01
201100041244;0;7;0;0;2;4;23;C01
201100041245;0;7;0;0;1;1;1;A01
201100041246;0;37;46;0;1;1;1;A01
201100041247;0;7;0;9;1;1;1;A01
201100041248;0;32;0;0;1;1;1;A01
201100041249;0;2;0;0;1;1;0;A01
201100041250;0;7;0;0;1;3;9;A01
201100041251;2;7;0;0;2;1;11;A01
201100041251;0;7;0;0;2;3;1;B01
201100041251;0;7;0;0;2;1;1;C01
201100041252;0;37;1;0;1;0;16;A01
201100041253;0;7;0;0;2;1;1;A01
201100041253;0;7;0;0;2;4;1;B01
201100041254;0;7;0;0;2;2;19;A01
201100041254;0;31;0;0;2;1;1;B01
201100041255;0;33;0;0;2;1;17;A01
201100041255;0;7;0;0;2;8;15;B01
201100041256;0;7;0;0;2;1;13;A01
201100041256;0;7;0;0;2;1;1;B01
201100041257;0;7;0;0;2;3;16;A01
201100041257;0;7;0;0;2;3;1;B01
201100041258;0;1;0;0;2;1;0;A01
201100041258;0;7;0;0;2;2;0;B01
201100041259;0;2;0;1;2;1;1;A01
201100041260;0;7;0;0;2;8;10;A01
201100041260;0;7;0;0;2;8;10;B01
201100041261;0;7;0;0;2;3;10;A01
201100041261;0;33;0;0;2;1;13;B01
201100041262;0;7;0;0;1;1;16;A01
201100041263;0;10;0;6;2;1;1;A01
201100041263;0;1;0;0;2;1;1;B01
201100041264;0;7;0;0;1;2;1;A01
201100041265;0;7;0;0;2;8;17;A01
201100041265;0;2;0;0;2;1;17;B01
201100041266;0;7;0;0;1;1;1;A01
201100041267;0;33;0;0;2;1;0;B01
201100041267;0;7;0;0;2;3;24;C01
201100041267;0;7;0;0;2;1;15;A01
201100041268;0;7;0;0;1;1;1;A01
201100041269;0;7;0;0;2;4;2;C01
201100041269;0;7;0;0;2;1;2;A01
201100041269;0;7;0;0;2;4;2;B01
201100041270;0;7;0;0;2;1;1;A01
201100041270;0;7;0;0;2;0;11;B01
201100041271;0;7;0;0;2;1;1;B01
201100041271;0;7;0;0;2;7;13;A01
201100041272;0;7;0;0;2;3;15;A01
201100041272;0;33;0;0;2;1;1;B01
201100041273;0;7;0;0;2;1;13;A01
201100041273;0;7;0;0;2;3;1;B01
201100041273;0;7;0;0;2;1;2;C01
201100041274;0;7;0;0;0;3;10;A01
201100041274;0;31;0;0;2;2;17;B01
201100041275;0;7;0;0;2;1;1;A01
201100041275;0;7;0;0;2;1;1;B01
201100041276;0;7;0;0;2;3;0;A01
201100041276;0;7;0;0;2;3;0;B01
201100041277;0;37;1;0;1;8;1;A01
201100041278;0;7;0;0;1;3;2;A01
201100041279;0;7;0;0;2;7;21;B01
201100041279;0;7;0;0;2;1;17;A01
201100041280;0;7;0;16;0;0;13;A01
201100041281;0;7;0;8;0;1;0;A01
201100041282;0;2;0;0;0;0;0;A01
201100041283;0;7;0;8;2;1;0;B01
201100041283;0;7;0;0;2;1;9;A01
201100041284;0;7;0;0;2;1;1;A01
201100041284;0;13;0;0;2;7;1;B01
201100041285;0;7;0;0;0;1;1;B01
201100041285;0;99;0;0;0;1;1;C01
201100041285;2;7;0;0;0;3;13;Z01
201100041286;0;1;0;0;0;8;9;A01
201100041286;0;30;0;0;2;7;1;B01
201100041287;0;33;0;0;0;0;0;A01
201100041287;0;7;0;0;2;5;2;B01
201100041287;0;7;0;0;2;1;0;C01
201100041288;0;33;0;0;1;1;0;A01
201100041289;0;7;0;16;0;0;21;A01
201100041290;0;7;0;0;9;3;16;A01
201100041290;0;1;0;0;2;5;1;B01
201100041291;0;7;0;0;0;1;2;A01
201100041291;0;7;0;0;0;4;2;B01
201100041292;0;7;0;0;2;7;15;A01
201100041292;0;7;0;0;2;1;1;B01
201100041293;0;2;0;0;2;1;1;A01
201100041293;0;7;0;0;2;8;15;B01
201100041294;0;33;0;0;2;7;17;A01
201100041294;0;7;0;0;2;3;15;B01
201100041295;0;7;0;8;0;1;16;A01
201100041296;0;7;0;13;0;2;1;A01
201100041297;0;1;0;12;0;1;1;A01
201100041298;0;7;0;0;2;1;5;A01
201100041298;0;7;0;0;2;1;0;B01
201100041299;1;7;0;0;1;3;1;Z01
201100041300;0;7;0;0;1;3;0;A01
201100041301;0;7;0;0;2;2;10;A01
201100041301;0;7;0;0;2;8;1;B01
201100041302;0;31;0;15;0;8;1;A01
201100041303;0;7;0;0;0;6;19;A01
201100041303;0;7;0;0;2;3;1;B01
201100041304;0;32;0;6;0;0;1;A01
201100041305;0;7;0;0;1;4;4;A01
201100041306;0;7;0;0;2;3;0;B01
201100041306;0;7;0;0;2;1;0;A01
201100041307;0;7;0;0;2;1;1;A01
201100041307;0;7;0;0;2;4;1;B01
201100041307;0;7;0;0;0;4;0;C01
201100041308;0;32;0;0;0;0;1;A01
201100041309;0;1;0;1;0;1;2;A01
201100041310;0;7;0;0;2;1;1;A01
201100041310;0;7;0;0;2;3;15;B01
201100041311;0;33;0;0;2;1;2;A01
201100041311;0;33;0;7;0;4;15;B01
201100041312;0;10;0;0;2;0;5;A01
201100041312;0;7;0;0;0;4;2;B01
201100041312;0;2;0;0;2;1;2;C01
201100041313;0;10;0;0;2;9;0;B01
201100041313;0;7;0;0;2;1;0;A01
201100041314;0;7;0;14;2;1;2;A01
201100041314;0;7;0;0;2;4;2;B01
201100041315;0;7;0;0;9;2;0;B01
201100041315;0;1;0;0;2;7;0;A01
201100041316;0;7;0;0;2;1;2;A01
201100041316;0;7;0;0;2;4;2;B01
201100041317;0;7;0;0;2;2;1;B01
201100041317;0;10;0;0;2;1;1;A01
201100041318;0;7;0;0;2;4;2;B01
201100041318;2;7;0;0;2;1;2;Z01
201100041319;0;30;0;0;2;1;2;A01
201100041319;0;7;0;0;2;1;2;B01
201100041320;0;7;0;0;2;1;2;A01
201100041320;0;7;0;0;0;4;2;B01
201100041321;0;7;0;2;0;1;2;A01
201100041322;0;33;0;0;0;0;16;A01
201100041323;0;10;0;0;0;0;1;A01
201100041324;0;7;0;0;1;2;1;A01
201100041325;0;7;0;0;0;0;2;A01
201100041326;0;10;0;0;2;1;2;A01
201100041326;0;10;0;0;2;4;2;B01
201100041326;0;10;0;0;2;4;2;C01
201100041327;0;7;0;0;0;1;1;A01
201100041328;0;7;0;0;0;3;2;A01
201100041328;0;1;0;0;0;4;2;B01
201100041329;0;10;0;8;0;1;0;A01
201100041330;0;7;0;0;2;3;5;A01
201100041330;0;7;0;0;2;3;0;B01
201100041331;0;7;0;13;0;3;1;A01
201100041332;0;7;0;0;2;8;1;A01
201100041332;0;7;0;0;2;3;1;B01
201100041333;0;7;0;0;2;2;2;A01
201100041333;0;30;0;0;0;4;2;B01
201100041334;0;7;0;8;0;2;1;A01
201100041335;0;7;0;0;0;0;0;A01
201100041335;0;20;0;1;0;7;0;B01
201100041336;0;7;0;6;0;1;1;A01
201100041337;2;7;0;2;0;1;1;A01
201100041338;0;7;0;0;2;1;2;A01
201100041338;0;7;0;0;0;4;23;B01
201100041339;1;7;0;;;;;B01
201100041339;0;32;0;1;0;1;0;A01
201100041340;0;7;0;0;2;1;2;A01
201100041340;0;7;0;0;2;4;2;B01
201100041341;0;7;0;0;0;9;0;A01
201100041342;0;33;0;0;2;7;0;A01
201100041343;0;7;0;0;2;1;2;A01
201100041343;0;7;0;0;2;9;2;B01
201100041343;0;7;0;0;2;9;2;C01
201100041343;0;7;0;0;0;4;2;D01
201100041344;0;7;0;0;2;1;13;A01
201100041344;0;7;0;0;2;1;1;B01
201100041345;0;7;0;0;2;8;5;A01
201100041345;0;7;0;0;2;8;5;B01
201100041346;0;7;0;0;1;4;4;A01
201100041347;0;7;0;8;0;3;13;A01
201100041348;0;30;0;0;2;1;1;A01
201100041348;0;7;0;0;2;4;1;B01
201100041349;0;2;0;0;0;0;21;A01
201100041350;0;7;0;15;0;1;0;A01
201100041351;0;7;0;0;2;1;0;B01
201100041351;0;7;0;0;2;3;0;A01
201100041352;0;7;0;0;0;0;1;A01
201100041353;0;7;0;0;1;2;1;A01
201100041354;0;7;0;0;2;4;2;A01
201100041354;0;7;0;0;2;1;2;B01
201100041355;0;7;0;13;0;7;1;A01
201100041356;2;7;0;6;0;1;1;A01
201100041357;0;7;0;13;0;1;1;A01
201100041358;0;7;0;0;2;1;9;A01
201100041358;0;7;0;0;0;2;1;B01
201100041359;0;7;0;16;0;1;1;B01
201100041359;1;7;0;0;0;0;5;Z01
201100041360;0;7;0;0;2;3;16;A01
201100041360;1;7;0;0;2;3;13;Z01
201100041361;0;7;0;0;2;3;1;B01
201100041361;0;33;0;0;0;6;0;A01
201100041362;0;7;0;0;2;3;1;B01
201100041362;2;7;0;0;2;1;13;Z01
201100041363;0;33;0;0;2;7;17;A01
201100041363;0;7;0;0;2;6;13;B01
201100041364;0;7;0;0;0;1;0;A01
201100041365;0;10;0;0;2;2;11;A01
201100041365;0;30;0;0;2;1;1;B01
201100041366;0;7;0;1;0;5;15;A01
201100041366;0;2;0;0;2;1;1;B01
201100041367;0;7;0;0;9;6;11;A01
201100041367;0;33;0;0;2;2;17;B01
201100041368;0;1;0;0;2;4;2;B01
201100041368;0;7;0;0;2;7;2;A01
201100041369;0;7;0;0;2;5;15;A01
201100041369;0;7;0;0;2;1;1;B01
201100041370;0;7;0;0;2;3;2;A01
201100041370;0;7;0;0;2;1;19;B01
201100041370;0;10;0;0;2;3;1;C01
201100041370;0;7;0;11;0;1;21;D01
201100041371;0;2;0;0;0;0;1;A01
201100041372;0;7;0;0;1;2;14;A01
201100041373;0;7;0;15;0;1;13;A01
201100041374;0;7;0;0;0;9;1;A01
201100041375;0;31;0;0;2;1;1;B01
201100041375;0;7;0;0;2;3;9;A01
201100041376;0;37;1;0;9;5;1;B01
201100041376;0;1;0;0;2;4;16;A01
201100041377;0;7;0;0;9;2;1;B01
201100041377;0;1;0;6;2;1;19;A01
201100041378;0;7;0;0;2;1;15;A01
201100041378;0;7;0;0;2;1;0;B01
201100041378;0;7;0;0;2;3;0;C01
201100041379;0;7;0;0;2;1;19;B01
201100041379;0;7;0;0;2;7;19;A01
201100041380;0;33;0;2;0;2;1;A01
201100041381;0;2;0;12;0;2;1;A01
201100041382;0;10;0;0;2;2;2;A01
201100041382;0;1;0;0;0;4;2;B01
201100041383;0;2;0;12;0;1;1;A01
201100041383;0;2;0;12;0;6;2;B01
201100041384;0;7;0;2;0;4;1;A01
201100041385;0;10;0;15;2;6;1;B01
201100041385;0;1;0;0;2;2;19;A01
201100041386;0;33;0;0;2;1;1;B01
201100041386;0;7;0;0;2;6;15;A01
201100041387;0;7;0;13;0;2;1;A01
201100041388;0;7;0;8;2;3;1;B01
201100041388;0;7;0;0;2;7;6;A01
201100041389;0;7;0;0;0;9;17;A01
201100041390;0;7;0;2;0;1;13;A01
201100041391;0;7;0;0;2;5;10;A01
201100041391;0;33;0;0;2;8;1;B01
201100041392;0;7;0;6;0;9;1;A01
201100041392;0;7;0;0;0;0;1;B01
201100041393;0;7;0;0;2;8;15;A01
201100041393;0;2;0;0;2;1;1;B01
201100041394;0;7;0;2;6;9;21;A01
201100041395;0;7;0;0;2;1;2;A01
201100041395;0;7;0;0;2;4;2;B01
201100041396;0;7;0;0;1;1;1;A01
201100041397;0;7;0;0;1;2;1;A01
201100041398;0;7;0;0;2;1;15;A01
201100041398;0;30;0;0;2;8;1;B01
201100041399;0;7;0;2;0;3;2;A01
201100041400;0;31;0;0;2;1;1;B01
201100041400;0;7;0;0;2;1;15;A01
201100041401;0;7;0;1;2;2;5;A01
201100041401;0;7;0;0;2;3;21;B01
201100041401;0;7;0;2;2;1;21;C01
201100041401;0;7;0;0;2;8;24;D01
201100041402;0;7;0;6;0;7;1;B01
201100041402;0;7;0;0;2;1;19;A01
201100041403;1;7;0;0;0;0;0;A01
201100041404;0;7;0;0;1;7;1;A01
201100041405;0;7;0;10;1;1;1;A01
201100041406;0;30;0;7;0;1;1;A01
201100041407;0;7;0;13;0;9;1;A01
201100041408;0;37;1;0;2;1;2;A01
201100041408;0;7;0;0;0;4;1;B01
201100041409;0;7;0;1;2;8;1;B01
201100041409;2;7;0;0;2;1;5;A01
201100041410;1;7;0;0;1;2;2;A01
201100041411;0;10;0;8;2;7;1;A01
201100041411;0;7;0;0;2;1;1;B01
201100041412;1;7;0;0;2;3;13;A01
201100041412;0;31;0;0;2;9;1;B01
201100041413;0;33;0;0;2;1;17;A01
201100041413;0;7;0;0;2;1;1;C01
201100041413;0;7;0;0;0;6;1;B01
201100041414;0;30;0;0;2;1;5;A01
201100041414;0;7;0;0;2;3;1;B01
201100041415;0;7;0;0;2;2;2;A01
201100041415;0;7;0;0;2;6;1;B01
201100041416;0;7;0;0;1;1;1;A01
201100041417;2;10;0;0;2;3;17;A01
201100041417;0;7;0;0;2;1;1;B01
201100041418;0;7;0;0;2;7;15;A01
201100041418;0;33;0;0;2;1;1;B01
201100041419;2;7;0;0;2;3;13;A01
201100041419;0;7;0;0;2;3;1;B01
201100041420;0;7;0;0;9;2;2;A01
201100041420;0;1;0;0;2;4;2;B01
201100041421;0;37;1;0;1;7;1;A01
201100041422;0;7;0;0;1;2;1;A01
201100041423;0;7;0;1;1;4;4;A01
201100041424;0;7;0;0;1;2;1;A01
201100041425;0;7;0;11;0;2;2;A01
201100041425;0;38;6;0;0;6;2;B01
201100041426;0;7;0;0;2;7;15;A01
201100041426;0;2;0;0;2;1;1;B01
201100041427;0;7;0;0;9;2;2;A01
201100041427;0;1;0;0;0;4;2;B01
201100041428;0;7;0;0;2;1;2;A01
201100041428;0;7;0;0;2;4;2;B01
201100041429;0;7;0;0;2;3;1;A01
201100041429;0;7;0;0;2;3;1;B01
201100041430;2;10;0;0;1;3;1;A01
201100041431;0;7;0;0;1;1;1;A01
201100041432;0;7;0;0;2;1;2;A01
201100041432;0;7;0;0;0;4;2;B01
201100041432;0;7;0;0;2;4;2;C01
201100041432;0;7;0;0;0;4;2;D01
201100041433;0;7;0;0;2;1;1;A01
201100041433;0;32;0;0;0;6;1;B01
201100041434;0;7;0;0;2;8;11;A01
201100041434;0;33;0;0;2;1;1;B01
201100041435;0;7;0;0;1;1;1;A01
201100041436;1;7;0;0;1;1;2;A01
201100041437;0;33;0;0;0;7;1;A01
201100041438;0;7;0;0;1;4;4;A01