num_acc;senc;catv;occutc;obs;obsm;choc;manv;num_veh
201100041802;0;34;0;0;0;1;1;B01
201100041802;0;7;0;0;0;2;15;A01
201100041803;0;7;0;0;1;1;1;B01
201100041804;0;7;0;4;2;1;1;A01
201100041804;0;7;0;4;0;1;2;B01
201100041805;0;7;0;0;2;2;21;A01
201100041805;0;15;0;0;0;6;23;B01
201100041806;0;7;0;0;2;3;1;A01
201100041806;0;7;0;0;2;5;1;B01
201100041807;0;7;0;0;1;1;16;A01
201100041808;0;7;0;0;2;2;2;A01
201100041808;0;3;0;0;0;6;2;B01
201100041809;0;7;0;0;2;1;15;A01
201100041809;0;7;0;0;2;1;1;B01
201100041810;0;7;0;6;0;1;0;A01
201100041811;0;7;0;0;2;1;0;B01
201100041811;0;7;0;0;2;1;0;A01
201100041812;0;20;0;0;2;1;23;B01
201100041812;0;1;0;0;2;1;1;A01
201100041813;1;7;0;0;2;3;1;Z01
201100041813;0;1;0;0;2;1;19;A01
201100041814;0;7;0;0;2;4;2;B01
201100041814;0;17;0;0;2;1;2;A01
201100041815;0;7;0;10;0;1;1;A01
201100041816;0;7;0;2;0;3;21;A01
201100041816;0;7;0;0;2;0;15;B01
201100041817;0;7;0;1;1;6;0;A01
201100041818;0;7;0;0;1;2;1;A01
201100041819;0;7;0;0;2;1;1;A01
201100041819;0;7;0;0;0;3;15;B01
201100041820;0;7;0;0;2;3;1;A01
201100041820;0;7;0;15;2;2;1;B01
201100041821;0;34;0;0;2;1;21;A01
201100041821;0;7;0;0;2;2;23;B01
201100041822;0;7;0;0;2;4;23;B02
201100041822;0;7;0;0;2;1;2;A02
201100041823;0;2;0;0;2;1;1;A01
201100041823;0;7;0;0;2;4;23;B01
201100041824;0;33;0;4;0;0;2;B01
201100041824;0;33;0;4;0;0;0;A01
201100041825;0;7;0;0;2;3;15;B01
201100041825;0;31;0;0;2;1;1;Z01
201100041826;0;7;0;0;1;1;1;A01
201100041827;0;7;0;0;2;3;9;A01
201100041827;0;14;0;0;2;7;1;B01
201100041828;0;7;0;14;2;2;9;A01
201100041828;0;7;0;0;2;6;1;B01
201100041828;0;7;0;0;2;3;23;C01
201100041829;0;32;0;0;0;4;23;B01
201100041829;0;7;0;0;2;1;1;A01
201100041830;0;7;0;0;1;2;1;A01
201100041831;0;7;0;0;1;0;1;A01
201100041832;0;1;0;12;0;0;21;B01
201100041833;0;7;0;0;2;3;15;A01
201100041833;0;7;0;0;2;3;1;B01
201100041834;0;7;0;0;2;1;1;A01
201100041834;0;7;0;0;0;8;1;B01
201100041835;0;7;0;0;2;1;23;C01
201100041835;0;7;0;0;2;1;1;B01
201100041835;0;7;0;0;2;1;1;A01
201100041836;0;7;0;0;2;4;1;B01
201100041836;0;33;0;0;2;1;9;A01
201100041837;0;7;0;0;2;4;1;C01
201100041837;0;7;0;0;2;4;1;B01
201100041837;0;7;0;0;2;1;1;A01
201100041838;0;33;0;1;0;1;1;A01
201100041839;0;33;0;12;0;1;1;A01
201100041840;0;30;0;0;2;1;1;A01
201100041841;0;7;0;0;1;2;1;A01
201100041842;0;7;0;0;1;8;1;A01
201100041843;0;7;0;0;2;4;1;B01
201100041843;0;7;0;0;2;1;1;A01
201100041844;0;14;0;0;2;6;1;B01
201100041844;0;10;0;0;2;2;21;A01
201100041845;0;7;0;0;2;7;1;B01
201100041845;0;7;0;0;2;8;10;A01
201100041846;0;7;0;0;1;1;1;A01
201100041847;0;7;0;0;1;1;1;A01
201100041848;0;7;0;0;1;1;1;A01
201100041849;0;7;0;0;9;2;1;B01
201100041849;0;1;0;0;2;2;9;A01
201100041850;0;33;0;14;0;1;1;A01
201100041851;0;7;0;0;2;4;2;B01
201100041851;0;7;0;0;2;1;2;A01
201100041852;0;14;0;0;1;2;1;A01
201100041853;0;7;0;0;1;2;1;A01
201100041854;0;7;0;0;2;1;13;A01
201100041854;0;7;0;0;0;0;1;C01
201100041854;0;7;0;0;2;4;1;B01
201100041855;0;7;0;0;2;4;1;B01
201100041855;0;7;0;0;2;1;2;A01
201100041856;0;7;0;0;2;6;2;B01
201100041856;0;32;0;0;2;2;12;A01
201100041857;0;7;0;0;1;3;1;A01
201100041858;0;7;0;0;2;2;2;A01
201100041858;0;7;0;0;2;6;1;B01
201100041859;0;7;0;0;1;1;1;A01
201100041860;0;7;0;0;2;1;1;A01
201100041860;0;30;0;0;2;8;15;B01
201100041861;0;2;0;7;0;1;17;A01
201100041862;0;30;0;0;2;1;17;A01
201100041862;0;10;0;0;2;8;10;B01
201100041863;0;1;0;0;0;0;0;B01
201100041863;0;7;0;0;0;0;16;A01
201100041864;0;7;0;0;1;3;1;A01
201100041865;0;7;0;0;1;0;15;A01
201100041866;0;30;0;0;2;8;1;A01
201100041866;0;7;0;0;2;1;1;B01
201100041867;0;7;0;0;2;4;2;C01
201100041867;0;7;0;0;2;4;2;B01
201100041867;0;7;0;0;2;1;2;A01
201100041867;0;7;0;0;0;4;2;D01
201100041868;0;1;0;0;0;8;21;B01
201100041868;0;7;0;0;0;0;15;A01
201100041869;0;7;0;0;1;1;1;A01
201100041870;0;7;0;0;0;4;15;B01
201100041870;0;33;0;0;2;1;2;A01
201100041871;0;7;0;0;1;4;20;A01
201100041872;0;1;0;1;2;7;2;B01
201100041872;0;7;0;0;2;8;18;A01
201100041873;0;14;0;0;1;0;4;A01
201100041874;0;7;0;12;1;4;4;A01
201100041875;0;33;0;0;2;1;1;A01
201100041875;0;7;0;0;2;2;15;B01
201100041876;0;30;0;0;2;1;17;B01
201100041876;0;7;0;0;2;6;15;A01
201100041877;0;33;0;0;2;1;1;B01
201100041877;0;7;0;8;2;1;1;A01
201100041878;0;7;0;0;1;7;15;A01
201100041879;0;7;0;0;2;5;1;A01
201100041879;0;1;0;0;2;1;1;B01
201100041880;0;32;0;0;0;8;1;A01
201100041880;0;7;0;0;0;5;15;B01
201100041881;0;1;0;0;2;1;0;B01
201100041881;0;7;0;0;2;8;15;A01
201100041882;0;7;0;0;1;2;1;A01
201100041883;0;30;0;0;2;1;1;B01
201100041883;0;7;0;0;2;1;13;A01
201100041884;0;1;0;0;2;0;2;B01
201100041884;0;7;0;0;2;5;17;A01
201100041885;0;7;0;6;2;1;13;A01
201100041885;0;2;0;0;2;1;1;B01
201100041886;0;7;0;0;1;0;1;A01
201100041887;0;30;0;0;2;7;17;B01
201100041887;0;7;0;0;2;3;13;A01
201100041888;0;30;0;0;2;8;1;B01
201100041888;0;7;0;0;2;2;1;A01
201100041889;0;7;0;0;2;0;0;A01
201100041889;0;34;0;0;2;1;1;B01
201100041890;0;7;0;0;2;2;1;A01
201100041890;0;7;0;0;2;1;1;B01
201100041891;0;7;0;0;2;1;0;B01
201100041891;0;7;0;0;2;4;0;A01
201100041892;0;31;0;15;0;7;0;A01
201100041893;0;10;0;0;1;1;1;A01
201100041894;0;30;0;0;2;1;15;B01
201100041894;0;7;0;0;0;1;16;A01
201100041895;0;7;0;2;2;1;2;A01
201100041895;0;7;0;0;0;4;1;B01
201100041896;0;7;0;0;2;1;1;B01
201100041896;0;7;0;0;2;7;15;A01
201100041897;0;7;0;0;0;9;1;A01
201100041898;0;7;0;0;2;1;0;B01
201100041898;0;7;0;0;2;1;0;A01
201100041899;0;7;0;0;1;3;21;A01
201100041900;0;7;0;13;0;0;0;A01
201100041901;0;7;0;0;1;3;1;A01
201100041902;0;10;0;0;1;4;4;A01
201100041903;0;7;0;0;1;1;1;A01
201100041904;0;37;1;0;2;2;1;B01
201100041904;0;1;0;0;2;1;11;A01
201100041905;0;7;0;0;1;2;16;A01
201100041906;0;7;0;0;2;1;1;C01
201100041906;0;7;0;0;2;1;1;B01
201100041906;0;7;0;0;2;2;0;A01
201100041907;0;15;0;0;2;1;15;A01
201100041907;0;33;0;0;2;1;1;B01
201100041908;0;10;0;0;1;4;4;A01
201100041909;0;10;0;0;2;5;13;A01
201100041909;0;2;0;0;2;0;0;Z01
201100041910;0;7;0;0;2;1;1;C01
201100041910;0;7;0;0;0;5;1;B01
201100041910;0;7;0;0;2;3;1;A01
201100041911;0;33;0;0;1;3;15;A01
201100041912;0;2;0;0;2;1;1;B01
201100041912;0;7;0;0;2;3;15;A01
201100041913;0;2;0;2;0;1;0;A01
201100041914;0;1;0;0;2;0;19;A01
201100041914;0;10;0;0;2;1;1;B01
201100041915;0;7;0;0;2;5;1;B01
201100041915;0;10;0;0;2;1;1;A01
201100041916;0;33;0;0;1;1;1;A01
201100041917;0;7;0;0;2;0;0;A01
201100041917;0;1;0;0;0;0;0;B01
201100041918;0;2;0;0;1;1;1;A01
201100041919;0;7;0;0;1;3;1;A01
201100041920;0;7;0;15;0;9;0;A01
201100041921;0;7;0;0;2;1;0;A01
201100041921;0;33;0;0;2;8;0;B01
201100041922;0;20;0;2;0;0;1;A01
201100041923;0;7;0;0;2;4;2;B01
201100041923;0;7;0;0;2;4;1;C01
201100041923;0;7;0;0;2;1;2;A01
201100041924;0;7;0;0;2;3;1;A01
201100041924;0;2;0;0;2;1;15;B01
201100041925;0;7;0;8;0;1;1;A01
201100041926;0;7;0;0;2;6;10;A01
201100041926;0;7;0;0;2;2;1;B01
201100041927;0;10;0;0;2;6;21;A01
201100041927;0;7;0;0;2;1;2;B01
201100041928;0;7;0;0;2;1;1;B01
201100041928;0;2;0;0;2;8;15;A01
201100041929;0;7;0;0;2;2;12;A01
201100041929;0;31;0;0;2;3;15;B01
201100041930;0;7;0;0;2;3;1;B01
201100041930;0;13;0;0;2;2;15;A01
201100041931;0;33;0;0;2;0;0;A01
201100041931;0;7;0;0;2;2;1;B01
201100041932;0;36;0;6;0;1;0;A01
201100041933;0;7;0;0;1;2;1;A01
201100041934;0;10;0;0;2;1;13;A01
201100041934;0;7;0;0;2;8;21;C01
201100041934;0;7;0;1;2;3;1;B01
201100041935;0;10;0;0;1;2;1;A01
201100041936;0;33;0;0;2;1;1;B01
201100041936;0;7;0;0;2;2;19;A01
201100041937;0;7;0;0;1;2;1;A01
201100041938;0;33;0;1;0;1;1;A01
201100041939;0;7;0;0;1;1;1;A01
201100041940;0;7;0;2;0;1;1;A01
201100041941;0;1;0;0;0;4;1;B01
201100041941;0;10;0;0;2;1;1;A01
201100041942;0;2;0;0;0;0;21;A01
201100041943;0;7;0;0;2;4;23;B01
201100041943;0;7;0;1;2;8;20;C01
201100041943;0;7;0;0;2;1;2;A01
201100041944;0;33;0;2;0;1;0;A01
201100041945;0;7;0;0;1;1;16;A01
201100041946;0;32;0;0;2;1;2;A01
201100041946;0;7;0;0;2;4;2;B01
201100041947;0;7;0;0;1;2;15;A01
201100041948;0;7;0;0;2;2;17;A01
201100041948;0;7;0;0;2;8;1;B01
201100041949;0;33;0;8;0;1;6;A01
201100041950;0;30;0;15;0;2;0;A01
201100041951;0;2;0;0;2;2;1;A01
201100041951;0;7;0;0;2;3;0;B01
201100041952;0;33;0;0;1;3;1;A01
201100041953;0;7;0;0;1;2;1;A01
201100041954;0;14;0;0;2;1;1;A01
201100041954;0;10;0;0;2;4;1;B01
201100041955;0;2;0;0;2;7;17;B01
201100041955;0;7;0;0;2;3;15;A01
201100041956;0;7;0;0;2;7;9;A01
201100041956;0;33;0;0;2;3;1;B01
201100041957;0;10;0;0;2;1;1;A01
201100041957;0;32;0;0;2;4;1;B01
201100041958;0;7;0;0;1;7;1;A01
201100041959;0;10;0;1;0;7;1;A01
201100041959;0;10;0;0;2;3;1;B01
201100041960;0;7;0;0;2;1;2;A01
201100041960;0;15;0;0;2;4;2;B01
201100041961;0;33;0;0;2;1;1;A01
201100041961;0;38;1;0;2;8;15;B01
201100041962;0;7;0;0;2;3;9;A01
201100041962;0;7;0;0;2;2;15;B01
201100041963;0;32;0;1;0;1;9;B01
201100041963;0;7;0;0;0;3;9;A01
201100041964;0;7;0;0;2;1;1;B01
201100041964;0;7;0;0;2;8;15;A01
201100041965;0;7;0;0;2;1;2;A01
201100041965;0;7;0;0;2;4;2;B01
201100041966;1;7;0;0;2;4;23;Z01
201100041966;0;2;0;0;2;1;2;A01
201100041967;0;33;0;0;0;8;1;A01
201100041968;0;10;0;0;2;3;11;A01
201100041968;0;7;0;0;2;1;2;B01
201100041969;0;7;0;6;0;0;1;A01
201100041970;0;7;0;0;1;1;1;A01
201100041971;0;7;0;0;2;1;5;B01
201100041971;0;7;0;3;2;1;5;A01
201100041972;0;7;0;6;0;9;1;A01
201100041973;0;17;0;0;0;7;1;A01
201100041974;0;7;0;0;2;7;2;C01
201100041974;0;7;0;0;2;3;1;A01
201100041974;0;7;0;0;2;5;2;B01
201100041975;0;7;0;0;2;3;9;B01
201100041975;0;7;0;0;2;2;17;A01
201100041976;0;7;0;0;2;1;15;A01
201100041976;0;7;0;0;2;1;1;B01
201100041977;0;7;0;2;0;0;1;A01
201100041978;0;7;0;0;2;1;1;A01
201100041978;0;30;0;0;2;4;1;B01
201100041979;0;7;0;0;2;3;1;A01
201100041979;0;7;0;0;2;3;1;B01
201100041980;0;7;0;8;0;1;0;A01
201100041981;0;7;0;0;2;3;15;A01
201100041981;0;7;0;0;2;1;1;B01
201100041982;0;7;0;0;0;3;0;B01
201100041982;0;7;0;0;2;0;15;A01
201100041983;0;7;0;0;0;2;0;A01
201100041984;0;7;0;0;2;4;15;B01
201100041984;0;33;0;0;2;1;1;A01
201100041985;0;33;0;0;0;2;1;B01
201100041985;0;7;0;0;2;6;11;A01
201100041986;0;7;0;0;1;2;1;A01
201100041987;1;7;0;0;0;0;0;Z01
201100041987;0;1;0;0;2;8;0;B01
201100041988;0;7;0;0;0;4;2;B01
201100041988;0;7;0;0;0;4;2;C01
201100041988;0;7;0;0;0;1;2;A01
201100041989;0;10;0;0;2;4;11;B01
201100041989;0;33;0;0;2;1;11;A01
201100041989;0;7;0;0;0;4;1;C01
201100041990;0;7;0;0;2;6;2;A01
201100041990;0;7;0;0;2;2;2;B01
201100041991;0;30;0;0;2;0;1;B01
201100041991;0;7;0;0;2;0;20;A01
201100041992;0;7;0;0;1;1;0;A01
201100041993;0;7;0;0;0;2;9;A01
201100041994;0;7;0;0;2;1;1;B01
201100041994;0;7;0;0;2;1;13;A01
201100041995;0;3;0;0;2;1;13;B01
201100041995;0;7;0;0;2;1;13;A01
201100041996;0;7;0;0;2;3;1;A01
201100041996;0;1;0;0;2;1;1;B01
201100041997;0;7;0;15;0;1;9;A01
201100041998;0;33;0;0;2;7;1;C01
201100041998;0;7;0;0;2;1;1;B01
201100041998;0;7;0;0;2;9;13;A01
201100041999;0;10;0;0;2;7;1;A01
201100041999;0;7;0;0;2;1;1;B01
201100042000;0;7;0;0;1;2;1;A01
201100042001;0;7;0;9;2;1;13;A01
201100042001;0;7;0;0;2;1;1;B01
201100042002;0;7;0;0;2;7;15;B01
201100042002;0;7;0;0;2;1;1;A01
201100042003;0;33;0;0;2;1;1;A01
201100042003;0;7;0;0;2;5;21;B01
201100042004;0;7;0;0;2;1;9;A01
201100042004;0;7;0;0;2;3;1;B01
201100042005;0;7;0;1;0;1;1;A01
201100042006;0;33;0;0;1;2;21;A01
201100042007;1;7;0;0;1;1;5;A01
201100042008;0;7;0;0;1;1;1;A01
201100042009;0;7;0;0;2;4;23;C01
201100042009;0;7;0;0;2;4;23;B01
201100042009;0;7;0;0;2;1;2;A01
201100042009;0;7;0;0;2;1;2;D01
201100042010;0;33;0;0;6;1;0;A01
201100042011;0;7;0;14;0;8;0;A01
201100042012;0;7;0;0;0;4;23;C01
201100042012;0;7;0;0;2;1;2;A01
201100042012;0;7;0;0;2;4;2;B01
201100042013;0;7;0;0;1;2;1;A01
201100042014;0;7;0;0;2;1;1;A01
201100042014;0;3;0;0;2;4;16;B01
201100042015;0;10;0;0;2;3;23;B01
201100042015;0;2;0;0;2;3;19;A01
201100042016;0;7;0;12;0;2;1;A01
201100042017;0;1;0;0;0;0;0;B01
201100042017;0;7;0;0;0;3;0;A01
201100042018;0;7;0;0;2;9;0;A01
201100042018;0;14;0;0;2;1;1;B01
201100042018;0;7;0;0;2;1;1;C01
201100042019;0;7;0;0;2;8;0;A01
201100042019;0;7;0;0;2;1;0;B01
201100042020;0;7;0;0;1;1;1;A01
201100042021;0;32;0;0;2;2;17;B01
201100042021;0;7;0;0;2;3;15;A01
201100042022;0;10;0;0;2;3;9;B01
201100042022;0;7;0;0;2;1;1;A01
201100042023;0;7;0;0;1;1;1;A01
201100042024;0;7;0;0;2;1;1;A01
201100042024;0;7;0;0;2;8;15;B01
201100042025;0;7;0;0;2;2;1;B01
201100042025;0;2;0;0;2;1;1;A01
201100042026;0;7;0;0;2;7;1;B01
201100042026;0;7;0;0;2;1;1;A01
201100042027;0;7;0;0;2;8;1;A01
201100042027;0;2;0;1;0;1;1;C01
201100042027;0;7;0;0;2;3;1;B01
201100042028;0;7;0;0;2;3;9;B01
201100042028;0;30;0;0;2;1;17;A01
201100042029;0;7;0;8;0;1;21;A01
201100042030;0;34;0;0;2;7;1;B01
201100042030;0;10;0;0;2;3;16;A01
201100042031;0;7;0;0;2;7;6;B01
201100042031;0;7;0;15;2;1;0;A01
201100042032;0;7;0;0;2;4;15;B01
201100042032;0;7;0;0;2;1;1;A01
201100042033;0;7;0;0;1;6;20;A01
201100042034;0;7;0;0;2;2;15;B01
201100042034;0;33;0;0;2;0;0;A01
201100042035;0;13;0;0;2;5;15;B01
201100042035;0;33;0;0;2;5;1;A01
201100042036;0;3;0;0;0;9;21;A01
201100042037;0;1;0;0;2;7;19;B01
201100042037;0;7;0;0;2;1;1;A01
201100042038;0;2;0;8;0;1;1;A01
201100042039;0;33;0;0;2;1;1;B01
201100042039;0;7;0;0;2;1;17;A01
201100042040;0;7;0;0;1;1;15;A01
201100042041;0;7;0;0;2;3;1;B01
201100042041;0;7;0;0;2;1;15;A01
201100042042;0;7;0;3;0;1;1;A01
201100042043;0;7;0;0;2;4;2;A01
201100042043;0;2;0;0;2;1;2;B01
201100042044;0;7;0;0;2;1;1;A01
201100042044;0;7;0;0;2;8;9;B01
201100042045;0;2;0;0;2;8;1;A01
201100042045;0;7;0;0;2;1;15;B01
201100042046;0;7;0;12;0;2;0;A01
201100042047;0;7;0;0;2;3;15;B01
201100042047;0;33;0;0;2;7;1;A01
201100042048;0;7;0;0;0;9;1;A01
201100042049;0;7;0;0;2;8;15;A01
201100042049;0;31;0;0;2;7;17;B01
201100042050;0;7;0;0;2;6;1;A01
201100042050;0;30;0;0;2;2;1;B01
201100042051;0;37;2;0;2;4;1;B01
201100042051;0;7;0;0;2;1;1;A01
201100042052;0;7;0;0;2;4;2;B01
201100042052;0;7;0;0;2;1;1;A01
201100042053;0;7;0;1;2;1;1;A01
201100042053;0;7;0;0;2;4;1;B01
201100042054;0;3;0;0;2;1;2;A01
201100042054;0;7;0;0;2;4;1;B01
201100042055;0;10;0;0;2;2;9;A01
201100042055;0;7;0;0;2;1;1;B01
201100042056;0;7;0;0;2;1;2;A01
201100042056;0;7;0;0;2;1;2;C01
201100042056;0;7;0;0;2;4;2;B01
201100042057;0;7;0;0;2;1;1;A01
201100042057;0;38;1;0;0;2;19;B01
201100042058;0;7;0;0;1;3;1;A01
201100042059;0;2;0;0;2;8;16;B01
201100042059;0;7;0;0;2;7;16;A01
201100042060;0;7;0;0;2;1;2;A01
201100042060;0;7;0;0;2;6;2;B01
201100042061;0;7;0;0;2;4;1;B01
201100042061;0;7;0;0;2;1;1;A01
201100042062;0;7;0;13;0;2;0;A01
201100042063;0;7;0;0;1;5;4;A01
201100042064;0;10;0;0;1;1;1;A01
201100042065;0;7;0;0;2;3;1;A01
201100042065;0;7;0;0;2;2;15;B01
201100042066;0;7;0;0;6;9;1;A01
201100042067;0;7;0;0;1;1;1;A01
201100042068;0;33;0;0;2;1;1;B01
201100042068;0;7;0;0;2;3;9;A01
201100042069;0;33;0;0;2;4;2;A01
201100042069;0;7;0;0;2;1;2;B01
201100042070;0;7;0;0;1;5;4;A01
201100042071;0;34;0;12;0;1;18;A01
201100042072;0;7;0;0;2;5;12;B01
201100042072;0;7;0;0;2;3;16;A01
201100042073;0;33;0;4;0;8;13;B01
201100042073;0;7;0;0;0;0;2;A01
201100042074;0;7;0;9;0;1;1;A01
201100042075;0;7;0;0;2;1;1;B01
201100042075;0;7;0;0;2;1;15;A01
201100042076;0;7;0;0;2;4;1;D01
201100042076;0;7;0;0;2;1;1;A01
201100042076;0;7;0;0;2;4;1;C01
201100042076;0;7;0;0;2;4;1;B01
201100042077;1;7;0;0;1;2;1;A01
201100042078;0;7;0;0;2;2;1;A01
201100042078;0;7;0;0;2;3;0;B01
201100042079;0;33;0;0;2;1;1;B01
201100042079;0;7;0;0;2;5;15;A01
201100042080;0;7;0;2;0;1;19;A01
201100042081;0;7;0;0;0;4;23;C01
201100042081;0;7;0;1;0;5;23;B01
201100042081;0;10;0;1;0;1;1;A01
201100042082;0;7;0;0;1;3;15;A01
201100042083;0;10;0;0;2;3;10;A01
201100042083;0;33;0;0;2;7;1;B01
201100042084;0;7;0;0;1;1;1;A01
201100042085;0;2;0;0;2;1;1;B01
201100042085;0;7;0;0;2;8;1;A01
201100042086;0;7;0;0;2;2;15;A01
201100042086;0;7;0;0;2;7;1;B01
201100042087;0;7;0;0;2;8;15;A01
201100042087;0;31;0;0;2;1;17;B01
201100042088;0;7;0;0;2;2;2;A01
201100042088;0;31;0;0;0;6;2;B01
201100042089;0;7;0;0;2;3;9;A01
201100042089;0;1;0;0;2;0;0;B01
201100042090;0;7;0;6;0;1;1;A01
201100042091;0;33;0;0;0;7;1;A01
201100042092;0;31;0;0;2;4;9;B01
201100042092;0;31;0;0;2;4;9;A01
201100042093;0;7;0;0;2;3;9;A01
201100042093;0;33;0;0;2;7;1;B01
201100042094;0;7;0;1;2;7;1;B01
201100042094;0;7;0;0;2;1;9;A01
201100042095;0;7;0;0;2;5;1;A01
201100042095;0;2;0;0;2;1;1;B01
201100042096;0;1;0;0;0;1;14;A01
201100042097;0;7;0;0;1;2;1;A01
201100042098;0;31;0;0;2;5;15;B01
201100042098;0;7;0;0;2;3;9;A01
201100042099;0;7;0;0;0;4;2;B01
201100042099;0;7;0;0;2;1;2;A01
201100042100;0;7;0;1;0;0;14;A01
201100042101;0;7;0;0;1;4;4;A01
201100042102;0;33;0;0;0;1;1;A01
201100042103;0;20;0;0;0;8;9;A01
201100042104;0;2;0;0;2;1;1;B01
201100042104;0;7;0;0;2;5;1;A01
201100042105;0;7;0;0;1;2;1;A01
201100042106;0;13;0;14;1;2;1;A01
201100042107;0;7;0;2;0;1;18;A01
201100042107;0;7;0;0;9;1;1;B01
201100042108;0;7;0;0;2;1;1;A01
201100042108;0;7;0;1;2;7;1;B01
201100042109;0;7;0;0;2;1;13;A01
201100042109;0;7;0;0;2;1;1;B01
201100042110;0;33;0;1;0;8;0;A01
201100042111;0;7;0;0;2;2;1;A01
201100042111;0;1;0;0;2;7;19;B01
201100042112;0;7;0;0;2;4;1;B01
201100042112;0;7;0;0;2;4;1;C01
201100042112;0;7;0;0;2;1;17;A01
201100042113;0;31;0;0;2;1;1;B01
201100042113;0;13;0;0;2;1;15;A01
201100042114;0;7;0;0;1;1;1;A01
201100042115;0;7;0;0;1;5;1;A01
201100042116;0;30;0;12;0;7;14;A01
201100042117;0;10;0;1;1;8;24;A01
201100042118;0;30;0;0;2;1;0;A01
201100042118;0;7;0;0;2;4;1;B01
201100042119;0;10;0;0;2;3;9;A01
201100042119;0;7;0;0;2;7;17;B01
201100042120;0;7;0;0;2;1;2;A01
201100042120;0;7;0;0;2;4;23;B01
201100042121;0;7;0;0;1;2;1;A01
201100042122;0;30;0;0;0;0;21;B01
201100042123;0;30;0;0;2;1;2;B01
201100042123;0;7;0;0;2;7;15;A01
201100042124;0;15;0;0;2;1;2;A01
201100042124;0;7;0;0;2;4;23;B01
201100042125;0;7;0;0;2;1;15;B01
201100042125;0;7;0;0;2;7;2;A01
201100042125;0;7;0;0;2;6;2;C01
201100042126;0;7;0;0;1;3;2;A01
201100042127;0;7;0;0;2;3;2;B01
201100042127;0;7;0;0;2;8;15;A01
201100042128;0;37;32;0;2;8;15;A01
201100042128;0;14;0;0;2;4;23;B01
201100042129;0;7;0;0;1;1;1;A01
201100042130;0;7;0;0;1;1;15;A01
201100042131;0;7;0;0;2;1;1;B01
201100042131;0;7;0;0;2;1;13;A01
201100042132;0;7;0;0;2;4;23;B01
201100042132;0;7;0;0;2;1;2;A01
201100042133;0;2;0;0;2;1;17;A01
201100042133;0;7;0;0;2;3;15;B01
201100042134;0;33;0;0;2;3;1;B01
201100042134;0;7;0;0;2;2;9;A01
201100042135;0;7;0;0;1;1;2;A01
201100042136;0;10;0;0;2;4;2;B01
201100042136;0;33;0;0;2;1;2;A01
201100042137;0;7;0;2;0;1;14;A01
201100042138;0;30;0;0;2;7;2;B01
201100042138;0;7;0;0;2;1;15;A01
201100042139;0;33;0;0;1;1;2;A01
201100042140;0;7;0;0;1;1;1;A01
201100042141;0;37;40;0;0;0;21;B01
201100042142;0;7;0;0;2;4;4;A01
201100042142;0;30;0;0;2;1;1;B01
201100042143;0;7;0;14;0;1;14;A01
201100042144;0;30;0;0;2;2;16;A01
201100042144;0;7;0;0;2;3;2;B01
201100042145;0;7;0;0;2;4;2;B01
201100042145;0;7;0;0;2;3;2;A01
201100042145;0;7;0;0;2;4;2;C01
201100042146;0;7;0;0;2;1;2;A01
201100042146;0;7;0;0;2;4;2;D01
201100042146;0;7;0;0;2;1;2;B01
201100042146;0;7;0;0;2;1;2;C01
201100042147;0;7;0;0;1;2;1;A01
201100042148;0;7;0;0;1;7;17;A01
201100042149;0;7;0;0;2;4;23;B01
201100042149;0;7;0;0;2;1;2;A01
201100042149;0;7;0;0;2;4;23;C01
201100042150;0;33;0;0;2;1;1;B01
201100042150;0;7;0;0;2;1;15;A01
201100042151;0;15;0;0;2;0;1;A01
201100042151;0;7;0;0;2;3;2;C01
201100042151;0;7;0;0;2;1;1;B01
201100042152;0;1;0;0;2;1;13;A01
201100042152;0;7;0;0;2;1;1;B01
201100042153;0;31;0;0;2;1;1;A01
201100042153;0;7;0;0;2;3;1;B01
201100042154;0;1;0;0;2;1;15;A01
201100042154;0;7;0;0;2;3;1;B01
201100042155;0;1;0;0;2;4;2;B01
201100042155;0;7;0;0;2;2;1;A01
201100042156;0;30;0;12;0;1;17;A01
201100042157;0;7;0;0;2;3;15;A01
201100042157;0;33;0;0;2;1;1;B01
201100042158;0;30;0;0;0;1;1;A01
201100042159;0;30;0;0;1;8;1;A01
201100042160;0;7;0;0;2;3;1;B01
201100042160;0;7;0;0;2;1;15;A01
201100042161;0;33;0;0;2;1;1;B01
201100042161;0;7;0;0;2;1;15;A01
201100042162;0;7;0;0;2;2;15;A01
201100042162;0;32;0;0;2;1;17;B01
201100042163;0;7;0;0;1;2;1;B01
201100042164;0;7;0;1;1;7;1;A01
201100042165;0;7;0;0;2;2;2;B01
201100042165;0;1;0;0;2;0;2;A01
201100042166;0;7;0;0;1;1;1;A01
201100042167;0;99;0;0;1;1;0;A01
201100042168;0;37;3;0;2;6;16;B01
201100042168;0;7;0;0;2;5;17;A01
201100042169;0;7;0;0;2;2;17;A01
201100042169;0;7;0;0;2;3;10;B01
201100042170;0;7;0;0;2;1;2;A01
201100042170;0;7;0;0;1;4;23;B01
201100042171;0;1;0;0;2;7;9;B01
201100042171;0;7;0;0;2;2;15;A01
201100042172;0;7;0;0;2;3;15;B01
201100042172;0;30;0;0;2;3;1;A01
201100042173;1;7;0;0;0;0;0;A01
201100042173;0;7;0;0;0;9;2;B01
201100042174;0;33;0;11;0;7;1;A01
201100042175;0;7;0;12;0;1;13;A01
201100042176;1;10;0;0;1;0;1;A01
201100042177;0;7;0;0;2;2;2;A01
201100042177;0;7;0;0;2;3;16;B01