num_acc;senc;catv;occutc;obs;obsm;choc;manv;num_veh
201100042178;0;7;0;0;2;3;2;C01
201100042178;1;7;0;0;0;0;17;A01
201100042178;0;7;0;0;2;3;2;B01
201100042179;1;31;0;0;2;0;0;A01
201100042179;0;1;0;0;2;0;0;B01
201100042180;0;33;0;1;0;1;0;A01
201100042181;0;3;0;8;0;1;1;A01
201100042182;1;7;0;0;2;7;2;A01
201100042182;0;1;0;8;0;8;2;B01
201100042183;0;10;0;0;2;3;15;A01
201100042183;0;7;0;0;2;8;1;B01
201100042184;0;7;0;0;2;7;15;A01
201100042184;0;33;0;0;2;1;1;B01
201100042185;0;30;0;12;0;1;0;A01
201100042186;0;10;0;0;2;3;23;C01
201100042186;0;7;0;0;2;6;1;B01
201100042186;1;10;0;0;2;3;19;A01
201100042187;0;7;0;12;0;1;1;A01
201100042188;0;33;0;0;2;1;2;B01
201100042188;0;7;0;0;2;8;10;A01
201100042189;0;7;0;0;1;1;17;A01
201100042190;0;7;0;0;2;1;1;A01
201100042190;0;7;0;0;2;4;1;B01
201100042191;0;14;0;0;1;2;16;A01
201100042192;0;2;0;12;0;1;14;A01
201100042193;0;7;0;0;2;1;1;A01
201100042193;0;7;0;0;2;2;15;B01
201100042194;1;30;0;0;2;1;0;A01
201100042194;0;1;0;0;2;1;0;B01
201100042195;0;7;0;0;2;1;15;A01
201100042195;0;7;0;0;2;1;1;B01
201100042196;0;7;0;0;2;3;1;C01
201100042196;0;33;0;0;2;2;15;A01
201100042196;0;7;0;0;2;8;15;B01
201100042197;0;7;0;0;2;3;13;A01
201100042197;0;13;0;0;2;3;1;B01
201100042198;0;33;0;0;2;4;23;B01
201100042198;0;7;0;0;2;1;2;A01
201100042199;0;30;0;0;2;4;2;B01
201100042199;1;7;0;0;2;1;0;A01
201100042200;1;7;0;0;1;0;0;Z01
201100042201;0;7;0;0;2;3;1;B01
201100042201;1;7;0;0;2;1;9;A01
201100042202;0;7;0;0;2;1;1;B01
201100042202;2;7;0;0;2;1;5;A01
201100042203;0;33;0;0;0;3;2;A01
201100042204;0;7;0;0;2;1;17;A01
201100042204;0;7;0;0;2;3;2;B01
201100042205;0;7;0;0;2;1;2;A01
201100042205;0;7;0;0;2;4;23;B01
201100042206;0;7;0;13;2;3;18;A01
201100042206;0;7;0;0;2;5;1;B01
201100042207;0;7;0;0;2;1;2;A01
201100042207;0;7;0;0;2;4;2;B01
201100042208;0;7;0;0;2;4;0;D01
201100042208;0;7;0;0;2;4;0;B01
201100042208;0;7;0;0;2;4;0;C01
201100042208;0;7;0;0;2;1;2;A01
201100042209;0;7;0;2;0;9;1;A01
201100042210;0;30;0;0;2;2;2;B01
201100042210;0;7;0;0;2;6;9;A01
201100042211;0;7;0;0;1;4;4;A01
201100042212;0;7;0;0;1;1;1;A01
201100042213;0;7;0;0;2;4;4;A01
201100042213;0;7;0;13;2;8;0;B01
201100042214;0;7;0;0;1;3;1;A01
201100042215;0;1;0;0;2;1;5;A01
201100042215;0;7;0;0;2;1;15;B01
201100042216;0;33;0;0;2;7;17;A01
201100042216;0;21;0;0;2;0;15;B01
201100042217;0;7;0;0;2;3;1;B01
201100042217;0;36;0;0;2;3;1;A01
201100042218;0;7;0;3;2;4;1;B01
201100042218;0;7;0;3;2;1;17;A01
201100042219;0;33;0;0;6;1;1;A01
201100042220;0;7;0;0;1;7;1;A01
201100042221;1;7;0;0;1;7;1;A01
201100042222;0;7;0;1;2;7;0;A01
201100042222;0;7;0;4;2;8;1;B01
201100042223;0;10;0;0;2;5;23;B01
201100042223;0;10;0;0;2;3;23;C01
201100042223;0;14;0;0;2;1;21;A01
201100042224;0;13;0;2;0;2;1;A01
201100042225;0;7;0;0;1;0;4;A01
201100042226;0;33;0;0;0;3;2;C01
201100042226;0;7;0;0;2;7;2;B01
201100042226;0;7;0;0;0;0;11;A01
201100042227;0;7;0;0;2;2;1;A01
201100042227;0;14;0;0;2;1;1;B01
201100042228;0;10;0;0;2;3;11;A01
201100042228;0;33;0;0;2;2;3;B01
201100042228;0;7;0;0;2;5;2;C01
201100042229;0;7;0;0;1;3;1;A01
201100042230;0;7;0;2;0;1;1;A01
201100042231;0;7;0;0;2;3;13;A01
201100042231;0;7;0;0;2;3;1;B01
201100042232;0;7;0;0;5;1;1;A01
201100042233;0;7;0;0;1;1;15;A01
201100042234;0;7;0;0;1;2;1;A01
201100042235;0;7;0;0;1;2;1;A01
201100042236;0;7;0;0;2;1;15;A01
201100042236;0;34;0;0;2;1;1;B01
201100042237;0;7;0;2;0;2;1;A01
201100042238;0;7;0;0;2;3;20;B01
201100042238;0;7;0;0;2;7;16;A01
201100042239;0;7;0;0;2;2;1;B01
201100042239;0;1;0;0;2;1;19;A01
201100042240;0;7;0;0;2;3;1;B01
201100042240;0;2;0;0;2;1;5;A01
201100042241;0;7;0;0;2;2;1;B01
201100042241;0;1;0;0;2;8;19;A01
201100042242;0;7;0;0;1;2;1;A01
201100042243;0;10;0;0;1;8;15;A01
201100042244;0;30;0;0;2;1;11;B01
201100042244;0;7;0;0;2;3;19;A01
201100042245;0;7;0;0;1;8;1;A01
201100042246;0;33;0;0;1;7;1;A01
201100042247;0;7;0;0;2;7;17;B01
201100042247;0;30;0;0;2;8;13;A01
201100042248;0;7;0;0;2;3;1;C01
201100042248;0;7;0;0;2;3;13;A01
201100042248;0;7;0;0;2;1;1;D01
201100042248;0;7;0;0;2;8;1;B01
201100042249;1;7;0;0;1;1;0;B01
201100042249;0;7;0;0;1;8;1;A01
201100042249;1;7;0;0;1;1;0;C01
201100042250;0;37;10;0;1;3;1;A01
201100042251;0;7;0;0;2;3;24;B01
201100042251;0;7;0;1;1;2;1;A01
201100042252;0;7;0;0;1;1;1;A01
201100042253;0;7;0;0;1;4;4;A01
201100042254;1;7;0;0;2;3;15;Z01
201100042254;0;32;0;0;2;1;1;B01
201100042255;0;7;0;0;1;2;1;A01
201100042256;0;10;0;0;2;2;15;A01
201100042256;0;10;0;0;2;1;1;B01
201100042257;0;33;0;0;2;1;1;B01
201100042257;0;7;0;0;2;5;15;A01
201100042258;0;7;0;0;2;3;1;A01
201100042258;0;7;0;0;2;1;1;B01
201100042259;0;7;0;0;2;1;15;A01
201100042259;0;7;0;0;2;3;1;B01
201100042260;0;7;0;0;1;1;1;A01
201100042261;1;15;0;0;2;6;11;Z01
201100042261;0;33;0;0;2;7;11;B01
201100042262;0;34;0;0;2;7;1;B01
201100042262;0;7;0;0;2;1;1;C01
201100042262;0;7;0;0;2;8;11;A01
201100042263;0;34;0;0;2;1;1;B01
201100042263;0;7;0;0;2;8;9;A01
201100042264;0;7;0;2;0;1;15;A01
201100042265;0;7;0;0;2;1;15;A01
201100042265;0;34;0;0;2;1;1;B01
201100042266;0;7;0;0;2;3;16;A01
201100042266;0;1;0;0;2;7;1;B01
201100042267;0;7;0;0;1;3;1;A01
201100042268;0;7;0;0;2;5;14;B01
201100042268;0;33;0;0;2;3;18;A01
201100042268;0;7;0;0;2;3;1;C01
201100042269;0;7;0;0;2;3;2;B01
201100042269;0;2;0;0;2;1;2;A01
201100042270;0;7;0;0;2;3;9;A01
201100042270;0;34;0;0;2;2;1;B01
201100042271;0;7;0;0;2;6;11;A01
201100042271;0;33;0;0;2;1;1;B01
201100042272;0;37;1;0;1;3;1;A01
201100042273;0;7;0;0;2;3;17;B01
201100042273;0;30;0;0;2;1;2;A01
201100042274;1;99;0;15;0;0;0;A01
201100042275;0;34;0;0;2;1;1;B01
201100042275;0;7;0;0;2;2;15;A01
201100042276;0;34;0;0;2;6;1;B01
201100042276;0;10;0;0;2;3;17;A01
201100042277;0;7;0;0;2;7;1;B01
201100042277;0;7;0;0;2;1;1;A01
201100042278;0;14;0;0;2;8;15;A01
201100042278;0;33;0;0;2;7;17;B01
201100042279;0;10;0;0;1;1;1;A01
201100042279;0;7;0;0;1;1;1;B01
201100042280;0;7;0;0;2;8;1;C01
201100042280;0;7;0;0;2;8;1;B01
201100042280;0;7;0;0;2;8;13;A01
201100042281;0;7;0;0;1;2;1;A01
201100042282;0;1;0;0;2;8;1;B02
201100042282;0;7;0;0;2;2;1;A01
201100042283;0;7;0;0;2;1;1;A01
201100042283;0;7;0;0;2;4;1;C01
201100042283;0;3;0;0;2;4;1;B01
201100042284;0;7;0;0;2;4;1;B01
201100042284;0;7;0;0;2;1;1;A01
201100042285;0;30;0;0;2;4;12;B01
201100042285;0;7;0;0;2;2;1;A01
201100042286;0;7;0;15;0;8;23;C01
201100042286;0;10;0;15;2;5;1;B01
201100042286;0;7;0;0;2;1;1;A01
201100042287;0;7;0;0;1;1;1;A01
201100042288;0;1;0;0;2;1;1;B01
201100042288;0;7;0;0;2;3;9;A01
201100042289;0;7;0;0;2;1;2;A01
201100042289;0;7;0;0;0;4;1;B01
201100042290;0;7;0;1;0;8;21;B01
201100042290;0;7;0;0;0;0;23;A01
201100042291;0;1;0;0;2;8;19;B01
201100042291;0;7;0;0;2;8;15;A01
201100042292;0;37;2;0;1;5;1;A01
201100042293;0;7;0;0;0;8;15;A01
201100042293;0;31;0;0;2;8;17;B01
201100042294;0;33;0;0;2;6;1;A01
201100042294;0;7;0;0;2;6;1;B01
201100042295;0;7;0;0;2;2;12;A01
201100042295;0;32;0;0;2;2;3;B01
201100042296;0;7;0;0;1;4;4;A01
201100042297;0;30;0;0;1;1;1;A01
201100042298;0;7;0;0;2;6;15;A01
201100042298;0;30;0;0;2;1;17;B01
201100042299;0;7;0;1;1;1;1;A01
201100042300;0;7;0;0;2;2;15;A01
201100042300;0;2;0;0;2;2;1;B01
201100042301;0;33;0;8;1;1;21;B01
201100042301;0;7;0;0;2;5;15;A01
201100042302;0;7;0;0;2;1;11;A01
201100042302;0;10;0;0;2;3;1;B01
201100042303;0;7;0;0;2;8;0;B01
201100042303;0;33;0;0;2;1;1;A01
201100042304;0;7;0;0;2;3;2;A01
201100042304;0;34;0;0;0;1;2;B01
201100042305;0;7;0;0;2;3;15;B01
201100042305;0;33;0;0;2;3;17;A01
201100042306;0;7;0;0;1;1;2;A01
201100042307;0;30;0;0;2;8;1;A01
201100042307;0;7;0;0;2;6;15;B01
201100042308;0;30;0;0;2;1;17;A01
201100042308;0;7;0;0;2;3;15;B01
201100042309;0;34;0;0;0;0;1;A01
201100042310;0;7;0;0;2;8;16;A01
201100042310;0;31;0;0;2;0;21;B01
201100042311;0;1;0;0;2;1;5;A01
201100042311;0;7;0;0;2;1;1;B01
201100042312;0;7;0;0;1;1;15;A01
201100042313;0;33;0;0;2;7;1;B01
201100042313;0;7;0;0;2;7;15;A01
201100042314;0;7;0;0;2;8;15;B01
201100042314;0;30;0;0;2;7;17;A01
201100042315;0;7;0;0;1;1;1;A01
201100042316;0;7;0;0;2;3;15;B01
201100042316;0;30;0;1;0;2;17;A01
201100042317;0;7;0;0;2;1;0;B01
201100042317;0;31;0;0;2;1;0;A01
201100042318;1;7;0;0;1;1;0;Z01
201100042319;0;2;0;0;2;7;1;B01
201100042319;0;7;0;0;2;8;9;A01
201100042320;0;7;0;0;2;1;1;B01
201100042320;0;10;0;0;2;8;1;A01
201100042321;0;7;0;0;1;1;1;A01
201100042322;0;7;0;12;2;3;1;B01
201100042322;0;7;0;0;2;3;13;A01
201100042323;0;30;0;0;2;3;13;B01
201100042323;0;7;0;0;2;3;1;A01
201100042324;0;30;0;0;2;7;1;A01
201100042324;0;7;0;0;2;3;9;B01
201100042325;0;7;0;0;1;1;15;A01
201100042326;0;30;0;0;2;1;1;A01
201100042326;0;7;0;0;2;1;15;B01
201100042327;0;7;0;3;0;1;1;A01
201100042328;0;10;0;12;0;1;1;A01
201100042329;0;7;0;0;2;5;2;B01
201100042329;0;7;0;0;2;4;2;C01
201100042329;0;7;0;0;2;1;2;A01
201100042330;0;7;0;0;9;1;1;A01
201100042331;0;7;0;0;2;3;1;B01
201100042331;0;10;0;0;2;3;1;A01
201100042332;0;7;0;0;1;3;1;A01
201100042333;0;33;0;0;2;4;18;A01
201100042333;0;7;0;0;2;2;16;B01
201100042334;0;33;0;0;2;8;16;A01
201100042334;0;7;0;0;2;2;16;B01
201100042335;0;7;0;0;1;3;1;A01
201100042336;0;33;0;0;2;4;1;B01
201100042336;0;7;0;0;2;4;1;A01
201100042337;0;7;0;0;2;1;1;A01
201100042337;0;10;0;0;2;4;23;B01
201100042338;0;7;0;0;0;1;12;A01
201100042339;0;7;0;0;2;8;1;B01
201100042339;0;7;0;0;2;1;1;A01
201100042340;0;1;0;0;2;1;5;B01
201100042340;0;7;0;0;2;3;1;A01
201100042341;0;7;0;0;1;1;1;A01
201100042342;0;7;0;0;0;0;0;A01
201100042343;0;7;0;0;1;3;1;A01
201100042344;0;33;0;0;0;0;1;A01
201100042345;0;34;0;0;0;7;1;A01
201100042346;0;7;0;0;1;2;1;A01
201100042347;0;7;0;0;2;2;1;A01
201100042347;0;1;0;0;2;8;1;B01
201100042348;0;7;0;0;1;2;9;A01
201100042349;0;7;0;0;1;5;0;A01
201100042350;0;7;0;0;2;4;23;C01
201100042350;0;33;0;0;2;4;23;B01
201100042350;0;7;0;0;2;4;1;A01
201100042351;0;30;0;0;2;2;1;B01
201100042351;0;7;0;0;2;8;10;A01
201100042352;0;33;0;0;2;4;23;B01
201100042352;0;7;0;0;2;1;2;A01
201100042353;0;7;0;0;2;3;15;A01
201100042353;0;7;0;0;2;2;15;B01
201100042354;0;7;0;14;2;1;1;B01
201100042354;0;10;0;15;2;1;17;A01
201100042355;0;7;0;12;1;2;21;A01
201100042356;0;30;0;0;2;8;1;A01
201100042356;0;7;0;0;2;2;16;B01
201100042357;0;7;0;6;0;1;21;A01
201100042358;0;30;0;0;2;8;9;A01
201100042358;0;7;0;0;2;5;17;B01
201100042359;0;7;0;0;2;1;1;A01
201100042359;0;7;0;0;2;8;1;B01
201100042360;0;33;0;0;2;1;1;B01
201100042360;0;7;0;0;2;2;10;A01
201100042361;0;7;0;0;2;3;10;A01
201100042361;0;33;0;0;2;1;1;B01
201100042362;0;7;0;9;0;1;21;A01
201100042362;1;7;0;0;0;0;2;Z01
201100042363;0;7;0;4;0;3;13;A01
201100042364;0;30;0;0;2;2;1;A01
201100042364;0;7;0;0;2;6;15;B01
201100042365;0;7;0;0;1;1;1;A01
201100042366;0;33;0;14;0;8;1;A01
201100042367;0;7;0;15;0;1;1;A01
201100042368;0;37;3;0;2;1;1;A01
201100042368;0;10;0;0;2;4;21;B01
201100042369;0;1;0;0;1;1;1;A01
201100042370;0;33;0;0;2;1;0;A01
201100042370;0;7;0;0;2;6;15;B01
201100042371;0;7;0;0;1;1;1;A01
201100042372;0;33;0;0;2;1;8;A01
201100042372;0;7;0;0;2;5;15;B01
201100042373;0;7;0;0;2;5;15;B01
201100042373;0;7;0;0;2;2;15;A01
201100042374;0;7;0;1;0;2;1;A01
201100042374;0;7;0;0;2;6;24;B01
201100042375;0;7;0;4;0;1;0;A01
201100042376;0;7;0;0;2;8;15;B01
201100042376;0;33;0;0;2;1;17;A01
201100042377;0;2;0;0;0;9;21;B01
201100042378;0;32;0;0;0;7;21;B01
201100042379;0;7;0;0;0;4;1;A01
201100042379;0;33;0;0;2;1;2;B01
201100042380;0;7;0;0;1;7;11;A01
201100042381;0;7;0;0;1;1;1;A01
201100042382;0;14;0;0;1;8;1;A01
201100042383;0;31;0;0;2;1;1;B01
201100042383;0;7;0;0;2;7;9;A01
201100042384;0;17;0;0;1;7;16;A01
201100042385;0;10;0;0;2;3;9;B01
201100042385;0;30;0;0;2;1;1;A01
201100042386;0;7;0;0;1;0;0;A01
201100042387;0;10;0;0;1;2;1;A01
201100042388;0;7;0;0;1;4;20;A01
201100042389;0;20;0;0;2;1;2;A01
201100042389;0;7;0;0;2;4;1;B01
201100042389;0;7;0;0;2;4;1;C01
201100042389;0;7;0;0;2;4;1;D01
201100042390;0;7;0;0;1;2;1;A01
201100042391;0;7;0;0;2;2;1;A01
201100042391;0;7;0;0;2;6;16;B01
201100042392;0;33;0;0;2;4;23;C01
201100042392;0;33;0;0;2;1;2;A01
201100042392;0;7;0;0;2;5;23;B01
201100042393;0;7;0;0;1;2;1;A01
201100042394;0;7;0;0;1;5;4;A01
201100042395;0;7;0;0;2;1;15;A01
201100042395;0;1;0;0;2;1;1;B01
201100042396;0;2;0;0;1;2;1;A01
201100042397;0;7;0;0;2;8;1;B01
201100042397;0;7;0;0;2;7;14;A01
201100042398;0;7;0;0;1;6;20;A01
201100042399;0;33;0;0;2;1;17;A01
201100042399;0;7;0;0;2;3;9;B01
201100042400;0;7;0;0;1;2;1;A01
201100042401;0;7;0;0;2;2;1;A01
201100042401;0;2;0;0;2;8;1;B01
201100042402;0;7;0;0;1;2;1;A01
201100042403;0;7;0;0;1;3;15;A01
201100042404;0;10;0;0;2;1;15;A01
201100042404;0;33;0;0;2;1;1;B01
201100042405;0;7;0;0;2;7;23;A01
201100042405;0;7;0;0;2;6;14;B01
201100042406;0;7;0;0;2;3;15;A01
201100042406;0;1;0;0;2;1;1;B01
201100042407;0;1;0;0;1;1;1;A01
201100042408;0;1;0;0;2;1;2;A01
201100042408;0;7;0;0;2;4;1;B01
201100042409;0;7;0;0;2;6;1;B01
201100042409;0;7;0;0;2;1;19;A01
201100042410;0;7;0;0;1;1;1;A01
201100042411;0;10;0;0;1;1;1;A01
201100042412;0;7;0;0;1;2;1;A01
201100042413;0;7;0;0;1;3;1;A01
201100042414;0;7;0;0;1;3;1;A01
201100042415;0;7;0;1;1;2;1;A01
201100042416;0;30;0;0;1;1;1;A01
201100042417;0;7;0;1;0;1;1;A01
201100042418;0;2;0;0;2;1;1;B01
201100042418;0;7;0;0;2;7;9;A01
201100042419;0;7;0;0;1;2;1;A01
201100042420;0;33;0;0;2;8;1;B01
201100042420;0;7;0;0;2;2;15;A01
201100042421;0;10;0;0;1;8;15;A01
201100042422;0;7;0;0;1;4;4;A01
201100042423;0;14;0;0;1;7;1;A01
201100042424;0;30;0;0;2;1;1;B01
201100042424;0;7;0;0;2;3;9;A01
201100042425;0;30;0;0;1;1;16;A01
201100042426;0;7;0;0;2;1;1;B01
201100042426;0;15;0;0;2;7;15;A01
201100042427;0;33;0;0;2;1;17;B01
201100042427;0;7;0;0;2;8;10;A01
201100042428;0;7;0;0;2;2;10;A01
201100042428;0;33;0;0;2;1;1;B01
201100042429;0;30;0;0;2;1;1;B01
201100042429;0;7;0;0;2;8;15;A01
201100042430;0;33;0;0;2;1;1;B01
201100042430;0;7;0;0;2;3;10;A01
201100042431;0;33;0;0;1;1;7;A01
201100042432;0;7;0;0;2;3;1;B01
201100042432;0;7;0;0;2;1;15;A01
201100042433;0;37;1;0;2;5;13;A01
201100042433;0;1;0;0;2;4;13;B01
201100042434;0;33;0;0;1;1;1;A01
201100042435;0;7;0;0;1;1;1;A01
201100042436;0;7;0;0;1;1;1;A01
201100042437;0;7;0;0;1;3;1;A01
201100042438;0;7;0;0;1;4;4;A01
201100042439;0;1;0;0;1;1;1;A01
201100042440;0;32;0;0;2;1;13;A01
201100042440;0;7;0;0;2;6;14;B01
201100042441;0;33;0;0;2;1;1;B01
201100042441;0;10;0;0;2;7;16;A01
201100042442;0;7;0;0;1;2;21;A01
201100042443;0;14;0;0;2;8;13;A01
201100042443;0;7;0;0;2;7;21;B01
201100042444;0;7;0;0;0;4;23;B01
201100042444;0;7;0;0;2;1;2;A01
201100042445;0;31;0;0;1;1;1;A01
201100042446;0;14;0;0;1;7;16;A01
201100042447;0;7;0;0;2;2;15;A01
201100042447;0;7;0;0;2;1;1;B01
201100042448;0;7;0;0;2;7;10;A01
201100042448;0;33;0;0;2;1;1;B01
201100042449;0;2;0;0;2;1;9;B01
201100042449;0;7;0;0;2;3;9;A01
201100042450;0;7;0;0;2;1;15;A01
201100042450;0;31;0;0;2;1;1;B01
201100042451;0;7;0;6;0;3;15;A01
201100042451;0;32;0;0;2;1;17;B01
201100042452;0;1;0;0;2;1;19;B01
201100042452;0;13;0;0;2;0;16;A01
201100042453;0;10;0;0;2;6;1;B01
201100042453;0;10;0;0;2;2;21;C01
201100042453;0;33;0;11;2;1;17;A01
201100042453;0;7;0;0;2;8;1;D01
201100042454;0;33;0;0;2;1;17;A01
201100042454;0;7;0;0;9;1;1;B01
201100042455;0;13;0;0;2;7;16;B01
201100042455;0;30;0;0;2;1;17;A01
201100042456;0;7;0;0;1;3;1;A01
201100042457;0;7;0;0;2;1;1;B01
201100042457;0;7;0;0;2;8;10;A01
201100042458;0;10;0;0;1;2;1;A01
201100042459;0;10;0;0;2;1;2;A01
201100042459;0;7;0;0;2;4;2;C01
201100042459;0;7;0;0;2;4;2;B01
201100042460;0;31;0;0;0;7;1;A01
201100042461;0;7;0;0;2;2;1;B01
201100042461;0;2;0;0;2;6;18;A01
201100042462;0;30;0;1;0;1;1;A01
201100042463;0;7;0;3;2;7;14;A01
201100042463;0;7;0;0;2;1;1;B01
201100042464;0;30;0;0;2;6;21;B01
201100042464;0;7;0;0;2;2;19;A01
201100042465;0;2;0;0;2;1;1;B01
201100042465;0;7;0;0;2;3;20;A01
201100042466;0;3;0;0;2;3;1;A01
201100042466;0;7;0;0;2;1;1;B01
201100042466;0;7;0;0;2;1;1;C01
201100042467;0;3;0;0;0;0;0;A01
201100042468;0;33;0;0;2;1;1;B01
201100042468;0;7;0;0;2;3;20;A01
201100042469;0;2;0;0;2;1;1;B01
201100042469;0;7;0;0;2;7;1;A01
201100042470;0;7;0;0;2;6;15;B01
201100042470;0;33;0;0;2;1;2;A01
201100042471;0;7;0;8;0;1;0;A01
201100042472;0;7;0;0;2;6;1;B01
201100042472;0;10;0;0;2;2;1;A01
201100042473;0;7;0;0;1;1;15;A01
201100042474;0;1;0;0;0;0;0;A01
201100042475;0;14;0;0;2;3;1;B01
201100042475;0;7;0;0;2;3;13;A01
201100042476;0;7;0;0;2;1;1;B01
201100042476;0;7;0;0;2;3;1;D01
201100042476;0;2;0;0;2;7;10;A01
201100042476;0;10;0;0;2;1;1;C01
201100042477;0;33;0;6;0;2;19;A01
201100042478;0;30;0;0;1;1;1;A01
201100042479;0;7;0;0;2;8;16;A01
201100042479;0;33;0;0;2;2;1;B01
201100042480;0;7;0;0;2;3;13;A01
201100042480;0;7;0;0;2;3;1;B01
201100042481;0;7;0;15;0;1;0;A01
201100042482;0;7;0;0;2;1;1;B01
201100042482;0;2;0;0;2;4;10;A01
201100042483;0;33;0;0;2;1;13;A01
201100042483;0;7;0;0;2;8;1;B01
201100042484;0;10;0;0;2;7;1;B01
201100042484;0;7;0;0;2;1;15;A01
201100042485;0;1;0;0;2;4;0;B01
201100042485;0;7;0;0;2;1;1;A01
201100042486;0;7;0;0;1;1;1;A01
201100042487;0;33;0;0;2;1;1;B01
201100042487;0;7;0;0;2;8;15;A01
201100042488;0;7;0;0;1;3;15;A01
201100042489;0;33;0;0;0;0;1;A01
201100042490;0;7;0;0;1;2;1;A01
201100042491;0;7;0;0;2;4;23;B01
201100042491;0;30;0;0;2;1;1;A01
201100042492;0;2;0;0;0;0;0;A01
201100042493;0;17;0;0;0;8;0;A01
201100042494;0;7;0;0;2;3;15;B01
201100042494;0;2;0;0;2;1;17;A01
201100042495;0;1;0;0;2;1;1;B01
201100042495;0;7;0;0;2;3;24;A01
201100042496;0;2;0;0;2;1;17;A01
201100042496;0;7;0;0;2;6;20;B01
201100042497;0;31;0;0;2;1;17;A01
201100042497;0;7;0;0;2;3;15;B01
201100042498;0;7;0;2;0;1;0;A01
201100042499;0;7;0;0;1;4;4;A01
201100042500;0;1;0;0;2;7;15;A01
201100042500;0;10;0;0;2;1;1;B01
201100042501;0;17;0;13;0;7;1;A01
201100042502;0;7;0;0;0;0;1;A01
201100042503;0;33;0;0;0;0;1;B01
201100042503;0;7;0;0;0;0;5;A01
201100042504;0;36;0;6;0;2;1;A01
201100042505;0;7;0;0;1;3;1;A01
201100042506;0;34;0;0;2;7;1;B01
201100042506;0;7;0;0;2;3;15;A01
201100042507;0;7;0;0;1;2;0;A01
201100042508;0;7;0;0;0;0;1;A01
201100042509;0;7;0;0;1;8;1;A01
201100042510;0;33;0;0;0;8;1;A01
201100042511;0;7;0;6;0;1;15;A01
201100042512;0;31;0;0;2;2;17;A01
201100042512;0;7;0;0;0;3;15;B01
201100042513;0;7;0;1;0;0;0;C01
201100042513;0;7;0;0;2;1;2;A01
201100042513;0;7;0;0;2;4;2;B01
201100042514;0;7;0;0;2;5;23;B01
201100042514;0;7;0;0;2;3;1;A01
201100042515;0;2;0;0;2;1;1;B01
201100042515;0;7;0;0;2;3;15;A01
201100042516;0;7;0;0;1;2;21;A01
201100042517;0;7;0;7;0;7;1;A01
201100042518;0;7;0;0;2;0;15;A01
201100042518;0;30;0;0;2;0;1;B01
201100042519;0;7;0;0;2;8;15;B01
201100042519;0;2;0;1;2;1;17;A01
201100042520;0;7;0;0;2;2;6;A01
201100042520;0;1;0;0;2;1;6;B01
201100042521;0;30;0;0;2;8;0;B01
201100042521;0;30;0;0;2;7;17;A01
201100042522;0;10;0;0;2;1;15;A01
201100042522;0;2;0;0;2;3;0;B01
201100042523;1;7;0;0;0;0;0;A01
201100042524;0;7;0;0;2;3;15;A01
201100042524;0;33;0;0;2;8;1;B01
201100042525;0;33;0;0;0;7;1;B01
201100042525;0;7;0;0;0;1;1;A01
201100042526;0;1;0;0;1;1;0;A01
201100042527;0;7;0;15;0;1;1;A01
201100042528;0;7;0;0;1;5;4;A01
201100042529;0;30;0;12;0;7;2;A01
201100042530;0;7;0;0;2;1;21;B01
201100042530;0;7;0;0;0;2;1;A01
201100042531;0;30;0;0;2;7;1;A01
201100042531;0;7;0;0;2;8;1;B01
201100042532;0;7;0;0;2;3;1;B01
201100042532;0;2;0;0;2;7;9;A01
201100042533;0;15;0;0;0;7;6;A01
201100042534;0;33;0;0;0;1;1;A01
201100042535;0;2;0;0;0;0;1;A01
201100042536;0;33;0;0;0;2;1;A01
201100042537;0;7;0;0;9;5;15;A01
201100042537;0;33;0;0;2;1;1;B01
201100042538;0;7;0;0;9;7;17;B01
201100042538;0;1;0;0;2;3;15;A01
201100042539;0;7;0;0;2;2;0;A01
201100042539;0;30;0;0;2;1;0;B01
201100042540;0;7;0;0;0;1;19;A01
201100042540;0;7;0;0;2;8;1;B01
201100042541;0;7;0;0;2;1;1;B01
201100042541;0;7;0;7;2;7;1;A01
201100042542;0;7;0;0;2;1;13;A01
201100042542;0;7;0;0;2;1;1;B01
201100042543;0;7;0;6;0;3;0;A01
201100042544;0;7;0;0;2;8;1;B01
201100042544;0;30;0;0;2;1;1;A01
201100042545;0;7;0;0;1;2;1;A01
201100042546;0;7;0;0;2;3;1;B01
201100042546;0;7;0;0;2;1;15;A01
201100042547;0;30;0;2;0;1;0;B01
201100042548;0;2;0;0;0;7;21;A01
201100042549;0;30;0;0;2;1;1;B01
201100042549;0;7;0;0;2;7;15;A01
201100042550;0;30;0;0;2;1;1;A01
201100042550;1;7;0;0;0;6;9;B01
201100042551;0;7;0;11;0;1;1;A01
201100042552;0;7;0;0;1;3;1;A01
201100042553;0;7;0;0;1;1;9;A01
201100042554;0;7;0;1;2;3;9;B01
201100042554;0;33;0;0;2;1;1;A01
201100042555;0;7;0;0;1;1;1;A01
201100042556;0;7;0;0;2;8;9;A01
201100042556;0;33;0;0;2;7;1;B01
201100042557;0;7;0;0;9;1;15;A01
201100042557;0;2;0;0;2;7;17;B01
201100042558;0;7;0;0;2;3;1;B01
201100042558;0;30;0;0;2;1;1;A01
201100042559;0;7;0;13;0;1;1;A01
201100042560;0;33;0;0;2;3;17;A01
201100042560;0;21;0;0;2;3;15;B01
201100042561;0;10;0;0;2;3;5;A01