num_acc;senc;catv;occutc;obs;obsm;choc;manv;num_veh
201100042561;0;33;0;0;2;1;21;B01
201100042562;0;2;0;14;0;1;1;A01
201100042563;0;7;0;0;1;2;1;A01
201100042564;0;10;0;0;1;1;1;A01
201100042565;0;7;0;0;1;1;0;A01
201100042566;0;30;0;14;0;1;2;A01
201100042566;0;7;0;0;0;5;2;B01
201100042567;0;7;0;0;9;5;15;A01
201100042567;0;30;0;0;2;1;1;B01
201100042568;0;7;0;0;2;1;1;A01
201100042568;0;7;0;0;2;4;1;B01
201100042569;0;2;0;0;2;1;19;A01
201100042569;0;7;0;0;2;1;1;B01
201100042570;0;2;0;0;0;0;1;A01
201100042571;0;7;0;0;2;1;1;A01
201100042571;0;7;0;0;2;4;1;C01
201100042571;0;7;0;0;2;4;1;B01
201100042571;0;7;0;0;2;4;0;D01
201100042572;0;7;0;0;2;1;13;A01
201100042572;0;7;0;0;2;1;1;C01
201100042572;0;7;0;0;2;1;1;B01
201100042573;0;2;0;0;2;1;1;B01
201100042573;0;7;0;0;2;1;15;A01
201100042574;0;7;0;0;1;1;1;A01
201100042575;0;7;0;0;2;1;1;A01
201100042575;0;7;0;0;2;4;1;B01
201100042576;0;7;0;16;0;9;1;A01
201100042577;0;7;0;0;2;5;15;A01
201100042577;0;33;0;0;2;1;1;B01
201100042578;0;7;0;0;1;1;1;A01
201100042579;0;7;0;0;1;1;1;A01
201100042580;0;7;0;0;2;4;1;D01
201100042580;0;7;0;0;2;1;1;A01
201100042580;0;7;0;0;2;4;1;C01
201100042580;0;7;0;0;2;4;1;B01
201100042581;0;7;0;0;2;4;23;B01
201100042581;0;7;0;0;2;1;1;A01
201100042581;0;7;0;0;2;4;23;C01
201100042582;0;7;0;0;2;4;4;B01
201100042582;0;7;0;0;2;1;1;A01
201100042583;0;7;0;0;1;1;1;A01
201100042584;0;7;0;0;1;1;1;A01
201100042585;0;7;0;0;2;3;1;A01
201100042585;0;7;0;0;2;2;15;B01
201100042586;0;7;0;0;1;1;1;A01
201100042587;0;7;0;14;0;1;1;A01
201100042588;0;33;0;0;2;1;1;B01
201100042588;0;7;0;0;2;7;15;A01
201100042589;0;2;0;0;2;1;1;A01
201100042589;0;7;0;0;2;4;1;B01
201100042590;0;7;0;0;2;1;1;A01
201100042591;0;7;0;0;2;1;15;A01
201100042591;0;2;0;0;2;1;1;B01
201100042592;0;7;0;0;2;4;1;B01
201100042592;0;7;0;0;2;1;1;A01
201100042593;0;31;0;0;2;1;1;B01
201100042593;0;7;0;0;2;3;15;A01
201100042594;0;7;0;0;2;2;5;A01
201100042594;0;7;0;0;2;1;1;B01
201100042595;0;7;0;0;0;3;1;A01
201100042595;0;7;0;0;2;1;1;B01
201100042596;0;7;0;0;2;1;1;B01
201100042596;0;7;0;0;2;8;1;A01
201100042597;0;7;0;0;2;1;1;B01
201100042597;0;7;0;0;2;8;1;A01
201100042598;0;7;0;0;1;2;1;A01
201100042599;0;2;0;0;1;1;1;A01
201100042600;0;7;0;0;2;1;15;A01
201100042600;0;33;0;0;2;1;1;B01
201100042601;0;7;0;8;0;1;1;A01
201100042602;0;7;0;0;2;1;1;A01
201100042602;0;7;0;0;2;1;1;B01
201100042603;0;33;0;0;2;1;1;B01
201100042603;0;7;0;0;2;8;1;A01
201100042604;2;33;0;0;0;0;0;Z01
201100042605;0;17;0;0;2;1;1;B01
201100042605;0;7;0;0;2;4;23;A01
201100042606;0;7;0;0;2;1;1;B01
201100042606;0;31;0;0;2;8;1;A01
201100042607;0;7;0;0;2;3;1;B01
201100042607;0;7;0;0;2;1;13;A01
201100042608;0;7;0;0;2;1;1;B01
201100042608;0;7;0;0;2;3;15;A01
201100042609;0;7;0;0;2;1;1;B01
201100042609;0;1;0;0;2;1;5;A01
201100042610;0;7;0;0;1;1;1;A01
201100042611;0;7;0;0;1;1;1;A01
201100042612;0;7;0;2;0;1;1;A01
201100042613;0;33;0;0;2;1;1;A01
201100042614;0;7;0;0;2;1;1;B01
201100042614;0;7;0;0;2;1;15;A01
201100042615;0;7;0;0;1;0;0;A01
201100042616;0;7;0;0;2;4;1;B01
201100042616;0;7;0;0;2;1;1;A01
201100042616;0;7;0;0;2;4;1;C01
201100042617;0;7;0;0;2;3;1;B01
201100042617;0;7;0;0;2;1;9;A01
201100042618;0;7;0;0;2;1;1;A01
201100042618;0;7;0;0;2;4;1;B01
201100042619;0;7;0;0;2;0;1;A01
201100042620;0;7;0;0;2;3;1;A01
201100042621;0;33;0;0;2;1;1;B01
201100042621;0;7;0;0;2;1;15;A01
201100042622;0;7;0;0;0;9;1;A01
201100042623;0;7;0;0;0;9;1;A01
201100042624;0;7;0;0;1;1;1;A01
201100042625;0;7;0;0;2;1;1;A01
201100042625;0;1;0;0;2;0;19;B01
201100042626;0;2;0;0;2;1;1;B01
201100042626;0;7;0;0;2;1;1;A01
201100042627;0;7;0;0;2;3;10;A01
201100042627;0;2;0;0;2;1;17;B01
201100042628;0;7;0;0;0;9;1;A01
201100042629;0;2;0;0;0;1;1;A01
201100042630;0;7;0;0;1;4;4;A01
201100042631;0;33;0;0;2;1;1;B01
201100042631;0;7;0;0;2;7;15;A01
201100042632;0;7;0;0;2;1;1;A01
201100042632;0;7;0;0;2;4;1;B01
201100042632;0;7;0;0;2;4;1;C01
201100042633;0;7;0;0;2;1;15;A01
201100042633;0;7;0;0;2;3;1;B01
201100042634;0;7;0;0;2;1;1;A01
201100042634;0;7;0;0;2;4;1;B01
201100042635;0;7;0;0;1;0;1;A01
201100042636;0;7;0;0;2;1;1;A01
201100042636;0;7;0;0;2;3;1;B01
201100042636;0;7;0;0;2;8;1;D01
201100042637;0;7;0;0;1;1;1;A01
201100042638;0;2;0;0;2;1;1;A01
201100042638;0;37;15;0;2;4;1;B01
201100042639;0;1;0;0;2;1;0;B01
201100042639;1;7;0;;;;;A01
201100042640;0;2;0;0;2;8;15;B01
201100042640;1;2;0;0;2;0;15;A01
201100042641;0;7;0;0;1;1;1;A01
201100042642;0;7;0;0;2;9;1;B01
201100042642;0;7;0;0;2;9;1;A01
201100042643;0;10;0;0;2;1;1;A01
201100042643;0;7;0;0;2;4;1;B01
201100042643;0;7;0;0;2;4;1;C01
201100042644;0;7;0;0;2;1;1;A01
201100042644;0;2;0;0;2;4;1;B01
201100042645;0;7;0;0;2;9;1;B01
201100042645;0;7;0;0;2;1;15;A01
201100042646;0;2;0;0;2;1;17;A01
201100042646;0;7;0;0;2;3;1;B01
201100042647;0;7;0;0;2;3;15;A01
201100042647;0;2;0;0;2;1;17;B01
201100042648;0;7;0;0;2;2;1;B01
201100042648;0;10;0;0;2;8;1;A01
201100042649;0;7;0;0;2;3;1;A01
201100042650;0;7;0;0;2;8;1;B01
201100042650;0;7;0;0;2;1;1;A01
201100042651;0;7;0;0;2;1;1;B01
201100042651;0;7;0;0;2;1;15;A01
201100042652;0;7;0;0;1;1;20;A01
201100042653;0;7;0;0;2;9;1;A01
201100042654;0;2;0;0;2;1;1;A01
201100042654;0;7;0;0;2;4;1;B01
201100042655;0;2;0;0;2;1;1;A01
201100042655;0;7;0;0;2;4;1;B01
201100042656;0;2;0;0;2;1;1;B01
201100042656;0;7;0;0;2;4;1;A01
201100042657;0;2;0;0;2;1;1;A01
201100042657;0;7;0;0;2;1;1;B01
201100042658;0;7;0;0;2;1;1;B01
201100042658;0;7;0;0;2;2;1;A01
201100042659;0;2;0;0;2;1;1;A01
201100042659;1;7;0;0;2;0;0;Z01
201100042660;0;1;0;0;2;1;1;A01
201100042660;0;7;0;0;2;8;1;B01
201100042661;0;7;0;0;2;9;1;A01
201100042662;0;7;0;0;2;1;1;B01
201100042662;0;7;0;0;2;3;1;A01
201100042663;0;7;0;0;2;9;1;B02
201100042663;0;7;0;0;2;9;1;A01
201100042664;0;7;0;0;2;7;1;B01
201100042664;0;2;0;0;2;3;11;A01
201100042665;0;7;0;0;2;1;1;A01
201100042666;0;7;0;0;2;3;15;A01
201100042666;0;1;0;0;2;1;1;B01
201100042667;0;7;0;0;2;1;1;A01
201100042667;0;7;0;0;2;4;1;B01
201100042667;0;7;0;0;2;4;1;C01
201100042668;0;7;0;0;2;1;1;A01
201100042668;0;7;0;0;2;0;1;B01
201100042668;0;7;0;0;2;4;1;D01
201100042668;0;7;0;0;2;4;1;C01
201100042669;0;7;0;0;2;5;1;B01
201100042669;0;1;0;0;2;1;10;A01
201100042670;0;2;0;16;0;0;1;A01
201100042671;0;1;0;0;0;0;1;B01
201100042671;0;7;0;0;2;3;1;A01
201100042672;0;7;0;15;0;9;1;A01
201100042673;0;33;0;0;2;1;16;B01
201100042673;0;7;0;0;2;2;16;A01
201100042674;0;7;0;0;2;9;1;A01
201100042674;0;7;0;0;2;7;17;B01
201100042674;0;7;0;0;0;1;1;C01
201100042675;0;37;1;0;1;1;15;A01
201100042676;1;7;0;0;0;0;1;Z01
201100042676;0;7;0;0;2;8;15;A01
201100042677;0;7;0;0;1;1;1;A01
201100042678;0;7;0;0;2;1;1;A01
201100042678;0;1;0;0;2;0;19;B01
201100042679;0;7;0;0;2;1;1;B01
201100042679;0;1;0;0;2;1;1;A01
201100042680;0;33;0;0;2;3;9;A01
201100042680;0;2;0;0;2;1;2;B01
201100042681;0;2;0;0;1;1;1;A01
201100042682;0;1;0;0;2;1;1;A01
201100042682;0;7;0;0;2;3;16;B01
201100042683;0;7;0;0;0;1;1;A01
201100042684;0;7;0;0;2;4;2;B01
201100042684;0;7;0;0;2;1;2;A01
201100042685;0;7;0;0;1;1;1;A01
201100042686;0;2;0;0;2;1;17;A01
201100042686;0;7;0;0;2;8;1;B01
201100042686;0;7;0;0;2;8;1;C01
201100042687;0;33;0;0;2;1;1;B01
201100042687;0;7;0;0;2;2;1;A01
201100042688;0;33;0;0;2;1;1;B01
201100042688;0;10;0;0;2;4;16;A01
201100042689;0;7;0;0;0;1;1;A01
201100042690;0;7;0;1;0;2;1;A01
201100042691;0;7;0;1;0;1;1;A01
201100042692;0;7;0;0;1;2;1;A01
201100042693;0;7;0;0;2;3;17;A01
201100042693;0;7;0;0;2;1;1;B01
201100042694;0;7;0;0;2;3;16;B01
201100042694;0;33;0;0;2;1;1;A01
201100042695;0;7;0;0;2;1;15;B01
201100042695;0;7;0;0;2;4;15;A01
201100042696;0;1;0;0;2;7;1;B01
201100042696;0;7;0;0;2;1;1;A01
201100042697;0;33;0;0;2;1;1;B01
201100042697;0;7;0;0;2;1;15;A01
201100042698;0;33;0;0;2;1;1;A01
201100042698;0;7;0;0;2;3;1;B01
201100042699;0;7;0;2;0;3;1;A01
201100042700;0;7;0;0;2;4;1;B01
201100042700;0;7;0;0;2;8;1;C01
201100042700;0;7;0;0;2;1;17;A01
201100042701;0;7;0;0;2;2;1;A01
201100042701;0;2;0;0;2;1;1;B01
201100042702;0;7;0;6;0;1;1;A01
201100042703;0;7;0;16;0;1;1;A01
201100042704;0;33;0;0;2;1;1;B01
201100042704;0;7;0;0;2;3;9;A01
201100042705;0;7;0;0;0;4;2;B01
201100042705;0;7;0;0;2;1;2;A01
201100042706;0;7;0;0;2;6;2;C01
201100042706;0;30;0;0;2;1;2;B01
201100042706;1;7;0;0;0;0;0;A01
201100042707;0;7;0;1;2;9;0;A01
201100042708;0;37;2;0;1;1;1;A01
201100042709;2;7;0;2;0;1;1;A01
201100042710;0;7;0;0;1;1;1;A01
201100042711;0;7;0;0;2;1;2;A01
201100042711;0;7;0;0;0;3;2;B01
201100042712;0;2;0;0;1;1;1;A01
201100042713;0;7;0;0;2;4;1;B01
201100042713;0;7;0;0;2;1;2;A01
201100042714;0;7;0;0;2;9;2;B01
201100042714;0;7;0;0;2;1;2;A01
201100042714;0;7;0;0;2;4;2;C01
201100042715;0;7;0;0;1;1;15;A01
201100042716;0;7;0;0;2;1;1;B01
201100042716;0;7;0;0;0;8;16;A01
201100042717;0;7;0;6;0;8;1;A01
201100042718;0;7;0;0;2;2;15;A01
201100042718;0;7;0;0;2;1;1;B01
201100042719;0;7;0;0;2;8;1;B01
201100042719;0;7;0;0;2;1;1;A01
201100042720;0;7;0;0;1;1;1;A01
201100042721;0;7;0;0;1;1;1;A01
201100042722;1;7;0;0;1;1;1;A01
201100042723;0;7;0;0;2;7;1;B01
201100042723;0;7;0;0;2;3;1;A01
201100042724;0;7;0;0;2;5;4;A01
201100042724;0;34;0;0;2;2;1;B01
201100042725;0;33;0;8;0;3;1;A01
201100042726;0;7;0;0;2;1;15;B01
201100042726;0;7;0;0;2;2;1;A01
201100042727;0;7;0;1;0;1;1;A01
201100042728;0;7;0;0;1;1;1;A01
201100042729;0;7;0;0;2;3;15;A01
201100042729;0;7;0;0;2;3;1;B01
201100042730;0;7;0;0;2;6;2;D01
201100042730;0;7;0;0;2;4;2;C01
201100042730;0;7;0;0;2;4;2;B01
201100042730;0;7;0;0;2;1;2;A01
201100042731;0;7;0;0;1;1;1;A01
201100042732;0;7;0;0;2;3;1;B01
201100042732;0;7;0;0;2;2;1;A01
201100042733;0;30;0;0;2;1;2;A01
201100042733;0;7;0;0;2;6;2;B01
201100042734;0;30;0;0;2;7;1;B01
201100042734;0;7;0;0;2;3;13;A01
201100042735;0;7;0;0;2;3;1;B01
201100042735;0;7;0;0;2;2;1;A01
201100042736;0;7;0;0;2;1;1;A01
201100042736;0;7;0;0;2;8;1;B01
201100042737;0;7;0;0;2;4;20;B01
201100042737;1;7;0;0;2;0;1;A01
201100042738;0;32;0;0;2;1;1;A01
201100042738;0;7;0;0;0;5;1;B01
201100042739;0;37;1;0;2;2;1;B01
201100042739;0;7;0;0;2;2;1;A01
201100042740;0;7;0;2;0;1;6;A01
201100042741;0;7;0;0;2;1;1;A01
201100042741;0;7;0;0;2;6;0;B01
201100042742;0;1;0;0;2;4;1;B01
201100042742;0;7;0;0;9;2;1;A01
201100042743;0;7;0;5;0;1;1;A01
201100042744;0;7;0;0;2;1;1;A01
201100042744;0;7;0;0;2;1;15;B01
201100042745;0;7;0;0;2;5;15;A01
201100042745;0;33;0;0;2;1;1;B01
201100042746;0;7;0;0;9;2;1;B01
201100042746;0;1;0;0;2;1;1;A01
201100042747;0;30;0;0;0;0;0;A01
201100042748;0;30;0;0;2;1;17;B01
201100042748;0;7;0;0;2;8;15;C01
201100042748;0;30;0;0;2;1;17;A01
201100042749;0;1;0;1;0;1;1;A01
201100042749;0;7;0;0;2;8;24;B01
201100042750;0;33;0;6;0;1;1;A01
201100042751;0;33;0;0;2;8;11;A01
201100042751;0;10;0;0;2;7;1;B01
201100042752;0;31;0;0;1;2;1;A01
201100042753;0;7;0;0;1;1;16;A01
201100042754;0;2;0;8;0;1;1;A01
201100042755;0;2;0;0;2;1;1;A01
201100042755;0;7;0;0;2;8;15;B01
201100042756;0;7;0;0;2;1;1;B01
201100042756;0;30;0;0;2;1;1;A01
201100042757;0;7;0;0;2;3;15;A01
201100042757;0;7;0;0;2;1;1;B01
201100042758;0;37;1;0;1;1;1;A01
201100042759;0;21;0;0;2;3;15;B01
201100042759;0;2;0;0;2;1;17;A01
201100042760;0;7;0;0;2;1;1;A01
201100042760;0;7;0;0;2;4;1;B01
201100042760;0;7;0;0;2;4;1;C01
201100042761;0;7;0;16;0;1;1;A01
201100042762;0;7;0;16;0;1;1;A01
201100042763;0;7;0;0;0;1;1;A01
201100042764;0;37;1;0;2;9;0;B01
201100042764;0;7;0;0;2;1;0;A01
201100042765;0;33;0;0;2;7;17;A01
201100042765;0;7;0;0;2;1;0;C01
201100042765;0;7;0;0;0;3;1;B01
201100042766;0;2;0;0;2;1;1;B01
201100042766;0;7;0;0;2;2;1;A01
201100042767;0;1;0;1;2;3;1;B01
201100042767;0;7;0;0;2;5;16;A01
201100042768;0;2;0;0;2;1;0;A01
201100042768;0;7;0;0;2;4;0;B01
201100042769;0;7;0;0;1;2;0;A01
201100042770;0;7;0;0;2;5;1;B01
201100042770;0;2;0;0;2;1;1;A01
201100042771;0;7;0;0;1;9;0;A01
201100042772;0;7;0;0;2;3;1;B01
201100042772;0;7;0;0;2;2;6;A01
201100042773;0;7;0;0;1;3;9;A01
201100042773;0;1;0;1;2;4;8;B01
201100042774;0;37;7;0;2;2;1;B01
201100042774;0;7;0;0;2;3;15;A01
201100042775;0;7;0;0;2;2;15;A01
201100042775;0;33;0;0;2;1;1;B01
201100042776;0;7;0;0;2;3;1;A01
201100042776;0;7;0;0;2;2;1;B01
201100042777;0;7;0;0;2;2;1;B01
201100042777;0;7;0;0;2;3;1;A01
201100042777;0;7;0;0;2;4;1;C01
201100042778;0;7;0;0;2;8;24;A01
201100042778;0;1;0;1;0;1;1;B01
201100042779;0;7;0;0;2;7;1;B01
201100042779;0;7;0;0;2;1;1;A01
201100042780;0;7;0;0;2;7;1;A01
201100042780;0;7;0;0;2;1;1;B01
201100042781;0;1;0;0;1;1;1;A01
201100042782;0;7;0;0;2;1;15;A01
201100042782;0;7;0;0;2;1;1;B01
201100042783;0;7;0;0;2;2;14;A01
201100042783;0;7;0;0;2;8;1;B01
201100042784;0;7;0;0;1;3;1;A01
201100042785;0;7;0;0;2;1;15;A01
201100042785;0;7;0;0;2;8;1;B01
201100042786;0;2;0;0;2;2;1;B01
201100042786;0;7;0;0;2;5;20;A01
201100042787;0;7;0;0;2;4;2;B01
201100042787;0;2;0;0;2;4;2;A01
201100042788;1;7;0;0;1;7;16;A01
201100042788;0;1;0;0;2;8;1;B01
201100042789;0;7;0;0;1;1;1;A01
201100042790;0;2;0;16;0;1;1;A01
201100042791;0;7;0;0;2;2;1;A01
201100042791;0;37;1;0;2;6;0;B01
201100042792;0;2;0;0;2;1;1;B01
201100042792;0;7;0;0;2;2;15;A01
201100042793;0;7;0;0;1;0;1;A01
201100042794;0;7;0;0;2;1;1;A01
201100042794;0;17;0;0;2;4;1;B01
201100042795;0;7;0;0;2;4;1;B01
201100042795;0;7;0;0;2;1;1;A01
201100042796;0;7;0;2;0;1;1;A01
201100042797;0;7;0;0;1;1;1;A01
201100042798;0;7;0;0;2;1;1;A01
201100042798;0;7;0;0;2;4;1;B01
201100042799;0;7;0;0;1;1;1;A01
201100042800;0;7;0;0;1;1;0;A01
201100042801;0;7;0;0;9;1;1;B01
201100042801;0;1;0;0;2;2;15;A01
201100042802;0;7;0;0;2;1;1;A01
201100042802;0;7;0;0;2;8;1;B01
201100042803;0;7;0;0;1;8;1;A01
201100042804;0;7;0;0;1;4;4;A01
201100042805;0;7;0;0;1;1;1;A01
201100042806;0;7;0;0;2;3;15;B01
201100042806;0;30;0;0;2;2;17;A01
201100042807;0;2;0;0;2;1;1;A01
201100042807;0;10;0;0;2;4;1;B01
201100042808;0;7;0;0;2;3;15;A01
201100042808;0;2;0;0;2;1;1;B01
201100042809;2;7;0;0;2;3;0;A01
201100042809;0;7;0;0;2;8;1;B01
201100042810;1;7;0;0;1;1;1;A01
201100042811;0;10;0;0;2;5;1;A01
201100042811;0;2;0;0;2;9;1;B01
201100042812;0;1;0;0;2;1;1;A01
201100042812;0;7;0;0;2;7;20;B01
201100042813;0;1;0;0;2;1;1;A01
201100042813;0;7;0;0;2;3;1;B01
201100042814;0;7;0;0;1;2;1;A01
201100042815;0;37;1;0;0;0;1;B01
201100042815;0;30;0;0;0;7;17;A01
201100042816;0;7;0;0;1;7;1;A01
201100042817;0;7;0;0;1;1;1;A01
201100042818;0;7;0;0;2;7;17;A01
201100042818;0;7;0;0;2;8;15;B01
201100042819;0;7;0;0;2;1;1;A01
201100042819;0;7;0;0;2;4;1;B01
201100042819;0;7;0;0;2;4;1;C01
201100042820;0;7;0;0;2;3;15;A01
201100042820;0;1;0;0;2;7;1;B01
201100042821;0;7;0;0;1;1;1;A01
201100042822;0;7;0;0;2;2;17;A01
201100042822;0;1;0;0;2;3;15;B01
201100042823;0;7;0;0;2;2;0;A01
201100042824;0;10;0;0;2;8;1;A01
201100042824;0;33;0;0;2;2;0;B01
201100042825;0;7;0;0;2;1;1;A01
201100042825;0;7;0;0;2;3;1;C01
201100042825;0;10;0;0;2;4;1;B01
201100042826;0;7;0;0;2;4;1;C01
201100042826;0;7;0;0;2;4;1;B01
201100042826;0;10;0;0;2;1;1;A01
201100042827;0;37;1;0;2;8;1;B01
201100042827;0;2;0;0;2;1;1;A01
201100042828;0;7;0;0;1;1;1;A01
201100042829;0;10;0;0;1;2;1;A01
201100042830;0;1;0;0;2;4;1;B01
201100042830;0;7;0;0;2;2;1;A01
201100042831;2;7;0;0;2;3;0;A01
201100042831;0;7;0;0;2;1;0;B01
201100042832;0;33;0;0;1;1;0;B01
201100042832;0;7;0;0;2;8;1;A01
201100042833;0;7;0;0;2;5;15;A01
201100042833;0;7;0;0;2;3;1;B01
201100042834;0;2;0;0;2;1;17;A01
201100042834;0;10;0;0;2;8;10;B01
201100042835;0;7;0;0;2;1;1;B01
201100042835;0;7;0;0;2;2;1;A01
201100042836;0;7;0;0;1;3;17;A01
201100042837;0;7;0;13;0;9;1;A01
201100042838;0;7;0;0;2;1;1;B01
201100042838;0;2;0;0;2;1;15;A01
201100042839;0;7;0;0;1;2;1;A01
201100042840;0;1;0;0;2;0;1;B01
201100042840;0;7;0;0;2;1;0;A01
201100042841;0;7;0;0;2;0;10;A01
201100042841;0;33;0;0;2;1;1;B01
201100042842;0;7;0;0;2;1;15;A01
201100042842;0;2;0;0;2;1;1;B01
201100042843;0;7;0;0;2;1;1;A01
201100042843;0;7;0;0;2;4;4;B01
201100042844;0;7;0;0;2;4;1;B01
201100042844;0;7;0;0;2;1;1;A01
201100042844;0;7;0;0;2;4;1;C01
201100042845;0;7;0;0;1;0;0;A01
201100042846;0;1;0;0;2;0;0;A01
201100042846;0;7;0;0;2;0;0;B01
201100042847;0;30;0;0;2;0;0;B01
201100042847;0;7;0;0;2;3;0;A01
201100042848;0;7;0;0;2;2;0;B01
201100042848;0;7;0;0;2;6;0;C01
201100042848;0;2;0;0;2;1;18;A01
201100042849;0;7;0;0;2;4;0;A01
201100042849;0;7;0;0;2;1;0;B01
201100042849;0;7;0;0;2;1;0;C01
201100042850;0;7;0;0;2;2;16;A01
201100042850;0;30;0;0;2;1;1;B01
201100042851;0;2;0;0;2;1;15;A01
201100042851;0;7;0;0;2;1;16;B01
201100042852;0;7;0;0;1;2;1;A01
201100042853;0;7;0;0;1;7;1;A01
201100042854;1;32;0;0;1;0;0;A01
201100042855;0;30;0;0;2;1;1;B01
201100042855;1;7;0;0;2;0;0;A01
201100042856;0;34;0;12;0;1;1;A01
201100042857;0;7;0;0;2;1;15;A01
201100042857;0;7;0;0;2;1;1;B01
201100042858;0;33;0;0;1;3;1;A01
201100042859;0;7;0;0;2;1;1;B01
201100042859;0;13;0;0;2;7;15;A01
201100042860;0;7;0;0;2;4;1;D01
201100042860;0;7;0;0;2;1;1;A01
201100042860;0;7;0;0;2;4;1;B01
201100042860;0;7;0;0;2;4;1;C01
201100042861;0;7;0;0;2;8;1;B01
201100042861;0;10;0;0;2;0;1;A01
201100042862;0;7;0;0;9;1;15;A01
201100042862;0;1;0;0;2;1;1;B01
201100042863;0;33;0;0;1;1;1;A01
201100042864;0;10;0;0;2;0;0;B01
201100042864;0;1;0;0;2;1;0;A01
201100042865;0;7;0;0;2;4;1;B01
201100042865;0;7;0;0;2;1;1;A01
201100042865;0;7;0;0;2;4;1;C01
201100042866;0;7;0;0;1;1;1;A01
201100042867;0;33;0;0;0;8;0;A01
201100042868;0;33;0;0;2;1;1;B01
201100042868;0;7;0;0;2;6;15;A01
201100042869;0;1;0;0;0;1;1;A01
201100042870;0;30;0;0;2;4;1;B01
201100042870;0;10;0;0;2;1;1;A01
201100042871;0;7;0;0;1;1;15;A01
201100042872;0;7;0;0;2;1;1;A01
201100042872;0;7;0;0;2;2;1;B01
201100042873;0;7;0;14;0;1;0;A01
201100042874;0;7;0;0;1;1;1;A01
201100042875;0;2;0;0;2;1;1;A01
201100042875;0;7;0;0;2;2;1;B01
201100042876;0;7;0;0;1;1;1;A01
201100042877;0;7;0;0;2;3;15;B01
201100042877;0;7;0;0;2;1;1;A01
201100042878;0;7;0;0;2;1;1;B01
201100042878;0;7;0;0;2;7;1;A01
201100042879;0;7;0;0;2;6;1;B01
201100042879;0;7;0;0;2;2;1;A01
201100042879;0;7;0;0;2;4;1;C01
201100042880;0;7;0;0;2;2;1;A01
201100042880;0;7;0;0;2;3;0;B01
201100042881;0;7;0;0;4;1;0;B01
201100042881;0;7;0;0;2;1;1;A01
201100042882;0;7;0;0;1;1;1;A01
201100042883;0;7;0;0;1;1;1;A01
201100042884;0;7;0;0;1;1;1;A01
201100042885;0;7;0;0;2;1;1;A01
201100042885;0;7;0;0;2;4;1;B01
201100042886;0;30;0;0;2;1;1;B01
201100042886;0;7;0;0;2;3;1;A01
201100042887;0;7;0;0;1;1;1;A01
201100042888;0;7;0;0;2;0;0;A01
201100042888;0;7;0;0;2;3;1;B01
201100042889;1;7;0;0;1;0;0;A01
201100042890;0;7;0;0;1;1;1;A01
201100042891;0;30;0;0;2;1;1;A01
201100042891;0;7;0;0;2;4;1;B01
201100042892;0;7;0;0;1;1;1;A01
201100042893;0;7;0;0;1;1;1;A01
201100042894;0;7;0;0;2;1;1;A01
201100042894;0;7;0;0;2;4;1;B01
201100042895;0;7;0;0;2;0;1;B01
201100042895;0;34;0;0;2;1;1;A01
201100042896;0;33;0;0;2;1;15;A01
201100042896;0;7;0;0;2;1;1;B01
201100042897;0;7;0;0;2;5;1;B01
201100042897;0;30;0;0;2;3;11;A01
201100042898;0;2;0;0;2;1;1;B01
201100042898;0;7;0;0;2;2;1;A01
201100042899;0;7;0;0;2;4;1;B01
201100042899;0;7;0;0;2;1;1;A01
201100042900;0;7;0;0;1;8;1;A01
201100042901;0;7;0;0;1;2;16;A01
201100042902;0;7;0;0;2;6;15;A01
201100042902;0;33;0;0;2;1;17;B01
201100042903;0;7;0;1;1;7;14;A01
201100042903;0;7;0;0;0;8;24;B01
201100042904;0;7;0;0;2;1;13;A01
201100042904;0;13;0;0;2;6;1;B01
201100042904;0;7;0;0;2;1;1;C01
201100042905;1;7;0;0;1;1;1;A01
201100042906;0;30;0;0;2;1;1;B01
201100042906;0;7;0;0;2;2;11;A01
201100042907;0;31;0;0;1;1;1;A01
201100042908;0;7;0;0;2;2;15;A01
201100042908;0;33;0;0;2;1;2;B01
201100042909;0;15;0;6;0;3;13;A01
201100042910;0;2;0;0;2;1;19;B01
201100042910;0;7;0;0;2;2;19;A01
201100042911;0;7;0;0;1;2;1;A01
201100042912;0;33;0;0;2;0;21;B01
201100042912;0;7;0;0;2;1;1;C01
201100042912;0;37;2;0;2;3;16;A01
201100042913;0;7;0;0;9;2;11;A01
201100042913;0;2;0;0;2;1;1;B01
201100042914;0;7;0;0;1;3;1;A01
201100042915;0;7;0;0;1;3;1;A01
201100042916;0;7;0;0;0;4;2;A01
201100042916;0;33;0;0;2;1;2;B01
201100042917;0;7;0;0;0;8;9;A01
201100042917;0;10;0;0;0;0;24;C01
201100042917;0;30;0;0;2;8;1;B01
201100042918;0;7;0;0;1;1;1;A01
201100042919;0;7;0;0;2;2;2;A01
201100042919;0;1;0;12;2;4;1;B01
201100042920;0;7;0;0;1;1;1;A01
201100042921;0;30;0;8;0;1;1;A01
201100042922;0;7;0;0;0;0;17;A01
201100042922;0;7;0;0;0;9;21;B01
201100042923;0;10;0;0;2;1;21;B01
201100042923;0;7;0;0;2;8;15;A01
201100042924;0;7;0;0;2;3;13;A01
201100042924;0;7;0;0;0;7;17;B01
201100042925;0;10;0;0;0;1;21;B01
201100042925;0;7;0;0;2;2;13;A01
201100042926;0;17;0;0;9;5;20;C01
201100042926;0;32;0;1;2;1;17;A01
201100042926;0;7;0;0;0;6;23;B01
201100042927;0;30;0;12;0;1;1;A01
201100042928;0;7;0;2;0;2;1;A01
201100042929;0;7;0;0;0;6;13;A01
201100042930;0;2;0;0;2;8;19;B01
201100042930;0;7;0;0;2;1;1;A01