num_acc;senc;catv;occutc;obs;obsm;choc;manv;num_veh
201100042931;0;7;0;9;0;1;1;A01
201100042932;0;7;0;0;0;1;1;A01
201100042933;0;7;0;0;0;1;2;A01
201100042933;0;7;0;0;0;6;1;B01
201100042934;0;7;0;0;2;3;15;B01
201100042934;0;33;0;9;2;1;17;A01
201100042935;0;7;0;0;1;3;1;A01
201100042936;0;33;0;0;5;1;1;A01
201100042937;0;33;0;0;0;1;1;A01
201100042938;0;33;0;0;2;1;1;B01
201100042938;0;7;0;0;2;2;15;A01
201100042939;0;7;0;1;0;3;1;A01
201100042940;0;7;0;0;2;7;15;A01
201100042940;0;33;0;0;2;1;1;B01
201100042941;0;7;0;9;0;1;1;A01
201100042942;0;7;0;0;0;4;0;B01
201100042942;0;7;0;0;2;1;2;A01
201100042943;0;99;0;1;0;1;11;A01
201100042944;0;7;0;0;1;1;16;A01
201100042945;0;33;0;0;2;7;1;A01
201100042945;0;10;0;0;2;7;15;B01
201100042946;0;7;0;6;0;1;1;A01
201100042947;0;7;0;13;0;8;2;A01
201100042948;0;1;0;0;2;1;0;B01
201100042948;0;7;0;0;9;1;1;A01
201100042949;0;7;0;0;2;4;2;A01
201100042949;0;7;0;0;2;1;2;B01
201100042950;0;7;0;10;0;1;2;A01
201100042951;0;7;0;2;0;2;2;A01
201100042952;0;7;0;0;1;2;2;A01
201100042953;0;7;0;0;2;3;5;B01
201100042953;0;7;0;0;2;3;13;A01
201100042954;0;7;0;2;0;1;2;A01
201100042955;0;31;0;0;2;2;1;B01
201100042955;0;7;0;0;9;3;19;A01
201100042956;0;7;0;0;1;2;1;A01
201100042957;0;7;0;0;2;1;0;B01
201100042957;0;7;0;0;2;8;10;A01
201100042958;0;10;0;0;2;1;1;B01
201100042958;0;7;0;0;2;1;19;A01
201100042959;0;17;0;0;0;8;0;A01
201100042960;0;1;0;0;2;7;0;B01
201100042960;0;10;0;0;2;1;0;A01
201100042961;0;33;0;0;0;8;0;A01
201100042962;0;7;0;0;0;4;23;B01
201100042962;0;7;0;14;0;1;2;A01
201100042963;0;30;0;11;0;1;0;A01
201100042964;0;7;0;13;0;1;13;A01
201100042965;0;7;0;6;0;1;1;A01
201100042966;0;7;0;0;2;3;15;B01
201100042966;0;7;0;0;2;2;17;A01
201100042967;0;7;0;15;0;1;0;A01
201100042968;0;7;0;14;0;1;1;A01
201100042969;0;7;0;0;2;1;2;A01
201100042969;0;7;0;0;0;4;23;B01
201100042970;0;7;0;0;2;3;1;B01
201100042970;0;1;0;0;2;1;16;A01
201100042971;0;33;0;0;2;1;1;B01
201100042971;0;7;0;0;2;2;15;A01
201100042972;0;10;0;0;1;4;4;A01
201100042973;0;7;0;0;1;2;1;A01
201100042974;0;7;0;0;1;2;1;A01
201100042975;0;1;0;0;0;5;1;B01
201100042975;0;7;0;0;9;1;1;A01
201100042976;0;10;0;0;0;7;1;A01
201100042976;0;7;0;0;2;1;1;B01
201100042977;0;33;0;0;6;1;1;A01
201100042977;0;10;0;14;0;2;1;B01
201100042978;0;7;0;0;0;6;9;A01
201100042978;0;7;0;10;0;1;21;B01
201100042978;1;7;0;0;2;1;9;Z01
201100042979;0;1;0;0;0;6;15;B01
201100042979;0;2;0;0;9;1;2;A01
201100042980;0;7;0;0;1;1;1;B01
201100042980;0;7;0;0;2;1;2;A01
201100042981;0;1;0;0;2;0;21;B01
201100042981;0;7;0;0;2;0;22;A01
201100042982;1;7;0;0;0;0;9;Z01
201100042982;0;7;0;0;0;8;21;A01
201100042983;0;3;0;0;1;4;4;A01
201100042984;1;2;0;0;0;0;0;A01
201100042985;0;7;0;0;2;1;1;B01
201100042985;0;7;0;0;0;8;10;A01
201100042986;0;10;0;0;1;0;16;A01
201100042987;0;10;0;8;2;3;13;A01
201100042987;0;10;0;0;2;3;1;B01
201100042988;0;7;0;0;1;1;1;A01
201100042989;0;10;0;0;1;1;1;A01
201100042990;0;33;0;0;0;0;1;A01
201100042990;1;7;0;0;0;0;0;Z01
201100042991;0;7;0;0;1;1;1;A01
201100042992;0;1;0;0;2;1;1;B01
201100042992;0;7;0;0;9;7;15;A01
201100042993;0;7;0;0;1;1;1;A01
201100042994;0;7;0;0;0;6;1;A01
201100042994;0;32;0;0;2;1;1;B01
201100042995;0;2;0;0;0;0;21;B01
201100042995;0;38;1;0;0;0;17;A01
201100042996;0;7;0;0;0;3;1;A01
201100042996;0;31;0;0;2;1;1;B01
201100042997;0;10;0;0;1;2;1;A01
201100042998;0;7;0;0;0;0;0;B01
201100042998;0;7;0;0;0;0;1;A01
201100042999;0;7;0;0;1;2;1;A01
201100043000;0;7;0;0;2;1;1;A01
201100043000;0;33;0;1;2;7;1;B01
201100043001;0;7;0;0;2;3;13;A01
201100043001;0;7;0;0;2;3;21;B01
201100043002;0;30;0;0;2;1;1;B01
201100043002;0;7;0;0;9;3;16;A01
201100043003;0;30;0;0;2;1;17;B01
201100043003;0;7;0;0;9;2;15;A01
201100043003;0;7;0;0;9;2;23;C01
201100043004;0;7;0;0;2;2;15;A01
201100043004;0;1;0;0;2;8;1;B01
201100043005;0;7;0;0;1;2;1;A01
201100043006;0;2;0;0;2;1;21;A01
201100043006;1;7;0;0;2;5;19;Z01
201100043007;0;7;0;0;2;3;13;A01
201100043007;0;14;0;0;2;3;21;B01
201100043007;0;7;0;0;2;3;1;C01
201100043008;1;7;0;0;1;1;16;Z01
201100043009;0;14;0;0;1;1;16;A01
201100043010;0;7;0;0;2;1;5;A01
201100043010;0;7;0;0;2;1;1;B01
201100043011;0;10;0;0;2;1;5;A01
201100043011;0;7;0;0;2;1;17;B01
201100043011;0;7;0;3;2;3;1;C01
201100043012;0;7;0;0;2;1;1;A01
201100043012;0;7;0;0;2;2;1;B01
201100043013;0;2;0;0;2;1;1;A01
201100043013;0;7;0;0;9;3;19;B01
201100043014;0;7;0;0;1;1;1;A01
201100043015;0;33;0;0;2;1;1;B01
201100043015;0;7;0;0;2;3;9;A01
201100043016;0;33;0;0;2;1;13;A01
201100043016;0;7;0;3;2;3;1;B01
201100043017;0;2;0;0;2;1;1;A01
201100043017;0;7;0;0;2;3;1;C01
201100043017;0;7;0;0;2;2;11;B01
201100043018;0;7;0;0;2;1;1;B01
201100043018;0;7;0;0;2;3;9;A01
201100043019;0;7;0;0;2;9;1;E01
201100043019;0;7;0;12;2;7;12;A01
201100043019;0;7;0;0;2;8;1;B01
201100043019;0;7;0;0;2;3;1;C01
201100043019;0;7;0;0;2;8;1;D01
201100043020;0;7;0;0;1;3;15;A01
201100043021;0;33;0;0;2;1;12;A01
201100043021;0;7;0;0;2;6;15;B01
201100043022;0;10;0;0;0;8;1;B01
201100043022;0;33;0;14;2;1;1;A01
201100043023;0;7;0;0;1;1;21;A01
201100043024;0;33;0;0;2;7;15;B01
201100043024;0;2;0;0;2;1;1;A01
201100043025;0;7;0;0;9;2;15;A01
201100043025;0;1;0;0;2;1;1;B01
201100043026;0;2;0;12;0;1;1;A01
201100043027;0;10;0;0;2;6;23;B01
201100043027;0;1;0;1;0;1;2;A01
201100043028;0;33;0;0;2;1;2;A01
201100043028;0;7;0;0;2;6;2;B01
201100043029;0;7;0;0;1;1;1;A01
201100043030;0;33;0;0;2;1;0;B01
201100043030;0;7;0;0;2;7;0;A01
201100043031;0;31;0;0;2;3;0;A01
201100043031;0;7;0;0;2;3;0;B01
201100043032;0;7;0;0;2;3;0;A01
201100043032;0;33;0;0;2;1;0;B01
201100043033;0;7;0;0;1;1;1;A01
201100043034;0;7;0;0;1;3;0;A01
201100043035;0;1;0;0;2;7;2;A01
201100043035;0;7;0;0;2;8;2;B01
201100043036;0;10;0;0;1;1;16;A01
201100043037;0;7;0;0;1;4;4;A01
201100043038;0;7;0;0;1;1;1;A01
201100043039;0;7;0;0;2;1;15;A01
201100043039;0;7;0;6;2;2;1;B01
201100043040;0;7;0;0;1;1;1;A01
201100043041;1;7;0;0;1;1;1;A01
201100043042;0;33;0;15;0;9;1;A01
201100043043;0;14;0;0;1;6;4;A01
201100043044;0;2;0;0;2;4;2;B01
201100043044;0;33;0;0;2;1;2;A01
201100043045;0;10;0;0;2;3;15;A01
201100043045;0;33;0;0;2;1;1;B01
201100043046;0;33;0;0;1;3;0;A01
201100043047;0;33;0;0;0;0;1;A01
201100043048;0;7;0;0;1;1;1;A01
201100043049;0;30;0;12;0;1;13;A01
201100043050;0;33;0;0;2;1;1;B01
201100043050;0;7;0;0;2;3;15;A01
201100043051;0;33;0;0;2;1;5;A01
201100043051;0;10;0;0;2;1;1;B01
201100043052;0;7;0;0;2;2;1;B01
201100043052;0;1;0;12;2;1;1;A01
201100043053;0;7;0;0;0;8;15;A01
201100043053;0;32;0;0;2;1;1;B01
201100043054;0;7;0;0;2;2;15;A01
201100043054;0;34;0;14;2;1;1;B01
201100043054;0;7;0;0;2;8;1;C01
201100043055;0;33;0;0;2;8;1;A01
201100043055;0;7;0;0;2;8;1;B01
201100043056;0;13;0;0;1;1;1;A01
201100043057;0;2;0;0;1;1;0;A01
201100043058;0;7;0;0;2;6;10;A01
201100043058;0;31;0;0;2;1;17;B01
201100043059;0;32;0;0;2;1;2;A01
201100043059;0;7;0;0;0;2;2;B01
201100043060;0;7;0;0;2;8;1;B01
201100043060;0;7;0;0;2;1;13;A01
201100043061;0;7;0;0;2;2;5;A01
201100043061;0;7;0;0;2;3;15;B01
201100043062;0;33;0;0;2;1;17;A01
201100043062;0;7;0;0;2;6;13;B01
201100043063;0;7;0;15;2;7;1;B01
201100043063;0;7;0;0;2;1;1;A01
201100043064;0;7;0;0;2;1;13;A01
201100043064;0;37;1;0;2;1;1;B01
201100043065;0;33;0;0;1;2;0;A01
201100043066;0;7;0;0;2;3;1;C01
201100043066;0;7;0;0;2;3;0;B01
201100043066;0;32;0;0;2;0;17;A01
201100043067;0;7;0;0;2;8;15;B01
201100043067;0;34;0;0;2;1;1;A01
201100043068;0;7;0;4;2;1;1;A01
201100043068;0;14;0;0;2;4;1;B01
201100043069;0;33;0;1;2;0;15;A01
201100043069;0;7;0;0;2;7;1;B01
201100043070;0;30;0;0;2;4;24;B01
201100043070;0;7;0;15;2;1;14;A01
201100043071;0;7;0;0;2;2;1;A01
201100043071;0;1;0;0;2;8;11;B01
201100043072;0;14;0;0;1;6;4;A01
201100043073;0;33;0;8;0;1;6;A01
201100043074;0;7;0;2;9;1;6;A01
201100043075;0;7;0;0;2;3;1;B01
201100043075;0;7;0;0;2;2;15;A01
201100043076;0;34;0;0;1;1;0;A01
201100043077;0;7;0;0;2;8;6;B01
201100043077;0;33;0;0;2;1;1;A01
201100043078;0;32;0;0;0;0;1;A01
201100043079;0;3;0;0;1;7;1;A01
201100043080;0;2;0;0;2;2;16;B01
201100043080;0;7;0;0;2;8;0;A01
201100043081;0;7;0;0;0;3;0;C01
201100043081;0;7;0;0;0;6;0;A01
201100043081;0;31;0;16;2;1;11;B01
201100043082;0;7;0;0;1;1;1;A01
201100043083;0;33;0;0;0;7;1;A01
201100043084;0;30;0;2;0;1;1;A01
201100043085;0;7;0;0;1;2;2;A01
201100043086;1;7;0;0;2;1;15;A01
201100043086;0;7;0;0;2;3;1;B01
201100043087;0;7;0;0;2;4;2;B01
201100043087;0;33;0;0;2;1;2;A01
201100043088;0;7;0;16;0;0;2;A01
201100043089;0;7;0;0;2;1;17;A01
201100043089;0;7;0;0;2;3;15;B01
201100043090;0;34;0;0;2;1;1;B01
201100043090;0;7;0;0;2;5;15;A01
201100043091;0;10;0;0;2;2;15;A01
201100043091;0;32;0;0;2;1;17;B01
201100043092;0;7;0;0;1;3;0;A01
201100043093;0;7;0;0;2;1;1;A01
201100043093;0;7;0;14;0;4;4;B01
201100043094;0;7;0;0;2;5;2;C01
201100043094;0;7;0;0;2;1;15;A01
201100043094;0;33;0;0;2;1;1;B01
201100043095;0;7;0;2;0;3;13;A01
201100043096;0;7;0;0;2;1;2;B01
201100043096;0;7;0;0;0;4;2;A01
201100043097;0;7;0;0;2;3;9;A01
201100043097;0;7;0;0;2;2;1;B01
201100043098;0;31;0;0;2;1;1;B01
201100043098;0;7;0;0;0;3;10;A01
201100043099;0;34;0;0;2;1;1;B01
201100043099;0;7;0;0;2;0;10;A01
201100043100;0;31;0;0;2;1;1;B01
201100043100;0;7;0;0;2;2;15;A01
201100043101;0;7;0;0;2;1;5;A01
201100043101;0;7;0;0;2;1;1;B01
201100043102;0;7;0;0;2;1;1;B01
201100043102;0;7;0;0;2;1;13;A01
201100043103;0;7;0;1;1;2;1;A01
201100043103;0;99;0;0;1;1;23;B01
201100043104;0;32;0;12;0;9;1;A01
201100043105;0;7;0;0;1;3;9;A01
201100043106;0;7;0;0;2;1;0;A01
201100043106;0;10;0;0;2;1;0;B01
201100043107;0;2;0;0;2;1;0;A01
201100043107;0;7;0;0;2;3;0;B01
201100043108;0;7;0;0;2;0;15;A01
201100043108;0;2;0;0;2;1;2;B01
201100043109;0;7;0;0;2;8;2;C01
201100043109;1;7;0;0;2;2;2;A01
201100043109;0;7;0;0;2;5;2;B01
201100043110;0;7;0;0;2;1;1;C01
201100043110;0;7;0;0;2;1;21;B01
201100043110;0;7;0;0;0;0;15;A01
201100043111;0;33;0;12;0;0;1;A01
201100043112;0;7;0;1;0;3;13;A01
201100043113;0;7;0;0;2;2;13;A01
201100043113;0;7;0;0;2;1;1;B01
201100043114;0;7;0;14;0;1;1;A01
201100043115;0;7;0;0;2;2;15;A01
201100043115;0;7;0;0;2;2;13;B01
201100043116;0;7;0;0;1;2;1;A01
201100043117;0;7;0;0;2;1;15;B01
201100043117;0;33;0;0;2;1;21;A01
201100043118;0;7;0;15;0;1;1;A01
201100043119;0;33;0;8;0;1;6;A01
201100043120;0;2;0;14;0;1;5;A01
201100043120;0;7;0;0;2;3;1;B01
201100043121;0;7;0;0;2;3;9;A01
201100043121;0;30;0;0;2;1;21;B01
201100043122;0;7;0;0;1;3;1;A01
201100043123;0;31;0;0;2;1;1;B01
201100043123;0;7;0;0;2;3;20;A01
201100043124;0;30;0;0;2;1;1;B01
201100043124;1;7;0;0;2;1;5;Z01
201100043125;0;33;0;0;2;2;2;B01
201100043125;0;7;0;0;2;6;10;A01
201100043126;0;7;0;0;2;8;16;A01
201100043126;0;31;0;0;2;7;21;B01
201100043127;0;30;0;0;2;1;5;A01
201100043127;0;7;0;0;2;3;1;B01
201100043128;0;2;0;0;2;1;1;B01
201100043128;0;7;0;0;2;3;16;A01
201100043129;0;31;0;0;2;2;1;B01
201100043129;0;7;0;0;2;1;16;A01
201100043130;0;31;0;1;2;2;17;A01
201100043130;0;7;0;0;2;6;15;B01
201100043131;0;7;0;0;2;1;1;A01
201100043131;0;30;0;0;2;7;1;B01
201100043132;0;30;0;0;0;0;0;A01
201100043133;0;1;0;9;0;1;1;A01
201100043134;0;7;0;0;2;8;10;A01
201100043134;0;30;0;0;2;1;1;B01
201100043135;0;7;0;2;2;8;1;B01
201100043135;0;7;0;0;2;1;1;A01
201100043136;0;7;0;0;2;1;15;A01
201100043136;0;30;0;0;2;1;1;B01
201100043137;0;30;0;0;2;7;1;B01
201100043137;0;7;0;0;2;3;15;A01
201100043138;0;33;0;11;0;1;6;A01
201100043139;0;33;0;12;0;1;1;A01
201100043140;0;7;0;0;2;4;1;B01
201100043140;0;33;0;0;2;4;12;A01
201100043141;0;2;0;1;0;4;1;A01
201100043142;0;7;0;0;1;1;1;A01
201100043143;0;7;0;0;2;1;1;A01
201100043143;0;32;0;0;1;1;1;B01
201100043144;0;14;0;0;1;3;1;A01
201100043145;0;7;0;0;2;3;1;B01
201100043145;0;7;0;0;2;3;5;A01
201100043146;0;2;0;0;1;7;0;A01
201100043147;0;7;0;0;1;6;4;A01
201100043148;0;7;0;0;2;6;15;A01
201100043148;0;30;0;0;2;1;17;B01
201100043149;0;33;0;0;0;9;21;A01
201100043150;1;7;0;0;1;3;1;Z01
201100043151;0;31;0;0;2;1;17;B01
201100043151;1;7;0;0;2;8;22;A01
201100043152;0;7;0;0;1;1;1;A01
201100043153;0;34;0;0;2;1;1;B01
201100043153;0;7;0;0;2;3;15;A01
201100043154;0;7;0;0;2;1;17;A01
201100043154;0;7;0;0;2;1;1;B01
201100043155;0;30;0;0;2;1;1;B01
201100043155;0;7;0;0;2;1;19;A01
201100043156;0;7;0;0;1;2;0;A01
201100043157;0;2;0;0;2;1;2;A01
201100043157;0;7;0;0;2;4;23;B01
201100043158;1;7;0;0;2;6;2;Z01
201100043158;0;30;0;0;2;1;2;A01
201100043158;0;7;0;0;9;2;2;B01
201100043159;0;7;0;0;1;7;1;A01
201100043160;0;33;0;0;1;0;0;A01
201100043161;0;7;0;0;0;0;1;A01
201100043161;0;2;0;0;0;0;1;B01
201100043162;0;7;0;0;9;3;11;A01
201100043162;0;1;0;0;2;6;0;B01
201100043163;0;7;0;0;2;4;2;B01
201100043163;0;7;0;0;2;1;11;A01
201100043163;0;7;0;0;2;1;5;C01
201100043164;0;7;0;0;0;4;2;B01
201100043164;0;7;0;0;2;1;2;A01
201100043165;0;7;0;0;2;3;11;A01
201100043165;0;7;0;0;2;1;1;B01
201100043166;0;32;0;0;1;1;1;A01
201100043167;0;30;0;0;2;8;15;A01
201100043167;0;30;0;0;2;1;15;B01
201100043168;0;7;0;9;0;9;1;A01
201100043169;0;14;0;0;1;7;14;A01
201100043170;0;7;0;0;1;1;0;A01
201100043171;0;7;0;0;2;5;2;B01
201100043171;0;2;0;0;2;7;0;A01
201100043172;0;32;0;0;2;8;0;A01
201100043172;0;7;0;0;2;1;1;B01
201100043173;0;33;0;0;2;1;1;B01
201100043173;0;7;0;0;2;6;15;A01
201100043174;0;7;0;0;2;3;10;A01
201100043174;0;31;0;0;2;7;1;B01
201100043175;0;2;0;0;0;4;2;B01
201100043175;0;7;0;0;2;1;2;A01
201100043176;0;32;0;0;2;1;1;A01
201100043176;0;7;0;0;2;7;1;B01
201100043177;0;10;0;0;2;1;1;B01
201100043177;0;10;0;15;2;7;1;A01
201100043178;0;33;0;2;0;1;0;A01
201100043179;0;7;0;0;2;1;15;A01
201100043179;0;30;0;0;2;1;1;B01
201100043180;0;33;0;0;2;1;0;A01
201100043180;0;7;0;0;2;3;0;B01
201100043180;0;7;0;0;2;3;2;C01
201100043181;0;7;0;8;0;1;0;A01
201100043182;0;7;0;0;2;1;0;A01
201100043182;0;34;0;0;2;1;0;B01
201100043183;0;7;0;0;2;4;2;B01
201100043183;0;7;0;0;2;1;2;A01
201100043183;0;7;0;0;2;4;2;D01
201100043183;0;7;0;0;2;4;2;C01
201100043184;0;33;0;0;1;0;0;A01
201100043185;0;32;0;14;0;1;1;A01
201100043186;0;7;0;0;0;0;23;B01
201100043186;0;1;0;12;0;1;18;A01
201100043187;0;7;0;0;0;2;1;A01
201100043187;0;1;0;0;2;1;5;B01
201100043188;0;7;0;0;2;4;2;B01
201100043188;0;10;0;0;2;1;2;A01
201100043189;0;7;0;6;0;2;6;A01
201100043190;0;7;0;0;2;3;1;B01
201100043190;0;7;0;0;2;1;5;A01
201100043191;0;30;0;0;2;1;1;B01
201100043191;0;7;0;0;2;3;15;A01
201100043192;0;7;0;0;1;1;0;A01
201100043193;0;7;0;6;1;4;4;A01
201100043193;0;7;0;0;2;1;23;B01
201100043194;0;32;0;0;2;0;1;B01
201100043194;0;7;0;0;2;3;15;A01
201100043195;0;7;0;0;2;8;19;A01
201100043195;0;2;0;0;2;1;1;B01
201100043196;0;1;0;0;1;1;2;A01
201100043197;0;7;0;0;1;1;2;A01
201100043198;0;7;0;0;2;1;1;A01
201100043198;0;1;0;0;2;8;0;B01
201100043199;0;34;0;0;2;1;15;Z01
201100043199;0;33;0;0;2;3;1;B01
201100043200;0;33;0;1;2;3;1;B01
201100043200;0;7;0;0;2;5;9;A01
201100043201;0;7;0;0;2;6;15;A01
201100043201;0;2;0;0;2;1;17;B01
201100043202;0;33;0;1;2;2;2;A01
201100043202;0;10;0;0;2;8;15;B01
201100043203;0;7;0;0;0;2;10;A01
201100043203;0;33;0;0;2;1;1;B01
201100043204;0;30;0;6;0;1;1;A01
201100043205;0;32;0;12;2;3;1;B01
201100043205;0;7;0;0;2;2;16;A01
201100043206;0;32;0;8;0;1;1;A01
201100043207;0;7;0;0;2;3;0;A01
201100043207;0;1;0;0;2;4;9;B01
201100043208;0;33;0;0;2;3;1;A01
201100043208;0;7;0;0;2;1;15;B01
201100043209;0;7;0;0;2;1;2;A01
201100043209;0;7;0;0;2;1;1;B01
201100043210;0;1;0;0;2;8;8;A01
201100043210;0;7;0;0;2;2;1;B01
201100043211;0;1;0;12;0;1;0;A01
201100043212;0;7;0;0;0;4;2;C01
201100043212;0;7;0;0;2;6;2;B01
201100043212;0;7;0;0;2;2;2;A01
201100043213;0;7;0;0;2;3;1;B01
201100043213;0;7;0;0;2;2;21;A01
201100043213;0;7;0;0;2;3;23;D01
201100043214;0;7;0;0;2;0;20;A01
201100043214;0;33;0;0;2;0;1;B01
201100043215;0;32;0;0;2;1;1;B01
201100043215;0;7;0;0;2;3;19;A01
201100043216;0;7;0;0;2;2;19;A01
201100043216;0;7;0;0;2;3;1;B01
201100043217;0;7;0;0;1;1;1;A01
201100043218;0;36;0;6;0;3;1;A01
201100043219;0;2;0;0;2;7;1;A01
201100043219;0;7;0;0;2;1;15;B01
201100043220;0;7;0;0;0;1;0;A01
201100043221;0;7;0;0;1;1;1;A01
201100043222;0;34;0;0;2;1;1;B01
201100043222;0;7;0;0;2;2;15;A01
201100043223;0;7;0;0;2;8;15;A01
201100043223;0;34;0;0;2;2;21;B01
201100043224;0;30;0;0;2;2;2;A01
201100043224;0;7;0;0;2;6;2;B01
201100043225;0;10;0;2;0;2;1;A01
201100043226;0;7;0;0;2;1;1;A01
201100043226;0;33;0;0;2;1;1;B01
201100043227;0;7;0;0;2;7;17;A01
201100043227;0;1;0;0;2;3;15;B01
201100043228;0;7;0;0;2;3;16;A01
201100043228;0;2;0;0;2;1;1;B01
201100043229;0;30;0;0;0;3;19;A01
201100043229;0;7;0;14;2;1;19;B01
201100043230;0;33;0;0;2;8;1;B01
201100043230;0;7;0;0;2;2;15;A01
201100043231;0;7;0;0;2;3;9;A01
201100043231;0;7;0;0;2;7;1;B01
201100043232;0;7;0;0;2;3;5;B01
201100043232;0;33;0;0;2;1;13;A01
201100043233;0;7;0;0;0;7;15;B01
201100043233;0;33;0;0;2;9;1;A01
201100043234;0;32;0;0;2;9;1;A01
201100043234;0;7;0;0;2;6;10;B01
201100043235;0;7;0;0;1;2;1;A01
201100043236;0;2;0;0;2;0;0;B01
201100043236;0;10;0;0;2;0;0;A01
201100043237;0;10;0;1;0;3;1;A01
201100043237;0;15;0;0;0;6;0;B01
201100043238;0;7;0;0;0;5;1;B01
201100043238;0;32;0;0;2;2;1;A01
201100043239;0;7;0;0;2;2;15;A01
201100043239;0;7;0;0;2;3;1;B01
201100043240;0;7;0;0;2;1;0;B01
201100043240;0;7;0;0;2;8;15;A01
201100043241;0;7;0;0;1;7;1;A01
201100043242;0;2;0;0;2;2;17;B01
201100043242;0;13;0;0;2;3;15;A01
201100043243;0;7;0;0;0;0;2;B01
201100043243;0;2;0;0;0;0;2;A01
201100043244;0;7;0;0;1;1;1;A01
201100043245;0;33;0;0;0;0;21;A01
201100043246;0;7;0;0;1;1;15;A01
201100043247;0;32;0;0;2;1;17;A01
201100043247;0;7;0;0;2;3;1;B01
201100043248;0;7;0;0;2;2;15;A01
201100043248;0;2;0;0;2;1;1;B01
201100043249;0;7;0;0;0;8;15;B01
201100043249;0;30;0;0;2;1;1;A01
201100043250;0;2;0;0;2;2;1;A01
201100043250;0;7;0;0;2;3;15;B01
201100043251;0;2;0;0;2;1;2;B01
201100043251;0;7;0;0;0;3;19;A01
201100043252;0;7;0;0;2;3;1;B01
201100043252;0;7;0;0;2;1;6;A01
201100043253;0;32;0;0;1;1;17;A01
201100043254;0;2;0;0;0;2;0;A01
201100043255;0;2;0;1;2;7;1;A01
201100043255;1;7;0;0;2;2;1;Z01
201100043256;0;7;0;0;1;3;9;A01
201100043257;0;7;0;0;0;3;16;A01
201100043257;0;33;0;0;2;1;17;B01
201100043258;0;7;0;0;1;7;0;A01
201100043259;0;7;0;0;1;2;1;A01
201100043260;0;7;0;0;0;0;0;B01
201100043260;1;7;0;0;0;0;0;A01
201100043261;0;7;0;0;1;3;1;A01
201100043262;0;7;0;0;1;2;1;A01
201100043263;0;33;0;0;1;1;1;A01
201100043264;0;32;0;0;2;1;1;A01
201100043264;0;7;0;0;2;3;15;B01
201100043265;0;32;0;0;1;3;0;A01
201100043266;1;7;0;0;0;3;1;Z01
201100043267;0;7;0;0;2;1;15;A01
201100043267;0;7;0;0;2;7;1;B01
201100043268;0;7;0;0;1;3;17;A01
201100043269;0;7;0;0;2;1;9;A01
201100043269;0;32;0;12;2;7;3;B01
201100043270;0;7;0;0;0;4;23;B01
201100043270;0;7;0;0;1;1;0;A01
201100043271;0;7;0;2;0;3;1;A01
201100043272;0;7;0;0;2;5;4;A01
201100043272;0;30;0;0;2;0;1;B01
201100043273;0;33;0;0;2;1;2;A01
201100043273;0;3;0;0;2;1;15;B01
201100043274;0;30;0;0;2;1;9;B01
201100043274;0;7;0;0;2;1;0;A01
201100043275;0;7;0;0;2;7;1;B01
201100043275;0;7;0;0;2;3;1;A01
201100043276;0;7;0;0;9;3;1;B01
201100043276;0;10;0;0;0;0;1;A01
201100043277;0;7;0;0;2;8;1;C01
201100043277;0;14;0;0;2;5;1;B01
201100043277;0;1;0;0;2;1;3;A01
201100043278;0;30;0;0;2;1;1;A01
201100043278;0;7;0;0;2;3;1;B01
201100043279;0;7;0;0;2;6;0;B01
201100043279;0;7;0;0;2;3;0;A01
201100043280;0;7;0;1;2;1;11;A01
201100043280;0;7;0;1;0;7;1;B01
201100043281;0;7;0;0;9;1;1;A01
201100043281;0;1;0;0;2;2;9;B01
201100043282;0;7;0;0;2;7;1;A01
201100043282;0;7;0;0;2;0;0;B01
201100043283;0;7;0;0;2;6;0;A01
201100043283;0;7;0;0;2;2;1;B01
201100043284;0;7;0;0;2;8;11;A01
201100043284;0;2;0;0;2;3;1;B01
201100043284;0;7;0;0;2;8;0;C01
201100043285;0;7;0;1;2;4;16;B01
201100043285;0;10;0;0;2;1;1;A01
201100043286;0;7;0;0;0;1;0;A01
201100043286;0;32;0;0;0;0;1;B01
201100043287;0;33;0;0;2;1;1;B01
201100043287;0;7;0;0;2;2;15;A01
201100043288;0;7;0;0;0;5;1;B01
201100043288;0;30;0;0;2;1;2;A01
201100043289;0;10;0;0;0;4;2;C01
201100043289;0;7;0;0;0;4;2;B01
201100043289;0;7;0;0;2;1;2;A01
201100043290;1;7;0;0;2;3;17;A01
201100043290;0;30;0;0;2;1;1;B01
201100043291;0;30;0;0;1;2;1;A01
201100043292;0;7;0;0;1;3;1;A01
201100043292;0;7;0;0;1;3;23;B01
201100043293;0;7;0;0;2;2;1;B01
201100043293;0;7;0;0;2;1;15;A01
201100043294;0;7;0;0;2;2;12;A01
201100043294;0;34;0;0;0;4;1;B01
201100043295;0;33;0;0;2;2;17;A01
201100043295;0;7;0;12;2;8;15;B01
201100043296;0;31;0;0;2;7;15;A01
201100043296;0;33;0;0;0;1;1;B01
201100043297;0;7;0;0;2;2;13;A01
201100043297;0;33;0;0;2;8;1;B01
201100043298;0;7;0;0;2;8;1;B01
201100043298;0;30;0;0;2;1;1;A01
201100043299;0;2;0;0;2;1;2;A01
201100043299;0;7;0;0;2;5;15;B01
201100043300;0;7;0;0;2;2;1;B01
201100043300;0;7;0;0;2;3;1;A01
201100043301;0;7;0;9;2;3;13;A01
201100043301;0;7;0;0;2;3;1;B01