num_acc;senc;catv;occutc;obs;obsm;choc;manv;num_veh
201100043302;0;7;0;0;2;0;0;A01
201100043302;0;33;0;0;2;0;0;B01
201100043303;0;30;0;14;0;1;6;A01
201100043304;0;13;0;0;1;4;1;A01
201100043305;0;7;0;0;0;0;23;B01
201100043305;0;30;0;0;9;1;1;A01
201100043306;0;31;0;0;2;2;1;A01
201100043306;0;10;0;0;0;3;15;B01
201100043307;0;7;0;0;2;1;2;B01
201100043307;0;7;0;0;2;1;13;A01
201100043308;0;7;0;0;1;1;15;A01
201100043309;0;99;0;0;1;1;15;A01
201100043310;0;7;0;0;2;0;1;B01
201100043310;0;7;0;0;2;2;1;A01
201100043311;0;7;0;0;2;1;13;A01
201100043311;0;1;0;0;2;1;1;B01
201100043312;1;7;0;0;2;0;15;Z01
201100043312;0;33;0;0;2;1;1;B01
201100043313;0;2;0;0;2;8;1;A01
201100043313;0;7;0;0;2;2;1;B01
201100043314;0;7;0;0;2;1;1;B01
201100043314;0;30;0;0;2;8;19;A01
201100043315;0;7;0;14;0;1;1;A01
201100043315;0;7;0;14;0;4;23;B01
201100043316;0;7;0;0;0;8;15;A01
201100043316;0;33;0;0;2;1;1;B01
201100043317;0;7;0;0;1;1;1;A01
201100043318;0;10;0;0;2;1;2;B01
201100043318;0;10;0;0;2;3;0;A01
201100043319;0;7;0;0;2;0;9;A01
201100043319;0;32;0;0;2;1;21;B01
201100043320;0;7;0;0;1;1;1;A01
201100043321;0;7;0;0;0;2;1;A01
201100043321;0;20;0;0;2;0;0;B01
201100043322;0;7;0;0;2;6;9;A01
201100043322;0;32;0;0;2;1;1;B01
201100043323;0;7;0;0;1;2;15;A01
201100043324;0;7;0;0;0;5;19;B01
201100043324;0;31;0;0;0;1;1;A01
201100043325;0;7;0;0;1;1;1;A01
201100043326;0;7;0;0;2;7;1;B01
201100043326;0;7;0;0;2;1;9;A01
201100043327;0;7;0;0;9;3;1;C01
201100043327;0;32;0;0;2;1;2;A01
201100043327;0;7;0;0;9;6;2;B01
201100043328;0;7;0;0;1;2;1;A01
201100043329;1;7;0;0;1;3;2;A01
201100043330;1;7;0;0;2;3;15;A01
201100043330;0;32;0;0;0;5;1;B01
201100043331;0;99;0;0;1;0;1;A01
201100043332;0;7;0;0;2;1;11;A01
201100043332;0;33;0;0;2;1;1;B01
201100043333;0;17;0;0;2;2;1;B01
201100043333;0;7;0;0;2;3;9;A01
201100043334;0;7;0;0;1;2;1;A01
201100043335;0;3;0;0;2;2;1;A01
201100043335;0;30;0;0;2;1;1;B01
201100043336;0;33;0;0;2;7;1;B01
201100043336;0;7;0;0;2;3;11;A01
201100043337;0;1;0;0;0;0;0;B01
201100043337;0;7;0;0;9;7;0;A01
201100043338;0;7;0;0;1;3;1;A01
201100043339;0;7;0;0;1;3;1;A01
201100043340;0;7;0;0;2;1;0;A01
201100043340;0;2;0;0;2;1;0;B01
201100043341;0;7;0;0;2;1;2;A01
201100043341;0;33;0;0;0;4;23;B01
201100043342;0;33;0;0;2;1;1;B01
201100043342;0;7;0;0;2;2;15;A01
201100043343;0;1;0;0;2;1;13;A01
201100043343;0;7;0;0;9;3;1;B01
201100043344;0;7;0;0;1;0;0;A01
201100043345;0;7;0;0;9;3;24;A01
201100043345;0;1;0;1;0;1;2;B01
201100043346;0;32;0;0;0;1;1;B01
201100043346;0;7;0;0;0;1;15;A01
201100043347;0;33;0;0;2;1;1;B01
201100043347;0;7;0;0;2;2;0;A01
201100043348;0;7;0;0;0;4;2;B01
201100043348;0;30;0;0;2;4;2;A01
201100043349;0;7;0;0;1;1;17;A01
201100043350;0;7;0;0;2;2;0;A01
201100043350;0;13;0;0;0;6;1;B01
201100043351;0;7;0;0;1;1;1;A01
201100043352;1;7;0;0;0;0;0;Z01
201100043353;0;7;0;0;2;1;15;A01
201100043353;0;33;0;0;2;2;17;B01
201100043354;0;7;0;1;0;4;2;A01
201100043355;0;7;0;0;1;1;15;A01
201100043356;0;7;0;0;2;3;9;A01
201100043356;0;34;0;0;2;7;1;B01
201100043357;0;1;0;0;0;1;0;A01
201100043357;0;7;0;0;0;3;23;B01
201100043358;0;7;0;0;1;2;1;A01
201100043359;0;30;0;0;2;1;13;A01
201100043359;0;32;0;0;2;3;1;B01
201100043360;0;7;0;8;2;3;1;B01
201100043360;0;7;0;0;2;3;23;C01
201100043360;0;33;0;0;2;1;23;A01
201100043361;0;30;0;0;0;0;0;B01
201100043361;0;7;0;0;0;7;13;A01
201100043362;0;37;5;0;1;3;1;A01
201100043363;0;1;0;0;2;1;0;B01
201100043363;0;7;0;0;2;1;1;A01
201100043364;0;7;0;0;2;1;13;A01
201100043364;0;7;0;0;2;1;1;B01
201100043365;0;7;0;0;0;0;2;B01
201100043365;0;7;0;0;0;4;2;C01
201100043365;0;7;0;0;2;1;9;A01
201100043366;0;99;0;0;2;4;1;B01
201100043366;0;99;0;0;2;1;1;A01
201100043367;0;37;1;0;1;2;1;A01
201100043368;0;32;0;0;2;0;0;B01
201100043368;0;7;0;12;2;3;1;A01
201100043369;0;7;0;0;1;1;2;A01
201100043370;0;7;0;0;2;3;10;B01
201100043370;0;31;0;0;2;8;1;A01
201100043371;0;7;0;0;1;3;9;A01
201100043372;0;2;0;1;2;9;1;B01
201100043372;0;7;0;0;0;8;0;C01
201100043372;0;7;0;0;2;2;15;A01
201100043373;0;1;0;0;2;1;1;A01
201100043373;0;1;0;0;2;1;1;B01
201100043374;0;7;0;0;9;3;1;B01
201100043374;0;30;0;1;2;1;19;A01
201100043375;0;33;0;0;2;7;2;B01
201100043375;0;7;0;0;0;8;2;A01
201100043376;0;7;0;0;0;5;15;B01
201100043376;0;30;0;0;2;1;17;A01
201100043377;0;7;0;0;2;2;1;B01
201100043377;0;10;0;0;2;7;11;A01
201100043378;0;33;0;0;2;1;1;B01
201100043378;0;10;0;0;0;6;10;A01
201100043379;0;3;0;0;0;0;0;A01
201100043380;0;10;0;0;1;3;0;A01
201100043381;0;7;0;0;2;1;0;A01
201100043381;0;7;0;0;2;7;1;B01
201100043382;0;7;0;0;2;5;4;A01
201100043382;0;30;0;0;2;1;2;B01
201100043383;0;1;0;0;2;1;1;Y01
201100043383;0;7;0;0;9;1;19;A01
201100043384;0;32;0;0;1;8;17;A01
201100043385;0;7;0;0;1;0;0;A01
201100043386;0;32;0;0;2;2;17;A01
201100043386;0;7;0;0;2;3;15;B01
201100043387;0;2;0;0;2;1;13;A01
201100043387;0;7;0;0;2;3;16;B01
201100043388;0;7;0;0;2;1;9;B01
201100043388;0;32;0;0;2;8;1;A01
201100043389;0;7;0;0;2;4;1;B01
201100043389;0;7;0;0;2;1;2;A01
201100043390;0;7;0;0;0;0;16;A01
201100043390;0;37;0;0;2;0;7;B01
201100043391;0;7;0;0;0;3;2;A01
201100043391;0;33;0;0;0;4;1;B01
201100043392;1;7;0;14;0;1;2;A01
201100043392;0;30;0;0;0;4;1;B01
201100043393;0;7;0;0;0;2;0;A01
201100043394;0;34;0;0;1;7;1;A01
201100043395;0;7;0;0;1;3;1;A01
201100043396;0;7;0;0;2;6;2;A01
201100043396;0;33;0;0;0;8;2;B01
201100043397;0;34;0;0;2;1;17;B01
201100043397;0;7;0;0;2;1;15;A01
201100043398;0;7;0;0;2;2;1;B01
201100043398;0;30;0;0;2;8;9;A01
201100043399;0;7;0;0;2;3;0;B01
201100043399;0;7;0;0;2;3;0;A01
201100043399;0;7;0;0;2;6;24;C01
201100043400;0;7;0;0;0;4;1;B01
201100043400;0;7;0;0;2;1;1;A01
201100043401;0;7;0;0;0;4;15;B01
201100043401;0;7;0;0;2;1;2;A01
201100043402;0;7;0;0;2;3;15;A01
201100043402;0;30;0;0;2;1;0;B01
201100043403;0;2;0;0;2;2;2;B01
201100043403;0;7;0;0;2;8;15;A01
201100043404;0;7;0;0;2;4;2;A01
201100043404;0;7;0;0;0;4;2;B01
201100043405;0;7;0;0;2;1;1;C01
201100043405;0;7;0;1;0;4;24;E01
201100043405;0;7;0;1;2;9;0;A01
201100043405;0;7;0;1;0;3;24;B01
201100043405;0;7;0;1;0;6;24;D01
201100043406;0;2;0;0;2;1;13;A01
201100043406;0;7;0;0;2;3;1;B01
201100043407;0;7;0;0;9;2;1;B01
201100043407;0;1;0;0;2;8;18;A01
201100043408;0;7;0;0;1;2;1;A01
201100043409;0;7;0;0;0;6;2;B01
201100043409;0;33;0;0;2;1;2;A01
201100043410;0;7;0;0;2;2;9;A01
201100043410;0;2;0;0;2;1;0;B01
201100043411;0;31;0;0;2;1;1;B01
201100043411;0;7;0;0;2;2;15;A01
201100043412;0;33;0;0;2;1;19;B01
201100043412;0;7;0;0;2;3;15;A01
201100043413;0;7;0;8;0;2;1;A01
201100043414;0;1;0;0;2;1;21;C01
201100043414;0;1;0;0;2;1;21;B01
201100043414;0;7;0;0;2;5;15;A01
201100043415;0;14;0;0;2;2;2;A01
201100043415;0;7;0;0;0;6;2;B01
201100043416;0;7;0;0;2;3;1;A01
201100043416;0;7;0;0;2;8;15;B01
201100043417;0;7;0;0;2;0;0;B01
201100043417;0;30;0;0;0;3;3;A01
201100043417;0;7;0;0;2;3;15;C01
201100043418;0;99;0;0;9;1;0;A01
201100043418;0;32;0;0;2;3;16;B01
201100043419;0;99;0;0;2;4;2;B01
201100043419;0;99;0;0;2;4;1;A01
201100043420;0;38;1;0;2;8;15;B01
201100043420;0;2;0;0;2;1;1;A01
201100043421;0;7;0;0;2;1;15;A01
201100043421;0;34;0;0;2;8;1;B01
201100043422;0;10;0;0;2;1;1;B01
201100043422;0;1;0;0;0;0;0;A01
201100043423;0;30;0;0;1;7;21;A01
201100043424;0;7;0;0;1;4;4;A01
201100043425;0;33;0;0;2;8;1;A01
201100043425;0;15;0;0;2;5;15;B01
201100043426;0;32;0;11;0;0;0;A01
201100043426;0;7;0;0;0;0;2;B01
201100043427;0;30;0;14;0;0;2;A01
201100043428;1;7;0;0;1;0;0;Z01
201100043429;0;7;0;0;0;5;15;A01
201100043429;0;32;0;0;2;1;1;B01
201100043430;0;7;0;0;1;2;1;A01
201100043431;0;7;0;0;2;3;9;A01
201100043431;0;33;0;0;2;7;0;B01
201100043432;0;7;0;0;2;3;17;A01
201100043432;0;7;0;0;2;3;1;B01
201100043433;0;2;0;0;2;1;5;A01
201100043433;0;35;0;0;2;1;0;B01
201100043434;0;30;0;12;0;1;14;A01
201100043435;0;34;0;0;0;3;15;A01
201100043436;0;7;0;0;2;3;0;B01
201100043436;0;7;0;0;2;2;1;A01
201100043437;0;7;0;0;1;7;1;A01
201100043438;0;30;0;0;2;8;1;A01
201100043438;1;7;0;0;2;1;15;Z01
201100043439;0;10;0;0;1;6;4;A01
201100043440;0;33;0;1;0;9;1;A01
201100043440;0;7;0;0;0;0;10;C01
201100043441;0;32;0;0;1;1;2;A01
201100043442;0;2;0;0;0;1;1;A01
201100043442;0;7;0;0;0;4;23;B01
201100043443;0;7;0;0;2;8;9;A01
201100043443;0;30;0;0;2;1;1;B01
201100043444;0;7;0;0;2;7;12;A01
201100043444;0;34;0;0;2;8;1;B01
201100043445;0;30;0;0;2;1;1;B01
201100043445;0;7;0;0;2;2;1;A01
201100043446;0;10;0;0;2;1;15;B01
201100043446;0;2;0;0;2;1;1;A01
201100043447;0;32;0;0;2;1;17;A01
201100043447;0;7;0;0;0;6;15;B01
201100043448;0;33;0;0;2;2;17;B01
201100043448;0;7;0;0;2;1;15;A01
201100043449;0;7;0;0;0;7;15;A01
201100043450;0;7;0;0;0;0;0;A01
201100043451;1;2;0;0;1;0;0;Z01
201100043452;0;2;0;1;0;1;19;A01
201100043453;0;7;0;0;0;4;23;A01
201100043453;0;1;0;1;0;1;2;B01
201100043454;0;33;0;0;0;0;0;C01
201100043454;0;7;0;0;0;5;1;A01
201100043454;0;34;0;0;0;0;0;B01
201100043455;0;2;0;0;1;1;1;A01
201100043456;0;7;0;0;1;1;0;A01
201100043457;0;10;0;0;2;6;9;A01
201100043457;0;33;0;0;2;1;17;B01
201100043458;0;30;0;0;2;0;19;A01
201100043458;0;7;0;0;2;3;1;B01
201100043459;0;7;0;0;2;1;2;A01
201100043459;0;7;0;0;2;4;15;B01
201100043460;0;7;0;0;1;0;0;A01
201100043461;0;7;0;0;0;4;15;C01
201100043461;0;7;0;14;0;1;1;A01
201100043461;0;7;0;14;0;0;1;B01
201100043462;0;32;0;0;2;8;7;A01
201100043462;0;34;0;0;2;7;2;B01
201100043463;0;7;0;0;2;7;15;A01
201100043463;0;34;0;0;2;1;0;B01
201100043464;0;7;0;0;2;1;2;C01
201100043464;0;10;0;0;0;2;2;B01
201100043464;0;10;0;0;2;7;15;A01
201100043465;0;34;0;0;2;1;5;A01
201100043465;0;7;0;0;2;8;15;B01
201100043466;1;7;0;0;0;0;0;A01
201100043467;0;7;0;0;2;3;1;B01
201100043467;0;7;0;0;2;7;1;D01
201100043467;0;7;0;0;2;2;12;A01
201100043467;0;14;0;0;2;1;1;C01
201100043468;0;7;0;0;0;0;0;C01
201100043468;0;7;0;0;2;2;2;A01
201100043468;0;7;0;0;2;1;2;B01
201100043469;0;37;0;0;1;7;7;A01
201100043470;0;7;0;0;2;3;9;A01
201100043470;0;7;0;0;2;1;1;B01
201100043471;0;7;0;0;1;7;16;A01
201100043472;0;33;0;2;0;9;1;A01
201100043473;0;33;0;0;1;1;1;A01
201100043474;0;7;0;0;1;2;1;A01
201100043475;0;14;0;0;2;7;14;A01
201100043475;0;34;0;0;2;8;1;B01
201100043476;0;33;0;0;1;1;1;A01
201100043477;0;7;0;0;9;2;2;A01
201100043477;0;1;0;0;2;2;2;B01
201100043478;0;7;0;0;0;2;1;A01
201100043478;0;7;0;1;0;0;24;B01
201100043479;0;34;0;0;2;1;1;A01
201100043479;0;7;0;0;2;4;1;B01
201100043480;0;7;0;0;2;5;2;B01
201100043480;0;7;0;1;0;1;2;A01
201100043481;0;10;0;0;2;1;2;A01
201100043481;0;7;0;0;2;4;2;B01
201100043482;0;33;0;0;0;4;23;B01
201100043482;0;7;0;0;2;1;1;A01
201100043483;0;30;0;0;2;1;0;A01
201100043483;0;7;0;0;0;5;16;B01
201100043484;0;33;0;0;2;1;0;A01
201100043484;0;7;0;0;0;6;23;B01
201100043485;0;32;0;0;2;1;1;A01
201100043485;0;37;1;0;2;7;1;B01
201100043486;0;33;0;0;2;6;21;A01
201100043486;0;7;0;0;2;3;1;B01
201100043487;0;7;0;0;1;1;1;A01
201100043488;0;7;0;0;1;2;1;A01
201100043489;0;2;0;0;2;1;15;A01
201100043489;0;7;0;0;2;2;1;B01
201100043490;0;7;0;0;2;3;1;A01
201100043490;0;2;0;0;2;2;17;B01
201100043491;0;33;0;4;0;8;13;A01
201100043492;0;7;0;1;0;9;14;A01
201100043493;0;30;0;0;2;7;17;B01
201100043493;0;99;0;0;9;3;1;A01
201100043494;0;7;0;0;2;1;0;C01
201100043494;0;34;0;0;2;1;0;B01
201100043494;0;7;0;0;2;8;11;A01
201100043495;0;7;0;0;2;5;15;A01
201100043495;0;30;0;0;2;1;1;B01
201100043496;0;37;46;5;9;5;5;B01
201100043496;0;1;0;0;0;2;5;A01
201100043497;0;7;0;0;2;3;15;B01
201100043497;0;2;0;0;2;2;17;A01
201100043498;0;99;0;0;1;1;1;A01
201100043499;0;7;0;0;2;1;1;A01
201100043499;0;33;0;0;2;4;1;B01
201100043500;0;7;0;0;2;3;15;A01
201100043500;0;2;0;0;2;1;17;B01
201100043501;1;7;0;2;0;1;9;A01
201100043501;0;7;0;0;2;1;21;B01
201100043502;0;2;0;11;0;7;11;A01
201100043503;0;7;0;0;2;1;2;B01
201100043503;0;7;0;0;2;4;2;A01
201100043504;0;33;0;0;2;2;1;A01
201100043504;0;30;0;0;2;3;2;B01
201100043505;0;7;0;0;2;6;19;B01
201100043505;0;7;0;0;2;3;19;A01
201100043506;0;31;0;0;2;2;1;B01
201100043506;0;7;0;0;2;3;15;A01
201100043507;0;7;0;0;2;7;1;A01
201100043507;0;7;0;0;2;1;1;B01
201100043508;0;7;0;0;2;5;2;B01
201100043508;0;7;0;0;2;1;2;A01
201100043509;0;7;0;0;1;0;1;A01
201100043510;0;7;0;0;0;4;1;B01
201100043510;0;7;0;6;2;1;17;A01
201100043511;0;7;0;0;1;5;4;A01
201100043512;0;7;0;0;2;2;9;B01
201100043512;0;32;0;0;2;7;17;A01
201100043513;0;7;0;0;2;1;19;A01
201100043513;0;7;0;0;2;1;1;B01
201100043514;0;7;0;0;0;2;0;A01
201100043515;0;7;0;0;2;3;15;B01
201100043515;0;30;0;0;2;1;17;A01
201100043516;1;7;0;0;1;1;0;Z01
201100043517;0;7;0;0;9;3;1;A01
201100043517;0;31;0;0;2;7;1;B01
201100043518;0;7;0;0;2;3;0;B01
201100043518;0;7;0;0;2;3;1;A01
201100043519;0;7;0;0;2;2;19;A01
201100043519;0;7;0;0;2;1;1;B01
201100043520;0;7;0;0;2;4;23;B01
201100043520;0;7;0;1;2;4;21;A01
201100043520;0;7;0;0;0;3;24;D01
201100043520;0;10;0;0;0;4;23;C01
201100043521;1;2;0;0;1;2;5;Z01
201100043522;0;1;0;0;2;1;1;B01
201100043522;0;7;0;0;2;6;16;A01
201100043523;0;7;0;0;1;2;1;A01
201100043524;0;10;0;0;2;3;1;A01
201100043524;0;7;0;12;0;6;9;B01
201100043525;0;1;0;0;1;1;1;A01
201100043526;0;7;0;0;2;2;1;A01
201100043526;0;2;0;0;2;1;1;B01
201100043527;0;7;0;0;1;1;0;A01
201100043528;0;2;0;0;2;2;2;B01
201100043528;0;14;0;0;2;6;15;A01
201100043529;0;2;0;0;2;1;1;A01
201100043529;0;7;0;0;2;2;15;B01
201100043530;0;7;0;0;2;7;2;A01
201100043530;0;7;0;0;2;1;2;B01
201100043531;0;33;0;6;0;1;1;A01
201100043532;0;33;0;0;2;1;2;A01
201100043532;0;7;0;0;0;6;2;B01
201100043533;0;10;0;0;1;4;4;A01
201100043534;0;32;0;0;2;1;1;B01
201100043534;0;7;0;0;2;7;15;A01
201100043535;0;33;0;0;2;7;1;B01
201100043535;0;7;0;0;2;1;9;A01
201100043536;0;10;0;0;0;3;15;A01
201100043536;0;30;0;0;2;2;1;B01
201100043537;0;7;0;0;2;3;15;B01
201100043537;0;30;0;0;2;1;1;A01
201100043538;0;33;0;0;2;1;1;A01
201100043538;0;7;0;0;0;3;15;B01
201100043539;0;7;0;0;1;1;15;A01
201100043540;0;31;0;0;2;1;1;B01
201100043540;0;7;0;0;0;8;9;A01
201100043541;0;7;0;15;0;1;0;A01
201100043542;0;7;0;0;1;1;1;A01
201100043543;0;7;0;0;2;8;9;A01
201100043543;0;7;0;0;2;1;1;B01
201100043544;1;30;0;0;1;7;0;A01
201100043545;0;7;0;0;2;3;15;A01
201100043545;0;30;0;0;2;1;1;B01
201100043546;0;7;0;0;1;7;1;A01
201100043547;0;7;0;6;0;1;13;A01
201100043548;0;33;0;0;2;1;1;B01
201100043548;0;7;0;0;2;1;15;A01
201100043549;0;7;0;0;9;6;2;B01
201100043549;0;1;0;0;2;5;2;C01
201100043549;1;7;0;0;2;1;2;Z01
201100043550;0;7;0;0;1;3;15;A01
201100043551;0;7;0;0;1;1;14;A01
201100043552;0;2;0;0;2;3;1;B01
201100043552;1;7;0;0;2;8;13;A01
201100043553;0;33;0;0;2;1;1;A01
201100043553;0;7;0;0;2;3;15;B01
201100043554;0;33;0;0;1;1;1;A01
201100043555;0;33;0;0;2;7;1;B01
201100043555;0;7;0;0;2;2;15;A01
201100043556;0;7;0;0;2;2;15;B01
201100043556;0;33;0;0;2;1;18;A01
201100043557;0;7;0;0;2;0;10;A01
201100043557;0;2;0;0;2;1;1;B01
201100043558;0;7;0;0;1;2;1;A01
201100043559;0;3;0;0;2;7;1;B01
201100043559;0;7;0;0;2;1;0;A01
201100043560;0;7;0;0;1;2;1;A01
201100043561;0;7;0;0;0;4;1;B01
201100043561;0;33;0;0;2;6;1;A01
201100043562;0;32;0;0;2;1;1;B01
201100043562;0;7;0;0;2;6;10;A01
201100043563;0;7;0;0;0;0;15;B01
201100043563;0;2;0;0;0;0;1;A01
201100043564;0;2;0;0;2;1;1;B01
201100043564;0;7;0;0;2;2;0;A01
201100043565;0;7;0;0;2;1;16;A01
201100043565;0;32;0;0;2;1;1;B01
201100043566;0;7;0;0;1;3;15;A01
201100043567;0;7;0;0;1;3;1;A01
201100043568;1;7;0;0;1;1;0;Z01
201100043569;0;7;0;3;0;3;17;A01
201100043569;0;7;0;0;9;1;2;B01
201100043570;0;7;0;0;1;1;0;A01
201100043571;0;7;0;0;2;7;14;B01
201100043571;0;7;0;0;2;8;13;A01
201100043572;0;7;0;0;1;2;1;A01
201100043573;0;7;0;0;2;1;1;B01
201100043573;0;10;0;0;2;2;1;C01
201100043573;0;7;0;0;2;1;5;A01
201100043574;0;33;0;0;2;1;1;B01
201100043574;0;7;0;0;2;2;15;A01
201100043575;0;7;0;0;2;2;15;A01
201100043575;0;31;0;0;2;1;1;B01
201100043576;0;33;0;0;2;3;21;A01
201100043576;0;7;0;0;2;1;15;B01
201100043577;0;7;0;0;1;0;0;A01
201100043578;0;34;0;0;2;1;1;C01
201100043578;0;34;0;0;2;1;18;A01
201100043578;0;7;0;0;2;4;1;B01
201100043579;0;7;0;0;1;1;15;A01
201100043580;0;1;0;0;0;4;13;A01
201100043580;0;7;0;0;2;2;2;B01
201100043581;0;7;0;0;2;2;1;A01
201100043581;0;32;0;0;2;1;1;B01
201100043582;0;33;0;0;2;1;17;B01
201100043582;0;10;0;0;2;3;1;A01
201100043583;0;33;0;0;2;1;1;A01
201100043583;0;7;0;0;0;2;15;B01
201100043584;0;7;0;0;2;3;13;A01
201100043584;0;7;0;0;0;3;17;B01
201100043585;0;1;0;0;0;8;13;A01
201100043585;0;33;0;0;2;1;13;B01
201100043586;0;7;0;3;0;2;14;A01
201100043587;0;7;0;0;0;3;19;A01
201100043587;0;33;0;0;2;1;21;B01
201100043588;2;7;0;0;0;1;0;A01
201100043588;0;7;0;0;0;3;0;B01
201100043589;0;7;0;0;2;1;5;A01
201100043589;0;7;0;0;2;1;2;B01
201100043590;1;7;0;0;2;1;2;Z01
201100043590;0;7;0;0;0;4;2;B01
201100043591;0;7;0;0;2;4;2;C01
201100043591;0;7;0;0;2;4;2;B01
201100043591;0;7;0;0;2;1;2;A01
201100043592;0;7;0;0;1;1;1;A01
201100043593;0;7;0;0;2;3;1;A01
201100043593;0;1;0;0;0;4;1;B01
201100043594;0;33;0;0;0;0;21;A01
201100043595;0;33;0;0;2;8;0;A01
201100043595;0;7;0;0;2;5;0;B01
201100043596;0;2;0;0;2;7;17;A01
201100043596;0;7;0;0;2;3;15;B01
201100043597;0;7;0;13;0;1;0;A01
201100043598;0;32;0;0;2;1;17;B01
201100043598;0;7;0;0;0;3;19;A01
201100043599;0;10;0;0;0;5;23;A01
201100043599;0;33;0;0;2;1;1;B01
201100043600;0;7;0;0;2;8;1;B01
201100043600;0;7;0;0;2;2;15;A01
201100043601;0;2;0;14;0;1;1;A01
201100043602;0;30;0;0;2;1;2;A01
201100043602;0;15;0;0;2;4;2;B01
201100043603;0;7;0;0;2;1;2;A01
201100043603;0;7;0;0;0;4;2;B01
201100043604;0;7;0;0;0;6;15;B01
201100043604;0;33;0;0;2;1;17;A01
201100043605;0;7;0;0;1;1;1;A01
201100043606;0;2;0;0;2;4;1;B01
201100043606;1;7;0;0;2;1;20;A01
201100043607;0;7;0;0;0;3;15;A01
201100043607;0;2;0;0;2;1;15;B01
201100043608;0;7;0;0;1;7;1;A01
201100043609;0;7;0;0;2;1;1;B01
201100043609;0;7;0;0;2;1;1;A01
201100043610;1;7;0;0;0;0;15;B01
201100043610;0;33;0;0;2;1;1;A01
201100043611;0;7;0;0;0;2;15;A01
201100043611;0;2;0;0;2;1;1;B01
201100043612;0;7;0;0;2;1;13;A01
201100043612;0;7;0;0;2;1;1;B01
201100043613;0;7;0;0;2;1;13;A01
201100043613;0;7;0;0;2;1;1;B01
201100043614;0;3;0;0;0;4;1;A01
201100043614;1;7;0;0;2;1;1;B01
201100043615;0;7;0;0;0;4;23;A01
201100043615;0;7;0;0;2;1;1;B01
201100043616;0;7;0;0;2;8;0;A01
201100043616;0;33;0;0;2;7;2;B01
201100043617;0;7;0;0;0;4;2;B01
201100043617;0;7;0;0;2;1;2;D01
201100043617;0;7;0;0;2;4;2;A01
201100043617;0;7;0;0;2;4;2;C01
201100043618;0;7;0;0;1;1;1;A01
201100043619;0;1;0;0;2;3;1;B01
201100043619;0;7;0;0;2;2;16;A01
201100043620;0;7;0;0;1;3;1;B01
201100043620;0;7;0;0;0;0;0;A01
201100043621;0;7;0;0;2;1;1;B01
201100043621;0;7;0;12;2;8;19;A01
201100043622;0;2;0;0;2;1;1;B01
201100043622;0;7;0;0;2;3;1;A01
201100043623;0;7;0;0;2;2;15;A01
201100043623;0;2;0;0;2;1;1;B01
201100043624;0;33;0;0;2;1;1;B01
201100043624;0;7;0;0;2;3;9;A01
201100043625;0;36;0;16;0;9;1;A01
201100043626;0;2;0;0;2;1;14;A01
201100043626;0;7;0;0;0;3;1;B01
201100043627;0;33;0;0;2;1;1;B01
201100043627;0;7;0;0;2;5;6;A01
201100043628;0;7;0;6;0;1;0;A01
201100043629;0;7;0;0;2;3;1;B01
201100043629;0;7;0;0;0;3;13;A01
201100043630;0;7;0;6;0;1;14;A01
201100043631;0;7;0;0;2;3;1;B01
201100043631;0;7;0;0;2;3;13;A01
201100043632;0;7;0;0;2;1;1;B01
201100043632;2;7;0;0;2;6;0;A01
201100043633;0;1;0;0;2;1;13;A01
201100043633;0;1;0;0;0;0;1;B01
201100043633;0;7;0;0;2;3;1;C01
201100043634;0;37;1;0;1;2;15;A01
201100043635;0;38;1;0;0;3;1;B01
201100043635;0;7;0;0;2;3;13;A01
201100043636;0;7;0;2;0;7;19;A01
201100043637;0;7;0;0;2;1;15;A01
201100043637;0;7;0;0;2;1;1;B01
201100043638;0;2;0;0;2;1;9;A01
201100043638;0;10;0;0;0;8;1;B01
201100043639;0;7;0;0;1;1;1;A01
201100043640;0;10;0;0;1;2;15;A01
201100043641;0;7;0;0;1;1;1;A01
201100043642;0;2;0;0;2;1;0;B01
201100043642;0;7;0;0;2;8;0;A01
201100043643;0;10;0;0;1;1;1;A01
201100043644;0;7;0;0;1;1;0;A01
201100043645;0;33;0;0;2;1;1;A01
201100043645;0;7;0;0;2;3;1;B01
201100043646;0;10;0;0;1;1;1;A01
201100043647;0;10;0;0;1;1;1;A01
201100043648;0;10;0;0;0;0;9;A01
201100043648;0;30;0;0;0;3;1;B01
201100043649;0;7;0;0;2;3;9;A01
201100043649;0;30;0;0;2;1;9;B01
201100043650;0;16;0;0;2;1;12;A01
201100043650;0;7;0;0;2;6;1;B01
201100043651;0;33;0;0;2;1;1;B01
201100043651;0;7;0;0;2;8;0;A01
201100043652;0;31;0;0;2;1;0;B01
201100043652;0;10;0;0;2;7;0;A01
201100043653;0;7;0;0;0;5;9;A01
201100043653;0;33;0;0;0;7;0;B01
201100043654;0;7;0;0;1;6;4;A01
201100043655;0;7;0;0;1;4;4;A01
201100043656;0;7;0;0;0;5;15;A01
201100043656;0;2;0;0;2;1;1;B01
201100043657;0;2;0;0;2;4;2;B01
201100043657;0;2;0;0;2;1;2;A01
201100043658;0;7;0;0;1;3;1;A01
201100043659;0;10;0;0;1;1;1;A01
201100043660;0;7;0;0;2;1;15;B01
201100043660;0;33;0;0;0;8;18;A01
201100043661;0;7;0;0;2;3;1;A01
201100043661;0;1;0;0;2;9;1;B01
201100043662;0;7;0;6;0;6;13;A01
201100043663;0;7;0;0;1;2;15;A01