num_acc;senc;catv;occutc;obs;obsm;choc;manv;num_veh
201100043664;0;7;0;0;1;3;19;A01
201100043665;0;7;0;0;1;2;1;A01
201100043666;0;7;0;0;2;3;11;A01
201100043666;0;33;0;12;0;5;1;B01
201100043667;0;7;0;0;9;3;9;B01
201100043667;0;2;0;0;2;1;0;A01
201100043668;0;2;0;0;2;8;13;A01
201100043668;0;7;0;0;2;8;1;B01
201100043669;0;7;0;0;9;1;5;A01
201100043669;0;1;0;0;2;8;1;B01
201100043670;0;10;0;0;0;3;1;B01
201100043670;0;2;0;0;2;1;9;A01
201100043671;0;10;0;0;1;1;1;A01
201100043672;0;7;0;0;2;8;0;A01
201100043672;0;7;0;0;2;8;0;B01
201100043673;0;2;0;0;1;1;1;A01
201100043674;0;7;0;0;1;1;1;A01
201100043675;0;2;0;0;2;1;0;B01
201100043675;0;7;0;0;2;3;15;A01
201100043676;0;7;0;0;2;2;9;A01
201100043676;0;1;0;0;2;1;1;B01
201100043677;0;7;0;0;2;4;11;A01
201100043677;0;7;0;0;2;1;1;B01
201100043678;0;33;0;6;0;1;6;A01
201100043679;0;2;0;0;2;1;1;B01
201100043679;1;7;0;0;2;6;12;A01
201100043680;0;7;0;6;0;8;1;A01
201100043681;0;7;0;0;2;1;1;B01
201100043681;0;7;0;0;2;1;1;A01
201100043682;0;7;0;0;1;5;4;A01
201100043683;0;7;0;0;2;1;1;B01
201100043683;0;31;0;0;2;2;19;A01
201100043684;0;1;0;0;2;1;3;B01
201100043684;1;7;0;0;9;5;3;Z01
201100043685;0;7;0;0;2;1;9;A01
201100043685;0;30;0;0;2;1;1;B01
201100043686;0;30;0;0;2;1;1;B01
201100043686;1;7;0;0;2;4;1;Z01
201100043687;0;7;0;0;2;1;1;B01
201100043687;0;7;0;0;2;1;11;A01
201100043688;0;7;0;0;1;6;20;A01
201100043689;0;2;0;0;0;8;1;A01
201100043690;0;33;0;6;2;1;1;B01
201100043690;1;7;0;0;2;0;15;Z01
201100043691;0;1;0;0;1;0;1;A01
201100043692;0;7;0;0;2;2;16;A01
201100043692;0;2;0;0;2;1;1;B01
201100043693;0;7;0;0;1;3;1;A01
201100043694;0;31;0;9;2;1;1;B01
201100043694;0;7;0;0;2;2;15;A01
201100043695;0;7;0;0;6;8;1;A01
201100043696;0;7;0;13;0;8;1;A01
201100043697;0;30;0;0;1;1;1;A01
201100043698;2;7;0;1;1;2;1;A01
201100043699;0;1;0;0;1;2;1;B01
201100043700;0;7;0;0;1;4;4;A01
201100043701;0;1;0;0;2;3;1;B01
201100043701;0;7;0;0;2;2;3;A01
201100043702;0;7;0;0;1;2;1;A01
201100043703;0;1;0;0;2;8;1;B01
201100043703;0;7;0;0;2;5;16;A01
201100043704;0;30;0;0;1;1;1;A01
201100043705;0;7;0;0;2;1;19;A01
201100043705;0;7;0;9;2;9;1;B01
201100043706;0;7;0;0;2;1;1;A01
201100043706;0;7;0;0;2;1;1;B01
201100043707;0;7;0;0;2;5;15;A01
201100043707;0;33;0;0;2;7;1;B01
201100043708;0;7;0;0;2;3;1;A01
201100043708;0;1;0;0;2;0;12;B01
201100043709;1;1;0;0;1;0;0;Z01
201100043710;0;7;0;16;0;4;13;A01
201100043711;0;7;0;6;0;1;1;A01
201100043712;0;7;0;0;2;8;22;A01
201100043712;0;1;0;1;0;3;1;B01
201100043713;0;1;0;0;2;8;1;B01
201100043713;0;7;0;0;2;2;16;A01
201100043714;0;7;0;0;1;4;20;A01
201100043715;0;15;0;0;2;5;4;A01
201100043715;0;1;0;0;2;1;1;B01
201100043716;0;30;0;0;2;1;5;A01
201100043716;0;7;0;0;2;3;1;B01
201100043717;0;30;0;1;0;1;1;A01
201100043717;0;7;0;;;;;B01
201100043718;0;30;0;0;2;1;9;B01
201100043718;0;7;0;0;2;3;17;A01
201100043719;0;7;0;0;2;5;9;A01
201100043719;0;30;0;0;2;5;1;B01
201100043720;0;7;0;0;2;2;1;A01
201100043720;0;2;0;0;2;4;1;B01
201100043721;0;7;0;0;2;1;1;B01
201100043721;0;7;0;0;2;2;15;A01
201100043722;0;2;0;0;2;2;1;B01
201100043722;0;7;0;0;2;3;9;A01
201100043723;0;7;0;0;1;2;1;A01
201100043724;0;32;0;0;2;1;1;B01
201100043724;0;7;0;0;2;6;9;A01
201100043725;0;7;0;6;0;1;6;A01
201100043726;0;7;0;0;2;8;19;B01
201100043726;0;30;0;0;2;1;1;A01
201100043727;0;7;0;0;1;1;1;A01
201100043728;0;7;0;0;1;3;16;A01
201100043729;0;7;0;0;2;1;1;A01
201100043729;0;7;0;0;2;1;1;B01
201100043730;0;7;0;0;2;2;0;A01
201100043730;0;7;0;0;2;1;1;B01
201100043731;0;7;0;0;2;2;2;A01
201100043731;0;7;0;0;0;6;1;B01
201100043732;0;3;0;1;0;1;1;A01
201100043733;0;32;0;0;2;1;0;A01
201100043733;0;7;0;0;2;2;1;B01
201100043734;0;33;0;0;2;1;1;B01
201100043734;0;10;0;0;2;3;15;A01
201100043735;0;7;0;0;2;6;23;B01
201100043735;0;7;0;0;2;2;0;A01
201100043736;0;7;0;0;2;1;1;B01
201100043736;0;7;0;0;2;3;13;A01
201100043737;0;7;0;15;2;3;19;A01
201100043737;0;7;0;15;2;1;2;B01
201100043738;0;7;0;0;2;3;11;A01
201100043738;0;33;0;0;2;1;5;B01
201100043739;0;7;0;0;2;6;4;A01
201100043739;0;1;0;0;2;1;1;B01
201100043740;0;7;0;1;2;0;1;B01
201100043740;0;7;0;0;2;8;1;A01
201100043741;2;7;0;6;0;1;0;A01
201100043742;0;7;0;0;1;2;1;A01
201100043743;0;7;0;0;2;2;0;A01
201100043743;0;7;0;0;2;2;1;B01
201100043744;0;7;0;0;1;3;1;A01
201100043745;0;7;0;0;1;7;1;A01
201100043746;0;7;0;0;0;0;1;A01
201100043747;0;7;0;0;2;7;16;A01
201100043747;0;2;0;0;2;1;1;B01
201100043748;0;7;0;0;2;7;19;A01
201100043748;0;7;0;0;2;1;1;B01
201100043749;0;7;0;0;1;2;1;A01
201100043750;0;7;0;0;2;7;14;A01
201100043750;0;7;0;13;2;8;1;B01
201100043750;0;7;0;0;0;0;9;C01
201100043751;0;10;0;0;2;1;1;B01
201100043751;0;7;0;0;2;3;1;A01
201100043752;0;7;0;8;0;1;13;A01
201100043753;0;7;0;0;2;3;1;A01
201100043753;0;7;0;0;2;2;1;B01
201100043754;0;7;0;0;2;1;1;A01
201100043754;0;34;0;0;2;4;23;B01
201100043755;0;7;0;0;2;1;3;A01
201100043755;0;7;0;0;2;4;2;B01
201100043756;2;7;0;9;0;2;1;A01
201100043757;0;10;0;6;0;1;1;A01
201100043758;0;33;0;0;2;1;1;B01
201100043758;0;7;0;0;2;8;9;A01
201100043759;0;7;0;0;2;1;1;B01
201100043759;0;7;0;0;2;2;15;A01
201100043760;0;33;0;16;0;1;1;A01
201100043761;0;7;0;0;1;2;1;A01
201100043762;0;7;0;0;2;3;15;B01
201100043762;0;7;0;0;2;1;1;A01
201100043763;0;7;0;0;1;1;1;A01
201100043764;0;7;0;0;2;4;23;E01
201100043764;0;17;0;3;0;1;1;A01
201100043764;0;17;0;0;4;1;2;C01
201100043764;0;7;0;3;0;1;2;B01
201100043764;0;10;0;0;2;4;23;F02
201100043764;0;17;0;1;2;1;2;D01
201100043765;0;10;0;0;1;2;1;A01
201100043766;0;7;0;0;2;8;15;A01
201100043766;0;1;0;0;2;1;1;B01
201100043767;0;2;0;0;2;1;1;B01
201100043767;0;7;0;0;2;1;15;A01
201100043768;0;7;0;0;2;4;1;B01
201100043768;0;7;0;0;2;3;2;A01
201100043768;0;7;0;0;2;4;1;C01
201100043769;0;10;0;0;0;2;1;A01
201100043770;0;7;0;0;1;6;4;A01
201100043771;0;7;0;0;2;1;1;A01
201100043771;0;7;0;0;2;4;2;B01
201100043772;0;2;0;0;2;1;1;B01
201100043772;0;7;0;0;2;3;15;A01
201100043773;0;7;0;16;0;7;1;A01
201100043774;0;10;0;0;2;1;15;A01
201100043774;0;10;0;7;2;3;1;B01
201100043775;0;7;0;7;0;2;16;A01
201100043776;0;7;0;0;2;1;2;A01
201100043776;0;7;0;0;2;4;2;B01
201100043777;1;10;0;16;1;3;1;A01
201100043778;0;7;0;0;2;7;15;A01
201100043778;0;33;0;0;2;1;1;B01
201100043779;0;7;0;0;2;1;15;B01
201100043779;0;7;0;0;2;2;1;A01
201100043780;0;7;0;0;2;1;1;A01
201100043780;0;7;0;0;2;4;2;B01
201100043781;0;7;0;0;2;4;2;B01
201100043781;0;7;0;0;2;1;2;A01
201100043782;0;7;0;0;2;5;2;B01
201100043782;0;30;0;0;2;1;1;A01
201100043783;0;7;0;0;2;1;1;A01
201100043783;0;7;0;0;2;2;15;B01
201100043784;0;33;0;0;2;1;1;A01
201100043784;0;10;0;0;2;8;9;B01
201100043785;0;7;0;3;2;7;13;A01
201100043785;0;7;0;0;2;1;1;B01
201100043786;0;7;0;13;2;9;17;A01
201100043786;0;7;0;0;2;2;17;B01
201100043787;0;7;0;0;2;1;1;B01
201100043787;0;7;0;0;2;1;15;A01
201100043788;0;7;0;0;2;1;1;B01
201100043788;0;7;0;0;2;1;1;A01
201100043789;0;7;0;0;0;4;9;C01
201100043789;0;7;0;0;2;1;2;A01
201100043789;0;7;0;0;2;4;2;B01
201100043790;0;7;0;0;1;3;1;A01
201100043791;0;7;0;0;2;1;1;B01
201100043791;0;7;0;0;2;3;9;A01
201100043792;0;7;0;0;2;2;1;B01
201100043792;0;7;0;0;2;3;1;A01
201100043793;0;7;0;0;2;1;1;B01
201100043793;0;7;0;0;2;1;13;A01
201100043794;0;7;0;0;2;1;15;A01
201100043794;0;7;0;0;2;8;1;C01
201100043794;0;7;0;0;2;1;1;B01
201100043795;0;7;0;0;1;1;0;A01
201100043796;0;7;0;0;2;1;1;B01
201100043796;0;7;0;0;2;1;15;A01
201100043797;0;7;0;9;0;1;13;A01
201100043798;0;7;0;3;2;1;1;B01
201100043798;0;7;0;0;2;3;9;A01
201100043799;0;7;0;0;2;1;1;A01
201100043799;0;7;0;0;2;4;2;B01
201100043800;0;1;0;0;2;3;1;A01
201100043800;0;7;0;0;2;1;1;B01
201100043801;0;7;0;0;2;1;1;B01
201100043801;0;7;0;0;2;1;1;A01
201100043802;0;7;0;8;0;1;14;A01
201100043803;0;7;0;0;2;1;1;B01
201100043803;0;7;0;0;2;7;15;A01
201100043804;0;7;0;0;1;3;1;A01
201100043805;0;1;0;0;2;1;9;A01
201100043805;0;7;0;0;2;3;1;B01
201100043806;0;30;0;0;2;1;1;B01
201100043806;0;35;0;6;2;6;15;A01
201100043807;0;7;0;0;2;1;1;B01
201100043807;0;10;0;0;2;3;15;A01
201100043808;0;7;0;0;1;2;1;A01
201100043809;0;7;0;0;2;3;5;A01
201100043809;0;7;0;1;2;3;1;B01
201100043810;0;7;0;0;2;3;10;A01
201100043810;0;7;0;0;2;2;1;B01
201100043811;1;7;0;0;2;1;21;A01
201100043811;0;1;0;0;2;4;1;B01
201100043812;0;33;0;0;2;1;1;B01
201100043812;0;7;0;0;2;2;15;A01
201100043813;0;2;0;0;2;1;1;B01
201100043813;0;7;0;0;2;1;15;A01
201100043814;0;7;0;0;2;8;15;A01
201100043814;0;2;0;0;2;1;1;B01
201100043815;0;7;0;0;2;1;1;A01
201100043815;0;7;0;0;2;4;2;C01
201100043815;0;7;0;0;2;1;2;B01
201100043816;0;7;0;7;0;1;1;A01
201100043817;0;1;0;12;0;0;18;A01
201100043818;0;7;0;0;2;3;1;B01
201100043818;0;7;0;0;2;3;9;A01
201100043819;0;30;0;13;0;1;14;A01
201100043820;0;7;0;0;2;2;1;B01
201100043820;0;7;0;0;2;3;15;A01
201100043821;0;37;1;0;1;1;1;A01
201100043822;0;30;0;0;2;1;1;B01
201100043822;0;7;0;0;2;5;4;A01
201100043823;0;10;0;0;0;4;2;B01
201100043823;0;2;0;0;2;1;2;A01
201100043824;0;10;0;0;0;4;11;A01
201100043824;0;33;0;0;2;1;1;B01
201100043825;0;7;0;3;2;7;1;A01
201100043825;0;30;0;0;2;1;23;B01
201100043826;0;7;0;0;2;6;18;A01
201100043826;0;30;0;0;2;7;1;B01
201100043827;0;7;0;0;2;3;2;A01
201100043827;0;7;0;0;2;4;15;B01
201100043828;0;7;0;0;2;3;1;B01
201100043828;0;33;0;0;2;1;1;A01
201100043829;0;7;0;0;1;2;1;A01
201100043830;0;7;0;0;2;8;15;B01
201100043830;0;7;0;0;2;1;13;A01
201100043831;0;7;0;1;0;3;1;A01
201100043832;0;10;0;0;2;1;1;A01
201100043832;0;7;0;0;2;4;2;C01
201100043832;0;10;0;0;2;4;2;B01
201100043832;0;7;0;0;2;4;2;D01
201100043833;0;7;0;0;1;7;14;A01
201100043834;0;10;0;0;2;3;1;B01
201100043834;0;30;0;0;2;1;1;A01
201100043835;0;7;0;7;2;6;1;B01
201100043835;0;10;0;0;2;1;1;A01
201100043836;0;7;0;0;1;3;1;A01
201100043837;0;7;0;0;2;2;15;A01
201100043837;0;7;0;0;2;1;1;B01
201100043838;0;7;0;0;2;1;1;A01
201100043838;0;7;0;0;0;5;1;B01
201100043838;0;14;0;0;2;4;23;C01
201100043839;0;7;0;16;0;9;1;A01
201100043840;0;10;0;0;2;4;2;B01
201100043840;0;7;0;0;2;4;2;C01
201100043840;0;7;0;0;2;4;2;D01
201100043840;0;7;0;0;2;1;1;A01
201100043841;0;7;0;0;2;1;2;A01
201100043841;0;7;0;0;2;4;2;B01
201100043842;0;7;0;15;0;1;1;A01
201100043843;0;7;0;0;2;2;1;A01
201100043843;0;7;0;0;2;1;15;B01
201100043844;0;7;0;0;0;4;1;B01
201100043844;0;7;0;0;2;1;2;A01
201100043845;0;7;0;0;1;2;1;A01
201100043846;0;7;0;0;2;4;2;B01
201100043846;0;7;0;0;2;1;1;A01
201100043847;0;7;0;9;0;1;13;A01
201100043848;0;7;0;1;0;2;14;A01
201100043849;1;7;0;0;2;2;1;Z01
201100043849;0;2;0;0;2;0;1;A01
201100043850;0;30;0;0;2;1;1;B01
201100043850;0;7;0;0;2;2;10;A01
201100043851;0;10;0;0;1;7;20;A01
201100043852;0;7;0;0;2;1;15;A01
201100043852;0;2;0;0;2;1;1;B01
201100043853;0;7;0;0;2;8;15;B01
201100043853;0;31;0;0;2;1;1;A01
201100043854;0;30;0;3;0;7;1;A01
201100043855;0;7;0;0;1;1;1;A01
201100043856;0;7;0;0;2;1;15;A01
201100043856;0;7;0;0;2;2;1;B01
201100043857;0;33;0;0;0;7;12;A01
201100043858;0;30;0;0;2;1;9;A01
201100043858;0;7;0;0;2;2;1;B01
201100043859;0;10;0;0;1;1;1;A01
201100043860;0;7;0;13;0;9;14;A01
201100043861;0;7;0;0;2;3;1;B01
201100043861;0;7;0;0;2;1;1;A01
201100043862;0;1;0;0;2;7;19;A01
201100043862;0;10;0;0;2;8;1;C01
201100043862;0;33;0;0;2;1;1;B01
201100043863;1;32;0;0;1;1;17;Z01
201100043864;0;7;0;0;2;1;1;B01
201100043864;0;10;0;0;2;3;15;A01
201100043865;0;33;0;0;0;0;1;A01
201100043866;0;7;0;0;2;3;15;A01
201100043866;0;7;0;0;2;8;1;B01
201100043867;0;7;0;0;1;1;1;A01
201100043868;0;7;0;0;2;1;2;A01
201100043868;0;7;0;0;2;4;2;B01
201100043869;0;7;0;0;2;1;1;B01
201100043869;0;30;0;0;2;1;9;A01
201100043870;0;7;0;0;2;2;10;A01
201100043870;0;33;0;0;2;7;1;B01
201100043871;0;7;0;0;2;2;15;A01
201100043871;0;30;0;0;2;1;1;B01
201100043872;0;30;0;0;2;1;1;B01
201100043872;0;7;0;0;2;1;1;A01
201100043873;0;7;0;0;1;1;1;A01
201100043874;0;7;0;0;2;1;15;A01
201100043874;0;2;0;0;2;8;1;B01
201100043875;0;10;0;0;2;1;1;B01
201100043875;0;17;0;0;2;7;15;A01
201100043876;0;10;0;0;2;9;21;B01
201100043876;0;7;0;0;0;0;15;A01
201100043877;0;7;0;13;0;8;1;A01
201100043878;0;14;0;0;2;2;1;B01
201100043878;0;7;0;7;2;3;15;A01
201100043879;0;7;0;0;1;1;1;A01
201100043880;0;7;0;0;0;4;2;B01
201100043880;0;7;0;0;2;1;2;A01
201100043881;0;30;0;0;2;1;9;A01
201100043881;0;7;0;0;2;8;1;B01
201100043882;0;7;0;0;2;5;15;A01
201100043882;0;30;0;0;2;1;1;B01
201100043883;0;7;0;0;1;1;1;A01
201100043884;0;7;0;0;1;1;1;A01
201100043885;0;1;0;0;0;0;0;A01
201100043886;0;37;1;0;1;2;1;A01
201100043887;0;7;0;0;2;1;9;A01
201100043887;0;34;0;0;2;1;1;B01
201100043888;0;3;0;8;0;1;15;A01
201100043889;0;7;0;0;2;3;1;B01
201100043889;0;7;0;0;2;3;13;A01
201100043890;0;7;0;0;2;3;9;A01
201100043890;0;10;0;0;2;1;1;B01
201100043891;0;7;0;0;2;2;15;A01
201100043891;0;33;0;0;2;2;1;B01
201100043892;0;10;0;0;2;2;1;B01
201100043892;0;7;0;0;2;8;11;A01
201100043893;0;7;0;0;2;1;2;C01
201100043893;0;7;0;0;2;4;2;D01
201100043893;0;7;0;0;2;1;2;A01
201100043893;0;7;0;0;2;4;2;B01
201100043894;0;7;0;0;1;2;1;A01
201100043895;0;7;0;3;0;7;12;A01
201100043896;0;7;0;3;0;1;1;A01
201100043897;0;30;0;0;2;1;9;A01
201100043897;0;2;0;0;2;8;1;B01
201100043898;0;7;0;4;0;5;1;A01
201100043899;0;7;0;0;2;1;1;B01
201100043899;0;7;0;0;2;7;1;A01
201100043900;0;7;0;6;0;1;1;A01
201100043900;0;7;0;12;0;1;1;B01
201100043901;0;14;0;0;0;2;0;A01
201100043901;0;37;1;0;0;6;1;B01
201100043902;0;37;1;0;0;5;0;A01
201100043902;0;34;0;0;0;1;1;B01
201100043903;0;7;0;0;2;8;1;B01
201100043903;0;7;0;0;2;3;16;A01
201100043904;0;7;0;0;2;8;1;B01
201100043904;0;7;0;0;2;1;9;A01
201100043905;0;37;1;14;1;0;0;A01
201100043906;0;10;0;0;2;1;1;A01
201100043906;0;33;0;0;2;7;1;B01
201100043907;0;7;0;0;2;1;1;A01
201100043907;0;7;0;0;2;4;2;B01
201100043908;0;7;0;8;0;1;1;A01
201100043909;0;7;0;0;2;2;2;A01
201100043909;0;7;0;0;1;3;2;B01
201100043910;0;7;0;0;1;1;15;A01
201100043911;0;10;0;8;0;1;1;A01
201100043912;0;7;0;0;2;1;2;C01
201100043912;0;7;0;0;2;1;13;A01
201100043912;0;7;0;0;2;1;2;B01
201100043913;0;30;0;0;0;0;1;A01
201100043914;0;7;0;3;0;3;2;A01
201100043915;0;37;1;0;1;1;1;A01
201100043916;0;7;0;0;2;8;1;B01
201100043916;0;2;0;0;2;1;1;A01
201100043917;0;7;0;0;2;3;13;A01
201100043917;0;7;0;0;2;3;2;B01
201100043918;0;7;0;0;2;1;1;B01
201100043918;0;7;0;0;2;1;13;A01
201100043919;0;7;0;4;0;1;2;A01
201100043920;0;7;0;0;2;4;2;B01
201100043920;0;7;0;0;2;4;23;C01
201100043920;0;7;0;0;2;1;2;A01
201100043921;0;7;0;0;1;3;17;A01
201100043922;0;7;0;0;2;8;1;A01
201100043922;0;14;0;0;2;1;1;B01
201100043923;0;7;0;0;1;0;15;A01
201100043924;2;31;0;0;1;1;2;Z01
201100043925;0;7;0;0;2;1;13;A01
201100043925;0;15;0;0;2;3;2;B01
201100043926;0;7;0;0;2;3;15;A01
201100043926;0;33;0;0;2;1;2;B01
201100043927;0;32;0;0;2;1;1;B01
201100043927;0;7;0;0;2;8;15;A01
201100043928;0;7;0;0;2;4;2;B01
201100043928;0;7;0;0;2;1;2;A01
201100043929;0;7;0;0;1;4;4;A01
201100043930;0;7;0;0;2;4;2;D01
201100043930;0;7;0;0;2;4;13;A01
201100043930;0;33;0;0;2;1;2;C01
201100043930;0;7;0;0;2;1;2;B01
201100043931;0;7;0;0;1;0;0;A01
201100043932;0;37;1;0;1;6;1;A01
201100043933;0;33;0;7;0;1;15;A01
201100043934;0;7;0;0;1;1;2;A01
201100043935;0;7;0;0;1;1;1;A01
201100043936;0;7;0;0;1;1;1;A01
201100043937;0;15;0;0;2;8;2;B01
201100043937;0;7;0;0;2;1;2;D01
201100043937;0;7;0;0;2;1;2;C01
201100043937;0;7;0;0;2;7;17;A01
201100043938;0;7;0;0;2;3;9;A01
201100043938;0;34;0;0;2;1;2;B01
201100043939;0;7;0;0;2;1;2;A01
201100043939;0;7;0;0;2;4;1;B01
201100043940;0;33;0;0;2;1;17;B01
201100043940;0;7;0;0;2;2;9;A01
201100043941;0;7;0;0;2;4;4;A01
201100043941;0;1;0;0;2;1;1;B01
201100043942;0;7;0;0;2;8;2;B01
201100043942;0;7;0;0;2;1;9;A01
201100043943;0;33;0;0;2;6;1;B01
201100043943;0;7;0;0;2;2;15;A01
201100043944;0;7;0;0;2;1;19;A01
201100043944;0;7;0;0;2;1;1;B01
201100043945;0;7;0;0;1;1;2;A01
201100043946;0;7;0;0;1;1;2;A01
201100043947;0;2;0;0;2;1;12;A01
201100043947;0;7;0;0;2;3;23;B01
201100043948;0;7;0;0;1;1;2;A01
201100043949;0;7;0;0;1;1;1;A01
201100043950;0;7;0;13;0;1;2;A01
201100043951;0;33;0;0;0;8;1;A01
201100043952;0;7;0;0;2;2;2;B01
201100043952;0;7;0;0;2;3;9;A01
201100043953;0;7;0;0;2;3;9;A01
201100043953;0;1;0;0;2;1;1;B01
201100043954;0;7;0;0;2;1;2;A01
201100043954;0;7;0;0;2;3;1;B01
201100043955;0;7;0;0;2;2;15;A01
201100043955;0;7;0;0;2;1;1;B01
201100043956;0;7;0;0;1;8;2;A01
201100043957;0;7;0;6;0;1;16;A01
201100043958;0;10;0;0;1;1;16;A01
201100043959;0;7;0;0;2;4;0;B01
201100043959;0;7;0;0;2;4;2;C01
201100043959;0;7;0;0;2;1;2;A01
201100043960;0;32;0;0;2;1;1;B01
201100043960;0;7;0;0;2;2;15;A01
201100043961;0;7;0;7;2;1;12;A01
201100043961;0;7;0;0;2;8;1;B01
201100043962;0;7;0;0;2;3;23;B01
201100043962;0;7;0;7;2;1;13;A01
201100043963;0;7;0;0;1;0;1;B01
201100043963;0;7;0;0;2;8;9;A01
201100043964;0;2;0;0;2;1;2;A01
201100043964;0;7;0;0;2;1;2;B01
201100043965;0;7;0;0;1;1;2;A01
201100043966;0;7;0;0;2;2;9;A01
201100043966;0;7;0;0;2;8;1;B01
201100043967;0;7;0;0;2;1;2;A01
201100043967;0;7;0;0;2;4;2;B01
201100043968;0;7;0;3;0;1;2;A01
201100043969;0;7;0;0;2;1;2;A01
201100043969;0;7;0;0;2;4;23;B01
201100043970;0;7;0;0;2;1;1;B01
201100043970;0;7;0;0;2;2;1;C01
201100043970;0;7;0;0;2;2;15;A01
201100043971;0;32;0;0;2;1;1;A01
201100043971;0;7;0;0;2;2;15;B01
201100043972;0;2;0;0;2;1;13;A01
201100043972;0;7;0;0;2;8;2;B01
201100043973;0;7;0;0;2;1;2;A01
201100043973;0;7;0;0;2;4;2;B01
201100043974;0;1;0;0;0;0;0;A01
201100043975;0;7;0;0;2;1;1;B01
201100043975;0;7;0;0;2;7;13;A01
201100043976;0;7;0;0;2;4;2;B01
201100043976;0;7;0;0;2;1;2;A01
201100043977;0;7;0;1;0;1;1;A01
201100043978;0;7;0;0;2;8;9;A01
201100043978;0;10;0;0;2;1;1;B01
201100043979;0;2;0;0;2;1;1;B01
201100043979;0;7;0;0;2;3;15;A01
201100043980;0;7;0;0;2;3;2;B01
201100043980;0;7;0;0;2;1;2;A01
201100043981;0;33;0;16;0;7;1;A01
201100043982;0;7;0;0;2;6;15;A01
201100043982;0;36;0;0;2;1;1;B01
201100043983;0;32;0;0;2;8;2;A01
201100043983;0;10;0;0;2;1;2;B01
201100043984;0;7;0;0;1;1;2;A01
201100043985;0;7;0;0;2;2;15;A01
201100043985;0;1;0;0;2;1;1;B01
201100043986;0;7;0;0;2;1;2;B01
201100043986;0;7;0;0;2;1;13;A01
201100043987;0;7;0;0;2;3;1;B01
201100043987;0;2;0;0;2;6;1;A01
201100043988;0;7;0;0;2;1;2;A01
201100043988;0;37;2;0;2;8;2;B01
201100043989;0;2;0;0;2;1;1;A01
201100043989;0;7;0;0;2;6;1;B01
201100043990;0;7;0;12;0;2;2;A01
201100043991;0;7;0;0;2;4;23;E01
201100043991;0;7;0;0;2;1;2;B01
201100043991;0;7;0;0;2;1;2;C01
201100043991;0;7;0;0;2;1;2;A01
201100043991;0;7;0;0;2;1;2;D01
201100043992;0;33;0;0;2;1;2;B01
201100043992;0;7;0;0;2;2;9;A01
201100043993;0;7;0;0;1;3;0;A01
201100043994;0;7;0;3;2;1;5;A01
201100043994;0;7;0;3;0;7;2;D01
201100043994;0;7;0;3;2;1;2;B01
201100043994;0;7;0;3;2;1;2;C01
201100043995;0;7;0;0;1;7;1;A01
201100043996;0;7;0;0;2;1;15;A01
201100043996;0;7;0;0;2;1;2;B01
201100043997;0;37;1;0;2;1;1;B01
201100043997;0;7;0;0;2;4;14;A01
201100043998;0;3;0;9;0;1;2;A01
201100043999;0;7;0;0;2;1;1;A01
201100043999;0;7;0;0;2;1;1;B01
201100044000;0;7;0;0;2;1;2;A01
201100044000;0;7;0;0;2;2;2;B01
201100044001;0;14;0;0;1;3;16;A01
201100044002;0;7;0;0;1;2;1;A01
201100044003;0;33;0;6;0;2;16;A01
201100044004;0;2;0;0;2;1;2;B01
201100044004;0;7;0;0;2;7;2;A01
201100044005;0;7;0;0;2;1;2;A01
201100044005;0;7;0;0;2;4;2;B01
201100044006;0;30;0;9;0;1;0;A01
201100044007;0;7;0;13;0;7;2;A01
201100044008;0;7;0;0;2;1;2;A01
201100044008;0;7;0;0;2;4;23;B01
201100044009;0;13;0;0;2;1;2;A01
201100044009;0;7;0;0;2;4;2;B01
201100044010;0;7;0;0;2;4;1;B01
201100044010;0;7;0;0;2;4;1;C01
201100044010;0;7;0;0;2;1;1;A01
201100044011;0;7;0;0;2;1;2;A01
201100044011;0;7;0;0;2;4;23;B01
201100044012;0;7;0;0;1;3;2;A01
201100044013;0;10;0;0;1;8;2;A01
201100044014;0;1;0;16;0;1;2;A01
201100044015;0;7;0;0;2;1;2;A01
201100044015;0;2;0;0;2;4;2;B01
201100044016;0;7;0;0;2;3;2;B01
201100044016;0;2;0;0;2;1;2;A01
201100044017;0;30;0;0;2;7;20;A01
201100044017;0;7;0;0;2;1;1;B01
201100044018;0;7;0;8;0;1;1;A01
201100044019;0;7;0;0;2;6;1;B01
201100044019;0;7;0;0;2;2;24;C01
201100044019;0;7;0;0;2;2;15;A01
201100044020;0;33;0;0;0;7;1;A01
201100044021;0;37;1;0;1;8;1;A01
201100044022;0;1;0;0;2;1;1;B01
201100044022;0;7;0;0;2;2;10;A01
201100044023;0;7;0;0;2;2;1;A01
201100044023;0;7;0;0;2;1;1;B01
201100044024;0;33;0;0;2;8;17;A01
201100044024;0;7;0;0;2;8;15;B01
201100044025;0;7;0;0;2;2;2;A01
201100044025;0;7;0;0;2;6;23;B01
201100044026;0;10;0;13;0;1;2;A01
201100044027;0;7;0;0;1;1;16;A01
201100044028;0;7;0;11;0;1;16;A01
201100044029;0;7;0;0;2;3;13;A01
201100044029;0;7;0;0;2;3;2;B01
201100044030;0;7;0;0;2;1;15;A01
201100044030;0;7;0;0;2;3;1;B01
201100044031;0;7;0;0;2;3;15;A01
201100044031;0;33;0;0;2;1;2;B01
201100044032;0;30;0;12;0;1;2;A01
201100044033;0;7;0;0;2;4;0;B01
201100044033;0;7;0;0;2;1;2;A01
201100044034;0;7;0;0;1;3;15;A01
201100044035;0;30;0;16;0;8;1;A01
201100044036;0;7;0;0;2;1;1;A01