num_acc;senc;catv;occutc;obs;obsm;choc;manv;num_veh
201100044422;0;7;0;6;0;1;15;A01
201100044423;0;7;0;0;2;2;17;A01
201100044423;0;30;0;0;2;3;15;B01
201100044424;0;34;0;0;2;2;0;B01
201100044424;0;7;0;0;2;1;0;A01
201100044425;0;7;0;0;2;2;19;A01
201100044425;0;7;0;0;2;7;21;B01
201100044426;0;7;0;0;0;9;1;A01
201100044427;0;7;0;0;0;4;23;C01
201100044427;0;7;0;0;2;1;1;A01
201100044427;0;7;0;0;2;4;23;B01
201100044428;0;31;0;0;2;3;2;A01
201100044428;0;7;0;0;2;2;15;B01
201100044429;0;7;0;0;2;1;0;A01
201100044429;0;7;0;0;2;4;0;B01
201100044430;0;7;0;0;1;7;1;A01
201100044431;0;7;0;9;0;1;0;A01
201100044432;0;30;0;0;1;1;1;A01
201100044433;0;7;0;0;2;8;15;B01
201100044433;0;2;0;0;2;1;17;A01
201100044434;0;7;0;0;2;1;0;A01
201100044434;0;7;0;0;2;3;1;B01
201100044435;0;30;0;0;2;2;2;A01
201100044435;0;7;0;0;0;3;15;B01
201100044436;0;7;0;0;2;5;10;A01
201100044436;0;33;0;0;2;1;1;B01
201100044437;0;2;0;0;0;1;0;A01
201100044438;0;1;0;0;2;7;1;B01
201100044438;0;7;0;0;2;1;1;A01
201100044439;0;2;0;0;0;1;1;A01
201100044440;0;7;0;0;1;6;4;A01
201100044441;0;1;0;0;0;0;1;A01
201100044442;0;7;0;8;0;2;1;A01
201100044443;0;2;0;0;2;1;15;B01
201100044443;0;7;0;0;0;7;15;A01
201100044444;0;33;0;0;2;1;1;A01
201100044444;0;7;0;0;2;4;1;B01
201100044445;0;33;0;12;0;1;1;A01
201100044446;0;7;0;15;0;2;14;A01
201100044447;0;3;0;0;1;4;4;A01
201100044448;0;7;0;0;1;1;1;A01
201100044449;0;7;0;0;2;7;17;A01
201100044449;0;7;0;0;2;3;1;B01
201100044450;0;7;0;8;2;2;1;A01
201100044450;0;7;0;0;2;3;15;B01
201100044451;0;10;0;0;2;8;1;B01
201100044451;0;10;0;0;2;9;12;A01
201100044451;0;7;0;0;0;8;23;C01
201100044452;0;7;0;0;0;1;0;A01
201100044453;0;7;0;0;1;3;0;A01
201100044454;0;7;0;0;1;0;0;A01
201100044455;0;7;0;6;0;2;14;A01
201100044456;0;7;0;0;0;3;9;B01
201100044456;0;33;0;0;0;1;2;A01
201100044457;0;7;0;0;2;4;1;B01
201100044457;0;7;0;0;2;1;1;A01
201100044458;2;7;0;8;0;9;13;A01
201100044459;0;1;0;0;0;0;1;A01
201100044460;0;2;0;0;0;0;1;A01
201100044461;0;7;0;0;2;7;1;B01
201100044461;0;2;0;0;2;1;2;A01
201100044462;0;37;2;0;2;3;1;B01
201100044462;0;7;0;0;2;6;15;A01
201100044463;0;7;0;6;0;8;13;A01
201100044464;0;2;0;0;2;0;0;B01
201100044464;0;7;0;0;2;0;0;A01
201100044465;0;33;0;12;0;8;0;A01
201100044466;0;7;0;0;0;9;1;A01
201100044467;0;33;0;12;0;1;1;A01
201100044468;0;31;0;12;0;1;1;A01
201100044469;0;1;0;0;1;1;1;A01
201100044470;0;7;0;6;0;1;0;A01
201100044471;0;7;0;0;2;1;2;A01
201100044471;0;33;0;0;2;4;23;B01
201100044472;0;7;0;0;2;3;9;A01
201100044472;0;1;0;0;2;1;1;B01
201100044473;0;13;0;2;0;3;13;A01
201100044474;0;7;0;2;0;1;1;A01
201100044475;0;7;0;0;9;8;15;B01
201100044475;0;31;0;0;2;1;17;A01
201100044476;0;33;0;0;2;1;1;B01
201100044476;0;7;0;0;2;3;9;A01
201100044477;0;7;0;0;2;2;21;B01
201100044477;0;30;0;0;2;1;13;A01
201100044478;0;33;0;0;0;1;0;A01
201100044478;0;7;0;0;0;0;0;B01
201100044479;0;7;0;0;0;4;23;A01
201100044479;0;7;0;0;2;1;2;C01
201100044479;0;7;0;0;2;4;23;B01
201100044480;0;1;0;0;2;1;13;A01
201100044480;0;1;0;0;2;1;13;B01
201100044481;0;7;0;6;0;2;1;A01
201100044482;0;31;0;12;0;2;14;A01
201100044483;0;7;0;0;2;8;2;A01
201100044483;0;33;0;0;2;1;0;B01
201100044484;0;7;0;0;1;3;1;A01
201100044485;0;1;0;0;0;7;0;A01
201100044485;0;7;0;0;0;3;9;B01
201100044486;0;7;0;0;2;3;1;B01
201100044486;0;7;0;0;2;2;1;A01
201100044487;0;7;0;0;0;4;2;B01
201100044487;0;7;0;0;2;1;2;A01
201100044488;0;1;0;0;0;1;1;A01
201100044489;0;30;0;16;0;0;1;A01
201100044490;0;7;0;0;1;2;0;A01
201100044491;0;99;0;0;2;1;2;A01
201100044491;0;33;0;0;0;4;2;B01
201100044491;0;33;0;0;2;0;2;C01
201100044492;0;7;0;0;0;3;1;B01
201100044492;2;7;0;0;2;2;17;A01
201100044493;0;1;0;0;1;1;1;A01
201100044494;0;7;0;0;2;1;15;A01
201100044494;0;7;0;0;2;1;16;B01
201100044495;0;30;0;0;2;1;1;B01
201100044495;0;7;0;0;2;3;15;A01
201100044496;0;7;0;6;0;0;13;A01
201100044497;0;30;0;0;2;5;2;B01
201100044497;1;7;0;0;2;0;15;Z01
201100044498;0;7;0;0;2;1;1;A01
201100044498;0;7;0;0;2;1;2;B01
201100044498;0;7;0;0;0;4;2;C01
201100044499;0;7;0;0;0;3;1;A01
201100044500;0;31;0;0;2;1;1;A01
201100044500;0;7;0;0;2;3;1;B01
201100044501;0;7;0;0;2;4;10;A01
201100044501;0;1;0;0;2;1;1;B01
201100044502;0;7;0;0;2;3;1;B01
201100044502;0;7;0;0;2;1;1;A01
201100044503;0;7;0;1;2;1;16;A01
201100044503;0;7;0;0;0;9;1;B01
201100044504;0;7;0;6;0;1;1;A01
201100044505;0;7;0;0;2;1;2;B01
201100044505;0;7;0;0;2;3;2;A01
201100044506;0;7;0;0;1;1;1;A01
201100044507;0;7;0;0;2;2;2;A01
201100044507;0;7;0;0;0;4;2;B01
201100044508;0;7;0;0;2;3;13;B01
201100044508;0;7;0;0;2;2;1;A01
201100044509;0;33;0;0;0;0;14;A01
201100044510;0;7;0;0;2;4;2;B01
201100044510;0;7;0;0;2;1;2;A01
201100044510;0;7;0;0;0;4;2;C01
201100044511;0;7;0;8;2;8;0;B01
201100044511;0;7;0;0;2;1;1;A01
201100044512;0;7;0;0;2;1;2;A01
201100044512;0;7;0;0;0;4;0;B01
201100044513;0;7;0;6;2;1;1;A01
201100044513;0;7;0;0;2;3;1;B01
201100044514;0;7;0;0;1;8;1;A01
201100044515;0;7;0;0;6;0;2;A01
201100044516;0;7;0;0;1;2;1;A01
201100044517;0;7;0;0;2;1;2;A01
201100044517;0;7;0;0;0;4;0;B01
201100044518;0;10;0;0;2;1;2;A01
201100044518;0;7;0;0;2;4;2;B01
201100044519;0;7;0;0;1;2;1;A01
201100044520;0;7;0;1;0;3;6;A01
201100044520;0;7;0;0;2;8;23;B01
201100044521;0;7;0;0;1;1;15;A01
201100044522;0;7;0;0;1;3;1;A01
201100044523;0;7;0;0;1;2;1;A01
201100044524;0;38;2;0;2;2;2;A01
201100044524;0;1;0;0;2;3;1;B01
201100044525;0;7;0;0;2;1;1;A01
201100044525;0;7;0;0;2;4;23;B01
201100044525;0;7;0;0;2;4;23;C01
201100044525;0;7;0;0;2;4;23;D01
201100044526;0;7;0;8;0;1;14;A01
201100044527;0;7;0;0;2;2;11;A01
201100044527;0;7;0;0;2;1;1;B01
201100044528;0;7;0;0;2;3;0;A01
201100044528;0;7;0;0;2;1;0;B01
201100044529;0;1;0;0;2;1;1;B01
201100044529;0;7;0;0;2;3;15;A01
201100044530;0;7;0;0;1;0;1;A01
201100044531;0;7;0;0;2;1;0;A01
201100044531;0;7;0;0;2;6;0;B01
201100044532;0;7;0;0;2;1;9;A01
201100044532;0;1;0;0;2;7;0;B01
201100044533;0;7;0;1;0;8;1;B01
201100044533;0;7;0;0;2;8;13;A01
201100044534;0;30;0;0;0;7;0;A01
201100044535;0;7;0;0;0;3;0;A01
201100044535;0;30;0;0;2;1;0;B01
201100044536;1;7;0;0;1;4;4;A01
201100044537;0;30;0;0;2;1;2;A01
201100044537;0;7;0;0;2;4;23;B01
201100044538;0;7;0;1;0;5;14;A01
201100044539;0;7;0;0;2;3;13;A01
201100044539;0;7;0;0;2;1;1;B01
201100044540;0;7;0;0;2;1;0;A01
201100044540;0;7;0;0;2;4;2;B01
201100044541;0;7;0;2;0;7;0;A01
201100044542;0;7;0;0;2;6;2;B01
201100044542;0;30;0;0;2;1;1;A01
201100044543;0;7;0;0;2;4;2;B01
201100044543;0;7;0;0;2;1;1;A01
201100044544;0;7;0;0;2;2;1;B01
201100044544;0;7;0;0;2;3;9;A01
201100044545;0;13;0;0;2;4;2;B01
201100044545;0;7;0;0;2;1;1;A01
201100044546;0;1;0;0;2;9;2;B01
201100044546;1;7;0;0;2;2;1;A01
201100044547;0;7;0;0;2;1;6;A01
201100044547;0;7;0;0;2;1;1;B01
201100044548;0;7;0;0;2;4;2;B01
201100044548;0;7;0;0;2;1;1;A01
201100044549;0;7;0;0;2;7;1;B01
201100044549;0;32;0;0;2;9;1;A01
201100044549;0;33;0;0;2;9;1;C01
201100044550;0;7;0;0;2;4;2;B01
201100044550;0;7;0;0;2;1;1;A01
201100044551;0;33;0;0;1;1;1;A01
201100044552;0;7;0;1;0;1;1;A01
201100044553;0;7;0;0;1;1;1;A01
201100044554;0;7;0;0;2;6;1;A01
201100044554;1;13;0;0;2;1;2;Z01
201100044555;0;7;0;0;2;0;0;B01
201100044555;0;30;0;0;2;1;1;A01
201100044556;0;7;0;0;1;1;1;A01
201100044557;0;7;0;0;2;1;1;A01
201100044557;0;3;0;0;2;4;2;B01
201100044558;0;7;0;0;1;1;15;A01
201100044559;0;7;0;0;2;4;2;C01
201100044559;0;7;0;0;2;4;2;B01
201100044559;0;7;0;0;2;1;1;A01
201100044560;0;7;0;0;2;4;0;B01
201100044560;0;3;0;0;2;1;5;A01
201100044561;0;33;0;0;2;1;1;A01
201100044561;0;7;0;0;2;4;2;B01
201100044562;0;7;0;0;2;3;1;B01
201100044562;0;2;0;0;2;1;0;A01
201100044563;0;2;0;0;2;1;1;B01
201100044563;0;7;0;0;2;5;15;A01
201100044564;0;7;0;0;2;9;2;B01
201100044564;0;33;0;0;2;4;2;C01
201100044564;0;7;0;0;2;1;1;A01
201100044565;2;7;0;0;2;1;1;A01
201100044565;0;33;0;0;2;4;1;B01
201100044566;0;7;0;0;2;1;1;A01
201100044566;0;7;0;0;2;9;2;B01
201100044566;0;7;0;0;2;4;2;C01
201100044567;0;2;0;0;2;0;1;A01
201100044567;0;2;0;0;2;0;0;B01
201100044568;0;30;0;0;2;1;0;A01
201100044568;0;7;0;0;2;3;1;B01
201100044569;0;33;0;0;2;4;2;B01
201100044569;0;7;0;0;2;1;1;A01
201100044570;0;7;0;0;2;3;2;B01
201100044570;0;2;0;0;2;2;1;A01
201100044571;0;30;0;0;2;1;1;A01
201100044571;0;7;0;0;2;4;2;B01
201100044572;0;7;0;0;2;0;0;B01
201100044572;0;7;0;0;2;0;0;A01
201100044573;0;30;0;0;2;0;1;B01
201100044573;0;7;0;0;2;1;15;A01
201100044574;0;7;0;1;0;0;0;A01
201100044575;0;1;0;0;2;5;1;B01
201100044575;0;7;0;0;2;1;15;A01
201100044576;0;7;0;0;1;1;1;A01
201100044577;0;7;0;0;2;0;0;C01
201100044577;0;7;0;0;2;0;0;B01
201100044577;0;7;0;0;2;0;0;A01
201100044577;0;7;0;0;2;0;0;D01
201100044578;0;7;0;0;2;4;15;B01
201100044578;0;33;0;0;2;1;1;A01
201100044579;0;7;0;0;2;4;2;B01
201100044579;0;7;0;0;2;1;1;A01
201100044580;0;7;0;0;2;2;1;B01
201100044580;0;7;0;0;2;8;13;A01
201100044581;0;7;0;0;2;1;1;B01
201100044581;0;7;0;0;2;8;9;A01
201100044582;0;7;0;0;1;2;16;A01
201100044583;0;1;0;0;2;8;1;A01
201100044583;0;7;0;0;2;1;1;B01
201100044584;0;1;0;0;1;1;1;A01
201100044585;0;33;0;0;2;7;1;B01
201100044585;1;7;0;0;2;8;11;Z01
201100044586;0;7;0;0;2;4;2;B01
201100044586;0;2;0;0;2;1;1;A01
201100044587;0;7;0;0;2;4;2;B01
201100044587;0;30;0;0;2;1;1;A01
201100044588;0;7;0;0;2;3;1;B01
201100044588;0;7;0;0;2;9;1;A01
201100044589;0;7;0;0;2;1;13;A01
201100044589;0;7;0;0;2;3;1;B01
201100044590;0;7;0;0;2;1;1;A01
201100044590;0;33;0;0;2;4;2;B01
201100044591;0;7;0;0;2;1;1;A01
201100044591;0;7;0;0;2;4;2;B01
201100044592;0;7;0;0;1;1;1;A01
201100044593;0;30;0;6;0;9;1;A01
201100044594;0;33;0;0;2;1;1;A01
201100044594;0;7;0;0;2;4;2;B01
201100044595;0;7;0;0;2;4;1;B01
201100044595;0;7;0;0;2;4;1;C01
201100044595;0;7;0;0;2;1;1;A01
201100044596;0;33;0;0;1;1;1;A01
201100044597;0;7;0;0;2;1;9;A01
201100044597;0;7;0;0;2;4;1;B01
201100044598;0;7;0;0;2;4;2;B01
201100044598;0;7;0;0;2;1;1;A01
201100044599;0;7;0;0;2;1;1;A01
201100044599;0;7;0;0;2;4;2;B01
201100044600;0;7;0;0;2;1;15;A01
201100044600;0;37;1;0;2;1;1;B01
201100044601;0;7;0;0;2;4;2;B01
201100044601;0;7;0;0;2;1;2;A01
201100044602;0;7;0;0;2;4;2;B01
201100044602;0;7;0;0;2;1;1;A01
201100044603;0;7;0;0;1;1;1;A01
201100044603;0;7;0;0;2;1;1;B01
201100044604;0;7;0;0;1;1;1;B01
201100044605;0;7;0;0;2;8;15;A01
201100044605;0;33;0;0;2;1;1;B01
201100044606;0;7;0;0;1;2;1;A01
201100044607;0;2;0;0;2;1;13;A01
201100044607;0;7;0;0;2;1;1;B01
201100044608;0;7;0;0;2;4;2;B01
201100044608;0;7;0;0;2;1;1;A01
201100044609;0;7;0;0;1;1;1;A01
201100044610;0;7;0;0;2;4;2;B01
201100044610;0;7;0;0;2;4;2;C01
201100044610;0;7;0;0;2;1;1;A01
201100044611;0;7;0;0;2;4;2;D01
201100044611;0;7;0;0;2;4;2;B01
201100044611;0;7;0;0;2;1;1;A01
201100044611;0;7;0;0;2;4;2;C01
201100044612;0;7;0;0;1;1;1;A01
201100044613;0;7;0;0;2;1;1;A01
201100044613;0;7;0;0;2;4;2;B01
201100044614;0;7;0;0;2;4;2;B01
201100044614;0;7;0;0;2;1;1;A01
201100044615;0;7;0;0;2;1;1;A01
201100044615;0;7;0;0;2;4;2;B01
201100044616;0;2;0;0;2;2;17;B01
201100044616;0;10;0;0;2;3;15;A01
201100044617;0;7;0;0;2;4;2;B01
201100044617;0;33;0;0;2;1;21;A01
201100044618;0;7;0;0;2;1;1;B01
201100044618;0;7;0;0;2;1;13;A01
201100044619;0;7;0;0;2;9;1;A01
201100044619;0;7;0;0;2;2;1;B01
201100044620;0;7;0;0;2;9;21;B01
201100044620;0;7;0;0;2;9;23;A01
201100044620;0;7;0;0;2;2;1;C01
201100044621;0;10;0;0;1;1;1;A01
201100044622;0;13;0;0;2;1;1;A01
201100044622;0;7;0;0;2;4;2;B01
201100044623;0;1;0;0;2;4;14;B01
201100044623;0;7;0;0;2;1;1;A01
201100044624;0;7;0;0;1;1;0;A01
201100044625;0;32;0;0;2;4;2;B01
201100044625;0;7;0;0;2;1;1;A01
201100044626;0;7;0;0;2;4;2;B01
201100044626;1;7;0;0;2;1;1;A01
201100044627;0;37;15;0;1;2;14;A01
201100044628;0;7;0;0;2;1;1;A01
201100044628;0;7;0;0;2;4;1;B01
201100044629;0;7;0;0;1;4;4;A01
201100044630;0;1;0;0;2;8;13;A01
201100044630;0;7;0;0;2;7;1;B01
201100044631;0;33;0;0;2;1;1;B01
201100044631;0;7;0;0;2;8;1;A01
201100044632;0;7;0;0;2;8;15;A01
201100044632;0;1;0;0;2;1;16;B01
201100044633;0;14;0;0;2;0;1;A01
201100044633;0;14;0;0;2;0;1;B01
201100044634;0;7;0;0;2;0;1;A01
201100044634;0;7;0;0;2;0;2;E01
201100044634;0;7;0;0;2;0;2;C01
201100044634;0;7;0;0;2;0;2;D01
201100044634;0;7;0;0;2;0;2;B01
201100044635;0;7;0;0;2;4;2;C01
201100044635;0;7;0;0;2;0;0;B01
201100044635;0;7;0;0;2;1;1;A01
201100044636;0;33;0;0;2;4;2;B01
201100044636;0;7;0;0;2;1;1;A01
201100044637;0;7;0;0;2;4;23;D01
201100044637;0;7;0;0;2;1;1;A01
201100044637;0;7;0;0;2;4;23;C01
201100044637;0;7;0;0;2;4;23;B01
201100044638;0;7;0;0;2;1;12;A01
201100044638;0;99;0;0;2;6;23;B01
201100044639;0;30;0;0;2;0;0;A01
201100044639;0;7;0;0;2;0;0;B01
201100044640;0;7;0;0;2;1;1;A01
201100044640;0;7;0;0;2;4;2;C01
201100044640;0;7;0;0;2;9;2;B01
201100044641;0;7;0;0;2;4;2;D01
201100044641;0;7;0;0;2;9;2;C01
201100044641;0;7;0;0;2;4;2;B01
201100044641;0;7;0;0;2;1;1;A01
201100044641;0;7;0;0;2;4;2;F02
201100044641;0;7;0;0;2;4;2;E01
201100044642;0;7;0;0;2;0;0;A01
201100044642;0;33;0;0;2;0;0;B01
201100044643;0;7;0;0;2;4;2;B01
201100044643;1;7;0;0;2;1;1;A01
201100044644;0;10;0;0;2;4;2;C01
201100044644;0;7;0;0;2;1;1;A01
201100044644;0;7;0;0;2;4;2;B01
201100044645;0;1;0;0;2;0;15;A01
201100044645;0;7;0;0;2;2;1;B01
201100044646;0;33;0;0;1;4;4;A01
201100044647;0;1;0;0;2;1;5;A01
201100044647;0;7;0;0;2;1;1;B01
201100044648;0;7;0;1;2;4;2;B01
201100044648;0;7;0;0;2;1;1;A01
201100044649;0;7;0;8;1;2;1;A01
201100044650;0;7;0;0;2;1;2;B01
201100044650;0;7;0;0;2;8;1;A01
201100044651;0;30;0;0;2;1;1;B01
201100044651;0;7;0;0;2;2;15;A01
201100044652;0;7;0;14;2;3;1;A01
201100044652;0;7;0;0;2;1;1;B01
201100044653;0;7;0;0;1;3;1;A01
201100044654;0;7;0;0;2;2;9;B01
201100044654;0;33;0;0;2;8;5;A01
201100044655;1;7;0;0;2;3;9;A01
201100044655;0;30;0;0;2;1;15;B01
201100044656;0;7;0;0;2;3;1;A01
201100044656;0;33;0;0;2;7;1;B01
201100044657;0;37;1;0;2;1;1;A01
201100044657;0;7;0;0;2;4;2;B01
201100044658;0;7;0;0;2;3;13;B01
201100044658;0;33;0;0;2;1;1;A01
201100044659;0;7;0;0;1;1;0;A01
201100044660;0;30;0;0;2;1;1;A01
201100044660;0;7;0;0;2;5;2;B01
201100044661;0;34;0;0;2;1;1;A01
201100044661;0;7;0;0;2;2;2;B01
201100044662;0;38;54;0;1;1;16;A01
201100044663;0;30;0;0;2;1;1;B01
201100044663;0;7;0;0;2;1;10;A01
201100044664;0;7;0;0;1;1;1;A01
201100044665;0;7;0;0;2;1;1;A01
201100044665;0;7;0;0;2;4;23;B01
201100044666;0;31;0;0;2;1;21;A01
201100044666;0;7;0;0;2;1;1;B01
201100044666;0;7;0;0;0;9;20;C01
201100044667;0;7;0;0;2;1;1;A01
201100044667;0;7;0;0;2;4;1;B01
201100044668;0;30;0;0;0;0;23;A01
201100044669;0;30;0;0;2;1;13;A01
201100044669;0;7;0;0;2;1;1;B01
201100044670;0;7;0;1;2;3;15;A01
201100044670;0;7;0;0;2;1;1;B01
201100044671;0;7;0;0;2;2;15;A01
201100044671;0;33;0;0;2;1;1;B01
201100044672;0;7;0;0;2;1;1;B01
201100044672;0;7;0;9;2;8;1;C01
201100044672;0;7;0;0;2;1;9;A01
201100044673;0;7;0;0;1;3;1;A01
201100044674;0;7;0;14;0;1;1;A01
201100044675;0;7;0;0;1;4;4;A01
201100044676;0;7;0;0;1;2;1;A01
201100044677;0;7;0;0;1;1;1;A01
201100044678;0;7;0;0;2;1;1;A01
201100044678;0;7;0;0;2;5;1;B01
201100044679;0;7;0;0;2;1;1;A01
201100044679;0;33;0;0;2;4;2;B01
201100044680;0;7;0;0;2;4;2;B01
201100044680;0;7;0;0;2;1;2;A01
201100044681;0;7;0;0;1;1;1;A01
201100044682;0;7;0;0;2;1;9;A01
201100044682;0;32;0;0;2;9;1;B01
201100044683;0;2;0;0;2;8;1;B01
201100044683;0;7;0;0;2;2;1;A01
201100044684;0;1;0;0;2;1;1;A01
201100044684;0;7;0;0;2;4;23;B01
201100044685;0;30;0;0;2;1;1;A01
201100044685;0;1;0;0;2;7;1;B01
201100044686;0;38;1;0;2;1;1;A01
201100044686;0;10;0;0;2;4;2;B01
201100044686;0;7;0;0;0;4;2;C01
201100044687;0;7;0;0;1;1;20;A01
201100044688;0;7;0;0;2;8;1;B01
201100044688;0;10;0;0;2;1;1;A01
201100044689;0;7;0;0;1;1;1;A01
201100044690;0;7;0;12;1;1;1;A01
201100044691;0;30;0;1;0;4;1;A01
201100044692;0;2;0;0;2;1;1;B01
201100044692;0;99;0;0;2;4;1;A01
201100044693;0;30;0;0;2;4;1;A01
201100044693;0;7;0;0;2;1;2;B01
201100044694;0;7;0;0;2;4;2;B01
201100044694;0;7;0;0;2;4;2;C01
201100044694;0;7;0;0;2;1;1;A01
201100044695;0;7;0;0;2;4;2;D01
201100044695;0;7;0;0;2;4;2;C01
201100044695;0;7;0;0;2;4;2;B01
201100044695;0;7;0;0;2;1;1;A01
201100044696;0;7;0;0;2;1;2;C01
201100044696;0;7;0;0;2;1;2;B01
201100044696;0;7;0;0;2;4;1;A01
201100044697;0;7;0;0;2;2;9;B01
201100044697;0;7;0;0;2;1;16;A01
201100044698;0;7;0;1;9;1;1;A01
201100044698;0;7;0;0;2;4;24;B01
201100044699;0;7;0;0;2;5;15;B01
201100044699;0;33;0;0;2;1;1;A01
201100044700;0;10;0;0;2;1;1;A01
201100044700;0;7;0;0;2;4;2;B01
201100044701;0;7;0;0;2;4;2;B01
201100044701;0;7;0;0;2;1;1;A01
201100044702;0;7;0;0;2;1;1;A01
201100044702;0;7;0;0;2;4;2;B01
201100044703;0;10;0;0;2;4;2;B01
201100044703;0;7;0;0;2;4;1;A01
201100044704;0;7;0;0;1;1;1;A01
201100044705;0;7;0;0;2;4;2;B01
201100044705;0;7;0;0;2;1;1;A01
201100044706;0;7;0;0;2;3;9;A01
201100044706;0;30;0;0;2;1;9;B01
201100044707;0;7;0;0;2;3;11;A01
201100044707;0;33;0;0;2;7;1;B01
201100044708;0;7;0;0;2;4;2;D01
201100044708;0;7;0;0;2;4;2;B01
201100044708;0;7;0;0;2;4;2;C01
201100044708;0;7;0;0;2;1;1;A01
201100044709;0;7;0;0;1;3;1;A01
201100044710;0;7;0;0;2;1;2;A01
201100044710;0;33;0;0;2;4;23;B01
201100044710;0;7;0;0;2;3;23;C01
201100044711;0;30;0;0;2;1;9;B01
201100044711;0;7;0;0;2;2;9;A01
201100044712;0;7;0;0;2;3;13;A01
201100044712;0;7;0;0;2;3;1;B01
201100044713;0;7;0;0;2;4;23;B01
201100044713;0;7;0;0;2;1;2;A01
201100044714;0;7;0;0;2;3;15;A01
201100044714;0;2;0;0;2;2;1;B01
201100044715;0;33;0;0;2;1;1;A01
201100044715;0;7;0;0;2;4;2;B01
201100044716;0;10;0;0;2;1;1;A01
201100044716;0;7;0;0;2;4;2;B01
201100044717;0;10;0;0;2;1;2;C01
201100044717;0;7;0;0;2;1;1;A01
201100044717;0;7;0;0;2;1;2;B01
201100044718;0;7;0;0;2;4;2;B01
201100044718;0;7;0;0;2;1;1;A01
201100044719;0;30;0;0;2;2;1;A01
201100044719;0;7;0;0;2;3;1;B01
201100044720;0;13;0;0;2;1;1;A01
201100044720;0;10;0;0;2;4;2;B01
201100044721;0;7;0;0;2;4;2;B01
201100044721;0;10;0;0;2;1;1;A01
201100044722;1;7;0;0;2;1;1;A01
201100044722;0;7;0;0;2;4;2;B01
201100044723;0;10;0;0;1;1;1;A01
201100044724;0;30;0;0;2;4;23;B01
201100044724;0;7;0;0;2;1;1;A01
201100044725;0;7;0;0;2;4;23;B01
201100044725;0;7;0;0;2;1;1;A01
201100044726;0;7;0;0;2;3;13;A01
201100044726;0;7;0;0;2;3;1;B01
201100044727;0;7;0;0;2;3;11;A01
201100044727;0;31;0;1;2;7;1;B01
201100044728;0;30;0;0;2;7;16;A01
201100044728;0;7;0;0;2;1;1;B01
201100044729;0;7;0;0;2;4;1;C01
201100044729;0;7;0;0;2;1;1;A01
201100044729;0;7;0;0;2;4;1;B01
201100044730;0;32;0;0;2;8;17;B01
201100044730;0;7;0;0;2;8;15;A01
201100044731;0;7;0;8;0;2;14;A01
201100044732;0;7;0;0;2;8;15;B01
201100044732;0;32;0;0;2;1;1;A01
201100044733;0;7;0;8;0;7;14;A01
201100044734;0;7;0;0;2;4;1;B01
201100044734;0;10;0;0;2;1;1;A01
201100044735;0;1;0;0;1;1;1;A01
201100044736;0;7;0;0;1;2;1;A01
201100044737;0;7;0;0;1;1;1;A01
201100044738;0;7;0;1;0;9;21;A01
201100044739;0;7;0;0;2;3;13;A01
201100044739;0;30;0;0;2;1;1;B01
201100044740;0;31;0;0;2;3;1;B01
201100044740;0;7;0;0;2;1;15;A01
201100044741;0;7;0;0;1;1;15;A01
201100044742;0;7;0;0;1;1;1;A01
201100044743;0;7;0;0;2;3;1;B01
201100044743;0;38;1;0;2;2;15;A01
201100044744;0;34;0;0;9;9;21;A01
201100044745;0;7;0;0;2;4;1;D01
201100044745;0;7;0;0;2;4;1;E01
201100044745;0;7;0;0;2;4;1;C01
201100044745;0;7;0;0;2;1;1;A01
201100044745;0;7;0;0;2;4;2;B01
201100044746;0;32;0;0;2;8;1;B01
201100044746;0;7;0;0;0;5;15;A01
201100044747;0;30;0;0;2;1;1;B01
201100044747;0;7;0;0;2;3;1;A01
201100044748;0;10;0;0;2;3;1;A01
201100044748;0;7;0;0;2;2;1;B01
201100044749;0;1;0;0;2;1;15;A01
201100044749;0;7;0;0;2;7;1;B01
201100044750;0;7;0;0;1;1;1;A01
201100044751;0;7;0;0;1;7;1;A01
201100044752;0;7;0;0;2;1;1;B01
201100044752;0;1;0;0;2;7;1;A01
201100044753;0;7;0;15;0;9;1;A01
201100044754;0;7;0;1;0;9;14;A01
201100044755;0;7;0;0;2;2;15;A01
201100044755;0;33;0;0;2;9;1;B01
201100044756;0;33;0;0;2;1;1;B01
201100044756;0;7;0;0;2;5;15;A01
201100044757;0;7;0;0;1;3;15;A01
201100044758;0;7;0;8;0;1;1;A01
201100044759;0;7;0;1;0;1;1;A01
201100044760;0;7;0;0;2;1;1;A01
201100044760;0;30;0;0;2;7;1;B01
201100044761;0;7;0;0;2;7;19;A01
201100044761;0;1;0;0;2;1;1;B01
201100044762;0;7;0;0;2;1;15;B01
201100044762;0;30;0;0;2;4;1;A01
201100044763;0;38;1;0;2;1;13;A01
201100044763;0;7;0;0;2;1;1;C01
201100044763;0;33;0;0;2;1;1;D01
201100044763;0;7;0;0;2;1;1;B01
201100044764;0;7;0;0;1;1;17;A01
201100044765;0;33;0;0;2;1;1;B01
201100044765;0;7;0;0;2;1;9;A01
201100044766;0;7;0;0;2;1;1;A01
201100044766;0;7;0;0;2;3;1;B01
201100044767;0;7;0;12;0;1;13;A01
201100044768;0;1;0;0;2;7;19;B01
201100044768;0;7;0;0;2;3;1;A01
201100044769;0;7;0;0;2;1;2;B01
201100044769;0;7;0;0;1;1;1;A01
201100044770;0;7;0;0;1;1;1;A01
201100044771;0;1;0;0;2;1;1;A01
201100044771;0;7;0;0;2;7;1;B01
201100044772;0;7;0;0;2;4;23;B01
201100044772;0;7;0;0;2;1;1;A01