num_acc;senc;catv;occutc;obs;obsm;choc;manv;num_veh
201100044773;0;7;0;0;2;1;1;A01
201100044773;0;7;0;9;2;7;1;B01
201100044774;0;7;0;0;1;1;1;A01
201100044775;0;7;0;0;2;3;0;A01
201100044775;0;7;0;0;2;6;0;B01
201100044776;0;33;0;0;2;7;17;B01
201100044776;0;7;0;0;2;3;15;A01
201100044777;0;7;0;0;2;3;15;A01
201100044777;0;7;0;0;2;1;1;B01
201100044778;0;7;0;0;1;1;1;A01
201100044779;0;7;0;0;2;2;1;A01
201100044779;0;1;0;0;2;7;0;B01
201100044780;1;7;0;0;1;1;1;Z01
201100044781;1;1;0;0;1;1;1;Z01
201100044782;0;32;0;0;2;1;1;A01
201100044782;0;7;0;0;2;4;1;B01
201100044783;0;7;0;0;1;1;1;A01
201100044784;0;7;0;0;1;7;1;A01
201100044784;0;1;0;0;2;1;19;B01
201100044785;1;7;0;0;1;1;1;Z01
201100044786;0;31;0;0;2;8;1;B01
201100044786;0;7;0;0;2;7;14;A01
201100044787;0;37;1;0;1;2;17;A01
201100044788;0;7;0;0;2;8;15;A01
201100044788;0;34;0;0;2;2;1;B01
201100044789;0;30;0;0;2;8;0;A01
201100044789;0;7;0;0;2;8;15;B01
201100044790;0;14;0;6;0;8;13;A01
201100044791;0;7;0;0;2;3;1;B01
201100044791;1;7;0;0;2;1;2;Z01
201100044792;1;7;0;0;2;1;1;Z01
201100044792;0;7;0;0;2;4;15;A01
201100044793;0;7;0;0;2;4;2;B01
201100044793;0;7;0;0;2;1;1;A01
201100044794;0;7;0;0;2;4;15;B01
201100044794;0;30;0;0;2;1;3;A01
201100044795;0;7;0;0;2;3;15;A01
201100044795;0;1;0;0;2;8;0;B01
201100044796;0;7;0;0;2;1;1;A01
201100044796;0;7;0;0;2;4;2;B01
201100044797;0;7;0;15;0;1;0;A01
201100044798;0;7;0;0;2;1;1;B01
201100044798;0;7;0;0;2;5;1;A01
201100044799;0;7;0;0;2;1;1;A01
201100044799;0;7;0;0;2;1;1;B01
201100044800;0;7;0;1;0;1;0;A01
201100044801;0;30;0;12;0;1;1;A01
201100044802;0;7;0;0;2;1;1;A01
201100044802;0;33;0;0;2;4;2;B01
201100044803;0;33;0;0;2;8;1;B01
201100044803;0;7;0;0;2;3;15;A01
201100044804;0;1;0;0;2;4;1;A01
201100044804;1;7;0;0;2;1;1;Z01
201100044805;0;33;0;0;1;1;15;A01
201100044806;1;7;0;0;1;1;1;Z01
201100044807;0;7;0;0;1;1;1;A01
201100044808;0;7;0;0;2;8;15;A01
201100044808;0;33;0;0;2;1;17;B01
201100044809;0;7;0;0;2;1;19;B01
201100044809;0;33;0;0;2;9;17;A01
201100044810;0;1;0;0;2;8;0;B01
201100044810;0;7;0;0;2;1;1;A01
201100044811;0;7;0;0;2;8;0;B01
201100044811;0;33;0;0;2;7;0;A01
201100044812;2;7;0;1;0;1;14;A01
201100044813;0;7;0;0;2;1;1;C01
201100044813;0;1;0;0;2;1;1;B01
201100044813;0;7;0;0;2;8;22;A01
201100044814;0;7;0;0;2;1;1;A01
201100044814;0;7;0;0;2;3;1;B01
201100044815;0;10;0;0;2;3;1;B01
201100044815;0;1;0;0;2;1;1;A01
201100044816;0;37;1;0;2;3;1;A01
201100044816;0;7;0;0;2;1;1;B01
201100044817;0;10;0;0;2;1;1;A01
201100044817;0;7;0;0;2;3;9;B01
201100044818;0;7;0;0;2;1;1;A01
201100044818;0;7;0;0;2;7;1;B01
201100044819;0;7;0;0;2;1;1;A01
201100044819;0;7;0;0;2;3;1;B01
201100044820;0;7;0;0;2;1;1;A01
201100044820;0;7;0;0;2;7;1;B01
201100044821;0;33;0;1;2;1;1;A01
201100044821;0;7;0;0;2;4;24;B01
201100044822;0;33;0;0;0;7;1;A01
201100044823;0;34;0;0;2;2;1;B01
201100044823;2;30;0;0;2;1;1;A01
201100044824;0;7;0;0;2;6;15;A01
201100044824;0;34;0;0;2;7;15;B01
201100044825;0;7;0;0;2;1;1;A01
201100044825;0;7;0;0;2;4;23;D01
201100044825;0;7;0;0;2;4;23;B01
201100044825;0;7;0;0;2;4;23;C01
201100044826;0;7;0;0;1;8;1;A01
201100044827;0;7;0;0;2;1;1;A01
201100044827;0;7;0;0;2;4;2;B01
201100044828;0;7;0;0;2;8;1;A01
201100044828;0;7;0;0;2;7;1;B01
201100044829;0;7;0;0;2;3;1;A01
201100044829;0;7;0;0;2;1;1;B01
201100044830;0;7;0;0;2;4;1;A01
201100044830;0;2;0;0;2;8;2;B01
201100044831;0;30;0;0;2;1;1;A01
201100044831;0;7;0;0;2;4;1;B01
201100044832;0;10;0;0;2;3;15;A01
201100044832;0;32;0;0;2;3;21;B01
201100044833;0;7;0;1;0;8;1;A01
201100044834;0;7;0;0;2;1;2;B01
201100044834;0;7;0;0;2;4;1;A01
201100044835;0;7;0;0;2;3;15;B01
201100044835;0;33;0;0;2;7;17;A01
201100044836;0;7;0;0;1;2;1;A01
201100044837;0;33;0;0;1;1;1;A01
201100044838;0;33;0;0;2;1;10;A01
201100044838;0;7;0;0;2;6;15;B01
201100044839;1;7;0;0;1;1;1;Z01
201100044840;0;7;0;6;2;3;1;A01
201100044840;0;7;0;0;2;1;1;B01
201100044841;0;7;0;0;1;1;1;A01
201100044842;0;7;0;0;1;1;1;A01
201100044843;0;34;0;0;2;1;1;B01
201100044843;0;7;0;0;2;7;15;A01
201100044844;0;7;0;0;2;2;1;B01
201100044844;0;7;0;0;2;6;19;A01
201100044845;0;7;0;1;0;7;16;A01
201100044846;0;34;0;0;2;4;23;B01
201100044846;0;7;0;0;2;1;12;A01
201100044847;0;10;0;0;2;1;1;B01
201100044847;0;10;0;0;2;7;19;A01
201100044848;0;10;0;0;1;1;1;A01
201100044849;0;7;0;4;0;8;1;A01
201100044850;0;7;0;0;2;4;2;B01
201100044850;0;10;0;0;2;1;1;A01
201100044851;0;7;0;0;2;1;1;A01
201100044851;0;1;0;0;2;7;1;B01
201100044852;0;10;0;1;2;1;1;A01
201100044852;0;37;11;0;2;5;1;B01
201100044853;0;10;0;0;0;0;1;A01
201100044854;0;2;0;0;0;7;1;A01
201100044855;0;31;0;0;2;1;1;B01
201100044855;0;7;0;0;2;2;6;A01
201100044856;0;7;0;0;0;9;0;A01
201100044857;0;10;0;0;1;3;1;A01
201100044858;0;7;0;0;2;4;2;F01
201100044858;0;7;0;0;2;4;2;B01
201100044858;0;15;0;0;2;1;1;A01
201100044858;0;7;0;0;2;7;1;G02
201100044858;0;7;0;0;2;4;2;C02
201100044858;0;7;0;0;2;4;2;E01
201100044858;0;7;0;0;2;4;2;D01
201100044859;0;10;0;0;2;1;1;A01
201100044859;0;3;0;0;2;4;1;B01
201100044860;0;7;0;0;1;3;15;A01
201100044861;0;3;0;0;2;3;9;B01
201100044861;0;33;0;0;2;1;1;A01
201100044862;0;10;0;16;0;0;0;A01
201100044863;0;33;0;0;0;0;0;A01
201100044864;0;7;0;0;1;4;4;A01
201100044865;0;7;0;0;1;3;1;A01
201100044866;0;13;0;9;0;1;14;A01
201100044867;0;33;0;1;0;3;0;A01
201100044867;0;10;0;0;0;3;0;B01
201100044868;0;10;0;0;2;4;2;B01
201100044868;0;10;0;1;2;1;1;A01
201100044869;0;10;0;0;2;1;1;B01
201100044869;0;10;0;0;2;3;0;A01
201100044870;0;7;0;0;1;1;0;A01
201100044871;0;10;0;0;2;2;14;A01
201100044871;0;1;0;0;2;1;1;B01
201100044872;0;7;0;0;2;3;17;B01
201100044872;0;7;0;0;2;2;5;A01
201100044873;0;10;0;0;2;4;2;B01
201100044873;0;1;0;0;2;1;1;A01
201100044874;0;10;0;0;2;1;1;A01
201100044874;0;10;0;0;2;4;2;C01
201100044874;0;10;0;14;2;4;23;B01
201100044875;0;10;0;0;2;3;9;A01
201100044875;0;1;0;0;2;4;1;B01
201100044876;0;2;0;0;0;0;1;A01
201100044877;0;10;0;0;2;1;1;A01
201100044877;0;10;0;0;2;4;2;B01
201100044878;0;10;0;0;0;1;0;A01
201100044879;0;7;0;0;2;8;23;B01
201100044879;0;7;0;0;2;3;14;A01
201100044880;0;10;0;0;2;1;1;A01
201100044880;0;10;0;0;2;4;2;B01
201100044880;0;10;0;0;2;4;1;C01
201100044881;0;10;0;0;2;1;0;B01
201100044881;0;10;0;0;2;1;1;A01
201100044882;0;10;0;0;0;9;0;A01
201100044883;0;10;0;0;2;1;1;A01
201100044883;0;10;0;0;2;4;2;B01
201100044883;0;10;0;0;2;4;2;C01
201100044884;0;7;0;9;0;1;20;A01
201100044885;0;99;0;4;0;2;0;A01
201100044886;0;10;0;0;1;1;15;A01
201100044887;0;10;0;0;0;0;0;A01
201100044888;0;33;0;16;0;8;21;A01
201100044889;0;7;0;0;2;1;1;A01
201100044889;0;7;0;0;2;3;1;B01
201100044890;0;10;0;0;0;6;1;A01
201100044891;0;7;0;0;1;1;1;A01
201100044892;0;7;0;0;2;8;1;A01
201100044892;0;34;0;0;2;1;1;B01
201100044893;0;33;0;0;2;9;1;B01
201100044893;0;7;0;0;2;2;17;A01
201100044894;0;33;0;0;0;2;1;A01
201100044895;0;15;0;0;2;1;1;A01
201100044895;0;10;0;0;2;4;2;B01
201100044896;0;10;0;0;2;1;1;B01
201100044896;0;10;0;0;2;1;1;A01
201100044897;0;7;0;0;0;9;1;A01
201100044898;0;7;0;0;2;1;1;B01
201100044898;0;7;0;0;2;3;13;A01
201100044899;0;7;0;0;6;9;1;A01
201100044900;0;7;0;0;2;1;23;A01
201100044900;0;1;0;0;2;1;1;B01
201100044901;0;30;0;0;0;0;1;A01
201100044902;0;10;0;3;0;1;13;A01
201100044903;0;7;0;8;2;1;0;A01
201100044904;0;10;0;0;2;1;1;A01
201100044904;0;10;0;0;2;4;2;B01
201100044904;0;10;0;0;2;1;23;C01
201100044905;0;2;0;3;0;2;0;A01
201100044906;0;10;0;0;2;7;1;A01
201100044906;0;1;0;0;2;8;1;B01
201100044907;0;33;0;0;0;9;0;A01
201100044908;0;7;0;8;0;1;1;A01
201100044909;0;7;0;0;2;4;2;C01
201100044909;0;7;0;0;2;4;1;A01
201100044909;0;7;0;0;2;1;2;B01
201100044910;0;7;0;0;0;0;1;A01
201100044911;0;15;0;0;2;4;1;A01
201100044911;0;10;0;0;2;4;2;B01
201100044911;0;10;0;0;2;1;2;C01
201100044912;0;7;0;0;0;0;1;A01
201100044913;0;7;0;0;2;7;1;B01
201100044913;0;7;0;0;2;1;1;A01
201100044914;0;13;0;0;2;4;2;B01
201100044914;0;7;0;0;2;1;1;A01
201100044915;0;7;0;0;2;1;1;A01
201100044915;0;7;0;0;2;4;2;B01
201100044916;0;7;0;1;0;8;0;A01
201100044916;0;7;0;0;2;2;24;B01
201100044917;0;7;0;4;0;9;1;A01
201100044918;0;2;0;1;0;1;1;A01
201100044919;0;37;0;0;0;0;0;A01
201100044920;0;7;0;0;1;1;1;A01
201100044921;0;7;0;0;1;1;1;A01
201100044922;0;32;0;0;2;4;1;A01
201100044922;0;7;0;0;2;1;2;B01
201100044923;0;7;0;0;2;4;2;B01
201100044923;0;7;0;0;2;4;1;A01
201100044924;0;7;0;0;0;0;1;A01
201100044925;0;7;0;0;2;1;1;A01
201100044925;0;30;0;0;2;7;1;B01
201100044926;0;7;0;11;0;1;6;A01
201100044927;0;7;0;0;2;1;1;B01
201100044927;0;7;0;0;2;1;13;A01
201100044928;0;10;0;0;0;7;14;A01
201100044929;0;7;0;0;2;1;1;B01
201100044929;0;7;0;0;2;2;15;A01
201100044930;0;10;0;0;2;4;2;B01
201100044930;0;13;0;0;2;1;1;A01
201100044931;0;10;0;0;2;1;1;A01
201100044931;0;10;0;0;2;1;1;B01
201100044932;0;10;0;6;0;1;1;A01
201100044933;0;37;4;0;1;2;15;A01
201100044934;0;1;0;0;0;0;0;A01
201100044935;0;10;0;0;2;1;1;B01
201100044935;0;10;0;0;2;8;13;A01
201100044936;0;2;0;0;0;0;1;A01
201100044937;0;34;0;0;0;7;9;A01
201100044938;0;7;0;9;0;2;1;A01
201100044939;0;7;0;0;5;3;1;A01
201100044940;0;7;0;4;0;6;1;A01
201100044941;0;15;0;4;0;9;1;A01
201100044942;0;7;0;3;0;1;1;A01
201100044943;0;7;0;0;1;1;1;A01
201100044944;0;10;0;0;2;1;1;A01
201100044944;0;10;0;0;2;1;1;B01
201100044945;0;10;0;0;2;1;1;A01
201100044945;0;10;0;0;2;1;13;B01
201100044946;0;10;0;0;0;0;1;A01
201100044947;0;10;0;0;0;0;1;A01
201100044948;0;7;0;0;2;8;1;B01
201100044948;0;10;0;0;2;1;15;A01
201100044949;0;7;0;0;0;8;1;A01
201100044950;0;32;0;0;0;0;1;A01
201100044951;0;20;0;0;2;3;1;B01
201100044951;0;7;0;0;2;4;1;A01
201100044952;0;7;0;0;1;1;15;A01
201100044953;0;7;0;0;1;1;1;A01
201100044954;0;7;0;0;2;3;1;B01
201100044954;0;7;0;7;2;1;16;A01
201100044955;0;7;0;0;1;1;1;A01
201100044956;0;7;0;0;2;2;1;B01
201100044956;0;2;0;0;2;1;1;A01
201100044957;0;37;1;0;2;3;1;B01
201100044957;0;7;0;0;2;2;19;A01
201100044958;0;14;0;0;2;2;15;A01
201100044958;0;7;0;0;2;8;11;B01
201100044959;0;7;0;1;2;1;1;A01
201100044959;0;7;0;1;2;4;1;D01
201100044960;0;37;1;0;1;2;7;A01
201100044961;0;7;0;1;2;8;2;B01
201100044961;0;7;0;0;2;1;1;A01
201100044962;0;7;0;0;2;3;16;A01
201100044962;0;7;0;0;2;3;1;B01
201100044963;0;7;0;0;2;2;16;A01
201100044963;0;20;0;0;2;8;1;B01
201100044964;0;7;0;0;1;2;1;A01
201100044965;0;37;1;0;2;3;1;B01
201100044965;0;7;0;8;2;5;1;A01
201100044966;0;7;0;1;0;3;0;A01
201100044967;0;7;0;0;1;1;1;A01
201100044968;0;7;0;0;2;1;17;A01
201100044968;0;7;0;0;2;1;1;B01
201100044969;0;7;0;0;1;1;1;A01
201100044970;0;7;0;0;2;4;1;B01
201100044970;0;33;0;0;2;1;1;A01
201100044971;0;7;0;4;0;1;1;A01
201100044972;0;7;0;2;0;1;15;A01
201100044973;0;7;0;0;2;7;1;A01
201100044973;0;7;0;0;2;1;1;B01
201100044974;0;37;35;0;1;7;1;A01
201100044975;0;10;0;0;2;1;1;A01
201100044975;0;7;0;0;2;3;6;B01
201100044976;0;7;0;0;2;3;1;B01
201100044976;0;7;0;0;2;3;1;A01
201100044977;0;37;1;0;1;2;1;A01
201100044978;0;7;0;0;2;6;2;B01
201100044978;0;7;0;0;2;4;1;A01
201100044979;0;7;0;0;2;7;2;B01
201100044979;0;7;0;1;2;7;1;A01
201100044980;0;7;0;0;1;1;1;A01
201100044981;0;7;0;0;2;4;1;B01
201100044981;0;7;0;0;2;1;1;A01
201100044982;0;7;0;0;1;1;1;A01
201100044983;0;33;0;0;2;1;1;A01
201100044983;0;7;0;0;2;2;15;B01
201100044984;0;7;0;0;2;2;1;A01
201100044984;0;1;0;0;2;1;1;B01
201100044985;0;7;0;1;2;5;1;B01
201100044985;0;7;0;16;1;1;1;A01
201100044986;2;7;0;0;2;4;1;D01
201100044986;0;7;0;0;2;4;1;B01
201100044986;0;7;0;0;2;4;1;C01
201100044986;2;7;0;0;2;9;1;A01
201100044986;0;7;0;0;2;1;2;E01
201100044987;0;7;0;0;1;2;1;A01
201100044988;0;7;0;0;1;1;1;A01
201100044989;0;7;0;0;1;1;1;A01
201100044990;0;7;0;0;1;2;1;A01
201100044991;0;33;0;0;2;1;1;B01
201100044991;0;7;0;0;2;7;15;A01
201100044992;0;30;0;0;2;1;1;B01
201100044992;0;7;0;0;2;4;12;A01
201100044993;0;30;0;0;1;1;1;A01
201100044994;0;10;0;0;2;8;1;A01
201100044994;0;31;0;0;2;1;1;B01
201100044995;0;7;0;0;2;1;1;B01
201100044995;0;7;0;0;2;1;15;A01
201100044996;0;2;0;0;2;1;17;A01
201100044996;0;7;0;0;2;8;15;B01
201100044997;0;7;0;0;1;3;1;A01
201100044998;0;38;5;14;0;0;1;A01
201100044999;0;7;0;0;2;8;1;B01
201100044999;0;7;0;0;2;1;6;A01
201100044999;0;7;0;0;2;1;1;C01
201100045000;0;7;0;0;2;1;15;A01
201100045000;0;1;0;;2;3;1;B01
201100045001;0;7;0;0;2;8;13;A01
201100045001;0;32;0;0;2;7;17;B01
201100045002;0;7;0;0;1;3;1;A01
201100045003;0;7;0;0;1;1;1;A01
201100045004;0;7;0;0;1;2;1;A01
201100045005;0;7;0;0;1;1;1;A01
201100045006;0;32;0;0;2;1;1;A01
201100045006;0;10;0;0;2;5;2;B01
201100045007;0;1;0;0;2;1;1;B01
201100045007;0;7;0;0;2;2;1;A01
201100045008;0;7;0;0;1;2;17;A01
201100045009;0;7;0;0;1;1;1;A01
201100045010;0;7;0;0;1;4;20;A01
201100045011;0;7;0;0;1;3;1;A01
201100045012;0;7;0;0;2;1;2;C01
201100045012;0;7;0;0;2;4;23;B01
201100045012;0;7;0;0;2;4;23;A01
201100045013;0;7;0;0;2;5;2;B01
201100045013;0;7;0;0;2;4;2;C01
201100045013;0;7;0;0;2;1;1;A01
201100045014;0;7;0;0;1;1;1;A01
201100045015;0;7;0;0;2;2;1;A01
201100045015;0;7;0;0;2;3;1;B01
201100045016;0;33;0;1;0;1;1;A01
201100045017;0;7;0;0;2;1;9;A01
201100045017;0;7;0;0;2;7;1;B01
201100045018;0;7;0;0;2;3;1;B01
201100045018;0;7;0;0;2;3;13;A01
201100045019;0;7;0;0;2;7;1;B01
201100045019;0;7;0;6;2;1;5;A01
201100045020;0;30;0;0;2;2;1;B01
201100045020;0;7;0;0;2;1;15;A01
201100045021;0;7;0;0;2;1;1;A01
201100045021;0;7;0;0;2;4;2;C01
201100045021;0;7;0;0;2;4;2;B01
201100045022;0;7;0;0;2;1;1;B01
201100045022;0;7;0;0;2;1;5;A01
201100045023;0;7;0;0;1;1;1;A01
201100045024;0;7;0;0;2;1;2;A02
201100045024;0;7;0;0;2;4;2;B02
201100045024;0;7;0;0;2;4;23;E01
201100045024;0;7;0;0;2;4;23;D01
201100045024;0;2;0;0;2;4;23;F01
201100045024;0;7;0;0;2;4;23;G01
201100045024;0;7;0;0;2;4;1;C01
201100045025;0;7;0;0;1;3;1;A01
201100045026;0;7;0;0;1;1;1;A01
201100045027;0;7;0;0;2;2;9;A01
201100045027;0;33;0;0;2;3;1;B01
201100045028;0;7;0;0;1;1;0;A01
201100045029;0;31;0;0;2;1;1;B01
201100045029;0;7;0;0;2;8;22;A01
201100045030;0;7;0;2;0;7;1;A01
201100045031;0;30;0;14;0;1;1;A01
201100045032;0;10;0;0;1;1;1;A01
201100045033;0;7;0;0;2;4;1;B01
201100045033;0;7;0;0;2;1;16;A01
201100045033;0;7;0;0;2;1;1;C01
201100045034;0;10;0;0;2;7;1;A01
201100045034;0;7;0;0;2;1;1;B01
201100045035;0;37;1;0;1;1;15;A01
201100045036;0;31;0;0;2;1;1;B01
201100045036;0;7;0;0;2;2;1;A01
201100045037;0;33;0;1;2;1;1;B01
201100045037;0;7;0;0;2;2;15;A01
201100045038;1;2;0;0;1;1;1;Z01
201100045039;0;2;0;0;1;1;0;A01
201100045040;0;7;0;0;2;8;9;B01
201100045040;0;33;0;0;2;8;1;A01
201100045041;0;7;0;0;1;1;15;A01
201100045042;0;31;0;0;2;8;18;A01
201100045042;0;37;1;0;2;6;23;B01
201100045043;0;7;0;0;2;4;2;B01
201100045043;0;30;0;0;2;1;1;A01
201100045044;0;7;0;0;2;4;1;A01
201100045044;0;10;0;0;2;1;1;B01
201100045044;0;7;0;0;2;4;1;C01
201100045045;0;14;0;0;1;2;1;A01
201100045046;0;7;0;0;2;4;1;A01
201100045046;0;10;0;0;2;1;2;B01
201100045047;0;7;0;0;2;3;9;A01
201100045047;0;7;0;0;2;1;1;B01
201100045048;0;2;0;0;2;1;17;B01
201100045048;0;7;0;0;2;3;11;A01
201100045049;0;10;0;0;2;1;9;B01
201100045049;0;1;0;0;2;1;1;A01
201100045050;0;15;0;0;2;2;12;A01
201100045050;0;7;0;0;2;8;16;B01
201100045051;0;30;0;0;2;1;11;A01
201100045051;0;7;0;0;2;1;9;B01
201100045052;0;7;0;0;2;3;1;B01
201100045052;0;30;0;0;2;7;1;A01
201100045053;0;30;0;0;2;8;1;B01
201100045053;0;7;0;0;2;1;1;A01
201100045054;0;33;0;0;2;1;17;B01
201100045054;0;7;0;0;2;3;15;A01
201100045055;0;7;0;0;2;3;1;A01
201100045055;0;7;0;0;2;1;13;B01
201100045056;0;7;0;0;1;2;15;A01
201100045057;0;10;0;0;1;3;1;A01
201100045058;0;7;0;0;1;3;1;A01
201100045059;0;7;0;0;1;1;15;A01
201100045060;0;2;0;0;2;1;1;A01
201100045060;0;7;0;0;2;7;15;B01
201100045061;0;33;0;0;2;1;17;A01
201100045061;0;7;0;0;2;3;15;B01
201100045062;0;7;0;0;2;2;15;A01
201100045062;0;7;0;0;2;2;1;B01
201100045063;0;7;0;0;0;6;10;A01
201100045063;0;33;0;0;2;1;1;B01
201100045064;0;31;0;12;0;7;1;A01
201100045065;0;7;0;0;2;4;1;A01
201100045065;0;33;0;0;2;1;2;B01
201100045066;0;37;1;8;1;1;1;A01
201100045067;0;7;0;0;1;4;1;A01
201100045068;0;15;0;0;2;7;12;A01
201100045068;0;7;0;0;2;8;1;B01
201100045069;0;7;0;0;2;5;1;A01
201100045069;0;7;0;0;2;8;1;B01
201100045070;1;7;0;0;2;5;12;Z01
201100045070;0;33;0;0;2;1;1;A01
201100045071;0;7;0;0;1;1;1;A01
201100045071;0;2;0;0;2;4;1;B01
201100045071;0;7;0;0;2;4;1;C01
201100045072;0;7;0;0;1;3;15;A01
201100045073;0;7;0;0;2;1;1;B01
201100045073;0;7;0;7;2;1;15;A01
201100045074;0;15;0;0;2;1;1;A01
201100045074;0;7;0;3;2;4;1;E01
201100045074;0;7;0;0;2;4;1;D01
201100045074;0;7;0;4;2;4;2;F02
201100045074;0;7;0;0;2;7;1;C01
201100045074;0;7;0;0;2;4;1;G02
201100045074;0;15;0;0;2;4;2;B01
201100045075;0;37;1;0;1;3;13;A01
201100045075;0;7;0;0;2;1;1;B01
201100045076;0;31;0;0;2;7;20;A01
201100045076;0;7;0;0;1;1;1;B01
201100045077;0;32;0;0;2;7;15;A01
201100045077;0;7;0;0;2;7;1;C01
201100045077;0;7;0;0;2;1;1;B01
201100045078;0;7;0;0;1;1;1;A01
201100045079;0;7;0;4;2;7;1;A01
201100045079;1;7;0;0;2;8;13;Z01
201100045080;0;7;0;0;2;4;1;A01
201100045080;0;33;0;0;2;1;2;B01
201100045081;0;7;0;0;1;1;1;A01
201100045082;0;7;0;0;2;1;1;A01
201100045082;0;7;0;0;2;4;1;B01
201100045083;0;7;0;0;2;1;1;B01
201100045083;0;7;0;0;2;1;10;A01
201100045084;0;31;0;0;2;3;15;B01
201100045084;0;32;0;0;2;1;1;A01
201100045085;0;7;0;0;2;1;17;A01
201100045085;0;7;0;0;2;3;19;B01
201100045086;0;2;0;0;0;4;1;B01
201100045086;0;33;0;0;2;1;1;A01
201100045087;0;7;0;0;2;4;2;B01
201100045087;0;37;1;0;2;1;1;A01
201100045088;0;7;0;0;1;8;1;A01
201100045089;0;7;0;0;2;1;1;A01
201100045089;0;7;0;0;2;4;2;B01
201100045089;0;7;0;0;2;4;2;C01
201100045090;0;7;0;0;1;1;1;A01
201100045091;0;7;0;0;2;3;15;B01
201100045091;0;7;0;0;2;3;1;A01
201100045092;0;7;0;0;2;2;1;A01
201100045092;0;7;0;0;2;3;15;B01
201100045093;0;33;0;0;2;4;2;B01
201100045093;0;7;0;0;2;2;1;A01
201100045094;1;1;0;0;1;1;1;A01
201100045095;0;7;0;0;2;4;1;A01
201100045095;2;7;0;0;2;1;2;Z01
201100045096;0;7;0;0;6;1;1;A01
201100045097;0;7;0;0;2;1;2;B01
201100045097;0;7;0;0;2;4;1;A01
201100045098;0;7;0;0;1;5;1;A01
201100045099;0;7;0;0;2;2;1;A01
201100045099;0;2;0;0;2;1;1;B01
201100045100;0;7;0;0;2;5;1;C01
201100045100;0;33;0;0;2;7;3;B01
201100045100;0;7;0;0;2;8;11;A01
201100045101;0;7;0;0;2;4;2;B01
201100045101;0;7;0;0;2;1;1;A01
201100045102;0;7;0;0;2;4;2;B01
201100045102;0;34;0;0;2;1;1;A01
201100045103;0;7;0;0;1;1;1;A01
201100045104;0;33;0;0;2;7;3;A01
201100045104;0;7;0;0;2;8;11;B01
201100045105;0;7;0;0;2;8;13;B01
201100045105;0;32;0;0;2;1;17;A01
201100045106;0;7;0;0;2;2;1;A01
201100045106;0;7;0;0;2;8;15;B01
201100045107;0;7;0;0;2;1;1;A01
201100045107;0;7;0;0;2;4;1;B01
201100045108;0;7;0;0;1;2;15;A01
201100045109;1;7;0;0;0;0;12;Z01
201100045109;0;7;0;0;0;9;1;A01
201100045110;0;7;0;0;1;7;1;A01
201100045111;0;7;0;0;2;3;2;C01
201100045111;0;7;0;0;2;1;1;A01
201100045111;0;7;0;0;2;2;1;B01
201100045112;1;7;0;0;2;1;1;B01
201100045112;0;30;0;0;2;1;1;A01
201100045113;1;3;0;0;2;7;2;A01
201100045113;0;1;0;0;2;8;2;B01
201100045114;0;30;0;0;2;1;1;A01
201100045114;0;7;0;0;2;4;2;B01
201100045115;0;30;0;0;2;1;1;A01
201100045115;0;7;0;0;2;4;2;B01
201100045116;0;30;0;0;2;4;1;A01
201100045116;1;7;0;0;2;1;1;B01
201100045117;0;7;0;0;2;3;1;B01
201100045117;0;30;0;0;2;2;1;A01
201100045118;0;33;0;0;2;3;1;B01
201100045118;0;7;0;0;2;6;20;A01
201100045119;0;7;0;0;2;1;2;B01
201100045119;0;10;0;0;2;1;2;C01
201100045119;0;7;0;0;2;4;1;A01
201100045120;0;7;0;0;2;4;2;B01
201100045120;0;7;0;0;2;1;1;A01
201100045121;0;7;0;0;1;4;20;A01
201100045122;0;7;0;0;2;1;2;B01
201100045122;0;7;0;0;2;4;1;A01
201100045123;0;7;0;0;0;9;1;A01
201100045124;0;7;0;0;2;3;20;A01
201100045124;0;33;0;0;1;1;21;B01
201100045125;0;7;0;0;2;1;2;A01
201100045125;0;7;0;0;2;4;2;B01
201100045126;0;7;0;0;2;4;2;B01
201100045126;0;7;0;0;2;4;2;C01
201100045126;0;7;0;0;2;1;2;A01
201100045127;0;7;0;0;1;1;1;A01
201100045128;0;7;0;0;2;1;1;A01
201100045128;0;7;0;0;2;4;2;B01
201100045129;0;7;0;0;1;1;1;A01
201100045130;0;7;0;0;1;1;1;A01
201100045131;0;7;0;0;2;1;1;A01
201100045131;0;7;0;0;2;8;15;B01
201100045132;0;33;0;0;2;1;1;A01
201100045132;0;7;0;0;1;3;1;B01
201100045133;0;7;0;1;0;1;1;A01
201100045134;0;7;0;0;2;1;9;A01
201100045134;0;7;0;0;2;7;1;B01
201100045135;0;10;0;0;1;1;1;A01
201100045136;0;10;0;0;1;1;1;A01
201100045137;0;7;0;0;6;1;1;A01
201100045137;0;7;0;0;6;1;0;B01
201100045137;0;7;0;0;6;1;1;C01
201100045138;1;7;0;0;1;1;1;A01
201100045139;1;7;0;0;2;8;1;B01
201100045139;0;33;0;0;2;2;1;A01
201100045140;0;7;0;0;1;1;1;A01
201100045141;0;7;0;0;2;1;2;C01
201100045141;0;7;0;0;2;1;2;B01
201100045141;0;7;0;0;6;4;1;A01
201100045142;0;7;0;1;0;1;1;A01
201100045143;0;7;0;0;1;1;1;A01
201100045144;0;7;0;0;1;1;1;A01
201100045145;0;7;0;0;2;1;1;B01
201100045145;0;7;0;0;2;2;15;A01
201100045146;0;7;0;0;2;4;1;A01
201100045146;0;7;0;0;2;1;2;B01