num_acc;senc;catv;occutc;obs;obsm;choc;manv;num_veh
201100045147;0;7;0;3;0;9;1;A01
201100045148;0;30;0;1;0;1;1;A01
201100045149;0;7;0;3;0;1;1;A01
201100045150;0;3;0;7;0;1;1;A01
201100045151;0;33;0;0;2;6;1;B01
201100045151;0;7;0;0;2;2;1;A01
201100045152;0;32;0;0;1;1;1;A01
201100045153;0;7;0;0;2;6;17;A01
201100045153;0;33;0;0;2;4;17;B01
201100045154;0;7;0;0;1;2;1;A01
201100045155;1;7;0;0;2;1;1;Z01
201100045155;0;1;0;0;2;4;15;A01
201100045156;0;7;0;0;2;4;1;A01
201100045156;0;31;0;0;2;1;9;B01
201100045157;0;7;0;0;2;7;1;A01
201100045157;0;7;0;0;2;1;1;B01
201100045158;0;31;0;0;2;1;14;B01
201100045158;0;7;0;0;0;7;13;A01
201100045159;0;7;0;0;2;4;2;B01
201100045159;0;7;0;0;2;4;1;C01
201100045159;0;7;0;0;2;1;1;A01
201100045160;0;13;0;0;2;1;1;A01
201100045160;0;7;0;0;2;4;1;B01
201100045161;1;7;0;0;1;1;1;Z01
201100045162;0;31;0;0;0;0;1;A01
201100045163;0;37;1;0;1;3;17;A01
201100045164;0;7;0;0;1;1;1;A01
201100045165;0;30;0;0;2;1;1;C01
201100045165;0;7;0;0;2;5;15;B01
201100045166;0;7;0;0;2;1;15;A01
201100045166;0;1;0;0;2;1;19;B01
201100045167;0;7;0;12;1;2;14;A01
201100045168;0;7;0;0;2;8;11;B01
201100045168;0;33;0;0;2;7;3;A01
201100045169;0;7;0;0;2;8;15;B01
201100045169;0;7;0;0;2;2;17;A01
201100045170;0;7;0;0;2;1;9;A01
201100045170;0;2;0;0;2;8;1;B01
201100045171;0;32;0;0;2;8;1;B01
201100045171;0;7;0;0;2;7;17;A01
201100045172;0;7;0;0;2;1;1;A01
201100045172;0;7;0;0;2;4;2;B01
201100045172;0;7;0;0;2;4;2;C01
201100045173;0;7;0;0;2;1;13;B01
201100045173;0;7;0;0;2;1;1;A01
201100045174;0;7;0;0;2;1;1;A01
201100045174;0;7;0;8;2;5;16;B01
201100045175;0;7;0;15;0;4;4;A01
201100045176;0;7;0;8;0;1;0;A01
201100045177;0;7;0;6;0;1;17;A01
201100045178;0;7;0;0;2;3;1;B01
201100045178;0;7;0;0;2;1;13;A01
201100045179;0;2;0;0;0;1;1;A01
201100045180;0;7;0;0;1;2;1;A01
201100045181;0;2;0;0;1;1;17;A01
201100045182;0;31;0;0;0;8;14;A01
201100045183;0;7;0;0;2;3;15;A01
201100045183;0;33;0;0;0;1;17;B01
201100045184;0;7;0;0;2;4;23;C01
201100045184;0;7;0;0;2;4;23;D01
201100045184;0;7;0;0;2;4;23;B01
201100045184;0;10;0;0;2;1;1;A01
201100045185;0;33;0;3;0;8;15;A01
201100045186;2;7;0;6;1;5;4;A01
201100045187;0;30;0;0;2;1;1;A01
201100045187;0;10;0;0;2;7;2;B01
201100045188;0;7;0;0;2;7;2;B01
201100045188;0;7;0;0;2;3;2;A01
201100045189;0;7;0;0;2;1;1;A01
201100045189;0;1;0;0;2;1;1;B01
201100045190;0;7;0;0;1;1;1;A01
201100045191;0;7;0;0;2;1;1;A01
201100045191;0;7;0;0;2;4;2;B01
201100045191;0;7;0;0;2;4;2;C01
201100045192;0;2;0;0;2;2;1;A01
201100045192;0;7;0;0;2;6;2;B01
201100045193;0;1;0;12;0;1;0;A01
201100045194;1;7;0;0;1;1;1;A01
201100045195;0;7;0;0;2;4;1;B01
201100045195;0;7;0;1;2;1;9;A01
201100045196;0;1;0;0;0;0;1;A01
201100045197;0;30;0;5;0;1;1;A01
201100045198;0;1;0;6;0;1;1;A01
201100045199;0;7;0;0;2;4;2;C01
201100045199;0;7;0;0;2;4;2;B01
201100045199;0;7;0;0;2;1;2;A01
201100045200;0;7;0;8;0;1;1;A01
201100045201;0;30;0;0;0;1;1;A01
201100045202;0;7;0;0;2;4;1;B01
201100045202;0;2;0;0;2;1;1;A01
201100045203;0;7;0;0;2;1;15;A01
201100045203;0;7;0;0;2;1;5;B01
201100045204;0;1;0;0;2;8;2;B01
201100045204;0;7;0;0;2;7;17;A01
201100045205;0;2;0;0;2;1;5;A01
201100045205;0;7;0;0;2;1;1;B01
201100045206;0;7;0;0;1;1;1;A01
201100045207;0;7;0;0;2;4;2;B01
201100045207;0;7;0;0;2;1;1;A01
201100045208;0;1;0;0;0;1;1;A01
201100045209;0;1;0;0;0;0;1;A01
201100045210;0;2;0;3;2;9;1;A01
201100045210;0;7;0;0;2;1;2;B01
201100045211;0;30;0;0;0;0;1;A01
201100045212;0;2;0;1;0;1;1;A01
201100045213;0;7;0;0;2;4;2;B01
201100045213;0;7;0;0;2;1;1;A01
201100045214;0;1;0;0;2;1;1;A01
201100045214;0;7;0;0;2;4;2;B01
201100045215;0;7;0;0;1;1;1;A01
201100045216;0;7;0;0;1;1;1;A01
201100045217;0;1;0;0;0;1;1;A01
201100045218;0;33;0;0;0;1;1;A01
201100045219;0;1;0;0;0;1;1;A01
201100045220;0;7;0;0;1;1;1;A01
201100045221;0;7;0;0;2;4;2;B01
201100045221;0;37;1;0;2;1;1;A01
201100045222;0;33;0;1;2;1;2;A01
201100045222;0;7;0;0;2;4;1;B01
201100045223;0;31;0;0;0;1;15;A01
201100045224;0;30;0;3;0;1;1;A01
201100045225;0;1;0;0;0;1;1;A01
201100045226;0;2;0;0;1;1;1;A01
201100045227;0;2;0;0;0;1;1;A01
201100045228;0;30;0;0;2;1;1;B01
201100045228;0;7;0;0;2;1;10;A01
201100045229;0;33;0;0;2;1;1;A01
201100045229;0;7;0;0;2;1;1;B01
201100045230;0;7;0;0;0;1;1;A01
201100045231;0;7;0;0;2;1;16;A01
201100045231;0;1;0;0;2;1;1;B01
201100045232;0;7;0;0;2;1;2;B01
201100045232;0;7;0;0;2;1;1;A01
201100045232;0;7;0;0;2;4;2;C01
201100045233;0;7;0;0;1;4;4;A01
201100045234;0;7;0;0;2;1;15;A01
201100045234;0;7;0;0;2;1;1;B01
201100045235;0;33;0;0;0;1;1;A01
201100045236;0;1;0;0;2;1;1;A01
201100045236;0;7;0;0;2;1;1;B01
201100045237;0;2;0;0;2;1;1;A01
201100045237;0;7;0;0;2;1;1;B01
201100045238;0;7;0;0;2;7;1;A01
201100045238;0;33;0;0;2;1;1;B01
201100045239;0;2;0;0;2;7;1;A01
201100045239;0;7;0;0;2;8;2;B01
201100045240;0;7;0;0;2;1;5;B01
201100045240;0;7;0;0;2;1;5;A01
201100045241;0;7;0;0;2;1;1;A01
201100045241;0;7;0;0;2;4;23;B01
201100045242;0;7;0;0;2;1;1;B01
201100045242;0;7;0;5;2;5;13;A01
201100045243;0;7;0;0;2;1;1;A01
201100045243;0;7;0;0;2;4;2;B01
201100045244;0;2;0;0;0;0;1;A01
201100045245;0;7;0;0;2;1;24;B01
201100045245;0;7;0;0;2;4;1;A01
201100045246;0;38;1;0;2;7;1;B01
201100045246;0;7;0;0;2;1;1;A01
201100045247;0;1;0;0;0;1;16;A01
201100045248;0;13;0;0;2;1;1;A01
201100045248;0;7;0;0;2;1;1;B01
201100045249;0;7;0;6;2;1;20;A01
201100045250;0;7;0;0;2;1;1;B01
201100045250;0;7;0;0;2;1;1;A01
201100045251;0;13;0;0;2;1;1;A01
201100045251;0;7;0;0;2;1;1;B01
201100045252;0;7;0;0;2;3;1;B01
201100045252;0;10;0;0;2;1;1;A01
201100045253;0;2;0;0;2;1;16;B01
201100045253;0;7;0;0;2;2;16;A01
201100045254;0;1;0;0;0;1;1;A01
201100045255;0;7;0;0;1;4;4;A01
201100045256;0;7;0;0;2;1;1;B01
201100045256;0;7;0;0;2;2;1;A01
201100045257;0;2;0;0;0;1;1;A01
201100045258;0;31;0;0;2;8;1;A01
201100045258;0;7;0;0;2;4;2;B01
201100045259;0;7;0;0;2;1;6;A01
201100045259;0;7;0;0;2;1;1;B01
201100045260;0;2;0;0;2;1;5;A01
201100045260;0;32;0;0;2;1;1;B01
201100045261;0;7;0;16;0;7;16;A01
201100045262;0;7;0;0;2;4;2;B01
201100045262;0;33;0;0;2;1;1;A01
201100045263;0;33;0;0;2;2;1;A01
201100045263;0;7;0;0;2;1;11;B01
201100045264;0;2;0;0;2;1;17;A01
201100045264;0;10;0;0;2;6;1;B01
201100045265;0;7;0;0;1;8;1;A01
201100045266;0;7;0;0;1;3;15;A01
201100045267;0;7;0;0;2;5;2;B01
201100045267;0;32;0;0;2;1;1;A01
201100045268;0;1;0;0;2;1;15;B01
201100045268;0;7;0;0;2;7;16;A01
201100045269;0;32;0;16;0;0;1;A01
201100045270;0;7;0;0;2;8;15;B01
201100045270;0;32;0;0;2;2;17;A01
201100045271;0;7;0;8;0;9;1;A01
201100045272;0;7;0;7;0;1;1;A01
201100045273;0;1;0;16;0;0;0;A01
201100045274;0;7;0;0;2;1;1;C01
201100045274;0;7;0;0;2;4;1;B01
201100045274;0;7;0;0;2;4;1;A01
201100045275;0;17;0;6;0;1;1;A01
201100045276;0;7;0;5;0;1;1;A01
201100045277;0;1;0;0;2;1;1;B01
201100045277;0;7;0;0;2;1;1;A01
201100045278;0;7;0;0;1;1;1;A01
201100045279;0;7;0;0;2;8;23;B01
201100045279;0;7;0;0;2;1;1;A01
201100045280;0;7;0;1;0;1;1;A01
201100045281;0;7;0;0;0;9;1;A01
201100045282;0;33;0;0;2;1;1;A01
201100045282;0;33;0;0;0;1;2;C01
201100045282;0;7;0;0;2;3;2;B01
201100045283;0;7;0;2;0;1;1;A01
201100045284;0;1;0;0;0;1;1;A01
201100045285;0;7;0;0;1;1;1;A01
201100045286;0;1;0;0;2;8;2;B01
201100045286;0;7;0;0;2;3;1;A01
201100045287;0;7;0;0;1;1;1;A01
201100045288;0;7;0;3;0;1;1;A01
201100045289;0;1;0;0;2;7;1;A01
201100045289;0;7;0;0;2;8;1;B01
201100045290;0;7;0;0;2;1;15;A01
201100045290;0;33;0;0;2;7;1;B01
201100045291;0;2;0;16;0;8;1;A01
201100045292;0;7;0;0;2;1;15;B01
201100045292;0;7;0;0;2;8;1;A01
201100045293;0;7;0;0;1;2;1;A01
201100045294;0;2;0;16;0;0;1;A01
201100045295;0;1;0;15;0;0;1;A01
201100045296;0;7;0;0;2;1;9;B01
201100045296;0;7;0;0;2;7;1;A01
201100045297;0;2;0;0;2;1;1;B01
201100045297;0;10;0;0;2;2;16;A01
201100045298;0;7;0;0;1;1;15;A01
201100045299;0;1;0;0;2;1;1;B01
201100045299;0;7;0;0;2;2;15;A01
201100045300;0;7;0;0;2;3;9;A01
201100045300;0;7;0;0;2;7;1;B01
201100045301;0;1;0;0;2;1;13;A01
201100045301;0;1;0;0;2;1;1;B01
201100045302;0;31;0;0;0;0;1;A01
201100045303;0;7;0;0;1;3;1;A01
201100045304;0;30;0;0;2;7;1;B01
201100045304;0;7;0;0;2;1;15;A01
201100045305;0;7;0;0;2;4;1;C01
201100045305;0;7;0;0;2;1;1;D01
201100045305;0;7;0;0;2;4;1;A01
201100045305;0;7;0;0;2;1;1;B01
201100045306;0;7;0;0;2;2;1;A01
201100045306;0;7;0;0;2;6;2;B01
201100045307;0;7;0;0;2;4;2;B01
201100045307;0;7;0;0;2;1;1;A01
201100045308;0;30;0;0;2;0;1;A01
201100045308;0;7;0;0;1;0;1;B01
201100045309;0;33;0;4;0;0;17;A01
201100045310;0;7;0;1;2;1;13;A01
201100045310;0;1;0;0;2;1;1;B01
201100045311;0;7;0;0;1;1;15;A01
201100045312;0;7;0;0;2;1;1;B01
201100045312;0;7;0;0;2;1;15;A01
201100045313;0;7;0;6;0;1;1;A01
201100045314;0;7;0;0;1;1;15;A01
201100045315;0;7;0;0;2;1;1;B01
201100045315;0;7;0;3;2;1;1;A01
201100045316;0;2;0;0;0;0;1;A01
201100045317;0;38;5;0;1;7;1;A01
201100045318;0;7;0;0;2;6;4;A01
201100045318;0;30;0;0;2;1;1;B01
201100045319;0;33;0;1;0;1;1;A01
201100045320;0;7;0;0;2;2;19;B01
201100045320;0;7;0;0;2;3;15;A01
201100045321;0;7;0;1;2;4;23;B01
201100045321;0;7;0;0;2;4;23;C01
201100045321;0;7;0;0;2;3;1;A01
201100045322;0;2;0;0;0;8;1;A01
201100045323;0;7;0;0;2;2;1;A01
201100045323;0;7;0;0;2;4;2;B01
201100045324;0;7;0;0;2;4;2;C01
201100045324;0;7;0;14;2;4;2;B01
201100045324;0;7;0;14;0;1;1;A01
201100045325;0;7;0;15;2;1;1;A01
201100045325;0;7;0;15;2;2;1;B01
201100045326;1;7;0;0;2;3;0;A01
201100045326;0;1;0;0;2;1;0;B01
201100045327;0;1;0;;2;8;19;B02
201100045327;0;33;0;0;2;1;1;A01
201100045328;0;7;0;0;2;1;1;A01
201100045328;0;7;0;0;2;3;1;B01
201100045329;0;2;0;0;2;1;1;A01
201100045329;0;7;0;0;2;3;15;B01
201100045330;0;2;0;0;1;1;1;A01
201100045331;0;7;0;0;2;3;15;B01
201100045331;0;32;0;0;2;1;17;A01
201100045332;0;7;0;0;2;2;15;B01
201100045332;0;32;0;0;2;1;1;A01
201100045333;0;7;0;0;1;2;1;A01
201100045334;0;7;0;0;2;4;1;A01
201100045334;0;7;0;0;2;1;2;B01
201100045335;0;7;0;1;2;4;2;B01
201100045335;0;7;0;0;2;1;1;A01
201100045335;0;7;0;1;2;4;0;C01
201100045336;0;7;0;1;2;6;23;B01
201100045336;0;7;0;0;2;2;1;A01
201100045337;0;7;0;0;2;0;0;A01
201100045337;0;2;0;0;2;0;0;B01
201100045338;0;7;0;0;1;1;1;A01
201100045339;0;7;0;0;1;1;1;A01
201100045340;0;32;0;0;2;1;17;A01
201100045340;0;7;0;0;2;3;15;B01
201100045341;0;33;0;0;2;2;1;B01
201100045341;0;7;0;0;2;3;16;A01
201100045342;0;7;0;0;2;1;1;A01
201100045342;0;7;0;0;2;3;1;B01
201100045343;0;7;0;0;2;2;15;A01
201100045343;0;33;0;0;2;3;1;B01
201100045344;0;7;0;0;1;2;1;A01
201100045345;0;1;0;0;1;1;1;A01
201100045346;0;2;0;0;2;1;1;A01
201100045346;0;2;0;0;2;1;1;B01
201100045347;0;1;0;0;1;1;1;A01
201100045348;0;7;0;0;1;6;1;A01
201100045349;0;7;0;0;2;1;1;B01
201100045349;0;2;0;0;2;1;1;A01
201100045350;0;2;0;0;2;1;17;A01
201100045350;0;7;0;0;2;8;15;B01
201100045351;0;7;0;0;2;2;15;A01
201100045351;0;32;0;0;2;1;1;B01
201100045352;0;33;0;0;2;7;1;B01
201100045352;0;7;0;0;2;1;15;A01
201100045353;0;7;0;1;0;2;14;A01
201100045354;0;7;0;0;1;1;15;A01
201100045355;0;10;0;0;2;8;10;B01
201100045355;0;30;0;0;2;1;17;A01
201100045356;0;7;0;0;2;8;15;B01
201100045356;0;33;0;1;2;1;17;A01
201100045357;0;7;0;0;1;1;1;A01
201100045358;0;31;0;0;2;1;1;A01
201100045358;0;7;0;0;2;5;15;B01
201100045359;0;7;0;0;1;3;1;A01
201100045360;0;7;0;0;1;3;1;A01
201100045361;0;7;0;0;1;3;1;A01
201100045362;0;7;0;0;2;1;9;A01
201100045362;0;7;0;0;1;4;2;B01
201100045363;0;33;0;0;2;1;17;A01
201100045363;0;7;0;0;2;4;15;B01
201100045364;0;2;0;0;2;1;19;A01
201100045364;0;7;0;0;2;3;19;B01
201100045365;0;7;0;0;2;3;1;B01
201100045365;2;7;0;0;2;1;15;A01
201100045366;0;10;0;0;2;3;11;A01
201100045366;0;32;0;0;2;7;1;B01
201100045367;0;30;0;0;2;1;1;B01
201100045367;0;7;0;0;2;8;15;A01
201100045368;0;7;0;0;1;3;1;A01
201100045369;0;7;0;0;2;4;6;C01
201100045369;0;7;0;0;2;4;1;B01
201100045369;0;33;0;0;2;1;2;A01
201100045370;0;7;0;0;2;1;16;A01
201100045370;0;1;0;0;2;3;1;B01
201100045371;0;33;0;0;2;1;1;B01
201100045371;0;7;0;0;2;2;15;A01
201100045372;0;2;0;0;2;1;17;A01
201100045372;0;7;0;0;2;3;15;B01
201100045373;0;7;0;0;1;1;1;A01
201100045374;0;7;0;0;1;1;1;A01
201100045375;0;7;0;0;2;2;1;B01
201100045375;0;37;1;0;2;6;11;A01
201100045376;0;10;0;0;1;1;1;A01
201100045377;0;33;0;0;2;8;13;A01
201100045377;0;10;0;0;2;8;17;B01
201100045378;0;30;0;0;1;2;1;A01
201100045379;0;1;0;0;2;0;15;B01
201100045379;0;7;0;0;2;2;16;A01
201100045380;0;13;0;0;2;2;16;B01
201100045380;0;32;0;0;2;8;18;A01
201100045381;0;7;0;6;1;1;21;A01
201100045382;0;7;0;0;2;3;15;A01
201100045382;0;2;0;0;2;1;1;B01
201100045383;0;7;0;0;2;4;23;B01
201100045383;0;7;0;0;2;1;2;A01
201100045384;0;7;0;0;2;6;15;A01
201100045384;0;2;0;0;2;1;1;B01
201100045385;0;30;0;0;2;1;1;A01
201100045385;0;7;0;0;2;8;15;B01
201100045386;0;7;0;0;1;2;1;A01
201100045387;0;7;0;0;1;1;9;A01
201100045388;0;1;0;0;2;1;1;B01
201100045388;0;7;0;0;2;5;16;A01
201100045389;0;30;0;0;2;1;2;A01
201100045389;0;7;0;0;2;4;23;B01
201100045390;0;7;0;0;1;2;1;A01
201100045391;0;30;0;0;2;8;1;A01
201100045391;0;7;0;0;2;2;1;B01
201100045392;0;99;0;0;1;4;4;A01
201100045393;1;7;0;0;2;1;2;A01
201100045393;0;7;0;0;2;4;1;B01
201100045394;0;7;0;0;2;8;15;A01
201100045394;0;30;0;0;2;1;1;B01
201100045395;0;7;0;0;2;1;2;A01
201100045395;0;13;0;0;2;4;1;B01
201100045396;0;10;0;0;2;2;15;A01
201100045396;0;33;0;0;2;1;1;B01
201100045397;0;30;0;0;2;1;1;A01
201100045397;0;7;0;0;2;7;1;B01
201100045398;0;33;0;0;1;1;3;A01
201100045399;0;33;0;0;1;1;21;A01
201100045400;0;7;0;0;2;1;2;A01
201100045400;0;31;0;0;2;1;2;B01
201100045400;0;7;0;0;2;6;23;C01
201100045401;0;33;0;8;0;1;1;A01
201100045402;0;10;0;0;2;2;9;A01
201100045402;0;31;0;0;2;1;1;B01
201100045403;0;7;0;0;2;4;1;A01
201100045403;0;7;0;0;2;1;2;B01
201100045404;0;2;0;0;2;1;1;A01
201100045404;0;7;0;0;2;2;15;B01
201100045405;0;7;0;0;2;1;16;A01
201100045405;0;1;0;0;2;7;19;B01
201100045406;0;14;0;0;1;2;5;A01
201100045407;0;7;0;0;2;1;2;A01
201100045407;0;7;0;0;2;4;1;B01
201100045408;0;37;1;0;1;0;1;A01
201100045409;0;7;0;0;1;2;16;A01
201100045410;0;7;0;0;1;1;1;A01
201100045411;0;7;0;0;2;2;15;A01
201100045411;0;7;0;0;2;1;1;B01
201100045412;0;7;0;2;2;2;1;B01
201100045412;0;7;0;0;2;1;23;A01
201100045413;0;10;0;0;2;7;1;A01
201100045413;0;31;0;0;2;9;1;B01
201100045414;0;7;0;0;2;1;1;B01
201100045414;0;7;0;0;2;7;1;A01
201100045415;0;7;0;0;2;2;1;A01
201100045415;0;7;0;0;2;3;1;B01
201100045416;0;7;0;0;2;4;1;C01
201100045416;0;7;0;0;2;2;12;B01
201100045416;0;34;0;0;2;1;1;A01
201100045417;0;30;0;0;2;1;2;A01
201100045417;0;7;0;0;2;5;1;B01
201100045418;0;30;0;0;1;7;1;A01
201100045419;0;33;0;0;2;1;3;A01
201100045419;0;7;0;0;2;4;12;B01
201100045420;0;1;0;0;2;1;2;A01
201100045420;0;7;0;0;2;4;23;B01
201100045421;0;7;0;0;2;5;15;B01
201100045421;0;2;0;0;2;1;1;A01
201100045422;0;7;0;0;2;2;15;A01
201100045422;0;30;0;0;2;1;1;B01
201100045423;0;2;0;6;0;1;1;A01
201100045424;0;7;0;0;1;2;1;A01
201100045425;0;33;0;0;2;1;1;A01
201100045425;0;10;0;0;2;6;1;B01
201100045426;0;30;0;0;2;3;18;A01
201100045426;0;7;0;0;2;7;15;B01
201100045427;0;10;0;0;1;1;16;A01
201100045428;0;2;0;0;2;1;1;A01
201100045428;0;7;0;0;2;4;1;B01
201100045429;0;7;0;0;2;3;21;A01
201100045429;0;7;0;0;2;5;11;B01
201100045430;0;7;0;0;1;6;4;A01
201100045431;0;30;0;0;2;8;1;A01
201100045431;0;32;0;0;2;1;1;B01
201100045432;0;10;0;0;1;3;1;A01
201100045433;0;7;0;0;2;4;1;B01
201100045433;0;7;0;0;2;1;2;A01
201100045434;0;7;0;0;1;5;4;A01
201100045435;0;7;0;0;2;3;1;A01
201100045435;0;2;0;0;2;2;1;B01
201100045436;0;14;0;0;2;5;15;B01
201100045436;0;32;0;0;2;7;17;A01
201100045437;0;32;0;0;1;2;17;A01
201100045438;0;7;0;0;2;7;15;A01
201100045438;0;33;0;0;2;1;1;B01
201100045439;0;30;0;0;2;1;1;B01
201100045439;0;33;0;1;2;2;1;A01
201100045440;0;7;0;0;2;3;1;A01
201100045440;0;33;0;0;2;1;1;B01
201100045441;0;1;0;0;2;8;18;A01
201100045441;0;14;0;0;2;7;1;B01
201100045442;0;33;0;0;1;1;3;A01
201100045443;0;15;0;0;2;6;2;B01
201100045443;0;30;0;0;2;0;17;A01
201100045444;0;30;0;0;2;1;1;A01
201100045444;0;7;0;0;2;8;1;B01
201100045445;0;30;0;0;2;1;1;A01
201100045445;0;7;0;0;2;3;1;B01
201100045446;0;30;0;0;2;2;17;B01
201100045446;0;13;0;0;2;3;19;A01
201100045447;0;15;0;0;1;2;1;A01
201100045448;0;33;0;0;2;7;3;A01
201100045448;0;7;0;0;2;3;15;B01
201100045449;0;13;0;0;1;1;1;A01
201100045450;0;37;15;0;2;6;23;B01
201100045450;0;17;0;0;2;2;13;A01
201100045451;0;7;0;0;2;3;15;A01
201100045451;0;30;0;0;2;1;17;B01
201100045452;0;33;0;0;1;3;17;A01
201100045453;0;7;0;0;1;2;1;A01
201100045454;0;7;0;0;2;2;1;A01
201100045454;0;34;0;0;2;1;1;B01
201100045455;0;32;0;0;2;6;1;B01
201100045455;0;7;0;0;2;2;16;A01
201100045456;0;7;0;0;1;1;1;A01
201100045457;0;7;0;0;2;2;4;B01
201100045457;0;14;0;0;2;1;1;A01
201100045458;0;7;0;0;2;8;24;B01
201100045458;0;7;0;1;0;2;17;A01
201100045459;0;10;0;0;1;4;4;A01
201100045460;0;7;0;0;1;1;1;A01
201100045461;2;32;0;0;2;2;1;B01
201100045461;0;7;0;0;2;4;9;A01
201100045462;0;7;0;0;1;1;1;A01
201100045463;0;7;0;0;2;8;15;A01
201100045463;0;32;0;0;2;7;17;B01
201100045464;0;7;0;0;2;7;1;B01
201100045464;0;33;0;0;2;1;18;A01
201100045465;0;33;0;0;2;8;1;B01
201100045465;0;7;0;0;2;7;12;A01
201100045466;0;7;0;0;2;3;1;B01
201100045466;0;30;0;0;2;2;17;A01
201100045467;0;7;0;0;2;3;24;A01
201100045467;0;1;0;1;0;1;1;B01
201100045468;0;10;0;0;1;4;4;A01
201100045469;0;30;0;0;2;3;1;B01
201100045469;0;37;2;0;2;3;17;A01
201100045470;0;7;0;0;1;2;1;A01
201100045471;0;7;0;0;1;1;8;A01
201100045472;0;10;0;0;1;2;16;A01
201100045473;0;7;0;0;2;3;19;A01
201100045473;0;34;0;0;2;2;1;B01
201100045474;0;1;0;0;2;2;1;B01
201100045474;0;30;0;0;2;3;1;A01
201100045475;0;7;0;0;1;3;15;A01
201100045476;0;32;0;0;5;2;1;A01
201100045477;0;1;0;0;2;8;1;B01
201100045477;1;7;0;0;2;3;15;A01
201100045478;0;10;0;0;2;6;1;C01
201100045478;0;33;0;0;2;1;2;A01
201100045478;0;7;0;0;2;4;15;B01
201100045479;0;7;0;0;2;5;1;B01
201100045479;0;7;0;0;2;8;18;A01
201100045480;0;7;0;0;2;7;1;B01
201100045480;0;7;0;0;2;1;1;A01
201100045481;0;10;0;0;2;3;1;A01
201100045481;0;1;0;0;2;7;1;B01
201100045482;0;7;0;0;2;3;15;B01
201100045482;0;32;0;0;2;7;17;A01
201100045483;0;7;0;0;2;3;10;A01
201100045483;0;33;0;0;2;1;1;B01
201100045484;0;7;0;0;1;2;1;A01
201100045485;2;7;0;0;2;2;1;A01
201100045485;0;7;0;0;2;3;1;C01
201100045485;0;7;0;0;2;9;1;B01
201100045486;0;7;0;0;1;3;15;A01
201100045487;0;7;0;0;2;3;13;A01
201100045487;0;32;0;0;2;2;3;B01
201100045488;0;7;0;0;2;3;1;B01
201100045488;0;30;0;0;2;1;1;A01
201100045489;0;33;0;0;2;2;17;A01
201100045489;0;10;0;0;2;3;15;B01
201100045490;0;7;0;0;2;3;22;A01
201100045490;0;33;0;0;2;1;17;B01
201100045490;0;7;0;0;2;5;23;C01
201100045491;0;7;0;0;1;3;15;A01
201100045492;0;7;0;0;2;1;1;B01
201100045492;0;30;0;0;2;2;1;A01
201100045493;0;30;0;0;2;1;1;B01
201100045493;0;7;0;0;2;3;15;A01
201100045494;0;34;0;0;1;1;3;A01
201100045495;0;32;0;0;2;9;1;A01
201100045495;0;7;0;0;2;2;1;B01
201100045496;0;7;0;0;2;1;2;A01
201100045496;0;10;0;0;2;4;23;B01
201100045496;0;7;0;0;2;4;23;C01
201100045496;0;33;0;0;2;4;23;D01
201100045497;0;7;0;0;2;3;11;A01
201100045497;0;31;0;0;2;2;1;B01
201100045498;0;7;0;0;2;1;1;A01
201100045498;0;7;0;6;2;9;15;B01
201100045499;0;32;0;0;2;8;15;A01
201100045499;0;33;0;0;2;7;1;B01
201100045500;0;7;0;0;2;1;9;A01
201100045500;0;30;0;0;2;2;1;B01
201100045501;0;10;0;0;2;1;2;A01
201100045501;0;7;0;0;2;4;1;B01
201100045502;0;30;0;0;2;1;2;A01
201100045502;0;7;0;0;2;5;15;B01
201100045503;0;7;0;0;2;3;1;A01
201100045503;0;10;0;0;2;2;15;B01
201100045504;0;7;0;0;2;2;20;A01
201100045504;0;33;0;0;2;8;1;B01
201100045505;0;10;0;0;1;6;4;A01
201100045506;1;7;0;0;1;1;1;Z01
201100045507;0;1;0;0;2;8;15;A01
201100045507;0;30;0;0;2;1;1;B01
201100045508;0;30;0;0;2;1;18;A01
201100045508;0;33;0;0;2;7;16;B01
201100045509;0;7;0;0;2;2;15;A01
201100045509;0;33;0;0;2;3;1;B01
201100045510;0;7;0;1;1;1;1;A01
201100045510;0;7;0;0;2;4;23;B01
201100045511;0;10;0;0;1;3;1;A01
201100045512;0;7;0;0;9;2;22;A01
201100045512;0;1;0;1;0;3;1;B01
201100045513;0;30;0;0;2;1;1;A01
201100045513;0;10;0;0;2;3;15;B01
201100045514;0;10;0;0;2;6;23;A01
201100045514;0;33;0;1;2;2;9;B01
201100045515;0;1;0;0;2;7;1;B01
201100045515;1;7;0;0;2;0;15;Z01
201100045516;0;30;0;0;2;1;1;A01
201100045516;0;7;0;0;2;4;23;B01
201100045517;0;99;0;0;2;1;5;A01
201100045517;0;7;0;0;2;1;1;B01
201100045518;0;7;0;0;2;3;19;A01
201100045518;0;30;0;0;2;1;1;B01
201100045519;0;7;0;0;9;1;15;A01
201100045519;0;1;0;0;2;3;1;B01
201100045520;0;30;0;0;2;1;17;A01
201100045520;0;7;0;0;2;3;15;B01
201100045521;0;7;0;0;2;3;15;A01
201100045521;0;31;0;0;2;2;17;B01
201100045522;0;7;0;0;1;2;1;A01
201100045523;0;33;0;0;2;1;17;A01
201100045523;0;7;0;0;2;3;15;B01
201100045524;0;7;0;0;1;2;1;A01
201100045525;0;33;0;0;2;4;23;A01
201100045525;0;7;0;0;2;1;2;B01
201100045526;2;10;0;0;1;7;1;A01