num_acc;senc;catv;occutc;obs;obsm;choc;manv;num_veh
201100045527;0;1;0;1;0;1;1;B01
201100045528;0;2;0;1;2;2;18;A01
201100045528;0;7;0;0;2;3;24;B01
201100045528;0;7;0;0;2;5;1;C01
201100045529;0;7;0;0;2;3;15;A01
201100045529;0;31;0;0;2;8;1;B01
201100045530;0;30;0;0;2;1;21;A01
201100045530;0;7;0;0;2;1;1;B01
201100045531;0;31;0;0;2;1;1;A01
201100045531;0;7;0;0;2;5;15;B01
201100045532;0;30;0;0;2;1;17;A01
201100045532;0;10;0;0;2;3;15;B01
201100045533;0;7;0;0;1;2;15;A01
201100045534;0;7;0;0;2;1;1;B01
201100045534;0;30;0;0;2;2;1;A01
201100045535;0;7;0;0;2;8;15;A01
201100045535;0;30;0;0;2;1;17;B01
201100045536;0;33;0;0;2;9;1;A01
201100045536;0;7;0;0;2;8;23;B01
201100045536;0;7;0;0;2;7;23;C01
201100045536;0;7;0;0;2;8;23;D01
201100045537;0;7;0;0;2;3;13;A01
201100045537;0;7;0;0;2;3;1;B01
201100045538;0;7;0;0;1;2;1;A01
201100045539;0;30;0;0;2;1;17;A01
201100045539;0;10;0;0;2;8;15;B01
201100045540;0;7;0;0;1;3;1;A01
201100045541;0;7;0;0;2;1;2;A01
201100045541;0;7;0;0;2;4;23;B01
201100045542;0;33;0;0;2;3;1;B01
201100045542;0;7;0;0;2;5;12;A01
201100045543;0;7;0;0;2;8;1;B01
201100045543;0;32;0;0;2;7;3;A01
201100045544;0;30;0;0;2;1;2;A01
201100045544;0;7;0;0;2;4;1;B01
201100045545;0;10;0;0;1;8;4;A01
201100045546;0;10;0;0;2;8;11;A01
201100045546;0;33;0;0;2;7;1;B01
201100045547;0;31;0;0;2;5;1;B01
201100045547;0;7;0;0;2;3;16;A01
201100045548;0;34;0;0;2;8;1;B01
201100045548;0;7;0;0;2;1;15;A01
201100045549;0;33;0;0;1;1;1;A01
201100045550;0;7;0;0;1;3;15;A01
201100045551;0;7;0;0;2;1;2;A01
201100045551;0;10;0;0;2;4;23;B01
201100045552;1;7;0;0;0;1;14;Z01
201100045552;0;31;0;0;2;4;23;B01
201100045553;0;7;0;0;1;1;15;A01
201100045554;0;7;0;0;2;8;1;B01
201100045554;0;7;0;0;2;1;20;C01
201100045554;0;32;0;0;2;3;5;A01
201100045555;0;34;0;0;2;1;2;A01
201100045555;0;7;0;0;2;4;1;B01
201100045556;0;7;0;0;2;4;23;C01
201100045556;0;7;0;0;2;1;2;A01
201100045556;0;7;0;0;2;4;2;B01
201100045557;0;1;0;0;2;3;19;A01
201100045557;0;7;0;0;9;2;1;B01
201100045558;0;7;0;0;2;8;1;B01
201100045558;0;7;0;0;2;1;1;A01
201100045559;0;7;0;0;2;2;1;B01
201100045559;0;7;0;0;2;8;16;A01
201100045560;0;99;0;0;2;1;19;A01
201100045560;0;7;0;0;2;5;1;B01
201100045561;0;7;0;0;2;1;2;A01
201100045561;0;10;0;0;2;4;1;B01
201100045562;0;10;0;0;1;3;1;A01
201100045563;1;7;0;0;1;1;1;A01
201100045564;0;10;0;0;2;3;16;A01
201100045564;0;7;0;0;2;3;1;B01
201100045565;0;7;0;0;2;3;1;B01
201100045565;0;7;0;0;2;2;15;A01
201100045566;0;10;0;0;2;6;15;B01
201100045566;0;33;0;0;2;1;1;A01
201100045567;0;10;0;0;2;9;1;A01
201100045567;0;37;10;0;2;3;1;B01
201100045567;0;7;0;0;2;3;1;C01
201100045568;0;7;0;0;2;1;2;A01
201100045568;0;7;0;0;2;4;23;B01
201100045569;0;7;0;0;2;2;15;A01
201100045569;0;1;0;0;2;8;1;B01
201100045570;0;33;0;0;1;1;1;A01
201100045571;0;10;0;0;2;1;2;A01
201100045571;0;32;0;0;2;4;1;B01
201100045572;0;7;0;0;2;1;15;A01
201100045572;0;33;0;0;2;8;1;B01
201100045573;0;7;0;0;2;1;2;A01
201100045573;0;7;0;0;2;4;1;B01
201100045574;0;33;0;0;2;7;1;A01
201100045574;0;10;0;0;2;3;1;B01
201100045575;0;7;0;0;2;2;15;A01
201100045575;0;32;0;0;2;1;1;B01
201100045576;0;7;0;0;2;2;15;A01
201100045576;0;33;0;0;2;3;1;B01
201100045577;0;33;0;0;2;1;1;A01
201100045577;0;7;0;0;2;5;15;B01
201100045578;0;7;0;0;1;1;1;A01
201100045579;0;10;0;0;1;1;16;A01
201100045580;0;7;0;0;1;2;1;A01
201100045581;0;7;0;0;2;2;12;A01
201100045581;0;34;0;0;2;8;1;B01
201100045582;0;7;0;0;2;3;15;A01
201100045582;0;32;0;0;2;6;1;B01
201100045583;0;7;0;0;2;2;1;A01
201100045583;0;7;0;0;2;1;1;B01
201100045584;0;7;0;0;2;1;2;A01
201100045584;0;7;0;0;2;4;1;B01
201100045585;0;7;0;0;1;3;1;A01
201100045586;0;7;0;0;1;2;1;A01
201100045587;0;7;0;0;2;2;9;A01
201100045587;0;7;0;0;2;9;1;B01
201100045588;0;34;0;0;2;7;15;A01
201100045588;0;37;10;0;2;1;1;B01
201100045589;0;7;0;0;2;7;15;A01
201100045589;0;7;0;0;2;1;1;B01
201100045590;0;2;0;0;2;3;15;A01
201100045590;0;7;0;0;2;1;1;B01
201100045591;0;7;0;0;9;3;10;A01
201100045591;0;1;0;0;2;1;1;B01
201100045592;0;7;0;0;1;2;1;A01
201100045593;0;1;0;0;2;8;15;B01
201100045593;0;7;0;0;9;1;1;A01
201100045594;0;30;0;0;2;3;9;A01
201100045594;0;34;0;0;2;2;1;B01
201100045595;0;33;0;0;2;3;1;A01
201100045595;1;7;0;0;2;2;15;B01
201100045596;0;7;0;0;1;2;1;A01
201100045597;0;33;0;0;1;1;1;A01
201100045598;0;32;0;0;2;1;17;B01
201100045598;0;7;0;0;2;8;21;A01
201100045599;0;7;0;0;1;3;15;A01
201100045600;0;7;0;0;1;2;15;A01
201100045601;0;37;1;0;1;2;1;A01
201100045602;0;7;0;0;1;2;1;A01
201100045603;0;37;1;0;1;5;7;A01
201100045604;0;7;0;0;1;1;15;A01
201100045605;0;10;0;0;1;4;4;A01
201100045606;0;7;0;0;1;3;1;A01
201100045607;0;7;0;0;2;3;10;A01
201100045607;0;7;0;0;2;2;2;B01
201100045608;0;7;0;0;2;3;9;A01
201100045608;0;30;0;0;2;7;1;B01
201100045609;0;7;0;0;0;8;10;A01
201100045609;0;30;0;0;2;1;17;B01
201100045610;0;10;0;0;2;5;9;A01
201100045610;0;32;0;0;2;1;1;B01
201100045611;0;33;0;0;1;1;1;A01
201100045612;0;10;0;0;1;2;15;A01
201100045613;0;7;0;9;2;2;1;A01
201100045613;0;7;0;9;2;3;1;B01
201100045614;0;10;0;0;1;1;15;A01
201100045615;0;7;0;0;2;3;11;A01
201100045615;0;2;0;0;2;7;1;B01
201100045616;0;1;0;0;1;1;1;A01
201100045617;0;2;0;0;2;1;2;A01
201100045617;0;7;0;0;2;4;1;B01
201100045618;0;7;0;0;1;1;1;A01
201100045619;0;31;0;0;2;4;12;B01
201100045619;0;7;0;0;2;1;1;A01
201100045620;0;37;6;0;2;1;1;B01
201100045620;0;1;0;0;2;8;9;A01
201100045621;0;10;0;0;1;2;9;A01
201100045622;0;7;0;0;1;1;9;A01
201100045623;0;7;0;0;2;2;16;A01
201100045623;0;33;0;0;2;1;1;B01
201100045624;0;31;0;0;1;1;9;A01
201100045625;0;7;0;0;2;1;1;B01
201100045625;0;7;0;0;2;8;1;A01
201100045626;0;31;0;0;1;1;1;A01
201100045627;0;37;35;0;1;1;1;A01
201100045628;0;10;0;0;1;4;4;A01
201100045629;0;7;0;0;1;1;1;A01
201100045630;0;30;0;0;2;1;1;A01
201100045630;0;13;0;0;2;1;1;B01
201100045631;0;10;0;0;2;3;1;B01
201100045631;0;30;0;0;2;1;16;A01
201100045632;0;7;0;0;2;1;1;A01
201100045632;0;2;0;0;2;8;9;B01
201100045633;0;7;0;0;1;1;16;A01
201100045634;0;34;0;0;2;1;1;B01
201100045634;0;1;0;0;2;8;19;A01
201100045635;0;7;0;0;2;4;1;B01
201100045635;0;30;0;0;2;1;2;A01
201100045636;0;7;0;8;0;1;9;A01
201100045637;0;30;0;0;1;1;1;A01
201100045638;0;32;0;0;2;1;1;B01
201100045638;0;7;0;0;2;3;15;A01
201100045639;0;7;0;0;2;5;1;A01
201100045639;0;33;0;0;2;1;9;B01
201100045640;0;7;0;0;2;8;22;A01
201100045640;0;1;0;1;2;1;1;B01
201100045641;0;7;0;0;2;8;9;B01
201100045641;0;33;0;0;2;2;1;A01
201100045642;0;7;0;0;2;5;9;A01
201100045642;0;2;0;0;2;1;9;B01
201100045643;0;7;0;0;2;7;1;B01
201100045643;0;7;0;0;1;9;4;A01
201100045643;0;7;0;0;2;1;23;C01
201100045644;0;30;0;0;2;1;1;A01
201100045644;0;7;0;0;2;3;9;B01
201100045645;0;7;0;0;2;1;1;A01
201100045645;0;7;0;0;2;3;1;B01
201100045646;0;7;0;15;2;2;15;A01
201100045646;0;7;0;0;2;1;1;B01
201100045647;0;33;0;0;2;3;18;B01
201100045647;0;7;0;0;2;6;1;C01
201100045647;0;7;0;0;2;2;22;A01
201100045648;0;33;0;0;2;1;2;A01
201100045648;0;7;0;0;2;4;1;B01
201100045649;0;7;0;0;1;1;1;A01
201100045650;0;7;0;0;1;1;9;A01
201100045651;0;7;0;0;1;4;4;A01
201100045652;0;7;0;0;0;4;23;B01
201100045652;0;7;0;0;2;1;2;A01
201100045653;0;30;0;0;2;1;1;A01
201100045653;0;7;0;0;2;4;23;B01
201100045654;0;7;0;0;2;1;1;A01
201100045654;0;7;0;0;2;3;16;B01
201100045655;0;1;0;0;2;1;1;B01
201100045655;0;7;0;0;2;8;15;A01
201100045656;0;33;0;0;2;1;17;A01
201100045656;0;7;0;0;2;3;10;B01
201100045657;0;7;0;0;2;3;15;A01
201100045657;0;32;0;0;2;1;1;B01
201100045658;0;32;0;0;2;1;17;A01
201100045658;0;7;0;0;2;8;15;B01
201100045659;0;10;0;0;2;1;14;A01
201100045659;0;7;0;0;2;5;1;B01
201100045660;0;7;0;0;2;6;10;A01
201100045660;0;33;0;0;2;1;1;B01
201100045661;0;7;0;0;1;3;1;A01
201100045662;0;31;0;0;2;3;15;B01
201100045662;0;7;0;0;2;2;14;A01
201100045663;0;7;0;0;2;2;1;A01
201100045663;0;2;0;0;2;8;16;B01
201100045664;0;7;0;0;2;1;1;A01
201100045664;0;1;0;0;2;6;15;B01
201100045665;0;13;0;0;2;8;23;B01
201100045665;0;17;0;14;2;7;17;A01
201100045666;0;7;0;0;2;4;15;A01
201100045666;0;7;0;0;2;3;21;B01
201100045667;0;7;0;0;2;8;22;A01
201100045667;0;1;0;0;2;1;21;B01
201100045668;0;7;0;0;2;8;22;A01
201100045668;0;15;0;0;2;1;1;B01
201100045669;0;7;0;0;1;1;1;A01
201100045670;0;33;0;0;2;8;1;B01
201100045670;0;7;0;0;2;1;15;A01
201100045671;0;32;0;0;2;1;1;A01
201100045671;0;7;0;0;2;2;15;B01
201100045672;0;30;0;0;2;1;17;A01
201100045672;0;7;0;0;2;8;15;B01
201100045673;0;7;0;0;2;4;23;B01
201100045673;0;14;0;1;2;1;2;A01
201100045674;0;7;0;0;1;2;16;A01
201100045675;0;7;0;0;1;1;1;A01
201100045676;0;7;0;0;2;1;1;B01
201100045676;0;7;0;0;2;8;9;A01
201100045677;0;7;0;0;2;6;22;A01
201100045677;0;33;0;0;2;7;3;B01
201100045677;0;7;0;0;2;2;23;C01
201100045678;0;30;0;0;2;1;2;A01
201100045678;0;7;0;0;2;4;23;B01
201100045679;0;32;0;0;1;1;1;A01
201100045680;1;7;0;0;2;2;17;Z01
201100045680;0;32;0;0;2;6;1;B01
201100045681;0;7;0;0;1;1;1;A01
201100045682;0;30;0;0;1;1;18;A01
201100045683;0;30;0;0;2;7;17;A01
201100045683;0;7;0;0;2;3;6;B01
201100045684;0;32;0;0;2;1;2;A01
201100045684;0;7;0;0;2;4;1;B01
201100045685;0;7;0;0;2;1;2;A01
201100045685;0;7;0;0;2;4;23;B01
201100045686;0;33;0;0;2;1;1;B01
201100045686;0;7;0;0;2;8;10;A01
201100045687;0;7;0;0;2;1;13;A01
201100045687;0;7;0;0;2;1;1;B01
201100045688;0;7;0;0;1;4;4;A01
201100045689;0;2;0;0;1;1;17;A01
201100045690;0;37;1;0;2;1;7;A01
201100045690;0;7;0;0;2;6;23;B01
201100045691;0;7;0;0;1;1;1;A01
201100045692;0;7;0;0;2;3;15;A01
201100045692;0;31;0;0;2;8;1;B01
201100045693;0;30;0;0;2;1;2;A01
201100045693;0;7;0;0;2;4;23;B01
201100045694;0;7;0;0;2;7;15;A01
201100045694;0;33;0;0;2;1;1;B01
201100045695;0;33;0;0;2;2;1;B01
201100045695;0;7;0;0;2;3;20;A01
201100045696;0;31;0;0;1;1;16;A01
201100045697;0;30;0;0;2;7;15;A01
201100045697;0;10;0;0;2;8;15;B01
201100045698;0;7;0;0;2;1;15;A01
201100045698;0;32;0;0;2;8;1;B01
201100045699;0;33;0;0;2;1;2;A01
201100045699;0;7;0;0;2;5;1;B01
201100045700;0;10;0;0;2;7;12;A01
201100045700;0;30;0;0;2;8;18;B01
201100045701;0;7;0;0;2;1;2;A01
201100045701;0;7;0;0;2;4;2;B01
201100045701;0;7;0;0;2;4;2;C01
201100045702;0;7;0;0;2;3;19;A01
201100045702;0;2;0;0;2;6;1;B01
201100045703;0;7;0;0;2;2;16;A01
201100045703;0;33;0;0;0;1;1;B01
201100045704;0;7;0;0;2;2;1;B01
201100045704;0;7;0;0;2;3;15;A01
201100045705;0;7;0;0;2;8;5;A01
201100045705;0;30;0;0;2;1;1;B01
201100045706;0;7;0;0;2;1;1;B01
201100045706;0;7;0;0;2;2;15;A01
201100045707;0;7;0;0;2;2;16;A01
201100045707;0;2;0;0;2;4;16;B01
201100045708;0;7;0;0;2;8;22;A01
201100045708;0;1;0;1;2;1;1;B01
201100045709;0;7;0;0;1;1;17;A01
201100045710;0;7;0;0;2;7;12;A01
201100045710;0;32;0;0;2;8;1;B01
201100045711;0;7;0;0;1;2;1;A01
201100045712;0;7;0;0;1;1;16;A01
201100045713;0;30;0;0;1;1;1;A01
201100045714;0;7;0;0;2;3;10;A01
201100045714;0;34;0;0;2;3;17;B01
201100045715;0;33;0;0;2;1;17;A01
201100045715;0;7;0;0;2;1;9;B01
201100045716;0;33;0;0;2;8;17;A01
201100045716;0;7;0;0;2;2;1;B01
201100045717;0;33;0;0;2;1;17;A01
201100045717;0;7;0;0;2;2;15;B01
201100045718;0;7;0;0;2;2;15;A01
201100045718;0;33;0;15;2;1;1;B01
201100045719;0;30;0;0;2;1;17;A01
201100045719;0;7;0;0;2;3;1;B01
201100045720;0;34;0;0;2;8;1;A01
201100045720;0;7;0;0;2;5;1;B01
201100045721;0;7;0;0;2;8;22;A01
201100045721;0;1;0;0;2;1;1;B01
201100045722;0;7;0;0;2;2;15;A01
201100045722;0;34;0;0;2;8;9;B01
201100045723;0;34;0;0;2;2;17;A01
201100045723;0;7;0;0;2;8;15;B01
201100045724;0;7;0;0;2;3;16;B01
201100045724;0;2;0;0;2;2;1;A01
201100045725;0;33;0;1;0;5;1;A01
201100045725;0;7;0;0;0;0;15;B01
201100045726;0;7;0;0;2;3;10;A01
201100045726;0;34;0;0;2;2;1;B01
201100045727;0;33;0;0;2;7;1;A01
201100045727;0;7;0;0;2;7;9;B01
201100045728;0;17;0;0;1;3;16;A01
201100045729;0;30;0;0;1;1;1;A01
201100045730;0;7;0;0;2;3;9;B01
201100045730;0;7;0;0;2;2;15;A01
201100045731;0;2;0;0;2;1;1;B01
201100045731;0;7;0;0;2;8;1;A01
201100045732;0;7;0;0;1;4;4;A01
201100045733;0;1;0;0;2;3;1;B01
201100045733;0;33;0;0;2;1;9;A01
201100045734;0;2;0;0;2;1;15;A01
201100045734;0;10;0;0;2;3;16;B01
201100045735;0;30;0;0;2;1;2;A01
201100045735;0;7;0;0;2;5;1;B01
201100045736;0;33;0;0;2;1;17;A01
201100045736;0;7;0;0;2;8;1;B01
201100045737;0;7;0;0;2;3;1;A01
201100045737;0;33;0;0;2;2;17;B01
201100045738;0;1;0;0;2;1;2;A01
201100045738;0;7;0;0;2;4;1;B01
201100045739;0;2;0;0;2;7;17;A01
201100045739;0;7;0;0;2;3;15;B01
201100045740;0;7;0;0;2;3;1;A01
201100045740;0;1;0;0;2;1;2;B01
201100045741;0;7;0;0;1;2;1;A01
201100045742;0;33;0;14;0;1;1;A01
201100045743;0;2;0;0;1;1;1;A01
201100045744;0;7;0;0;2;1;1;A01
201100045744;0;2;0;0;2;3;1;B01
201100045745;0;30;0;0;2;7;2;A01
201100045745;0;7;0;0;2;6;1;B01
201100045746;0;7;0;0;2;2;16;A01
201100045746;0;7;0;0;2;3;1;B01
201100045747;0;2;0;0;2;1;2;A01
201100045747;0;7;0;0;2;6;1;B01
201100045748;0;7;0;0;1;4;4;A01
201100045749;0;7;0;0;2;1;2;A01
201100045749;0;7;0;0;2;4;1;C01
201100045750;0;10;0;0;2;1;2;A01
201100045750;0;10;0;0;2;5;1;B01
201100045751;0;10;0;0;1;0;9;A01
201100045752;0;7;0;0;1;1;17;A01
201100045753;0;30;0;0;1;1;1;A01
201100045754;0;7;0;0;2;4;1;B01
201100045754;0;7;0;0;2;1;2;A01
201100045755;0;30;0;0;2;1;1;B01
201100045755;0;7;0;0;2;7;15;A01
201100045756;0;33;0;0;1;1;1;A01
201100045757;0;31;0;0;2;1;1;B01
201100045757;0;7;0;0;2;5;10;A01
201100045758;0;7;0;0;1;1;9;A01
201100045759;0;30;0;8;2;1;17;A01
201100045759;0;7;0;0;2;3;15;B01
201100045760;0;7;0;0;1;6;4;A01
201100045761;0;7;0;0;2;3;1;A01
201100045761;0;1;0;0;2;2;1;B01
201100045762;0;10;0;0;1;1;1;A01
201100045763;0;1;0;0;2;8;2;B01
201100045763;0;7;0;0;0;7;2;A01
201100045764;0;7;0;0;1;3;1;A01
201100045765;0;7;0;0;0;4;2;B01
201100045765;0;32;0;0;2;4;2;C01
201100045765;0;10;0;0;2;1;2;A01
201100045766;0;7;0;0;2;1;1;A01
201100045766;0;7;0;0;2;4;2;B01
201100045766;0;7;0;0;2;3;23;C01
201100045767;0;7;0;0;1;1;1;A01
201100045768;0;2;0;0;2;1;5;B01
201100045768;0;7;0;0;2;3;10;A01
201100045769;0;7;0;0;2;1;2;A01
201100045769;0;7;0;1;2;3;0;D01
201100045769;0;7;0;0;2;4;23;C01
201100045769;0;7;0;1;0;4;23;B01
201100045770;0;7;0;0;1;2;1;A01
201100045771;0;7;0;14;0;1;2;A01
201100045771;0;20;0;0;2;4;24;B01
201100045772;0;33;0;0;2;1;17;A01
201100045772;0;7;0;0;2;8;15;B01
201100045773;0;7;0;0;1;1;1;A01
201100045774;0;7;0;0;2;2;9;A01
201100045774;0;31;0;0;2;3;17;B01
201100045775;0;30;0;0;1;1;1;A01
201100045776;0;10;0;0;2;3;1;B01
201100045776;0;30;0;0;2;1;15;A01
201100045777;0;2;0;0;2;7;1;A01
201100045777;0;2;0;0;2;8;1;B01
201100045778;0;7;0;0;2;2;1;A01
201100045778;0;1;0;0;2;0;19;B01
201100045779;0;10;0;0;1;1;1;A01
201100045780;0;33;0;0;2;1;2;B01
201100045780;0;10;0;0;2;8;15;A01
201100045781;0;7;0;0;2;6;11;B01
201100045781;0;2;0;0;2;2;1;A01
201100045782;0;7;0;0;2;6;1;B01
201100045782;0;7;0;0;2;1;1;C01
201100045782;0;7;0;0;2;1;13;A01
201100045783;1;7;0;0;0;0;15;Z01
201100045783;0;32;0;0;0;0;17;B01
201100045784;0;33;0;0;2;1;1;A01
201100045784;0;7;0;0;2;8;19;B01
201100045785;0;7;0;0;2;7;1;B01
201100045785;0;7;0;16;2;3;9;A01
201100045786;0;31;0;0;0;8;1;B01
201100045786;1;7;0;0;0;8;13;Z01
201100045787;0;7;0;0;1;4;4;A01
201100045788;0;7;0;0;2;5;1;B01
201100045788;0;7;0;1;2;1;1;A01
201100045789;0;31;0;0;2;7;1;B01
201100045789;0;7;0;0;2;3;10;A01
201100045790;0;1;0;0;2;1;1;A01
201100045790;0;7;0;0;2;4;4;B01
201100045791;0;33;0;0;2;4;1;B01
201100045791;1;7;0;0;2;1;2;Z01
201100045792;0;7;0;0;2;2;15;A01
201100045792;0;33;0;0;2;1;1;B01
201100045793;0;1;0;0;2;8;19;B01
201100045793;0;7;0;0;2;2;1;A01
201100045794;0;7;0;9;0;1;1;A01
201100045795;0;10;0;0;2;6;1;A01
201100045795;0;31;0;0;2;7;1;B01
201100045796;0;7;0;0;1;2;16;A01
201100045797;0;33;0;0;0;8;21;A01
201100045797;0;1;0;0;0;0;19;B01
201100045798;0;32;0;0;1;1;1;A01
201100045799;0;33;0;1;0;0;1;Z01
201100045800;0;7;0;0;2;3;10;A01
201100045800;0;7;0;0;2;1;2;B01
201100045801;0;7;0;14;0;1;2;A01
201100045801;0;7;0;14;0;4;23;B01
201100045801;0;7;0;0;0;4;23;C01
201100045802;0;7;0;0;2;8;1;B01
201100045802;0;7;0;0;2;1;15;A01
201100045803;0;7;0;0;2;1;1;A01
201100045803;0;7;0;0;2;3;15;B01
201100045804;0;7;0;0;1;2;1;A01
201100045805;0;7;0;0;1;1;1;A01
201100045806;0;30;0;0;2;1;18;A01
201100045806;0;7;0;0;2;2;1;B01
201100045807;0;7;0;0;1;1;1;A01
201100045808;0;7;0;0;2;1;9;A01
201100045808;0;37;1;0;2;4;1;B01
201100045809;0;7;0;0;2;3;18;A01
201100045809;0;33;0;0;2;7;1;B01
201100045810;0;33;0;0;2;5;15;A01
201100045810;0;7;0;0;2;3;11;B01
201100045811;0;33;0;0;2;1;2;A01
201100045811;0;7;0;0;2;6;1;B01
201100045812;0;7;0;0;1;4;4;A01
201100045813;0;7;0;0;2;3;15;A01
201100045813;0;7;0;14;2;1;1;B01
201100045814;0;7;0;0;1;4;20;A01
201100045815;0;30;0;8;2;4;2;A01
201100045815;1;7;0;0;2;1;10;Z01
201100045816;0;2;0;0;2;2;17;A01
201100045816;0;7;0;0;2;3;15;B01
201100045817;0;7;0;0;2;1;16;A01
201100045817;0;1;0;0;2;8;19;B01
201100045818;0;7;0;0;1;3;1;A01
201100045819;0;32;0;0;1;1;1;A01
201100045820;0;7;0;0;2;2;15;A01
201100045820;0;7;0;0;2;3;1;B01
201100045821;0;7;0;0;2;1;2;A01
201100045821;0;7;0;0;2;4;1;B01
201100045822;0;33;0;0;2;5;1;A01
201100045822;0;7;0;0;2;1;1;B01
201100045823;0;7;0;0;1;4;4;A01
201100045824;0;7;0;0;2;1;2;A01
201100045824;0;7;0;0;2;4;1;B01
201100045825;0;33;0;0;2;1;1;B01
201100045825;0;7;0;0;2;5;5;A01
201100045826;0;34;0;0;2;8;17;A01
201100045826;0;34;0;0;2;3;15;B01
201100045827;0;7;0;0;2;6;2;B01
201100045827;0;34;0;14;2;0;17;A01
201100045828;0;7;0;0;1;2;16;A01
201100045829;0;7;0;0;1;3;1;A01
201100045830;0;7;0;0;1;1;1;A01
201100045831;0;7;0;0;2;1;1;B01
201100045831;0;7;0;0;2;8;1;A01
201100045832;0;7;0;0;1;1;1;A01
201100045833;0;7;0;8;2;3;1;A01
201100045833;0;7;0;0;2;1;1;B01
201100045834;0;33;0;0;2;1;18;A01
201100045834;0;7;0;0;2;7;15;B01
201100045835;0;31;0;0;1;1;1;A01
201100045836;0;7;0;0;1;1;1;A01
201100045837;0;7;0;0;2;8;1;C01
201100045837;0;10;0;0;2;3;13;A01
201100045837;0;7;0;0;2;3;1;B01
201100045838;0;31;0;0;2;1;1;A01
201100045838;0;10;0;0;2;1;23;B01
201100045839;0;7;0;0;2;2;9;A01
201100045839;0;33;0;0;2;8;1;B01
201100045840;0;7;0;0;2;1;1;B01
201100045840;0;7;0;0;2;1;5;A01
201100045841;0;7;0;0;1;2;1;A01
201100045842;0;7;0;0;2;3;15;Z01
201100045842;0;33;0;0;2;1;1;B01
201100045843;0;7;0;0;1;4;4;A01
201100045844;0;33;0;0;1;1;1;A01
201100045845;0;32;0;0;2;1;17;A01
201100045845;0;7;0;0;2;3;15;B01
201100045846;0;7;0;0;2;6;1;B01
201100045846;0;31;0;0;2;7;2;A01
201100045847;0;10;0;0;1;7;1;A01
201100045848;0;10;0;0;2;1;1;A01
201100045848;0;7;0;8;2;5;1;B01
201100045849;0;7;0;0;2;1;1;A01
201100045849;0;7;0;0;2;4;1;B01
201100045850;0;7;0;0;1;1;1;A01
201100045851;0;31;0;0;2;2;17;A01
201100045851;0;7;0;0;2;3;13;B01
201100045852;0;7;0;0;1;1;1;Z01
201100045853;0;7;0;0;2;1;15;A01
201100045853;0;33;0;0;2;1;1;B01
201100045854;0;7;0;0;2;1;2;A01
201100045854;0;7;0;0;2;4;1;B01
201100045855;0;10;0;0;2;3;22;A01
201100045855;0;33;0;0;2;7;17;B01
201100045856;0;33;0;0;1;1;16;A01
201100045857;0;7;0;0;2;3;15;B01
201100045857;0;32;0;0;2;1;1;A01
201100045858;0;7;0;0;1;3;1;A01
201100045859;0;7;0;0;1;2;1;A01
201100045860;0;31;0;0;2;1;1;A01
201100045860;0;7;0;0;2;8;1;B01
201100045861;0;7;0;0;2;1;2;A01
201100045861;0;7;0;0;2;4;1;B01
201100045862;0;30;0;0;2;1;1;A01
201100045862;0;7;0;0;2;2;1;B01
201100045863;0;33;0;0;2;1;1;A01
201100045863;0;7;0;0;2;4;1;B01
201100045864;0;7;0;0;2;1;2;A01
201100045864;0;7;0;0;2;4;1;B01
201100045865;0;33;0;0;2;7;17;B01
201100045865;0;99;0;0;2;3;15;A01
201100045866;0;33;0;0;2;1;1;A01
201100045866;0;7;0;0;2;3;1;B01
201100045867;0;33;0;1;1;8;1;A01
201100045867;0;7;0;0;2;7;23;B01
201100045868;0;7;0;0;2;6;15;A01
201100045868;0;33;0;0;2;1;17;B01
201100045869;0;7;0;0;1;3;15;A01
201100045870;0;32;0;0;2;8;1;B01
201100045870;0;7;0;0;2;5;19;A01
201100045871;0;7;0;0;1;3;1;A01
201100045872;0;33;0;0;2;7;1;B01
201100045872;0;10;0;0;2;8;17;A01
201100045873;0;32;0;0;2;8;1;B01
201100045873;0;7;0;0;2;5;1;A01
201100045874;0;10;0;0;2;3;15;B01
201100045874;0;33;0;0;2;1;17;A01
201100045875;0;30;0;0;2;1;1;A01
201100045875;0;7;0;0;2;6;1;B01
201100045876;0;7;0;0;2;1;1;A01
201100045876;0;7;0;0;2;2;15;B01
201100045877;0;7;0;0;2;3;1;B01
201100045877;0;33;0;0;2;1;17;A01
201100045878;0;7;0;0;2;1;1;B01
201100045878;0;10;0;0;2;2;1;A01
201100045879;0;10;0;0;2;8;1;B01
201100045879;0;7;0;0;2;1;1;A01
201100045880;0;32;0;0;2;1;1;A01
201100045880;0;7;0;0;2;7;1;B01
201100045881;0;7;0;0;2;1;1;A01
201100045881;0;7;0;0;2;7;1;B01
201100045882;0;10;0;0;2;6;1;B01
201100045882;0;33;0;0;2;1;2;A01
201100045883;0;32;0;1;0;1;1;A01
201100045884;0;10;0;0;2;5;10;A01
201100045884;0;31;0;0;2;1;1;B01
201100045885;0;7;0;0;2;1;2;A01
201100045885;0;7;0;0;2;4;1;B01
201100045886;0;7;0;0;2;3;1;A01
201100045886;0;7;0;0;2;1;1;B01
201100045887;0;1;0;0;1;1;17;A01
201100045888;0;31;0;0;2;1;2;A01
201100045888;0;10;0;0;2;6;20;B01
201100045889;0;7;0;10;0;2;1;A01
201100045890;0;7;0;0;2;3;1;A01