num_acc;senc;catv;occutc;obs;obsm;choc;manv;num_veh
201100046258;0;32;0;0;2;2;17;B01
201100046259;0;32;0;0;2;1;17;A01
201100046259;0;7;0;0;2;8;15;B01
201100046260;0;7;0;0;2;1;1;A01
201100046260;0;30;0;0;2;8;1;B01
201100046261;0;31;0;0;2;3;3;A01
201100046261;0;14;0;0;2;5;1;B01
201100046262;0;1;0;0;2;8;15;A01
201100046262;0;7;0;0;2;1;1;B01
201100046263;0;7;0;0;2;6;1;B01
201100046263;0;30;0;0;2;2;2;A01
201100046264;0;7;0;0;2;2;15;A01
201100046264;0;33;0;0;2;1;17;B01
201100046265;0;7;0;1;2;2;2;A01
201100046265;0;7;0;16;2;6;1;B01
201100046266;0;7;0;0;1;5;15;A01
201100046267;0;34;0;0;2;2;17;A01
201100046267;0;10;0;0;2;2;15;B01
201100046268;0;7;0;0;1;1;15;A01
201100046269;0;30;0;4;2;8;18;A01
201100046269;0;7;0;0;2;2;1;B01
201100046270;0;7;0;0;2;1;1;A01
201100046270;0;13;0;0;2;4;1;B01
201100046271;0;7;0;0;2;1;1;B01
201100046271;0;30;0;0;2;1;5;A01
201100046272;0;7;0;0;1;1;1;A01
201100046273;0;32;0;0;2;7;1;A01
201100046273;0;10;0;0;2;1;16;B01
201100046274;0;7;0;0;1;7;1;A01
201100046275;0;7;0;0;2;4;1;C01
201100046275;0;7;0;0;2;1;2;A01
201100046275;0;7;0;0;2;4;2;B01
201100046276;0;33;0;1;1;1;1;A01
201100046277;0;30;0;0;2;1;2;A01
201100046277;0;7;0;0;2;4;1;B01
201100046278;0;7;0;0;1;1;9;A01
201100046279;0;32;0;0;2;1;17;A01
201100046279;0;7;0;0;2;6;15;B01
201100046280;1;30;0;;1;;;A01
201100046281;0;7;0;0;1;1;1;A01
201100046282;0;7;0;0;1;1;1;A01
201100046283;0;30;0;1;0;8;17;A01
201100046284;0;7;0;0;2;7;1;A01
201100046284;0;7;0;0;2;1;1;B01
201100046285;0;32;0;0;2;1;1;B01
201100046285;0;7;0;0;2;5;15;A01
201100046286;0;33;0;0;2;1;1;B01
201100046286;0;7;0;0;2;7;10;A01
201100046287;0;7;0;0;2;4;1;B01
201100046287;0;32;0;0;2;1;2;A01
201100046288;0;33;0;0;2;1;21;B01
201100046288;0;7;0;0;2;2;15;A01
201100046289;0;7;0;0;1;3;1;A01
201100046290;0;32;0;0;2;1;1;A01
201100046290;0;7;0;0;2;6;15;B01
201100046291;0;7;0;12;2;2;21;A01
201100046292;0;3;0;12;0;2;14;A01
201100046293;0;7;0;15;2;3;13;A01
201100046293;0;10;0;12;2;3;15;B01
201100046294;0;7;0;0;2;3;20;B01
201100046294;0;7;0;0;2;6;4;A01
201100046295;0;7;0;0;2;6;1;B01
201100046295;0;30;0;0;2;1;2;A01
201100046296;0;7;0;0;2;1;1;A01
201100046296;0;7;0;0;2;2;1;B01
201100046297;0;30;0;0;2;8;18;A01
201100046297;0;7;0;0;2;2;16;B01
201100046298;0;7;0;4;2;8;9;A01
201100046298;0;17;0;0;2;7;1;B01
201100046299;0;30;0;0;2;1;2;A01
201100046299;0;7;0;0;2;5;1;B01
201100046300;0;1;0;0;2;8;1;B01
201100046300;0;7;0;0;2;1;17;A01
201100046301;0;7;0;0;2;3;1;B01
201100046301;0;1;0;0;2;7;12;A01
201100046302;0;7;0;0;2;3;15;B01
201100046302;0;7;0;0;2;2;21;A01
201100046303;0;34;0;0;2;1;16;A01
201100046303;0;14;0;0;2;2;1;B01
201100046304;0;7;0;1;0;1;1;A01
201100046304;0;7;0;0;2;4;24;B01
201100046305;0;30;0;0;2;2;18;A01
201100046305;0;31;0;0;2;7;16;B01
201100046306;0;34;0;0;2;2;1;A01
201100046306;0;7;0;0;2;5;1;B01
201100046307;0;7;0;0;2;1;1;B01
201100046307;0;7;0;0;2;2;15;A01
201100046308;0;7;0;15;0;8;15;A01
201100046309;0;7;0;0;2;3;15;A01
201100046309;0;2;0;0;2;8;17;B01
201100046310;0;7;0;8;2;7;1;A01
201100046310;0;7;0;0;2;1;1;B01
201100046311;0;7;0;0;2;1;15;A01
201100046311;0;34;0;0;2;1;1;B01
201100046312;0;7;0;1;2;3;13;A01
201100046312;0;7;0;0;2;2;1;B01
201100046313;0;7;0;14;2;1;2;A01
201100046313;0;10;0;0;2;6;23;B01
201100046314;0;7;0;0;2;2;1;A01
201100046314;0;7;0;0;2;6;20;B01
201100046315;0;31;0;0;2;1;1;A01
201100046315;0;7;0;0;2;2;1;B01
201100046316;0;10;0;0;2;3;15;A01
201100046316;0;7;0;0;2;3;1;B01
201100046317;0;7;0;0;2;1;2;A01
201100046317;0;34;0;0;2;4;1;B01
201100046318;0;7;0;0;2;1;15;A01
201100046318;0;7;0;0;2;8;1;B01
201100046319;0;7;0;0;9;7;1;A01
201100046319;0;1;0;0;2;1;15;B01
201100046320;0;34;0;0;2;3;18;A01
201100046320;0;7;0;0;2;7;16;B01
201100046321;0;7;0;14;2;1;2;A01
201100046321;0;7;0;14;2;4;2;B01
201100046321;0;7;0;0;2;4;1;C01
201100046322;0;7;0;0;1;1;1;A01
201100046323;0;33;0;8;2;7;1;B01
201100046323;0;7;0;8;2;1;19;A01
201100046324;0;34;0;0;1;1;1;A01
201100046325;0;7;0;4;2;1;6;A01
201100046325;0;37;1;0;2;1;1;B01
201100046326;0;30;0;0;2;1;1;A01
201100046326;0;7;0;0;2;3;15;B01
201100046327;0;33;0;0;2;3;1;A01
201100046327;0;10;0;0;2;7;16;B01
201100046328;0;7;0;0;2;1;1;B01
201100046328;0;30;0;0;2;2;1;A01
201100046329;0;7;0;1;0;2;14;A01
201100046330;0;32;0;1;0;1;1;B01
201100046331;0;7;0;0;2;6;10;A01
201100046331;0;30;0;0;2;1;1;B01
201100046332;0;30;0;0;2;1;1;A01
201100046332;0;7;0;0;2;6;1;B01
201100046333;0;7;0;1;0;3;21;A01
201100046334;0;7;0;0;1;2;1;A01
201100046335;0;10;0;0;1;1;1;A01
201100046336;0;34;0;0;1;3;1;A01
201100046337;0;7;0;0;2;3;1;A01
201100046337;0;7;0;0;2;3;23;B01
201100046338;0;1;0;1;0;2;14;A01
201100046338;0;10;0;0;9;3;22;B01
201100046339;0;7;0;0;1;3;1;A01
201100046340;0;7;0;0;1;3;15;A01
201100046341;0;15;0;0;2;1;21;B01
201100046341;0;10;0;0;2;3;15;A01
201100046342;0;7;0;0;1;2;9;A01
201100046343;0;7;0;0;1;1;1;A01
201100046344;0;7;0;0;1;1;1;A01
201100046345;0;7;0;0;2;8;23;B01
201100046345;0;31;0;0;2;7;17;A01
201100046346;0;7;0;0;1;1;1;A01
201100046347;0;7;0;0;2;2;15;A01
201100046347;0;7;0;0;2;2;1;B01
201100046348;0;7;0;0;1;1;1;A01
201100046349;0;33;0;0;2;2;17;A01
201100046349;0;7;0;0;2;3;11;B01
201100046350;0;10;0;0;2;7;1;B01
201100046350;0;37;6;0;2;3;1;A01
201100046351;0;7;0;0;2;8;10;A01
201100046351;0;33;0;0;2;1;1;B01
201100046352;0;7;0;0;0;0;1;A01
201100046352;0;2;0;15;0;7;21;B01
201100046353;0;32;0;0;1;2;17;A01
201100046354;0;2;0;0;2;6;23;B01
201100046354;0;7;0;0;2;2;2;A01
201100046355;0;1;0;16;0;0;1;A01
201100046356;0;7;0;0;2;3;1;A01
201100046356;0;2;0;0;2;6;1;B01
201100046357;0;7;0;0;2;6;1;B01
201100046357;0;30;0;0;2;2;17;A01
201100046358;0;7;0;0;2;1;1;B01
201100046358;0;2;0;0;2;3;1;A01
201100046359;0;7;0;0;1;3;1;A01
201100046360;0;30;0;0;2;1;11;A01
201100046360;0;7;0;0;2;6;23;B01
201100046361;0;7;0;0;2;2;1;A01
201100046361;0;7;0;0;2;3;16;B01
201100046362;0;7;0;0;1;1;1;A01
201100046363;0;33;0;0;2;7;17;B01
201100046363;0;7;0;0;2;1;9;A01
201100046364;0;7;0;0;1;3;4;A01
201100046365;0;7;0;0;9;2;16;A01
201100046365;0;1;0;0;2;1;18;B01
201100046366;0;32;0;0;2;2;2;B01
201100046366;0;7;0;0;9;3;15;A01
201100046367;0;30;0;0;0;7;15;A01
201100046368;0;32;0;0;2;1;18;B01
201100046368;0;7;0;0;2;7;1;A01
201100046369;0;7;0;0;1;2;1;A01
201100046370;0;10;0;0;2;6;20;B01
201100046370;0;32;0;0;2;1;2;A01
201100046371;0;7;0;0;2;1;15;A01
201100046371;0;7;0;0;2;1;1;B01
201100046372;0;7;0;0;2;1;1;B01
201100046372;0;7;0;0;2;7;9;A01
201100046373;0;32;0;0;2;1;1;B01
201100046373;0;7;0;0;2;3;9;A01
201100046374;0;32;0;0;2;4;1;B01
201100046374;0;7;0;0;2;1;2;A01
201100046375;0;30;0;11;0;1;6;A01
201100046376;0;7;0;0;9;5;1;A01
201100046376;0;1;0;0;2;1;19;B01
201100046377;0;7;0;0;2;7;15;A01
201100046377;0;30;0;0;2;1;1;B01
201100046378;0;33;0;0;2;1;2;A01
201100046378;0;7;0;0;2;4;1;B01
201100046379;0;7;0;0;2;3;1;A01
201100046379;0;7;0;0;2;1;24;B01
201100046379;0;7;0;0;2;4;24;C01
201100046380;0;7;0;0;1;1;1;A01
201100046381;0;31;0;0;2;1;2;A01
201100046381;0;7;0;0;2;4;1;B01
201100046382;0;7;0;1;0;2;1;A01
201100046382;0;7;0;0;0;6;24;B01
201100046382;0;7;0;0;2;6;1;C01
201100046383;0;31;0;0;2;2;17;A01
201100046383;0;1;0;0;2;8;15;B01
201100046384;0;7;0;0;2;1;1;A01
201100046384;0;1;0;0;0;1;1;B01
201100046385;0;7;0;0;2;7;17;A01
201100046385;0;1;0;0;2;3;17;B01
201100046386;0;7;0;0;2;3;1;A01
201100046386;0;7;0;0;2;4;14;B01
201100046387;0;32;0;0;1;2;1;A01
201100046388;0;7;0;0;2;4;14;A01
201100046388;0;32;0;0;2;1;1;B01
201100046389;0;2;0;0;2;3;18;A01
201100046389;0;7;0;0;2;7;22;B01
201100046390;0;2;0;0;2;2;1;A01
201100046390;0;7;0;0;2;3;15;B01
201100046391;0;31;0;0;2;2;17;A01
201100046391;0;7;0;0;2;3;15;B01
201100046392;0;7;0;0;2;1;16;A01
201100046392;0;7;0;0;2;5;1;B01
201100046393;0;7;0;0;2;3;9;A01
201100046393;0;34;0;0;2;1;1;B01
201100046394;0;7;0;0;2;1;2;A01
201100046394;0;7;0;0;2;4;1;B01
201100046395;0;30;0;1;0;7;1;A01
201100046396;0;10;0;0;2;1;15;A01
201100046396;0;7;0;0;2;8;1;B01
201100046397;0;2;0;0;2;1;3;A01
201100046397;0;7;0;0;2;6;15;B01
201100046398;0;7;0;0;1;2;16;A01
201100046399;0;30;0;11;0;1;1;A01
201100046400;0;1;0;0;1;1;1;A01
201100046401;0;7;0;0;2;1;2;A01
201100046401;0;10;0;0;2;4;23;B01
201100046402;0;33;0;0;1;1;3;A01
201100046403;0;30;0;0;1;2;1;A01
201100046404;0;33;0;0;2;3;6;A01
201100046404;0;30;0;0;2;1;17;B01
201100046405;0;33;0;0;2;3;2;A01
201100046405;1;30;0;0;2;0;0;Z01
201100046406;0;1;0;0;2;1;2;A01
201100046406;0;10;0;0;9;4;1;B01
201100046407;0;2;0;0;1;1;1;A01
201100046408;0;34;0;1;2;1;1;A01
201100046408;0;7;0;0;2;1;9;B01
201100046409;0;32;0;0;1;1;1;A01
201100046410;0;33;0;0;2;1;1;A01
201100046410;0;7;0;0;2;8;16;B01
201100046411;1;10;0;0;1;0;15;Z01
201100046412;0;33;0;0;2;3;7;A01
201100046412;0;7;0;0;2;2;16;B01
201100046412;0;7;0;0;2;4;23;C01
201100046413;0;7;0;0;2;2;15;A01
201100046413;0;33;0;0;2;1;1;B01
201100046414;0;7;0;0;2;6;1;B01
201100046414;0;33;0;0;2;7;17;A01
201100046414;0;7;0;0;2;1;1;C01
201100046415;0;34;0;0;2;1;1;B01
201100046415;0;7;0;0;2;2;15;A01
201100046416;0;2;0;0;1;3;17;A01
201100046417;0;7;0;0;1;2;1;A01
201100046418;1;7;0;0;2;1;1;Z01
201100046418;0;7;0;15;2;7;1;A01
201100046419;0;7;0;0;2;7;12;B01
201100046419;0;33;0;0;2;3;2;A01
201100046420;0;14;0;0;2;7;16;B01
201100046420;0;30;0;0;2;1;0;A01
201100046421;0;7;0;0;1;6;4;A01
201100046422;0;30;0;0;1;1;20;A01
201100046423;0;33;0;0;2;1;2;A01
201100046423;0;7;0;0;2;4;1;B01
201100046424;0;7;0;0;1;1;1;A01
201100046425;0;30;0;0;2;1;1;A01
201100046425;0;7;0;0;2;7;1;B01
201100046426;0;7;0;0;2;8;1;B01
201100046426;0;7;0;0;2;2;1;A01
201100046427;0;37;16;0;2;8;1;A01
201100046427;0;7;0;0;2;2;1;B01
201100046428;0;7;0;0;2;8;22;A01
201100046428;0;32;0;0;2;1;1;B01
201100046429;0;7;0;0;2;1;6;A01
201100046429;0;7;0;0;2;6;1;B01
201100046430;0;30;0;0;9;1;1;A01
201100046430;0;37;2;0;9;7;1;B01
201100046431;0;32;0;0;2;7;18;A01
201100046431;0;7;0;0;2;1;9;B01
201100046431;0;7;0;0;2;7;1;C01
201100046431;0;7;0;0;2;5;1;D01
201100046432;0;34;0;1;0;1;21;A01
201100046433;0;1;0;0;2;1;1;B01
201100046433;0;14;0;0;2;7;22;A01
201100046434;0;30;0;0;2;3;18;A01
201100046434;0;37;1;0;2;5;12;B01
201100046435;0;32;0;0;1;1;0;A01
201100046436;0;7;0;0;1;2;1;A01
201100046437;0;30;0;0;2;1;17;B01
201100046437;0;7;0;0;2;3;15;A01
201100046438;0;7;0;0;1;7;1;A01
201100046439;0;7;0;0;1;1;1;A01
201100046440;0;1;0;0;2;1;1;B01
201100046440;0;7;0;0;2;8;22;A01
201100046441;0;10;0;0;1;4;4;A01
201100046442;0;7;0;0;2;8;23;B01
201100046442;1;7;0;0;2;2;2;Z01
201100046443;0;7;0;0;1;1;1;A01
201100046444;0;7;0;0;1;1;1;A01
201100046445;0;33;0;0;1;2;1;A01
201100046446;0;32;0;0;2;1;1;B01
201100046446;0;7;0;0;2;2;1;A01
201100046447;0;30;0;0;1;7;1;A01
201100046448;0;30;0;0;2;7;17;A01
201100046448;0;30;0;0;2;8;24;B01
201100046449;0;10;0;0;2;1;2;A01
201100046449;0;7;0;0;2;4;1;B01
201100046450;1;1;0;0;1;1;1;A01
201100046451;0;7;0;0;2;2;15;A01
201100046451;0;33;0;0;2;3;1;B01
201100046452;0;1;0;0;1;7;19;A01
201100046453;0;7;0;0;1;1;1;A01
201100046454;0;2;0;0;1;1;3;A01
201100046455;0;7;0;1;0;8;1;A01
201100046456;0;7;0;0;2;1;1;A01
201100046456;0;31;0;0;2;3;1;B01
201100046457;0;10;0;0;1;1;1;A01
201100046458;0;7;0;0;1;1;1;A01
201100046459;0;7;0;0;2;8;1;B01
201100046459;0;7;0;0;2;1;1;A01
201100046460;0;30;0;0;1;1;1;A01
201100046461;0;7;0;0;2;3;1;A01
201100046461;0;7;0;0;2;2;1;B01
201100046462;0;34;0;0;1;2;1;A01
201100046463;0;7;0;0;2;1;1;A01
201100046463;0;1;0;0;2;8;1;B01
201100046464;0;7;0;0;9;8;22;A01
201100046464;0;1;0;0;9;1;1;B01
201100046465;0;7;0;0;2;7;14;A01
201100046465;0;33;0;0;2;1;18;B01
201100046466;0;7;0;1;1;1;21;A01
201100046467;0;30;0;0;2;1;1;B01
201100046467;0;7;0;0;9;8;1;A01
201100046468;0;7;0;0;1;7;1;A01
201100046469;0;7;0;1;1;4;4;A01
201100046470;0;7;0;0;1;1;1;A01
201100046471;0;37;1;1;1;7;1;A01
201100046472;0;7;0;0;2;2;1;A01
201100046472;0;30;0;0;2;1;1;B01
201100046473;0;33;0;0;2;1;17;B01
201100046473;0;7;0;0;2;1;15;A01
201100046474;0;33;0;0;1;1;1;A01
201100046475;0;7;0;0;1;8;1;A01
201100046476;0;7;0;0;2;2;1;A01
201100046476;0;37;1;0;2;6;1;B01
201100046477;0;7;0;0;2;4;23;B01
201100046477;0;31;0;0;2;7;21;A01
201100046478;0;7;0;0;2;8;22;A01
201100046478;0;1;0;0;2;1;1;B01
201100046479;0;10;0;0;1;4;20;A01
201100046480;0;32;0;0;2;1;1;A01
201100046480;0;7;0;0;2;3;1;B01
201100046481;0;33;0;0;2;7;15;A01
201100046481;0;7;0;0;2;3;16;B01
201100046482;0;7;0;0;2;2;1;A01
201100046482;0;30;0;0;2;7;1;B01
201100046483;0;31;0;0;2;1;2;A01
201100046483;0;7;0;0;2;4;1;B01
201100046484;0;7;0;1;2;4;21;B01
201100046484;0;7;0;0;2;4;2;C01
201100046484;0;7;0;0;2;1;19;A01
201100046485;0;7;0;8;2;2;1;A01
201100046485;0;33;0;0;2;3;1;B01
201100046486;0;30;0;1;0;1;1;A01
201100046487;0;34;0;0;2;7;17;A01
201100046487;0;7;0;0;2;8;15;B01
201100046488;0;30;0;0;1;1;1;A01
201100046489;0;7;0;1;0;2;1;A01
201100046490;0;3;0;0;2;2;1;A01
201100046490;0;30;0;0;2;1;1;B01
201100046491;0;7;0;0;1;1;1;A01
201100046492;0;7;0;0;2;1;2;A01
201100046492;0;33;0;0;2;4;1;B01
201100046493;0;7;0;0;2;8;22;A01
201100046493;0;34;0;1;0;1;1;B01
201100046494;0;7;0;0;2;3;22;A01
201100046494;0;1;0;1;0;1;1;B01
201100046495;0;7;0;0;1;3;15;A01
201100046496;0;7;0;0;1;2;1;A01
201100046497;0;32;0;0;2;3;1;A01
201100046497;0;32;0;0;2;2;1;B01
201100046498;0;31;0;0;2;7;17;A01
201100046498;0;30;0;0;2;3;1;B01
201100046499;0;7;0;0;1;1;1;A01
201100046500;0;7;0;0;2;2;1;A01
201100046500;0;2;0;0;2;1;1;B01
201100046501;0;7;0;0;2;1;1;A01
201100046501;0;31;0;0;2;7;1;B01
201100046502;0;7;0;0;1;0;11;A01
201100046503;0;1;0;0;1;1;1;A01
201100046504;0;7;0;0;2;7;9;A01
201100046504;0;34;0;0;2;1;1;B01
201100046505;0;10;0;0;1;4;4;A01
201100046506;0;2;0;0;2;1;2;A01
201100046506;0;7;0;0;2;4;1;B01
201100046507;0;34;0;0;2;2;1;A01
201100046507;0;7;0;0;2;3;1;B01
201100046508;0;7;0;0;2;1;0;A01
201100046508;0;30;0;0;2;8;0;B01
201100046509;0;7;0;0;1;4;4;A01
201100046510;0;7;0;0;1;3;22;A01
201100046511;0;2;0;8;2;1;18;B01
201100046511;0;7;0;0;2;7;1;A01
201100046512;0;7;0;0;1;7;16;A01
201100046513;0;7;0;0;2;1;9;A01
201100046513;0;34;0;0;0;4;21;B01
201100046514;0;31;0;0;2;0;2;A01
201100046514;0;7;0;0;2;2;12;B01
201100046515;0;33;0;0;2;1;1;B01
201100046515;0;7;0;0;2;3;15;A01
201100046516;0;32;0;0;0;8;1;A01
201100046517;0;32;0;0;2;9;17;B01
201100046517;0;7;0;0;0;0;15;A01
201100046518;0;7;0;0;1;1;1;A01
201100046519;2;7;0;0;2;8;11;Z01
201100046519;0;33;0;0;2;7;17;B01
201100046520;0;7;0;0;2;1;13;A01
201100046520;0;30;0;0;2;1;1;B01
201100046521;0;33;0;0;2;7;1;B01
201100046521;0;7;0;0;2;1;9;A01
201100046522;0;7;0;9;0;1;1;A01
201100046523;0;3;0;2;0;4;4;A01
201100046524;0;30;0;0;2;1;2;B01
201100046524;0;7;0;0;2;6;1;A01
201100046525;0;32;0;0;2;7;0;A01
201100046525;0;7;0;0;2;0;15;B01
201100046526;0;33;0;0;2;7;17;B01
201100046526;0;14;0;0;2;8;17;A01
201100046527;0;7;0;0;1;1;1;A01
201100046528;0;7;0;0;1;1;15;A01
201100046529;0;7;0;0;2;1;2;A01
201100046529;0;7;0;0;2;4;1;B01
201100046530;0;7;0;14;0;1;1;A01
201100046531;0;7;0;0;1;5;16;A01
201100046532;0;7;0;0;2;3;9;A01
201100046532;0;32;0;0;2;1;17;B01
201100046533;0;2;0;0;1;1;15;A01
201100046534;0;7;0;0;1;1;1;A01
201100046535;0;7;0;11;0;1;1;A01
201100046536;0;7;0;0;1;1;1;A01
201100046537;0;32;0;0;2;1;17;B01
201100046537;0;7;0;0;2;3;9;A01
201100046538;0;30;0;1;0;1;1;A01
201100046539;1;7;0;0;1;1;1;Z01
201100046540;0;7;0;0;2;1;1;A01
201100046540;0;7;0;0;2;1;1;B01
201100046541;0;7;0;0;2;1;1;A01
201100046541;0;7;0;0;2;1;1;B01
201100046542;0;7;0;0;2;0;0;A01
201100046542;0;7;0;0;2;1;1;B01
201100046543;0;33;0;0;2;7;17;A01
201100046543;0;7;0;0;2;4;15;B01
201100046544;0;7;0;0;1;7;1;A01
201100046545;0;1;0;0;2;1;1;A01
201100046545;0;7;0;0;2;4;15;B01
201100046546;0;7;0;0;1;4;4;A01
201100046547;0;7;0;2;0;7;1;A01
201100046548;0;30;0;0;0;8;1;A01
201100046549;0;7;0;0;1;1;1;A01
201100046550;0;1;0;0;2;8;5;A01
201100046550;0;7;0;0;2;8;9;B01
201100046551;0;7;0;1;0;8;1;A01
201100046552;0;7;0;2;0;1;1;A01
201100046553;0;30;0;0;0;7;1;A01
201100046554;0;7;0;0;1;1;1;A01
201100046555;0;7;0;3;0;2;1;A01
201100046556;0;7;0;0;2;3;9;A01
201100046556;0;32;0;0;2;1;1;B01
201100046557;0;7;0;0;2;3;13;A01
201100046557;0;32;0;0;2;1;1;B01
201100046558;0;32;0;0;2;1;2;A01
201100046558;0;7;0;0;2;4;1;B01
201100046559;0;33;0;0;2;1;17;A01
201100046559;0;7;0;0;2;6;15;B01
201100046560;0;1;0;0;0;7;1;A01
201100046561;0;7;0;0;1;1;1;A01
201100046562;0;33;0;0;2;1;1;B01
201100046562;0;7;0;0;2;5;16;A01
201100046563;0;30;0;0;0;8;1;A01
201100046564;0;10;0;0;2;3;15;B01
201100046564;0;2;0;0;2;1;17;A01
201100046565;0;7;0;0;1;1;1;A01
201100046566;0;7;0;0;1;1;1;A01
201100046567;0;7;0;0;2;8;15;A01
201100046567;0;31;0;0;2;1;17;B01
201100046568;0;31;0;0;1;1;1;A01
201100046569;0;33;0;0;1;1;1;A01
201100046570;0;7;0;0;2;5;15;B01
201100046570;0;31;0;0;2;1;1;A01
201100046571;0;31;0;0;1;1;1;A01
201100046572;0;7;0;0;1;2;1;A01
201100046573;0;33;0;0;2;3;1;A01
201100046573;0;7;0;0;2;3;15;B01
201100046574;0;7;0;0;2;8;9;B01
201100046574;0;31;0;0;2;1;1;A01
201100046575;0;7;0;0;2;7;9;A01
201100046575;0;7;0;0;2;1;1;B01
201100046576;0;31;0;0;0;7;18;B01
201100046576;1;10;0;0;0;0;1;Z01
201100046577;0;7;0;0;2;1;1;B01
201100046577;0;7;0;0;2;3;1;A01
201100046578;0;37;1;0;1;2;1;A01
201100046579;0;31;0;0;1;2;1;A01
201100046580;0;10;0;0;2;2;14;A01
201100046580;0;30;0;0;2;1;18;B01
201100046581;0;7;0;1;0;2;1;A01
201100046582;0;7;0;0;2;1;2;A01
201100046582;0;33;0;0;2;4;1;B01
201100046583;0;7;0;0;1;1;7;A01
201100046584;0;2;0;0;2;1;1;A01
201100046584;0;7;0;0;2;6;10;B01
201100046585;0;31;0;0;2;1;1;A01
201100046585;0;7;0;0;2;8;19;B01
201100046586;0;7;0;0;1;2;1;A01
201100046587;0;2;0;0;2;1;1;A01
201100046587;0;7;0;0;2;3;1;B01
201100046588;0;31;0;0;2;4;1;A01
201100046588;0;7;0;0;2;1;2;B01
201100046589;0;7;0;0;2;8;23;A01
201100046589;0;30;0;0;2;9;10;B01
201100046589;0;33;0;0;2;1;1;C01
201100046590;0;37;1;0;1;1;1;A01
201100046591;0;31;0;0;1;5;17;A01
201100046592;0;7;0;0;2;3;15;B01
201100046592;0;30;0;0;2;1;17;A01
201100046593;0;7;0;0;2;3;20;B01
201100046593;0;31;0;0;2;1;18;A01
201100046594;0;7;0;0;2;4;1;B01
201100046594;0;10;0;0;2;1;2;A01
201100046595;0;10;0;0;2;1;2;A01
201100046595;0;34;0;0;2;4;23;B01
201100046596;0;30;0;0;2;2;17;A01
201100046596;0;7;0;0;2;3;15;B01
201100046597;0;31;0;1;2;2;1;A01
201100046597;0;7;0;0;2;6;11;B01
201100046598;0;7;0;0;2;8;10;A01
201100046598;0;33;0;14;2;1;1;B01
201100046599;0;10;0;0;2;3;2;A01
201100046599;0;7;0;0;2;4;2;B01
201100046599;0;7;0;0;2;4;1;C01
201100046600;0;7;0;0;2;2;1;A01
201100046600;0;10;0;0;2;3;1;B01
201100046601;0;33;0;0;2;2;1;B01
201100046601;0;7;0;0;2;3;9;A01
201100046602;0;1;0;0;1;1;1;B01
201100046603;0;10;0;0;2;8;1;A01
201100046603;0;7;0;0;2;1;1;B01
201100046604;0;7;0;0;1;2;1;A01
201100046605;0;33;0;0;1;1;1;A01
201100046606;0;33;0;0;2;1;2;B01
201100046606;0;7;0;0;2;5;15;A01
201100046606;0;7;0;0;2;4;1;C01
201100046607;0;30;0;0;2;1;1;A01
201100046607;0;7;0;0;2;3;16;B01
201100046608;0;10;0;0;2;2;1;A01
201100046608;0;7;0;0;2;4;15;B01
201100046609;0;7;0;0;2;3;15;A01
201100046609;0;31;0;0;2;1;1;B01
201100046610;0;7;0;2;0;1;1;A01
201100046611;0;33;0;0;2;1;1;A01
201100046611;0;7;0;0;2;7;15;B01
201100046612;0;32;0;0;2;2;17;A01
201100046612;0;7;0;0;2;3;17;B01
201100046613;0;30;0;0;1;1;1;A01
201100046614;0;7;0;0;1;7;1;A01
201100046615;0;7;0;0;2;3;1;B01
201100046615;0;7;0;0;2;2;5;A01
201100046616;0;30;0;0;2;8;1;B01
201100046616;0;7;0;0;2;1;15;A01
201100046617;0;32;0;0;2;2;17;A01
201100046617;0;7;0;0;2;3;15;B01
201100046618;0;32;0;0;2;1;1;B01
201100046618;0;7;0;0;2;7;15;A01
201100046619;0;7;0;0;2;2;16;A01
201100046619;0;1;0;0;2;1;19;B01
201100046620;0;7;0;0;2;1;17;A01
201100046620;0;10;0;0;2;4;1;B01
201100046621;0;31;0;0;2;1;1;B01
201100046621;0;7;0;0;2;7;10;A01
201100046622;0;32;0;16;0;1;1;A01
201100046623;0;32;0;0;2;2;17;A01
201100046623;0;7;0;0;2;3;15;B01
201100046624;0;7;0;0;1;3;1;A01
201100046625;0;1;0;0;2;1;17;B01
201100046625;0;7;0;0;2;8;10;A01
201100046626;0;30;0;0;2;5;1;B01
201100046626;0;7;0;0;2;3;2;A01
201100046627;0;7;0;0;2;2;15;B01
201100046627;0;32;0;0;2;3;1;A01
201100046628;0;7;0;0;2;2;17;A01
201100046628;0;1;0;0;2;1;1;B01
201100046629;0;7;0;0;2;2;2;A01
201100046629;0;2;0;0;2;2;2;B01
201100046630;0;7;0;0;1;2;1;A01
201100046631;0;33;0;0;1;1;21;A01
201100046632;0;7;0;4;0;1;15;A01
201100046633;0;7;0;0;2;1;2;A01
201100046633;0;14;0;0;2;4;1;B01
201100046634;0;7;0;0;2;3;13;A01
201100046634;0;7;0;0;2;2;1;B01
201100046635;0;7;0;6;0;1;1;A01
201100046636;0;7;0;0;2;1;2;A01
201100046636;0;7;0;0;2;4;1;B01
201100046637;0;7;0;0;2;3;1;B01
201100046637;0;7;0;0;2;8;1;A01
201100046638;0;7;0;0;2;6;4;A01
201100046638;0;33;0;0;2;7;1;B01
201100046639;0;7;0;1;0;2;14;A01
201100046640;0;7;0;0;2;5;10;A01