num_acc;senc;catv;occutc;obs;obsm;choc;manv;num_veh
201100046640;0;7;0;0;2;2;1;B01
201100046641;0;34;0;0;2;1;17;A01
201100046641;0;7;0;0;2;8;15;B01
201100046642;0;7;0;0;1;2;18;A01
201100046643;0;34;0;0;2;1;17;A01
201100046643;0;7;0;0;2;8;15;B01
201100046644;0;7;0;0;1;4;4;A01
201100046645;0;7;0;0;2;8;15;B01
201100046645;0;7;0;0;2;3;1;A01
201100046646;0;7;0;0;1;1;1;A01
201100046647;0;2;0;0;2;1;1;A01
201100046647;1;7;0;0;2;0;15;Z01
201100046648;0;30;0;0;2;1;1;A01
201100046648;0;30;0;0;2;1;1;B01
201100046649;0;7;0;0;2;1;9;B01
201100046649;0;33;0;0;2;1;9;A01
201100046650;0;33;0;0;2;1;1;A01
201100046650;0;7;0;0;2;1;1;B01
201100046651;0;7;0;0;1;2;1;A01
201100046652;0;7;0;0;2;1;1;B01
201100046652;0;7;0;0;2;1;15;A01
201100046653;0;7;0;0;2;8;13;A01
201100046653;0;33;0;0;2;7;17;B01
201100046654;0;7;0;0;2;7;15;A01
201100046654;0;30;0;0;2;1;1;B01
201100046655;0;7;0;0;2;8;23;A01
201100046655;0;1;0;0;2;1;17;B01
201100046656;0;7;0;0;2;8;15;A01
201100046656;0;33;0;0;2;1;3;B01
201100046657;0;7;0;0;2;1;2;A01
201100046657;0;31;0;0;2;4;1;B01
201100046658;0;33;0;0;2;1;7;A01
201100046658;0;10;0;0;2;3;9;B01
201100046659;0;10;0;1;2;1;2;A01
201100046659;0;7;0;0;2;4;23;B01
201100046659;0;7;0;0;2;4;23;C01
201100046660;0;7;0;2;0;8;14;A01
201100046661;0;2;0;0;2;1;1;A01
201100046661;0;7;0;0;2;3;1;B01
201100046662;0;30;0;0;2;1;1;A01
201100046662;0;7;0;0;2;7;19;B01
201100046663;0;32;0;0;2;1;2;A01
201100046663;0;31;0;0;2;4;1;B01
201100046664;0;7;0;0;2;3;1;A01
201100046664;0;7;0;0;2;4;15;B01
201100046665;0;7;0;0;2;2;15;A01
201100046665;0;2;0;0;2;1;1;B01
201100046666;0;7;0;0;1;2;16;A01
201100046667;0;2;0;0;0;7;1;A01
201100046667;1;7;0;0;0;0;17;Z01
201100046668;0;7;0;0;2;2;20;A01
201100046668;0;32;0;0;2;1;7;B01
201100046669;0;7;0;0;2;2;15;A01
201100046669;0;33;0;0;2;1;1;B01
201100046670;0;7;0;0;2;1;2;A01
201100046670;0;7;0;0;2;4;1;B01
201100046671;0;10;0;0;2;5;1;B01
201100046671;0;7;0;13;2;1;1;A01
201100046672;0;32;0;11;0;7;1;A01
201100046673;0;7;0;0;2;7;14;A01
201100046673;0;32;0;0;2;3;18;B01
201100046674;0;7;0;0;2;1;19;A01
201100046674;0;33;0;0;2;7;1;B01
201100046675;0;7;0;0;2;2;9;A01
201100046675;0;33;0;0;2;1;1;B01
201100046676;0;2;0;0;2;2;15;A01
201100046676;0;7;0;0;2;8;13;B01
201100046677;1;2;0;0;1;1;7;Z01
201100046678;0;7;0;0;2;3;15;A01
201100046678;0;10;0;0;2;2;1;B01
201100046679;0;7;0;0;1;2;1;A01
201100046680;0;7;0;0;2;2;9;A01
201100046680;0;7;0;0;2;1;1;B01
201100046681;0;33;0;0;1;1;1;A01
201100046682;0;1;0;0;0;1;1;A01
201100046683;0;7;0;0;2;1;2;A01
201100046683;0;7;0;1;2;5;1;B01
201100046684;0;34;0;0;2;1;1;C01
201100046684;0;7;0;0;2;8;9;A01
201100046685;0;30;0;0;2;7;17;A01
201100046685;0;7;0;0;2;8;1;B01
201100046686;0;37;33;0;1;2;14;A01
201100046687;0;34;0;0;2;1;1;B01
201100046687;0;7;0;0;2;2;15;A01
201100046688;0;34;0;0;2;1;2;A01
201100046688;0;7;0;0;2;3;15;B01
201100046688;0;7;0;0;2;3;2;C01
201100046689;0;7;0;0;1;1;1;A01
201100046690;0;7;0;0;1;0;0;A01
201100046691;0;7;0;0;1;1;16;A01
201100046692;0;7;0;4;0;1;1;A01
201100046693;0;30;0;0;2;3;1;A01
201100046693;0;7;0;0;2;2;15;B01
201100046694;0;7;0;0;1;3;1;A01
201100046695;0;7;0;0;1;1;15;A01
201100046696;0;32;0;0;2;1;1;B01
201100046696;0;7;0;0;2;2;15;A01
201100046697;1;7;0;0;1;0;1;Z01
201100046698;0;2;0;0;2;1;1;B01
201100046698;0;7;0;0;2;2;15;A01
201100046699;0;33;0;0;2;1;2;A01
201100046699;0;7;0;0;2;4;1;B01
201100046700;0;7;0;0;2;8;1;B01
201100046700;0;7;0;0;2;1;1;A01
201100046701;0;14;0;0;2;5;17;A01
201100046701;0;32;0;0;2;1;3;B01
201100046702;0;31;0;0;2;1;1;A01
201100046702;0;7;0;0;2;8;15;B01
201100046703;1;7;0;0;2;0;1;Z01
201100046703;0;30;0;0;2;7;1;B01
201100046704;0;7;0;0;1;2;1;A01
201100046705;0;7;0;0;1;1;1;A01
201100046705;0;7;0;0;1;1;1;B01
201100046706;0;37;1;0;1;5;1;A01
201100046707;0;2;0;0;2;7;1;B01
201100046707;0;7;0;0;2;3;1;A01
201100046708;0;30;0;8;0;8;1;A01
201100046709;0;7;0;0;2;7;10;B01
201100046709;0;32;0;0;2;1;1;A01
201100046710;0;33;0;0;0;8;1;A01
201100046711;0;7;0;6;0;1;16;B01
201100046711;0;7;0;0;0;0;15;A01
201100046712;0;33;0;0;2;1;1;B01
201100046712;0;7;0;0;2;6;10;A01
201100046713;0;7;0;0;1;8;1;A01
201100046714;0;7;0;0;1;2;15;A01
201100046715;0;31;0;0;2;6;21;B01
201100046715;0;7;0;0;2;5;4;A01
201100046716;0;38;1;0;1;1;16;A01
201100046716;0;10;0;0;1;1;16;B01
201100046717;0;30;0;0;2;2;1;A01
201100046717;0;7;0;0;2;6;9;B01
201100046718;0;30;0;0;2;1;2;A01
201100046718;0;7;0;0;2;4;23;B01
201100046719;0;33;0;0;0;7;1;A01
201100046720;1;32;0;0;1;1;1;Z01
201100046721;0;7;0;0;1;4;4;A01
201100046722;0;14;0;0;2;1;2;A01
201100046722;0;7;0;0;2;4;1;B01
201100046723;0;7;0;0;2;2;15;C01
201100046723;0;7;0;0;2;4;1;B01
201100046723;0;7;0;0;2;1;2;A01
201100046724;0;7;0;0;2;2;1;B01
201100046724;0;7;0;0;2;8;11;A01
201100046725;0;30;0;0;2;2;17;B01
201100046725;0;7;0;0;2;3;1;A01
201100046726;0;7;0;0;2;1;2;A01
201100046726;0;7;0;0;2;4;23;B01
201100046727;0;31;0;0;2;1;17;B01
201100046727;0;7;0;0;2;1;1;A01
201100046728;1;30;0;0;1;1;1;Z01
201100046729;0;7;0;0;2;1;18;A01
201100046729;0;7;0;0;2;6;15;B01
201100046730;0;33;0;0;2;8;1;B01
201100046730;0;7;0;0;2;2;1;A01
201100046731;0;7;0;0;2;3;1;B01
201100046731;0;7;0;0;2;2;1;A01
201100046732;0;7;0;0;2;1;2;A01
201100046732;0;30;0;0;2;4;15;B01
201100046733;0;14;0;0;2;2;1;B01
201100046733;0;7;0;0;2;3;1;A01
201100046734;0;31;0;0;1;1;1;Z01
201100046735;0;33;0;0;2;1;1;B01
201100046735;0;7;0;0;2;2;10;A01
201100046736;0;36;0;2;0;2;1;A01
201100046737;0;7;0;0;1;1;1;A01
201100046738;0;33;0;8;0;1;1;A01
201100046739;0;7;0;0;1;1;1;Z01
201100046740;0;30;0;0;2;1;1;A01
201100046740;0;7;0;0;2;7;16;B01
201100046741;0;30;0;14;0;2;1;A01
201100046742;0;32;0;0;2;8;21;B01
201100046742;0;7;0;0;2;2;23;A01
201100046743;0;7;0;8;0;1;1;A01
201100046744;0;7;0;0;1;1;16;A01
201100046744;0;1;0;0;2;2;19;B01
201100046745;0;7;0;0;2;3;1;A01
201100046745;0;1;0;0;2;1;1;B01
201100046746;0;30;0;0;0;1;1;A01
201100046747;0;7;0;12;0;3;16;A01
201100046748;0;7;0;0;2;1;1;B01
201100046748;0;7;0;0;2;3;10;A01
201100046749;0;7;0;0;1;1;15;A01
201100046750;0;7;0;0;0;0;1;C01
201100046750;0;7;0;0;2;6;1;B01
201100046750;0;37;1;0;2;3;2;A01
201100046751;0;7;0;0;2;3;1;A01
201100046751;0;7;0;0;2;3;1;B01
201100046752;0;7;0;0;2;1;9;A01
201100046752;0;30;0;0;2;7;1;B01
201100046753;0;7;0;0;1;1;15;A01
201100046754;0;37;1;0;2;2;15;A01
201100046754;0;30;0;0;2;1;15;B01
201100046755;0;7;0;0;2;7;1;B01
201100046755;0;33;0;0;2;1;1;A01
201100046756;0;34;0;0;2;1;1;A01
201100046756;0;7;0;0;2;7;15;B01
201100046757;0;33;0;16;0;8;1;A01
201100046758;0;7;0;0;2;2;16;A01
201100046758;0;31;0;0;2;3;18;B01
201100046759;0;7;0;0;2;3;1;B01
201100046759;0;30;0;0;2;1;1;A01
201100046760;1;7;0;0;2;0;0;Z01
201100046760;0;33;0;0;2;0;1;A01
201100046760;0;7;0;0;2;3;1;C01
201100046760;0;7;0;0;2;4;1;E01
201100046760;0;7;0;0;2;7;1;B01
201100046761;0;30;0;0;2;1;2;A01
201100046761;0;37;1;0;2;5;1;B01
201100046762;0;7;0;0;2;1;1;A01
201100046762;0;7;0;0;2;6;16;B01
201100046763;0;7;0;0;2;5;1;B01
201100046763;0;30;0;0;2;1;1;A01
201100046764;0;30;0;0;2;1;1;A01
201100046764;0;7;0;0;2;6;1;B01
201100046765;0;7;0;0;2;2;14;A01
201100046765;0;34;0;0;2;8;1;B01
201100046766;1;30;0;0;1;1;1;Z01
201100046767;0;7;0;0;2;3;15;A01
201100046767;0;32;0;0;2;1;17;B01
201100046768;0;32;0;0;2;2;1;A01
201100046768;0;7;0;0;2;8;15;B01
201100046769;0;7;0;0;1;2;1;A01
201100046770;0;10;0;0;2;2;1;A01
201100046770;0;32;0;0;2;6;9;B01
201100046771;0;7;0;0;2;6;11;A01
201100046771;0;2;0;0;2;2;17;B01
201100046772;0;30;0;0;0;8;1;A01
201100046773;0;7;0;0;2;1;1;B01
201100046773;0;7;0;0;2;8;1;A01
201100046774;0;7;0;0;0;0;9;A01
201100046774;0;33;0;8;0;2;1;B01
201100046775;0;33;0;11;1;1;1;A01
201100046776;0;7;0;0;2;4;2;B01
201100046776;0;7;0;0;2;4;1;C01
201100046776;0;7;0;0;2;1;2;A01
201100046777;0;7;0;0;2;1;2;A01
201100046777;0;10;0;0;2;4;1;B01
201100046778;0;15;0;0;0;0;17;A01
201100046778;0;30;0;0;0;8;17;B01
201100046779;0;7;0;0;1;2;1;A01
201100046780;0;10;0;0;2;1;2;A01
201100046780;0;32;0;0;2;4;1;B01
201100046781;0;31;0;0;1;1;1;A01
201100046782;0;32;0;0;2;1;1;B01
201100046782;0;7;0;0;2;2;1;A01
201100046783;0;30;0;0;2;8;1;A01
201100046783;0;32;0;0;2;1;1;B01
201100046784;0;2;0;0;2;3;18;A01
201100046784;0;7;0;0;2;5;1;B01
201100046785;0;7;0;12;0;1;1;A01
201100046786;0;7;0;0;2;4;1;A01
201100046786;0;31;0;0;2;1;2;B01
201100046787;0;32;0;0;2;1;14;A01
201100046787;0;7;0;0;2;7;1;B01
201100046788;0;30;0;0;0;8;15;A01
201100046789;0;7;0;0;2;3;16;A01
201100046789;0;7;0;0;2;2;1;B01
201100046790;0;7;0;0;2;1;2;A01
201100046790;0;7;0;0;2;4;2;B01
201100046790;0;7;0;0;2;4;1;C01
201100046791;0;30;0;0;2;1;2;A01
201100046791;0;7;0;0;2;4;1;B01
201100046792;0;10;0;0;1;1;15;A01
201100046793;0;7;0;0;2;7;15;A01
201100046793;0;32;0;0;2;1;1;B01
201100046794;0;37;1;0;1;3;1;A01
201100046795;0;7;0;1;0;8;1;A01
201100046796;0;7;0;0;2;1;2;A01
201100046796;0;7;0;0;2;4;1;B01
201100046797;0;33;0;0;2;9;3;A01
201100046797;0;7;0;0;2;7;1;B01
201100046797;0;7;0;0;2;6;1;C01
201100046798;0;37;1;0;1;7;1;A01
201100046799;0;37;7;0;2;1;1;A01
201100046799;0;7;0;0;2;7;1;B01
201100046800;0;7;0;1;1;3;16;A01
201100046801;0;2;0;0;2;7;17;A01
201100046801;0;7;0;0;2;3;15;B01
201100046802;0;33;0;0;0;8;1;A01
201100046803;0;33;0;0;1;2;1;A01
201100046804;0;7;0;0;2;3;15;A01
201100046804;0;7;0;0;2;2;17;B01
201100046805;0;7;0;0;1;5;1;A01
201100046806;0;10;0;0;2;7;16;B01
201100046806;0;2;0;0;2;1;1;A01
201100046807;0;30;0;0;0;1;0;A01
201100046808;0;15;0;0;1;3;20;A01
201100046809;0;2;0;0;1;1;1;A01
201100046810;0;7;0;0;2;1;13;A01
201100046810;0;33;0;14;2;8;1;B01
201100046811;0;7;0;0;1;3;15;A01
201100046812;0;7;0;0;1;3;1;A01
201100046813;0;7;0;0;9;0;17;A01
201100046813;0;1;0;0;2;3;1;B02
201100046814;0;30;0;0;0;0;0;A01
201100046814;0;7;0;0;0;0;15;B01
201100046815;0;7;0;0;1;1;15;A01
201100046816;0;7;0;0;2;4;2;C01
201100046816;0;10;0;0;2;1;2;A01
201100046816;0;7;0;0;2;4;2;B01
201100046817;0;7;0;0;1;1;16;A01
201100046818;0;7;0;0;1;2;1;A01
201100046819;0;33;0;0;2;1;1;B01
201100046819;0;7;0;0;2;3;1;A01
201100046820;0;7;0;0;1;1;1;A01
201100046821;0;7;0;0;2;1;1;A01
201100046821;0;2;0;0;2;3;1;B01
201100046822;0;31;0;0;2;1;1;B01
201100046822;0;7;0;0;2;2;1;A01
201100046823;0;37;1;1;2;7;16;A01
201100046823;0;37;1;0;2;6;24;B01
201100046824;0;7;0;0;1;1;16;A01
201100046825;0;7;0;0;2;2;16;A01
201100046825;0;1;0;0;2;8;1;B01
201100046826;0;1;0;0;2;1;1;B01
201100046826;0;7;0;0;2;8;22;A01
201100046827;0;32;0;1;2;1;17;B01
201100046827;0;7;0;0;2;3;15;A01
201100046828;0;34;0;0;2;9;1;B01
201100046828;0;7;0;0;2;5;12;A01
201100046829;0;30;0;0;2;2;1;B01
201100046829;0;7;0;0;2;3;11;A01
201100046830;0;7;0;8;0;1;0;A01
201100046831;0;7;0;0;1;1;0;A01
201100046832;0;7;0;0;2;1;15;A01
201100046832;0;33;0;0;2;1;1;B01
201100046833;0;33;0;0;2;4;1;A01
201100046833;0;7;0;0;2;3;1;B01
201100046833;0;7;0;0;2;3;1;C01
201100046834;0;10;0;0;2;4;1;B01
201100046834;0;7;0;0;2;1;2;A01
201100046835;0;7;0;0;0;3;15;A01
201100046835;0;30;0;0;2;1;1;B01
201100046836;0;1;0;0;1;1;1;A01
201100046837;0;7;0;0;2;7;1;A01
201100046837;0;30;0;0;2;8;18;B01
201100046838;0;1;0;0;2;4;19;A01
201100046838;0;37;1;0;2;2;16;B01
201100046839;0;2;0;0;2;4;1;B01
201100046839;0;7;0;0;2;1;2;A01
201100046840;0;7;0;0;2;3;1;B01
201100046840;0;7;0;2;2;9;17;A01
201100046841;0;32;0;0;2;4;1;B01
201100046841;0;34;0;0;2;1;2;A01
201100046842;0;10;0;0;1;4;1;A01
201100046843;0;30;0;0;2;7;1;A01
201100046843;0;7;0;0;2;8;15;B01
201100046844;0;7;0;0;2;1;2;A01
201100046844;0;7;0;0;2;4;1;B01
201100046845;0;7;0;0;2;1;2;A01
201100046845;0;2;0;0;2;4;1;B01
201100046846;0;7;0;0;2;3;1;A01
201100046846;0;7;0;0;2;6;1;B01
201100046847;0;7;0;0;2;4;23;B01
201100046847;1;7;0;0;2;1;2;A01
201100046848;0;7;0;0;2;3;1;B01
201100046848;0;31;0;0;2;9;9;A01
201100046849;0;7;0;0;2;1;2;A01
201100046849;0;33;0;0;2;4;1;B01
201100046850;0;30;0;0;0;1;1;A01
201100046851;0;32;0;0;2;1;2;A01
201100046851;1;99;0;0;2;4;1;Z01
201100046852;0;30;0;0;2;1;2;A01
201100046852;0;7;0;0;2;4;1;B01
201100046853;0;30;0;0;2;2;1;A01
201100046853;0;1;0;0;2;1;18;B01
201100046854;0;7;0;0;1;2;1;A01
201100046855;0;34;0;0;2;9;2;B01
201100046855;0;10;0;0;2;4;15;A01
201100046856;0;10;0;0;1;1;1;A01
201100046857;0;7;0;10;0;1;1;A01
201100046858;0;7;0;0;1;1;1;A01
201100046859;0;7;0;0;2;2;16;A01
201100046859;0;1;0;0;2;1;1;B01
201100046860;0;7;0;0;1;1;1;A01
201100046861;0;7;0;0;2;2;1;A01
201100046861;0;2;0;0;2;1;1;B01
201100046862;0;7;0;0;2;7;1;B01
201100046862;0;30;0;0;2;1;18;A01
201100046863;0;30;0;0;2;1;1;A01
201100046863;0;7;0;0;2;2;22;B01
201100046864;0;30;0;0;2;8;1;B01
201100046864;0;7;0;0;2;7;12;A01
201100046865;0;7;0;0;2;8;1;B01
201100046865;0;30;0;0;2;1;17;A01
201100046866;0;7;0;0;2;2;1;A01
201100046866;0;30;0;0;2;1;16;B01
201100046867;0;30;0;0;2;1;2;A01
201100046867;0;7;0;0;2;4;1;B01
201100046868;0;10;0;0;1;1;0;A01
201100046869;0;7;0;1;0;1;0;A01
201100046870;0;30;0;1;0;0;0;A01
201100046871;0;7;0;0;2;1;1;B01
201100046871;0;7;0;0;0;0;1;C01
201100046871;0;33;0;0;2;1;17;A01
201100046872;0;33;0;0;1;6;0;A01
201100046873;0;30;0;0;2;1;0;A01
201100046873;0;7;0;0;2;3;0;B01
201100046874;0;30;0;0;9;1;0;A01
201100046875;0;7;0;0;2;1;2;A01
201100046875;0;7;0;0;2;4;2;B01
201100046876;0;33;0;0;2;4;2;B01
201100046876;0;10;0;0;2;1;2;A01
201100046877;0;30;0;0;2;9;17;A01
201100046877;0;7;0;0;2;8;15;B01
201100046878;0;7;0;0;0;4;4;A01
201100046878;0;10;0;0;2;3;1;B01
201100046879;0;1;0;0;9;1;0;A01
201100046880;0;31;0;0;2;3;2;A01
201100046880;1;7;0;0;2;0;17;Z01
201100046881;0;7;0;0;2;1;13;A01
201100046881;0;7;0;0;2;6;1;B01
201100046881;0;7;0;0;2;1;21;E01
201100046881;0;7;0;0;2;1;2;C01
201100046881;0;7;0;0;2;5;1;D01
201100046882;0;7;0;0;2;8;1;A01
201100046882;0;2;0;0;2;8;1;B01
201100046883;1;37;0;0;1;8;1;A01
201100046884;0;35;0;0;9;9;1;A01
201100046885;0;32;0;3;2;9;1;A01
201100046885;1;10;0;0;0;0;0;Z01
201100046886;0;7;0;0;2;3;20;A01
201100046886;0;31;0;0;2;1;21;B01
201100046887;0;30;0;0;2;1;0;A01
201100046887;0;7;0;0;0;6;0;B01
201100046888;0;7;0;14;0;1;13;A01
201100046889;0;7;0;0;1;1;1;A01
201100046890;0;7;0;0;1;2;1;A01
201100046891;0;1;0;0;2;4;1;A01
201100046891;0;37;1;0;2;1;2;B01
201100046892;0;32;0;0;2;1;17;A01
201100046892;0;7;0;0;2;3;23;B01
201100046893;0;7;0;0;2;3;10;A01
201100046893;0;30;0;0;2;8;1;B01
201100046894;0;7;0;0;2;1;2;A01
201100046894;0;33;0;0;2;4;2;B01
201100046894;0;7;0;0;2;4;2;C01
201100046895;0;7;0;0;2;1;15;A01
201100046895;0;33;0;0;2;1;1;B01
201100046896;0;7;0;0;1;4;4;A01
201100046897;0;7;0;0;2;7;1;B01
201100046897;0;34;0;0;2;1;1;A01
201100046898;0;7;0;0;0;0;9;A01
201100046898;0;2;0;1;2;1;14;B01
201100046899;0;7;0;0;2;4;1;A01
201100046899;0;33;0;0;2;1;2;B01
201100046900;0;7;0;0;2;3;1;B01
201100046900;0;7;0;0;2;2;1;A01
201100046901;0;7;0;0;2;3;1;A01
201100046901;0;30;0;0;2;7;17;B01
201100046902;0;7;0;1;0;1;1;A01
201100046903;0;2;0;0;2;2;2;A01
201100046903;0;7;0;0;2;5;20;B01
201100046904;0;7;0;0;2;9;4;A01
201100046905;0;7;0;0;2;3;15;A01
201100046905;0;2;0;0;2;9;11;B01
201100046906;0;7;0;0;0;9;1;A01
201100046907;0;7;0;0;2;1;2;A01
201100046907;0;31;0;0;2;4;1;B01
201100046908;0;3;0;0;2;4;1;A01
201100046908;0;33;0;0;2;1;2;B01
201100046909;0;1;0;0;2;4;1;A01
201100046909;1;3;0;0;2;2;2;Z01
201100046910;0;33;0;0;2;1;2;A01
201100046910;0;7;0;0;2;4;1;B01
201100046911;0;7;0;0;1;2;1;A01
201100046912;0;10;0;0;1;1;1;A01
201100046913;0;2;0;0;2;7;15;A01
201100046913;0;7;0;0;2;8;15;B01
201100046914;0;7;0;0;2;1;2;A01
201100046914;0;31;0;0;1;4;1;B01
201100046915;0;31;0;0;0;8;1;A01
201100046916;0;31;0;0;2;1;3;A01
201100046916;0;30;0;0;2;1;3;B01
201100046917;0;7;0;0;2;5;14;A01
201100046917;0;2;0;0;2;9;1;B01
201100046918;0;31;0;0;2;2;17;A01
201100046918;0;7;0;0;2;3;1;B01
201100046918;0;7;0;0;2;2;1;C01
201100046919;0;7;0;0;1;1;1;A01
201100046920;0;33;0;0;2;9;2;B01
201100046920;0;7;0;0;2;5;14;A01
201100046921;0;32;0;0;2;1;2;A01
201100046921;0;7;0;0;2;4;1;B01
201100046922;0;7;0;0;1;5;1;A01
201100046923;0;7;0;0;2;3;1;A01
201100046923;0;33;0;0;2;7;17;B01
201100046924;0;2;0;0;2;8;1;A01
201100046924;0;7;0;0;2;9;17;B01
201100046925;0;7;0;0;1;6;1;A01
201100046926;0;30;0;0;1;1;1;A01
201100046927;0;7;0;0;2;5;15;B01
201100046927;0;1;0;0;2;1;1;A01
201100046928;0;7;0;0;2;7;15;A01
201100046928;0;34;0;0;2;1;1;B01
201100046929;0;33;0;0;2;1;1;B01
201100046929;0;7;0;0;2;3;1;A01
201100046930;0;7;0;0;1;4;4;A01
201100046931;0;7;0;0;2;3;15;A01
201100046931;0;30;0;0;2;1;17;B01
201100046932;0;1;0;0;1;1;2;A01
201100046933;0;3;0;0;1;5;1;A01
201100046934;0;31;0;0;0;0;1;B01
201100046934;0;7;0;0;2;0;10;A01
201100046935;0;10;0;0;2;2;12;A01
201100046935;0;33;0;0;2;8;1;B01
201100046936;0;1;0;0;2;0;0;B01
201100046936;0;7;0;0;2;2;0;A01
201100046937;0;7;0;0;1;3;0;A01
201100046938;0;2;0;0;0;0;1;A01
201100046939;0;7;0;0;2;3;0;A01
201100046939;0;1;0;0;2;9;0;B01
201100046940;0;7;0;0;2;3;0;A01
201100046940;0;32;0;0;2;2;0;B01
201100046941;0;7;0;0;9;1;0;A01
201100046942;0;7;0;0;2;1;0;B01
201100046942;0;33;0;0;2;3;9;A01
201100046943;0;30;0;0;9;1;1;A01
201100046944;0;7;0;0;1;0;1;A01
201100046945;0;10;0;0;1;0;4;A01
201100046946;0;7;0;0;1;2;1;A01
201100046947;0;7;0;0;1;4;4;A01
201100046948;0;31;0;0;0;3;1;A01
201100046949;0;7;0;0;2;2;15;A01
201100046949;0;34;0;0;2;1;1;B01
201100046950;0;7;0;0;1;2;1;A01
201100046951;0;10;0;0;1;5;16;A01
201100046952;0;7;0;0;1;1;16;A01
201100046953;0;33;0;4;0;8;11;A01
201100046954;0;30;0;1;0;8;1;B01
201100046955;0;7;0;0;1;3;16;A01
201100046956;0;7;0;0;2;8;9;A01
201100046956;0;30;0;0;2;2;1;B01
201100046957;0;30;0;0;2;4;1;A01
201100046957;0;30;0;0;2;1;2;B01
201100046958;0;33;0;0;0;8;1;B01
201100046958;0;7;0;0;0;0;12;A01
201100046959;0;33;0;16;0;8;1;A01
201100046960;0;7;0;0;1;2;16;A01
201100046961;1;30;0;0;1;1;1;Z01
201100046962;0;7;0;0;2;1;15;A01
201100046962;0;31;0;0;2;3;1;B01
201100046963;0;7;0;0;1;3;16;A01
201100046964;0;7;0;0;2;3;11;A01
201100046964;0;7;0;9;2;1;17;B01
201100046965;0;10;0;0;2;3;1;A01
201100046965;0;33;0;0;2;2;1;B01
201100046966;0;7;0;15;0;3;10;A01
201100046967;0;32;0;0;2;2;1;A01
201100046967;0;33;0;0;2;4;13;B01
201100046968;0;20;0;0;2;8;22;A01
201100046968;0;32;0;8;2;5;17;B01
201100046969;0;7;0;0;2;8;9;A01
201100046969;0;1;0;0;2;1;1;B01
201100046970;0;7;0;0;2;3;20;B01
201100046970;0;33;0;0;2;1;1;A01
201100046971;0;30;0;0;2;1;1;B01
201100046971;0;7;0;0;2;3;15;A01
201100046972;0;7;0;0;2;6;11;A01
201100046972;0;31;0;0;2;7;1;B01
201100046973;0;32;0;0;2;2;1;A01
201100046973;0;7;0;0;2;6;1;B01
201100046974;0;7;0;0;2;2;16;B01
201100046974;0;34;0;0;2;2;2;A01
201100046975;0;7;0;0;2;1;1;A01
201100046975;0;7;0;0;2;2;15;B01
201100046976;0;7;0;0;2;1;10;A01
201100046976;0;33;0;0;2;8;1;B01
201100046977;0;10;0;0;2;8;11;A01
201100046977;0;33;0;0;9;1;1;B01
201100046978;0;7;0;0;2;4;1;B01
201100046978;0;7;0;0;2;1;11;A01
201100046979;0;7;0;0;2;1;2;A01
201100046979;0;7;0;0;2;4;1;B01
201100046980;0;7;0;0;2;3;1;E01
201100046980;0;10;0;0;2;5;14;A01
201100046980;0;33;0;0;2;1;1;B01
201100046980;0;7;0;0;2;2;14;D01
201100046980;0;32;0;0;2;3;3;C01
201100046981;0;2;0;0;2;2;1;B01
201100046981;0;7;0;0;2;7;15;A01
201100046982;0;7;0;0;2;2;14;A01
201100046982;0;2;0;0;2;3;15;B01
201100046983;0;7;0;0;2;2;14;A01
201100046983;0;7;0;0;2;6;1;B01
201100046984;0;7;0;0;1;7;1;A01
201100046985;0;2;0;0;2;1;2;A01
201100046985;0;10;0;0;2;5;1;B01
201100046986;0;7;0;0;1;3;1;A01
201100046987;0;7;0;0;2;3;1;A01
201100046987;0;1;0;0;2;1;19;B01
201100046988;0;2;0;0;2;5;11;A01
201100046988;0;33;0;0;2;7;1;B01
201100046989;0;7;0;0;1;8;15;A01
201100046990;0;30;0;0;2;1;17;A01
201100046990;0;7;0;0;2;4;15;B01
201100046991;0;7;0;0;2;1;2;A01
201100046991;0;7;0;0;2;4;1;B01
201100046992;0;7;0;16;0;2;1;A01
201100046993;0;34;0;0;2;3;2;A01
201100046993;0;7;0;0;2;5;1;B01
201100046994;0;33;0;0;2;1;2;A01
201100046994;0;7;0;0;2;6;1;B01
201100046995;0;2;0;0;2;8;1;A01
201100046995;0;7;0;0;2;1;1;B02
201100046996;0;7;0;8;9;1;1;A01
201100046997;0;7;0;0;2;4;1;A01
201100046997;0;7;0;0;2;1;2;B01
201100046998;0;7;0;0;2;2;20;A01
201100046998;0;30;0;0;2;3;5;B01
201100046999;0;7;0;0;2;2;14;A01
201100046999;0;33;0;0;2;8;1;B01
201100047000;0;7;0;0;1;1;1;A01
201100047001;0;7;0;0;2;1;2;A01
201100047001;0;7;0;0;2;4;2;B01
201100047001;0;7;0;0;2;4;1;C01
201100047002;0;7;0;0;2;1;11;A01
201100047002;0;33;0;0;2;2;1;B01
201100047003;0;7;0;0;2;2;1;A01
201100047003;0;34;0;0;2;8;16;B01
201100047004;0;7;0;0;2;1;1;A01
201100047004;0;7;0;0;2;8;1;B02
201100047005;0;30;0;0;2;6;1;A01
201100047005;1;7;0;0;2;8;1;Z01
201100047006;0;7;0;0;2;2;1;A01
201100047006;0;34;0;0;2;8;18;B01
201100047007;0;10;0;0;1;6;4;A01
201100047008;0;1;0;0;2;1;1;A01
201100047008;0;7;0;0;2;2;23;B01
201100047009;0;7;0;0;2;3;1;A01
201100047009;0;30;0;0;2;1;17;B01