num_acc;senc;catv;occutc;obs;obsm;choc;manv;num_veh
201100047010;0;7;0;0;2;7;15;A01
201100047010;0;33;0;0;2;1;1;B01
201100047011;0;7;0;0;2;4;15;A01
201100047011;0;33;0;0;2;1;2;B01
201100047012;0;7;0;0;9;7;1;A01
201100047013;0;7;0;0;2;7;12;A01
201100047013;0;33;0;0;2;1;2;B01
201100047014;0;7;0;0;1;1;1;A01
201100047015;0;7;0;0;1;8;1;A01
201100047016;0;7;0;9;9;9;1;A01
201100047017;0;7;0;0;1;1;15;A01
201100047018;0;30;0;0;1;2;1;A01
201100047019;0;7;0;0;2;5;17;A01
201100047019;0;32;0;0;2;1;1;B01
201100047020;0;7;0;0;1;7;1;A01
201100047021;0;7;0;0;1;2;1;A01
201100047022;0;7;0;0;2;2;2;A01
201100047022;0;7;0;0;2;6;1;B01
201100047023;0;34;0;0;2;7;1;A01
201100047023;0;7;0;0;2;1;1;B01
201100047024;0;10;0;0;1;1;1;A01
201100047025;0;7;0;0;2;7;1;B01
201100047025;0;7;0;0;2;6;1;C01
201100047025;0;10;0;0;2;3;1;A01
201100047026;0;7;0;0;2;7;0;A01
201100047026;0;2;0;0;2;2;1;B01
201100047027;0;7;0;0;2;8;11;A01
201100047027;0;33;0;0;2;7;3;B01
201100047028;0;7;0;0;2;1;1;A01
201100047028;0;10;0;0;2;4;1;B01
201100047028;0;7;0;0;2;4;1;C01
201100047029;0;7;0;14;1;5;4;A01
201100047030;0;7;0;0;2;4;23;B01
201100047030;0;2;0;0;2;1;2;A01
201100047031;0;7;0;0;2;1;1;A01
201100047031;0;1;0;0;0;7;19;B01
201100047032;0;32;0;0;2;7;17;A01
201100047032;0;7;0;0;2;3;20;B01
201100047033;0;32;0;0;2;1;2;A01
201100047033;0;7;0;0;2;4;1;B01
201100047034;0;10;0;0;2;4;1;B01
201100047034;0;7;0;0;2;1;2;A01
201100047035;0;30;0;0;2;4;23;B01
201100047035;0;10;0;0;2;2;2;A01
201100047036;0;31;0;0;1;1;1;A01
201100047037;0;7;0;0;2;3;15;A01
201100047037;0;7;0;0;0;7;15;B01
201100047038;0;7;0;0;2;2;15;A01
201100047038;0;30;0;0;2;7;1;B01
201100047039;0;33;0;0;2;1;1;A01
201100047039;0;10;0;0;2;2;15;B01
201100047040;0;7;0;1;2;4;20;A01
201100047040;0;7;0;0;2;2;2;B01
201100047041;0;7;0;0;2;1;15;A01
201100047041;0;7;0;0;2;3;1;B01
201100047042;0;7;0;0;1;1;1;A01
201100047043;0;7;0;0;2;3;1;B01
201100047043;0;30;0;0;2;1;1;A01
201100047044;0;7;0;15;0;1;1;A01
201100047045;0;7;0;0;2;3;23;A01
201100047045;0;2;0;0;2;3;1;B01
201100047046;0;7;0;0;2;4;23;B01
201100047046;0;7;0;0;2;1;2;A01
201100047047;0;34;0;0;2;1;18;A01
201100047047;0;10;0;0;2;7;16;B01
201100047048;0;33;0;0;1;1;1;A01
201100047049;0;7;0;0;1;1;1;A01
201100047050;0;7;0;0;2;3;15;A01
201100047050;0;33;0;0;2;1;17;B01
201100047051;0;7;0;0;2;1;2;A01
201100047051;0;7;0;0;1;4;1;B01
201100047052;0;7;0;0;2;1;2;A01
201100047052;0;7;0;0;2;4;1;B01
201100047053;0;10;0;0;2;3;1;A01
201100047053;0;30;0;0;2;7;17;B01
201100047054;0;2;0;0;2;7;15;A01
201100047054;0;30;0;0;2;1;1;B01
201100047055;0;7;0;0;1;2;1;A01
201100047056;0;7;0;0;9;8;5;A01
201100047056;0;1;0;0;2;1;1;B01
201100047057;0;34;0;0;2;1;1;B01
201100047057;0;7;0;0;2;8;1;A01
201100047058;0;7;0;0;1;7;1;A01
201100047059;0;7;0;0;2;3;1;B01
201100047059;0;7;0;0;2;1;1;A01
201100047060;0;10;0;0;2;1;2;A01
201100047060;0;37;1;0;0;4;23;C01
201100047060;0;10;0;0;2;4;2;B01
201100047061;0;10;0;6;0;0;1;A01
201100047062;0;1;0;0;2;3;1;A01
201100047062;1;10;0;0;2;5;17;Z01
201100047063;0;1;0;0;2;7;1;A01
201100047063;0;7;0;0;2;3;1;B01
201100047064;0;7;0;0;2;3;1;B01
201100047064;0;30;0;1;2;1;13;A01
201100047065;0;7;0;14;0;1;1;A01
201100047066;0;7;0;0;2;8;1;A01
201100047066;0;33;0;0;2;7;1;B01
201100047067;0;2;0;0;2;6;2;A01
201100047067;0;38;1;0;2;2;16;B01
201100047068;1;7;0;0;2;3;15;A01
201100047068;0;31;0;0;2;1;1;B01
201100047069;0;10;0;0;2;1;2;A01
201100047069;0;7;0;0;2;4;1;B01
201100047070;0;7;0;0;2;8;22;A01
201100047070;0;1;0;0;2;1;1;B01
201100047071;0;10;0;0;2;3;15;A01
201100047071;0;31;0;0;2;7;17;B01
201100047072;0;7;0;0;2;3;1;A01
201100047072;0;2;0;0;2;1;1;B01
201100047073;0;30;0;0;2;3;1;A01
201100047073;0;37;1;0;2;1;15;B01
201100047074;0;33;0;0;1;1;1;A01
201100047075;0;7;0;0;1;2;1;A01
201100047076;0;30;0;0;2;2;1;A01
201100047076;0;7;0;0;2;1;15;B01
201100047077;0;31;0;0;2;2;3;A01
201100047077;0;7;0;0;2;3;2;B01
201100047077;0;7;0;0;2;3;1;C01
201100047078;0;7;0;0;2;1;1;B01
201100047078;0;2;0;0;2;8;1;A01
201100047079;1;99;0;0;1;1;1;Z01
201100047080;0;7;0;0;2;1;2;A01
201100047080;0;30;0;0;2;4;1;B01
201100047081;0;2;0;0;2;1;2;A01
201100047081;0;7;0;0;2;4;1;B01
201100047082;0;32;0;0;2;4;23;A01
201100047082;0;7;0;0;2;1;1;B01
201100047083;0;7;0;0;1;1;1;A01
201100047084;0;1;0;0;2;6;11;A01
201100047084;0;30;0;0;2;5;1;Z01
201100047085;0;33;0;0;2;1;2;A01
201100047085;0;7;0;0;2;8;15;B01
201100047086;0;30;0;0;2;1;1;A01
201100047086;0;7;0;0;2;8;15;B01
201100047087;0;2;0;0;2;7;1;A01
201100047087;0;2;0;0;2;1;18;B01
201100047088;0;7;0;0;1;1;9;A01
201100047089;0;7;0;0;1;4;4;A01
201100047090;0;7;0;0;2;3;9;A01
201100047090;0;2;0;0;2;1;1;B01
201100047091;0;30;0;0;1;1;17;A01
201100047092;0;7;0;0;1;1;1;A01
201100047093;1;7;0;0;1;0;1;Z01
201100047094;0;7;0;0;2;2;9;A01
201100047094;0;2;0;0;2;1;1;B01
201100047095;0;7;0;0;2;3;9;A01
201100047095;0;31;0;0;2;1;1;B01
201100047096;0;7;0;0;2;2;1;A01
201100047096;0;7;0;0;2;3;15;B01
201100047097;0;7;0;0;0;0;15;C01
201100047097;0;33;0;0;0;0;2;B01
201100047097;0;33;0;0;0;0;2;A01
201100047098;0;7;0;0;2;1;15;B01
201100047098;0;2;0;0;2;1;1;A01
201100047099;0;7;0;0;1;3;16;A01
201100047100;1;7;0;0;2;4;23;Z01
201100047100;0;30;0;0;2;1;2;A01
201100047101;0;7;0;0;1;3;15;A01
201100047102;0;7;0;8;2;1;1;A01
201100047102;0;7;0;8;2;3;1;B01
201100047103;0;7;0;0;1;1;1;A01
201100047104;0;32;0;0;2;1;1;B01
201100047104;1;7;0;0;2;4;12;A01
201100047105;0;7;0;0;2;4;2;B01
201100047105;0;37;4;0;2;4;1;C01
201100047105;0;13;0;0;2;1;2;A01
201100047106;0;7;0;0;2;2;15;A01
201100047106;0;1;0;0;2;1;1;B01
201100047107;0;7;0;0;2;8;10;A01
201100047107;0;31;0;0;2;1;2;B01
201100047108;0;7;0;0;2;7;20;A01
201100047108;0;31;0;0;2;1;1;B01
201100047109;0;30;0;0;2;1;2;A01
201100047109;0;7;0;0;2;4;23;B01
201100047110;0;7;0;0;1;3;15;A01
201100047111;0;10;0;0;2;8;18;B01
201100047111;0;14;0;0;2;2;14;A01
201100047112;0;10;0;0;2;8;15;A01
201100047112;0;34;0;0;2;1;1;B01
201100047113;0;7;0;0;2;1;9;A01
201100047113;0;32;0;0;2;1;17;B01
201100047114;0;37;1;6;2;8;15;A01
201100047114;0;7;0;0;2;1;2;B01
201100047115;0;7;0;0;2;4;1;A01
201100047115;0;7;0;0;2;1;2;B01
201100047116;0;7;0;0;2;3;1;A01
201100047116;0;33;0;0;2;7;17;B01
201100047117;0;32;0;0;2;1;2;A01
201100047117;0;7;0;0;2;4;1;B01
201100047118;0;7;0;0;2;1;15;B01
201100047118;0;30;0;0;2;7;1;A01
201100047119;0;7;0;0;2;8;23;B01
201100047119;0;7;0;0;2;1;13;A01
201100047119;0;14;0;0;2;3;2;C01
201100047120;0;7;0;0;2;7;15;B01
201100047120;0;32;0;0;2;1;1;A01
201100047121;0;14;0;0;2;1;2;A01
201100047121;0;10;0;0;2;4;23;B01
201100047122;0;7;0;0;1;1;1;A01
201100047123;0;33;0;6;0;1;1;A01
201100047124;0;7;0;0;1;7;1;A01
201100047125;0;30;0;0;1;1;1;A01
201100047126;0;32;0;0;2;4;23;E01
201100047126;0;7;0;0;2;4;23;C01
201100047126;0;7;0;0;2;4;23;D01
201100047126;0;7;0;0;2;1;2;A01
201100047126;0;7;0;0;2;4;23;B01
201100047127;0;7;0;0;2;3;22;A01
201100047127;0;31;0;0;2;1;1;B01
201100047128;0;7;0;0;2;1;2;A01
201100047128;0;7;0;0;2;4;1;B01
201100047129;0;7;0;0;1;7;1;A01
201100047130;0;30;0;0;2;1;2;A01
201100047130;0;7;0;0;2;4;23;B01
201100047131;1;7;0;0;2;8;1;A01
201100047131;0;2;0;0;2;7;9;B01
201100047132;0;32;0;11;0;1;17;A01
201100047133;0;7;0;0;2;4;2;C01
201100047133;0;7;0;0;2;4;2;B01
201100047133;0;7;0;0;2;4;2;D01
201100047133;0;7;0;0;2;1;2;A01
201100047134;0;7;0;0;1;1;1;A01
201100047135;0;30;0;0;2;7;1;A01
201100047135;0;1;0;0;2;1;19;B01
201100047136;0;7;0;0;2;7;15;A01
201100047136;0;33;0;0;2;1;1;B01
201100047137;0;30;0;0;2;1;2;B01
201100047137;0;7;0;0;0;6;23;A01
201100047138;0;30;0;12;0;3;1;A01
201100047139;0;7;0;8;0;1;1;A01
201100047140;0;33;0;0;1;4;21;A01
201100047141;0;7;0;0;1;1;1;A01
201100047142;0;34;0;14;0;1;1;A01
201100047143;0;7;0;0;9;7;17;B01
201100047143;0;1;0;0;2;1;1;A01
201100047144;0;7;0;0;2;3;23;A01
201100047144;0;33;0;0;2;1;1;B01
201100047145;0;7;0;0;2;3;15;A01
201100047145;0;33;0;0;2;1;17;B01
201100047146;0;7;0;1;0;1;20;A01
201100047146;0;7;0;0;2;4;24;B01
201100047147;0;33;0;14;0;1;1;A01
201100047148;0;34;0;0;2;1;1;A01
201100047148;0;7;0;0;2;3;19;B01
201100047149;0;7;0;0;2;2;15;A01
201100047149;0;33;0;0;2;1;1;B01
201100047150;0;7;0;0;1;1;1;A01
201100047151;0;33;0;0;2;4;23;B01
201100047151;0;7;0;14;2;1;2;A01
201100047152;0;2;0;0;2;1;1;A01
201100047152;0;7;0;0;2;6;11;B01
201100047153;0;7;0;0;2;4;23;C01
201100047153;0;7;0;0;2;3;1;A01
201100047153;0;7;0;0;2;5;23;B01
201100047154;0;14;0;0;2;4;23;C01
201100047154;0;7;0;0;2;1;1;A01
201100047154;0;7;0;0;2;4;23;B01
201100047155;0;14;0;0;2;1;1;A01
201100047155;0;7;0;0;2;4;23;D01
201100047155;0;7;0;0;2;4;23;B01
201100047155;0;7;0;0;2;4;23;C01
201100047156;0;33;0;0;2;3;1;B01
201100047156;0;14;0;0;2;2;16;A01
201100047157;0;1;0;12;0;1;1;A01
201100047158;0;7;0;0;2;3;15;A01
201100047158;0;33;0;0;2;1;1;B01
201100047159;0;7;0;11;0;2;1;A01
201100047160;0;30;0;0;0;7;1;A01
201100047161;0;10;0;0;2;3;10;A01
201100047161;0;32;0;0;2;6;1;B01
201100047162;0;7;0;0;2;1;1;A01
201100047162;0;7;0;0;2;3;1;B01
201100047162;0;7;0;0;2;1;1;D01
201100047162;0;7;0;0;2;3;1;C01
201100047162;0;34;0;0;2;1;1;E01
201100047163;0;34;0;0;0;1;1;A01
201100047164;0;3;0;0;2;1;2;A01
201100047164;0;3;0;0;2;4;1;B01
201100047165;0;30;0;0;2;1;21;A01
201100047165;0;7;0;0;2;4;23;B01
201100047166;0;7;0;0;2;3;10;A01
201100047166;0;30;0;0;2;2;1;B01
201100047167;1;7;0;0;1;1;1;A01
201100047168;0;2;0;0;2;1;2;A01
201100047168;0;10;0;0;2;6;23;B01
201100047169;0;7;0;0;2;1;5;A01
201100047169;0;7;0;0;2;1;1;B01
201100047169;0;7;0;0;2;1;1;C01
201100047170;0;30;0;0;0;0;1;A01
201100047171;0;7;0;12;0;3;1;A01
201100047172;0;7;0;0;2;1;2;A01
201100047172;0;33;0;0;2;6;23;B01
201100047173;0;33;0;0;0;0;1;A01
201100047174;0;32;0;0;2;1;1;A01
201100047174;0;32;0;0;2;1;1;B01
201100047175;0;7;0;0;1;2;1;A01
201100047176;0;33;0;0;2;3;13;A01
201100047176;0;7;0;0;2;2;14;B01
201100047177;0;31;0;0;0;7;1;A01
201100047178;0;14;0;0;2;1;1;A01
201100047178;0;7;0;0;2;4;23;B01
201100047179;0;7;0;0;1;2;10;A01
201100047179;0;33;0;0;2;1;17;B01
201100047179;0;7;0;0;2;1;1;C01
201100047180;0;33;0;0;2;3;5;A01
201100047180;0;7;0;0;1;3;9;B01
201100047181;0;30;0;0;2;1;1;A01
201100047181;0;7;0;0;1;3;1;B01
201100047182;0;7;0;3;0;5;1;A01
201100047183;0;7;0;0;2;5;1;A01
201100047183;0;7;0;0;2;2;1;B01
201100047184;0;2;0;0;2;1;1;B01
201100047184;0;7;0;0;2;3;15;A01
201100047185;0;7;0;0;2;1;2;A01
201100047185;0;7;0;0;2;1;2;B01
201100047185;0;7;0;0;2;4;1;C01
201100047186;0;33;0;0;2;1;1;B01
201100047186;0;7;0;0;1;2;15;A01
201100047187;0;7;0;14;0;2;1;A01
201100047188;0;30;0;0;2;8;18;A01
201100047188;0;7;0;0;2;7;23;B01
201100047189;0;7;0;1;0;1;1;B01
201100047190;0;7;0;0;2;6;20;A01
201100047190;0;30;0;0;2;1;1;B01
201100047191;0;30;0;0;2;7;1;B01
201100047191;0;7;0;0;2;3;15;A01
201100047192;0;14;0;0;2;1;17;A01
201100047192;0;7;0;0;2;4;17;B01
201100047192;0;37;1;0;2;6;23;C01
201100047193;0;7;0;0;2;5;1;A01
201100047193;0;7;0;0;2;3;14;B01
201100047193;0;33;0;0;2;8;1;C01
201100047194;0;7;0;0;2;2;15;A01
201100047194;0;2;0;0;2;1;1;B01
201100047195;0;33;0;0;2;1;2;A01
201100047195;0;10;0;0;2;6;23;B01
201100047196;0;7;0;0;1;1;1;A01
201100047197;0;31;0;0;2;8;18;A01
201100047197;0;7;0;0;2;2;14;B01
201100047198;0;7;0;0;1;1;16;A01
201100047199;0;7;0;0;1;1;15;A01
201100047200;0;7;0;0;2;3;1;B01
201100047200;0;7;0;0;2;7;15;A01
201100047201;0;33;0;0;1;1;17;A01
201100047202;0;31;0;0;2;4;2;B01
201100047202;0;7;0;0;2;1;2;A01
201100047203;0;33;0;0;0;0;1;A01
201100047204;0;7;0;0;0;1;1;A01
201100047205;0;30;0;0;0;0;1;A01
201100047206;0;7;0;4;0;1;1;A01
201100047207;0;7;0;0;2;1;13;A01
201100047207;0;7;0;0;2;1;1;B01
201100047208;0;7;0;0;2;2;9;A01
201100047208;0;31;0;0;2;7;1;B01
201100047209;0;14;0;9;2;1;1;B01
201100047209;0;7;0;0;2;2;1;A01
201100047210;0;33;0;0;2;1;1;B01
201100047210;1;7;0;0;2;2;14;A01
201100047211;0;30;0;12;0;1;1;A01
201100047212;0;33;0;0;2;1;17;B01
201100047212;0;7;0;0;2;8;10;A01
201100047213;0;33;0;8;0;1;1;A01
201100047214;0;7;0;0;1;2;1;A01
201100047215;0;1;0;12;0;1;1;A01
201100047216;0;7;0;8;2;7;15;A01
201100047216;0;7;0;0;2;1;1;B01
201100047217;1;7;0;0;0;0;18;A01
201100047217;0;33;0;0;0;6;1;B01
201100047218;0;7;0;0;2;6;9;A01
201100047218;0;2;0;0;2;1;1;B01
201100047219;0;7;0;0;2;4;23;B01
201100047219;0;33;0;0;2;1;1;A01
201100047220;0;7;0;0;2;7;16;A01
201100047220;0;1;0;0;2;1;1;B01
201100047221;0;7;0;0;2;4;1;B01
201100047221;0;2;0;0;2;1;1;A01
201100047222;0;33;0;8;2;1;17;A01
201100047222;0;7;0;0;2;8;15;B01
201100047223;0;7;0;0;1;3;1;A01
201100047224;0;33;0;11;0;1;1;A01
201100047225;0;7;0;0;1;3;1;A01
201100047226;0;7;0;0;2;3;1;B01
201100047226;0;10;0;0;2;1;15;A01
201100047227;0;2;0;12;0;1;1;A01
201100047228;0;7;0;1;0;2;14;A01
201100047229;0;7;0;1;0;3;1;A01
201100047230;0;7;0;0;2;2;1;A01
201100047230;0;7;0;0;2;1;1;B01
201100047231;0;7;0;0;2;3;1;A01
201100047231;0;33;0;0;2;1;1;B01
201100047232;0;33;0;1;2;1;18;A01
201100047232;0;7;0;0;2;7;16;B01
201100047233;0;33;0;0;0;8;1;A01
201100047234;0;7;0;0;1;2;1;A01
201100047235;0;2;0;0;2;4;23;C01
201100047235;0;2;0;0;2;4;2;B01
201100047235;0;7;0;0;2;1;2;A01
201100047236;0;33;0;0;2;1;1;B01
201100047236;0;34;0;0;2;8;1;A01
201100047237;0;2;0;0;2;7;17;A01
201100047237;0;7;0;0;2;8;1;B01
201100047238;0;10;0;0;2;4;1;B01
201100047238;0;33;0;0;2;1;2;A01
201100047239;0;7;0;1;0;1;1;A01
201100047240;0;7;0;8;0;1;11;A01
201100047241;1;7;0;0;1;1;1;A01
201100047242;0;7;0;0;0;0;9;A01
201100047242;0;32;0;0;0;8;21;B01
201100047243;0;7;0;0;2;7;1;B01
201100047243;0;7;0;6;2;4;0;A01
201100047244;0;7;0;0;2;8;1;B01
201100047244;0;31;0;0;2;1;1;A01
201100047245;0;33;0;16;0;8;15;A01
201100047246;0;7;0;0;1;1;1;A01
201100047247;0;13;0;0;2;2;1;A01
201100047247;0;7;0;0;2;6;4;B01
201100047248;0;7;0;0;2;8;15;A01
201100047248;0;2;0;0;2;1;17;B01
201100047249;0;7;0;0;2;6;13;A01
201100047249;0;33;0;0;2;1;1;B01
201100047250;0;37;1;0;2;3;1;B01
201100047250;0;7;0;0;2;1;16;A01
201100047251;0;14;0;0;1;4;4;A01
201100047252;0;7;0;0;0;0;14;A01
201100047252;0;33;0;8;0;1;21;B01
201100047253;0;7;0;1;0;2;14;A01
201100047254;0;31;0;0;2;1;17;A01
201100047254;0;7;0;0;2;3;15;B01
201100047255;0;33;0;6;0;1;15;A01
201100047256;0;1;0;0;2;1;1;A01
201100047256;0;7;0;0;2;4;23;B01
201100047257;0;7;0;12;0;2;1;A01
201100047258;0;10;0;0;1;2;1;A01
201100047259;0;7;0;0;1;1;1;A01
201100047260;0;2;0;0;2;7;1;B01
201100047260;0;2;0;0;2;1;1;A01
201100047261;0;1;0;0;2;5;1;A01
201100047261;0;7;0;0;2;2;2;B01
201100047262;0;7;0;0;2;1;1;A01
201100047262;0;10;0;0;2;4;23;B01
201100047262;0;7;0;0;2;4;23;C01
201100047263;0;7;0;0;2;3;9;A01
201100047263;0;2;0;0;2;2;1;B01
201100047264;0;31;0;0;0;7;1;A01
201100047265;0;30;0;0;2;1;2;A01
201100047265;0;7;0;0;2;6;1;B01
201100047266;0;34;0;1;2;1;18;A01
201100047266;0;7;0;0;2;1;15;B01
201100047267;0;33;0;0;2;1;1;B01
201100047267;0;10;0;0;2;1;15;A01
201100047268;0;2;0;0;2;3;17;B01
201100047268;0;7;0;0;2;1;9;A01
201100047269;0;7;0;0;2;3;13;A01
201100047269;0;31;0;0;2;7;17;B01
201100047270;0;31;0;0;0;7;1;A01
201100047271;0;7;0;0;2;3;9;A01
201100047271;0;31;0;0;2;2;1;B01
201100047272;0;32;0;0;0;7;1;A01
201100047273;0;33;0;0;0;7;1;A01
201100047274;0;32;0;0;2;1;2;A01
201100047274;0;7;0;0;2;4;1;B01
201100047275;0;2;0;0;2;8;9;A01
201100047275;0;7;0;0;2;1;1;B01
201100047276;0;7;0;8;0;1;13;A01
201100047277;0;32;0;0;2;1;2;A01
201100047277;0;7;0;0;2;4;23;B01
201100047278;0;7;0;0;2;3;9;A01
201100047278;0;33;0;0;2;1;1;B01
201100047279;0;30;0;0;0;0;1;A01
201100047279;0;7;0;0;0;0;23;B01
201100047280;0;7;0;0;2;3;15;A01
201100047280;0;34;0;0;2;1;1;B01
201100047281;0;10;0;0;2;7;1;A01
201100047281;0;33;0;0;2;1;1;B01
201100047282;0;7;0;0;2;8;15;A01
201100047282;0;33;0;0;2;1;17;B01
201100047283;0;7;0;9;0;2;14;A01
201100047284;0;32;0;11;0;1;1;A01
201100047285;0;2;0;0;2;1;17;B01
201100047285;0;7;0;0;2;8;15;A01
201100047286;0;2;0;0;0;0;1;A01
201100047287;0;7;0;0;2;3;1;B01
201100047287;0;7;0;0;2;2;15;A01
201100047288;0;7;0;0;2;1;1;A01
201100047288;0;7;0;0;2;4;1;B01
201100047289;0;2;0;0;0;0;1;A01
201100047290;0;14;0;0;1;2;1;A01
201100047291;0;7;0;0;1;1;1;A01
201100047292;0;7;0;0;1;1;1;A01
201100047293;1;33;0;0;1;1;17;A01
201100047294;0;1;0;0;2;8;1;B01
201100047294;0;7;0;0;2;2;15;A01
201100047295;0;7;0;0;1;1;15;A01
201100047296;0;30;0;0;0;1;1;B01
201100047296;0;7;0;0;2;6;1;A01
201100047297;0;32;0;0;1;1;1;A01
201100047298;0;17;0;0;2;6;23;C01
201100047298;0;7;0;1;2;1;11;A01
201100047298;0;17;0;0;2;7;1;B01
201100047299;0;7;0;0;1;2;17;A01
201100047300;0;7;0;0;2;3;9;A01
201100047300;0;1;0;0;2;2;1;B01
201100047301;0;10;0;0;1;1;17;A01
201100047302;0;2;0;0;2;1;2;A01
201100047302;0;10;0;0;2;6;20;B01
201100047303;0;32;0;0;1;1;17;A01
201100047304;0;33;0;0;2;1;17;B01
201100047304;0;10;0;0;2;6;15;A01
201100047305;0;7;0;0;2;1;2;A01
201100047305;0;7;0;0;2;4;1;C01
201100047305;0;7;0;0;2;4;2;B01
201100047306;0;7;0;0;2;3;1;A01
201100047306;0;32;0;0;2;2;1;B01
201100047307;0;7;0;0;2;6;1;B01
201100047307;0;30;0;0;2;1;2;A01
201100047308;0;31;0;0;2;1;1;A01
201100047308;0;7;0;0;2;6;23;B01
201100047308;0;7;0;0;2;3;1;C01
201100047309;0;7;0;12;0;7;1;A01
201100047310;0;33;0;0;2;1;2;A01
201100047310;0;7;0;0;2;4;23;B01
201100047311;0;32;0;0;2;1;2;A01
201100047311;0;7;0;0;2;6;15;B01
201100047312;0;2;0;0;1;1;1;A01
201100047313;0;7;0;0;2;1;2;A01
201100047313;0;7;0;0;2;4;1;B01
201100047314;0;33;0;0;1;2;15;A01
201100047315;0;7;0;0;2;1;2;A01
201100047315;0;7;0;0;2;4;1;B01
201100047316;0;7;0;0;1;1;1;A01
201100047317;0;30;0;1;0;1;1;A01
201100047318;0;7;0;0;2;1;1;A01
201100047318;0;30;0;0;2;7;1;B01
201100047319;1;10;0;0;2;1;1;Z01
201100047319;0;7;0;0;2;4;2;C01
201100047319;0;31;0;0;2;4;23;B01
201100047320;0;33;0;0;2;8;9;A01
201100047320;0;7;0;0;2;7;1;B01
201100047321;0;7;0;0;1;1;1;A01
201100047322;0;7;0;0;2;8;15;A01
201100047322;0;33;0;0;2;7;17;B01
201100047323;2;7;0;9;0;1;1;A01
201100047324;0;30;0;0;2;1;2;A01
201100047324;0;10;0;0;2;4;23;B01
201100047325;0;7;0;0;2;7;16;A01
201100047325;0;2;0;0;2;8;1;B01
201100047326;0;32;0;0;2;1;1;A01
201100047326;0;7;0;0;2;4;23;B01
201100047327;0;30;0;0;2;7;1;B01
201100047327;1;7;0;0;2;3;11;Z01
201100047328;0;7;0;0;1;1;17;A01
201100047329;0;7;0;1;0;1;1;A01
201100047330;0;32;0;0;2;1;18;A01
201100047330;0;7;0;0;2;7;23;B01
201100047331;0;7;0;0;2;1;2;A01
201100047331;0;7;0;1;2;4;2;B01
201100047331;0;7;0;0;2;4;1;C01
201100047332;0;7;0;0;2;1;2;A01
201100047332;0;7;0;0;2;4;1;B01
201100047333;0;32;0;0;2;1;1;A01
201100047334;0;7;0;0;1;1;1;A01
201100047335;0;7;0;0;2;1;2;A01
201100047335;0;31;0;0;2;4;23;B01
201100047336;0;30;0;0;2;1;1;B01
201100047336;0;7;0;0;2;3;16;A01
201100047337;0;15;0;15;1;5;1;A01
201100047338;0;32;0;0;2;1;1;A01
201100047338;0;7;0;0;2;5;1;B01
201100047339;0;34;0;0;2;1;17;A01
201100047339;0;7;0;0;2;8;15;B01
201100047340;0;34;0;0;2;1;1;A01
201100047340;0;7;0;0;2;2;9;B01
201100047341;0;7;0;0;2;4;1;A01
201100047341;0;7;0;0;2;4;2;B01
201100047341;0;7;0;0;2;4;2;C01
201100047341;0;7;0;0;2;1;2;D01
201100047342;0;2;0;0;1;1;9;A01
201100047343;0;30;0;0;2;1;2;A01
201100047343;0;7;0;0;2;4;1;B01
201100047344;0;7;0;0;2;2;1;A01
201100047344;0;33;0;0;2;3;18;B01
201100047345;0;30;0;0;2;1;17;A01
201100047345;0;7;0;0;2;8;23;B01
201100047346;0;7;0;1;0;2;1;A01
201100047347;0;7;0;14;0;1;1;A01
201100047348;0;7;0;0;2;3;1;A01
201100047348;0;30;0;0;2;2;1;B01
201100047349;0;30;0;12;0;2;1;A01
201100047350;0;2;0;0;2;1;2;A01
201100047350;0;7;0;0;2;4;1;B01
201100047351;0;7;0;0;0;5;2;B01
201100047351;0;33;0;0;2;1;2;A01
201100047352;0;31;0;0;5;1;1;B01
201100047353;0;7;0;0;1;1;0;B01
201100047354;0;7;0;0;2;7;15;A01
201100047354;0;33;0;0;2;1;1;B01
201100047355;0;3;0;6;0;0;1;A01
201100047356;0;30;0;0;0;4;2;B01
201100047356;0;7;0;1;2;1;2;A01
201100047357;0;10;0;0;1;8;1;A01
201100047358;0;7;0;0;2;4;1;B01
201100047358;0;7;0;0;2;4;1;C01
201100047358;0;7;0;0;2;1;1;A01
201100047359;0;34;0;14;1;1;1;A01
201100047360;0;7;0;0;2;8;10;A01
201100047360;0;32;0;0;2;1;1;B01
201100047361;0;30;0;0;2;1;1;A01
201100047361;0;7;0;0;2;3;1;B01
201100047362;0;32;0;0;2;0;1;B01
201100047362;0;7;0;0;2;0;15;A01
201100047363;0;7;0;0;2;8;10;A01
201100047363;0;32;0;0;2;1;1;B01
201100047364;0;33;0;0;2;7;17;A01
201100047364;0;15;0;0;2;8;1;B01
201100047365;0;32;0;0;2;2;1;B01
201100047365;0;7;0;0;2;3;9;A01
201100047366;0;7;0;0;2;3;10;A01
201100047366;0;2;0;0;2;1;2;B01
201100047367;1;7;0;0;1;1;15;Z01
201100047368;0;7;0;0;1;1;15;A01
201100047369;0;30;0;11;0;8;1;A01
201100047370;0;30;0;1;2;1;21;C01
201100047371;0;33;0;0;2;1;1;B01
201100047371;0;7;0;0;2;4;16;A01
201100047372;0;32;0;0;1;2;18;Z01
201100047373;0;1;0;0;2;4;1;A01
201100047373;1;7;0;0;2;1;2;Z01
201100047374;0;32;0;8;0;1;15;A01
201100047375;0;30;0;0;2;2;15;B01