num_acc;senc;catv;occutc;obs;obsm;choc;manv;num_veh
201100047375;0;1;0;0;2;1;1;A01
201100047376;0;7;0;0;1;2;1;A01
201100047377;0;7;0;0;2;2;15;A01
201100047377;0;33;0;0;2;1;1;B01
201100047378;0;7;0;0;1;1;15;A01
201100047379;0;2;0;1;0;1;15;A01
201100047380;0;2;0;0;1;1;1;A01
201100047381;0;7;0;0;2;6;10;A01
201100047381;0;33;0;0;2;1;1;B01
201100047382;0;7;0;0;2;1;1;A01
201100047382;0;7;0;0;2;3;1;B01
201100047383;0;33;0;0;2;1;17;A01
201100047383;0;7;0;0;2;6;15;B01
201100047384;0;30;0;1;0;1;1;B01
201100047384;0;13;0;0;2;6;24;A01
201100047385;0;2;0;0;2;1;1;B01
201100047385;0;7;0;0;2;2;17;A01
201100047386;0;10;0;0;2;3;15;A01
201100047386;0;33;0;0;2;1;17;B01
201100047387;0;7;0;0;2;4;1;B01
201100047387;0;37;1;0;2;1;2;A01
201100047388;0;7;0;1;1;2;1;A01
201100047389;0;7;0;0;1;3;1;A01
201100047390;0;7;0;0;1;7;1;Z01
201100047391;0;10;0;0;1;2;15;A01
201100047392;0;7;0;0;2;3;16;A01
201100047392;0;30;0;0;2;1;1;B01
201100047393;0;7;0;0;2;8;1;A01
201100047393;0;7;0;0;2;1;1;B01
201100047394;0;30;0;1;0;1;1;A01
201100047395;0;34;0;0;2;1;1;B01
201100047395;0;7;0;0;2;6;22;A01
201100047396;0;30;0;0;2;7;17;A01
201100047396;0;7;0;0;2;8;1;B01
201100047397;0;7;0;0;2;8;13;A01
201100047397;0;33;0;0;2;7;17;B01
201100047398;0;7;0;0;1;1;1;A01
201100047399;1;7;0;0;1;1;1;Z01
201100047400;0;7;0;0;2;2;1;A01
201100047400;0;34;0;0;2;8;1;B01
201100047401;0;7;0;0;1;2;16;A01
201100047402;0;32;0;0;2;7;1;A01
201100047402;0;10;0;0;2;1;15;B01
201100047403;0;7;0;9;0;1;11;A01
201100047404;1;2;0;1;0;1;1;Z01
201100047405;0;7;0;0;2;7;10;A01
201100047405;0;33;0;0;2;1;2;B01
201100047406;0;7;0;0;0;0;4;A01
201100047406;0;32;0;0;0;7;21;B01
201100047407;0;30;0;0;2;7;1;A01
201100047407;0;7;0;0;2;1;1;B01
201100047408;0;1;0;2;0;1;1;A01
201100047409;0;7;0;0;1;1;15;A01
201100047410;0;31;0;14;0;7;1;A01
201100047411;0;34;0;0;1;1;1;A01
201100047412;0;30;0;15;0;1;1;A01
201100047413;0;32;0;0;1;1;1;A01
201100047414;2;7;0;1;2;1;5;A01
201100047414;0;10;0;0;2;1;1;B01
201100047415;0;32;0;14;0;1;6;A01
201100047416;0;7;0;0;9;2;22;A01
201100047416;0;33;0;0;2;1;18;B01
201100047417;0;2;0;0;0;7;21;A01
201100047418;0;33;0;0;2;8;1;B01
201100047418;0;7;0;0;2;1;1;A01
201100047419;0;2;0;11;0;1;1;A01
201100047420;0;1;0;0;2;1;19;A01
201100047420;0;7;0;0;2;3;15;B01
201100047421;0;7;0;0;2;8;20;A01
201100047421;0;32;0;0;2;1;1;B01
201100047422;0;7;0;0;1;1;15;A01
201100047423;0;7;0;0;1;7;1;A01
201100047424;0;30;0;0;2;1;1;B01
201100047424;0;7;0;0;2;3;1;A01
201100047425;0;7;0;0;2;8;15;A01
201100047425;0;31;0;0;2;7;17;B01
201100047426;0;34;0;0;0;8;1;A01
201100047427;0;31;0;0;2;1;17;A01
201100047427;0;7;0;0;2;8;15;B01
201100047428;1;99;0;0;1;0;0;Z01
201100047429;0;7;0;0;2;8;15;A01
201100047429;0;31;0;0;2;1;17;B01
201100047430;0;2;0;0;2;3;16;B01
201100047430;0;30;0;0;2;2;1;A01
201100047431;0;30;0;0;0;8;15;A01
201100047432;0;7;0;15;0;2;9;A01
201100047432;0;7;0;0;2;1;1;B01
201100047433;0;7;0;0;1;2;1;A01
201100047434;1;7;0;0;1;1;1;A01
201100047435;0;7;0;0;1;1;1;A01
201100047436;0;7;0;0;1;1;1;A01
201100047437;0;32;0;0;2;1;2;A01
201100047437;0;7;0;0;2;5;1;B01
201100047438;0;7;0;0;2;2;17;B01
201100047438;0;7;0;0;2;8;10;A01
201100047439;0;7;0;0;2;4;1;A01
201100047439;0;7;0;0;2;1;2;B01
201100047440;0;32;0;0;2;1;1;B01
201100047440;0;7;0;0;2;1;11;A01
201100047441;0;7;0;0;2;2;1;A01
201100047441;0;32;0;0;2;1;1;B01
201100047442;0;7;0;0;2;3;11;A01
201100047442;0;31;0;0;2;7;1;B01
201100047443;1;99;0;0;1;1;1;A01
201100047444;0;7;0;0;2;1;2;A01
201100047444;0;7;0;0;2;4;1;B01
201100047444;0;7;0;0;2;4;1;C01
201100047445;0;34;0;0;1;1;21;A01
201100047445;0;7;0;0;2;3;21;B01
201100047446;0;7;0;0;1;3;1;A01
201100047447;0;7;0;0;2;1;2;A01
201100047447;0;10;0;0;2;4;2;B01
201100047447;0;10;0;0;2;3;2;C01
201100047447;0;7;0;0;2;4;1;D01
201100047448;1;3;0;0;1;1;1;A01
201100047449;0;7;0;0;2;4;2;B01
201100047449;0;7;0;0;2;1;2;A01
201100047450;0;7;0;0;2;2;2;A01
201100047450;0;10;0;0;0;8;10;B01
201100047451;0;7;0;0;2;8;1;B01
201100047451;0;7;0;0;2;1;5;A01
201100047452;0;7;0;0;2;3;11;A01
201100047452;0;33;0;14;2;7;17;B01
201100047453;0;7;0;0;2;0;1;A01
201100047453;0;32;0;0;2;3;1;B01
201100047454;0;13;0;0;2;1;1;B01
201100047454;0;7;0;15;2;8;1;A01
201100047455;0;33;0;0;9;8;1;A01
201100047456;0;32;0;0;2;3;12;A01
201100047456;0;7;0;0;2;5;2;B01
201100047456;0;7;0;0;2;4;1;T01
201100047457;0;31;0;0;2;1;14;B01
201100047457;0;7;0;0;2;8;1;A01
201100047458;0;33;0;0;2;1;11;A01
201100047458;0;7;0;0;2;4;1;B01
201100047459;0;32;0;0;0;7;16;A01
201100047460;0;7;0;0;2;4;1;B01
201100047460;0;7;0;0;2;1;2;A01
201100047461;0;32;0;0;0;8;16;A01
201100047462;0;32;0;0;2;8;1;B01
201100047462;0;7;0;0;2;1;1;A01
201100047463;0;32;0;15;0;2;1;A01
201100047464;0;7;0;8;2;1;1;B01
201100047464;1;7;0;;;;;A01
201100047465;0;34;0;0;2;1;1;B01
201100047465;0;7;0;0;2;3;1;A01
201100047466;0;1;0;0;0;1;1;A01
201100047467;0;7;0;0;2;2;1;B01
201100047467;0;30;0;0;2;1;13;A01
201100047468;0;7;0;0;2;1;2;A01
201100047468;0;7;0;0;2;4;23;B01
201100047469;0;30;0;0;2;1;2;A01
201100047469;0;7;0;0;2;4;23;B01
201100047470;0;7;0;0;2;3;2;A01
201100047470;0;7;0;0;2;1;2;B01
201100047471;0;7;0;0;2;1;2;A01
201100047471;0;33;0;0;2;4;23;B01
201100047472;0;7;0;0;2;1;2;A01
201100047472;0;7;0;0;2;4;23;B01
201100047472;0;10;0;0;2;4;23;C01
201100047473;0;7;0;4;0;1;1;A01
201100047474;0;7;0;0;2;1;2;A01
201100047474;0;32;0;0;2;4;1;B01
201100047475;0;7;0;3;0;2;1;A01
201100047476;0;7;0;11;0;1;1;A01
201100047477;0;37;1;1;0;3;9;A01
201100047478;0;33;0;0;0;1;1;A01
201100047479;0;34;0;0;0;7;1;A01
201100047480;0;7;0;0;1;1;12;A01
201100047481;0;7;0;14;2;1;2;A01
201100047481;0;7;0;0;2;4;23;B01
201100047482;0;30;0;0;0;3;1;A01
201100047483;0;7;0;0;2;5;2;B01
201100047483;0;32;0;0;2;1;1;A01
201100047484;0;7;0;0;1;1;2;A01
201100047485;0;7;0;1;2;1;1;D01
201100047485;0;7;0;0;2;4;2;B01
201100047485;0;7;0;0;2;1;2;E01
201100047485;0;7;0;0;2;1;2;C01
201100047485;0;7;0;0;0;0;16;A01
201100047486;0;7;0;12;0;9;1;A01
201100047487;0;37;1;0;2;8;1;C01
201100047487;0;7;0;0;2;2;17;A01
201100047487;0;7;0;0;2;2;1;B01
201100047488;0;7;0;0;1;1;1;A01
201100047489;0;7;0;0;1;1;15;A01
201100047490;0;7;0;0;1;1;1;A01
201100047491;0;7;0;0;2;4;1;B01
201100047491;0;7;0;0;2;1;2;A01
201100047492;0;7;0;0;2;4;1;A01
201100047492;0;7;0;0;2;4;20;B01
201100047493;0;7;0;0;1;2;1;A01
201100047494;0;7;0;0;2;4;23;C01
201100047494;0;7;0;0;2;1;2;A01
201100047494;0;10;0;0;2;4;23;B01
201100047495;0;30;0;0;1;1;17;A01
201100047495;0;7;0;0;2;3;1;B01
201100047496;0;33;0;0;2;3;1;B01
201100047496;0;30;0;0;2;2;1;A01
201100047497;0;7;0;1;1;2;1;A01
201100047498;0;13;0;0;0;4;17;B01
201100047498;0;99;0;0;2;1;10;A01
201100047499;0;7;0;0;1;2;1;A01
201100047500;1;7;0;0;0;2;23;Z01
201100047500;0;33;0;0;2;1;18;B01
201100047501;0;10;0;0;2;1;2;A01
201100047501;0;7;0;0;0;4;1;B01
201100047502;0;7;0;0;0;1;1;B01
201100047502;0;10;0;0;1;1;9;A01
201100047503;0;7;0;0;2;3;10;A01
201100047503;0;30;0;0;2;8;1;B01
201100047504;0;7;0;0;1;4;1;A01
201100047505;0;32;0;0;0;2;10;A01
201100047506;0;7;0;15;0;7;1;A01
201100047507;1;30;0;0;1;1;1;Z01
201100047508;0;7;0;0;2;3;1;B01
201100047508;0;7;0;1;2;1;11;A01
201100047509;0;32;0;0;1;1;1;A01
201100047510;0;7;0;0;2;1;9;A01
201100047510;0;30;0;0;2;1;3;B01
201100047511;0;10;0;0;1;7;1;A01
201100047512;0;32;0;0;1;7;1;A01
201100047513;0;31;0;0;2;1;17;B01
201100047513;0;7;0;1;0;3;11;A01
201100047514;0;1;0;0;2;1;1;A01
201100047514;0;7;0;0;2;1;13;B01
201100047515;0;7;0;0;1;8;1;A01
201100047516;0;7;0;0;2;3;1;B01
201100047516;0;7;0;0;2;1;5;A01
201100047516;0;10;0;0;2;8;1;C01
201100047517;0;7;0;0;1;2;1;A01
201100047518;0;7;0;0;2;7;15;A01
201100047518;0;7;0;0;2;1;1;B01
201100047519;0;30;0;0;1;2;1;A01
201100047520;0;10;0;0;1;2;1;A01
201100047521;0;7;0;0;2;8;10;A01
201100047521;0;33;0;0;2;2;1;B01
201100047522;0;7;0;0;1;1;15;A01
201100047523;0;7;0;0;1;3;1;A01
201100047524;0;7;0;0;1;3;1;A01
201100047525;0;7;0;0;1;2;1;A01
201100047526;0;7;0;0;1;1;1;A01
201100047527;0;7;0;0;2;1;2;A01
201100047527;0;7;0;0;2;4;23;B01
201100047527;0;7;0;0;2;4;23;C01
201100047528;0;7;0;0;9;6;15;A01
201100047528;0;33;0;0;2;9;2;B01
201100047529;0;7;0;0;1;3;1;A01
201100047530;0;7;0;0;2;2;15;A01
201100047530;0;31;0;0;2;3;1;B01
201100047531;0;34;0;0;1;1;1;A01
201100047532;0;7;0;0;1;1;1;A01
201100047533;0;7;0;0;2;1;2;A01
201100047533;0;7;0;0;2;4;1;B01
201100047534;0;7;0;0;1;2;1;A01
201100047535;0;2;0;0;2;1;1;A01
201100047535;0;7;0;0;2;3;9;B01
201100047536;0;7;0;0;2;8;1;A01
201100047536;0;15;0;0;2;1;1;B01
201100047536;1;7;0;0;2;7;3;A02
201100047537;0;7;0;0;2;3;13;A01
201100047537;0;7;0;0;2;3;1;B01
201100047538;0;7;0;0;1;1;5;A01
201100047539;0;7;0;0;1;7;1;A01
201100047540;0;7;0;0;1;7;1;A01
201100047541;0;7;0;0;2;7;17;A01
201100047541;0;7;0;0;2;8;22;B01
201100047542;0;30;0;0;2;1;5;B01
201100047542;0;10;0;0;2;3;1;A01
201100047543;0;7;0;0;2;2;5;A01
201100047543;0;10;0;0;2;1;1;B01
201100047544;0;7;0;0;1;2;1;A01
201100047545;0;7;0;0;2;2;15;A01
201100047545;0;7;0;0;2;3;1;B01
201100047546;1;10;0;0;1;1;1;A01
201100047547;0;10;0;0;2;2;9;A01
201100047547;0;34;0;0;2;8;1;B01
201100047548;0;7;0;0;1;7;15;A01
201100047549;0;7;0;0;1;1;1;A01
201100047550;0;37;60;0;2;2;1;A01
201100047550;0;7;0;0;2;7;15;B01
201100047551;0;7;0;0;2;8;22;A01
201100047551;0;1;0;1;2;1;1;B01
201100047552;0;7;0;0;2;1;2;A01
201100047552;0;7;0;0;2;4;1;B01
201100047553;0;7;0;0;2;4;4;A01
201100047553;0;7;0;0;2;1;23;B01
201100047553;0;7;0;0;2;1;1;C01
201100047554;0;7;0;0;2;7;15;A01
201100047554;0;7;0;0;2;1;1;B01
201100047555;0;34;0;0;1;1;1;A01
201100047556;0;7;0;0;1;1;1;A01
201100047557;1;99;0;0;1;1;1;Z01
201100047558;0;7;0;1;0;0;1;A01
201100047559;0;7;0;0;2;2;10;A01
201100047559;0;7;0;0;2;1;1;B01
201100047560;0;7;0;0;1;2;1;A01
201100047561;0;7;0;0;1;2;1;A01
201100047562;0;7;0;0;1;1;1;A01
201100047562;0;30;0;0;2;8;1;B01
201100047563;0;30;0;0;2;1;2;A01
201100047563;0;7;0;0;2;6;23;B01
201100047564;0;7;0;0;2;1;1;B01
201100047564;0;99;0;0;2;7;1;A01
201100047565;0;99;0;0;1;2;1;A01
201100047566;0;10;0;12;2;1;1;A01
201100047566;0;7;0;1;2;1;1;B01
201100047567;0;7;0;0;2;8;1;A01
201100047567;0;7;0;0;2;1;1;B01
201100047568;0;30;0;16;2;8;21;A01
201100047568;0;10;0;0;2;8;1;B01
201100047569;0;7;0;0;2;3;10;A01
201100047569;0;7;0;0;2;2;1;B01
201100047570;0;7;0;0;1;1;15;A01
201100047571;0;34;0;0;2;7;1;A01
201100047571;0;10;0;0;2;3;1;B01
201100047572;0;33;0;0;2;1;17;A01
201100047572;0;7;0;0;2;3;1;B01
201100047573;0;32;0;14;0;1;21;A01
201100047574;0;33;0;0;2;1;14;A01
201100047574;0;7;0;0;2;3;2;B01
201100047575;0;30;0;0;2;3;1;A01
201100047575;0;7;0;0;2;3;11;B01
201100047576;0;30;0;0;2;1;1;B01
201100047576;1;7;0;0;2;1;5;Z01
201100047577;0;10;0;1;0;2;19;A01
201100047577;0;10;0;0;0;1;2;B01
201100047578;0;2;0;0;0;8;21;A01
201100047578;0;7;0;0;0;0;20;B01
201100047579;0;7;0;0;9;3;15;A01
201100047579;0;1;0;0;2;2;19;B01
201100047580;0;33;0;1;0;1;18;A01
201100047580;0;7;0;0;2;7;22;B01
201100047581;0;1;0;0;1;1;2;A01
201100047582;0;7;0;0;1;3;1;A01
201100047583;0;7;0;0;2;1;2;A01
201100047583;0;10;0;0;2;4;2;B01
201100047583;0;10;0;0;2;4;1;C01
201100047584;0;7;0;0;1;2;1;A01
201100047585;0;33;0;0;2;2;1;A01
201100047585;0;7;0;0;2;2;10;B01
201100047586;0;7;0;0;2;8;23;B01
201100047586;0;7;0;0;2;3;23;C01
201100047586;0;7;0;0;2;1;15;A01
201100047587;0;7;0;0;1;1;15;A01
201100047588;0;10;0;0;1;4;1;A01
201100047589;0;7;0;0;2;1;9;A01
201100047589;0;15;0;0;2;4;1;B01
201100047590;0;30;0;0;2;7;21;A01
201100047590;0;10;0;0;2;5;1;B01
201100047591;0;7;0;0;2;1;2;A01
201100047591;0;7;0;0;2;4;2;B01
201100047591;0;13;0;0;2;4;2;C01
201100047591;0;7;0;0;2;4;1;D01
201100047592;0;7;0;0;1;1;1;A01
201100047593;0;7;0;1;2;1;1;A01
201100047593;0;14;0;0;2;1;1;B01
201100047594;0;7;0;0;2;7;1;B01
201100047594;0;7;0;0;2;1;5;A01
201100047595;0;33;0;0;2;7;1;B01
201100047595;0;34;0;0;2;7;1;C01
201100047595;0;7;0;0;2;1;15;A01
201100047596;0;34;0;0;2;2;17;A01
201100047596;0;14;0;0;2;3;11;B01
201100047597;0;7;0;0;2;2;10;A01
201100047597;0;1;0;0;2;8;1;B01
201100047598;1;30;0;0;1;1;1;Z01
201100047599;0;7;0;0;0;2;1;A01
201100047599;0;32;0;0;2;1;1;B01
201100047600;0;7;0;0;1;1;1;A01
201100047601;0;14;0;0;1;2;16;A01
201100047602;0;10;0;0;2;5;4;A01
201100047602;0;7;0;0;2;3;2;B01
201100047603;0;7;0;0;1;4;20;A01
201100047604;0;7;0;0;2;3;10;A01
201100047604;0;30;0;0;2;7;5;B01
201100047605;0;10;0;0;2;4;10;A01
201100047605;0;2;0;0;2;1;1;B01
201100047606;1;7;0;0;2;3;11;A01
201100047606;0;7;0;0;2;2;1;B01
201100047606;0;7;0;0;2;4;1;C01
201100047606;0;7;0;0;2;6;1;D01
201100047606;0;7;0;0;2;8;1;E01
201100047606;0;7;0;0;2;5;1;F02
201100047607;0;7;0;0;2;3;9;A01
201100047607;0;37;1;0;2;2;21;B01
201100047608;0;30;0;0;2;1;1;B01
201100047608;0;7;0;0;2;7;1;A01
201100047609;0;7;0;0;2;3;1;C01
201100047609;1;7;0;0;2;3;15;A01
201100047609;0;30;0;0;2;7;17;B01
201100047610;0;7;0;0;1;1;1;A01
201100047611;1;33;0;0;1;1;1;Z01
201100047612;0;7;0;0;2;7;15;A01
201100047612;0;31;0;0;2;9;1;B01
201100047613;0;7;0;0;2;1;2;A01
201100047613;0;7;0;0;2;4;2;B01
201100047613;0;7;0;0;2;4;1;C01
201100047614;0;7;0;0;2;5;16;A01
201100047614;0;10;0;0;2;1;2;B01
201100047615;0;7;0;1;1;2;1;A01
201100047615;0;7;0;0;2;3;22;B01
201100047616;0;34;0;0;2;1;21;A01
201100047616;0;7;0;0;2;3;15;B01
201100047617;0;30;0;0;2;8;18;A01
201100047617;0;7;0;0;2;5;1;B01
201100047618;0;7;0;15;2;3;9;A01
201100047618;0;34;0;0;2;1;1;B01
201100047619;0;30;0;0;2;1;13;A01
201100047619;0;7;0;0;2;1;9;B01
201100047620;0;7;0;0;2;1;1;B01
201100047620;2;7;0;0;2;1;17;Z01
201100047621;0;7;0;0;1;1;1;A01
201100047622;1;7;0;0;1;4;4;Z01
201100047623;0;7;0;0;1;2;1;A01
201100047624;0;7;0;0;2;1;3;A01
201100047624;0;32;0;0;2;7;5;B01
201100047625;1;30;0;0;1;1;0;Z01
201100047626;0;7;0;4;0;1;1;A01
201100047627;0;7;0;0;2;1;2;A01
201100047627;0;7;0;0;0;4;0;B01
201100047628;0;7;0;1;2;1;1;A01
201100047628;0;10;0;0;2;6;15;B01
201100047629;0;7;0;0;0;2;9;A01
201100047629;0;32;0;0;2;1;1;B01
201100047630;0;7;0;1;0;2;1;A01
201100047631;0;37;2;0;2;0;21;B01
201100047631;0;10;0;0;0;0;1;A01
201100047632;0;10;0;2;0;8;1;A01
201100047633;0;7;0;0;1;2;17;A01
201100047634;0;7;0;0;2;3;9;B01
201100047634;0;1;0;0;2;1;9;A01
201100047635;0;7;0;0;1;2;1;A01
201100047636;0;37;50;0;1;7;1;A01
201100047637;0;31;0;0;2;1;17;B01
201100047637;0;7;0;0;2;3;15;A01
201100047638;0;7;0;0;2;3;1;A01
201100047638;0;7;0;0;2;2;15;B01
201100047639;0;7;0;0;1;2;1;A01
201100047640;0;7;0;0;2;1;13;A01
201100047640;0;33;0;0;2;8;21;B01
201100047641;0;7;0;0;2;1;1;B01
201100047641;0;7;0;0;2;8;10;A01
201100047642;0;7;0;0;1;1;0;A01
201100047643;0;7;0;0;1;1;1;A01
201100047644;0;7;0;0;2;2;20;A01
201100047644;0;34;0;7;0;6;0;B01
201100047645;0;1;0;0;2;2;1;B01
201100047645;0;7;0;0;9;1;1;A01
201100047646;1;10;0;0;2;1;3;B01
201100047646;0;7;0;0;0;4;2;A01
201100047647;1;30;0;0;1;1;1;A01
201100047648;0;7;0;0;1;1;1;A01
201100047649;0;7;0;0;2;2;15;A01
201100047649;0;7;0;15;2;3;1;B01
201100047650;0;7;0;0;2;4;15;A01
201100047650;0;7;0;0;2;1;17;B01
201100047651;1;10;0;0;2;1;1;Z01
201100047651;0;7;0;0;2;7;2;A01
201100047652;0;7;0;0;1;2;0;A01
201100047653;0;7;0;0;2;1;1;B01
201100047653;0;7;0;0;2;4;6;A01
201100047654;0;7;0;1;1;1;0;A01
201100047655;0;15;0;0;1;1;1;A01
201100047656;2;2;0;12;0;0;6;A01
201100047656;0;7;0;0;0;0;0;B01
201100047657;0;7;0;0;2;6;1;B01
201100047657;0;37;10;0;2;3;16;A01
201100047658;0;31;0;0;1;3;1;A01
201100047659;1;7;0;0;1;1;1;Z01
201100047660;0;7;0;0;1;2;1;A01
201100047661;0;30;0;0;2;1;1;A01
201100047661;0;7;0;0;0;2;1;B01
201100047662;0;7;0;0;0;0;0;C01
201100047662;1;7;0;0;0;0;0;A01
201100047662;0;33;0;0;0;0;0;B01
201100047663;2;7;0;9;0;1;1;A01
201100047664;0;7;0;0;1;1;1;A01
201100047665;0;7;0;0;1;5;4;A01
201100047666;0;7;0;0;2;2;15;A01
201100047666;0;7;0;0;2;1;1;B01
201100047667;0;7;0;0;1;1;1;A01
201100047668;0;37;8;0;1;2;1;A01
201100047669;0;7;0;1;0;2;1;A01
201100047670;0;2;0;0;0;1;19;A01
201100047670;0;13;0;0;0;7;1;B01
201100047671;1;99;0;8;0;0;1;A01
201100047672;0;7;0;0;1;3;21;A01
201100047673;0;7;0;0;2;1;1;A01
201100047673;0;7;0;0;2;1;13;B01
201100047674;0;7;0;0;2;2;1;A01
201100047674;0;1;0;0;2;3;13;B01
201100047675;0;7;0;0;9;8;22;A01
201100047675;0;1;0;1;0;1;1;Y01
201100047676;0;7;0;0;2;2;1;A01
201100047676;0;7;0;0;2;5;1;C01
201100047676;0;13;0;0;2;6;2;B01
201100047677;0;7;0;0;2;3;15;A01
201100047677;0;1;0;0;2;8;19;B01
201100047678;0;32;0;0;2;1;17;B01
201100047678;0;7;0;0;2;3;15;A01
201100047679;0;7;0;0;2;6;15;A01
201100047679;0;33;0;0;2;1;17;B01
201100047680;0;33;0;1;0;1;2;B01
201100047680;0;10;0;0;2;6;23;A01
201100047681;0;7;0;0;0;7;1;B01
201100047681;0;7;0;0;2;1;1;A01
201100047682;0;7;0;0;1;2;1;A01
201100047683;0;7;0;0;0;0;0;A01
201100047683;0;7;0;0;0;0;0;B01
201100047684;0;7;0;8;0;1;0;A01
201100047685;1;7;0;0;1;3;1;A01
201100047686;0;10;0;0;0;2;1;A01
201100047687;0;7;0;0;1;3;1;A01
201100047688;0;7;0;0;2;4;1;B01
201100047688;0;10;0;0;2;1;2;A01
201100047688;0;7;0;0;0;4;1;C01
201100047689;0;7;0;0;2;2;1;A01
201100047689;0;1;0;0;0;4;1;B01
201100047690;1;30;0;0;1;1;1;Z01
201100047691;0;7;0;0;2;2;1;A01
201100047691;2;7;0;0;2;3;11;B01
201100047692;1;7;0;0;1;1;1;A01
201100047693;0;30;0;0;2;1;1;B01
201100047693;0;7;0;0;2;3;15;A01
201100047694;0;13;0;0;1;1;1;A01
201100047695;0;7;0;0;1;3;1;A01
201100047696;0;7;0;0;2;3;1;A01
201100047696;0;37;1;0;2;2;1;B01
201100047697;0;33;0;0;2;1;1;B01
201100047697;0;7;0;0;2;5;15;A01
201100047698;0;7;0;0;2;7;1;A01
201100047698;0;33;0;0;2;1;1;B01
201100047699;0;7;0;0;2;8;1;A01
201100047699;0;32;0;0;2;1;17;B01
201100047700;0;32;0;0;2;8;1;A01
201100047700;0;7;0;0;2;1;15;B01
201100047701;1;10;0;0;2;4;1;A01
201100047701;0;30;0;0;2;1;2;B01
201100047702;0;7;0;0;1;3;1;A01
201100047703;0;7;0;0;2;3;1;A01
201100047703;0;7;0;14;0;3;17;B01
201100047703;1;7;0;0;2;1;17;C01
201100047704;0;7;0;0;0;1;5;A01
201100047704;0;7;0;0;0;1;1;B01
201100047705;0;32;0;0;2;1;2;A01
201100047705;0;1;0;0;2;6;1;B01
201100047706;0;13;0;0;1;4;4;A01
201100047707;0;7;0;0;1;1;1;A01
201100047708;0;7;0;0;2;1;2;A01
201100047708;0;7;0;16;2;6;1;B01
201100047709;1;30;0;0;2;1;17;A01
201100047709;0;7;0;0;2;8;15;B01
201100047710;0;34;0;0;1;1;1;A01
201100047711;0;34;0;0;0;2;1;A01
201100047712;0;7;0;0;2;3;11;A01
201100047712;0;33;0;0;2;2;1;B01
201100047713;0;30;0;0;2;1;1;A01
201100047713;0;13;0;0;2;3;12;B01
201100047713;0;13;0;0;2;3;2;C01
201100047714;0;7;0;0;2;3;15;A01
201100047714;0;33;0;0;2;1;17;B01
201100047715;0;7;0;0;2;3;10;A01
201100047715;0;33;0;0;2;1;1;B01
201100047716;0;7;0;0;0;2;0;A01
201100047716;0;7;0;0;2;3;1;B01
201100047717;0;16;0;0;2;2;16;A01
201100047717;0;1;0;0;2;1;1;B01
201100047718;0;7;0;0;2;3;2;B01
201100047718;0;7;0;0;2;1;16;A01
201100047719;0;7;0;0;2;2;9;A01
201100047719;0;33;0;0;2;1;1;B01
201100047720;0;7;0;0;1;3;1;A01
201100047721;0;10;0;0;2;3;10;A01
201100047721;0;30;0;0;2;1;17;B01
201100047722;0;7;0;0;1;2;1;A01
201100047723;0;7;0;0;2;1;2;A01
201100047723;0;7;0;0;2;4;1;B01
201100047724;0;7;0;15;2;2;1;A01
201100047724;0;7;0;0;0;4;23;C01
201100047725;1;99;0;0;1;1;1;A01
201100047726;0;7;0;0;0;3;1;A01
201100047726;0;7;0;0;2;1;19;B01
201100047727;0;7;0;0;2;1;0;A01
201100047727;0;7;0;0;2;4;0;B01
201100047727;0;7;0;0;2;4;1;C01
201100047728;0;33;0;0;2;1;1;A01
201100047728;0;7;0;0;2;3;15;B01
201100047729;0;10;0;0;2;1;1;A01
201100047729;0;7;0;0;0;0;1;C01
201100047729;0;10;0;0;0;0;2;B01
201100047730;0;7;0;15;0;1;1;A01
201100047731;0;7;0;0;2;7;2;B01
201100047731;0;34;0;0;2;1;2;C01
201100047731;0;7;0;0;2;1;15;A01
201100047732;0;33;0;0;2;7;1;A01
201100047732;0;7;0;0;2;3;9;B01
201100047733;0;7;0;0;2;7;20;A01
201100047733;0;30;0;0;2;7;18;B01
201100047734;1;7;0;0;1;1;0;Z01
201100047735;0;7;0;0;2;1;2;A01
201100047735;0;33;0;0;2;4;1;B01
201100047736;0;32;0;0;1;7;17;A01
201100047737;0;7;0;0;2;1;2;A01
201100047737;0;37;1;0;2;4;24;B01
201100047738;0;7;0;0;2;1;1;A01
201100047738;0;1;0;;;;;B01
201100047739;0;7;0;0;2;8;11;A01
201100047739;0;32;0;0;2;1;1;B01
201100047740;1;7;0;0;2;3;1;Z01
201100047740;0;2;0;0;2;0;0;A01
201100047741;0;7;0;0;2;1;1;B01
201100047741;0;1;0;0;2;8;15;A01
201100047742;0;7;0;0;2;5;15;B01
201100047742;0;30;0;0;2;2;1;A01
201100047743;0;34;0;0;2;1;1;A01
201100047743;0;7;0;0;2;8;11;B01
201100047744;0;7;0;0;1;1;1;A01
201100047745;0;7;0;0;1;3;1;A01
201100047746;0;7;0;0;2;8;1;A01
201100047746;0;7;0;1;2;1;1;B01
201100047747;0;32;0;0;2;1;17;A01
201100047747;0;7;0;0;2;3;15;B01
201100047748;0;7;0;7;0;1;1;A01
201100047749;1;7;0;0;1;0;4;Z01
201100047750;0;1;0;0;2;1;5;A01
201100047750;0;7;0;0;2;1;1;B01
201100047751;0;7;0;0;2;2;1;A01
201100047751;0;7;0;0;2;1;1;B01
201100047752;0;7;0;0;2;1;1;A01
201100047752;0;7;0;0;2;7;1;B01
201100047753;0;7;0;0;2;8;1;A01