num_acc;senc;catv;occutc;obs;obsm;choc;manv;num_veh
201100047753;0;2;0;0;2;1;1;B01
201100047754;0;7;0;0;0;7;9;A01
201100047754;0;7;0;0;2;3;21;B01
201100047755;0;7;0;0;2;1;1;A01
201100047755;0;7;0;0;2;4;23;B01
201100047756;0;37;0;0;1;7;9;A01
201100047757;0;99;0;0;2;2;1;A01
201100047757;0;13;0;0;2;3;1;B01
201100047758;0;32;0;0;2;7;15;A01
201100047758;0;7;0;0;2;3;1;B01
201100047759;0;7;0;0;2;2;16;A01
201100047759;0;7;0;0;2;6;1;B01
201100047760;0;7;0;0;2;8;15;B01
201100047760;0;31;0;0;2;1;9;A01
201100047761;0;7;0;4;0;2;1;A01
201100047762;0;30;0;0;2;7;16;A01
201100047762;0;7;0;0;2;3;1;B01
201100047763;0;7;0;4;0;2;1;A01
201100047764;0;10;0;0;1;3;15;A01
201100047765;0;7;0;0;1;2;1;A01
201100047766;0;30;0;0;2;1;1;A01
201100047766;0;7;0;0;2;6;12;B01
201100047767;0;7;0;0;2;2;1;A01
201100047767;0;30;0;0;2;1;1;B01
201100047768;0;7;0;1;0;1;1;A01
201100047769;0;34;0;0;2;1;13;B01
201100047769;0;7;0;0;2;2;16;A01
201100047770;0;7;0;0;1;1;1;A01
201100047771;0;7;0;0;2;2;15;A01
201100047771;0;34;0;0;2;1;1;B01
201100047772;0;7;0;8;0;1;1;A01
201100047773;0;7;0;0;2;1;1;A01
201100047773;0;33;0;0;2;8;1;B01
201100047774;0;7;0;0;2;1;2;A01
201100047774;0;7;0;0;2;4;1;B01
201100047775;0;7;0;0;2;8;1;A01
201100047775;0;7;0;0;2;1;9;B01
201100047776;0;13;0;1;0;4;2;A01
201100047776;0;7;0;1;0;1;2;B01
201100047776;0;10;0;0;0;0;2;C01
201100047777;0;10;0;1;2;1;19;A01
201100047777;0;7;0;0;2;1;19;B01
201100047778;0;7;0;0;9;1;1;A01
201100047778;0;1;0;0;2;7;1;B01
201100047779;0;7;0;0;2;1;2;A01
201100047779;0;7;0;0;2;4;2;B01
201100047780;0;7;0;0;2;1;1;A01
201100047780;0;7;0;0;2;2;1;B01
201100047781;1;34;0;0;1;0;1;A01
201100047782;0;7;0;2;0;1;1;A01
201100047783;1;7;0;0;1;1;1;A01
201100047784;0;7;0;0;2;5;17;A01
201100047784;0;37;3;0;2;3;1;B01
201100047785;0;32;0;2;0;1;1;A01
201100047786;0;7;0;0;1;1;15;A01
201100047787;0;32;0;0;0;0;0;A01
201100047787;1;7;0;0;2;0;0;B01
201100047788;0;13;0;0;2;7;1;A01
201100047788;0;1;0;0;2;1;1;B01
201100047789;1;7;0;0;1;0;0;Z01
201100047790;0;7;0;0;2;3;1;A01
201100047790;0;1;0;0;2;1;1;B01
201100047791;0;33;0;0;0;0;0;A01
201100047791;1;99;0;0;0;0;0;B01
201100047792;0;7;0;7;2;0;0;B01
201100047792;0;7;0;0;2;0;0;A01
201100047793;0;33;0;0;1;3;1;A01
201100047794;0;37;1;0;2;0;0;B01
201100047794;0;7;0;0;2;0;0;A01
201100047795;0;2;0;4;0;8;1;A01
201100047796;0;7;0;0;2;1;10;A01
201100047796;0;7;0;0;2;8;1;B01
201100047797;0;33;0;0;2;4;23;A01
201100047797;0;10;0;0;2;1;2;B01
201100047798;1;14;0;0;2;1;2;A01
201100047798;0;7;0;0;2;6;1;B01
201100047798;0;1;0;0;2;8;2;C01
201100047799;0;34;0;0;0;7;1;A01
201100047800;0;34;0;0;2;1;17;A01
201100047800;0;7;0;0;2;8;15;B01
201100047801;1;7;0;0;1;1;1;A01
201100047802;0;7;0;0;2;8;1;B01
201100047802;0;7;0;0;2;1;1;A01
201100047803;0;7;0;0;2;1;1;A01
201100047803;0;7;0;0;2;3;9;B01
201100047804;0;7;0;0;0;2;2;A01
201100047804;0;31;0;0;0;6;23;B01
201100047805;0;7;0;0;2;1;1;A01
201100047805;0;7;0;0;2;6;1;B01
201100047806;0;7;0;0;2;1;2;A01
201100047806;0;7;0;0;2;6;15;B01
201100047807;0;7;0;0;2;1;10;A01
201100047807;0;1;0;0;2;8;1;B01
201100047808;0;7;0;0;2;1;1;B01
201100047808;0;7;0;0;2;7;1;A01
201100047809;0;1;0;0;2;4;1;A01
201100047809;0;7;0;0;2;1;2;A02
201100047810;0;7;0;1;2;6;20;A01
201100047810;0;37;30;0;2;3;21;B01
201100047811;0;7;0;0;0;8;1;B01
201100047811;2;7;0;0;2;1;1;A01
201100047812;0;7;0;0;2;3;9;A01
201100047812;0;2;0;0;2;1;1;Z01
201100047813;0;7;0;0;1;8;1;A01
201100047814;0;2;0;0;2;1;1;A01
201100047814;0;7;0;0;2;3;1;B01
201100047815;0;7;0;0;1;7;1;A01
201100047816;0;7;0;0;2;1;5;A01
201100047816;0;7;0;0;2;1;1;B01
201100047817;0;10;0;0;2;1;2;A01
201100047817;0;7;0;0;2;4;1;B01
201100047818;0;7;0;9;0;3;17;A01
201100047819;0;7;0;0;2;3;1;A01
201100047819;0;1;0;0;2;3;13;B01
201100047820;0;33;0;0;0;7;1;B01
201100047820;0;7;0;0;0;0;1;A01
201100047821;0;7;0;0;2;5;11;A01
201100047821;0;7;0;0;2;1;2;B01
201100047822;0;37;1;0;1;7;7;A01
201100047823;0;7;0;0;2;5;15;A01
201100047823;0;33;0;0;2;1;1;B01
201100047824;0;7;0;0;0;3;9;A01
201100047824;0;30;0;0;2;7;1;B01
201100047825;0;7;0;1;0;1;1;A01
201100047826;0;7;0;0;2;1;1;A01
201100047826;0;10;0;0;0;6;23;B01
201100047827;0;7;0;0;1;1;1;A01
201100047828;0;7;0;8;0;1;1;A01
201100047829;0;7;0;0;0;0;16;A01
201100047830;0;7;0;0;2;4;20;A01
201100047831;0;99;0;8;0;2;1;A01
201100047831;0;99;0;0;0;0;1;B01
201100047832;0;7;0;0;0;4;2;B01
201100047832;0;10;0;0;0;1;2;A01
201100047833;0;10;0;0;1;7;0;A01
201100047834;0;7;0;0;1;4;4;A01
201100047835;0;13;0;14;0;7;6;A01
201100047835;0;7;0;14;0;1;1;B01
201100047836;0;7;0;0;0;2;0;B01
201100047836;0;7;0;0;0;1;1;A01
201100047837;0;7;0;0;2;1;1;B01
201100047837;0;7;0;0;2;2;15;A01
201100047838;0;7;0;12;0;2;15;A01
201100047839;0;7;0;0;2;1;1;A01
201100047840;0;10;0;0;2;3;1;B01
201100047840;0;7;0;6;2;2;1;A01
201100047841;0;37;10;0;2;3;1;B01
201100047841;0;13;0;0;2;2;19;A01
201100047842;0;7;0;0;2;1;2;B01
201100047842;0;7;0;0;2;4;3;A01
201100047843;0;7;0;0;2;3;11;A01
201100047843;0;7;0;0;0;7;1;B01
201100047844;0;7;0;0;1;8;1;A01
201100047845;0;7;0;14;0;1;1;A01
201100047846;0;31;0;0;2;1;17;B01
201100047846;0;7;0;0;0;3;10;A01
201100047847;0;7;0;0;1;4;4;A01
201100047848;0;7;0;0;1;1;9;A01
201100047849;1;14;0;0;2;4;1;Z01
201100047849;0;37;1;0;2;1;2;B01
201100047850;0;7;0;0;2;2;1;A01
201100047850;0;7;0;8;2;3;1;B01
201100047851;0;2;0;0;2;1;1;A01
201100047851;0;7;0;0;2;3;9;B01
201100047852;0;7;0;0;2;6;10;A01
201100047852;0;7;0;0;2;1;2;B01
201100047853;0;7;0;0;1;1;17;A01
201100047854;0;7;0;9;0;1;1;A01
201100047855;0;2;0;6;0;1;1;A01
201100047856;0;7;0;0;2;1;1;A01
201100047856;0;30;0;0;2;8;1;B01
201100047857;0;2;0;0;2;1;17;A01
201100047857;0;7;0;0;2;3;15;B01
201100047858;0;13;0;0;1;1;20;A01
201100047859;0;13;0;0;0;4;23;A01
201100047859;0;99;0;0;2;4;23;B01
201100047859;0;99;0;0;2;9;1;C01
201100047859;0;7;0;0;2;1;1;D01
201100047859;0;15;0;0;2;6;1;E01
201100047860;0;7;0;16;2;7;1;A01
201100047860;0;7;0;0;2;1;2;B01
201100047861;0;33;0;0;2;1;3;A01
201100047861;0;10;0;0;2;3;13;B01
201100047862;0;7;0;0;2;3;11;A01
201100047862;0;32;0;0;2;2;1;B01
201100047863;0;7;0;0;2;2;11;A01
201100047863;0;7;0;0;2;6;1;B01
201100047864;0;33;0;0;2;1;18;A01
201100047864;0;7;0;0;2;5;16;B01
201100047865;0;10;0;0;0;4;4;A01
201100047866;0;7;0;3;2;7;1;A01
201100047866;0;7;0;0;2;3;1;B01
201100047867;0;37;1;0;2;3;7;A01
201100047867;0;10;0;0;2;8;16;B01
201100047868;0;7;0;0;2;3;20;A01
201100047868;0;33;0;0;2;1;2;B01
201100047869;1;33;0;1;1;1;1;A01
201100047870;0;7;0;0;1;1;1;A01
201100047871;0;34;0;0;2;1;1;A01
201100047871;0;7;0;0;2;8;11;B01
201100047872;1;7;0;0;0;3;1;B01
201100047872;0;7;0;0;2;7;1;A01
201100047873;1;30;0;0;2;1;1;A01
201100047873;0;7;0;0;2;6;4;B01
201100047874;0;7;0;0;1;1;1;A01
201100047875;0;7;0;0;2;3;19;A01
201100047875;0;37;1;0;2;2;1;B01
201100047876;0;33;0;0;1;1;3;A01
201100047877;0;32;0;0;1;2;1;A01
201100047877;0;7;0;0;2;3;23;B01
201100047878;0;7;0;0;2;8;11;A01
201100047878;0;34;0;0;2;2;17;B01
201100047879;0;7;0;0;1;1;1;A01
201100047880;0;7;0;0;1;2;1;A01
201100047881;0;7;0;1;1;2;1;A01
201100047882;0;1;0;0;1;1;1;A01
201100047883;0;7;0;0;2;1;2;A01
201100047883;1;7;0;0;2;4;1;B01
201100047884;0;7;0;1;0;1;1;A01
201100047885;0;7;0;0;2;1;5;A01
201100047885;0;7;0;0;2;1;1;B01
201100047885;0;7;0;0;2;1;2;C01
201100047886;0;7;0;0;2;2;15;A01
201100047886;0;7;0;0;2;1;1;B01
201100047887;0;7;0;0;2;7;1;B01
201100047887;0;7;0;0;2;1;1;A01
201100047888;0;7;0;0;2;3;11;A01
201100047888;0;30;0;0;0;7;1;B01
201100047889;0;7;0;1;1;2;1;A01
201100047890;0;2;0;0;2;2;21;A01
201100047890;0;7;0;0;2;6;15;B01
201100047891;0;7;0;1;0;7;1;B01
201100047891;0;7;0;0;0;3;16;A01
201100047892;0;7;0;0;0;1;1;A01
201100047892;0;1;0;0;0;7;1;B01
201100047893;0;2;0;0;2;3;17;A01
201100047893;0;7;0;0;0;0;17;B01
201100047894;0;7;0;0;2;1;2;A01
201100047894;0;7;0;0;2;4;1;B01
201100047895;1;30;0;0;1;1;1;A01
201100047896;0;14;0;0;2;3;9;A01
201100047896;0;32;0;0;2;2;1;B01
201100047897;0;7;0;12;0;1;1;A01
201100047898;0;32;0;0;2;2;17;A01
201100047898;0;7;0;0;2;3;15;B01
201100047899;0;33;0;0;2;1;1;A01
201100047900;0;7;0;0;2;7;1;A01
201100047900;0;7;0;0;2;1;1;B01
201100047901;0;7;0;6;0;2;1;A01
201100047902;0;7;0;6;2;3;9;A01
201100047902;0;7;0;12;2;2;1;B01
201100047903;0;7;0;0;2;8;0;A01
201100047903;1;31;0;0;2;1;5;B01
201100047904;1;99;0;0;1;0;1;Z01
201100047905;0;13;0;8;0;2;1;A01
201100047906;0;13;0;14;2;3;9;A01
201100047906;0;30;0;0;2;7;1;B01
201100047907;0;7;0;0;9;2;1;A01
201100047907;0;1;0;0;2;3;11;B01
201100047908;0;7;0;0;2;3;1;A01
201100047908;0;7;0;0;2;5;23;B01
201100047909;0;7;0;0;1;1;15;A01
201100047910;0;33;0;5;0;1;1;A01
201100047911;0;7;0;0;2;1;17;A01
201100047911;0;7;0;0;2;1;1;B01
201100047911;0;10;0;0;2;3;23;C01
201100047912;0;7;0;0;1;2;2;A01
201100047913;0;7;0;0;2;1;2;A01
201100047913;0;7;0;16;2;4;2;B01
201100047914;0;33;0;0;2;1;1;A01
201100047914;0;7;0;0;0;4;10;B01
201100047915;0;7;0;0;1;3;0;A01
201100047916;1;7;0;0;1;1;2;A01
201100047917;0;7;0;1;0;9;1;A01
201100047918;0;7;0;0;0;4;2;A01
201100047918;0;7;0;0;0;1;2;B01
201100047919;0;30;0;0;0;0;0;A01
201100047919;0;7;0;0;0;0;0;B01
201100047920;0;7;0;6;0;3;0;A01
201100047921;0;7;0;0;0;3;2;A01
201100047921;0;7;0;0;0;1;2;B01
201100047922;0;7;0;0;1;1;1;A01
201100047923;0;37;1;0;1;7;7;A01
201100047924;0;13;0;0;2;2;12;B01
201100047924;0;7;0;0;2;6;18;A01
201100047925;0;7;0;0;2;3;2;B01
201100047925;0;7;0;0;0;3;2;A01
201100047926;0;7;0;0;2;4;1;A01
201100047926;0;7;0;0;2;1;2;B01
201100047927;0;10;0;0;2;4;1;B01
201100047927;0;7;0;0;2;1;2;A01
201100047928;0;7;0;0;2;7;2;A01
201100047928;0;30;0;0;2;7;2;B01
201100047929;0;7;0;8;0;1;1;A01
201100047930;0;7;0;0;2;2;2;A01
201100047930;0;10;0;0;2;6;2;B01
201100047930;0;7;0;0;2;4;1;D01
201100047930;0;7;0;0;2;4;2;C01
201100047931;0;30;0;0;2;1;2;A01
201100047931;0;7;0;0;2;3;10;B01
201100047932;0;10;0;0;2;1;1;A01
201100047932;0;7;0;0;2;7;1;B01
201100047933;0;2;0;0;0;7;1;A01
201100047934;0;7;0;0;1;1;1;A01
201100047935;0;7;0;8;0;9;1;A01
201100047936;0;7;0;0;1;2;1;A01
201100047937;1;7;0;0;2;1;0;B01
201100047937;0;7;0;0;2;2;0;A01
201100047938;0;7;0;0;1;3;1;A01
201100047939;0;7;0;0;1;1;1;A01
201100047940;0;3;0;16;1;3;1;A01
201100047941;0;10;0;0;2;1;2;A01
201100047941;0;7;0;0;2;4;1;B01
201100047942;0;7;0;9;0;2;0;A01
201100047943;0;7;0;0;1;1;1;A01
201100047944;0;32;0;0;2;1;17;A01
201100047944;0;7;0;0;2;6;15;B01
201100047945;0;40;1;0;2;1;1;C01
201100047945;0;7;0;12;2;9;1;A01
201100047945;0;7;0;0;2;1;1;B01
201100047946;0;7;0;0;1;1;1;A01
201100047947;0;7;0;0;1;2;1;A01
201100047948;0;7;0;15;0;1;21;A01
201100047949;0;33;0;0;1;3;1;A01
201100047950;0;7;0;0;2;7;17;A01
201100047950;0;33;0;0;0;8;1;B01
201100047951;0;36;0;2;1;3;13;A01
201100047952;1;30;0;0;2;1;2;A01
201100047952;0;1;0;0;2;4;1;B01
201100047953;0;7;0;0;2;1;1;A01
201100047953;0;7;0;0;2;4;1;B01
201100047953;0;7;0;0;2;4;0;C01
201100047953;0;7;0;0;2;4;1;D01
201100047954;0;10;0;0;2;1;15;A01
201100047954;0;33;0;0;2;8;1;B01
201100047955;0;7;0;0;2;5;1;A01
201100047955;0;7;0;0;2;2;1;B01
201100047956;0;7;0;0;2;5;16;A01
201100047956;0;33;0;0;2;8;7;B01
201100047957;0;7;0;9;0;1;1;A01
201100047958;0;7;0;0;2;3;15;A01
201100047958;0;2;0;0;2;3;1;B01
201100047958;0;30;0;0;2;8;1;C01
201100047959;0;7;0;0;2;8;1;A01
201100047959;0;10;0;0;2;2;1;B01
201100047960;0;7;0;0;2;1;9;A01
201100047960;0;7;0;0;2;7;1;B01
201100047961;0;15;0;0;2;5;1;A01
201100047961;0;1;0;0;2;3;21;B01
201100047962;0;7;0;0;2;3;1;A01
201100047962;0;7;0;0;2;1;2;B01
201100047962;0;7;0;0;2;2;23;C01
201100047963;0;10;0;6;0;1;1;A01
201100047964;0;7;0;0;2;3;22;A01
201100047964;0;7;0;1;1;2;1;B01
201100047965;0;7;0;0;1;7;15;A01
201100047966;0;10;0;0;2;2;9;A01
201100047966;0;31;0;0;2;1;21;B01
201100047967;0;7;0;0;2;3;11;A01
201100047967;0;32;0;0;2;2;1;B01
201100047968;0;7;0;0;2;4;1;A01
201100047968;0;7;0;0;2;1;2;B01
201100047969;0;7;0;1;0;2;1;A01
201100047969;0;32;0;0;0;3;1;B01
201100047970;0;7;0;0;2;1;2;A01
201100047970;0;7;0;0;2;4;23;B01
201100047970;0;7;0;0;0;4;23;C01
201100047971;0;7;0;0;2;2;16;A01
201100047971;0;33;0;0;2;2;16;B01
201100047972;0;7;0;0;1;3;1;A01
201100047973;0;33;0;0;2;1;2;A01
201100047973;0;7;0;0;2;4;1;B01
201100047974;0;7;0;0;2;5;12;A01
201100047974;0;37;1;0;2;3;1;B01
201100047975;1;7;0;0;1;4;4;A01
201100047976;0;7;0;0;1;1;1;A01
201100047977;0;33;0;0;2;3;2;A01
201100047977;0;33;0;0;2;4;1;B01
201100047978;0;7;0;0;2;1;2;A01
201100047978;0;7;0;0;2;4;1;B01
201100047979;0;7;0;14;0;7;1;A01
201100047980;1;7;0;0;0;4;1;A01
201100047980;0;7;0;0;2;1;1;B01
201100047981;0;32;0;0;0;8;15;A01
201100047982;0;10;0;0;1;3;1;A01
201100047983;0;7;0;0;2;3;9;A01
201100047983;0;30;0;0;2;1;1;B01
201100047984;0;7;0;0;1;3;1;A01
201100047985;0;33;0;0;2;3;17;A01
201100047985;0;7;0;0;2;3;15;B01
201100047986;0;7;0;0;2;6;11;A01
201100047986;0;33;0;15;2;2;1;B01
201100047987;1;7;0;0;1;0;1;Z01
201100047988;0;7;0;0;2;1;1;A01
201100047988;0;7;0;8;2;7;7;B01
201100047989;0;7;0;0;0;2;1;A01
201100047990;0;7;0;12;2;8;1;A01
201100047990;1;7;0;0;2;1;1;B01
201100047991;0;7;0;8;2;7;1;A01
201100047991;0;7;0;0;2;3;18;B01
201100047992;0;7;0;0;1;1;1;A01
201100047993;0;7;0;0;2;1;2;A01
201100047993;0;7;0;0;2;4;2;B01
201100047993;0;7;0;0;0;4;1;C01
201100047994;0;14;0;0;2;1;2;A01
201100047994;0;33;0;0;0;4;1;B01
201100047995;0;7;0;9;1;2;1;A01
201100047996;0;7;0;0;4;3;1;A01
201100047996;0;40;1;0;2;2;1;B01
201100047997;0;7;0;0;2;3;9;A01
201100047997;0;7;0;0;2;2;1;B01
201100047998;0;7;0;0;1;1;1;A01
201100047999;0;10;0;0;1;2;1;A01
201100048000;0;7;0;0;2;6;12;A01
201100048000;0;7;0;0;2;2;1;B01
201100048001;0;10;0;0;2;2;1;A01
201100048001;0;7;0;0;2;3;1;B01
201100048002;0;7;0;0;1;1;1;A01
201100048003;0;37;0;0;2;7;16;B01
201100048003;0;7;0;0;2;6;23;A01
201100048004;0;7;0;0;2;1;9;A01
201100048004;0;33;0;0;2;1;1;B01
201100048005;0;10;0;6;0;7;9;A01
201100048005;0;7;0;0;2;1;1;B01
201100048006;0;33;0;0;2;3;1;A01
201100048006;1;7;0;0;2;1;5;Z01
201100048007;0;33;0;0;2;1;1;B01
201100048007;0;7;0;0;0;6;15;A01
201100048008;0;7;0;1;0;1;16;A01
201100048009;0;7;0;0;2;2;1;A01
201100048009;0;7;0;0;2;3;15;B01
201100048010;0;7;0;0;0;2;1;A01
201100048010;0;1;0;0;0;1;16;B01
201100048011;0;7;0;0;0;3;9;A01
201100048011;0;1;0;0;0;7;1;B01
201100048012;0;10;0;0;2;4;24;B01
201100048012;0;10;0;1;1;3;1;A01
201100048013;0;2;0;0;0;1;1;A01
201100048014;0;33;0;0;2;1;1;B01
201100048014;0;7;0;0;2;3;9;A01
201100048015;0;7;0;3;0;1;1;A01
201100048016;1;7;0;0;1;1;1;X01
201100048017;0;7;0;0;2;3;1;B01
201100048017;0;7;0;0;2;2;1;A01
201100048018;0;7;0;0;0;0;0;A01
201100048018;0;7;0;0;0;0;0;B01
201100048019;0;99;0;0;0;8;10;A01
201100048020;0;7;0;0;0;1;1;A01
201100048021;0;3;0;0;2;3;17;C01
201100048021;1;7;0;0;0;3;1;A01
201100048021;0;7;0;0;0;3;1;B01
201100048022;0;7;0;0;2;1;17;B01
201100048022;0;7;0;0;2;3;15;A01
201100048023;0;32;0;0;2;1;2;A01
201100048023;0;13;0;0;2;4;1;B01
201100048024;0;7;0;0;2;8;1;B01
201100048024;0;7;0;0;2;2;19;A01
201100048025;0;7;0;0;0;1;1;B01
201100048025;0;7;0;0;0;2;15;A01
201100048026;0;31;0;0;2;3;1;A01
201100048026;0;7;0;0;2;1;15;B01
201100048027;0;33;0;0;2;1;17;A01
201100048027;0;7;0;0;2;3;15;B01
201100048028;0;99;0;0;1;1;1;B01
201100048028;0;7;0;0;1;2;1;A01
201100048029;0;7;0;0;2;4;1;B01
201100048029;1;7;0;1;2;1;2;A01
201100048030;0;7;0;0;2;3;18;A01
201100048030;0;14;0;0;2;7;16;B01
201100048031;0;7;0;0;2;4;12;B01
201100048031;0;10;0;0;2;1;2;A01
201100048032;0;34;0;1;2;1;17;A01
201100048032;0;7;0;0;2;1;15;B01
201100048032;0;7;0;0;2;8;23;C01
201100048033;0;7;0;0;2;7;1;B01
201100048033;0;32;0;1;0;7;3;A01
201100048033;0;7;0;0;2;8;1;C01
201100048034;0;31;0;0;2;3;1;B01
201100048034;1;7;0;0;2;1;1;A01
201100048035;0;34;0;0;2;4;1;A01
201100048035;0;2;0;0;2;1;2;B01
201100048036;0;7;0;0;2;9;1;A01
201100048036;0;7;0;0;2;9;2;B01
201100048036;0;7;0;0;2;9;23;C01
201100048037;0;10;0;0;1;4;4;A01
201100048038;0;7;0;0;2;2;1;A01
201100048038;0;31;0;0;2;1;1;B01
201100048039;0;7;0;0;2;1;2;A01
201100048039;0;7;0;0;2;2;2;B01
201100048039;0;7;0;0;2;6;1;C01
201100048040;0;7;0;0;1;2;1;A01
201100048041;0;7;0;0;2;1;15;A01
201100048041;0;33;0;0;2;1;1;B01
201100048042;0;7;0;0;2;8;1;A01
201100048042;0;2;0;0;2;1;1;B01
201100048043;0;7;0;0;2;1;2;A01
201100048043;0;7;0;0;2;4;1;B01
201100048044;0;30;0;0;2;1;2;A01
201100048044;0;7;0;0;2;4;4;B01
201100048045;0;7;0;0;2;4;1;A01
201100048045;0;7;0;0;2;1;2;B01
201100048046;0;30;0;0;1;1;1;A01
201100048047;0;7;0;0;1;1;1;A01
201100048048;0;7;0;0;2;7;13;A01
201100048048;0;33;0;0;2;7;1;B01
201100048049;0;33;0;16;2;1;16;A01
201100048049;0;7;0;0;2;5;1;B01
201100048050;0;7;0;0;2;2;12;A01
201100048050;0;33;0;0;2;3;1;B01
201100048051;0;30;0;0;2;3;11;A01
201100048051;0;7;0;0;2;5;1;B01
201100048052;0;7;0;0;2;4;1;A01
201100048052;0;7;0;0;2;1;2;B01
201100048053;0;7;0;0;2;8;1;A01
201100048053;0;7;0;0;2;3;0;B01
201100048054;0;32;0;0;2;8;21;A01
201100048054;0;7;0;0;2;0;15;B01
201100048055;0;7;0;0;2;5;12;A01
201100048055;0;33;0;0;2;1;1;B01
201100048056;0;7;0;0;1;1;1;A01
201100048057;1;7;0;0;2;1;2;A01
201100048057;0;7;0;0;2;5;1;B01
201100048058;0;7;0;0;2;3;11;A01
201100048058;0;32;0;0;2;3;1;B01
201100048059;0;10;0;0;1;2;1;A01
201100048060;0;33;0;0;2;8;1;A01
201100048060;0;7;0;0;2;7;20;B01
201100048061;0;7;0;0;2;2;12;A01
201100048061;0;34;0;0;2;1;1;B01
201100048062;0;99;0;0;0;0;0;A01
201100048063;0;33;0;0;2;1;2;A01
201100048063;0;7;0;0;0;4;1;B01
201100048064;0;7;0;0;0;0;0;A01
201100048064;0;7;0;0;0;0;0;B01
201100048064;0;7;0;0;0;0;0;C01
201100048065;0;7;0;0;2;5;1;A01
201100048065;0;7;0;0;2;8;11;B01
201100048066;0;7;0;0;0;2;1;A01
201100048066;0;7;0;0;0;1;15;B01
201100048067;0;7;0;0;1;1;1;A01
201100048068;0;7;0;0;1;3;1;A01
201100048069;0;7;0;0;1;1;1;A01
201100048070;0;7;0;0;2;1;2;A01
201100048070;0;7;0;0;2;4;1;B01
201100048071;0;7;0;0;2;1;2;A01
201100048071;0;7;0;0;2;1;2;B01
201100048071;0;7;0;0;2;1;2;C01
201100048071;0;7;0;0;2;4;1;D01
201100048072;0;7;0;0;2;2;1;B01
201100048072;0;2;0;0;2;1;1;A01
201100048073;0;7;0;0;2;2;2;A01
201100048073;0;7;0;0;2;6;1;B01
201100048074;0;7;0;0;2;9;18;A01
201100048074;0;13;0;1;2;8;24;B01
201100048074;0;13;0;0;2;7;17;C01
201100048075;0;14;0;0;2;7;1;A01
201100048075;0;7;0;0;2;8;1;B01
201100048076;2;7;0;0;2;7;1;A01
201100048076;0;7;0;0;2;1;2;B01
201100048076;0;7;0;0;2;1;1;C01
201100048077;0;7;0;0;2;7;10;A01
201100048077;0;33;0;0;2;1;1;B01
201100048078;0;7;0;2;0;3;5;A01
201100048079;0;7;0;0;1;1;1;A01
201100048080;0;7;0;0;1;3;1;A01
201100048081;0;32;0;0;2;1;2;A01
201100048081;0;7;0;0;2;3;15;B01
201100048082;0;7;0;0;2;4;1;A01
201100048082;0;7;0;0;2;1;2;B01
201100048083;0;7;0;0;2;1;1;A01
201100048083;0;32;0;0;2;8;16;B01
201100048084;0;7;0;0;2;1;2;A01
201100048084;0;7;0;0;2;4;2;B01
201100048084;0;7;0;0;2;4;1;C01
201100048085;0;7;0;0;1;1;1;A01
201100048086;0;10;0;0;2;1;2;A01
201100048086;0;7;0;0;2;4;1;B01
201100048087;0;7;0;0;1;1;1;A01
201100048088;0;3;0;0;2;2;15;A01
201100048088;0;34;0;0;2;1;1;B01
201100048089;0;7;0;0;2;1;2;A01
201100048089;0;7;0;0;2;4;23;B01
201100048090;0;7;0;0;1;3;21;A01
201100048091;0;7;0;0;0;3;23;A01
201100048092;0;7;0;0;2;1;2;A01
201100048092;0;7;0;0;2;4;1;B01
201100048093;0;10;0;0;2;4;4;A01
201100048094;0;7;0;0;2;1;1;A01
201100048094;1;7;0;0;0;0;1;B01
201100048095;0;7;0;0;2;1;2;B01
201100048095;0;7;0;0;2;4;23;A01
201100048096;0;7;0;0;1;2;0;A01
201100048097;0;7;0;0;2;1;1;B01
201100048097;0;7;0;0;2;6;1;A01
201100048098;0;33;0;0;2;1;17;A01
201100048098;0;7;0;0;2;2;21;B01
201100048099;0;1;0;0;0;0;0;B01
201100048099;0;7;0;0;0;0;0;A01
201100048100;0;32;0;0;1;1;0;A01
201100048101;0;2;0;0;2;1;16;A01
201100048101;0;7;0;0;2;3;15;B01
201100048102;0;7;0;0;2;1;1;A01
201100048102;0;7;0;0;2;4;1;B01
201100048103;0;7;0;0;0;1;2;A01
201100048103;0;7;0;0;0;4;0;B01
201100048104;0;7;0;15;2;2;0;A01
201100048105;0;7;0;0;1;2;1;A01
201100048106;0;2;0;0;2;1;17;B01
201100048106;0;7;0;0;2;3;15;A01
201100048107;0;10;0;0;1;1;1;A01
201100048108;0;7;0;0;1;8;1;A01
201100048109;0;7;0;0;2;1;1;A01
201100048109;0;7;0;6;2;6;1;B01
201100048110;0;7;0;8;0;1;19;A01
201100048111;0;7;0;0;1;3;1;A01
201100048112;0;10;0;0;2;1;2;A01
201100048112;0;10;0;0;2;9;23;B01
201100048112;0;10;0;0;0;4;23;C01
201100048113;0;7;0;0;2;1;16;A01
201100048113;0;10;0;0;2;3;1;B01
201100048114;0;7;0;0;2;1;1;A01
201100048114;0;7;0;0;2;4;1;B01
201100048114;0;7;0;0;2;1;1;C01
201100048115;0;7;0;0;1;3;1;A01
201100048116;0;7;0;0;0;7;15;A01
201100048116;0;7;0;0;2;1;21;B01
201100048117;0;7;0;0;1;1;1;A01
201100048118;0;7;0;0;1;7;1;A01
201100048119;1;99;0;0;1;1;1;Z01
201100048120;0;7;0;8;0;1;1;A01
201100048121;0;7;0;0;2;3;15;A01
201100048121;0;33;0;0;2;3;1;B01
201100048122;2;7;0;0;2;1;1;A01
201100048122;0;7;0;0;2;6;1;B01
201100048123;0;7;0;0;2;7;19;A01