num_acc;senc;catv;occutc;obs;obsm;choc;manv;num_veh
201100048123;0;17;0;0;2;3;1;B01
201100048124;0;37;1;0;1;7;12;A01
201100048125;0;30;0;0;1;1;1;A01
201100048126;0;7;0;0;1;2;1;A01
201100048127;0;1;0;0;2;1;1;Y01
201100048127;0;7;0;0;9;1;1;A01
201100048128;0;7;0;3;0;1;1;A01
201100048129;0;7;0;0;2;2;1;A01
201100048129;0;7;0;0;2;1;1;B01
201100048130;0;33;0;0;2;1;1;B01
201100048130;0;7;0;0;2;2;1;A01
201100048131;0;7;0;0;1;4;4;A01
201100048132;0;7;0;1;1;1;1;A01
201100048133;0;7;0;0;1;2;1;A01
201100048134;0;7;0;0;1;1;17;A01
201100048135;0;7;0;0;2;1;1;A01
201100048135;0;37;23;0;2;7;2;B01
201100048136;0;7;0;0;2;2;15;A01
201100048136;0;33;0;0;2;7;1;B01
201100048137;0;7;0;0;1;7;1;A01
201100048138;0;7;0;0;1;2;1;A01
201100048139;0;7;0;0;0;5;16;A01
201100048140;0;33;0;0;2;3;17;A01
201100048140;0;1;0;0;2;6;13;B01
201100048141;0;7;0;0;2;8;22;A01
201100048141;0;1;0;1;0;2;1;B01
201100048142;0;7;0;0;1;1;1;A01
201100048143;0;7;0;0;2;1;2;A01
201100048143;0;7;0;0;2;4;2;B01
201100048143;0;7;0;0;2;4;2;C01
201100048144;0;31;0;0;2;1;17;A01
201100048144;0;7;0;0;2;6;15;B01
201100048145;1;7;0;0;1;1;17;A01
201100048146;0;33;0;0;0;1;13;A01
201100048147;0;7;0;0;2;1;15;A01
201100048147;0;7;0;0;2;3;1;B01
201100048148;0;7;0;0;2;1;1;A01
201100048148;0;7;0;0;2;8;15;B01
201100048149;0;32;0;0;2;2;7;A01
201100048149;0;7;0;0;2;2;16;B01
201100048150;0;7;0;0;1;2;1;A01
201100048151;0;7;0;1;0;2;14;A01
201100048152;0;7;0;0;1;1;1;A01
201100048153;0;7;0;0;2;3;20;A01
201100048153;0;10;0;0;2;2;1;B01
201100048154;0;10;0;0;1;6;4;A01
201100048155;0;7;0;0;2;3;15;A01
201100048155;0;7;0;0;2;1;17;B01
201100048156;0;33;0;0;0;7;1;A01
201100048157;0;7;0;0;1;3;1;A01
201100048158;0;7;0;0;2;7;1;A01
201100048158;0;30;0;0;2;1;1;B01
201100048159;0;7;0;0;2;5;16;A01
201100048159;0;32;0;0;2;3;1;B01
201100048160;0;33;0;0;1;1;17;A01
201100048161;0;3;0;0;0;8;16;A01
201100048162;2;13;0;0;1;3;1;A01
201100048163;0;7;0;14;0;3;1;A01
201100048164;0;7;0;15;0;1;0;A01
201100048165;0;7;0;1;1;1;1;A01
201100048166;2;7;0;0;2;1;1;A01
201100048166;0;7;0;0;2;8;15;B01
201100048167;0;7;0;0;1;2;1;A01
201100048168;0;31;0;0;2;1;1;B01
201100048168;0;7;0;0;2;5;9;A01
201100048169;1;7;0;0;1;1;1;A01
201100048170;0;7;0;0;0;9;16;A01
201100048171;0;7;0;6;0;2;1;A01
201100048172;0;3;0;0;2;1;1;A01
201100048172;0;7;0;0;2;3;1;B01
201100048173;0;7;0;8;2;9;1;B01
201100048173;0;7;0;6;1;9;9;A01
201100048174;0;10;0;0;2;1;2;A01
201100048174;0;7;0;0;2;4;23;B01
201100048175;0;7;0;2;0;1;16;A01
201100048176;0;30;0;9;0;1;5;A01
201100048177;0;32;0;0;2;2;1;B01
201100048177;0;7;0;0;2;8;19;A01
201100048178;0;7;0;15;0;1;1;A01
201100048179;0;7;0;0;1;1;1;A01
201100048180;0;7;0;1;0;1;21;A01
201100048181;0;7;0;0;1;2;1;A01
201100048182;0;99;0;0;1;8;1;A01
201100048183;0;7;0;9;0;2;14;A01
201100048184;0;7;0;0;2;2;1;A01
201100048184;0;7;0;0;2;3;9;B01
201100048185;1;7;0;0;1;1;1;A01
201100048186;0;10;0;0;2;5;1;A01
201100048186;0;1;0;0;2;1;1;B01
201100048187;1;7;0;0;1;3;1;Z01
201100048188;0;7;0;0;2;2;1;A01
201100048188;0;7;0;0;2;3;1;B01
201100048189;0;7;0;0;2;1;1;B01
201100048189;0;7;0;0;2;7;1;A01
201100048190;1;10;0;0;2;1;2;A01
201100048190;0;7;0;0;2;4;23;B01
201100048190;0;7;0;0;2;4;23;C01
201100048191;0;34;0;0;1;2;13;A01
201100048192;0;7;0;0;2;3;1;B01
201100048192;0;2;0;0;2;2;17;A01
201100048193;1;30;0;0;1;1;1;A01
201100048194;0;34;0;0;0;2;1;B01
201100048194;0;7;0;0;2;1;1;A01
201100048195;0;7;0;0;1;2;1;A01
201100048196;0;34;0;0;2;2;2;A01
201100048196;0;7;0;0;2;8;20;B01
201100048197;0;7;0;0;0;0;16;C01
201100048197;0;33;0;0;0;1;2;A01
201100048197;0;99;0;0;0;8;11;B01
201100048198;0;7;0;0;1;1;15;A01
201100048199;0;7;0;0;2;2;16;A01
201100048199;0;7;0;0;2;1;2;B01
201100048200;0;33;0;0;2;2;1;A01
201100048200;1;7;0;0;2;1;1;Z01
201100048201;0;7;0;0;1;1;1;A01
201100048202;0;7;0;0;2;2;15;A01
201100048202;0;33;0;0;2;3;1;B01
201100048203;0;33;0;0;2;8;1;B01
201100048203;0;7;0;0;2;1;15;A01
201100048204;0;30;0;0;2;1;18;B01
201100048204;0;7;0;0;2;7;19;A01
201100048205;0;15;0;0;1;1;1;A01
201100048206;0;7;0;0;1;5;4;A01
201100048207;0;7;0;0;2;7;23;B01
201100048207;0;7;0;0;2;1;2;A01
201100048208;0;7;0;0;1;2;1;A01
201100048209;0;7;0;0;1;2;15;A01
201100048210;0;10;0;0;2;8;1;B01
201100048210;0;7;0;0;0;2;10;A01
201100048211;0;32;0;0;1;1;1;A01
201100048212;0;30;0;0;2;1;1;B01
201100048212;0;7;0;0;2;7;15;A01
201100048213;0;7;0;4;0;1;1;A01
201100048214;0;7;0;0;9;1;1;A01
201100048215;0;7;0;0;1;2;1;A01
201100048216;0;7;0;0;1;1;1;A01
201100048217;0;7;0;0;1;3;1;A01
201100048218;0;10;0;0;1;2;1;A01
201100048219;0;7;0;0;2;6;11;A01
201100048219;0;33;0;0;2;1;2;B01
201100048220;0;7;0;0;2;1;1;B01
201100048220;0;30;0;0;2;2;1;A01
201100048221;0;10;0;0;2;3;2;C01
201100048221;0;7;0;0;2;2;21;B01
201100048221;0;7;0;0;2;5;1;A01
201100048222;0;40;1;0;1;2;2;A01
201100048223;0;7;0;0;2;1;1;B01
201100048223;0;7;0;14;2;2;1;A01
201100048224;0;30;0;0;1;1;17;A01
201100048225;0;7;0;10;0;2;3;A01
201100048226;0;7;0;0;0;1;1;A01
201100048226;0;7;0;0;2;1;1;B01
201100048227;0;7;0;0;2;1;15;A01
201100048227;0;7;0;0;2;1;1;B01
201100048228;0;7;0;0;2;1;13;A01
201100048228;0;7;0;0;2;2;1;B01
201100048229;0;7;0;0;2;8;15;A01
201100048229;0;33;0;0;2;3;17;B01
201100048230;0;37;1;0;1;7;1;A01
201100048231;0;7;0;0;1;2;1;A01
201100048232;0;32;0;0;2;7;17;B01
201100048232;1;7;0;0;2;8;1;Z01
201100048233;0;32;0;1;0;1;1;A01
201100048233;0;7;0;0;2;8;22;B01
201100048234;0;7;0;0;2;2;1;A01
201100048234;0;7;0;0;2;3;11;B01
201100048235;1;7;0;0;2;8;1;A01
201100048235;0;2;0;0;2;2;17;B01
201100048236;0;20;0;0;2;4;1;A01
201100048236;0;7;0;0;2;1;2;B01
201100048237;0;7;0;0;1;2;1;A01
201100048238;0;99;0;0;1;3;1;A01
201100048239;0;7;0;0;1;1;1;A01
201100048240;0;7;0;0;1;3;1;A01
201100048241;0;7;0;0;2;3;11;A01
201100048241;0;31;0;0;2;2;1;B01
201100048242;0;7;0;0;1;1;1;A01
201100048243;0;7;0;0;1;2;1;A01
201100048244;0;30;0;0;2;1;2;A01
201100048244;0;7;0;0;2;6;2;B01
201100048245;0;7;0;0;2;3;5;A01
201100048245;0;7;0;0;2;6;1;B01
201100048246;0;7;0;0;2;8;10;A01
201100048246;0;30;0;0;2;7;17;B01
201100048247;2;7;0;0;2;1;1;A01
201100048247;0;7;0;0;2;8;1;B01
201100048248;0;33;0;0;1;2;1;A01
201100048249;0;7;0;0;2;8;18;A01
201100048249;0;14;0;0;2;1;12;B01
201100048250;0;7;0;0;1;4;4;A01
201100048251;1;7;0;0;1;1;1;Z01
201100048252;0;7;0;0;1;2;1;A01
201100048253;2;7;0;0;1;1;1;A01
201100048254;0;7;0;0;2;1;2;A01
201100048254;0;7;0;0;1;1;23;B01
201100048255;0;7;0;0;1;2;1;A01
201100048256;0;2;0;12;0;1;1;A01
201100048257;0;7;0;0;2;1;1;A01
201100048257;0;7;0;0;2;2;9;B01
201100048258;0;7;0;0;2;3;2;A01
201100048258;0;30;0;0;2;4;1;B01
201100048259;1;7;0;0;1;1;1;Z01
201100048260;0;7;0;0;1;1;1;A01
201100048261;0;99;0;1;2;1;1;A01
201100048261;0;15;0;0;0;5;24;B01
201100048262;0;7;0;15;0;1;1;A01
201100048263;0;7;0;15;0;1;1;A01
201100048264;0;7;0;1;1;1;17;A01
201100048265;0;7;0;0;1;4;1;A01
201100048266;0;32;0;0;1;1;3;A01
201100048267;0;7;0;0;0;0;0;A01
201100048267;0;33;0;0;2;1;0;B01
201100048268;0;37;1;0;1;6;1;A01
201100048269;0;7;0;0;1;2;1;A01
201100048270;0;7;0;0;2;2;2;A01
201100048270;1;7;0;0;2;4;1;Z01
201100048271;1;7;0;0;2;7;10;A01
201100048271;0;7;0;0;2;8;5;B01
201100048272;0;10;0;0;2;1;5;B01
201100048272;0;10;0;9;2;2;15;A01
201100048273;0;32;0;0;2;2;18;A01
201100048273;0;7;0;0;2;3;1;B01
201100048274;0;7;0;0;1;2;1;A01
201100048275;0;32;0;0;2;2;1;B01
201100048275;0;7;0;0;2;3;1;A01
201100048276;0;7;0;0;2;1;17;A01
201100048276;0;7;0;0;2;1;1;B01
201100048277;0;7;0;0;2;2;21;A01
201100048277;0;7;0;0;2;6;23;B01
201100048277;0;7;0;0;2;7;23;C01
201100048278;0;10;0;0;2;2;2;A01
201100048278;0;7;0;0;2;4;1;B01
201100048279;0;7;0;0;2;1;9;A01
201100048279;0;7;0;0;2;7;1;B01
201100048280;0;7;0;0;1;1;1;A01
201100048281;0;7;0;0;4;8;10;A01
201100048281;0;40;1;0;2;1;2;B01
201100048282;0;2;0;0;1;1;1;A01
201100048283;0;7;0;0;2;1;1;A01
201100048283;0;30;0;0;2;8;1;B01
201100048284;0;7;0;8;0;2;1;A01
201100048285;0;7;0;0;1;2;1;A01
201100048286;0;34;0;0;2;1;1;B01
201100048286;0;7;0;0;2;2;1;A01
201100048287;0;7;0;0;2;1;1;A01
201100048287;0;7;0;0;2;7;1;B01
201100048288;0;33;0;0;0;0;16;A01
201100048289;0;7;0;15;0;1;1;A01
201100048290;0;7;0;0;0;3;1;A01
201100048290;0;7;0;0;0;1;1;B01
201100048291;0;30;0;0;2;1;1;A01
201100048291;0;7;0;0;2;3;9;B01
201100048292;0;13;0;0;2;3;1;A01
201100048292;0;7;0;0;2;6;1;B01
201100048293;0;7;0;0;2;2;1;A01
201100048293;0;30;0;0;2;8;3;B01
201100048294;0;7;0;0;1;1;1;A01
201100048295;0;7;0;0;2;1;1;A01
201100048295;0;7;0;0;2;8;9;B01
201100048296;0;33;0;0;2;7;17;A01
201100048296;1;7;0;0;2;8;1;Z01
201100048297;1;7;0;0;0;0;2;A01
201100048297;0;7;0;0;0;5;2;B01
201100048298;0;7;0;0;2;1;2;A01
201100048298;0;7;0;0;2;4;1;B01
201100048299;0;7;0;1;0;2;2;A01
201100048300;0;7;0;0;2;7;15;A01
201100048300;0;7;0;0;2;1;1;B01
201100048301;0;7;0;0;2;2;17;A01
201100048301;0;7;0;0;2;6;15;B01
201100048302;0;30;0;0;4;3;17;A01
201100048302;0;40;2;0;2;3;1;B01
201100048303;0;33;0;4;2;1;1;A01
201100048304;0;7;0;0;1;1;1;A01
201100048305;1;7;0;9;0;1;1;A01
201100048306;0;10;0;0;1;7;1;A01
201100048307;1;7;0;0;1;1;1;A01
201100048308;0;7;0;0;1;1;1;A01
201100048309;0;7;0;0;2;3;10;A01
201100048309;0;7;0;0;2;2;1;B01
201100048310;0;7;0;0;2;1;1;A01
201100048310;0;7;0;0;2;3;15;B01
201100048311;0;2;0;0;2;1;1;A01
201100048311;0;7;0;0;2;3;1;B01
201100048312;0;15;0;0;2;1;1;B01
201100048312;0;10;0;11;2;1;9;A01
201100048313;0;7;0;0;2;6;1;A01
201100048313;0;30;0;0;2;1;2;B01
201100048314;0;7;0;12;2;6;11;A01
201100048314;1;7;0;0;2;1;2;Z01
201100048315;0;7;0;0;2;2;17;A01
201100048315;0;7;0;0;2;3;15;B01
201100048316;0;7;0;0;1;3;1;A01
201100048317;0;3;0;0;1;1;1;A01
201100048318;0;7;0;0;2;1;2;A01
201100048318;0;7;0;0;0;4;1;B01
201100048319;0;32;0;0;1;1;1;A01
201100048320;0;7;0;0;2;7;15;A01
201100048320;0;32;0;0;2;1;2;B01
201100048321;0;30;0;12;0;8;2;A01
201100048322;0;10;0;0;2;1;2;A01
201100048322;0;32;0;0;2;4;15;B01
201100048323;0;7;0;8;0;2;1;A01
201100048324;0;7;0;0;0;3;15;A01
201100048324;0;2;0;0;2;1;2;B01
201100048325;0;7;0;0;2;6;15;A01
201100048325;0;32;0;0;2;7;15;B01
201100048326;0;10;0;0;2;2;15;B01
201100048326;0;30;0;0;2;3;1;A01
201100048327;0;33;0;0;1;1;2;A01
201100048328;0;7;0;0;2;2;10;A01
201100048328;0;33;0;0;2;1;1;B01
201100048329;0;10;0;0;2;4;2;B01
201100048329;1;13;0;0;0;0;0;Z01
201100048329;0;13;0;0;2;1;2;A01
201100048330;0;7;0;0;1;2;0;A01
201100048331;0;7;0;0;2;2;2;B01
201100048331;0;7;0;0;2;3;0;A01
201100048332;0;7;0;0;0;6;4;A01
201100048333;1;7;0;0;2;0;0;B01
201100048333;0;7;0;0;2;1;0;A01
201100048334;0;7;0;0;1;3;0;A01
201100048335;0;7;0;0;1;1;0;A01
201100048336;0;10;0;0;0;4;23;D01
201100048336;0;7;0;0;0;8;23;E01
201100048336;0;7;0;0;2;4;23;C01
201100048336;0;7;0;0;2;4;23;B01
201100048336;0;7;0;0;2;1;1;A01
201100048337;0;7;0;0;1;3;1;A01
201100048338;0;7;0;0;1;6;4;A01
201100048339;1;7;0;0;1;7;1;Z01
201100048340;0;30;0;1;0;7;1;A01
201100048341;0;7;0;0;1;2;1;A01
201100048342;0;7;0;0;1;3;1;A01
201100048343;0;37;1;0;2;1;2;A01
201100048343;0;7;0;0;2;6;11;B01
201100048344;0;7;0;0;1;3;1;A01
201100048345;0;2;0;0;2;7;1;A01
201100048345;0;10;0;0;2;7;16;B01
201100048346;0;30;0;0;2;1;17;A01
201100048346;0;7;0;0;2;3;9;B01
201100048347;0;7;0;0;2;3;5;A01
201100048347;0;7;0;0;2;2;1;B01
201100048348;0;32;0;0;1;1;1;A01
201100048349;1;99;0;1;0;1;15;Z01
201100048350;1;2;0;0;1;1;1;Z01
201100048351;0;7;0;0;2;3;15;B01
201100048351;1;99;0;0;2;1;17;Z01
201100048352;0;30;0;0;2;1;2;B01
201100048352;0;7;0;0;2;3;15;A01
201100048353;0;10;0;0;1;2;1;A01
201100048354;0;7;0;0;2;1;1;B01
201100048354;0;30;0;0;2;1;1;A01
201100048355;0;30;0;1;0;7;1;A01
201100048356;0;33;0;1;2;9;1;B01
201100048356;0;7;0;1;0;3;15;A01
201100048357;0;7;0;0;1;1;1;A01
201100048358;0;7;0;0;2;2;20;A01
201100048358;0;34;0;0;2;8;1;B01
201100048359;1;7;0;0;1;3;1;Z01
201100048360;1;34;0;0;1;1;3;Z01
201100048361;0;7;0;0;1;3;1;A01
201100048362;0;15;0;0;1;2;1;A01
201100048363;0;7;0;0;2;7;10;A01
201100048363;0;34;0;0;2;5;1;B01
201100048364;0;7;0;2;2;3;1;A01
201100048364;0;7;0;0;2;1;1;B01
201100048365;0;7;0;6;0;1;1;A01
201100048366;0;7;0;0;1;3;1;A01
201100048367;0;7;0;1;0;3;1;A01
201100048367;0;7;0;0;2;1;10;B01
201100048368;0;7;0;0;2;1;2;A01
201100048368;0;7;0;0;2;6;10;B01
201100048369;0;36;0;12;0;3;1;A01
201100048370;0;7;0;0;1;8;1;A01
201100048371;0;7;0;0;1;1;1;A01
201100048372;0;7;0;0;1;2;1;A01
201100048373;0;7;0;0;2;6;15;A01
201100048373;0;30;0;0;2;7;15;B01
201100048374;0;30;0;0;1;1;16;A01
201100048375;0;7;0;9;0;1;1;A01
201100048376;0;7;0;0;2;3;9;A01
201100048376;0;30;0;0;2;1;1;B01
201100048377;0;34;0;1;0;1;1;A01
201100048378;0;7;0;0;0;3;1;A01
201100048378;0;7;0;0;2;7;1;B01
201100048379;0;33;0;0;2;1;1;B01
201100048379;1;7;0;0;2;1;17;Z01
201100048380;0;7;0;0;2;1;1;A01
201100048380;0;35;0;0;2;1;5;B01
201100048381;0;7;0;0;2;7;1;A01
201100048381;0;7;0;0;2;5;15;B01
201100048382;0;7;0;0;2;7;1;B01
201100048382;0;7;0;0;2;1;1;A01
201100048383;0;30;0;0;2;1;16;A01
201100048383;0;7;0;1;2;7;17;B01
201100048384;0;7;0;0;2;4;1;A01
201100048384;0;13;0;0;2;1;2;B01
201100048385;0;7;0;0;2;3;15;A01
201100048385;0;33;0;0;2;1;17;B01
201100048386;0;7;0;0;1;3;1;A01
201100048387;0;7;0;0;2;1;1;A01
201100048387;0;31;0;0;2;1;17;B01
201100048388;0;7;0;0;1;2;1;A01
201100048389;0;32;0;0;2;8;13;A01
201100048389;0;7;0;0;2;3;1;B01
201100048390;0;7;0;0;2;1;2;A01
201100048390;0;15;0;0;2;4;1;B01
201100048391;0;7;0;0;2;7;12;A01
201100048391;0;7;0;0;2;1;16;B01
201100048392;0;30;0;0;2;1;1;A01
201100048392;0;7;0;0;2;3;17;B01
201100048393;0;7;0;0;2;2;5;A01
201100048393;0;7;0;0;2;1;15;B01
201100048394;0;7;0;14;0;1;1;A01
201100048395;0;7;0;2;0;1;1;A01
201100048396;0;30;0;0;2;7;17;A01
201100048396;0;7;0;0;2;8;15;B01
201100048397;0;37;50;0;1;2;1;A01
201100048398;0;7;0;0;0;1;2;A01
201100048398;0;30;0;0;0;4;10;B01
201100048399;0;33;0;1;2;1;1;A01
201100048399;0;7;0;0;2;2;2;B01
201100048400;0;7;0;0;2;3;1;A01
201100048400;0;7;0;0;0;2;15;B01
201100048401;0;7;0;0;2;1;15;A01
201100048401;0;7;0;0;2;3;1;B01
201100048401;0;7;0;0;2;1;2;C01
201100048402;0;7;0;10;0;1;1;A01
201100048403;0;7;0;15;2;2;1;A01
201100048403;0;7;0;0;2;1;2;B01
201100048404;0;7;0;0;0;1;2;A01
201100048404;0;7;0;0;2;4;1;B01
201100048405;0;7;0;0;2;2;9;A01
201100048405;0;32;0;0;2;1;17;B01
201100048406;0;30;0;0;2;7;1;B01
201100048406;0;7;0;0;2;1;1;A01
201100048407;0;7;0;0;1;2;1;A01
201100048408;0;7;0;0;2;7;10;A01
201100048408;0;33;0;0;2;3;1;B01
201100048409;0;2;0;0;0;1;21;B01
201100048409;0;7;0;0;0;5;9;A01
201100048410;0;7;0;0;2;3;2;A01
201100048410;0;2;0;0;2;4;1;B01
201100048411;0;7;0;0;2;1;15;A01
201100048411;0;33;0;0;2;1;1;B01
201100048412;0;7;0;0;1;2;1;A01
201100048413;0;7;0;0;2;6;1;A01
201100048413;0;7;0;0;0;2;2;B01
201100048414;0;7;0;2;0;1;1;A01
201100048415;0;7;0;0;2;2;1;A01
201100048415;0;1;0;0;2;1;19;B01
201100048416;0;7;0;0;0;5;15;A01
201100048416;0;7;0;0;0;1;1;B01
201100048417;0;7;0;0;1;3;1;A01
201100048418;0;30;0;0;2;1;1;A01
201100048418;0;32;0;0;2;4;16;B01
201100048419;0;7;0;0;2;1;1;A01
201100048419;0;7;0;1;2;8;1;B01
201100048420;0;30;0;0;2;1;23;B01
201100048420;1;14;0;0;2;1;5;A01
201100048421;0;7;0;1;0;2;1;A01
201100048422;0;7;0;0;1;1;1;A01
201100048423;0;7;0;0;1;4;4;A01
201100048424;0;7;0;0;2;1;15;A01
201100048424;0;2;0;0;2;8;1;B01
201100048425;0;32;0;0;2;8;17;A01
201100048425;0;7;0;0;2;8;13;B01
201100048426;0;7;0;0;1;3;1;A01
201100048427;1;7;0;0;1;0;3;A01
201100048428;0;10;0;0;9;4;1;A01
201100048429;0;7;0;0;1;1;1;A01
201100048430;1;7;0;0;0;2;0;A01
201100048430;0;7;0;0;0;3;0;B01
201100048431;1;7;0;0;1;8;1;Z01
201100048432;0;7;0;0;2;4;1;A01
201100048432;0;7;0;0;2;1;2;B01
201100048433;2;7;0;0;2;1;2;A01
201100048433;0;7;0;0;2;4;2;B01
201100048433;0;7;0;0;2;4;2;C01
201100048433;0;7;0;0;2;5;1;D01
201100048434;0;2;0;0;2;2;1;A01
201100048434;0;7;0;0;2;3;1;B01
201100048435;0;7;0;0;9;2;1;A01
201100048435;0;1;0;0;2;0;15;B01
201100048436;0;37;1;0;2;1;2;A01
201100048436;0;7;0;0;2;4;1;B01
201100048437;0;7;0;0;1;1;1;A01
201100048438;0;7;0;0;2;3;13;A01
201100048438;0;34;0;1;2;7;17;B01
201100048439;0;7;0;0;2;3;1;A01
201100048439;0;7;0;0;2;5;15;B01
201100048440;0;7;0;0;2;1;1;B01
201100048440;0;7;0;0;2;8;15;A01
201100048441;0;7;0;0;1;1;1;A01
201100048442;0;7;0;1;1;1;1;A01
201100048443;0;7;0;0;2;3;9;B01
201100048443;0;31;0;14;2;1;1;A01
201100048444;0;7;0;0;1;2;1;A01
201100048445;0;7;0;2;0;3;1;A01
201100048446;0;7;0;0;1;1;1;A01
201100048447;0;7;0;0;0;1;1;B01
201100048447;0;34;0;0;0;1;1;A01
201100048448;0;7;0;0;1;1;1;A01
201100048449;0;7;0;12;2;1;11;B01
201100048449;0;99;0;9;2;8;9;A01
201100048450;0;7;0;0;2;3;2;A01
201100048450;0;7;0;0;2;5;1;B01
201100048451;0;38;1;0;1;2;1;A01
201100048452;0;7;0;1;2;4;1;B01
201100048452;0;31;0;0;2;1;2;A01
201100048453;0;34;0;0;2;1;2;A01
201100048453;0;7;0;0;2;4;1;B01
201100048454;0;33;0;0;2;1;17;A01
201100048454;0;1;0;0;2;8;13;B01
201100048455;0;7;0;0;2;3;15;A01
201100048455;0;34;0;0;2;3;17;B01
201100048456;0;7;0;0;2;3;15;A01
201100048456;0;34;0;0;2;7;17;B01
201100048457;0;7;0;0;1;2;1;A01
201100048458;0;7;0;0;2;1;1;A01
201100048458;0;7;0;0;2;2;15;B01
201100048459;0;7;0;0;2;7;1;A01
201100048459;0;1;0;0;2;8;1;B01
201100048460;0;7;0;0;2;4;23;A01
201100048460;1;7;0;14;0;1;1;Z01
201100048461;0;7;0;0;1;1;1;A01
201100048462;0;7;0;0;1;2;1;A01
201100048463;0;33;0;0;2;1;1;A01
201100048463;0;7;0;0;2;2;15;B01
201100048464;0;32;0;0;2;1;2;A01
201100048464;0;7;0;0;2;4;23;B01
201100048465;0;7;0;0;2;1;2;A01
201100048465;0;7;0;0;2;4;1;B01
201100048466;2;7;0;0;1;2;16;A01
201100048467;0;7;0;0;2;3;10;A01
201100048467;0;32;0;0;0;1;17;B01
201100048468;0;7;0;16;0;1;1;A01
201100048469;1;7;0;0;1;8;1;A01
201100048470;0;7;0;0;1;7;1;A01
201100048471;0;2;0;0;1;1;1;A01
201100048472;0;7;0;0;1;2;1;A01
201100048473;0;32;0;0;2;8;1;A01
201100048473;0;7;0;0;2;7;15;B01
201100048474;0;7;0;0;2;3;9;A01
201100048474;0;32;0;0;2;1;1;B01
201100048475;1;30;0;0;1;4;1;A01
201100048476;0;32;0;9;0;1;10;A01
201100048477;0;7;0;0;2;7;16;A01
201100048477;0;32;0;0;2;1;9;B01
201100048478;0;7;0;0;2;1;0;A01
201100048478;0;7;0;0;2;1;0;B01
201100048479;0;7;0;0;1;2;1;A01
201100048480;0;7;0;0;1;2;1;A01
201100048481;0;7;0;0;1;8;1;A01
201100048482;0;7;0;0;1;6;1;A01
201100048483;0;37;1;0;1;5;1;A01
201100048484;0;32;0;0;0;4;1;A01
201100048485;0;32;0;0;2;4;1;A01
201100048485;0;7;0;0;2;1;2;B01
201100048486;0;7;0;0;1;2;1;A01
201100048487;0;7;0;0;1;1;1;A01
201100048488;0;14;0;0;1;6;1;A01
201100048489;0;7;0;0;2;7;1;A01
201100048489;0;33;0;0;2;1;1;B01
201100048490;0;3;0;4;0;1;1;A01
201100048491;0;30;0;0;2;1;1;A01
201100048491;0;7;0;0;2;1;1;B01
201100048491;0;7;0;0;2;1;1;C01
201100048492;0;7;0;0;2;1;1;A01
201100048492;0;7;0;0;2;1;15;B01
201100048493;0;7;0;0;0;0;11;A01
201100048493;0;31;0;12;0;0;21;B01
201100048494;0;7;0;0;2;2;10;A01
201100048494;0;33;0;0;2;1;1;B01
201100048495;0;7;0;0;1;2;1;A01
201100048496;0;10;0;0;1;1;1;A01
201100048497;0;7;0;0;1;2;1;A01
201100048498;0;7;0;0;2;3;15;A01
201100048498;0;2;0;0;2;1;17;B01
201100048499;0;7;0;0;1;2;1;A01
201100048500;0;7;0;0;2;2;1;A01
201100048500;0;7;0;0;2;3;1;B01
201100048501;0;7;0;0;2;3;15;A01
201100048501;0;30;0;0;2;2;1;B01
201100048502;0;7;0;0;2;2;17;A01
201100048502;0;30;0;0;2;3;2;B01
201100048503;0;7;0;0;1;2;1;A01
201100048504;0;10;0;0;2;2;15;A01
201100048504;0;33;0;0;2;1;1;B01
201100048505;0;7;0;0;2;1;15;A01
201100048505;0;31;0;0;2;8;1;B01
201100048506;0;30;0;0;0;7;1;A01
201100048507;0;7;0;0;2;7;16;A01
201100048507;0;33;0;0;2;7;18;B01
201100048508;0;2;0;0;2;2;17;A01
201100048508;0;7;0;0;2;3;15;B01
201100048509;0;7;0;0;1;1;1;A01
201100048510;0;7;0;0;1;1;1;A01
201100048511;0;34;0;0;2;1;1;A01
201100048511;0;10;0;0;2;8;10;B01
201100048512;0;99;0;6;2;3;1;A01
201100048512;0;7;0;0;2;4;1;B01
201100048512;0;7;0;0;2;4;1;C01
201100048513;0;30;0;0;2;7;1;B01
201100048513;0;7;0;0;2;3;9;A01
201100048514;0;7;0;0;2;7;12;A01
201100048514;0;7;0;0;0;8;1;B01
201100048515;0;7;0;0;2;5;12;A01
201100048515;0;30;0;0;2;3;1;B01
201100048516;1;30;0;0;1;1;1;Z01
201100048517;0;34;0;1;2;3;17;A01
201100048517;0;7;0;0;2;3;15;B01
201100048518;0;7;0;6;2;1;1;A01
201100048518;0;7;0;0;2;3;16;B01
201100048519;0;7;0;0;2;1;2;A01
201100048519;0;32;0;0;2;4;1;B01
201100048520;0;7;0;15;2;6;11;A01
201100048520;0;7;0;0;2;2;1;B01
201100048520;0;7;0;0;9;3;1;C01
201100048521;0;7;0;1;0;2;1;A01
201100048522;0;31;0;0;2;1;2;A01
201100048522;0;7;0;0;2;6;13;B01
201100048523;0;7;0;0;2;3;9;A01
201100048523;0;32;0;0;2;7;1;B01
201100048524;0;7;0;0;2;1;1;A01
201100048524;0;7;0;0;2;1;1;B01
201100048525;0;10;0;0;2;8;10;A01
201100048525;0;30;0;0;2;1;17;B01
201100048526;0;7;0;0;2;3;5;A01
201100048526;0;7;0;0;0;3;1;B01
201100048527;0;33;0;0;2;8;1;B01
201100048527;0;7;0;0;2;1;15;A01