num_acc;senc;catv;occutc;obs;obsm;choc;manv;num_veh
201100048528;0;7;0;0;2;3;15;A01
201100048528;0;34;0;0;2;1;2;B01
201100048529;0;7;0;1;1;3;0;A01
201100048530;0;1;0;0;9;2;0;B01
201100048530;0;33;0;0;2;1;0;A01
201100048531;0;7;0;0;2;1;11;B01
201100048531;0;34;0;0;2;7;2;A01
201100048532;0;7;0;0;2;2;2;A01
201100048532;0;30;0;0;2;3;9;B01
201100048533;0;7;0;0;2;4;1;B01
201100048533;0;7;0;0;2;1;2;A01
201100048534;0;7;0;9;0;1;15;A01
201100048535;0;30;0;0;2;1;2;A01
201100048535;0;7;0;0;2;6;1;B01
201100048536;0;2;0;8;0;1;1;A01
201100048537;0;7;0;0;1;2;1;A01
201100048538;0;7;0;15;0;8;1;A01
201100048539;0;7;0;0;2;7;1;A01
201100048539;0;7;0;0;2;1;1;B01
201100048540;0;2;0;0;0;1;17;A01
201100048540;0;7;0;0;2;2;1;B01
201100048541;0;7;0;0;1;2;1;A01
201100048542;0;7;0;0;1;1;1;A01
201100048543;0;30;0;0;2;1;5;A01
201100048543;0;7;0;0;2;1;1;B01
201100048544;0;7;0;0;1;2;1;A01
201100048545;0;1;0;0;2;7;19;A01
201100048545;0;7;0;0;2;1;1;B01
201100048546;0;7;0;0;2;7;1;B01
201100048546;0;30;0;0;2;1;1;A01
201100048547;0;7;0;0;2;2;9;A01
201100048547;0;32;0;0;2;1;19;B01
201100048548;0;30;0;0;2;1;19;A01
201100048548;0;7;0;0;2;8;1;B01
201100048549;0;7;0;0;2;1;10;A01
201100048549;0;34;0;0;2;7;1;B01
201100048550;0;7;0;2;0;3;6;A01
201100048551;0;7;0;0;2;1;1;A01
201100048551;0;7;0;0;2;2;1;B01
201100048552;0;33;0;0;2;2;2;A01
201100048552;0;31;0;0;2;1;1;C01
201100048552;0;7;0;0;2;3;1;D01
201100048552;0;7;0;0;2;2;15;B01
201100048553;0;10;0;0;1;3;1;A01
201100048554;0;10;0;0;2;5;1;B01
201100048554;0;10;0;0;2;1;1;A01
201100048555;0;7;0;0;2;3;2;A01
201100048555;0;7;0;0;2;5;2;B01
201100048556;0;7;0;0;2;1;1;B01
201100048556;0;30;0;0;2;7;15;A01
201100048557;0;7;0;0;1;2;17;A01
201100048557;0;7;0;0;0;0;23;B01
201100048558;0;10;0;14;2;1;2;A01
201100048558;0;10;0;14;2;4;23;B01
201100048558;0;10;0;0;2;4;23;C01
201100048559;0;7;0;1;0;2;14;A01
201100048560;0;7;0;0;1;5;4;A01
201100048561;0;7;0;0;1;3;1;A01
201100048562;0;7;0;0;2;1;2;A01
201100048562;0;7;0;0;0;4;23;B01
201100048563;0;7;0;10;2;2;0;A01
201100048563;0;7;0;1;2;3;0;B01
201100048564;0;13;0;0;2;1;1;B01
201100048564;0;13;0;9;2;7;19;A01
201100048565;0;7;0;0;1;1;1;A01
201100048566;0;13;0;0;2;0;0;A01
201100048566;0;13;0;0;0;0;0;B01
201100048567;0;7;0;0;1;8;2;A01
201100048568;0;7;0;0;1;3;1;A01
201100048569;0;7;0;9;0;3;1;A01
201100048570;0;37;1;0;1;7;1;B01
201100048571;0;30;0;0;2;1;1;B01
201100048571;0;7;0;0;2;5;15;A01
201100048572;0;7;0;0;1;4;4;A01
201100048573;0;37;1;0;1;5;1;A01
201100048574;0;30;0;0;2;1;1;A01
201100048574;0;7;0;0;2;6;10;B01
201100048575;0;37;5;0;1;2;1;A01
201100048576;0;37;1;0;1;1;15;A01
201100048577;0;7;0;0;2;1;1;B01
201100048577;0;32;0;0;2;3;5;A01
201100048578;0;7;0;0;2;2;1;B01
201100048578;0;7;0;0;2;1;9;A01
201100048579;0;7;0;0;2;1;1;A01
201100048579;0;7;0;0;2;4;1;B01
201100048580;0;7;0;0;1;1;1;A01
201100048581;0;30;0;0;0;6;15;B01
201100048581;0;7;0;0;0;6;15;A01
201100048582;1;7;0;0;1;1;1;A01
201100048583;0;30;0;0;0;1;1;B01
201100048583;0;7;0;0;0;5;15;A01
201100048584;0;33;0;0;1;1;1;A01
201100048585;0;32;0;0;2;1;17;B01
201100048585;0;7;0;0;2;8;15;A01
201100048586;0;33;0;0;2;1;2;A01
201100048586;0;7;0;0;2;4;1;B01
201100048587;0;7;0;0;1;3;1;A01
201100048588;0;7;0;0;1;6;4;A01
201100048589;0;7;0;0;2;3;15;B01
201100048589;0;30;0;0;2;1;1;A01
201100048590;1;33;0;0;1;8;1;A01
201100048591;0;2;0;0;2;1;1;A01
201100048591;0;7;0;0;2;2;1;B01
201100048592;0;10;0;0;2;5;20;A01
201100048592;0;32;0;0;2;1;1;B01
201100048593;0;7;0;0;1;1;1;A01
201100048594;0;7;0;0;1;1;1;A01
201100048595;0;34;0;0;0;7;1;A01
201100048595;0;7;0;0;0;1;1;B01
201100048596;0;33;0;0;2;7;17;B01
201100048596;0;7;0;0;0;3;11;A01
201100048597;0;7;0;0;2;3;9;B01
201100048597;0;7;0;0;2;2;1;A01
201100048598;0;33;0;0;2;2;1;A01
201100048598;0;7;0;0;2;8;10;B01
201100048599;0;7;0;0;2;2;1;A01
201100048599;0;1;0;0;2;2;5;B01
201100048600;0;7;0;8;0;2;1;A01
201100048601;0;7;0;0;2;8;11;A01
201100048601;0;31;0;0;2;8;1;B01
201100048602;1;7;0;0;1;1;1;A01
201100048603;0;7;0;0;1;6;4;A01
201100048604;0;7;0;0;2;3;1;A01
201100048604;0;30;0;0;2;1;17;B01
201100048605;0;7;0;0;1;3;1;A01
201100048606;0;7;0;0;1;1;1;A01
201100048607;0;32;0;0;1;1;1;A01
201100048608;0;7;0;0;1;1;1;A01
201100048609;0;37;3;0;2;2;1;A01
201100048609;0;7;0;0;2;3;15;B01
201100048610;0;7;0;0;1;1;1;A01
201100048611;0;1;0;1;0;1;1;A01
201100048612;0;2;0;14;0;1;6;A01
201100048613;0;10;0;0;2;7;1;B01
201100048613;0;30;0;0;2;2;9;A01
201100048614;0;7;0;15;2;1;1;A01
201100048614;0;30;0;0;2;7;1;B01
201100048615;0;7;0;0;0;4;4;A01
201100048615;0;30;0;0;2;1;2;B01
201100048616;1;10;0;0;0;5;5;A01
201100048617;0;7;0;0;2;1;15;A01
201100048617;0;7;0;0;2;3;1;B01
201100048618;0;7;0;1;0;1;21;A01
201100048619;0;7;0;0;2;1;2;A01
201100048619;0;7;0;0;2;1;1;B01
201100048619;0;7;0;0;2;4;1;C01
201100048620;0;3;0;0;2;2;15;A01
201100048620;0;7;0;0;2;1;1;B01
201100048621;0;7;0;0;1;1;1;A01
201100048622;0;7;0;1;0;2;13;A01
201100048623;0;7;0;0;1;1;1;A01
201100048624;0;7;0;15;0;1;1;A01
201100048625;0;30;0;0;2;2;3;A01
201100048625;0;7;0;0;2;3;1;B01
201100048626;0;7;0;0;1;7;1;A01
201100048627;0;7;0;0;2;3;10;A01
201100048627;0;32;0;0;2;1;2;B01
201100048628;0;1;0;0;0;8;11;A01
201100048628;0;30;0;0;2;2;17;B01
201100048629;0;7;0;0;1;1;1;A01
201100048630;0;32;0;0;1;1;1;A01
201100048631;0;32;0;0;2;1;1;B01
201100048631;1;7;0;0;2;3;1;A01
201100048632;2;7;0;0;2;3;10;A01
201100048632;0;33;0;0;2;2;21;B01
201100048633;0;33;0;0;2;1;1;A01
201100048633;0;7;0;0;2;6;15;B01
201100048634;0;7;0;0;2;4;16;A01
201100048634;0;33;0;0;2;1;19;B01
201100048635;0;10;0;0;1;7;17;A01
201100048636;0;33;0;0;2;2;1;A01
201100048636;0;10;0;0;2;8;10;B01
201100048637;0;10;0;0;1;7;1;A01
201100048638;0;7;0;0;2;1;1;A01
201100048638;0;1;0;0;2;7;1;B01
201100048639;0;34;0;0;0;6;1;A01
201100048639;0;13;0;0;0;2;15;B01
201100048640;0;30;0;0;1;1;1;A01
201100048641;0;7;0;0;2;7;15;A01
201100048641;0;7;0;0;2;2;1;B01
201100048642;0;7;0;0;1;1;1;A01
201100048643;0;7;0;0;1;2;1;A01
201100048644;0;7;0;0;2;7;1;A01
201100048644;0;32;0;0;2;1;1;B01
201100048645;0;7;0;3;2;2;1;A01
201100048645;0;7;0;0;2;1;1;B01
201100048646;0;33;0;0;2;9;17;B01
201100048646;0;7;0;0;2;8;15;A01
201100048647;0;7;0;0;2;3;2;A01
201100048647;0;1;0;0;2;7;19;B01
201100048648;0;1;0;0;1;8;1;A01
201100048649;0;2;0;0;2;2;13;A01
201100048649;1;3;0;0;2;8;1;B01
201100048650;0;31;0;0;0;8;1;A01
201100048651;0;7;0;0;2;4;4;A01
201100048651;0;30;0;0;2;7;1;B01
201100048652;0;7;0;0;1;1;15;A01
201100048653;0;7;0;0;2;4;4;A01
201100048653;0;2;0;0;2;1;1;B01
201100048654;0;10;0;0;1;4;4;A01
201100048655;0;34;0;0;1;1;1;A01
201100048656;0;10;0;0;1;3;1;A01
201100048657;0;7;0;0;1;1;1;A01
201100048658;0;32;0;0;2;2;17;A01
201100048658;0;7;0;0;2;6;15;B01
201100048659;0;10;0;0;2;3;10;A01
201100048659;0;34;0;0;2;4;2;B01
201100048660;0;7;0;0;2;3;20;A01
201100048660;0;33;0;0;2;2;1;B01
201100048661;0;34;0;0;0;8;1;A01
201100048661;1;7;0;0;0;0;0;B01
201100048662;0;33;0;0;0;0;2;A01
201100048663;0;7;0;0;1;2;0;A01
201100048664;0;7;0;0;1;1;15;A01
201100048665;0;7;0;1;0;2;1;A01
201100048666;0;7;0;0;2;3;10;A01
201100048666;0;2;0;0;2;2;1;B01
201100048667;0;7;0;0;1;1;21;A01
201100048668;0;7;0;0;2;1;2;A01
201100048668;0;31;0;15;2;4;1;B01
201100048669;0;7;0;0;0;2;1;A01
201100048670;0;1;0;0;1;1;1;A01
201100048671;1;7;0;0;1;1;1;A01
201100048672;2;7;0;8;0;1;0;A01
201100048673;0;7;0;0;2;1;1;A01
201100048673;0;2;0;0;2;1;1;B01
201100048674;0;7;0;0;1;6;1;A01
201100048675;2;7;0;4;0;2;1;A01
201100048676;0;7;0;0;0;8;10;A01
201100048676;0;30;0;0;2;1;10;B01
201100048677;0;7;0;1;0;2;0;A01
201100048678;0;2;0;0;2;1;0;B01
201100048678;0;7;0;0;0;2;0;A01
201100048679;0;1;0;0;2;1;1;Y01
201100048679;0;7;0;0;2;1;9;A01
201100048680;0;33;0;0;2;7;2;B01
201100048680;0;7;0;0;0;1;9;A01
201100048681;0;2;0;0;2;0;1;A01
201100048681;0;1;0;0;2;0;1;B01
201100048682;0;2;0;0;2;1;1;A01
201100048682;0;7;0;0;0;3;15;B01
201100048683;0;7;0;0;2;7;15;A01
201100048683;0;2;0;0;2;1;1;B01
201100048684;0;2;0;0;2;1;1;B01
201100048684;0;7;0;0;2;2;1;A01
201100048685;0;7;0;0;2;5;1;A01
201100048685;0;7;0;0;2;1;1;B01
201100048686;1;7;0;0;1;1;1;A01
201100048687;0;2;0;0;2;1;1;B01
201100048687;0;7;0;0;2;2;1;A01
201100048688;0;7;0;0;2;6;1;A01
201100048688;0;7;0;0;2;2;1;B01
201100048689;0;30;0;0;2;1;0;A01
201100048689;0;7;0;0;0;3;15;B01
201100048690;0;7;0;0;1;1;1;B01
201100048691;0;34;0;0;0;3;0;A01
201100048691;0;7;0;0;0;7;2;B01
201100048692;0;34;0;0;1;1;1;B01
201100048693;0;30;0;0;2;1;1;A01
201100048693;0;7;0;0;2;6;9;B01
201100048694;0;7;0;0;2;7;1;A01
201100048694;0;7;0;0;2;1;1;B01
201100048695;0;7;0;0;9;3;15;A01
201100048695;0;1;0;0;2;1;1;B01
201100048696;0;7;0;1;0;3;11;A01
201100048696;0;32;0;0;0;9;2;B01
201100048696;0;7;0;1;0;3;11;C01
201100048697;0;7;0;0;1;1;1;A01
201100048698;2;7;0;1;1;1;5;A01
201100048699;0;30;0;12;0;2;1;A01
201100048700;0;7;0;8;2;2;1;A01
201100048700;0;7;0;0;2;1;1;B01
201100048701;0;7;0;0;2;1;1;A01
201100048701;0;7;0;0;2;3;1;B01
201100048702;0;33;0;0;2;1;2;A01
201100048702;0;7;0;0;2;6;1;B01
201100048703;0;7;0;0;0;0;20;A01
201100048703;0;32;0;0;0;8;1;B01
201100048704;0;10;0;14;0;1;2;A01
201100048704;0;2;0;0;2;4;23;B01
201100048705;0;7;0;0;1;3;16;A01
201100048706;0;7;0;0;1;3;1;A01
201100048707;0;10;0;0;2;4;2;B01
201100048707;0;7;0;0;2;3;2;A01
201100048708;0;7;0;0;2;3;15;B01
201100048708;0;33;0;0;2;2;15;A01
201100048709;0;10;0;0;0;1;2;B01
201100048709;0;10;0;0;0;4;1;A01
201100048710;0;10;0;0;0;6;2;C01
201100048710;0;7;0;0;2;4;1;B01
201100048710;0;14;0;0;2;1;2;A01
201100048711;0;32;0;0;0;1;1;A01
201100048711;1;7;0;0;2;1;11;Z01
201100048712;0;7;0;0;2;2;1;A01
201100048712;0;7;0;0;2;3;1;B01
201100048713;0;2;0;0;2;1;1;B01
201100048713;0;7;0;0;2;7;15;A01
201100048714;0;7;0;0;0;1;14;A01
201100048715;0;7;0;0;1;3;1;A01
201100048716;0;7;0;2;0;1;21;A01
201100048717;0;33;0;8;2;1;1;B01
201100048717;0;7;0;0;2;2;15;A01
201100048718;0;7;0;0;2;1;1;A01
201100048718;0;7;0;0;2;8;16;B01
201100048719;0;7;0;0;2;2;15;A01
201100048719;0;30;0;0;2;1;1;B01
201100048720;0;7;0;0;1;2;16;A01
201100048721;0;7;0;0;2;6;1;A01
201100048721;0;7;0;0;2;2;1;B01
201100048722;0;7;0;0;2;2;15;A01
201100048722;0;33;0;0;2;1;1;B01
201100048723;0;7;0;0;2;2;20;A01
201100048723;0;30;0;0;2;1;21;B01
201100048724;0;7;0;0;2;1;2;A01
201100048724;0;7;0;0;2;4;2;B01
201100048724;0;7;0;0;2;4;1;C01
201100048725;0;34;0;0;0;7;1;A01
201100048726;0;7;0;0;2;3;1;A01
201100048726;0;37;1;0;2;2;1;B01
201100048727;0;7;0;0;2;5;1;A01
201100048727;0;20;0;0;2;1;2;B01
201100048728;0;7;0;0;1;1;1;A01
201100048729;0;7;0;0;2;1;2;A01
201100048729;0;7;0;0;2;4;1;B01
201100048730;0;37;6;0;2;3;1;B01
201100048730;0;7;0;0;2;1;1;A01
201100048731;0;30;0;0;1;7;1;A01
201100048732;0;31;0;0;0;7;15;A01
201100048733;0;7;0;0;2;7;1;A01
201100048733;0;7;0;0;2;1;1;B01
201100048734;0;7;0;0;1;2;17;A01
201100048735;0;7;0;4;0;3;21;A01
201100048736;0;7;0;1;2;3;1;A01
201100048736;0;7;0;0;2;1;1;B01
201100048737;0;7;0;0;2;5;12;A01
201100048737;0;37;3;0;2;3;1;B01
201100048738;0;7;0;0;0;1;2;A01
201100048738;0;7;0;0;0;4;23;B01
201100048739;0;33;0;0;2;1;1;A01
201100048739;0;7;0;0;2;7;15;B01
201100048740;0;7;0;1;2;7;1;A01
201100048740;0;1;0;0;2;1;19;B02
201100048741;0;7;0;0;1;3;1;A01
201100048742;0;7;0;0;2;2;15;A01
201100048742;0;33;0;0;2;1;1;B01
201100048743;0;7;0;0;2;8;1;B01
201100048743;0;7;0;0;2;2;1;A01
201100048744;0;10;0;0;1;3;1;A01
201100048745;0;33;0;0;2;9;21;A01
201100048745;0;7;0;0;2;1;16;B01
201100048745;0;7;0;0;2;3;1;C01
201100048746;0;7;0;0;2;2;15;A01
201100048746;0;33;0;0;2;1;1;B01
201100048747;0;7;0;0;2;3;1;A01
201100048747;0;37;4;0;2;3;1;B01
201100048748;2;7;0;0;2;7;17;A01
201100048748;0;30;0;0;2;3;12;B01
201100048749;0;7;0;0;0;0;19;A01
201100048749;0;33;0;0;2;0;21;B01
201100048750;0;7;0;0;1;2;1;A01
201100048751;0;7;0;0;1;1;1;A01
201100048752;0;7;0;0;2;1;2;A01
201100048752;0;7;0;0;2;4;1;B01
201100048753;0;7;0;0;1;3;1;A01
201100048754;1;7;0;0;1;1;17;A01
201100048755;0;7;0;0;2;7;15;A01
201100048755;0;33;0;0;2;1;1;B01
201100048756;0;7;0;0;1;8;1;A01
201100048757;0;3;0;0;1;1;1;A01
201100048758;0;7;0;0;0;5;4;A01
201100048758;0;1;0;0;0;8;1;B01
201100048759;0;7;0;15;0;1;12;A01
201100048760;0;7;0;0;1;7;1;A01
201100048761;0;7;0;0;2;1;2;A01
201100048761;0;7;0;0;0;4;23;B01
201100048762;0;10;0;0;0;3;1;B01
201100048762;0;10;0;0;2;2;1;A01
201100048763;0;10;0;1;0;2;1;A01
201100048764;0;7;0;0;2;2;15;A01
201100048764;0;7;0;0;2;1;1;B01
201100048765;0;7;0;0;2;1;1;A01
201100048765;0;7;0;0;2;3;1;B01
201100048766;0;7;0;0;2;3;1;A01
201100048766;0;7;0;0;2;2;1;B01
201100048767;0;31;0;0;2;1;3;A01
201100048767;0;7;0;0;0;5;1;B01
201100048768;0;7;0;0;2;1;13;A01
201100048768;0;10;0;0;2;1;1;B01
201100048769;0;7;0;0;2;2;20;A01
201100048769;0;7;0;0;2;1;1;B01
201100048770;0;7;0;0;2;3;10;A01
201100048770;0;30;0;0;2;2;2;B01
201100048771;0;99;0;11;2;5;1;A01
201100048771;0;2;0;0;2;1;1;B01
201100048772;0;7;0;4;0;8;17;A01
201100048773;0;33;0;1;0;1;21;A01
201100048774;0;7;0;0;2;8;1;B01
201100048774;0;7;0;0;2;1;19;A01
201100048775;0;7;0;0;2;2;2;A01
201100048775;0;7;0;0;2;5;1;B01
201100048776;0;7;0;5;2;4;1;A01
201100048776;0;7;0;12;2;8;2;B01
201100048777;0;7;0;0;2;3;15;A01
201100048777;0;33;0;0;2;1;11;B01
201100048778;0;7;0;0;1;1;1;A01
201100048779;0;7;0;0;2;2;9;A01
201100048779;0;2;0;0;2;6;1;B01
201100048780;0;33;0;0;2;1;1;A01
201100048780;0;7;0;0;2;8;11;B01
201100048781;0;7;0;0;1;2;1;A01
201100048782;0;34;0;0;2;5;17;A01
201100048782;0;7;0;0;2;3;15;B01
201100048783;0;2;0;0;2;3;1;B01
201100048783;1;7;0;;;;1;Z01
201100048784;0;7;0;0;2;1;13;A01
201100048784;0;7;0;0;2;1;1;B01
201100048785;0;34;0;0;2;1;21;A01
201100048785;0;7;0;0;2;1;15;B01
201100048786;0;10;0;0;2;3;5;A01
201100048786;0;30;0;0;2;1;1;B01
201100048787;0;7;0;0;0;6;11;A01
201100048787;0;34;0;0;2;1;1;B01
201100048788;0;7;0;0;1;2;1;A01
201100048789;0;33;0;0;2;1;17;A01
201100048789;0;7;0;0;2;8;1;B01
201100048790;0;32;0;0;2;1;1;A01
201100048790;1;10;0;0;2;0;0;Z01
201100048791;0;10;0;0;2;1;2;A01
201100048791;0;7;0;0;2;4;1;B01
201100048792;0;7;0;0;1;2;1;A01
201100048793;0;7;0;1;2;6;15;A01
201100048793;0;33;0;0;2;1;1;B01
201100048793;0;7;0;0;0;0;22;C01
201100048794;0;7;0;6;0;2;1;A01
201100048795;0;7;0;0;0;4;1;A01
201100048795;0;2;0;0;2;1;2;B01
201100048796;0;99;0;0;2;2;1;A01
201100048796;0;7;0;0;2;1;9;B01
201100048797;0;37;15;0;0;0;1;A01
201100048797;1;7;0;0;0;0;15;Z01
201100048798;0;2;0;0;2;1;17;A01
201100048798;0;7;0;0;9;4;15;B01
201100048799;0;20;0;0;2;7;15;A01
201100048799;0;33;0;0;2;1;1;B01
201100048800;0;7;0;1;0;1;1;A01
201100048801;0;7;0;2;0;1;21;A01
201100048801;0;7;0;0;0;0;15;B01
201100048802;0;7;0;1;2;1;2;A01
201100048802;0;7;0;1;2;4;2;B01
201100048802;0;7;0;0;2;4;2;C01
201100048803;0;7;0;0;2;1;1;B01
201100048803;0;30;0;0;2;3;9;A01
201100048804;0;7;0;0;2;1;1;A01
201100048804;0;7;0;0;2;4;20;B01
201100048804;0;7;0;0;2;5;24;C01
201100048805;0;7;0;16;0;0;21;A01
201100048806;0;7;0;0;2;3;9;A01
201100048806;0;7;0;0;2;2;10;B01
201100048807;0;7;0;0;1;3;1;A01
201100048808;0;7;0;0;1;3;15;A01
201100048809;1;7;0;0;1;1;1;Z01
201100048810;0;7;0;0;1;1;1;A01
201100048811;1;7;0;0;1;1;1;Z01
201100048812;0;7;0;0;0;3;9;A01
201100048812;0;7;0;0;2;2;1;B01
201100048813;0;7;0;0;2;2;15;A01
201100048813;0;10;0;0;2;2;1;B01
201100048814;0;7;0;0;1;2;11;A01
201100048815;0;31;0;0;0;8;1;A01
201100048816;0;7;0;12;2;2;3;A01
201100048816;0;31;0;0;0;8;3;B01
201100048817;0;7;0;0;2;3;0;A01
201100048818;0;7;0;0;2;1;11;A01
201100048818;0;7;0;0;2;1;1;B01
201100048819;0;7;0;0;1;3;1;A01
201100048820;0;33;0;0;0;8;1;A01
201100048820;0;7;0;3;0;1;21;B01
201100048820;0;7;0;0;2;8;21;C01
201100048821;0;1;0;0;2;1;1;B01
201100048821;0;7;0;0;9;3;1;A01
201100048822;0;7;0;0;1;4;4;A01
201100048823;0;34;0;0;1;1;1;A01
201100048824;0;7;0;0;2;6;10;B01
201100048824;0;34;0;0;2;1;1;A01
201100048825;0;99;0;0;0;1;1;B01
201100048825;0;1;0;0;0;7;1;A01
201100048826;0;7;0;0;1;2;1;A01
201100048827;0;30;0;0;2;3;1;B01
201100048827;0;7;0;0;2;2;1;A01
201100048828;1;30;0;0;1;6;17;Z01
201100048829;0;7;0;9;2;1;1;A01
201100048829;0;7;0;0;2;8;1;B01
201100048830;0;7;0;0;2;1;1;B01
201100048830;0;31;0;0;2;7;1;A01
201100048831;0;7;0;0;1;7;1;A01
201100048832;0;33;0;0;2;3;1;B01
201100048832;0;7;0;0;2;2;1;A01
201100048833;0;7;0;0;1;2;1;A01
201100048834;0;10;0;0;1;4;4;A01
201100048835;0;7;0;0;2;5;1;A01
201100048835;0;7;0;0;2;3;1;B01
201100048836;0;7;0;0;1;3;15;A01
201100048837;0;10;0;0;1;3;1;A01
201100048838;0;7;0;0;2;7;22;A01
201100048838;0;1;0;0;2;1;1;B02
201100048839;0;7;0;0;2;3;1;A01
201100048839;0;2;0;0;2;7;1;B01
201100048840;0;10;0;0;2;3;20;B01
201100048840;0;33;0;0;2;2;2;A01
201100048841;0;7;0;0;2;1;1;A01
201100048841;0;1;0;0;2;7;17;B01
201100048842;0;7;0;0;1;1;15;A01
201100048843;0;7;0;0;1;1;1;A01
201100048844;0;7;0;0;1;3;1;A01
201100048845;0;37;1;0;1;2;1;A01
201100048846;0;32;0;0;2;1;1;B01
201100048846;0;7;0;0;2;3;10;A01
201100048847;0;7;0;0;2;8;1;A01
201100048847;0;2;0;0;2;2;17;B01
201100048848;0;7;0;0;1;1;1;A01
201100048849;0;33;0;0;0;1;1;A01
201100048850;0;10;0;1;1;7;1;A01
201100048851;0;7;0;0;2;2;1;A01
201100048851;0;10;0;0;2;8;16;B01
201100048852;0;7;0;0;2;2;9;A01
201100048852;0;34;0;0;2;1;1;B01
201100048853;0;33;0;0;1;5;1;A01
201100048854;0;33;0;0;2;1;1;B01
201100048854;0;7;0;0;9;3;9;A01
201100048855;0;7;0;0;2;3;1;A01
201100048855;0;2;0;0;2;1;8;B01
201100048856;0;7;0;0;2;8;1;B01
201100048856;0;2;0;1;2;2;13;A01
201100048857;0;34;0;0;2;1;17;B01
201100048857;0;7;0;0;2;3;15;A01
201100048858;1;30;0;0;1;1;1;A01
201100048859;0;32;0;0;2;1;17;A01
201100048859;0;13;0;0;2;3;20;B01
201100048860;0;10;0;0;2;6;13;A01
201100048860;0;34;0;0;2;7;17;B01
201100048861;0;2;0;0;2;7;1;A01
201100048861;0;10;0;0;2;1;1;B01
201100048862;0;7;0;0;1;7;1;B01
201100048862;1;32;0;0;2;1;1;A01
201100048863;0;7;0;0;2;7;1;A01
201100048863;0;1;0;0;2;1;1;B01
201100048864;0;99;0;0;5;1;1;A01
201100048865;0;7;0;0;1;1;1;A01
201100048866;0;7;0;0;2;2;16;A01
201100048866;0;33;0;0;2;3;18;B01
201100048867;0;7;0;0;1;1;1;A01
201100048868;0;7;0;1;0;2;1;A01
201100048869;0;30;0;0;2;5;1;B01
201100048869;0;7;0;0;2;1;1;A01
201100048870;0;32;0;0;1;1;5;A01
201100048871;0;7;0;0;1;2;17;A01
201100048871;0;37;2;0;2;6;1;B01
201100048872;0;7;0;0;2;3;1;A01
201100048873;1;7;0;0;1;1;1;Z01
201100048874;0;32;0;0;2;1;1;A01
201100048874;0;7;0;0;2;1;15;B01
201100048875;0;30;0;0;1;1;1;A01
201100048876;0;32;0;1;0;0;18;A01
201100048876;0;7;0;0;0;0;1;B01
201100048877;0;7;0;0;2;3;15;A01
201100048877;0;31;0;0;2;8;1;B01
201100048878;0;7;0;0;2;1;15;A01
201100048878;0;30;0;0;2;1;1;B01
201100048879;0;7;0;0;2;2;17;A01
201100048879;0;1;0;0;0;8;1;B01
201100048880;0;32;0;0;2;1;1;A01
201100048880;0;1;0;0;2;5;1;B01
201100048881;0;7;0;0;1;1;15;A01
201100048882;0;10;0;1;0;2;1;A01
201100048883;0;7;0;0;0;3;9;A01
201100048883;0;33;0;0;2;9;1;B01
201100048884;0;32;0;0;2;3;9;A01
201100048884;0;7;0;0;2;2;17;B01
201100048885;0;7;0;0;0;0;4;A01
201100048885;0;33;0;0;2;8;21;B01
201100048886;0;7;0;0;2;3;15;A01
201100048886;0;30;0;0;2;1;1;B01
201100048887;0;14;0;0;2;5;1;A01
201100048887;0;7;0;0;2;1;9;B01
201100048888;0;7;0;0;2;7;15;A01
201100048888;0;33;0;0;2;9;1;B01
201100048889;0;7;0;0;1;2;17;A01
201100048890;0;7;0;0;1;3;1;A01
201100048891;0;32;0;0;1;7;1;A01
201100048892;0;7;0;0;1;8;1;A01
201100048893;0;7;0;0;1;2;1;A01
201100048894;0;7;0;0;1;1;1;A01
201100048895;0;7;0;0;1;1;1;A01
201100048896;0;7;0;0;2;1;1;A01
201100048896;0;7;0;0;2;1;13;B01
201100048897;0;32;0;0;1;2;21;A01
201100048898;0;7;0;0;2;2;1;B01
201100048898;0;7;0;0;2;3;16;A01
201100048899;0;34;0;0;2;4;1;B01
201100048899;0;34;0;0;2;1;2;C01
201100048899;0;7;0;0;0;0;15;A01
201100048900;0;7;0;0;1;3;1;A01
201100048901;0;33;0;0;2;8;1;B01
201100048901;0;7;0;0;2;1;1;A01
201100048902;0;7;0;0;2;3;1;B01
201100048902;0;7;0;0;2;2;1;A01
201100048903;0;7;0;0;2;2;15;A01
201100048903;0;30;0;0;2;1;1;B01
201100048904;0;33;0;12;0;6;12;A01
201100048904;0;7;0;0;2;2;1;B01
201100048905;0;7;0;0;1;2;1;A01
201100048906;0;33;0;0;2;1;17;A01
201100048906;0;7;0;0;2;8;19;B01
201100048907;1;7;0;0;1;1;1;A01
201100048908;0;13;0;0;2;2;16;A01
201100048908;0;31;0;0;2;1;14;B01
201100048909;0;10;0;0;2;7;12;A01
201100048909;0;33;0;0;2;8;1;B01
201100048909;0;7;0;0;2;7;1;C01
201100048910;0;7;0;0;0;1;0;A01
201100048910;0;7;0;0;0;3;1;B01
201100048910;0;10;0;0;0;0;0;C01
201100048911;2;30;0;0;1;1;1;A01
201100048912;0;7;0;0;1;2;1;A01
201100048913;0;7;0;0;2;1;1;A01
201100048913;0;7;0;0;2;3;1;B01
201100048914;0;7;0;0;2;3;19;A01
201100048914;0;7;0;0;2;3;19;B01
201100048915;0;7;0;0;1;1;12;A01
201100048916;0;32;0;0;0;7;21;B01
201100048917;0;10;0;0;2;1;1;A01
201100048917;0;7;0;0;2;8;15;B01
201100048918;0;7;0;0;1;8;1;A01