num_acc;senc;catv;occutc;obs;obsm;choc;manv;num_veh
201100048919;0;7;0;0;0;4;1;A01
201100048919;0;30;0;0;0;1;2;B01
201100048920;0;7;0;2;0;1;1;A01
201100048921;0;33;0;0;1;2;18;A01
201100048922;0;10;0;0;2;2;9;A01
201100048922;0;32;0;0;2;7;1;B01
201100048922;0;7;0;0;2;1;1;C01
201100048923;1;30;0;0;1;1;1;Z01
201100048924;0;2;0;0;1;3;1;A01
201100048925;0;7;0;0;0;3;1;B01
201100048925;0;34;0;0;0;1;19;A01
201100048926;1;7;0;0;0;0;0;A01
201100048926;0;7;0;0;2;3;2;B01
201100048927;1;7;0;0;1;2;15;A01
201100048928;0;7;0;0;2;3;2;B01
201100048928;0;2;0;0;2;7;2;A01
201100048929;0;7;0;0;0;8;15;A01
201100048929;0;33;0;0;2;1;17;B01
201100048930;0;7;0;0;1;2;16;A01
201100048931;0;14;0;0;2;3;15;A01
201100048931;0;32;0;0;2;7;17;B01
201100048932;0;7;0;0;2;1;1;B01
201100048932;0;7;0;0;2;7;1;A01
201100048933;0;7;0;0;1;6;4;A01
201100048934;0;30;0;1;0;6;1;A01
201100048935;0;2;0;0;2;1;1;A01
201100048935;0;30;0;0;2;3;1;B01
201100048936;1;30;0;0;9;1;5;A01
201100048936;0;1;0;0;2;7;19;B01
201100048937;0;7;0;0;2;7;1;A01
201100048937;0;33;0;0;2;1;1;B01
201100048938;1;7;0;0;1;1;1;A01
201100048939;0;7;0;9;0;1;21;A01
201100048940;0;2;0;1;1;1;1;A01
201100048941;0;7;0;0;0;0;15;B01
201100048941;0;32;0;11;2;1;21;A01
201100048942;1;3;0;0;1;0;0;Z01
201100048943;0;10;0;0;1;2;1;A01
201100048944;0;34;0;0;2;7;1;B01
201100048944;0;7;0;0;2;8;9;A01
201100048945;0;7;0;0;2;3;13;A01
201100048945;0;30;0;0;2;2;17;B01
201100048946;0;34;0;2;2;1;21;B01
201100048947;0;7;0;0;2;2;10;A01
201100048947;0;34;0;0;2;3;1;B01
201100048948;0;7;0;0;2;3;11;A01
201100048948;0;7;0;0;2;2;17;B01
201100048949;0;7;0;0;2;2;1;A01
201100048949;0;1;0;0;2;7;1;B01
201100048950;0;10;0;8;1;2;1;A01
201100048951;0;30;0;0;2;7;1;A01
201100048951;0;7;0;0;2;1;15;B01
201100048952;1;30;0;0;2;1;1;Z01
201100048953;0;33;0;0;2;2;9;A01
201100048953;0;7;0;0;2;1;1;B01
201100048954;0;7;0;0;2;4;4;A01
201100048954;0;7;0;0;2;3;23;B01
201100048955;0;7;0;0;1;1;1;A01
201100048956;0;7;0;0;2;2;15;A01
201100048956;0;33;0;0;2;8;17;B01
201100048957;0;7;0;8;0;1;7;A01
201100048958;0;7;0;0;2;2;2;A01
201100048958;0;33;0;0;2;6;1;B01
201100048959;0;7;0;0;2;3;13;A01
201100048959;0;30;0;0;2;2;13;B01
201100048960;0;7;0;0;2;4;4;A01
201100048960;0;33;0;0;2;2;2;B01
201100048961;0;1;0;0;2;1;1;B01
201100048961;0;7;0;0;2;1;1;A01
201100048962;0;10;0;0;2;6;16;A01
201100048962;0;31;0;0;2;2;1;B01
201100048963;0;7;0;0;2;1;1;B01
201100048963;0;7;0;0;2;3;5;A01
201100048964;0;7;0;0;2;5;4;A01
201100048964;0;33;0;0;2;1;18;B01
201100048965;2;7;0;0;2;1;1;A01
201100048965;0;7;0;0;0;1;1;B01
201100048966;0;7;0;0;2;2;1;A01
201100048966;0;32;0;0;2;6;1;B01
201100048967;0;7;0;0;1;8;1;A01
201100048968;0;7;0;0;2;2;9;A01
201100048968;0;1;0;0;2;4;1;B01
201100048969;0;10;0;0;2;3;15;A01
201100048969;0;30;0;0;2;2;17;B01
201100048970;0;13;0;0;1;2;1;A01
201100048971;0;7;0;0;2;3;0;A01
201100048971;0;7;0;0;2;3;0;B01
201100048972;0;32;0;0;0;8;2;B01
201100048972;0;7;0;0;2;8;18;A01
201100048973;0;7;0;0;1;3;15;A01
201100048974;0;7;0;0;2;6;10;A01
201100048974;0;33;0;0;2;1;1;B01
201100048975;0;2;0;0;0;1;0;A01
201100048975;0;31;0;0;0;1;0;B01
201100048976;0;7;0;0;0;5;23;A01
201100048976;0;32;0;0;0;1;0;B01
201100048977;0;7;0;0;2;3;10;A01
201100048977;0;32;0;0;2;1;17;B01
201100048978;0;32;0;0;2;1;1;A01
201100048978;0;7;0;0;2;3;23;B01
201100048979;0;2;0;0;2;1;2;A01
201100048979;0;7;0;0;2;5;1;B01
201100048980;0;7;0;0;1;2;1;A01
201100048981;0;33;0;0;1;1;1;A01
201100048982;0;7;0;0;2;1;1;A01
201100048982;0;7;0;0;0;3;15;B01
201100048983;0;7;0;0;2;1;1;A01
201100048983;0;7;0;0;2;3;1;B01
201100048984;0;7;0;0;2;1;1;B01
201100048984;0;7;0;2;2;3;9;A01
201100048985;0;7;0;0;2;2;1;B01
201100048985;0;7;0;0;2;3;11;A01
201100048985;0;7;0;0;2;1;23;C01
201100048986;0;7;0;0;1;1;1;A01
201100048987;0;7;0;0;2;2;15;A01
201100048987;0;32;0;0;2;1;2;B01
201100048988;0;7;0;2;0;1;1;A01
201100048989;0;7;0;0;1;1;1;A01
201100048990;0;37;30;0;2;2;1;A01
201100048990;0;7;0;0;2;3;16;B01
201100048991;0;7;0;0;2;1;2;Z01
201100048991;0;7;0;0;2;4;23;A01
201100048991;0;10;0;0;0;4;2;B01
201100048992;1;7;0;0;2;1;1;Z01
201100048992;0;34;0;0;2;2;15;B01
201100048993;0;10;0;0;2;7;1;B01
201100048993;0;2;0;12;2;3;9;A01
201100048994;0;7;0;0;2;7;1;A01
201100048994;0;7;0;0;2;1;1;B01
201100048995;0;7;0;0;1;4;4;A01
201100048996;0;7;0;0;2;1;15;A01
201100048996;0;7;0;0;2;3;1;B01
201100048997;0;30;0;0;2;1;1;A01
201100048997;1;7;0;0;2;4;23;Z01
201100048998;0;34;0;0;2;1;1;B01
201100048998;0;7;0;0;2;5;15;A01
201100048999;0;7;0;0;2;7;15;A01
201100048999;0;34;0;0;2;1;1;B01
201100049000;0;7;0;0;2;1;1;A01
201100049000;0;1;0;0;2;8;1;B01
201100049001;0;14;0;0;2;2;1;A01
201100049001;0;10;0;0;2;8;1;B01
201100049002;1;7;0;0;1;1;1;Z01
201100049003;0;7;0;0;2;5;12;A01
201100049003;0;33;0;0;2;3;1;B01
201100049004;0;7;0;0;2;5;7;A01
201100049004;0;37;1;0;2;3;7;B01
201100049005;0;1;0;0;2;0;2;A01
201100049006;0;1;0;0;2;3;13;A01
201100049006;0;7;0;0;0;3;1;B01
201100049007;0;7;0;0;1;6;1;A01
201100049008;0;7;0;0;2;1;1;B01
201100049008;2;7;0;0;2;9;15;A01
201100049009;0;7;0;0;2;1;1;A01
201100049009;0;7;0;0;2;4;1;B01
201100049009;0;7;0;0;0;4;1;C01
201100049010;0;7;0;0;2;3;20;A01
201100049010;0;1;0;0;2;1;1;B01
201100049011;0;7;0;0;2;5;23;A01
201100049011;0;32;0;0;2;1;2;B01
201100049011;1;10;0;0;2;3;2;Z01
201100049012;0;33;0;0;2;1;2;A01
201100049012;0;7;0;0;2;4;1;B01
201100049013;0;32;0;0;2;1;2;A01
201100049013;0;7;0;0;2;4;1;B01
201100049014;0;1;0;0;2;4;1;A01
201100049014;1;7;0;0;2;1;2;Z01
201100049015;0;7;0;0;1;5;21;A01
201100049016;0;33;0;0;2;1;17;A01
201100049016;0;7;0;0;2;8;9;B01
201100049017;0;7;0;0;2;2;1;B01
201100049017;0;2;0;0;0;7;19;A01
201100049018;0;7;0;14;2;1;1;A01
201100049018;0;7;0;14;0;4;1;B01
201100049018;0;7;0;0;2;4;1;C01
201100049019;0;7;0;0;1;1;1;A01
201100049020;0;34;0;1;2;3;1;A01
201100049020;0;10;0;0;2;2;1;B01
201100049021;0;3;0;0;2;2;1;A01
201100049021;0;7;0;9;2;6;1;B01
201100049022;0;7;0;0;2;3;15;A01
201100049022;0;33;0;0;2;1;1;B01
201100049023;0;7;0;8;2;8;1;A01
201100049023;0;7;0;0;2;3;15;B01
201100049024;0;7;0;0;2;3;3;A01
201100049024;0;7;0;8;2;1;1;B01
201100049025;0;7;0;11;0;2;1;A01
201100049026;0;7;0;0;2;1;1;B01
201100049026;0;30;0;0;2;1;5;A01
201100049027;0;37;1;0;2;3;1;B01
201100049027;0;7;0;0;2;5;16;A01
201100049028;0;7;0;0;1;2;1;A01
201100049029;0;32;0;0;2;1;17;A01
201100049029;0;10;0;0;2;3;15;B01
201100049030;0;7;0;0;1;3;15;A01
201100049031;0;7;0;0;2;6;13;A01
201100049031;0;7;0;14;2;2;1;B01
201100049032;0;31;0;15;2;1;1;A01
201100049032;0;31;0;15;2;5;1;B01
201100049033;0;7;0;0;2;2;12;A01
201100049033;0;10;0;0;2;6;1;B01
201100049034;0;7;0;0;1;3;1;A01
201100049035;0;7;0;14;2;1;2;A01
201100049035;0;7;0;0;2;4;1;B01
201100049036;0;7;0;0;1;2;1;A01
201100049037;0;7;0;0;9;2;15;B01
201100049037;0;1;0;0;2;3;1;A01
201100049038;0;7;0;0;9;2;16;A01
201100049039;0;7;0;0;1;1;1;A01
201100049040;0;7;0;0;1;1;1;A01
201100049041;0;7;0;0;1;0;0;A01
201100049042;0;37;0;14;2;1;2;B01
201100049042;0;7;0;0;2;7;6;A01
201100049043;0;7;0;15;2;7;15;A01
201100049043;0;7;0;0;2;1;1;B01
201100049044;0;7;0;0;2;3;9;B01
201100049044;0;99;0;0;2;2;1;A01
201100049045;0;2;0;0;2;3;1;B01
201100049045;0;7;0;0;2;1;15;A01
201100049046;0;7;0;0;2;1;1;B01
201100049046;0;7;0;0;2;2;1;A01
201100049047;0;7;0;0;2;1;1;A01
201100049047;0;36;0;0;2;6;15;B01
201100049048;0;7;0;0;1;3;1;A01
201100049049;0;7;0;0;2;7;9;A01
201100049049;0;7;0;0;2;8;1;B01
201100049050;0;34;0;9;0;3;1;A01
201100049051;0;7;0;0;1;2;1;A01
201100049052;0;37;1;0;1;3;7;A01
201100049053;0;99;0;0;1;2;1;A01
201100049054;0;2;0;0;2;1;1;A01
201100049054;0;2;0;0;2;8;1;B01
201100049055;0;7;0;0;2;7;1;B01
201100049055;0;34;0;0;2;1;11;A01
201100049056;0;30;0;0;0;8;1;A01
201100049057;0;37;1;0;2;2;1;B01
201100049057;0;13;0;0;2;1;1;A01
201100049058;0;7;0;0;2;2;9;A01
201100049058;0;1;0;0;2;2;16;B01
201100049059;0;7;0;0;1;3;1;A01
201100049060;0;3;0;7;0;3;1;A01
201100049061;0;37;30;14;2;1;1;B01
201100049061;0;7;0;14;2;7;1;A01
201100049062;0;30;0;0;2;2;17;A01
201100049062;0;10;0;0;2;8;15;B01
201100049063;0;35;0;0;1;1;1;X01
201100049064;0;7;0;0;2;1;2;A01
201100049064;0;1;0;0;2;4;1;B01
201100049065;0;7;0;2;0;3;1;A01
201100049066;0;7;0;0;2;9;12;A01
201100049066;0;15;0;0;2;3;1;B01
201100049067;0;37;51;0;1;5;1;A01
201100049068;0;7;0;0;1;2;1;A01
201100049069;1;7;0;0;2;0;11;A01
201100049069;0;33;0;0;2;8;21;B01
201100049070;0;7;0;0;2;2;1;B01
201100049070;0;7;0;0;2;1;16;A01
201100049071;0;7;0;0;2;3;1;B01
201100049071;0;7;0;0;2;2;1;A01
201100049072;0;7;0;0;2;7;1;B01
201100049072;0;7;0;0;2;1;1;A01
201100049073;0;7;0;0;1;2;16;A01
201100049074;0;10;0;1;0;2;1;A01
201100049075;0;37;50;0;0;2;1;A01
201100049076;0;7;0;0;2;3;15;A01
201100049076;0;33;0;0;2;6;1;B01
201100049077;0;7;0;0;2;1;1;A01
201100049077;0;10;0;0;0;8;1;B02
201100049078;0;7;0;0;2;2;1;A01
201100049078;0;7;0;0;2;3;1;B01
201100049079;0;1;0;0;2;3;1;B01
201100049079;1;7;0;0;2;1;1;Z01
201100049080;0;7;0;0;2;2;15;A01
201100049080;0;2;0;0;2;1;1;B01
201100049081;0;7;0;0;2;5;1;A01
201100049081;0;7;0;0;2;3;2;B01
201100049082;0;30;0;0;0;7;1;A01
201100049083;0;7;0;1;1;1;1;A01
201100049084;0;31;0;0;2;1;1;A01
201100049084;0;7;0;0;2;8;15;B01
201100049085;0;7;0;0;2;3;11;A01
201100049085;0;33;0;4;2;7;1;B01
201100049086;0;10;0;0;2;2;15;A01
201100049086;0;7;0;0;2;1;1;B01
201100049087;0;30;0;0;2;7;17;A01
201100049087;0;7;0;0;2;1;15;B01
201100049088;0;7;0;0;1;2;1;A01
201100049089;0;33;0;0;1;2;3;A01
201100049090;0;33;0;0;2;3;13;A01
201100049090;0;7;0;0;2;2;1;B01
201100049091;0;34;0;0;1;1;1;A01
201100049092;1;7;0;0;2;1;2;A01
201100049092;0;7;0;0;2;4;1;B01
201100049093;1;7;0;0;2;8;15;A01
201100049093;0;34;0;0;2;7;1;B01
201100049094;0;7;0;0;2;1;15;A01
201100049094;0;7;0;0;0;8;1;B01
201100049095;0;7;0;0;0;0;23;A01
201100049095;0;1;0;0;2;2;21;B01
201100049096;0;30;0;0;0;2;1;A01
201100049097;0;10;0;1;0;9;14;A01
201100049098;0;7;0;0;1;8;15;A01
201100049099;0;7;0;0;2;1;2;A01
201100049099;0;7;0;0;2;4;23;B01
201100049100;0;7;0;0;2;1;2;A01
201100049100;0;14;0;0;2;4;23;B01
201100049101;0;7;0;0;2;2;1;A01
201100049101;0;1;0;0;2;1;18;B01
201100049102;0;30;0;0;0;3;1;A01
201100049103;0;7;0;4;0;2;1;A01
201100049104;0;1;0;0;2;1;1;A01
201100049104;0;7;0;0;2;2;1;B01
201100049105;0;33;0;0;2;1;1;A01
201100049105;0;7;0;0;2;8;15;B01
201100049106;0;7;0;0;2;2;9;A01
201100049106;0;33;0;0;2;3;21;B01
201100049107;0;10;0;0;2;1;2;A01
201100049107;0;7;0;0;2;4;1;B01
201100049108;2;34;0;0;2;1;1;A01
201100049108;0;7;0;0;2;3;1;B01
201100049109;0;7;0;0;2;7;15;A01
201100049109;0;7;0;0;2;1;1;B01
201100049110;0;7;0;0;2;6;9;B01
201100049110;0;7;0;0;2;2;2;A01
201100049111;0;30;0;0;0;7;1;A01
201100049112;0;7;0;0;1;3;15;A01
201100049113;2;7;0;0;2;0;0;A01
201100049113;0;30;0;0;2;8;1;B02
201100049114;0;7;0;1;0;1;1;A01
201100049115;0;7;0;0;2;2;15;A01
201100049115;0;30;0;0;0;1;2;B01
201100049116;0;7;0;0;2;2;2;A01
201100049116;0;10;0;0;2;6;1;B01
201100049117;0;33;0;0;2;1;1;A01
201100049117;0;1;0;0;2;7;1;B01
201100049118;1;7;0;0;2;2;1;A01
201100049118;0;7;0;0;2;6;1;B01
201100049119;0;33;0;0;2;1;1;A01
201100049119;0;1;0;0;2;5;19;B01
201100049120;0;37;1;0;2;0;0;B01
201100049120;0;7;0;13;0;3;11;A01
201100049121;0;7;0;0;2;8;0;Y01
201100049121;0;7;0;0;1;1;1;A01
201100049122;0;7;0;0;2;3;15;A01
201100049122;0;30;0;0;0;7;2;B01
201100049123;0;7;0;0;2;8;2;B01
201100049123;0;7;0;0;2;1;2;A01
201100049124;0;7;0;0;2;1;2;A01
201100049124;0;7;0;0;2;4;2;B01
201100049125;0;33;0;0;2;2;17;A01
201100049125;0;7;0;0;2;3;15;B01
201100049126;0;7;0;0;1;1;1;B01
201100049127;0;32;0;0;2;1;1;A01
201100049127;0;7;0;0;2;2;1;B01
201100049128;0;32;0;0;2;3;2;B01
201100049128;0;7;0;0;2;1;15;A01
201100049129;0;7;0;12;0;1;1;A01
201100049130;0;7;0;0;2;1;1;B01
201100049130;2;7;0;0;2;1;5;A01
201100049131;0;7;0;0;2;2;15;A01
201100049131;0;30;0;0;2;1;1;B01
201100049132;0;7;0;0;2;4;2;A01
201100049132;0;7;0;0;2;1;2;B01
201100049133;2;7;0;0;2;1;1;B01
201100049133;0;7;0;0;2;2;16;A01
201100049134;0;30;0;0;1;1;1;A01
201100049135;0;34;0;1;0;7;1;A01
201100049136;1;7;0;0;2;1;2;A01
201100049136;0;2;0;0;2;6;15;B01
201100049137;0;7;0;4;0;1;1;A01
201100049138;0;32;0;15;2;9;2;A01
201100049138;0;15;0;0;2;2;2;B01
201100049139;0;7;0;0;2;1;15;A01
201100049139;0;33;0;0;2;1;1;B01
201100049140;0;7;0;0;2;6;19;A01
201100049140;0;32;0;0;2;5;1;B01
201100049141;0;7;0;0;2;7;15;A01
201100049141;0;31;0;0;2;1;7;Z01
201100049142;0;33;0;0;2;1;17;A01
201100049142;0;7;0;0;2;2;15;B01
201100049143;0;7;0;0;2;1;1;A01
201100049143;0;7;0;0;2;3;6;B01
201100049144;0;2;0;0;2;7;1;A01
201100049144;0;10;0;0;2;8;13;B01
201100049145;0;7;0;0;2;8;9;A01
201100049145;0;7;0;0;2;2;1;B01
201100049146;0;1;0;6;0;2;1;A01
201100049147;0;32;0;0;1;1;1;A01
201100049148;0;7;0;0;2;7;15;A01
201100049148;0;10;0;0;2;1;1;B01
201100049149;0;10;0;0;1;6;1;A01
201100049150;0;7;0;0;9;2;7;A01
201100049150;0;1;0;0;2;1;5;B01
201100049151;0;7;0;0;2;7;15;A01
201100049151;0;33;0;0;2;1;1;B01
201100049152;0;1;0;1;0;1;1;A01
201100049153;0;7;0;0;1;1;1;A01
201100049154;0;10;0;0;2;1;1;A01
201100049154;0;14;0;0;2;7;1;B01
201100049155;0;7;0;0;2;1;1;A01
201100049155;0;2;0;0;2;7;16;B01
201100049156;0;7;0;0;2;1;1;A01
201100049156;0;7;0;0;2;4;1;B01
201100049156;0;7;0;0;2;4;1;C01
201100049156;0;7;0;0;2;4;1;D01
201100049157;0;32;0;0;1;1;1;A01
201100049158;0;7;0;0;2;7;15;A01
201100049158;0;33;0;0;2;1;1;B01
201100049159;0;7;0;7;0;4;1;A01
201100049159;0;7;0;1;2;1;2;B01
201100049160;0;7;0;0;1;4;4;A01
201100049161;0;7;0;0;2;3;9;A01
201100049161;0;7;0;0;2;2;1;B01
201100049162;0;30;0;12;0;5;1;A01
201100049163;0;37;2;0;2;3;1;B01
201100049163;0;10;0;0;2;2;9;A01
201100049164;0;7;0;0;1;2;1;A01
201100049165;1;7;0;0;2;2;12;A01
201100049165;0;2;0;0;2;1;18;B01
201100049166;1;99;0;0;1;3;1;A01
201100049167;0;33;0;0;2;1;1;B01
201100049167;0;7;0;0;2;3;1;A01
201100049168;0;40;1;0;1;2;1;A01
201100049169;0;7;0;0;2;3;1;B01
201100049169;0;7;0;0;2;2;1;A01
201100049170;0;1;0;0;2;1;2;A01
201100049170;0;10;0;0;0;6;1;B01
201100049171;0;7;0;0;2;7;16;A01
201100049171;0;30;0;0;2;8;16;B01
201100049172;0;7;0;0;1;2;1;A01
201100049173;0;30;0;0;0;1;1;A01
201100049174;0;7;0;0;2;1;2;A01
201100049174;0;7;0;0;0;6;1;B01
201100049174;0;13;0;0;0;5;1;C01
201100049175;0;7;0;2;0;3;1;A01
201100049176;0;30;0;14;0;8;7;A01
201100049177;0;14;0;0;2;3;10;B01
201100049177;0;33;0;0;2;1;1;A01
201100049178;0;7;0;0;2;1;1;A01
201100049178;0;37;1;0;2;2;2;C01
201100049178;0;40;1;0;2;2;1;B01
201100049179;0;7;0;0;2;3;10;A01
201100049179;0;30;0;0;2;1;1;B01
201100049180;0;7;0;0;1;3;1;A01
201100049181;0;7;0;0;2;4;1;A01
201100049181;0;7;0;0;2;1;2;B01
201100049182;0;7;0;0;1;1;1;A01
201100049183;0;7;0;0;2;4;2;A01
201100049183;0;7;0;0;2;1;2;B01
201100049183;0;7;0;0;2;4;1;C01
201100049184;0;7;0;0;2;7;1;B01
201100049184;0;7;0;0;2;2;1;A01
201100049185;2;7;0;0;2;1;2;A01
201100049185;0;7;0;0;0;4;23;B01
201100049186;0;7;0;11;0;1;13;A01
201100049187;0;7;0;0;2;4;1;B01
201100049187;0;32;0;0;2;1;1;A01
201100049188;0;30;0;0;2;1;1;B01
201100049188;0;7;0;0;2;2;15;A01
201100049189;0;7;0;0;0;0;0;B01
201100049189;0;7;0;0;0;0;0;A01
201100049189;0;7;0;0;2;0;0;C01
201100049189;0;7;0;0;0;0;0;D01
201100049190;0;7;0;0;1;3;11;A01
201100049191;0;7;0;0;2;3;22;A01
201100049191;0;30;0;1;2;2;18;C01
201100049191;0;7;0;0;2;7;1;B01
201100049192;0;7;0;0;2;3;1;B01
201100049192;2;7;0;0;2;1;5;A01
201100049193;0;7;0;0;2;6;1;B01
201100049193;0;7;0;0;2;2;2;A01
201100049194;2;32;0;0;0;2;1;A01
201100049195;0;34;0;12;2;1;9;A01
201100049196;0;7;0;0;0;4;2;C01
201100049196;0;34;0;0;2;1;0;A01
201100049196;0;7;0;0;2;2;3;B01
201100049197;0;7;0;0;0;4;1;B01
201100049197;0;32;0;0;2;2;2;A01
201100049198;0;7;0;0;2;3;1;C01
201100049198;0;7;0;0;2;3;15;B01
201100049198;0;34;0;0;2;4;1;A01
201100049199;0;7;0;0;2;1;9;A01
201100049199;0;32;0;0;2;2;1;B01
201100049200;0;10;0;0;2;1;2;B01
201100049200;0;7;0;0;2;4;1;A01
201100049201;0;7;0;0;1;1;1;A01
201100049202;0;7;0;0;2;5;15;B01
201100049202;0;33;0;0;2;1;5;A01
201100049203;0;7;0;0;2;3;15;A01
201100049203;0;30;0;0;2;1;17;B01
201100049204;0;10;0;0;2;5;9;A01
201100049204;0;30;0;0;2;1;21;B01
201100049205;0;30;0;1;0;1;1;A01
201100049206;0;34;0;0;2;2;17;A01
201100049206;0;7;0;0;2;3;1;B01
201100049207;0;7;0;0;1;7;1;A01
201100049208;0;7;0;0;2;1;2;A01
201100049208;0;37;1;0;2;4;1;B01
201100049209;0;7;0;0;2;8;10;A01
201100049209;0;32;0;0;2;1;1;B01
201100049210;0;7;0;0;1;1;1;A01
201100049211;0;7;0;0;2;3;15;A01
201100049211;0;34;0;0;2;9;23;B01
201100049211;0;7;0;0;2;3;23;C01
201100049212;0;7;0;3;0;1;1;A01
201100049213;0;30;0;0;0;7;1;A01
201100049214;0;33;0;0;0;1;1;A01
201100049215;0;7;0;0;1;4;4;A01
201100049216;0;7;0;0;2;5;10;A01
201100049216;0;33;0;0;2;1;1;B01
201100049217;0;7;0;0;2;3;10;A01
201100049217;0;32;0;0;2;1;2;B01
201100049218;0;7;0;0;2;2;2;A01
201100049218;0;10;0;0;2;6;2;B01
201100049219;0;7;0;0;2;2;1;B01
201100049219;0;2;0;0;2;4;1;A01
201100049220;0;7;0;1;0;2;1;A01
201100049221;0;7;0;0;2;8;15;A01
201100049221;0;32;0;0;2;7;17;B01
201100049222;0;7;0;1;0;2;1;A01
201100049223;0;7;0;0;1;1;16;A01
201100049224;0;7;0;0;1;1;1;A01
201100049225;0;7;0;0;2;1;1;A01
201100049225;0;2;0;0;2;8;1;B01
201100049226;0;7;0;0;2;1;2;A01
201100049226;0;7;0;0;2;4;1;B01
201100049227;1;14;0;0;1;1;1;Z01
201100049228;0;32;0;1;2;1;18;A01
201100049228;0;7;0;0;2;5;16;B01
201100049229;0;32;0;0;2;8;21;A01
201100049229;0;7;0;0;2;8;13;B01
201100049230;0;30;0;0;1;1;1;A01
201100049231;0;7;0;0;2;1;15;A01
201100049231;0;2;0;0;2;8;1;B01
201100049232;0;7;0;0;1;3;1;A01
201100049233;0;2;0;0;1;1;18;A01
201100049234;0;7;0;15;2;1;1;A01
201100049234;0;7;0;0;2;3;1;B01
201100049235;0;31;0;0;2;1;21;A01
201100049235;0;7;0;0;2;3;15;B01
201100049236;0;33;0;0;2;8;2;A01
201100049236;1;7;0;0;2;8;15;B01
201100049237;0;32;0;8;0;7;1;A01
201100049238;0;7;0;0;2;7;22;A01
201100049238;0;30;0;1;2;3;18;B01
201100049239;0;7;0;0;2;1;2;A01
201100049239;0;7;0;0;0;4;1;B01
201100049240;0;7;0;0;0;7;16;A01
201100049240;0;2;0;0;0;8;16;B01
201100049241;0;7;0;0;2;3;9;B01
201100049241;0;32;0;0;0;2;1;A01
201100049242;0;33;0;0;0;8;1;A01
201100049243;0;7;0;0;1;2;1;A01
201100049244;0;7;0;0;2;1;2;A01
201100049244;0;7;0;0;0;4;1;B01
201100049245;0;14;0;0;1;1;1;A01
201100049246;0;7;0;0;2;2;12;A01
201100049246;0;32;0;0;0;6;1;B01
201100049247;0;30;0;0;2;1;12;A01
201100049247;0;7;0;0;2;3;1;B01
201100049248;0;7;0;0;2;4;4;A01
201100049248;0;2;0;0;2;1;1;B01
201100049249;0;7;0;0;1;2;1;A01
201100049250;0;7;0;0;2;2;10;A01
201100049250;0;7;0;0;2;6;1;B01
201100049251;0;7;0;0;2;1;9;A01
201100049251;0;32;0;0;2;1;1;B01
201100049252;0;7;0;0;2;1;2;A01
201100049252;0;7;0;0;2;4;1;B01
201100049253;0;31;0;0;2;1;17;A01
201100049253;0;7;0;0;2;3;15;B01
201100049254;0;7;0;0;1;1;1;A01
201100049255;0;7;0;0;2;3;2;A01
201100049255;0;7;0;0;2;6;1;B01
201100049256;0;7;0;0;2;2;21;A01
201100049256;0;7;0;0;2;7;1;B01
201100049257;1;32;0;0;1;1;1;Z01
201100049258;1;7;0;0;1;1;1;Z01
201100049259;0;7;0;0;2;3;15;A01
201100049259;0;32;0;0;2;1;2;B01
201100049260;0;7;0;0;2;8;10;A01
201100049260;2;7;0;0;2;1;1;Z01
201100049261;0;7;0;0;1;1;1;A01
201100049262;0;10;0;0;2;7;15;A01
201100049262;0;32;0;0;2;1;2;B01
201100049263;0;10;0;0;1;3;1;A01
201100049264;0;13;0;0;1;8;1;Y01
201100049265;0;2;0;0;0;1;1;A01
201100049265;0;7;0;0;0;2;1;B01
201100049266;0;7;0;6;0;1;1;A01
201100049267;0;7;0;0;2;1;1;B01
201100049267;0;10;0;0;2;3;15;A01
201100049268;0;15;0;0;2;3;1;A01
201100049268;0;31;0;0;2;8;15;B01
201100049269;0;7;0;15;1;2;15;A01
201100049270;0;32;0;0;1;1;1;A01
201100049271;0;7;0;0;1;1;1;A01
201100049272;0;2;0;0;0;1;1;B01
201100049272;0;7;0;0;0;3;19;A01
201100049273;0;7;0;8;1;9;10;A01
201100049274;0;30;0;0;0;7;2;A01
201100049274;0;7;0;0;0;3;2;B01
201100049275;0;7;0;0;1;2;1;A01
201100049276;0;1;0;;;;;A01
201100049277;0;7;0;0;0;3;15;A01
201100049277;0;2;0;0;2;1;13;B01
201100049278;0;7;0;0;1;2;16;A01
201100049279;0;1;0;0;1;7;0;A01
201100049280;0;7;0;0;1;7;15;A01
201100049281;0;7;0;0;0;7;15;A01
201100049281;0;7;0;0;0;2;16;B01
201100049282;0;7;0;0;2;2;0;A01
201100049282;0;10;0;1;2;3;0;B01
201100049283;0;7;0;0;2;1;11;A01
201100049283;0;7;0;0;2;3;1;B01
201100049284;0;7;0;1;0;0;0;E01
201100049284;0;7;0;0;2;1;0;B01
201100049284;0;7;0;0;2;8;0;C01
201100049284;0;7;0;0;2;1;0;A01
201100049285;0;7;0;0;2;1;1;B01
201100049285;0;7;0;2;2;5;15;A01
201100049286;0;7;0;0;2;2;1;A01
201100049286;0;1;0;0;0;8;1;B01
201100049287;0;30;0;0;2;2;1;B01
201100049287;0;7;0;0;2;1;15;A01
201100049288;0;7;0;15;0;7;1;A01
201100049289;0;7;0;2;0;1;0;A01
201100049290;0;2;0;0;2;1;2;A01
201100049290;0;7;0;0;2;3;19;B01
201100049291;0;10;0;0;2;8;22;A01
201100049291;0;1;0;0;2;1;1;B01
201100049292;0;10;0;0;2;3;1;A01