num_acc;senc;catv;occutc;obs;obsm;choc;manv;num_veh
201100049292;0;10;0;0;2;1;1;B01
201100049293;0;32;0;0;2;1;21;B01
201100049293;0;7;0;0;2;2;5;A01
201100049294;0;10;0;0;2;1;2;A01
201100049294;0;7;0;0;2;4;1;B01
201100049295;0;7;0;0;1;2;1;A01
201100049296;0;7;0;0;2;2;9;A01
201100049296;0;33;0;0;2;1;1;B01
201100049297;1;10;0;0;2;1;1;A01
201100049297;0;7;0;0;2;8;1;B01
201100049298;0;33;0;0;2;7;17;B01
201100049298;0;7;0;0;2;8;15;A01
201100049299;0;34;0;0;2;7;1;A01
201100049299;0;7;0;0;2;3;15;B01
201100049300;0;7;0;0;2;1;9;B01
201100049300;0;1;0;0;2;7;1;A01
201100049301;0;13;0;0;2;3;1;A01
201100049301;0;7;0;0;2;1;1;B01
201100049302;0;7;0;0;2;8;1;A01
201100049302;0;7;0;0;2;1;1;B01
201100049303;0;7;0;0;2;2;21;A01
201100049303;0;7;0;0;2;4;23;C01
201100049303;0;7;0;1;2;4;2;B01
201100049304;0;7;0;0;2;3;2;A01
201100049304;0;33;0;0;2;5;1;B01
201100049305;0;7;0;8;0;1;1;A01
201100049306;0;7;0;0;0;4;1;A01
201100049306;0;10;0;0;2;1;2;B01
201100049307;0;7;0;1;1;1;15;A01
201100049308;0;7;0;0;1;3;1;A01
201100049309;0;7;0;6;1;2;1;A01
201100049310;0;10;0;0;1;1;1;A01
201100049311;0;7;0;0;1;2;9;A01
201100049312;0;7;0;0;2;7;1;B01
201100049312;0;7;0;0;2;1;1;A01
201100049313;0;7;0;0;2;6;10;A01
201100049313;0;7;0;0;2;2;2;B01
201100049314;0;7;0;0;1;1;1;A01
201100049315;0;7;0;0;2;1;21;A01
201100049315;0;33;0;0;2;1;1;B01
201100049316;0;7;0;0;2;8;1;B01
201100049316;0;7;0;0;2;1;1;A01
201100049317;0;7;0;0;2;2;2;A01
201100049317;0;7;0;0;0;6;1;B01
201100049318;0;7;0;0;2;7;9;B01
201100049318;0;7;0;0;2;1;1;A01
201100049319;0;7;0;0;1;1;16;A01
201100049320;0;7;0;0;2;1;1;A01
201100049320;0;7;0;0;2;6;19;B01
201100049321;0;7;0;0;2;7;14;A01
201100049321;0;33;0;0;2;1;13;B01
201100049322;0;7;0;0;1;3;1;A01
201100049323;0;7;0;0;2;3;13;A01
201100049323;0;30;0;0;2;2;1;B01
201100049324;0;7;0;9;2;1;1;A01
201100049324;0;7;0;0;2;2;1;B01
201100049325;0;2;0;0;0;8;1;B01
201100049325;0;7;0;0;2;3;1;A01
201100049326;0;30;0;0;2;1;1;A01
201100049326;0;7;0;0;2;5;23;B01
201100049327;0;30;0;0;2;7;17;A01
201100049327;0;10;0;0;2;8;1;B01
201100049328;0;7;0;0;2;2;1;B01
201100049328;0;7;0;0;2;3;1;A01
201100049329;0;7;0;0;2;2;15;A01
201100049329;0;33;0;0;2;1;1;B01
201100049330;0;33;0;0;2;1;14;A01
201100049330;0;7;0;0;2;3;15;B01
201100049331;0;1;0;0;2;7;17;A01
201100049331;0;7;0;0;9;8;1;B01
201100049332;0;2;0;3;0;8;1;A01
201100049333;0;7;0;1;0;8;1;A01
201100049334;0;7;0;0;0;0;1;A01
201100049334;0;32;0;0;0;6;1;B01
201100049335;0;10;0;0;1;1;1;A01
201100049336;0;7;0;6;0;1;1;A01
201100049336;0;7;0;6;0;1;1;B01
201100049337;0;1;0;0;2;1;1;B01
201100049337;1;7;0;0;0;3;9;A01
201100049338;0;7;0;0;2;2;1;A01
201100049338;0;7;0;0;2;3;1;B01
201100049339;0;7;0;0;2;3;15;A01
201100049339;0;2;0;0;2;7;17;B01
201100049340;0;10;0;0;2;1;2;A01
201100049340;0;7;0;0;0;4;1;B01
201100049341;1;10;0;0;1;1;1;A01
201100049342;0;7;0;12;0;2;1;A01
201100049343;0;7;0;0;2;4;1;A01
201100049343;1;7;0;0;2;1;2;B01
201100049344;0;2;0;0;0;3;1;A01
201100049345;0;7;0;0;2;1;2;A01
201100049345;0;7;0;0;2;4;23;B01
201100049346;0;7;0;1;1;5;4;A01
201100049347;0;7;0;1;0;2;15;A01
201100049348;0;32;0;0;0;8;1;A01
201100049349;0;7;0;0;2;1;2;A01
201100049349;0;7;0;0;2;4;1;B01
201100049350;0;33;0;1;0;1;16;A01
201100049351;0;7;0;14;0;2;1;A01
201100049352;0;7;0;0;0;5;15;A01
201100049352;0;30;0;0;2;1;1;B01
201100049353;0;7;0;0;2;3;13;A01
201100049353;0;2;0;0;2;7;1;B01
201100049354;0;31;0;0;2;1;1;A01
201100049354;0;7;0;0;2;3;1;B01
201100049355;0;7;0;0;2;1;15;A01
201100049355;0;33;0;0;2;5;2;B01
201100049356;0;10;0;0;1;6;20;A01
201100049357;0;7;0;15;0;2;1;A01
201100049358;0;7;0;0;2;1;10;A01
201100049358;0;33;0;0;2;6;21;B01
201100049359;0;7;0;0;2;1;9;A01
201100049359;0;34;0;0;2;2;17;B01
201100049360;0;7;0;0;2;1;2;A01
201100049360;0;7;0;0;2;3;2;B01
201100049361;0;7;0;0;2;2;9;A01
201100049361;0;31;0;0;2;3;1;B01
201100049362;0;30;0;0;2;1;2;B01
201100049362;0;7;0;0;2;1;15;A01
201100049363;0;7;0;0;2;3;15;A01
201100049363;0;33;0;0;2;1;1;B01
201100049364;0;7;0;0;1;2;16;A01
201100049365;1;7;0;0;1;0;0;Z01
201100049366;0;7;0;0;2;3;1;B01
201100049366;0;7;0;0;2;3;13;A01
201100049367;0;33;0;0;0;0;1;B01
201100049367;0;10;0;0;2;0;1;A01
201100049368;0;7;0;0;1;1;1;A01
201100049369;0;7;0;0;2;1;1;B01
201100049369;0;13;0;0;2;8;10;A01
201100049370;0;7;0;8;0;1;16;A01
201100049371;0;7;0;9;0;1;16;A01
201100049372;0;7;0;0;2;2;16;A01
201100049372;0;32;0;0;2;1;18;B01
201100049373;0;7;0;0;1;1;1;A01
201100049374;0;7;0;0;1;1;1;A01
201100049375;0;1;0;0;2;1;2;A01
201100049375;0;7;0;0;2;4;1;B01
201100049376;0;7;0;0;2;4;1;B01
201100049376;0;7;0;0;2;1;2;A01
201100049377;0;7;0;0;1;1;1;A01
201100049378;0;7;0;0;2;3;1;B01
201100049378;0;7;0;0;2;1;1;A01
201100049379;0;30;0;0;2;1;1;A01
201100049379;0;7;0;0;2;5;1;B01
201100049380;0;7;0;0;2;8;1;A01
201100049380;0;30;0;0;2;1;1;B01
201100049381;0;10;0;0;1;8;1;A01
201100049382;1;30;0;0;1;1;1;A01
201100049383;0;37;1;0;1;7;20;A01
201100049384;0;7;0;0;2;2;15;A01
201100049384;0;30;0;0;2;1;1;B01
201100049385;0;7;0;0;1;2;1;A01
201100049386;0;1;0;0;2;1;1;A01
201100049386;0;13;0;0;2;7;24;B01
201100049386;0;7;0;0;2;4;1;C01
201100049387;0;13;0;0;2;1;2;A01
201100049387;0;7;0;0;2;4;1;B01
201100049388;0;7;0;0;2;7;14;A01
201100049388;0;30;0;0;2;8;1;B01
201100049389;0;2;0;0;2;1;2;A01
201100049389;0;7;0;0;2;4;1;B01
201100049390;0;7;0;0;2;1;15;A01
201100049390;0;30;0;0;2;8;1;B01
201100049391;0;7;0;0;2;1;15;A01
201100049391;0;7;0;0;2;8;1;B01
201100049392;0;32;0;10;0;1;1;A01
201100049393;0;7;0;0;2;1;9;A01
201100049393;0;31;0;0;2;4;2;B01
201100049393;0;7;0;0;2;4;1;C01
201100049394;0;7;0;0;2;1;2;A01
201100049394;0;7;0;0;2;4;1;B01
201100049395;0;7;0;0;2;8;13;A01
201100049395;0;32;0;0;2;2;3;B01
201100049396;0;32;0;3;0;1;1;A01
201100049397;0;33;0;9;0;1;1;A01
201100049398;0;10;0;0;2;1;1;A01
201100049398;0;32;0;0;2;1;1;B01
201100049399;1;7;0;0;1;1;5;A01
201100049400;0;7;0;0;1;1;1;A01
201100049401;0;38;1;0;1;1;14;A01
201100049402;0;7;0;0;1;1;1;A01
201100049403;0;7;0;0;2;3;1;A01
201100049403;0;2;0;0;2;1;1;B01
201100049404;0;7;0;0;2;1;2;A01
201100049404;0;7;0;0;2;4;1;B01
201100049405;0;7;0;0;2;4;1;A01
201100049405;0;7;0;0;2;1;1;B01
201100049405;0;7;0;0;2;1;2;C01
201100049406;0;7;0;0;2;1;16;A01
201100049406;0;1;0;0;2;4;1;B01
201100049407;0;7;0;0;2;1;1;A01
201100049407;0;7;0;0;2;1;1;B01
201100049408;0;7;0;0;2;2;1;A01
201100049408;0;7;0;0;2;1;0;B01
201100049409;0;7;0;0;1;1;15;A01
201100049410;0;7;0;0;2;1;1;A01
201100049410;0;7;0;0;2;1;1;B01
201100049411;0;3;0;0;2;1;1;B01
201100049411;0;10;0;0;2;1;17;A01
201100049412;0;7;0;0;1;1;15;A01
201100049413;0;7;0;0;2;6;10;A01
201100049413;0;30;0;0;2;1;1;B01
201100049414;0;7;0;0;2;7;17;B01
201100049414;0;7;0;0;2;8;11;A01
201100049415;0;7;0;0;1;1;1;A01
201100049416;0;37;3;0;1;5;1;A01
201100049417;0;7;0;1;2;4;2;C01
201100049417;2;7;0;1;2;1;2;Z01
201100049417;0;7;0;1;2;6;1;B01
201100049418;0;7;0;0;2;6;1;A01
201100049418;0;7;0;0;2;5;1;B01
201100049419;0;7;0;0;2;5;12;A01
201100049419;0;37;1;0;2;3;7;B01
201100049420;0;7;0;0;2;8;1;B01
201100049420;0;33;0;0;2;1;1;A01
201100049421;0;15;0;0;2;3;1;B01
201100049421;0;10;0;0;2;2;5;A01
201100049422;0;32;0;0;2;7;3;A01
201100049422;0;7;0;0;2;3;13;B01
201100049423;0;7;0;0;2;1;15;A01
201100049423;0;7;0;8;2;8;1;B01
201100049424;0;14;0;0;1;2;1;A01
201100049425;0;7;0;0;2;2;14;A01
201100049425;0;31;0;0;2;3;1;B01
201100049426;0;7;0;0;2;4;1;B01
201100049426;0;7;0;0;2;1;2;A01
201100049427;2;7;0;0;1;1;1;Z01
201100049428;0;34;0;0;2;1;1;B01
201100049428;0;7;0;0;2;8;10;A01
201100049429;0;7;0;0;2;4;1;C01
201100049429;0;7;0;0;2;9;2;B01
201100049429;0;7;0;0;2;1;2;A01
201100049429;0;7;0;0;2;8;23;D01
201100049430;0;7;0;0;2;1;1;A01
201100049430;0;7;0;0;2;8;1;B01
201100049431;0;33;0;0;2;1;1;B01
201100049431;0;10;0;0;2;2;9;A01
201100049432;0;7;0;0;2;1;1;B01
201100049432;0;7;0;0;2;7;15;A01
201100049433;0;15;0;0;2;1;1;A01
201100049433;0;2;0;0;2;7;9;B01
201100049434;1;7;0;0;0;0;0;A01
201100049434;2;30;0;0;0;0;0;B01
201100049435;0;7;0;0;0;4;23;B01
201100049435;0;7;0;0;2;1;2;A01
201100049435;0;7;0;0;0;4;23;C01
201100049436;0;7;0;2;0;6;1;A01
201100049437;0;7;0;0;0;0;0;A01
201100049438;0;34;0;0;1;1;1;A01
201100049439;0;7;0;0;0;4;1;C01
201100049439;0;7;0;0;2;4;1;B01
201100049439;0;7;0;0;0;1;21;A01
201100049440;1;7;0;0;1;1;1;Z01
201100049441;1;99;0;0;2;1;2;Z01
201100049441;0;7;0;0;2;4;1;B01
201100049442;0;7;0;9;0;3;5;C01
201100049442;0;7;0;9;2;1;1;A01
201100049442;0;7;0;0;2;8;1;B01
201100049443;0;37;1;0;1;1;1;A01
201100049444;0;33;0;0;2;8;1;A01
201100049444;0;7;0;0;2;2;12;B01
201100049445;1;7;0;0;1;1;1;Z01
201100049446;0;7;0;0;1;2;1;A01
201100049447;0;7;0;0;2;8;15;A01
201100049447;0;34;0;12;2;7;17;B01
201100049448;0;7;0;0;1;1;1;A01
201100049449;0;7;0;0;2;1;1;B01
201100049449;0;7;0;8;2;1;1;A01
201100049450;2;30;0;0;2;1;21;A01
201100049450;0;7;0;0;2;2;1;B01
201100049451;0;10;0;;2;3;10;A01
201100049451;2;33;0;1;1;1;1;B01
201100049452;0;7;0;0;2;1;1;B01
201100049452;0;7;0;0;2;5;1;A01
201100049453;0;10;0;0;1;1;1;A01
201100049454;0;10;0;0;2;8;22;A01
201100049454;0;37;2;0;2;7;17;B01
201100049455;0;7;0;0;2;1;13;A01
201100049455;0;7;0;1;0;4;24;C01
201100049455;0;32;0;0;2;8;1;B01
201100049456;0;7;0;0;2;4;1;C01
201100049456;0;7;0;0;2;4;1;B01
201100049456;0;7;0;0;2;1;2;A01
201100049457;1;7;0;0;0;0;13;Z01
201100049457;0;33;0;0;0;7;21;B01
201100049458;0;32;0;0;2;5;1;A01
201100049458;0;7;0;0;2;8;16;B01
201100049459;0;30;0;0;2;1;1;B01
201100049459;0;7;0;0;2;2;12;A01
201100049460;0;7;0;0;1;3;1;A01
201100049461;0;7;0;8;0;1;1;A01
201100049462;0;7;0;0;2;1;2;A01
201100049462;0;7;0;0;2;4;2;B01
201100049462;0;7;0;0;2;4;1;C01
201100049463;0;7;0;0;2;2;1;A01
201100049463;0;7;0;0;2;5;15;B01
201100049464;0;10;0;0;2;8;10;A01
201100049464;0;7;0;0;2;1;2;B01
201100049465;0;7;0;0;1;2;1;A01
201100049466;0;7;0;0;1;1;1;A01
201100049467;0;32;0;16;0;1;1;A01
201100049468;1;7;0;0;1;1;1;Z01
201100049469;0;37;1;0;1;1;1;A01
201100049470;1;31;0;0;1;0;13;Z01
201100049471;0;10;0;0;1;1;1;A01
201100049472;0;13;0;0;2;2;16;A01
201100049472;0;32;0;0;2;1;18;B01
201100049473;0;7;0;0;1;3;1;A01
201100049474;0;34;0;0;2;8;1;B01
201100049474;2;7;0;0;2;3;9;A01
201100049475;0;1;0;0;2;4;3;A01
201100049475;0;7;0;0;2;1;1;B01
201100049476;0;30;0;0;1;1;1;A01
201100049477;0;7;0;0;2;2;1;A01
201100049477;0;7;0;0;2;1;1;B01
201100049478;0;7;0;0;2;1;1;B01
201100049478;0;7;0;0;2;3;1;A01
201100049479;1;7;0;0;1;0;1;Z01
201100049480;0;7;0;7;0;1;1;A01
201100049481;0;3;0;1;0;2;1;A01
201100049482;0;7;0;0;1;3;1;A01
201100049483;0;7;0;0;2;1;2;A01
201100049483;0;7;0;0;2;6;1;B01
201100049484;0;7;0;0;1;3;1;A01
201100049485;0;7;0;0;2;7;1;B01
201100049485;0;7;0;0;2;3;9;A01
201100049486;0;7;0;12;2;1;1;A01
201100049486;0;7;0;0;2;1;1;B01
201100049487;1;7;0;0;1;4;4;Z01
201100049488;0;7;0;0;2;1;1;A01
201100049488;0;13;0;0;2;6;23;B01
201100049489;0;7;0;0;1;1;1;A01
201100049490;0;7;0;0;1;1;1;A01
201100049491;0;7;0;0;2;2;5;A01
201100049491;0;7;0;0;2;1;1;B01
201100049492;0;7;0;0;1;7;1;A01
201100049493;0;10;0;0;0;3;0;A01
201100049493;0;7;0;0;0;3;0;B01
201100049494;0;7;0;6;2;1;6;A01
201100049494;0;7;0;0;2;1;1;B01
201100049495;0;7;0;0;2;1;0;A01
201100049495;0;7;0;0;0;9;0;B01
201100049496;0;7;0;0;0;0;0;A01
201100049496;0;7;0;0;0;0;0;B01
201100049497;0;7;0;0;2;7;15;A01
201100049497;0;7;0;0;2;1;1;B01
201100049498;0;7;0;0;2;5;12;A01
201100049498;0;31;0;0;2;1;1;B01
201100049499;0;7;0;2;0;9;1;A01
201100049500;0;7;0;0;2;4;1;A01
201100049500;0;7;0;0;2;1;2;B01
201100049501;0;7;0;0;2;7;15;A01
201100049501;0;7;0;0;2;1;1;B01
201100049502;0;7;0;0;1;3;1;A01
201100049503;0;7;0;0;0;3;1;A01
201100049503;0;99;0;0;2;1;1;B01
201100049504;0;7;0;0;2;2;12;A01
201100049504;0;7;0;0;2;6;1;B01
201100049505;0;7;0;0;2;4;1;B01
201100049505;0;7;0;0;2;1;2;A01
201100049506;0;7;0;0;2;3;15;A01
201100049506;0;31;0;0;2;7;17;B01
201100049507;0;7;0;0;1;1;1;A01
201100049508;0;31;0;0;2;2;17;A01
201100049508;0;7;0;0;2;3;15;B01
201100049509;0;7;0;0;2;6;10;A01
201100049509;0;7;0;0;2;1;1;B01
201100049510;0;7;0;0;2;1;1;A01
201100049510;0;7;0;0;2;2;12;B01
201100049511;0;30;0;0;2;2;1;A01
201100049511;0;10;0;0;0;3;1;B01
201100049512;0;2;0;0;2;3;10;A01
201100049512;0;7;0;0;2;1;1;B01
201100049513;0;7;0;0;1;7;1;A01
201100049514;0;7;0;0;1;8;7;A01
201100049515;0;7;0;0;2;1;5;A01
201100049515;0;7;0;0;2;3;10;B01
201100049516;0;10;0;0;2;3;15;A01
201100049516;0;7;0;0;2;1;1;B01
201100049517;0;7;0;0;1;1;1;A01
201100049518;0;10;0;0;2;8;1;A01
201100049518;0;10;0;0;2;1;1;B01
201100049519;0;7;0;0;2;5;12;A01
201100049519;0;37;5;0;0;1;1;B01
201100049520;0;7;0;0;0;1;1;A01
201100049520;0;7;0;0;0;1;1;B01
201100049521;0;7;0;0;0;3;15;A01
201100049521;0;31;0;0;0;2;17;B01
201100049522;0;31;0;0;2;8;23;B01
201100049522;0;7;0;0;2;8;23;C01
201100049522;1;7;0;0;2;2;16;Z01
201100049523;0;7;0;0;2;6;11;A01
201100049523;0;30;0;0;2;8;1;B01
201100049523;0;30;0;0;2;8;1;C01
201100049524;0;7;0;0;1;2;1;A01
201100049525;0;33;0;8;0;8;1;A01
201100049526;0;7;0;0;2;1;1;A01
201100049526;0;7;0;0;2;3;16;B01
201100049527;0;7;0;0;2;4;1;A01
201100049527;0;7;0;0;2;1;2;B01
201100049528;0;7;0;0;2;1;1;A01
201100049528;0;20;0;0;2;3;1;B01
201100049529;0;7;0;0;2;3;1;A01
201100049529;0;7;0;0;2;7;17;B01
201100049530;0;34;0;0;2;8;1;A01
201100049530;0;7;0;0;2;2;12;B01
201100049531;0;34;0;0;2;1;1;A01
201100049531;0;7;0;0;2;2;1;B01
201100049532;0;1;0;0;2;4;1;A01
201100049532;0;7;0;0;2;1;21;B01
201100049533;0;7;0;0;2;1;1;A01
201100049533;0;99;0;0;1;4;1;B01
201100049534;0;7;0;0;1;1;1;A01
201100049535;0;30;0;0;2;7;3;B01
201100049535;0;7;0;0;2;1;9;A01
201100049536;0;7;0;0;2;3;1;A01
201100049536;0;34;0;0;2;1;1;B01
201100049537;0;30;0;0;1;1;1;A01
201100049538;0;7;0;0;1;1;1;A01
201100049539;0;31;0;0;2;1;21;A01
201100049539;0;7;0;0;0;6;1;B01
201100049540;0;7;0;0;2;3;1;A01
201100049540;0;7;0;0;2;3;1;B01
201100049541;0;7;0;0;1;3;7;A01
201100049542;0;7;0;0;2;1;2;A01
201100049542;0;7;0;0;2;4;1;B01
201100049543;0;7;0;0;1;1;16;A01
201100049544;1;7;0;0;1;1;1;Z01
201100049545;0;34;0;0;2;1;1;A01
201100049545;0;7;0;0;2;2;1;B01
201100049546;0;33;0;0;2;3;1;A01
201100049546;0;1;0;0;2;2;1;B01
201100049547;0;7;0;0;1;2;1;A01
201100049548;0;33;0;0;2;2;1;A01
201100049548;0;7;0;0;2;6;1;B01
201100049549;0;32;0;0;2;1;2;B01
201100049549;0;7;0;0;2;0;0;A01
201100049550;0;33;0;0;2;2;17;A01
201100049550;0;7;0;0;2;3;1;B01
201100049551;0;7;0;0;2;1;1;A01
201100049551;0;7;0;0;2;3;1;B01
201100049552;0;32;0;0;2;1;1;A01
201100049552;0;7;0;0;2;6;1;B01
201100049552;0;7;0;0;2;7;1;C01
201100049553;0;7;0;0;2;3;1;B01
201100049553;0;7;0;0;2;1;1;A01
201100049554;0;2;0;0;0;7;1;B01
201100049554;1;7;0;0;0;0;17;Z01
201100049555;0;32;0;0;2;1;5;A01
201100049555;0;7;0;0;2;3;10;B01
201100049556;0;7;0;0;2;6;13;A01
201100049556;0;14;0;0;2;2;15;B01
201100049557;0;7;0;0;1;1;1;A01
201100049558;0;7;0;0;2;3;1;B01
201100049558;0;7;0;0;2;2;1;A01
201100049559;0;7;0;0;2;1;2;A01
201100049559;0;7;0;0;2;4;1;B01
201100049560;1;30;0;0;2;1;15;A01
201100049560;0;1;0;0;2;1;1;B01
201100049561;0;7;0;0;2;5;2;A01
201100049561;0;32;0;0;2;3;3;B01
201100049562;0;30;0;0;1;7;14;A01
201100049563;0;37;1;0;9;2;1;B01
201100049563;0;1;0;0;2;1;1;A01
201100049564;0;7;0;0;0;6;4;A01
201100049564;0;33;0;0;0;1;21;B01
201100049565;1;30;0;0;0;0;0;A01
201100049566;0;2;0;0;2;1;1;A01
201100049566;0;7;0;0;0;8;22;B01
201100049567;2;7;0;0;2;1;2;A01
201100049567;0;7;0;0;2;4;2;B01
201100049567;0;7;0;0;0;4;2;C01
201100049568;0;7;0;0;2;1;1;B01
201100049568;0;7;0;0;0;7;1;A01
201100049569;0;2;0;0;1;1;1;A01
201100049570;0;7;0;0;1;4;4;A01
201100049571;0;7;0;0;2;8;1;A01
201100049571;0;10;0;0;2;7;14;B01
201100049572;0;7;0;0;2;1;0;B01
201100049572;0;7;0;0;2;5;1;A01
201100049573;0;7;0;1;0;2;2;A01
201100049573;0;7;0;0;1;4;1;B01
201100049574;0;7;0;0;1;1;1;A01
201100049575;0;30;0;0;0;3;1;A01
201100049575;0;7;0;0;0;2;1;B01
201100049576;0;7;0;9;0;3;1;A01
201100049577;0;7;0;0;0;4;1;A01
201100049577;0;7;0;0;0;1;2;B01
201100049578;0;34;0;0;2;1;1;A01
201100049578;0;7;0;0;2;6;1;B01
201100049579;0;7;0;0;2;2;1;B01
201100049579;0;14;0;0;2;8;1;C01
201100049579;1;7;0;0;2;3;9;Z01
201100049580;0;7;0;9;0;1;1;A01
201100049581;0;7;0;0;2;3;9;A01
201100049581;0;30;0;0;2;1;1;B01
201100049582;0;37;1;2;0;3;13;A01
201100049583;0;10;0;0;0;0;0;A01
201100049583;0;10;0;0;0;0;0;B01
201100049584;0;33;0;0;0;6;11;A01
201100049584;0;10;0;0;0;1;2;B01
201100049585;0;7;0;0;2;1;2;A01
201100049585;0;7;0;0;2;9;1;B01
201100049585;0;33;0;0;2;4;1;C01
201100049586;0;7;0;0;2;2;16;A01
201100049586;0;1;0;0;0;3;1;B01
201100049587;2;30;0;1;0;1;1;A01
201100049588;0;30;0;0;2;1;2;A01
201100049588;0;10;0;0;2;6;2;B01
201100049588;0;15;0;0;2;1;1;C01
201100049589;0;2;0;0;2;1;17;B01
201100049589;1;7;0;0;1;8;22;Z01
201100049590;0;7;0;8;2;7;1;B01
201100049590;0;7;0;0;2;1;1;A01
201100049591;0;7;0;0;2;1;2;A01
201100049591;0;7;0;0;0;6;1;B01
201100049592;0;7;0;0;1;2;1;A01
201100049593;0;99;0;0;0;4;4;A01
201100049594;0;7;0;14;0;3;1;A01
201100049595;0;7;0;0;2;1;1;A01
201100049595;0;7;0;0;2;3;1;B01
201100049596;0;10;0;0;1;1;1;A01
201100049597;0;32;0;0;1;2;1;A01
201100049598;0;1;0;0;1;1;1;A01
201100049599;0;30;0;0;2;3;1;B01
201100049599;0;7;0;0;2;8;1;C01
201100049599;1;99;0;0;0;0;1;Z01
201100049600;0;7;0;0;1;1;1;A01
201100049601;0;33;0;0;2;2;21;A01
201100049601;0;7;0;0;2;3;15;B01
201100049602;0;37;1;0;1;1;1;A01
201100049603;2;7;0;0;1;1;1;Z01
201100049604;0;7;0;0;2;3;10;A01
201100049604;0;7;0;0;2;7;1;B01
201100049605;0;32;0;0;2;8;9;A01
201100049605;0;7;0;0;2;1;1;B01
201100049606;0;7;0;0;2;5;16;A01
201100049606;0;32;0;0;2;2;1;B01
201100049607;0;7;0;0;2;2;1;A01
201100049607;0;33;0;0;2;3;1;B01
201100049608;0;7;0;0;2;1;15;A01
201100049608;0;7;0;0;2;3;1;B01
201100049609;0;7;0;0;2;7;1;A01
201100049609;0;7;0;0;2;1;1;B01
201100049610;0;7;0;0;1;1;1;A01
201100049611;0;7;0;0;2;3;10;A01
201100049611;0;7;0;0;2;2;1;B01
201100049612;0;33;0;0;2;1;1;A01
201100049612;0;7;0;0;2;8;1;B01
201100049613;2;33;0;0;1;1;1;A01
201100049614;0;7;0;0;1;2;1;A01
201100049615;0;7;0;0;2;4;1;B01
201100049615;0;7;0;0;2;4;1;C01
201100049615;0;7;0;0;2;1;2;Z01
201100049616;0;7;0;0;2;7;1;A01
201100049616;0;1;0;0;2;3;1;B01
201100049617;2;7;0;0;1;1;17;A01
201100049618;0;33;0;0;2;1;1;A01
201100049618;0;7;0;0;2;3;1;B01
201100049619;0;7;0;0;2;1;1;B01
201100049619;2;7;0;0;2;1;5;Z01
201100049620;1;7;0;0;1;2;1;A01
201100049621;0;10;0;0;2;7;12;A01
201100049621;0;30;0;0;2;8;1;B01
201100049622;0;7;0;0;0;2;1;A01
201100049622;1;2;0;0;0;1;1;Z01
201100049623;0;7;0;0;1;3;1;A01
201100049624;0;7;0;0;2;3;10;A01
201100049624;0;32;0;0;2;1;17;B01
201100049625;1;7;0;0;1;1;1;Z01
201100049626;0;99;0;0;2;1;1;A01
201100049626;0;7;0;0;2;8;1;B01
201100049627;0;7;0;0;2;8;1;A01
201100049627;0;33;0;0;2;9;17;B01
201100049628;0;7;0;0;1;8;1;A01
201100049629;0;7;0;0;1;1;1;A01
201100049630;0;7;0;0;1;1;1;A01
201100049631;0;30;0;0;2;7;1;A01
201100049631;0;7;0;0;2;2;1;B01
201100049632;0;7;0;0;2;8;1;A01
201100049632;1;7;0;0;2;8;1;B01
201100049633;0;7;0;0;2;1;2;A01
201100049633;0;7;0;0;2;6;1;B01
201100049634;0;7;0;0;2;1;2;A01
201100049634;0;7;0;0;2;1;2;B01
201100049634;0;7;0;0;2;4;1;C01
201100049635;0;7;0;0;2;2;10;A01
201100049635;1;7;0;;2;1;1;A02
201100049636;0;7;0;0;1;7;1;A01
201100049637;0;32;0;0;2;3;17;A01
201100049637;0;7;0;0;2;6;15;B01
201100049638;0;7;0;0;2;4;1;A01
201100049638;0;32;0;0;2;1;2;B01
201100049639;0;7;0;1;0;7;1;A01
201100049640;0;10;0;0;2;1;19;A01
201100049640;0;7;0;0;2;8;19;B01
201100049641;0;7;0;0;2;6;1;A01
201100049641;2;7;0;0;2;1;2;Z01
201100049642;0;7;0;0;2;1;2;A01
201100049642;0;7;0;0;2;4;1;B01
201100049643;0;7;0;0;2;8;1;B01
201100049643;0;1;0;0;2;1;19;A01
201100049644;0;33;0;0;2;1;2;A01
201100049644;0;7;0;0;2;6;1;B01
201100049645;0;7;0;0;1;8;7;A01
201100049646;0;7;0;0;2;1;2;A01
201100049646;0;7;0;0;2;4;2;B01
201100049646;0;7;0;0;2;4;2;C01
201100049647;0;7;0;0;2;3;10;A01
201100049647;0;32;0;0;2;1;2;B01
201100049648;0;7;0;0;1;1;1;A01
201100049649;0;3;0;0;2;1;1;B01
201100049649;0;7;0;0;2;1;15;A01
201100049650;0;10;0;0;2;3;9;A01
201100049650;0;3;0;0;2;1;1;B01
201100049651;0;7;0;0;1;4;1;A01
201100049652;0;7;0;0;1;1;15;A01
201100049653;1;2;0;0;1;0;0;A01
201100049654;0;10;0;0;0;4;2;B01
201100049654;0;30;0;1;0;1;2;A01
201100049655;0;7;0;0;2;7;1;A01
201100049655;0;10;0;0;2;1;1;B01
201100049656;0;7;0;11;0;1;1;A01
201100049657;0;7;0;0;1;2;16;A01
201100049658;0;7;0;0;1;1;1;A01
201100049659;0;7;0;2;0;1;14;A01
201100049660;0;7;0;0;2;8;0;A01
201100049660;0;7;0;0;0;0;0;B01
201100049661;0;7;0;15;0;3;2;A01
201100049661;0;7;0;0;2;3;1;B01
201100049662;0;7;0;0;1;1;2;A01
201100049663;0;10;0;0;2;1;1;A01
201100049663;0;7;0;0;2;4;21;B01
201100049664;0;7;0;0;0;0;0;B01