num_acc;senc;catv;occutc;obs;obsm;choc;manv;num_veh
201100049664;0;7;0;0;0;2;15;A01
201100049665;0;7;0;0;1;1;1;A01
201100049666;0;34;0;0;2;5;12;B01
201100049666;0;14;0;0;2;3;2;A01
201100049667;0;7;0;0;1;1;0;A01
201100049668;0;7;0;12;0;1;11;A01
201100049669;1;30;0;0;1;0;0;Z01
201100049670;0;30;0;0;2;7;0;A01
201100049670;0;7;0;0;0;2;0;B01
201100049671;0;34;0;0;0;0;0;B01
201100049671;0;7;0;0;0;0;0;A01
201100049672;0;37;10;0;2;2;1;B01
201100049672;0;7;0;0;2;3;9;A01
201100049673;0;7;0;0;1;1;1;A01
201100049674;0;7;0;11;0;1;1;A01
201100049675;0;30;0;1;2;1;1;B01
201100049675;0;7;0;0;2;1;1;A01
201100049676;0;7;0;0;2;3;10;A01
201100049676;0;32;0;0;2;7;17;B01
201100049677;0;7;0;0;2;1;2;A01
201100049677;0;7;0;0;2;4;1;B01
201100049678;0;7;0;0;1;3;1;A01
201100049679;0;7;0;0;2;1;1;A01
201100049679;1;7;0;0;2;3;1;B01
201100049680;2;99;0;0;0;6;1;B01
201100049680;0;34;0;0;2;2;3;A01
201100049681;0;30;0;0;2;3;1;B01
201100049681;0;7;0;0;2;3;1;A01
201100049682;0;2;0;0;0;1;1;B01
201100049682;0;7;0;0;0;3;9;A01
201100049683;0;30;0;0;2;1;1;B01
201100049683;0;7;0;0;2;8;9;A01
201100049684;0;10;0;0;0;3;15;A02
201100049684;0;7;0;0;2;3;1;B01
201100049685;0;32;0;0;2;1;1;B01
201100049685;1;7;0;0;2;8;10;A01
201100049686;0;7;0;0;2;2;15;A01
201100049686;0;31;0;0;2;1;1;B01
201100049687;0;7;0;0;1;4;1;A01
201100049688;2;7;0;8;2;1;2;A01
201100049688;0;7;0;0;2;4;23;B01
201100049689;0;7;0;0;2;1;2;C01
201100049689;0;7;0;0;2;1;1;B01
201100049689;0;7;0;0;2;1;5;A01
201100049690;0;7;0;0;2;3;2;A01
201100049690;0;1;0;1;2;4;1;B02
201100049691;0;31;0;1;2;1;1;A01
201100049691;0;2;0;0;2;3;9;B01
201100049692;0;34;0;0;2;1;21;B01
201100049692;0;7;0;0;2;3;10;A01
201100049693;0;32;0;0;2;7;17;A01
201100049693;0;7;0;0;2;3;17;B01
201100049694;0;33;0;0;2;1;1;B01
201100049694;0;7;0;0;2;3;15;A01
201100049695;0;7;0;0;2;3;10;A01
201100049695;0;31;0;0;2;1;1;B01
201100049696;0;33;0;0;1;2;13;A01
201100049697;0;7;0;1;2;5;11;B01
201100049697;0;33;0;0;2;1;2;A01
201100049698;0;7;0;0;1;7;1;A01
201100049699;0;7;0;0;2;6;1;A01
201100049699;0;30;0;0;2;8;1;B01
201100049700;0;7;0;0;2;8;1;B02
201100049700;0;7;0;0;0;1;1;A01
201100049701;0;7;0;0;2;1;6;A01
201100049701;0;33;0;0;2;1;17;B01
201100049702;0;7;0;0;0;3;15;A01
201100049702;0;32;0;0;2;9;1;B01
201100049703;0;32;0;0;1;1;1;A01
201100049704;0;7;0;0;2;3;10;A01
201100049704;0;33;0;0;2;7;1;B01
201100049705;0;2;0;0;2;1;8;A01
201100049705;0;7;0;14;2;1;15;B01
201100049706;0;7;0;12;1;4;4;A01
201100049707;0;33;0;0;2;1;1;A01
201100049707;0;7;0;0;2;2;9;B01
201100049708;0;32;0;0;2;1;18;A01
201100049708;0;7;0;0;2;3;16;B01
201100049709;0;2;0;0;2;8;13;A01
201100049709;0;7;0;0;2;1;1;B01
201100049710;0;7;0;0;0;2;1;A01
201100049710;0;33;0;0;2;8;11;B01
201100049711;0;7;0;0;1;1;1;A01
201100049712;1;30;0;0;1;3;1;A01
201100049713;0;7;0;0;2;3;15;A01
201100049713;0;31;0;0;2;6;1;B01
201100049714;0;7;0;0;2;8;1;A01
201100049714;0;32;0;1;0;7;1;B01
201100049715;0;7;0;0;0;0;10;A01
201100049715;0;32;0;1;0;7;20;B01
201100049716;0;33;0;0;1;1;1;A01
201100049717;0;10;0;0;2;3;9;A01
201100049717;0;33;0;0;2;1;1;B01
201100049718;0;7;0;0;2;3;1;A01
201100049718;0;32;0;0;2;1;17;B01
201100049719;0;7;0;14;0;3;1;A01
201100049720;0;7;0;0;2;3;2;A01
201100049720;0;30;0;0;2;4;15;B01
201100049721;0;33;0;0;2;7;9;A01
201100049721;0;7;0;0;2;1;1;B01
201100049722;0;7;0;0;0;8;10;A01
201100049722;0;33;0;0;0;1;1;B01
201100049723;0;30;0;1;0;1;5;A01
201100049723;0;7;0;0;2;1;23;B01
201100049724;0;30;0;0;2;1;18;A01
201100049724;0;7;0;0;2;2;22;B01
201100049725;0;7;0;0;1;1;15;A01
201100049726;0;14;0;0;2;1;2;A01
201100049726;0;7;0;0;0;4;1;B01
201100049727;0;10;0;0;2;1;1;B01
201100049727;0;7;0;0;2;5;1;A01
201100049728;0;7;0;0;1;1;1;A01
201100049729;0;7;0;0;0;8;11;A01
201100049729;0;2;0;0;0;1;11;B01
201100049730;0;2;0;0;2;7;1;A01
201100049730;0;7;0;0;2;2;1;B01
201100049731;0;7;0;0;2;3;10;A01
201100049731;0;33;0;0;2;1;3;B01
201100049732;0;10;0;0;1;4;4;A01
201100049733;0;7;0;0;1;1;1;A01
201100049734;0;31;0;0;2;4;1;A01
201100049734;0;7;0;0;2;1;2;B01
201100049735;0;30;0;0;1;7;1;A01
201100049736;0;7;0;0;1;1;1;A01
201100049737;0;7;0;0;2;1;15;A01
201100049737;0;30;0;0;2;1;1;B01
201100049738;0;10;0;0;0;1;11;A01
201100049738;0;32;0;0;2;8;1;B01
201100049739;0;7;0;0;1;1;1;A01
201100049740;0;7;0;0;1;5;4;A01
201100049741;0;7;0;0;9;2;2;A01
201100049741;0;1;0;0;2;6;1;B01
201100049742;0;33;0;0;2;1;2;A01
201100049742;0;7;0;0;2;3;2;B01
201100049742;0;13;0;0;2;3;5;C01
201100049743;0;7;0;0;2;2;2;A01
201100049743;0;30;0;0;2;4;1;B01
201100049744;0;7;0;0;2;1;2;A01
201100049744;0;30;0;0;2;1;2;B01
201100049744;0;7;0;0;2;4;1;C01
201100049745;0;33;0;3;0;1;1;A01
201100049746;0;7;0;0;1;7;1;A01
201100049747;0;7;0;0;2;5;10;A01
201100049747;0;33;0;0;2;1;1;B01
201100049748;0;10;0;0;9;3;22;A01
201100049748;0;1;0;1;0;1;1;B01
201100049749;1;35;0;0;1;4;4;A01
201100049750;0;7;0;0;1;1;1;A01
201100049751;1;7;0;0;1;3;1;A01
201100049752;0;34;0;0;0;7;0;B01
201100049752;0;10;0;0;2;3;0;A01
201100049753;0;2;0;0;0;1;17;B01
201100049753;0;99;0;0;0;8;15;A01
201100049754;0;30;0;0;1;1;1;B01
201100049755;0;7;0;0;1;3;1;A01
201100049756;0;7;0;0;2;5;15;A01
201100049756;0;34;0;0;2;1;1;B01
201100049757;0;7;0;0;1;1;9;A01
201100049758;0;7;0;0;1;3;1;A01
201100049759;0;7;0;0;1;1;1;A01
201100049760;0;7;0;0;2;8;0;A01
201100049760;0;34;0;0;2;8;0;B01
201100049761;0;7;0;0;0;0;0;A01
201100049761;0;7;0;0;0;3;0;B01
201100049762;0;30;0;0;1;1;1;A01
201100049763;0;34;0;0;2;1;1;B01
201100049763;0;7;0;0;2;1;15;A01
201100049764;0;7;0;0;2;7;1;B01
201100049764;0;7;0;0;2;8;1;A01
201100049765;0;7;0;0;0;6;23;B01
201100049765;0;13;0;0;2;2;12;A01
201100049766;0;14;0;0;2;2;16;A01
201100049766;0;1;0;0;2;8;16;B01
201100049767;0;32;0;0;2;3;1;B01
201100049767;0;7;0;0;2;1;15;A01
201100049768;1;7;0;0;2;1;2;A01
201100049768;0;7;0;0;2;6;1;B01
201100049769;0;33;0;0;2;2;1;B01
201100049769;1;7;0;0;2;0;1;Z01
201100049770;0;30;0;0;2;3;3;A01
201100049770;0;7;0;0;2;7;1;B01
201100049771;1;7;0;0;1;3;1;Y01
201100049772;0;7;0;8;2;1;1;A01
201100049772;0;1;0;0;2;1;1;B01
201100049773;0;7;0;0;2;2;5;A01
201100049773;0;13;0;0;2;2;1;B01
201100049774;0;10;0;0;1;4;4;A01
201100049775;0;7;0;0;1;4;21;A01
201100049775;0;7;0;0;2;1;2;B01
201100049775;0;7;0;0;2;1;2;C01
201100049776;0;7;0;0;2;1;5;A01
201100049776;0;7;0;0;2;1;1;B01
201100049777;0;7;0;0;2;3;9;A01
201100049777;0;14;0;0;2;2;1;B01
201100049778;0;7;0;0;1;8;1;A01
201100049779;0;7;0;0;2;1;2;A01
201100049779;0;13;0;0;2;4;1;B01
201100049780;0;7;0;9;0;1;1;A01
201100049781;0;7;0;12;1;2;1;A01
201100049781;0;7;0;0;0;6;1;B01
201100049782;0;7;0;0;0;9;1;A01
201100049783;0;10;0;0;1;3;1;A01
201100049784;0;7;0;0;2;7;15;B01
201100049784;1;7;0;0;2;1;8;A01
201100049785;0;7;0;0;2;2;9;A01
201100049785;0;34;0;0;2;1;1;B01
201100049785;0;7;0;1;2;6;24;C01
201100049786;0;34;0;0;2;1;5;A01
201100049786;0;7;0;0;2;3;11;B01
201100049786;0;7;0;0;2;8;1;C01
201100049787;0;34;0;0;2;3;9;A01
201100049787;0;15;0;0;2;2;1;B01
201100049788;0;7;0;9;2;1;15;A01
201100049788;0;7;0;9;2;8;1;B01
201100049789;0;34;0;0;2;9;15;A01
201100049789;0;7;0;0;2;1;1;B01
201100049790;0;7;0;0;1;7;1;A01
201100049791;0;13;0;0;2;3;1;A01
201100049791;0;31;0;0;0;5;1;B01
201100049792;0;7;0;0;2;3;12;A01
201100049792;0;37;30;0;2;2;15;B01
201100049793;0;7;0;0;2;1;2;A01
201100049793;0;7;0;0;2;4;1;B01
201100049794;0;32;0;0;2;8;18;A01
201100049794;1;7;0;0;2;5;1;B01
201100049795;0;7;0;1;0;2;1;A01
201100049796;0;7;0;0;2;8;10;A01
201100049796;0;7;0;0;2;2;1;B01
201100049797;1;7;0;0;2;2;1;A01
201100049797;0;30;0;0;2;3;18;B01
201100049798;1;30;0;0;1;1;1;A01
201100049799;0;17;0;0;2;2;1;A01
201100049799;0;7;0;0;2;1;1;B01
201100049800;0;7;0;9;2;2;2;A01
201100049800;0;14;0;0;2;6;1;B01
201100049801;0;7;0;0;1;1;1;A01
201100049802;0;7;0;0;2;2;15;A01
201100049802;0;34;0;0;2;1;1;B01
201100049803;0;7;0;0;2;1;7;A01
201100049803;0;7;0;0;2;7;14;B01
201100049803;0;7;0;0;2;2;23;C01
201100049803;0;7;0;0;2;5;23;D01
201100049803;0;7;0;0;2;4;1;E01
201100049804;1;2;0;1;0;1;1;A01
201100049805;0;10;0;0;1;1;1;A01
201100049806;0;32;0;0;2;2;17;A01
201100049806;0;7;0;0;2;3;10;B01
201100049807;0;7;0;0;1;3;15;A01
201100049808;0;7;0;0;0;1;1;A01
201100049808;0;7;0;0;2;1;1;B01
201100049809;0;7;0;0;1;2;11;A01
201100049810;0;7;0;0;1;8;15;A01
201100049811;0;7;0;15;2;1;2;A01
201100049811;0;7;0;15;2;5;1;B01
201100049812;1;7;0;1;1;3;1;Z01
201100049813;0;3;0;0;1;1;1;A01
201100049814;0;7;0;0;0;1;2;A01
201100049814;0;7;0;0;9;4;23;B01
201100049815;0;3;0;1;2;3;1;A01
201100049816;0;7;0;0;1;1;1;A01
201100049817;0;7;0;0;2;4;1;B01
201100049817;0;7;0;0;2;1;2;A01
201100049818;0;7;0;0;0;1;1;A01
201100049819;0;7;0;0;1;7;1;A01
201100049820;1;7;0;0;1;1;7;A01
201100049821;0;7;0;0;1;1;1;A01
201100049822;0;7;0;8;0;2;1;A01
201100049823;0;7;0;0;1;3;1;A01
201100049824;0;7;0;0;1;1;1;A01
201100049825;0;7;0;0;2;2;1;A01
201100049825;0;7;0;0;2;3;1;B01
201100049826;0;7;0;0;2;3;1;B01
201100049826;0;34;0;0;2;1;1;A01
201100049827;0;7;0;0;2;8;1;A01
201100049827;0;2;0;0;2;1;1;B01
201100049828;0;7;0;0;2;1;1;A01
201100049828;0;7;0;0;2;3;1;B01
201100049829;0;33;0;0;0;7;1;A01
201100049830;0;7;0;0;2;3;1;B01
201100049830;0;7;0;0;2;2;1;A01
201100049831;0;33;0;15;0;8;6;A01
201100049832;0;7;0;0;2;1;1;A01
201100049832;0;7;0;0;2;3;1;B01
201100049833;0;7;0;2;0;1;1;A01
201100049834;0;2;0;0;2;8;1;A01
201100049834;0;7;0;0;2;3;1;B01
201100049835;0;7;0;0;2;1;1;A01
201100049835;0;2;0;0;2;1;5;B01
201100049836;1;10;0;0;1;3;2;Z01
201100049837;0;10;0;0;1;4;4;A01
201100049838;0;7;0;8;0;1;15;A01
201100049839;0;1;0;0;2;1;5;A01
201100049839;0;37;1;0;1;2;15;B01
201100049840;0;33;0;6;0;1;1;A01
201100049841;0;7;0;0;2;8;1;A01
201100049841;0;7;0;0;2;1;9;B01
201100049842;0;30;0;0;0;2;1;A01
201100049843;0;14;0;0;1;4;4;A01
201100049844;0;37;0;0;0;0;0;A01
201100049845;0;7;0;0;2;5;4;A01
201100049845;0;2;0;0;2;1;2;B01
201100049846;0;7;0;0;1;1;1;A01
201100049847;0;7;0;0;2;5;14;A01
201100049847;0;33;0;0;2;1;2;B01
201100049848;0;7;0;0;0;7;9;A01
201100049848;0;30;0;0;2;1;1;B01
201100049849;0;7;0;0;2;6;9;A01
201100049849;0;34;0;0;2;7;1;B01
201100049850;1;7;0;0;1;1;1;A01
201100049851;0;10;0;0;2;1;1;A01
201100049851;0;7;0;0;2;1;1;B01
201100049852;0;32;0;0;2;7;17;A01
201100049852;0;10;0;0;2;3;1;B01
201100049853;0;7;0;0;2;1;23;A01
201100049853;0;30;0;0;2;1;13;B01
201100049854;0;7;0;0;2;4;1;A01
201100049854;0;7;0;0;2;1;2;B01
201100049855;0;7;0;0;2;1;2;A01
201100049855;0;7;0;0;2;4;1;B01
201100049856;0;7;0;0;1;1;1;A01
201100049857;0;7;0;0;1;6;21;A01
201100049858;0;7;0;12;2;2;1;A01
201100049858;0;7;0;13;2;1;2;B01
201100049859;0;1;0;1;2;1;1;A01
201100049859;0;7;0;0;2;3;23;B01
201100049860;2;7;0;0;2;7;15;A01
201100049860;0;7;0;0;2;1;1;B01
201100049861;0;7;0;0;2;6;4;A01
201100049861;0;7;0;0;2;2;2;B01
201100049862;0;7;0;0;2;3;10;A01
201100049862;0;33;0;0;2;1;1;B01
201100049863;2;30;0;0;2;7;5;B01
201100049863;0;7;0;0;2;1;1;A01
201100049864;0;7;0;0;2;3;10;A01
201100049864;0;7;0;0;2;1;1;B01
201100049865;0;7;0;0;2;6;15;A01
201100049865;0;34;0;0;2;1;1;B01
201100049866;0;7;0;14;2;1;1;A01
201100049866;0;7;0;12;2;6;1;B01
201100049867;0;7;0;0;2;8;1;A01
201100049867;0;30;0;0;2;2;1;B01
201100049868;0;7;0;0;2;3;1;A01
201100049868;0;33;0;0;2;2;1;B01
201100049869;1;10;0;0;2;5;1;A01
201100049869;0;7;0;0;2;1;1;B01
201100049870;0;7;0;0;2;2;10;A01
201100049870;0;32;0;0;2;1;1;B01
201100049871;2;7;0;1;0;2;1;A01
201100049872;0;7;0;0;2;7;1;B01
201100049872;0;2;0;0;2;1;1;A01
201100049873;0;7;0;1;2;2;1;A01
201100049873;0;14;0;0;2;6;23;B01
201100049874;0;7;0;0;2;3;1;A01
201100049874;0;31;0;0;2;1;1;B01
201100049875;0;33;0;0;2;1;17;A01
201100049875;0;7;0;0;2;6;15;B01
201100049876;1;30;0;0;1;8;1;A01
201100049877;0;7;0;0;1;2;1;A01
201100049878;0;10;0;0;2;1;9;A01
201100049878;0;10;0;0;2;7;1;B01
201100049879;0;7;0;0;1;2;1;A01
201100049880;0;7;0;0;1;1;1;A01
201100049881;0;7;0;0;2;1;2;A01
201100049881;0;7;0;0;2;4;23;B01
201100049881;0;7;0;0;2;4;23;C01
201100049882;0;7;0;0;2;7;1;A01
201100049882;0;7;0;0;2;1;1;B01
201100049883;0;7;0;0;2;4;1;B01
201100049883;1;7;0;0;2;1;2;Z01
201100049884;0;7;0;0;2;4;1;B01
201100049884;0;7;0;0;2;1;2;A01
201100049885;0;33;0;0;2;7;1;B01
201100049885;0;2;0;1;2;1;5;A01
201100049886;0;7;0;0;1;3;1;A01
201100049887;0;10;0;0;2;3;13;A01
201100049887;0;7;0;0;2;5;1;B01
201100049888;1;7;0;0;2;7;22;A01
201100049888;0;30;0;0;2;1;1;B01
201100049889;0;7;0;0;0;4;2;A01
201100049889;0;7;0;0;2;1;2;B01
201100049889;0;7;0;0;2;1;2;C01
201100049890;0;7;0;0;2;1;1;A01
201100049890;0;7;0;0;2;2;6;B01
201100049891;0;3;0;0;2;1;2;A01
201100049891;0;7;0;0;2;4;1;B01
201100049892;0;7;0;0;1;1;1;A01
201100049893;0;13;0;0;2;2;9;A01
201100049893;0;7;0;0;2;6;1;B01
201100049894;0;7;0;0;2;3;18;A01
201100049894;0;7;0;0;2;2;1;B01
201100049895;0;7;0;0;2;3;9;A01
201100049895;0;37;9;0;2;2;1;B01
201100049896;0;99;0;0;1;1;1;A01
201100049897;0;33;0;0;2;1;17;A01
201100049897;0;7;0;0;2;8;15;B01
201100049898;0;7;0;2;0;1;1;A01
201100049899;0;7;0;0;2;3;16;A01
201100049899;0;33;0;0;2;7;16;B01
201100049900;0;7;0;0;2;6;10;A01
201100049900;0;7;0;0;2;2;1;B01
201100049901;0;2;0;0;2;8;1;A01
201100049901;1;7;0;0;0;0;1;Z01
201100049902;0;7;0;6;2;2;1;A01
201100049902;0;7;0;6;2;3;1;B01
201100049903;0;7;0;2;2;1;0;A01
201100049904;0;7;0;0;2;2;15;A01
201100049904;0;7;0;0;2;3;1;B01
201100049905;0;7;0;0;2;1;1;B01
201100049905;0;7;0;0;2;8;1;A01
201100049906;0;10;0;0;2;7;7;A01
201100049906;0;7;0;0;2;1;1;B01
201100049907;0;34;0;0;2;2;1;B01
201100049907;0;7;0;0;2;8;1;A01
201100049908;0;7;0;0;2;8;1;C01
201100049908;0;7;0;0;2;1;5;A01
201100049908;0;7;0;0;2;1;1;B01
201100049909;0;7;0;0;2;2;15;A01
201100049909;0;7;0;0;2;1;1;B01
201100049910;0;33;0;0;2;1;1;B01
201100049910;0;7;0;0;2;2;15;A01
201100049911;0;7;0;0;1;1;18;A01
201100049912;0;7;0;0;1;2;1;A01
201100049913;0;33;0;0;2;1;1;A01
201100049913;0;7;0;0;2;7;15;B01
201100049914;0;7;0;0;1;4;4;A01
201100049915;0;7;0;0;2;8;22;A01
201100049915;0;1;0;0;2;1;1;B01
201100049916;0;33;0;0;0;1;1;B01
201100049916;0;7;0;0;2;5;1;A01
201100049917;0;7;0;0;2;1;1;B01
201100049917;0;7;0;8;2;2;9;A01
201100049918;0;7;0;0;1;3;1;A01
201100049919;0;31;0;0;1;2;1;A01
201100049920;0;10;0;2;1;2;1;A01
201100049921;0;7;0;0;1;2;1;A01
201100049922;0;7;0;14;0;9;6;A01
201100049923;0;7;0;0;2;1;1;A01
201100049923;0;1;0;0;0;7;19;B01
201100049924;0;7;0;0;1;1;1;A01
201100049925;0;7;0;0;2;2;15;A01
201100049925;0;1;0;0;2;1;1;B01
201100049926;0;7;0;0;2;7;1;B01
201100049926;0;31;0;0;2;8;1;A01
201100049927;0;33;0;0;1;1;1;A01
201100049928;0;7;0;0;2;4;20;A01
201100049928;0;7;0;0;2;4;2;B01
201100049928;0;7;0;0;2;3;2;C01
201100049929;0;7;0;0;1;1;1;A01
201100049930;0;7;0;0;1;1;1;A01
201100049931;0;7;0;0;1;2;15;A01
201100049932;0;7;0;0;1;1;1;A01
201100049933;0;7;0;0;1;5;4;A01
201100049934;0;7;0;0;2;1;2;A01
201100049934;0;7;0;0;2;4;1;B01
201100049935;0;7;0;0;1;2;0;A01
201100049936;0;7;0;0;0;5;1;A01
201100049936;0;32;0;0;0;3;2;B01
201100049937;0;7;0;0;2;3;16;A01
201100049937;0;34;0;0;2;2;0;B01
201100049938;0;7;0;0;2;8;1;A01
201100049938;1;7;0;0;2;1;1;Z01
201100049939;0;7;0;0;0;1;2;A01
201100049939;0;31;0;0;0;4;1;B01
201100049940;0;7;0;0;1;1;1;A01
201100049941;0;7;0;0;1;4;4;A01
201100049942;0;34;0;0;2;1;0;B01
201100049942;0;7;0;0;2;2;10;A01
201100049943;0;7;0;0;1;1;1;A01
201100049944;0;7;0;0;2;1;6;A01
201100049944;0;7;0;0;2;1;1;B01
201100049944;0;7;0;0;2;1;1;C01
201100049945;0;7;0;8;0;1;1;A01
201100049946;0;10;0;0;1;3;1;A01
201100049947;0;15;0;9;2;1;1;A01
201100049947;0;7;0;0;2;4;23;B01
201100049948;0;7;0;0;2;1;1;A01
201100049948;0;7;0;0;2;3;15;B01
201100049949;0;2;0;3;0;1;1;A01
201100049950;0;7;0;0;2;2;9;A01
201100049950;0;31;0;0;2;1;1;B01
201100049951;0;7;0;0;0;5;15;A01
201100049951;0;33;0;0;2;2;1;B01
201100049952;0;33;0;1;0;1;1;A01
201100049953;0;7;0;0;2;1;5;A01
201100049953;0;30;0;0;2;8;1;B01
201100049954;0;7;0;0;1;2;1;A01
201100049955;0;7;0;0;1;3;1;A01
201100049956;0;30;0;0;2;8;1;A01
201100049956;0;7;0;0;2;3;16;B01
201100049957;0;7;0;1;0;1;17;A01
201100049957;0;7;0;0;0;1;1;B01
201100049958;0;7;0;0;2;7;15;A01
201100049958;0;34;0;0;2;1;1;B01
201100049959;0;7;0;0;1;7;1;A01
201100049960;0;7;0;0;1;1;15;A01
201100049961;0;33;0;0;0;8;1;A01
201100049962;0;33;0;0;0;8;1;A01
201100049963;0;7;0;0;2;1;1;A01
201100049963;0;7;0;0;2;3;1;B01
201100049964;0;7;0;0;2;7;12;A01
201100049964;0;31;0;0;2;8;1;B01
201100049965;0;34;0;0;2;8;17;A01
201100049965;0;7;0;0;2;8;10;B01
201100049966;0;10;0;0;2;1;16;A01
201100049966;0;10;0;0;2;7;1;B01
201100049967;0;7;0;0;2;1;15;A01
201100049967;0;31;0;0;2;1;1;B01
201100049968;0;33;0;0;2;7;15;A01
201100049968;0;7;0;0;2;1;1;B01
201100049969;0;7;0;0;1;2;16;A01
201100049970;0;7;0;0;2;3;15;A01
201100049970;0;7;0;0;2;1;1;B01
201100049971;0;33;0;0;2;1;17;A01
201100049971;0;7;0;0;2;2;15;B01
201100049972;0;32;0;0;0;0;1;A01
201100049973;0;7;0;0;2;1;10;A01
201100049973;0;7;0;0;2;1;1;B01
201100049974;0;7;0;0;1;1;0;A01
201100049975;0;30;0;0;2;1;1;A01
201100049975;0;7;0;0;2;1;1;B01
201100049976;1;7;0;0;2;8;18;A01
201100049976;0;30;0;0;2;7;12;B01
201100049977;0;33;0;0;0;8;1;A01
201100049978;0;15;0;0;2;1;1;A01
201100049978;0;7;0;0;2;8;1;B01
201100049979;0;15;0;0;2;7;16;A01
201100049979;0;33;0;0;2;1;1;B01
201100049980;0;7;0;2;0;8;1;A01
201100049981;0;33;0;0;2;4;1;B01
201100049981;0;14;0;0;2;2;1;A01
201100049982;0;7;0;0;1;2;1;A01
201100049983;0;7;0;0;2;7;1;A01
201100049983;0;30;0;0;2;0;1;B01
201100049984;0;7;0;0;2;7;15;A01
201100049984;0;32;0;0;2;1;1;B01
201100049985;0;7;0;9;0;1;1;A01
201100049986;0;10;0;7;2;1;1;A01
201100049986;0;7;0;0;2;1;1;B01
201100049987;0;10;0;14;2;2;21;A01
201100049987;0;7;0;0;2;3;1;B01
201100049988;0;7;0;13;0;1;1;A01
201100049989;0;7;0;0;2;1;5;A01
201100049989;0;7;0;0;2;1;1;B01
201100049990;0;7;0;0;2;1;1;A01
201100049990;0;7;0;0;2;2;1;B01
201100049991;0;33;0;4;0;2;1;A01
201100049992;0;7;0;0;2;4;23;A01
201100049992;0;7;0;0;2;1;2;B01
201100049993;0;30;0;0;2;2;1;A01
201100049993;0;10;0;0;2;3;15;B01
201100049994;0;7;0;8;2;1;5;A01
201100049994;0;7;0;0;2;1;1;B01
201100049995;0;7;0;6;0;2;14;A01
201100049996;0;33;0;0;0;7;2;A01
201100049997;0;33;0;0;2;7;17;A01
201100049997;0;7;0;0;2;1;15;B01
201100049998;0;7;0;15;0;1;14;A01
201100049999;0;10;0;0;1;8;1;A01
201100050000;0;7;0;0;0;4;2;B01
201100050000;0;7;0;0;2;1;2;A01
201100050001;0;33;0;0;2;8;0;B01
201100050001;0;37;0;0;2;7;1;C01
201100050002;0;7;0;0;2;4;2;B01
201100050002;0;10;0;0;2;1;2;A01
201100050003;0;1;0;0;0;0;2;A01
201100050004;0;2;0;0;0;0;2;A01
201100050005;0;31;0;0;0;7;16;A01
201100050006;0;7;0;0;2;3;9;A01
201100050006;0;2;0;0;2;5;1;B01
201100050007;0;7;0;0;2;7;2;C01
201100050007;0;7;0;0;0;9;15;A01
201100050007;0;32;0;0;2;3;2;B01
201100050008;0;37;1;0;2;2;2;A01
201100050008;0;2;0;0;2;4;2;B01
201100050009;0;32;0;12;0;7;1;A01
201100050010;0;7;0;12;0;1;21;A01
201100050011;0;7;0;0;2;2;1;A01
201100050011;0;7;0;0;2;1;16;B01
201100050012;0;7;0;0;0;4;1;C01
201100050012;0;16;0;0;0;4;1;D01
201100050012;0;7;0;0;2;4;1;B01
201100050012;0;7;0;14;2;1;1;A01
201100050013;0;2;0;0;2;1;1;A01
201100050013;0;7;0;0;2;3;1;B01
201100050014;0;7;0;0;1;1;1;A01
201100050015;0;33;0;0;0;1;3;A01
201100050015;0;7;0;0;0;5;1;B01
201100050016;0;7;0;0;2;1;15;A01
201100050016;0;7;0;0;2;1;1;B01
201100050017;0;32;0;0;2;7;17;B01
201100050017;0;13;0;0;2;8;15;A01
201100050018;0;7;0;0;0;2;15;B01
201100050018;0;33;0;0;2;1;1;A01
201100050019;0;33;0;8;0;2;1;A01
201100050020;0;7;0;0;2;7;17;A01
201100050020;0;1;0;0;2;8;23;B01
201100050021;0;30;0;0;0;4;23;B01
201100050021;0;7;0;0;2;1;2;A01
201100050022;0;1;0;0;1;1;1;A01
201100050023;0;7;0;0;2;2;16;A01
201100050023;0;1;0;0;2;7;19;B01
201100050024;0;7;0;0;2;4;1;B01
201100050024;0;7;0;0;2;1;2;A01
201100050025;0;30;0;0;2;3;18;B01
201100050025;0;7;0;0;2;5;1;A01
201100050026;0;10;0;0;1;2;1;A01
201100050027;0;33;0;0;2;1;2;A01
201100050027;0;7;0;0;2;6;1;B01
201100050028;0;7;0;0;1;8;1;A01
201100050029;0;33;0;0;2;1;1;B01
201100050029;0;7;0;0;2;2;10;A01
201100050030;0;37;1;0;1;2;1;A01
201100050031;0;7;0;0;0;0;18;B01
201100050031;0;33;0;0;0;8;23;A01
201100050032;0;7;0;11;0;3;1;A01
201100050033;0;33;0;0;2;8;1;A01
201100050033;1;7;0;0;0;3;15;Z01
201100050034;0;7;0;0;1;3;1;A01
201100050035;0;7;0;0;1;3;1;A01
201100050036;0;7;0;0;2;2;1;A01
201100050036;0;1;0;0;2;1;1;B01
201100050037;0;7;0;0;2;1;13;A01
201100050037;0;7;0;1;2;1;1;B01
201100050038;0;7;0;0;2;2;15;A01
201100050038;0;2;0;0;2;3;1;B01
201100050039;0;10;0;0;1;1;1;A01
201100050040;0;7;0;0;2;7;17;A01
201100050040;0;7;0;3;2;8;1;B01
201100050041;0;32;0;0;2;1;1;A01
201100050041;0;7;0;0;2;3;15;B01
201100050042;0;7;0;0;2;3;9;A01
201100050042;0;32;0;0;2;2;3;B01
201100050043;0;30;0;0;2;1;1;A01
201100050043;0;7;0;0;2;3;1;B01