num_acc;senc;catv;occutc;obs;obsm;choc;manv;num_veh
201100050402;0;7;0;0;2;1;1;A01
201100050402;0;7;0;0;2;4;1;C01
201100050403;0;7;0;0;1;3;1;A01
201100050404;0;10;0;0;1;3;1;A01
201100050405;0;7;0;6;2;1;1;A01
201100050405;0;7;0;0;2;6;15;B01
201100050406;0;7;0;0;1;7;1;A01
201100050407;0;37;1;0;2;2;9;A01
201100050407;0;1;0;0;2;0;1;B01
201100050408;0;7;0;0;2;3;10;A01
201100050408;0;31;0;0;2;1;1;B01
201100050409;0;7;0;1;1;7;1;A01
201100050410;0;1;0;0;2;3;19;B01
201100050410;0;7;0;0;2;1;1;A01
201100050411;1;33;0;0;1;1;1;Z01
201100050412;0;30;0;0;2;2;17;A01
201100050412;0;7;0;0;2;6;15;B01
201100050413;0;37;6;0;0;0;21;A01
201100050414;0;34;0;0;2;7;17;A01
201100050414;0;7;0;0;2;3;15;B01
201100050415;0;7;0;0;1;3;15;A01
201100050416;0;7;0;0;1;1;15;A01
201100050417;1;7;0;0;1;1;1;Z01
201100050418;0;7;0;0;0;5;9;A01
201100050418;0;36;0;0;0;3;2;B01
201100050419;0;7;0;0;0;1;15;A01
201100050419;0;7;0;0;0;8;1;B01
201100050420;0;2;0;0;2;1;1;B01
201100050420;0;14;0;0;2;5;15;A01
201100050421;0;10;0;0;1;7;1;A01
201100050422;0;33;0;1;2;9;21;A01
201100050423;0;7;0;0;2;1;16;A01
201100050423;0;1;0;0;2;7;19;B01
201100050424;0;13;0;0;2;2;15;A01
201100050424;0;7;0;0;2;8;15;B01
201100050425;0;7;0;0;2;3;9;A01
201100050425;0;7;0;0;2;5;0;B01
201100050426;0;7;0;0;2;1;2;A01
201100050426;0;7;0;0;2;4;2;B01
201100050426;0;7;0;0;0;4;2;C01
201100050427;0;7;0;0;2;8;1;A01
201100050427;0;14;0;0;2;1;1;B01
201100050428;0;7;0;1;1;5;4;A01
201100050429;1;7;0;0;1;7;1;A01
201100050430;0;7;0;0;0;7;15;A01
201100050430;0;7;0;0;2;1;1;B01
201100050431;0;7;0;0;1;1;1;A01
201100050432;0;7;0;0;2;2;15;A01
201100050432;0;2;0;0;2;1;1;B01
201100050433;0;7;0;6;0;1;16;A01
201100050434;0;37;1;0;1;7;1;A01
201100050435;0;7;0;0;2;5;2;A01
201100050435;0;7;0;0;2;6;2;B01
201100050436;0;2;0;0;2;7;1;B01
201100050436;0;7;0;0;2;3;11;A01
201100050437;0;33;0;0;1;1;1;A01
201100050438;0;7;0;2;0;1;1;A01
201100050439;0;7;0;0;2;3;9;A01
201100050439;0;7;0;0;2;3;1;B01
201100050440;0;7;0;0;1;1;1;A01
201100050441;0;7;0;0;1;1;1;A01
201100050442;0;7;0;0;0;8;11;B01
201100050442;0;30;0;0;2;1;1;A01
201100050443;0;10;0;0;1;1;16;A01
201100050444;0;7;0;0;2;1;2;A01
201100050444;0;7;0;0;0;4;1;B01
201100050445;0;7;0;0;1;1;16;A01
201100050446;0;7;0;0;1;1;1;A01
201100050447;0;7;0;0;2;4;23;B01
201100050447;0;33;0;0;2;1;2;A01
201100050448;0;10;0;0;1;3;0;A01
201100050449;0;1;0;1;0;1;1;B01
201100050449;0;7;0;0;2;3;22;A01
201100050450;0;30;0;0;1;1;1;A01
201100050451;0;7;0;0;2;1;16;A01
201100050451;0;14;0;0;2;1;20;B01
201100050452;0;10;0;0;2;3;1;B01
201100050452;0;37;0;0;2;3;6;A01
201100050453;0;7;0;0;2;1;21;B01
201100050453;0;3;0;0;2;8;11;A01
201100050454;0;14;0;0;1;3;0;A01
201100050455;0;7;0;11;0;3;1;A01
201100050456;0;33;0;0;2;2;1;A01
201100050456;0;7;0;0;2;6;1;B01
201100050457;0;7;0;0;1;3;15;A01
201100050458;0;7;0;0;2;1;1;B01
201100050458;0;7;0;0;2;7;15;A01
201100050459;0;7;0;9;2;7;7;A01
201100050459;0;7;0;0;2;1;15;B01
201100050460;0;7;0;0;2;1;1;B01
201100050460;0;7;0;0;2;7;10;A01
201100050461;0;7;0;0;1;3;1;A01
201100050462;0;33;0;0;2;4;23;B01
201100050462;0;7;0;0;2;1;2;A01
201100050463;0;7;0;0;0;3;9;A01
201100050463;0;2;0;0;2;3;1;B01
201100050464;0;7;0;0;2;7;15;A01
201100050464;0;37;1;0;4;2;1;B01
201100050465;0;7;0;1;0;1;10;A01
201100050466;0;7;0;1;1;1;1;A01
201100050467;0;7;0;0;1;2;1;A01
201100050468;0;7;0;0;0;2;11;A01
201100050468;0;7;0;0;2;4;23;B01
201100050469;0;7;0;0;2;8;15;B01
201100050469;0;31;0;0;2;1;17;A01
201100050470;0;33;0;0;1;1;1;A01
201100050471;0;7;0;0;2;3;1;A01
201100050471;0;2;0;0;2;1;15;B01
201100050472;0;10;0;0;1;2;1;A01
201100050473;0;30;0;0;2;1;2;A01
201100050473;0;7;0;0;0;5;1;B01
201100050474;0;7;0;0;2;3;9;B01
201100050474;0;33;0;0;2;1;21;A01
201100050475;0;7;0;0;2;8;15;B01
201100050475;0;2;0;0;2;2;17;A01
201100050476;0;7;0;0;2;1;1;A01
201100050476;0;1;0;0;2;4;23;B01
201100050477;0;7;0;0;1;2;1;A01
201100050478;0;7;0;0;2;4;1;B01
201100050478;0;7;0;0;2;1;2;A01
201100050479;1;7;0;0;1;4;20;Z01
201100050480;0;7;0;0;2;1;15;A01
201100050480;0;30;0;0;2;3;16;B01
201100050481;0;33;0;0;2;2;1;B01
201100050481;0;2;0;0;2;5;9;A01
201100050482;0;32;0;0;1;1;1;A01
201100050483;0;1;0;0;2;7;19;A01
201100050483;0;7;0;0;1;1;1;B01
201100050484;0;10;0;0;0;4;2;A01
201100050484;0;7;0;0;2;1;2;B01
201100050484;1;10;0;0;2;1;2;C01
201100050485;0;33;0;0;2;1;17;A01
201100050485;0;7;0;0;2;5;13;B01
201100050486;0;2;0;0;2;8;1;B01
201100050486;0;7;0;0;2;7;1;A01
201100050487;0;7;0;0;0;0;0;B01
201100050487;1;7;0;0;0;0;0;Z01
201100050488;0;7;0;0;2;3;16;A01
201100050488;0;32;0;0;2;1;1;B01
201100050489;0;7;0;0;2;2;15;A01
201100050489;0;32;0;0;2;1;1;B01
201100050490;0;33;0;14;2;2;17;A01
201100050490;0;7;0;0;2;8;1;B01
201100050491;0;7;0;0;2;7;14;A01
201100050491;0;7;0;15;2;6;1;B01
201100050492;0;33;0;0;2;1;1;A01
201100050492;0;7;0;0;2;3;1;B01
201100050493;0;7;0;0;1;7;1;A01
201100050494;0;7;0;0;1;2;1;A01
201100050495;0;7;0;0;2;4;9;B01
201100050495;0;7;0;0;2;1;2;A01
201100050496;1;7;0;0;2;1;9;Z01
201100050496;0;7;0;0;2;2;1;A01
201100050497;0;7;0;0;2;1;2;A01
201100050497;0;7;0;0;2;4;1;B01
201100050498;0;7;0;0;2;3;9;A01
201100050498;2;7;0;0;2;1;1;Z01
201100050499;0;7;0;0;1;1;1;A01
201100050500;0;37;1;0;1;1;1;A01
201100050501;0;7;0;4;0;1;1;A01
201100050502;0;7;0;0;2;1;1;B01
201100050502;0;31;0;0;2;1;1;A01
201100050503;0;7;0;0;2;3;17;A01
201100050503;0;2;0;0;2;1;9;B01
201100050504;0;15;0;0;2;7;15;A01
201100050504;0;33;0;0;2;1;1;B01
201100050505;0;1;0;0;0;4;1;B01
201100050505;0;7;0;0;2;1;2;A01
201100050506;0;32;0;0;2;1;1;B01
201100050506;0;7;0;0;2;8;20;A01
201100050507;1;7;0;0;2;2;14;Z01
201100050507;0;7;0;0;2;3;1;A01
201100050508;0;14;0;0;2;8;1;B01
201100050508;0;7;0;0;2;7;9;A01
201100050509;0;7;0;8;0;1;14;A01
201100050510;0;31;0;0;2;4;1;B01
201100050510;0;7;0;0;2;1;2;A01
201100050511;0;7;0;0;2;1;2;A01
201100050511;0;1;0;0;2;4;1;B01
201100050512;0;7;0;0;2;6;15;A01
201100050512;0;37;2;0;2;3;1;B01
201100050513;0;7;0;0;2;4;23;B01
201100050513;0;30;0;0;2;1;6;A01
201100050514;0;7;0;0;2;6;9;A01
201100050514;0;14;0;0;2;2;17;B01
201100050515;0;33;0;4;0;8;1;A01
201100050516;1;7;0;0;2;1;1;Z01
201100050516;0;30;0;0;2;4;1;A01
201100050517;0;7;0;12;0;7;1;A01
201100050518;0;7;0;0;2;1;2;A01
201100050518;0;7;0;0;2;4;1;B01
201100050519;0;7;0;0;2;3;1;A01
201100050519;0;2;0;0;2;1;1;B01
201100050520;0;7;0;0;1;3;1;A01
201100050521;0;7;0;0;2;1;9;A01
201100050521;0;33;0;0;2;7;1;B01
201100050522;0;33;0;4;0;9;1;A01
201100050523;0;7;0;0;1;3;15;A01
201100050524;1;2;0;0;1;1;1;Z01
201100050525;0;7;0;0;2;3;16;A01
201100050525;0;2;0;0;2;8;1;B01
201100050526;0;37;2;0;2;2;1;B01
201100050526;1;7;0;0;2;3;13;Z01
201100050527;0;7;0;0;2;1;2;B01
201100050527;0;7;0;0;2;4;23;A01
201100050528;0;7;0;3;0;9;1;A01
201100050529;0;7;0;0;2;4;2;C01
201100050529;0;7;0;1;2;1;1;A01
201100050529;0;7;0;1;2;6;2;B01
201100050530;0;7;0;0;2;3;15;A01
201100050530;0;31;0;0;2;8;1;B01
201100050531;0;7;0;0;1;2;1;A01
201100050532;0;7;0;0;1;1;1;A01
201100050533;0;7;0;0;2;1;9;A01
201100050533;0;33;0;0;0;2;1;B01
201100050534;0;7;0;0;2;1;15;A01
201100050534;0;31;0;0;2;7;1;B01
201100050535;0;7;0;0;2;1;1;A01
201100050535;0;7;0;0;0;4;2;B01
201100050536;0;7;0;11;0;3;1;A01
201100050537;0;7;0;0;2;8;1;C01
201100050537;0;7;0;0;2;7;17;B01
201100050537;0;33;0;0;2;8;11;A01
201100050538;0;31;0;0;2;1;5;B01
201100050538;0;7;0;0;2;2;9;A01
201100050539;0;15;0;0;2;6;23;B01
201100050539;0;10;0;1;0;2;2;A01
201100050540;0;7;0;0;1;1;1;A01
201100050541;0;7;0;0;0;6;23;B01
201100050541;0;30;0;0;2;1;2;A01
201100050542;0;7;0;0;0;7;15;A01
201100050542;0;7;0;0;2;1;1;B01
201100050543;0;7;0;0;1;1;15;A01
201100050544;1;33;0;0;1;1;1;Z01
201100050545;0;2;0;0;2;1;17;A01
201100050545;0;7;0;0;2;1;15;B01
201100050546;0;7;0;0;2;1;1;A01
201100050546;0;7;0;0;2;2;15;B01
201100050547;0;31;0;0;0;7;1;A01
201100050548;0;31;0;0;2;1;1;A01
201100050548;0;31;0;1;2;4;20;B01
201100050549;0;7;0;0;2;1;6;A01
201100050549;0;7;0;0;0;1;1;B01
201100050550;0;7;0;0;2;2;1;B01
201100050550;0;7;0;0;2;6;1;A01
201100050551;0;30;0;0;2;1;1;A01
201100050551;0;7;0;0;2;2;1;B01
201100050552;0;30;0;0;2;4;23;B01
201100050552;0;10;0;0;2;1;2;A01
201100050553;1;7;0;0;1;1;1;Z01
201100050554;0;33;0;0;2;1;2;A01
201100050554;0;7;0;0;2;6;1;B01
201100050555;0;7;0;0;2;1;1;B01
201100050555;0;7;0;0;2;2;15;A01
201100050556;0;7;0;0;1;3;1;A01
201100050557;0;33;0;0;2;4;1;A01
201100050557;0;13;0;0;2;2;1;B01
201100050558;0;2;0;0;2;7;9;B01
201100050558;0;7;0;0;2;1;1;A01
201100050559;0;7;0;0;1;1;1;A01
201100050560;0;1;0;0;2;1;16;A01
201100050560;0;7;0;0;2;3;1;B01
201100050561;0;7;0;0;1;3;1;A01
201100050562;0;7;0;0;2;3;15;B01
201100050562;0;31;0;0;2;7;17;A01
201100050563;1;7;0;0;2;2;15;Z01
201100050563;0;2;0;0;2;1;1;A01
201100050564;0;7;0;0;2;4;1;B01
201100050564;0;14;0;0;2;1;2;A01
201100050565;0;10;0;0;2;1;2;A01
201100050565;0;7;0;0;2;4;1;B01
201100050566;0;7;0;8;0;1;14;A01
201100050567;2;30;0;0;1;1;1;A01
201100050568;0;7;0;0;0;4;1;Z01
201100050568;0;7;0;0;2;1;2;A01
201100050569;0;33;0;16;0;8;21;A01
201100050570;0;7;0;0;0;5;10;B01
201100050570;0;32;0;0;2;1;2;A01
201100050571;0;32;0;0;2;3;18;A01
201100050571;0;7;0;0;0;7;1;B01
201100050572;0;37;1;0;1;1;1;A01
201100050573;0;7;0;0;2;6;15;B01
201100050573;0;33;0;0;2;2;13;A01
201100050574;0;7;0;0;2;3;19;B01
201100050574;0;7;0;0;2;1;19;A01
201100050575;0;7;0;6;0;9;1;A01
201100050576;0;7;0;0;1;1;1;A01
201100050577;0;7;0;0;1;1;16;A01
201100050578;0;7;0;12;0;1;1;A01
201100050579;0;34;0;0;2;1;1;A01
201100050579;0;14;0;0;2;7;1;B01
201100050580;0;7;0;0;2;3;13;A01
201100050580;0;7;0;0;2;3;23;B01
201100050581;0;7;0;0;2;4;1;B01
201100050581;0;7;0;0;2;1;2;A01
201100050582;1;7;0;0;2;2;1;B01
201100050582;0;7;0;0;2;4;20;A01
201100050583;0;7;0;0;2;2;1;A01
201100050583;0;1;0;0;2;4;1;B01
201100050584;0;7;0;0;2;2;12;A01
201100050584;0;33;0;0;2;8;1;B01
201100050585;0;33;0;0;2;1;2;A01
201100050585;0;7;0;0;2;6;0;B01
201100050586;0;7;0;0;0;0;10;B01
201100050586;0;33;0;0;2;8;1;A01
201100050587;0;7;0;0;1;2;1;A01
201100050588;0;10;0;0;0;4;1;A01
201100050588;0;32;0;0;2;1;2;B01
201100050589;0;7;0;0;1;1;1;A01
201100050590;0;2;0;0;0;7;1;A01
201100050591;0;7;0;0;0;6;23;B01
201100050591;0;2;0;0;2;1;14;A01
201100050592;0;7;0;0;1;4;4;A01
201100050593;0;32;0;14;0;7;6;A01
201100050594;0;32;0;0;2;1;15;A01
201100050594;0;7;0;0;2;3;1;B01
201100050595;0;2;0;0;2;1;5;B01
201100050595;0;7;0;0;2;2;1;A01
201100050596;0;7;0;0;2;1;2;A01
201100050596;0;7;0;0;2;4;1;B01
201100050597;0;7;0;0;2;1;2;A01
201100050597;0;7;0;0;2;4;1;B01
201100050597;0;7;0;0;2;8;9;C01
201100050598;1;7;0;0;2;1;1;Z01
201100050598;0;1;0;0;2;8;19;A01
201100050599;0;7;0;0;2;1;2;A01
201100050599;0;7;0;0;2;4;23;B01
201100050600;0;33;0;0;2;7;2;A01
201100050600;0;7;0;0;2;8;23;C01
201100050600;0;7;0;0;2;8;23;B01
201100050601;0;7;0;0;2;3;9;A01
201100050601;0;30;0;0;2;1;1;B01
201100050602;0;10;0;0;1;4;4;A01
201100050603;0;2;0;1;0;1;1;A01
201100050604;0;33;0;0;2;2;2;A01
201100050604;0;7;0;0;0;4;1;B01
201100050605;0;33;0;0;2;7;14;A01
201100050606;0;10;0;0;2;1;1;A01
201100050606;0;7;0;0;2;4;1;B01
201100050607;0;14;0;0;2;7;16;A01
201100050607;0;7;0;0;2;8;18;B01
201100050608;0;7;0;0;1;7;1;A01
201100050609;0;7;0;0;2;4;23;B01
201100050609;0;7;0;0;2;1;2;A01
201100050609;0;7;0;0;0;4;23;C01
201100050610;0;7;0;0;2;1;2;A01
201100050610;0;7;0;0;2;4;1;B01
201100050611;0;1;0;0;0;7;1;A01
201100050612;0;34;0;0;2;6;1;A01
201100050612;1;30;0;0;0;1;19;Z01
201100050613;0;33;0;0;0;7;1;A01
201100050614;0;7;0;0;1;7;1;A01
201100050615;0;7;0;0;2;8;1;A01
201100050615;0;31;0;0;2;1;1;B01
201100050616;0;13;0;0;2;2;14;A01
201100050616;0;7;0;0;2;4;23;B01
201100050617;0;7;0;0;2;3;2;B01
201100050617;0;2;0;0;2;4;1;A01
201100050618;0;7;0;0;1;1;1;A01
201100050619;0;7;0;0;2;8;1;B01
201100050619;0;7;0;0;2;1;9;A01
201100050620;2;7;0;14;0;9;1;A01
201100050621;0;7;0;0;1;2;1;A01
201100050622;0;7;0;0;2;3;15;A01
201100050622;0;7;0;0;0;2;1;B01
201100050623;1;7;0;0;1;1;1;A01
201100050624;0;2;0;0;2;1;1;A01
201100050624;0;7;0;0;2;6;1;B01
201100050625;0;14;0;0;2;2;1;A01
201100050625;0;7;0;0;2;3;9;B01
201100050626;0;7;0;0;2;2;1;A01
201100050626;0;1;0;0;0;1;19;B01
201100050627;0;30;0;0;2;1;2;A01
201100050627;0;7;0;0;2;4;1;B01
201100050628;0;7;0;0;0;4;1;B01
201100050628;0;7;0;0;2;1;2;A01
201100050629;0;7;0;0;2;1;1;A01
201100050629;0;7;0;0;2;4;1;B01
201100050630;0;7;0;0;1;1;1;A01
201100050631;0;7;0;0;2;4;1;B01
201100050631;0;30;0;0;2;1;2;A01
201100050632;0;7;0;0;2;7;15;A01
201100050632;0;7;0;0;2;1;1;B01
201100050633;0;7;0;0;1;4;4;A01
201100050634;0;7;0;0;2;3;10;A01
201100050634;0;33;0;0;2;1;17;B01
201100050635;0;7;0;0;0;4;1;B01
201100050635;0;7;0;0;2;1;2;A01
201100050636;0;31;0;0;2;1;1;B01
201100050636;0;7;0;0;2;1;15;A01
201100050637;0;7;0;0;2;7;1;B01
201100050637;0;2;0;0;2;1;11;A01
201100050638;0;7;0;0;2;2;16;A01
201100050638;0;1;0;0;2;3;16;B01
201100050639;0;32;0;0;2;7;1;A01
201100050640;0;7;0;0;2;1;1;A01
201100050640;0;7;0;0;0;2;1;B01
201100050641;0;7;0;0;2;5;15;A01
201100050641;0;7;0;0;0;1;1;B01
201100050642;0;7;0;0;2;0;13;A01
201100050642;0;37;10;0;2;0;1;B01
201100050643;1;7;0;0;2;0;15;Z01
201100050643;0;30;0;0;2;8;1;A01
201100050644;0;7;0;0;2;1;2;A01
201100050644;0;7;0;0;2;5;15;B01
201100050645;0;1;0;0;2;8;1;B01
201100050645;0;7;0;0;2;2;17;A01
201100050646;0;7;0;0;2;4;4;B01
201100050646;0;7;0;0;2;1;2;A01
201100050647;0;33;0;0;2;1;2;A01
201100050647;0;7;0;0;2;4;1;B01
201100050648;0;7;0;0;2;1;2;A01
201100050648;0;31;0;0;0;4;1;B01
201100050649;0;7;0;0;2;1;2;A01
201100050649;0;7;0;0;2;4;1;B01
201100050650;0;7;0;0;2;3;20;A01
201100050650;0;31;0;0;2;2;1;B01
201100050651;0;7;0;0;2;3;1;A02
201100050651;1;7;0;0;2;1;1;Z01
201100050652;0;7;0;0;1;1;1;A01
201100050653;0;31;0;0;2;1;2;A01
201100050653;0;33;0;0;0;4;1;B01
201100050654;0;30;0;1;0;1;14;A01
201100050655;0;7;0;0;1;1;1;A01
201100050656;0;10;0;0;0;4;1;A01
201100050656;0;10;0;0;2;1;2;B01
201100050657;0;1;0;0;2;1;19;A01
201100050657;0;10;0;0;9;1;1;B01
201100050658;0;7;0;1;0;2;1;A01
201100050659;0;10;0;0;2;1;1;B01
201100050659;0;10;0;0;2;3;1;A01
201100050660;0;7;0;0;2;2;19;A01
201100050660;0;34;0;0;2;1;1;B01
201100050661;0;7;0;0;2;1;2;A01
201100050661;0;1;0;0;0;7;19;B01
201100050662;0;34;0;0;0;9;1;A01
201100050663;0;2;0;0;2;1;5;A01
201100050663;0;7;0;0;0;1;23;B01
201100050664;0;34;0;0;2;1;1;A01
201100050664;0;7;0;0;2;3;9;B01
201100050665;0;7;0;0;2;1;2;A01
201100050665;0;7;0;0;2;4;23;B01
201100050666;0;31;0;0;2;2;17;A01
201100050666;0;7;0;0;2;7;9;B01
201100050667;0;14;0;0;2;2;12;A01
201100050667;0;7;0;0;2;6;11;B01
201100050668;0;13;0;0;2;7;16;A01
201100050668;0;1;0;0;2;1;1;B01
201100050669;0;7;0;0;2;1;2;A01
201100050669;0;7;0;0;2;4;1;B01
201100050670;0;7;0;0;2;2;12;A01
201100050670;0;33;0;0;2;8;2;B01
201100050671;0;7;0;0;2;1;2;A01
201100050671;0;7;0;0;2;4;2;B01
201100050671;0;7;0;0;2;4;2;C01
201100050671;0;7;0;0;2;4;2;D01
201100050672;0;7;0;0;0;4;23;A01
201100050672;0;7;0;0;2;1;2;B01
201100050673;0;7;0;0;2;1;2;A01
201100050673;0;7;0;0;1;1;23;B01
201100050674;0;7;0;0;2;1;2;A01
201100050674;0;7;0;0;0;4;23;B01
201100050675;0;7;0;0;2;3;9;A01
201100050675;0;7;0;0;2;1;1;B01
201100050676;0;7;0;0;2;1;2;A01
201100050676;0;2;0;0;0;4;15;B01
201100050677;0;7;0;0;1;3;1;A01
201100050678;0;10;0;8;0;7;1;A01
201100050679;0;33;0;0;2;1;1;A01
201100050679;0;33;0;0;2;1;1;B01
201100050679;0;7;0;0;2;4;11;C01
201100050680;0;33;0;0;2;1;17;A01
201100050680;0;7;0;0;2;3;15;B01
201100050681;0;31;0;0;2;1;2;A01
201100050681;0;7;0;0;0;4;1;B01
201100050682;0;13;0;6;0;1;14;A01
201100050683;0;33;0;0;2;8;18;A01
201100050683;0;7;0;0;2;7;1;B01
201100050684;0;7;0;8;0;9;15;A01
201100050685;0;99;0;0;2;1;21;A01
201100050685;0;7;0;0;2;2;1;B01
201100050686;0;7;0;14;0;1;1;A01
201100050687;0;7;0;0;2;1;2;A01
201100050687;0;7;0;0;2;4;1;B01
201100050688;0;2;0;0;0;1;2;A01
201100050688;0;7;0;0;0;4;1;B01
201100050689;0;7;0;0;2;6;13;A01
201100050689;0;30;0;0;2;3;1;B01
201100050690;1;7;0;0;1;2;1;Z01
201100050691;0;31;0;0;9;0;1;B01
201100050691;0;33;0;0;0;0;1;A01
201100050692;0;7;0;0;0;1;2;A01
201100050692;0;33;0;0;2;4;23;A02
201100050693;0;7;0;0;2;1;15;A01
201100050693;0;30;0;0;2;8;1;B01
201100050694;0;7;0;0;2;4;0;B01
201100050694;0;7;0;0;2;1;2;A01
201100050695;0;7;0;0;2;1;1;A01
201100050695;0;7;0;0;2;4;2;B01
201100050696;0;7;0;0;1;4;4;A01
201100050697;0;7;0;0;2;6;11;A01
201100050697;0;33;0;0;2;2;1;B01
201100050698;0;7;0;0;1;1;1;A01
201100050699;0;10;0;0;0;4;0;B01
201100050699;0;7;0;0;2;1;9;A01
201100050700;0;7;0;0;2;1;2;B01
201100050700;0;7;0;0;2;8;9;A01
201100050701;0;13;0;0;1;1;15;A01
201100050702;0;32;0;0;2;1;1;B01
201100050702;0;7;0;0;2;3;15;A01
201100050703;0;7;0;0;0;6;13;B01
201100050703;0;10;0;0;0;0;0;A01
201100050704;0;34;0;0;0;4;2;B01
201100050704;1;7;0;0;2;1;2;Z01
201100050705;0;7;0;0;1;1;16;A01
201100050706;0;7;0;0;1;1;19;A01
201100050707;0;7;0;0;2;1;2;A01
201100050707;0;7;0;0;2;4;2;B01
201100050707;0;7;0;0;2;4;2;C01
201100050708;0;7;0;0;0;0;15;A01
201100050708;0;2;0;0;2;0;1;B01
201100050709;0;34;0;0;2;4;23;B01
201100050709;0;7;0;0;2;1;2;A01
201100050710;0;7;0;0;2;3;23;C01
201100050710;0;33;0;12;2;9;3;A01
201100050710;0;7;0;0;2;5;23;B01
201100050711;0;7;0;0;2;8;15;B01
201100050711;0;7;0;0;2;1;2;A01
201100050712;1;7;0;0;2;0;0;Z01
201100050712;0;7;0;0;2;1;0;A01
201100050713;0;7;0;0;2;2;1;A01
201100050713;0;7;0;0;2;6;16;B01
201100050714;0;30;0;0;2;1;1;B01
201100050714;0;7;0;0;2;7;15;A01
201100050715;0;30;0;0;2;8;6;A01
201100050715;0;7;0;0;2;6;15;B01
201100050716;0;37;16;0;2;2;2;B01
201100050716;0;7;0;0;2;3;20;A01
201100050717;0;7;0;0;1;1;1;A01
201100050718;0;37;20;0;2;2;1;B01
201100050718;0;7;0;1;2;3;16;A01
201100050719;0;30;0;0;1;3;1;A01
201100050720;0;32;0;0;2;7;1;B01
201100050720;0;7;0;0;2;1;9;A01
201100050721;0;7;0;0;2;6;1;B01
201100050721;0;7;0;0;2;2;16;A01
201100050722;0;7;0;0;1;3;1;A01
201100050723;0;33;0;0;1;3;1;A01
201100050724;0;7;0;0;1;2;1;A01
201100050725;0;7;0;0;1;2;1;A01
201100050726;0;35;0;0;1;2;1;A01
201100050727;0;7;0;0;2;3;17;A01
201100050727;0;7;0;0;0;8;2;C01
201100050727;0;10;0;0;2;9;16;B01
201100050728;0;7;0;1;2;2;1;A01
201100050728;0;7;0;0;2;8;16;B01
201100050729;0;32;0;0;2;1;1;A01
201100050729;0;7;0;0;2;3;1;B01
201100050730;0;10;0;0;2;3;13;A01
201100050730;0;30;0;0;2;2;17;B01
201100050731;0;33;0;0;2;8;1;B01
201100050731;0;7;0;0;2;2;12;A01
201100050732;0;7;0;0;2;1;1;B01
201100050732;0;31;0;0;2;2;12;A01
201100050733;0;7;0;0;2;8;1;A01
201100050733;0;32;0;0;2;1;1;B01
201100050734;0;7;0;0;1;3;1;A01
201100050735;0;7;0;0;2;6;13;A01
201100050735;0;33;0;0;2;2;1;B01
201100050736;0;30;0;0;2;1;1;A01
201100050736;0;33;0;1;2;2;1;B01
201100050737;0;7;0;0;2;1;1;A01
201100050737;0;33;0;0;2;3;1;B01
201100050738;0;7;0;3;2;3;1;A01
201100050738;0;31;0;0;0;4;1;B01
201100050739;0;30;0;0;2;2;2;A01
201100050739;0;7;0;0;0;4;1;B01
201100050740;0;32;0;0;2;1;2;A01
201100050740;0;7;0;0;2;4;1;B01
201100050741;0;7;0;0;2;3;15;A01
201100050741;0;33;0;0;2;2;17;B01
201100050742;0;7;0;0;2;6;15;B01
201100050742;0;7;0;0;2;3;1;A01
201100050743;0;7;0;0;0;0;15;A01
201100050743;0;33;0;0;0;8;21;B01
201100050744;0;32;0;0;2;3;1;A01
201100050744;0;7;0;0;0;2;14;B01
201100050745;0;33;0;0;2;2;1;B01
201100050745;0;2;0;0;2;1;15;A01
201100050746;0;7;0;0;0;7;15;A01
201100050746;0;32;0;0;0;1;1;B01
201100050747;0;10;0;0;0;7;1;B01
201100050747;0;7;0;0;2;1;1;A01
201100050748;0;32;0;0;2;1;2;B01
201100050748;0;7;0;0;2;1;15;A01
201100050749;0;1;0;0;1;1;1;A01
201100050750;0;7;0;0;0;8;1;A01
201100050750;0;33;0;0;0;4;0;B01
201100050751;0;2;0;0;0;1;13;A01
201100050752;0;33;0;0;2;2;1;B01
201100050753;0;7;0;0;1;2;2;A01
201100050754;0;7;0;0;1;1;1;A01
201100050755;0;37;1;0;2;5;1;A01
201100050756;0;7;0;0;1;7;1;A01
201100050757;0;7;0;0;1;7;9;A01
201100050758;0;7;0;0;2;4;23;B01
201100050758;0;7;0;0;2;1;2;A01
201100050759;1;7;0;0;1;1;1;A01
201100050760;0;7;0;0;1;1;1;A01
201100050761;0;7;0;0;1;6;1;A01
201100050762;0;7;0;0;1;1;15;A01
201100050763;1;7;0;0;1;1;1;A01
201100050764;0;30;0;0;2;7;1;A01
201100050764;0;7;0;0;2;1;15;B01
201100050765;0;7;0;0;2;2;12;B01
201100050765;0;30;0;0;2;8;12;A01
201100050766;0;37;1;0;1;2;16;A01
201100050767;0;2;0;9;0;1;1;A01
201100050768;0;7;0;0;1;1;1;A01
201100050769;0;31;0;0;2;2;17;B01
201100050769;0;7;0;0;2;8;15;A01
201100050770;0;7;0;1;0;1;1;A01
201100050771;0;2;0;0;0;2;1;A01
201100050772;1;7;0;0;2;8;15;B01
201100050772;0;31;0;0;2;1;1;A01
201100050773;0;30;0;0;2;1;1;A01
201100050773;0;7;0;0;2;7;1;B01
201100050774;0;32;0;0;2;1;17;A01
201100050774;0;7;0;0;2;6;15;B01
201100050775;0;7;0;0;2;3;10;A01
201100050775;0;31;0;0;2;5;17;B01
201100050776;0;7;0;0;1;1;1;A01
201100050777;0;7;0;0;1;2;1;A01