num_acc;senc;catv;occutc;obs;obsm;choc;manv;num_veh
201100051151;0;7;0;0;0;0;15;A01
201100051152;0;7;0;0;2;1;2;A01
201100051152;0;7;0;0;1;4;1;B01
201100051153;0;7;0;8;2;2;17;A01
201100051153;0;7;0;0;2;3;15;B01
201100051154;0;7;0;0;2;2;10;A01
201100051154;0;33;0;0;2;1;1;B01
201100051155;0;7;0;6;0;1;1;A01
201100051156;0;10;0;0;2;2;2;A01
201100051156;0;7;0;0;0;6;23;B01
201100051157;0;7;0;0;1;1;9;A01
201100051158;0;7;0;0;2;1;9;A01
201100051158;0;1;0;2;2;1;5;B01
201100051159;0;30;0;0;2;1;2;A01
201100051159;0;7;0;0;2;5;1;B01
201100051160;0;33;0;1;0;2;1;A01
201100051161;0;1;0;0;2;1;2;A01
201100051161;0;7;0;0;0;4;1;B01
201100051162;0;7;0;0;1;5;20;A01
201100051163;0;10;0;0;1;1;1;A01
201100051164;0;7;0;0;1;1;1;A01
201100051165;0;7;0;14;2;1;2;A01
201100051165;0;7;0;0;2;9;2;B01
201100051165;0;7;0;0;2;8;2;C01
201100051165;0;10;0;0;2;9;2;D01
201100051165;0;7;0;0;2;4;2;E01
201100051166;0;7;0;1;0;3;1;A01
201100051167;0;21;0;0;2;2;15;A01
201100051167;0;33;0;0;2;1;1;B01
201100051168;0;37;1;0;2;1;1;A01
201100051168;0;14;0;0;2;7;15;B01
201100051169;0;33;0;0;2;7;2;B01
201100051169;0;10;0;0;2;8;15;A01
201100051170;0;7;0;0;2;1;15;A01
201100051170;0;15;0;0;2;0;2;B01
201100051170;0;15;0;0;2;1;2;C01
201100051171;0;7;0;0;2;2;1;B01
201100051171;0;7;0;0;2;2;9;A01
201100051172;0;37;0;0;0;3;2;B01
201100051172;0;7;0;0;0;7;2;A01
201100051173;0;7;0;0;0;3;0;A01
201100051174;0;10;0;0;2;1;0;A01
201100051174;0;7;0;0;2;8;1;B01
201100051175;0;10;0;0;0;1;5;A01
201100051175;0;7;0;0;0;7;1;B01
201100051176;0;2;0;8;0;1;2;A01
201100051177;0;7;0;0;2;3;15;A01
201100051177;0;30;0;0;0;1;1;B01
201100051178;0;34;0;1;2;2;17;B01
201100051178;0;7;0;0;2;3;13;A01
201100051179;0;7;0;0;0;1;0;A01
201100051180;0;7;0;0;0;3;15;A01
201100051181;0;7;0;0;0;4;0;B01
201100051181;0;7;0;0;0;1;0;A01
201100051182;0;7;0;4;0;3;1;A01
201100051183;0;2;0;0;2;1;2;A01
201100051183;0;10;0;0;2;6;2;B01
201100051184;0;7;0;0;1;4;4;A01
201100051185;0;7;0;0;1;3;1;A01
201100051186;0;7;0;0;2;8;9;A01
201100051186;0;7;0;0;2;2;1;B01
201100051187;0;37;0;0;1;2;7;A01
201100051188;0;7;0;0;2;3;20;A01
201100051188;0;33;0;0;2;1;1;B01
201100051189;0;33;0;0;2;1;0;B01
201100051189;0;7;0;0;0;0;0;A01
201100051190;0;15;0;0;0;2;1;A01
201100051191;0;7;0;0;1;1;0;A01
201100051192;0;7;0;0;2;1;1;B01
201100051192;0;7;0;0;2;1;13;A01
201100051193;0;30;0;0;0;7;1;A01
201100051194;0;7;0;14;2;5;4;A01
201100051194;0;7;0;0;2;2;9;B01
201100051195;0;34;0;4;0;7;1;A01
201100051196;0;7;0;15;0;3;1;A01
201100051197;0;7;0;0;2;3;15;A01
201100051197;0;30;0;0;2;7;17;B01
201100051198;0;7;0;0;2;4;23;B01
201100051198;0;7;0;0;2;4;23;C01
201100051198;0;7;0;0;2;1;2;A01
201100051199;0;7;0;0;1;1;1;A01
201100051200;0;34;0;14;9;8;1;A01
201100051201;0;2;0;0;2;1;1;B01
201100051201;0;7;0;0;2;2;15;A01
201100051202;0;7;0;1;0;7;14;A01
201100051203;0;7;0;0;2;1;15;A01
201100051203;0;7;0;0;2;8;1;C01
201100051203;0;7;0;0;2;6;1;B01
201100051204;0;30;0;0;0;8;1;A01
201100051205;0;10;0;0;1;1;1;A01
201100051206;0;33;0;0;2;1;2;A01
201100051206;0;7;0;0;2;6;1;B01
201100051207;0;7;0;0;1;7;1;A01
201100051208;0;7;0;1;0;9;1;A01
201100051209;0;7;0;12;2;5;1;B01
201100051209;0;33;0;0;2;1;1;A01
201100051210;0;7;0;8;0;1;1;A01
201100051211;0;10;0;0;1;4;4;A01
201100051212;0;2;0;0;0;8;1;A01
201100051213;0;1;0;1;0;1;1;B01
201100051213;0;7;0;0;2;8;22;A01
201100051214;0;10;0;0;1;1;1;A01
201100051215;0;7;0;0;1;1;1;A01
201100051216;0;30;0;0;2;4;23;B01
201100051216;0;7;0;0;2;1;2;A01
201100051217;0;7;0;0;1;3;1;A01
201100051218;1;7;0;0;1;2;7;Z01
201100051219;0;32;0;0;0;8;1;A01
201100051220;0;33;0;0;2;7;1;A01
201100051220;0;1;0;0;2;8;11;B01
201100051221;0;33;0;0;2;8;1;B01
201100051221;0;7;0;0;2;3;15;A01
201100051222;0;7;0;0;2;2;15;A01
201100051222;0;32;0;0;2;8;1;B01
201100051223;0;2;0;0;2;1;2;A01
201100051223;0;7;0;0;2;4;16;B01
201100051224;0;2;0;1;0;1;1;A01
201100051225;0;7;0;0;2;2;12;A01
201100051225;0;31;0;0;2;8;1;B01
201100051226;0;31;0;0;2;1;17;A01
201100051226;0;7;0;0;2;8;15;B01
201100051227;0;7;0;0;1;4;20;A01
201100051228;0;7;0;0;2;1;1;A01
201100051228;0;7;0;0;2;8;1;B01
201100051229;0;7;0;0;1;3;15;A01
201100051230;0;7;0;0;2;1;1;A01
201100051230;0;7;0;9;2;7;1;B01
201100051231;0;7;0;0;1;2;15;A01
201100051232;0;31;0;0;2;2;2;A01
201100051232;0;7;0;0;0;6;1;B01
201100051233;0;7;0;0;1;1;1;A01
201100051234;0;7;0;0;2;2;12;A01
201100051234;0;7;0;0;2;6;23;B01
201100051235;0;7;0;0;1;7;1;A01
201100051236;0;33;0;0;1;1;21;A01
201100051237;0;33;0;0;1;7;21;A01
201100051238;0;33;0;0;2;1;2;A01
201100051238;0;33;0;0;2;5;16;B01
201100051239;0;2;0;16;0;1;1;A01
201100051240;0;7;0;0;1;4;4;A01
201100051241;0;7;0;0;1;2;15;A01
201100051242;0;33;0;1;0;1;21;A01
201100051243;0;7;0;0;2;1;1;A01
201100051243;0;7;0;0;2;8;15;B01
201100051244;0;7;0;0;2;8;22;A01
201100051244;0;33;0;1;2;1;21;B01
201100051245;0;37;1;0;1;1;21;A01
201100051246;0;10;0;0;1;4;4;A01
201100051247;0;7;0;0;2;2;1;B01
201100051247;0;31;0;0;2;1;1;A01
201100051248;0;15;0;0;2;5;1;B01
201100051248;0;37;1;0;2;6;23;C01
201100051248;0;30;0;1;2;9;21;A01
201100051249;0;10;0;0;0;4;23;B01
201100051249;0;7;0;0;0;4;23;C01
201100051249;0;7;0;14;0;1;2;A01
201100051250;0;31;0;0;2;1;1;A01
201100051250;0;7;0;0;2;4;9;B01
201100051251;0;30;0;0;0;7;1;A01
201100051252;0;33;0;0;2;7;1;B01
201100051252;0;7;0;0;2;3;1;A01
201100051253;0;7;0;0;1;2;21;A01
201100051254;0;7;0;0;1;4;4;A01
201100051255;0;7;0;0;0;8;10;A01
201100051255;0;31;0;14;2;1;1;B01
201100051256;0;10;0;0;1;5;4;A01
201100051257;0;1;0;0;2;3;1;B01
201100051257;0;13;0;0;0;5;16;A01
201100051258;0;7;0;0;1;2;1;A01
201100051259;0;34;0;0;2;7;15;A01
201100051259;0;10;0;0;2;6;17;B01
201100051260;0;2;0;0;2;2;17;A01
201100051260;0;10;0;0;2;3;15;B01
201100051261;0;32;0;16;0;0;3;A01
201100051262;0;7;0;0;2;7;16;A01
201100051262;0;30;0;0;2;1;1;B01
201100051263;0;10;0;0;1;7;1;A01
201100051264;0;33;0;0;2;1;1;A01
201100051264;0;7;0;0;2;7;15;B01
201100051265;0;34;0;1;0;8;21;B01
201100051265;0;7;0;0;2;2;12;A01
201100051266;0;37;1;0;2;8;1;B01
201100051266;0;10;0;9;2;7;11;A01
201100051267;0;7;0;15;0;2;1;A01
201100051268;0;7;0;14;0;1;1;A01
201100051269;0;33;0;1;0;1;1;A01
201100051270;0;13;0;0;1;2;1;A01
201100051271;0;2;0;0;1;7;1;A01
201100051272;0;7;0;0;2;1;2;A01
201100051272;0;1;0;0;0;4;1;B01
201100051273;0;7;0;0;2;3;2;A01
201100051273;0;33;0;0;2;5;12;B01
201100051274;0;7;0;0;2;1;11;A01
201100051274;0;7;0;0;2;5;23;B01
201100051274;0;7;0;0;0;4;23;C01
201100051275;0;7;0;0;1;1;1;A01
201100051276;0;7;0;0;1;7;1;A01
201100051277;0;10;0;0;1;3;1;A01
201100051277;0;10;0;0;2;7;1;B01
201100051278;0;7;0;0;0;5;23;A01
201100051278;0;1;0;0;2;1;2;B01
201100051279;1;7;0;0;1;1;0;Z01
201100051280;0;7;0;0;2;3;2;A01
201100051280;0;1;0;0;2;4;1;B01
201100051281;0;7;0;0;1;2;1;A01
201100051282;0;32;0;0;2;1;18;A01
201100051282;0;14;0;0;2;7;16;B01
201100051283;0;34;0;12;0;1;1;A01
201100051284;0;7;0;0;2;1;15;A01
201100051284;0;1;0;0;2;1;19;B01
201100051285;0;7;0;0;1;2;15;A01
201100051286;0;7;0;0;1;2;1;A01
201100051287;0;10;0;0;0;5;4;A01
201100051287;0;30;0;0;0;1;18;B01
201100051288;0;7;0;8;2;7;15;A01
201100051288;0;7;0;0;2;1;1;B01
201100051289;0;7;0;0;2;1;2;A01
201100051289;0;1;0;0;2;4;1;B01
201100051290;0;7;0;0;2;3;15;A01
201100051290;0;30;0;0;2;3;1;B01
201100051291;0;2;0;0;1;7;8;Z01
201100051292;0;33;0;1;2;9;1;B01
201100051292;0;7;0;0;2;7;12;Z01
201100051293;0;99;0;0;2;1;8;A01
201100051293;0;7;0;0;2;3;16;B01
201100051294;0;7;0;0;1;1;15;A01
201100051295;0;10;0;0;1;1;1;A01
201100051296;0;10;0;0;1;2;1;A01
201100051297;0;7;0;0;2;3;1;A01
201100051297;0;1;0;0;2;6;19;B01
201100051298;0;2;0;0;2;2;17;A01
201100051298;0;7;0;0;2;3;15;B01
201100051299;0;7;0;0;2;3;21;A01
201100051299;0;1;0;0;2;1;17;B01
201100051300;0;34;0;0;0;7;1;A01
201100051301;0;7;0;0;1;2;9;A01
201100051302;0;2;0;0;2;1;13;A01
201100051302;0;7;0;0;2;8;1;B01
201100051303;0;2;0;0;2;2;17;A01
201100051303;1;7;0;0;2;3;10;Z01
201100051304;0;7;0;0;1;5;21;A01
201100051305;0;10;0;0;2;1;2;A01
201100051305;0;10;0;0;2;4;1;B01
201100051306;0;37;2;0;1;2;1;A01
201100051307;0;7;0;0;2;8;10;A01
201100051307;0;2;0;0;2;1;17;B01
201100051308;0;10;0;0;2;3;1;B01
201100051308;0;33;0;0;2;2;3;A01
201100051309;0;7;0;0;2;3;9;A01
201100051309;0;33;0;0;2;1;13;B01
201100051310;0;7;0;0;1;1;2;A01
201100051311;0;33;0;0;0;3;15;A01
201100051312;0;33;0;12;0;0;1;A01
201100051313;0;7;0;0;0;5;0;C01
201100051313;0;10;0;0;0;6;0;B01
201100051313;0;7;0;0;2;1;1;A01
201100051313;0;37;1;0;0;4;0;D01
201100051314;0;7;0;0;1;1;1;A01
201100051315;0;32;0;16;0;0;1;A01
201100051316;1;7;0;0;2;1;2;A01
201100051316;0;30;0;0;2;4;23;B01
201100051317;0;7;0;0;1;1;16;A01
201100051318;0;10;0;0;1;4;4;A01
201100051319;0;7;0;0;1;1;1;A01
201100051320;0;33;0;0;1;1;15;A01
201100051321;0;33;0;0;2;4;13;A01
201100051321;1;7;0;0;2;2;15;Z01
201100051322;0;1;0;14;0;1;1;A01
201100051323;0;33;0;0;0;8;1;B01
201100051324;0;33;0;0;2;1;1;B01
201100051324;0;10;0;0;2;8;15;A01
201100051325;0;7;0;0;2;4;15;A01
201100051325;0;2;0;0;2;1;17;B01
201100051326;0;30;0;0;2;1;21;A01
201100051326;1;7;0;0;2;4;15;Z01
201100051327;0;7;0;0;2;1;2;B01
201100051327;0;7;0;0;2;4;23;A01
201100051328;0;7;0;0;1;1;1;A01
201100051329;0;7;0;0;1;3;1;A01
201100051330;0;7;0;0;1;1;1;A01
201100051331;0;7;0;0;2;1;1;B01
201100051331;0;7;0;0;2;3;1;A01
201100051332;0;7;0;0;2;2;1;A01
201100051332;0;7;0;0;2;3;16;B01
201100051333;0;7;0;0;2;1;2;A01
201100051333;0;7;0;0;2;3;15;B01
201100051334;0;32;0;0;2;2;2;B01
201100051334;0;7;0;0;2;6;15;A01
201100051335;0;7;0;0;2;6;15;A01
201100051335;0;32;0;0;2;1;17;B01
201100051336;0;2;0;0;2;1;1;A01
201100051336;0;7;0;0;2;6;1;B01
201100051337;0;33;0;0;2;9;21;B01
201100051337;0;7;0;0;2;7;10;A01
201100051338;0;10;0;0;2;2;12;A01
201100051338;0;10;0;0;2;8;1;B01
201100051339;0;7;0;0;2;2;1;A01
201100051339;0;7;0;0;2;3;1;B01
201100051340;0;10;0;0;1;1;1;A01
201100051341;0;7;0;0;2;3;1;B01
201100051341;0;1;0;0;2;8;19;A01
201100051342;0;30;0;0;2;8;1;B01
201100051342;0;7;0;0;2;1;1;A01
201100051343;0;33;0;0;2;8;1;B01
201100051343;0;7;0;0;2;6;15;A01
201100051344;0;7;0;0;2;2;12;A01
201100051344;0;30;0;0;2;5;1;B01
201100051345;0;7;0;0;2;4;23;C01
201100051345;0;7;0;0;2;4;2;B01
201100051345;0;7;0;0;2;1;2;A01
201100051346;0;7;0;0;1;3;15;A01
201100051347;0;7;0;0;2;2;1;A01
201100051347;0;1;0;0;2;1;9;B01
201100051348;0;30;0;0;2;1;3;A01
201100051348;0;7;0;0;2;2;9;B01
201100051349;0;7;0;0;2;7;15;A01
201100051349;0;31;0;0;2;1;1;B01
201100051350;0;7;0;0;1;2;1;A01
201100051351;0;1;0;0;2;8;1;B01
201100051351;0;7;0;0;2;7;17;A01
201100051352;0;31;0;0;2;1;17;A01
201100051352;0;7;0;0;2;3;15;B01
201100051353;0;32;0;0;1;3;21;A01
201100051354;0;7;0;0;2;2;1;B01
201100051354;0;30;0;0;2;8;18;A01
201100051355;0;2;0;12;0;0;10;A01
201100051356;0;7;0;8;0;1;16;A01
201100051357;0;7;0;0;2;3;1;B01
201100051357;0;7;0;0;2;1;1;A01
201100051358;0;7;0;0;2;6;15;B01
201100051358;0;32;0;1;2;9;17;A01
201100051359;0;7;0;15;0;1;1;A01
201100051360;0;37;1;0;1;1;16;A01
201100051361;0;7;0;0;1;2;1;A01
201100051362;0;30;0;0;2;1;2;A01
201100051362;0;7;0;0;0;4;23;B01
201100051363;0;14;0;0;0;7;16;B01
201100051363;0;30;0;0;2;1;9;A01
201100051364;0;7;0;0;2;1;1;A01
201100051364;0;7;0;0;2;8;1;B01
201100051365;0;34;0;0;2;1;1;B01
201100051365;0;7;0;0;2;1;19;A01
201100051366;0;33;0;0;2;2;17;A01
201100051366;0;7;0;0;2;6;15;B01
201100051367;0;7;0;0;2;3;15;A01
201100051367;0;33;0;0;2;7;17;B01
201100051368;0;7;0;0;2;1;1;A01
201100051368;0;7;0;0;2;7;1;B01
201100051369;0;7;0;0;1;2;1;A01
201100051370;0;7;0;0;2;2;15;A01
201100051370;0;32;0;0;2;8;1;B01
201100051371;0;7;0;0;2;2;15;A01
201100051371;0;7;0;0;2;3;1;B01
201100051372;0;7;0;0;0;0;15;A01
201100051372;0;33;0;0;0;0;1;B01
201100051373;0;1;0;0;1;1;1;A01
201100051374;0;10;0;0;2;3;20;A01
201100051374;0;32;0;0;2;7;1;B01
201100051375;0;33;0;0;1;1;1;A01
201100051376;0;7;0;0;2;2;1;B01
201100051376;0;7;0;0;2;1;1;A01
201100051377;0;32;0;0;2;7;1;B01
201100051377;0;7;0;0;2;7;1;A01
201100051378;0;7;0;0;1;1;15;A01
201100051379;0;7;0;0;2;8;1;B01
201100051379;0;7;0;0;2;1;1;A01
201100051380;0;7;0;0;1;2;1;A01
201100051381;0;30;0;0;2;3;11;A01
201100051381;0;30;0;0;2;5;1;B01
201100051382;0;7;0;0;1;4;4;A01
201100051383;0;30;0;0;2;7;1;A01
201100051383;0;7;0;0;2;6;1;B01
201100051384;0;37;1;0;2;1;1;A01
201100051384;0;7;0;0;0;4;23;B01
201100051385;0;7;0;0;2;6;15;A01
201100051385;0;33;0;0;2;1;2;B01
201100051386;0;7;0;0;2;3;10;A01
201100051386;0;33;0;0;2;7;1;B01
201100051387;0;7;0;0;2;2;15;A01
201100051387;0;30;0;0;2;1;16;B01
201100051388;0;33;0;0;1;8;1;A01
201100051389;0;30;0;0;2;1;1;A01
201100051389;0;7;0;0;2;6;23;B01
201100051390;0;30;0;0;2;0;21;A01
201100051390;1;7;0;0;2;0;12;Z01
201100051391;0;7;0;0;2;6;20;A01
201100051391;0;32;0;0;2;1;1;B01
201100051391;1;10;0;0;9;0;1;Z01
201100051392;0;30;0;0;2;1;1;B01
201100051392;0;7;0;0;2;2;10;A01
201100051393;0;7;0;0;2;1;1;A01
201100051393;0;7;0;0;2;4;23;B01
201100051394;0;7;0;0;1;1;1;A01
201100051395;0;7;0;0;2;8;1;A01
201100051395;0;7;0;0;2;8;1;B01
201100051396;0;7;0;0;1;2;16;A01
201100051397;0;34;0;0;2;2;3;A01
201100051397;0;7;0;0;2;3;15;B01
201100051398;0;7;0;0;2;1;1;B01
201100051398;0;7;0;0;2;7;10;A01
201100051399;0;7;0;0;2;2;15;A01
201100051399;0;30;0;0;2;3;1;B01
201100051400;0;30;0;0;2;1;2;A01
201100051400;0;7;0;0;2;4;1;B01
201100051401;0;7;0;0;2;1;1;B01
201100051401;0;1;0;0;2;5;1;A01
201100051402;1;7;0;0;2;3;15;B01
201100051402;0;2;0;0;2;3;17;A01
201100051403;0;7;0;0;2;4;1;B01
201100051403;0;30;0;0;2;2;2;A01
201100051404;0;34;0;0;2;8;1;B01
201100051404;0;7;0;0;2;6;1;A01
201100051405;0;1;0;0;2;1;9;A01
201100051405;0;7;0;0;2;5;15;B01
201100051406;0;7;0;0;2;2;9;A01
201100051406;0;33;0;0;2;1;21;B01
201100051407;0;7;0;0;2;2;15;B01
201100051407;0;32;0;0;2;1;1;A01
201100051408;0;7;0;14;2;1;1;A01
201100051409;0;7;0;0;1;2;1;A01
201100051410;0;7;0;0;1;1;1;A01
201100051411;0;7;0;0;1;3;1;A01
201100051412;1;7;0;0;1;1;1;A01
201100051413;0;7;0;0;2;8;16;B01
201100051413;0;7;0;0;2;2;10;A01
201100051414;0;33;0;0;1;2;1;A01
201100051415;0;30;0;0;2;2;2;A01
201100051415;0;7;0;0;0;3;15;B01
201100051416;0;33;0;0;1;1;1;A01
201100051417;0;7;0;0;2;3;15;B01
201100051417;0;34;0;0;2;2;17;A01
201100051418;0;33;0;15;2;1;17;A01
201100051418;0;7;0;0;2;2;1;B01
201100051419;0;2;0;0;2;2;1;A01
201100051419;1;7;0;0;2;8;10;B01
201100051420;0;7;0;0;2;2;1;A01
201100051420;0;1;0;0;0;5;14;B01
201100051421;0;7;0;0;2;3;9;A01
201100051421;0;2;0;0;2;1;1;B01
201100051422;0;7;0;0;2;7;12;A01
201100051422;0;33;0;0;2;1;1;B01
201100051423;0;7;0;0;1;6;4;A01
201100051424;0;7;0;0;1;7;1;A01
201100051425;0;7;0;0;0;4;1;A01
201100051425;0;2;0;0;2;1;2;B01
201100051426;0;7;0;0;2;8;15;A01
201100051426;0;33;0;0;2;1;17;B01
201100051427;0;7;0;0;2;2;1;A01
201100051427;0;10;0;0;2;3;1;B01
201100051428;0;7;0;0;0;3;1;B01
201100051428;0;33;0;0;2;1;1;A01
201100051429;0;33;0;0;2;7;3;B01
201100051429;0;10;0;0;2;3;13;A01
201100051430;0;7;0;0;2;5;20;A01
201100051430;0;32;0;0;2;3;1;B01
201100051431;0;7;0;0;2;1;2;A01
201100051431;0;7;0;0;2;4;1;B01
201100051432;0;7;0;1;0;2;1;A01
201100051432;0;7;0;0;2;3;22;B01
201100051433;0;7;0;0;0;6;16;B01
201100051433;0;7;0;0;2;2;2;A01
201100051434;0;7;0;0;2;4;23;C01
201100051434;0;7;0;0;2;4;2;B01
201100051434;0;7;0;0;2;1;2;A01
201100051435;0;30;0;9;0;1;1;A01
201100051436;0;1;0;0;2;8;1;B01
201100051436;0;7;0;0;9;1;9;A01
201100051437;0;7;0;0;2;1;2;A01
201100051437;0;32;0;0;2;4;1;B01
201100051438;0;1;0;0;2;2;19;B01
201100051438;0;7;0;0;2;1;1;A01
201100051439;0;7;0;2;0;1;1;A01
201100051440;0;7;0;0;2;3;19;A01
201100051440;0;30;0;0;2;4;21;B01
201100051441;0;10;0;0;2;1;2;A01
201100051441;0;33;0;0;1;4;1;B01
201100051442;0;1;0;0;2;1;1;B01
201100051442;0;7;0;0;2;8;1;A01
201100051443;0;30;0;0;2;2;1;A01
201100051443;0;7;0;0;2;3;15;B01
201100051444;0;7;0;0;1;7;1;A01
201100051445;0;7;0;0;1;1;1;A01
201100051446;0;7;0;0;0;2;2;A01
201100051446;0;1;0;0;0;4;23;B01
201100051447;0;30;0;0;2;8;1;B01
201100051447;0;7;0;0;2;2;16;A01
201100051448;0;33;0;0;1;1;1;A01
201100051449;0;30;0;0;1;1;1;A01
201100051450;0;7;0;0;0;5;15;B01
201100051450;0;33;0;0;2;1;1;A01
201100051451;0;1;0;1;0;5;1;A01
201100051451;0;7;0;0;2;8;22;B01
201100051452;0;33;0;0;0;1;2;A01
201100051452;0;33;0;0;0;4;16;B01
201100051453;0;7;0;0;1;5;4;A01
201100051454;0;7;0;0;1;1;15;A01
201100051455;0;7;0;0;2;3;16;A01
201100051455;0;31;0;0;2;2;1;B01
201100051456;0;7;0;0;1;1;15;A01
201100051457;0;7;0;0;2;2;1;A01
201100051457;0;7;0;0;2;1;16;B01
201100051458;0;7;0;0;2;1;2;A01
201100051458;0;7;0;0;2;4;1;B01
201100051459;0;7;0;1;0;2;21;A01
201100051460;0;31;0;0;2;7;17;A01
201100051460;0;7;0;0;2;3;15;B01
201100051461;0;33;0;0;2;3;1;B01
201100051461;0;10;0;0;2;2;20;A01
201100051462;0;7;0;0;2;7;15;A01
201100051462;0;7;0;0;2;3;1;B01
201100051463;0;7;0;0;1;4;4;A01
201100051464;0;1;0;0;2;1;9;A01
201100051464;0;10;0;0;2;1;1;B01
201100051465;0;7;0;0;2;3;1;B01
201100051465;0;31;0;0;2;1;1;A01
201100051466;0;33;0;0;2;1;17;B01
201100051466;0;7;0;0;0;6;15;A01
201100051467;0;7;0;0;1;1;1;A01
201100051468;0;37;35;0;2;2;1;A01
201100051468;0;10;0;0;2;3;20;B01
201100051469;0;7;0;0;2;8;11;A01
201100051469;0;33;0;0;2;1;1;B01
201100051470;0;7;0;0;1;2;1;A01
201100051471;0;1;0;0;1;1;1;A01
201100051472;0;30;0;0;2;1;2;A01
201100051472;0;7;0;0;0;4;1;B01
201100051473;0;30;0;1;0;2;1;A01
201100051474;0;7;0;0;1;3;1;A01
201100051475;2;30;0;0;1;1;1;A01
201100051476;0;7;0;0;2;2;2;A01
201100051476;0;7;0;0;0;6;1;B01
201100051477;0;30;0;0;1;1;1;A01
201100051478;0;14;0;0;2;3;2;A01
201100051478;0;33;0;0;0;5;1;B01
201100051479;0;7;0;0;1;3;1;A01
201100051480;0;7;0;0;2;1;2;A01
201100051480;0;32;0;0;2;4;1;B01
201100051481;0;7;0;0;1;3;1;B01
201100051482;0;7;0;0;2;1;15;A01
201100051482;0;7;0;0;0;3;2;B01
201100051483;0;7;0;0;2;7;1;B01
201100051483;0;10;0;0;2;1;1;A01
201100051484;0;7;0;0;0;4;1;B01
201100051484;0;7;0;0;2;1;1;A01
201100051485;0;7;0;6;0;3;1;A01
201100051486;0;33;0;0;2;1;2;A01
201100051486;0;7;0;0;0;6;1;B01
201100051487;0;7;0;1;0;9;14;C01
201100051488;0;7;0;0;2;3;10;A01
201100051488;0;7;0;0;2;2;1;B01
201100051489;0;30;0;0;2;1;1;S01
201100051489;0;7;0;0;2;3;15;D01
201100051490;0;2;0;0;0;3;13;A01
201100051490;0;7;0;0;2;3;1;B01
201100051491;0;7;0;0;2;1;15;A01
201100051491;0;2;0;0;2;8;1;B01
201100051492;0;7;0;0;2;8;1;B01
201100051492;0;33;0;0;2;7;1;A01
201100051493;0;33;0;1;2;1;1;B01
201100051493;0;1;0;0;2;3;5;A01
201100051494;0;2;0;0;2;2;17;A01
201100051494;0;7;0;0;2;3;15;B01
201100051495;0;7;0;0;0;2;2;B01
201100051495;0;7;0;0;2;3;15;A01
201100051496;0;7;0;0;2;2;15;A01
201100051496;0;7;0;0;2;1;1;B01
201100051497;0;7;0;0;2;3;15;A01
201100051497;0;32;0;0;2;8;1;B01
201100051498;0;7;0;0;2;3;11;A01
201100051498;0;2;0;0;2;1;1;B01
201100051499;0;33;0;0;2;1;1;A01
201100051499;0;7;0;0;2;2;15;B01
201100051500;0;7;0;0;1;2;1;A01
201100051501;0;32;0;0;2;1;2;A01
201100051501;0;7;0;0;2;7;2;B01
201100051502;0;30;0;0;2;3;2;B01
201100051502;1;10;0;0;2;5;12;A01
201100051503;0;10;0;0;2;1;2;A01
201100051503;0;10;0;0;2;4;23;B01
201100051504;0;2;0;1;2;1;18;A01
201100051504;0;10;0;0;2;2;16;B01
201100051505;0;30;0;0;2;2;3;A01
201100051505;0;7;0;0;2;3;15;B01
201100051506;0;3;0;0;1;1;15;A01
201100051507;0;7;0;0;1;1;1;A01
201100051508;0;32;0;0;2;1;2;B01
201100051508;0;7;0;0;0;6;13;A01
201100051509;0;7;0;0;1;3;0;A01
201100051510;0;33;0;0;2;8;11;B01
201100051510;0;7;0;0;2;1;2;A01
201100051511;0;7;0;0;2;1;1;B01
201100051511;0;7;0;0;2;2;1;A01
201100051512;0;7;0;0;2;2;15;A01
201100051512;0;37;2;0;2;1;1;B01
201100051513;0;7;0;0;1;7;1;A01
201100051514;0;2;0;0;2;1;1;A01
201100051514;0;7;0;0;2;3;1;B01
201100051515;0;7;0;0;1;2;16;A01
201100051516;0;37;15;0;1;2;1;A01
201100051517;0;30;0;0;2;5;1;A01
201100051517;0;10;0;0;2;1;1;B01
201100051518;0;7;0;0;2;1;2;A01
201100051518;0;7;0;0;2;4;23;B01
201100051519;1;33;0;0;2;8;9;G01
201100051519;0;7;0;1;2;1;15;B01
201100051519;0;7;0;1;2;1;1;A01
201100051519;0;7;0;0;2;2;2;C01
201100051520;0;7;0;0;1;1;16;A01
201100051521;0;7;0;0;2;2;1;A01
201100051521;0;7;0;0;2;3;9;B01
201100051522;0;30;0;0;2;7;3;A01
201100051522;0;7;0;0;2;3;1;B01
201100051523;0;7;0;0;1;1;1;A01
201100051524;0;1;0;1;0;1;1;B01
201100051524;0;7;0;0;2;8;22;A01
201100051525;0;7;0;0;1;3;1;A01
201100051526;0;7;0;0;2;4;1;B01
201100051526;0;3;0;0;2;1;2;A01
201100051527;0;7;0;0;2;1;1;B01
201100051527;0;33;0;0;2;1;17;A01
201100051528;0;33;0;0;2;7;1;B01
201100051528;0;7;0;0;2;3;16;A01
201100051529;0;7;0;0;1;2;1;A01
201100051530;0;7;0;0;2;1;1;B01
201100051530;0;7;0;0;2;7;1;A01
201100051531;0;7;0;1;1;1;15;A01
201100051532;0;7;0;0;2;6;15;A01
201100051532;0;34;0;0;2;1;17;B01
201100051533;0;7;0;0;2;3;23;C01
201100051533;0;2;0;0;2;1;1;A01
201100051533;0;7;0;0;2;1;15;B01