num_acc;senc;catv;occutc;obs;obsm;choc;manv;num_veh
201100051534;0;7;0;0;2;1;2;A01
201100051534;0;7;0;0;2;4;23;B01
201100051535;0;7;0;0;2;1;1;B01
201100051535;0;7;0;0;2;7;1;A01
201100051536;0;10;0;0;2;5;1;B01
201100051536;0;2;0;0;2;1;1;A01
201100051537;0;7;0;0;2;4;1;C01
201100051537;0;7;0;0;2;1;2;A01
201100051537;0;7;0;0;2;4;2;B01
201100051538;0;33;0;0;2;1;1;A01
201100051538;0;7;0;0;2;2;1;B01
201100051539;0;10;0;0;2;2;1;A01
201100051539;0;34;0;0;2;1;1;B01
201100051540;0;7;0;0;2;4;23;B01
201100051540;0;7;0;0;2;1;2;A01
201100051541;0;7;0;0;2;3;15;A01
201100051541;0;30;0;0;0;7;1;B01
201100051542;0;1;0;0;2;1;19;A01
201100051542;0;7;0;0;2;1;1;B01
201100051543;0;33;0;0;1;1;1;A01
201100051544;0;10;0;1;0;3;1;A01
201100051545;0;7;0;0;2;1;1;B01
201100051545;0;7;0;0;2;7;1;A01
201100051546;0;7;0;0;2;1;2;A01
201100051546;0;30;0;0;2;4;1;B01
201100051547;0;7;0;0;1;8;15;A01
201100051548;0;7;0;0;1;1;1;A01
201100051549;0;7;0;0;2;4;23;B01
201100051549;0;7;0;0;2;1;2;A01
201100051550;0;7;0;0;2;2;1;A01
201100051550;0;1;0;0;2;6;16;B01
201100051551;0;30;0;0;2;1;1;A01
201100051551;0;7;0;0;2;4;15;B01
201100051552;0;7;0;0;2;8;11;A01
201100051552;0;30;0;0;2;7;17;B01
201100051553;0;7;0;0;2;1;1;A01
201100051553;0;7;0;8;2;3;1;B01
201100051554;0;7;0;0;2;3;15;A01
201100051554;0;7;0;0;2;1;1;B01
201100051555;0;2;0;0;2;1;1;A01
201100051555;0;7;0;0;2;8;1;B01
201100051556;0;2;0;1;0;9;1;A01
201100051557;0;7;0;0;2;1;1;A01
201100051557;0;7;0;1;2;1;1;B01
201100051558;0;7;0;0;2;8;15;B01
201100051558;0;30;0;0;2;1;17;A01
201100051559;0;34;0;0;2;1;1;B01
201100051559;0;7;0;0;2;2;15;A01
201100051560;0;7;0;0;2;5;16;A01
201100051560;0;1;0;0;2;1;1;B01
201100051561;0;1;0;0;2;1;1;B01
201100051561;0;7;0;0;2;6;4;A01
201100051562;0;7;0;0;2;8;1;B01
201100051562;0;7;0;0;2;1;1;A01
201100051563;0;7;0;0;1;1;15;A01
201100051564;0;7;0;0;2;1;1;A01
201100051564;0;7;0;0;2;3;1;B01
201100051565;0;2;0;0;1;2;17;A01
201100051566;0;7;0;0;1;3;1;A01
201100051567;0;32;0;0;2;1;1;A01
201100051567;0;7;0;0;2;3;15;B01
201100051568;0;7;0;0;2;3;1;B01
201100051568;0;1;0;0;2;7;1;A01
201100051569;0;7;0;0;2;1;2;A01
201100051569;0;2;0;0;2;4;2;B01
201100051570;0;7;0;0;2;2;16;A01
201100051570;0;33;0;0;2;3;18;B01
201100051571;0;30;0;0;0;1;18;B01
201100051571;0;7;0;0;2;5;16;A01
201100051572;0;7;0;0;0;3;1;B01
201100051572;0;7;0;0;0;1;1;A01
201100051573;0;7;0;1;0;1;1;A01
201100051574;0;10;0;0;2;1;1;A01
201100051574;0;7;0;8;2;3;1;B01
201100051575;0;30;0;0;2;4;15;A01
201100051575;0;33;0;0;2;2;1;B01
201100051576;0;31;0;0;1;1;1;A01
201100051577;0;1;0;0;2;4;1;B01
201100051577;0;7;0;0;2;1;9;A01
201100051578;0;32;0;0;1;1;1;A01
201100051579;0;7;0;0;2;3;1;B01
201100051579;0;7;0;0;2;2;1;A01
201100051580;0;7;0;0;2;1;10;A01
201100051580;0;31;0;0;2;1;1;B01
201100051581;0;30;0;0;2;1;1;A01
201100051581;0;7;0;0;2;3;15;B01
201100051582;0;31;0;0;2;1;1;B01
201100051582;0;7;0;0;2;5;15;A01
201100051583;0;7;0;1;1;2;1;A01
201100051584;0;7;0;12;0;1;1;A01
201100051585;0;7;0;0;2;1;2;A01
201100051585;0;7;0;0;2;4;1;B01
201100051586;0;7;0;1;0;1;1;A01
201100051587;0;7;0;0;2;1;15;B01
201100051587;0;7;0;0;2;3;1;A01
201100051588;0;33;0;0;2;4;1;B01
201100051588;0;7;0;0;2;1;2;A01
201100051589;0;7;0;0;2;1;1;B01
201100051589;0;7;0;0;2;2;1;A01
201100051590;0;7;0;1;0;1;1;A01
201100051591;0;30;0;0;2;2;1;A01
201100051591;0;7;0;0;2;3;1;B01
201100051592;0;7;0;0;2;1;1;A01
201100051592;0;7;0;0;2;3;1;B01
201100051593;0;33;0;0;2;2;15;A01
201100051593;1;7;0;0;2;0;1;Z01
201100051594;0;7;0;0;2;1;23;A01
201100051594;0;7;0;0;2;1;1;B01
201100051595;0;10;0;0;2;1;2;A01
201100051595;0;30;0;0;2;4;23;B01
201100051596;0;7;0;0;2;1;1;A01
201100051596;0;7;0;0;2;7;1;B01
201100051597;0;37;1;0;2;0;15;A01
201100051597;0;31;0;0;2;0;17;B01
201100051598;0;7;0;0;0;2;15;A01
201100051598;0;30;0;0;0;8;1;B01
201100051599;0;7;0;1;0;3;1;A01
201100051600;0;7;0;0;2;2;1;B01
201100051600;0;7;0;0;2;3;15;A01
201100051601;0;30;0;0;0;1;17;A01
201100051601;0;7;0;0;0;6;17;B01
201100051602;0;7;0;14;0;1;0;A01
201100051603;0;34;0;2;0;1;1;A01
201100051604;0;32;0;0;1;2;1;A01
201100051605;0;7;0;0;2;1;1;A01
201100051605;0;7;0;15;2;8;1;B01
201100051606;0;30;0;0;1;1;1;A01
201100051607;0;2;0;0;2;1;1;A01
201100051607;0;7;0;0;2;6;1;B01
201100051608;0;7;0;0;1;2;14;B01
201100051608;1;7;0;0;1;1;0;Z01
201100051609;0;7;0;0;2;3;15;A01
201100051609;0;2;0;0;2;1;1;B01
201100051610;0;7;0;0;1;1;1;A01
201100051611;0;7;0;0;2;1;9;A01
201100051611;0;33;0;1;2;1;1;B01
201100051612;0;33;0;1;1;1;14;A01
201100051613;0;30;0;14;2;1;1;A01
201100051613;0;7;0;0;2;4;23;B01
201100051614;0;31;0;0;2;1;1;A01
201100051614;0;7;0;0;2;7;10;B01
201100051615;0;7;0;0;2;1;2;A01
201100051615;0;7;0;0;2;4;23;B01
201100051616;0;7;0;0;2;1;2;A01
201100051616;0;10;0;0;2;4;23;B01
201100051617;0;30;0;0;2;7;1;A01
201100051617;0;7;0;0;9;1;15;B01
201100051618;0;2;0;0;2;1;1;A01
201100051618;0;7;0;0;2;6;1;B01
201100051619;0;31;0;0;2;1;17;A01
201100051619;0;7;0;0;2;3;15;B01
201100051620;0;7;0;0;2;1;2;A01
201100051620;0;7;0;0;2;4;23;B01
201100051620;0;7;0;0;2;4;23;C01
201100051620;0;7;0;0;2;4;23;D01
201100051621;0;7;0;0;2;1;6;A01
201100051621;0;31;0;0;2;1;1;B01
201100051622;0;7;0;0;1;2;1;A01
201100051623;0;7;0;0;2;1;15;A01
201100051623;0;2;0;0;2;1;1;B01
201100051624;0;7;0;0;1;1;15;A01
201100051625;0;2;0;0;2;7;1;A01
201100051625;0;7;0;0;2;1;1;C01
201100051625;0;7;0;0;2;1;1;B01
201100051626;0;7;0;0;2;1;1;A01
201100051626;0;7;0;0;2;3;15;B01
201100051627;0;7;0;0;2;3;20;A01
201100051627;0;33;0;0;2;2;1;B01
201100051628;0;7;0;0;1;2;15;A01
201100051629;0;10;0;0;1;3;1;A01
201100051630;0;34;0;0;2;7;1;A01
201100051630;0;10;0;0;2;1;1;B01
201100051631;0;7;0;0;2;3;19;A01
201100051631;0;32;0;0;2;7;17;B01
201100051632;0;7;0;0;1;1;23;A01
201100051633;0;30;0;0;2;7;1;A01
201100051633;0;7;0;0;2;8;1;B01
201100051634;0;15;0;0;1;1;1;A01
201100051635;0;10;0;0;1;1;15;A01
201100051636;0;31;0;0;2;2;17;A01
201100051636;0;7;0;0;2;3;15;B01
201100051637;0;34;0;0;2;1;15;A01
201100051637;0;7;0;0;2;1;1;B01
201100051638;0;7;0;0;2;2;15;A01
201100051638;0;7;0;8;2;3;1;B01
201100051639;0;7;0;0;2;1;2;B01
201100051639;0;7;0;0;2;7;1;A01
201100051640;0;7;0;15;0;3;1;A01
201100051641;0;7;0;0;2;8;15;B01
201100051641;0;30;0;0;2;7;17;A01
201100051642;1;7;0;0;1;1;1;Z01
201100051643;0;7;0;0;2;1;15;A01
201100051643;0;1;0;0;2;1;19;B01
201100051644;0;7;0;0;2;1;15;A01
201100051644;0;7;0;0;2;1;1;B01
201100051645;0;7;0;0;2;1;15;A01
201100051645;0;7;0;0;2;1;1;B01
201100051646;0;7;0;0;2;1;2;A01
201100051646;0;38;1;0;2;4;1;B01
201100051647;0;7;0;0;0;1;1;A01
201100051648;0;7;0;0;2;6;10;A01
201100051648;0;7;0;0;2;1;1;B01
201100051649;0;7;0;0;2;1;1;C01
201100051649;0;99;0;0;2;9;1;A01
201100051649;0;7;0;0;2;8;11;B01
201100051650;0;33;0;0;2;3;1;A01
201100051650;0;7;0;0;2;3;15;B01
201100051651;0;7;0;0;2;4;2;B01
201100051651;0;7;0;0;2;4;1;D01
201100051651;0;7;0;0;2;4;2;C01
201100051651;0;7;0;0;2;1;2;A01
201100051652;0;7;0;0;2;1;1;A01
201100051652;0;7;0;0;2;1;1;B01
201100051653;0;2;0;14;0;1;17;A01
201100051654;0;30;0;0;2;1;12;B01
201100051654;0;7;0;0;2;3;1;A01
201100051655;0;30;0;0;2;1;17;A01
201100051655;0;7;0;0;0;3;15;B01
201100051656;0;7;0;0;2;2;10;A01
201100051656;0;33;0;0;2;1;1;B01
201100051657;0;7;0;0;2;1;13;A01
201100051657;0;7;0;0;2;1;1;C01
201100051657;0;32;0;0;2;7;1;B01
201100051658;0;7;0;0;2;4;1;B01
201100051658;0;7;0;0;2;1;2;A01
201100051659;0;7;0;0;2;4;1;B01
201100051659;0;7;0;0;2;4;1;C01
201100051659;0;7;0;0;2;1;2;A01
201100051660;0;7;0;0;2;4;23;B01
201100051660;1;7;0;0;2;1;2;Z01
201100051661;0;34;0;0;0;1;1;A01
201100051662;0;7;0;0;2;4;23;B01
201100051662;0;33;0;0;2;1;2;A01
201100051663;0;7;0;0;2;4;23;A01
201100051663;1;7;0;0;2;1;2;Z01
201100051664;0;7;0;0;1;1;1;A01
201100051665;0;7;0;0;1;1;1;A01
201100051666;0;13;0;0;2;7;1;A01
201100051666;0;33;0;0;0;8;1;B01
201100051667;0;7;0;0;1;1;1;A01
201100051668;0;7;0;0;0;4;1;B01
201100051668;0;7;0;0;2;1;2;A01
201100051669;0;7;0;0;1;1;15;A01
201100051670;0;33;0;0;2;1;1;A01
201100051670;0;37;2;0;2;2;15;B01
201100051671;0;7;0;9;0;1;1;A01
201100051672;0;7;0;0;1;1;1;A01
201100051673;0;33;0;0;0;8;1;A01
201100051674;0;30;0;0;2;1;2;A01
201100051674;0;10;0;0;2;4;1;B01
201100051675;0;7;0;0;1;4;4;A01
201100051676;0;7;0;0;2;3;1;B01
201100051676;0;7;0;0;2;2;1;A01
201100051677;0;33;0;1;2;1;1;A01
201100051677;0;7;0;0;2;6;15;B01
201100051678;0;30;0;6;0;1;1;A01
201100051679;0;31;0;0;0;7;1;A01
201100051680;0;32;0;0;2;1;1;C01
201100051680;0;17;0;6;2;1;21;A01
201100051680;0;7;0;0;2;6;1;B01
201100051681;0;7;0;0;2;2;1;B01
201100051681;0;30;0;0;2;8;9;A01
201100051682;0;7;0;0;1;1;1;A01
201100051683;0;7;0;1;0;1;1;A01
201100051684;0;7;0;0;2;4;23;B01
201100051684;0;7;0;0;2;1;1;A01
201100051685;0;2;0;0;0;7;1;A01
201100051686;0;2;0;0;0;4;2;B01
201100051686;1;10;0;0;2;1;2;Z01
201100051687;0;17;0;0;2;6;1;B01
201100051687;0;33;0;0;2;7;17;A01
201100051688;0;7;0;0;1;8;1;A01
201100051689;0;7;0;9;0;1;1;A01
201100051690;0;33;0;0;2;8;1;A01
201100051690;0;7;0;0;2;7;12;B01
201100051691;0;7;0;1;0;1;1;A01
201100051692;0;7;0;0;2;1;1;A01
201100051692;0;30;0;0;2;8;1;B01
201100051693;0;7;0;0;2;8;13;A01
201100051693;0;2;0;0;2;1;17;B01
201100051694;0;7;0;0;1;4;20;A01
201100051695;0;7;0;6;0;1;16;A01
201100051696;0;7;0;0;1;3;1;A01
201100051697;0;33;0;0;0;1;1;B01
201100051697;0;7;0;0;2;5;15;A01
201100051698;0;7;0;0;2;1;2;A01
201100051698;0;7;0;0;2;4;1;B01
201100051699;0;14;0;0;1;0;1;Z01
201100051700;1;7;0;0;1;1;1;Z01
201100051701;0;7;0;0;2;3;9;A01
201100051701;0;34;0;0;2;1;1;B01
201100051702;1;7;0;0;1;1;1;Z01
201100051703;0;37;1;0;1;7;1;A01
201100051704;0;7;0;15;0;1;1;A01
201100051705;0;7;0;0;2;1;17;A01
201100051705;0;33;0;0;2;1;1;B01
201100051706;0;2;0;12;0;1;1;A01
201100051707;0;13;0;0;0;4;1;C01
201100051707;0;34;0;0;2;1;2;A01
201100051707;0;34;0;0;2;1;1;B01
201100051708;0;33;0;1;2;1;1;A01
201100051708;0;7;0;0;2;8;13;B01
201100051709;0;7;0;6;0;9;1;A01
201100051710;0;7;0;0;2;3;13;A01
201100051710;0;7;0;0;0;8;1;B01
201100051711;0;7;0;0;2;1;2;B01
201100051711;0;7;0;0;2;1;2;C01
201100051711;0;7;0;0;2;1;2;D01
201100051711;0;7;0;0;2;4;1;A01
201100051711;0;32;0;0;0;4;2;E01
201100051712;0;7;0;12;0;3;1;A01
201100051713;0;7;0;0;1;1;1;A01
201100051714;0;37;1;0;2;4;9;B01
201100051714;0;7;0;0;2;1;2;A01
201100051715;0;33;0;0;2;3;17;A01
201100051715;0;7;0;0;2;3;15;B01
201100051716;0;33;0;0;2;1;17;A01
201100051716;0;7;0;0;2;8;15;B01
201100051717;1;15;0;1;1;5;1;Z01
201100051718;0;7;0;0;2;2;1;B01
201100051718;0;7;0;0;2;6;23;C01
201100051718;0;30;0;0;2;1;1;A01
201100051719;1;30;0;0;1;1;1;Z01
201100051720;0;7;0;0;2;4;2;E01
201100051720;0;7;0;0;2;4;2;D01
201100051720;0;7;0;0;2;4;2;C01
201100051720;0;13;0;0;2;4;2;B01
201100051720;0;37;1;0;2;1;1;A01
201100051721;0;33;0;0;2;1;1;A01
201100051721;0;7;0;0;2;8;1;B01
201100051722;0;13;0;0;0;3;1;B01
201100051722;0;7;0;0;2;3;17;A01
201100051723;0;10;0;0;2;1;15;B01
201100051723;0;1;0;0;0;5;19;A01
201100051724;0;7;0;0;0;4;1;B01
201100051724;0;7;0;0;2;1;2;A01
201100051725;0;7;0;0;2;1;2;A01
201100051725;0;7;0;0;2;4;1;B01
201100051726;0;7;0;0;2;4;1;B01
201100051726;0;7;0;0;2;1;2;A01
201100051726;0;7;0;0;2;1;1;C01
201100051727;0;36;0;10;0;1;1;A01
201100051728;0;7;0;0;2;1;1;B01
201100051728;0;30;0;0;2;2;15;A01
201100051729;0;7;0;10;0;1;1;A01
201100051730;0;2;0;16;0;0;1;A01
201100051731;0;7;0;0;2;3;1;B01
201100051731;0;7;0;0;2;1;1;A01
201100051732;1;10;0;0;2;7;17;Z01
201100051732;0;1;0;0;2;8;1;B01
201100051733;0;30;0;0;2;1;17;A01
201100051733;0;7;0;0;2;3;15;B01
201100051734;1;99;0;8;0;1;1;A01
201100051735;1;2;0;0;1;1;1;Z01
201100051736;0;7;0;0;2;7;1;A01
201100051736;0;33;0;0;2;8;3;B01
201100051737;0;2;0;16;0;0;1;A01
201100051738;0;7;0;1;0;1;1;A01
201100051739;0;7;0;0;2;3;17;A01
201100051739;0;10;0;0;2;8;1;B01
201100051739;0;7;0;0;2;6;1;C01
201100051740;0;7;0;0;1;2;1;A01
201100051741;0;10;0;0;2;7;17;A01
201100051741;0;1;0;0;0;3;1;B01
201100051742;0;30;0;0;2;3;17;A01
201100051742;0;37;1;0;0;3;1;B01
201100051743;0;33;0;0;0;1;1;A01
201100051744;0;14;0;0;1;1;1;A01
201100051745;0;7;0;0;1;3;1;A01
201100051746;0;33;0;0;2;1;2;A01
201100051746;0;7;0;0;0;5;1;B01
201100051747;0;7;0;0;2;3;11;A01
201100051747;0;33;0;0;2;1;1;B01
201100051748;0;7;0;0;2;1;1;B01
201100051748;0;7;0;0;0;8;15;A01
201100051749;0;37;46;0;1;1;1;A01
201100051750;0;2;0;0;1;1;1;A01
201100051751;0;33;0;0;2;1;3;A01
201100051751;0;7;0;0;2;3;1;B01
201100051752;0;7;0;8;0;1;1;A01
201100051753;0;32;0;0;0;7;1;A01
201100051754;0;33;0;0;2;1;11;A01
201100051754;0;10;0;0;2;4;1;B01
201100051755;0;7;0;0;2;8;1;B01
201100051755;0;10;0;0;2;1;15;A01
201100051756;0;7;0;0;0;1;1;A01
201100051757;0;7;0;1;2;1;15;A01
201100051757;0;7;0;0;0;1;1;B01
201100051758;0;7;0;0;2;1;1;A01
201100051758;0;7;0;0;2;4;1;B01
201100051758;0;7;0;0;2;4;2;C01
201100051759;0;7;0;0;2;1;2;A01
201100051759;0;34;0;0;2;4;1;B01
201100051760;0;7;0;0;2;2;1;B01
201100051760;0;7;0;0;2;1;15;A01
201100051761;0;7;0;0;2;1;2;A01
201100051761;0;7;0;0;0;4;1;B01
201100051762;0;10;0;0;1;3;1;A01
201100051763;0;34;0;0;2;7;1;A01
201100051763;1;7;0;0;0;7;15;Z01
201100051764;0;33;0;0;2;8;2;A01
201100051764;0;10;0;0;2;6;15;B01
201100051765;0;33;0;12;0;9;21;A01
201100051766;0;7;0;0;2;1;16;A01
201100051766;0;7;0;0;2;1;0;B01
201100051767;0;14;0;0;2;1;1;A01
201100051767;0;10;0;0;2;4;1;B01
201100051767;0;7;0;0;2;4;1;C01
201100051768;0;7;0;0;2;7;15;A01
201100051768;0;33;0;0;2;1;1;B01
201100051769;0;33;0;0;2;1;2;A01
201100051769;0;10;0;0;2;4;16;B01
201100051770;0;34;0;0;0;8;15;A01
201100051771;0;7;0;0;2;2;15;A01
201100051771;0;34;0;0;2;1;1;B01
201100051772;0;7;0;0;2;1;2;A01
201100051772;0;7;0;0;2;4;1;B01
201100051772;0;7;0;0;2;4;1;C01
201100051773;1;37;1;0;1;8;1;Z01
201100051774;0;33;0;0;0;4;1;B01
201100051774;1;7;0;0;2;1;1;Z01
201100051774;0;7;0;0;0;1;1;C01
201100051775;1;7;0;0;1;1;1;Z01
201100051776;0;34;0;0;1;1;17;A01
201100051777;0;7;0;0;2;1;2;A01
201100051777;0;33;0;0;0;4;1;B01
201100051778;0;33;0;0;2;1;1;B01
201100051778;0;10;0;0;0;6;15;A01
201100051779;0;7;0;0;2;1;1;A01
201100051779;0;7;0;0;2;6;19;B01
201100051780;0;31;0;0;2;2;21;B01
201100051781;0;15;0;0;2;6;9;A01
201100051781;0;33;0;0;2;1;1;B01
201100051782;0;33;0;0;2;1;2;A01
201100051782;0;14;0;0;2;4;1;B01
201100051783;0;33;0;0;0;2;2;A01
201100051783;0;7;0;0;0;;1;B01
201100051784;0;7;0;0;2;1;17;A01
201100051784;0;7;0;0;2;1;1;B01
201100051785;0;7;0;0;1;1;1;A01
201100051786;0;3;0;0;2;1;15;B01
201100051786;0;7;0;0;2;1;5;A01
201100051787;0;7;0;0;2;4;10;A01
201100051787;0;34;0;0;2;1;1;B01
201100051788;0;30;0;0;0;2;1;A01
201100051789;0;33;0;0;2;1;2;A01
201100051789;0;10;0;0;2;5;1;B01
201100051790;0;33;0;0;0;7;2;A01
201100051791;0;7;0;0;2;1;1;B01
201100051791;0;10;0;0;2;2;1;A01
201100051792;0;7;0;4;0;9;1;A01
201100051793;0;7;0;15;0;1;1;A01
201100051794;0;7;0;0;2;1;2;A01
201100051794;0;34;0;0;2;4;1;B01
201100051795;1;7;0;0;1;1;1;Z01
201100051796;0;33;0;0;2;1;2;A01
201100051796;0;7;0;0;2;5;1;B01
201100051797;0;34;0;0;2;5;17;A01
201100051797;0;7;0;0;2;3;1;B01
201100051798;0;7;0;0;1;1;20;A01
201100051799;0;7;0;0;2;8;5;A01
201100051799;0;7;0;0;2;1;1;B01
201100051800;0;37;1;0;1;1;1;A01
201100051801;0;20;0;0;0;8;10;A01
201100051801;0;2;0;0;2;1;1;B01
201100051802;0;7;0;0;2;0;0;A01
201100051802;0;7;0;0;2;0;0;B01
201100051803;0;7;0;0;2;4;2;A01
201100051803;0;7;0;0;2;1;2;B01
201100051804;1;7;0;0;2;1;0;Z01
201100051804;0;1;0;0;2;1;0;B01
201100051805;0;32;0;0;2;1;17;A01
201100051805;0;7;0;0;2;3;15;B01
201100051806;0;10;0;0;1;1;17;A01
201100051807;0;7;0;0;1;1;1;A01
201100051808;0;7;0;0;2;3;6;A01
201100051808;0;13;0;0;0;8;1;B01
201100051809;0;15;0;0;1;7;1;A01
201100051810;0;7;0;0;0;0;1;A01
201100051810;0;30;0;0;2;6;2;B01
201100051811;0;30;0;0;2;0;0;A01
201100051811;0;14;0;0;2;5;1;B01
201100051812;0;7;0;0;0;7;1;B01
201100051812;0;7;0;0;2;3;9;A01
201100051813;0;7;0;0;2;1;2;A01
201100051813;0;15;0;0;0;6;23;B01
201100051814;0;7;0;0;2;3;15;A01
201100051814;0;30;0;0;2;1;1;B01
201100051815;0;7;0;0;2;3;1;B01
201100051815;0;30;0;0;2;1;1;A01
201100051816;0;7;0;0;1;1;1;A01
201100051817;0;2;0;14;0;2;1;A01
201100051818;0;14;0;0;1;8;13;A01
201100051819;0;32;0;0;2;7;17;A01
201100051819;0;7;0;0;2;3;15;B01
201100051820;0;7;0;0;1;8;1;A01
201100051821;1;2;0;0;1;1;1;Z01
201100051822;0;34;0;0;2;3;1;C01
201100051822;0;3;0;0;2;7;15;A01
201100051822;0;7;0;0;2;2;1;B01
201100051823;0;7;0;0;1;2;16;A01
201100051824;0;1;0;0;1;1;18;A01
201100051825;0;2;0;0;2;1;5;A01
201100051825;0;7;0;0;2;3;1;B01
201100051826;0;32;0;0;2;1;1;B01
201100051826;0;37;1;0;2;2;16;A01
201100051827;0;1;0;0;1;1;1;A01
201100051828;0;30;0;0;2;5;16;A01
201100051828;0;30;0;0;2;1;2;B01
201100051829;0;30;0;0;2;6;1;B01
201100051829;0;7;0;0;2;3;1;A01
201100051830;0;7;0;0;2;3;1;B01
201100051830;0;30;0;0;2;1;1;A01
201100051831;1;7;0;0;1;1;1;Z01
201100051832;0;30;0;0;2;1;17;B01
201100051832;0;7;0;0;2;8;13;A01
201100051833;0;1;0;0;2;1;1;B01
201100051833;0;7;0;0;2;3;22;A01
201100051834;1;30;0;0;1;1;1;Z01
201100051835;0;7;0;0;2;2;9;A01
201100051835;0;1;0;0;2;1;1;B01
201100051836;0;7;0;0;1;2;1;A01
201100051837;0;7;0;0;2;4;23;C01
201100051837;0;7;0;0;2;1;2;A01
201100051837;0;7;0;0;2;4;2;B01
201100051838;0;7;0;14;0;1;1;A01
201100051839;0;7;0;0;2;4;1;B01
201100051839;0;2;0;0;2;1;2;A01
201100051840;0;31;0;0;1;8;1;A01
201100051841;0;7;0;0;2;2;15;A01
201100051841;0;31;0;0;2;8;1;B01
201100051842;0;1;0;0;2;1;1;B01
201100051842;0;7;0;0;2;8;22;A01
201100051843;0;7;0;0;2;3;23;B01
201100051843;0;33;0;0;2;1;2;A01
201100051844;0;7;0;1;0;2;1;A01
201100051845;0;2;0;0;1;1;1;A01
201100051846;0;1;0;0;2;2;2;A01
201100051846;1;7;0;0;2;4;1;Z01
201100051847;0;7;0;0;1;2;1;A01
201100051848;0;1;0;1;0;1;1;A01
201100051849;0;33;0;0;2;9;1;B01
201100051849;0;7;0;0;0;3;15;A01
201100051850;0;10;0;0;2;1;2;A01
201100051850;0;7;0;0;0;4;23;C01
201100051850;0;7;0;0;2;9;23;B01
201100051851;0;33;0;0;2;8;1;B01
201100051851;0;7;0;0;2;2;1;A01
201100051852;0;2;0;0;1;7;1;A01
201100051853;0;10;0;0;1;1;15;A01
201100051854;0;30;0;0;0;1;1;B01
201100051854;0;7;0;0;0;7;1;A01
201100051855;0;7;0;0;1;7;14;A01
201100051856;0;1;0;1;2;1;1;B01
201100051856;0;7;0;0;2;8;22;A01
201100051857;0;33;0;0;1;1;1;A01
201100051858;0;1;0;0;2;2;1;A01
201100051858;0;7;0;0;2;1;1;B01
201100051859;0;7;0;0;2;7;1;A01
201100051859;0;1;0;0;2;1;1;B01
201100051860;0;7;0;0;2;5;1;A01
201100051860;0;32;0;0;2;8;1;B01
201100051861;0;7;0;0;2;1;1;A01
201100051861;0;32;0;0;2;8;1;B01
201100051862;0;1;0;0;1;1;1;A01
201100051863;0;1;0;0;2;1;15;A01
201100051863;0;34;0;0;2;1;1;B01
201100051864;0;7;0;0;2;1;1;A01
201100051864;0;2;0;0;2;1;5;B01
201100051865;0;7;0;0;2;1;15;A01
201100051865;0;32;0;0;0;8;1;B01
201100051866;0;7;0;0;9;5;1;A01
201100051866;0;1;0;0;2;1;1;B01
201100051867;1;30;0;0;1;1;1;Z01
201100051868;0;7;0;0;2;3;17;A01
201100051868;0;1;0;1;0;1;1;B01
201100051869;0;7;0;0;2;6;10;A01
201100051869;0;32;0;0;2;1;2;B01
201100051870;0;7;0;0;1;1;1;A01
201100051871;0;30;0;0;1;1;17;A01
201100051872;0;2;0;0;0;2;0;B01
201100051872;0;10;0;0;0;3;0;A01
201100051873;0;30;0;0;2;6;9;A01
201100051873;0;7;0;0;2;3;1;B01
201100051874;0;7;0;0;1;1;1;A01
201100051875;0;7;0;0;0;4;1;A01
201100051875;0;1;0;0;0;1;2;B01
201100051876;0;7;0;1;0;2;1;A01
201100051877;0;10;0;0;2;6;1;A01
201100051877;0;33;0;0;2;1;2;B01
201100051878;0;7;0;8;1;1;6;A01
201100051879;0;7;0;0;0;4;0;A01
201100051880;0;7;0;0;2;2;1;A01
201100051880;0;2;0;0;2;1;0;B01
201100051881;0;2;0;0;1;1;1;A01
201100051882;0;7;0;1;2;2;13;A01
201100051882;0;10;0;1;2;3;20;B01
201100051883;0;7;0;0;1;2;1;A01
201100051884;0;7;0;0;1;1;15;A01
201100051885;0;7;0;0;2;7;0;A01
201100051885;0;33;0;1;0;8;0;B01
201100051886;0;33;0;0;2;1;1;A01
201100051886;0;7;0;0;2;3;15;B01
201100051887;0;7;0;0;2;5;0;A01
201100051887;0;7;0;0;2;3;0;B01
201100051888;0;7;0;0;1;1;1;A01
201100051889;0;30;0;0;1;2;0;A01
201100051890;0;7;0;0;2;4;23;B01
201100051890;0;10;0;0;2;1;1;A01
201100051891;0;34;0;0;2;1;0;A01
201100051891;0;7;0;0;0;2;0;B01
201100051892;0;7;0;0;0;0;0;A01
201100051892;0;30;0;0;0;0;0;B01
201100051893;0;7;0;0;2;3;0;A01
201100051893;0;32;0;0;2;1;0;B01
201100051894;0;7;0;0;2;3;9;B01
201100051894;0;7;0;0;2;1;1;A01
201100051895;0;7;0;0;2;2;15;B01
201100051895;0;32;0;0;2;1;1;A01
201100051896;0;30;0;0;2;1;1;B01
201100051896;0;30;0;0;2;2;15;A01
201100051897;0;7;0;0;2;4;1;B01
201100051897;0;7;0;0;2;1;2;A01
201100051898;0;10;0;0;2;3;1;B01
201100051898;0;30;0;0;2;1;13;A01
201100051899;0;7;0;0;1;1;1;A01
201100051900;0;2;0;0;2;2;17;B01
201100051900;0;7;0;0;2;3;15;A01
201100051901;0;7;0;15;2;8;17;B01
201100051901;0;7;0;0;2;1;15;A01
201100051902;0;32;0;0;2;8;1;A01
201100051902;0;7;0;0;2;6;1;B01
201100051903;0;7;0;11;2;1;18;A01