num_acc;senc;catv;occutc;obs;obsm;choc;manv;num_veh
201100051903;0;7;0;11;2;8;19;B01
201100051904;0;7;0;0;1;1;1;A01
201100051905;0;30;0;0;2;7;1;A01
201100051905;0;7;0;0;2;2;15;B01
201100051906;0;7;0;0;0;1;15;A01
201100051906;0;7;0;0;0;8;1;B01
201100051907;0;7;0;0;2;3;1;A01
201100051907;0;7;0;0;2;3;15;B01
201100051908;0;33;0;1;0;1;1;A01
201100051909;0;7;0;0;1;1;1;A01
201100051910;0;7;0;0;2;1;1;B01
201100051910;0;7;0;0;2;2;15;A01
201100051911;0;7;0;1;0;1;1;A01
201100051912;0;7;0;0;1;4;4;A01
201100051913;0;7;0;0;0;1;2;A01
201100051913;0;7;0;0;0;4;23;B01
201100051914;0;7;0;0;1;2;1;A01
201100051915;0;7;0;0;2;1;2;C01
201100051915;0;30;0;0;2;9;2;A01
201100051915;0;7;0;0;2;4;23;B01
201100051916;0;7;0;12;0;8;1;A01
201100051917;0;34;0;8;0;1;21;A01
201100051917;0;7;0;0;0;0;15;B01
201100051918;0;7;0;0;1;1;1;A01
201100051919;0;7;0;0;1;2;1;A01
201100051920;0;7;0;0;1;1;17;A01
201100051921;0;34;0;12;0;1;1;A01
201100051922;0;7;0;0;9;7;17;A01
201100051922;0;1;0;0;2;8;13;B01
201100051923;0;7;0;15;1;2;1;A01
201100051924;0;7;0;0;2;3;1;A01
201100051924;0;1;0;0;2;1;1;B01
201100051925;0;7;0;0;1;1;1;A01
201100051926;0;33;0;1;0;1;1;A01
201100051927;0;7;0;0;2;2;1;A01
201100051927;0;7;0;0;2;3;1;B01
201100051928;0;33;0;0;0;3;1;A01
201100051928;0;7;0;0;2;5;15;B01
201100051929;0;2;0;0;0;1;9;B01
201100051929;0;7;0;0;2;3;15;A01
201100051930;0;2;0;0;2;1;1;A01
201100051930;0;7;0;0;2;2;1;B01
201100051931;0;2;0;1;0;1;1;A01
201100051932;0;32;0;0;2;4;1;A01
201100051932;0;7;0;0;2;8;2;B01
201100051933;0;33;0;0;2;2;1;A01
201100051933;0;7;0;0;2;3;15;B01
201100051934;0;7;0;0;1;1;1;A01
201100051935;0;7;0;0;2;4;1;B01
201100051935;0;33;0;0;2;1;2;A01
201100051936;0;7;0;0;1;1;1;A01
201100051937;0;33;0;0;1;1;1;A01
201100051938;0;7;0;11;2;3;11;A01
201100051938;0;7;0;11;2;7;1;B01
201100051939;0;1;0;0;2;1;5;A01
201100051939;0;7;0;0;2;2;9;B01
201100051940;0;7;0;0;2;2;15;A01
201100051940;0;7;0;0;2;8;1;B01
201100051941;0;7;0;0;2;8;15;A01
201100051941;0;33;0;0;2;3;17;B01
201100051942;0;7;0;0;2;7;12;A01
201100051942;0;1;0;0;2;8;21;B01
201100051943;0;7;0;0;1;1;1;A01
201100051944;0;30;0;0;2;7;13;A01
201100051944;0;7;0;0;2;8;15;B01
201100051945;0;32;0;0;2;2;1;B01
201100051945;1;7;0;0;2;3;1;A01
201100051946;0;7;0;12;2;8;15;A01
201100051946;0;7;0;0;2;1;1;B01
201100051947;0;7;0;0;1;1;17;A01
201100051948;0;3;0;0;2;1;23;B01
201100051948;0;33;0;0;2;1;5;A01
201100051949;0;7;0;0;1;1;1;A01
201100051950;0;7;0;0;2;1;2;A01
201100051950;0;7;0;0;2;4;1;B01
201100051951;0;7;0;0;1;2;1;A01
201100051952;0;37;80;0;1;2;1;A01
201100051953;0;7;0;0;1;1;1;A01
201100051954;0;7;0;0;1;1;1;A01
201100051955;0;7;0;0;1;3;1;A01
201100051956;0;30;0;0;2;8;1;B01
201100051956;0;7;0;0;0;7;17;A01
201100051957;0;7;0;0;2;7;15;A01
201100051957;0;33;0;0;2;8;1;B01
201100051958;0;32;0;0;2;3;1;B01
201100051958;0;7;0;0;2;2;15;A01
201100051959;0;7;0;0;2;1;2;A01
201100051959;0;7;0;0;2;4;23;B01
201100051960;1;99;0;0;1;1;16;Z01
201100051961;0;7;0;0;0;2;1;A01
201100051961;0;7;0;0;0;1;1;B01
201100051962;0;13;0;0;1;2;1;A01
201100051963;0;7;0;5;2;1;16;B01
201100051963;0;7;0;5;2;2;2;A01
201100051964;0;7;0;0;2;8;15;B01
201100051964;0;32;0;0;2;1;1;A01
201100051965;0;7;0;0;2;4;1;C01
201100051965;0;10;0;0;2;1;2;A01
201100051965;0;7;0;0;2;4;1;B01
201100051966;0;7;0;0;1;3;1;A01
201100051967;1;33;0;0;1;1;1;A01
201100051968;0;10;0;0;0;1;15;A01
201100051968;0;32;0;0;0;1;1;B01
201100051969;0;33;0;0;2;2;2;A01
201100051969;0;7;0;0;2;4;1;B01
201100051970;0;7;0;12;0;7;1;A01
201100051971;0;7;0;0;1;2;1;A01
201100051972;0;7;0;0;2;1;2;A01
201100051972;0;33;0;0;2;4;1;B01
201100051973;0;7;0;0;2;1;2;A01
201100051973;0;7;0;0;0;4;1;B01
201100051974;0;34;0;0;2;1;16;A01
201100051974;0;7;0;0;2;6;1;B01
201100051975;0;10;0;0;2;1;2;A01
201100051975;0;7;0;0;2;4;2;B01
201100051975;0;7;0;0;2;4;1;C01
201100051976;0;7;0;0;2;1;2;A01
201100051976;0;7;0;0;2;6;1;B01
201100051977;1;30;0;0;2;0;19;A01
201100051977;0;7;0;0;2;1;1;B01
201100051978;0;7;0;0;2;3;15;A01
201100051978;0;32;0;0;2;1;1;B01
201100051979;0;2;0;1;2;8;1;A01
201100051979;0;7;0;0;2;7;12;B01
201100051980;0;7;0;0;2;2;1;A01
201100051980;0;33;0;0;2;8;2;B01
201100051981;0;32;0;0;2;1;16;B01
201100051981;1;7;0;0;0;0;1;A01
201100051982;0;7;0;0;2;2;15;A01
201100051982;0;30;0;0;2;1;1;B01
201100051983;0;7;0;0;2;1;2;A01
201100051983;0;7;0;0;0;4;1;B01
201100051984;0;7;0;0;2;1;1;A01
201100051984;0;7;0;0;2;7;1;B01
201100051985;0;7;0;0;9;3;22;A01
201100051985;0;1;0;1;0;1;1;B01
201100051986;0;37;45;0;1;1;1;A01
201100051987;0;7;0;0;1;3;2;A01
201100051988;0;7;0;0;2;7;16;A01
201100051988;0;32;0;0;2;1;18;B01
201100051989;0;33;0;15;2;1;17;A01
201100051989;0;7;0;15;2;3;15;B01
201100051990;0;7;0;12;2;2;1;A01
201100051990;0;7;0;0;2;1;1;B01
201100051991;0;2;0;0;2;8;1;B01
201100051991;1;7;0;0;2;0;13;Z01
201100051992;0;32;0;0;2;2;17;B01
201100051992;0;7;0;0;2;3;15;A01
201100051993;0;7;0;0;2;5;17;A01
201100051993;0;7;0;0;2;3;15;B01
201100051994;0;7;0;0;2;6;24;B01
201100051994;0;99;0;0;2;0;14;A01
201100051995;0;7;0;0;1;2;1;A01
201100051996;0;31;0;0;0;1;1;B01
201100051996;0;7;0;1;0;3;1;A01
201100051997;0;7;0;0;1;1;1;A01
201100051998;0;7;0;0;1;3;1;A01
201100051999;0;34;0;0;2;2;1;A01
201100051999;0;7;0;0;2;3;16;B01
201100052000;0;7;0;0;2;6;1;B01
201100052000;0;30;0;1;2;1;1;A01
201100052001;0;33;0;0;1;1;3;A01
201100052002;0;7;0;0;1;2;21;A01
201100052003;0;10;0;0;2;1;15;A01
201100052003;0;7;0;0;2;3;1;B01
201100052004;0;1;0;0;0;0;21;B01
201100052004;0;7;0;0;0;0;22;A01
201100052005;0;7;0;0;0;5;15;A01
201100052005;0;33;0;0;2;1;1;B01
201100052006;0;7;0;0;2;1;2;B01
201100052006;0;7;0;0;0;8;10;A01
201100052007;0;7;0;0;1;1;1;A01
201100052008;0;37;0;0;1;2;1;A01
201100052009;0;7;0;0;1;1;1;A01
201100052010;0;7;0;0;1;3;0;A01
201100052011;0;32;0;0;2;1;2;B01
201100052011;0;7;0;0;2;1;19;A01
201100052012;0;7;0;0;2;6;15;A01
201100052012;0;30;0;0;2;1;17;B01
201100052013;0;30;0;16;0;7;1;A01
201100052014;0;7;0;0;2;1;1;A01
201100052014;0;7;0;0;2;4;23;C01
201100052014;0;7;0;0;2;4;23;B01
201100052015;0;1;0;16;0;9;1;A01
201100052016;0;7;0;0;1;1;1;A01
201100052017;0;7;0;0;1;1;1;A01
201100052018;0;7;0;0;1;1;1;A01
201100052019;0;37;1;0;1;1;1;A01
201100052020;0;7;0;1;0;1;1;A01
201100052021;0;7;0;0;1;1;9;A01
201100052022;0;1;0;0;2;1;17;B01
201100052022;0;10;0;0;2;3;9;A01
201100052023;0;7;0;4;0;1;14;A01
201100052024;0;7;0;0;2;4;2;B01
201100052024;0;30;0;0;2;1;1;A01
201100052025;0;7;0;0;1;1;2;A01
201100052026;0;30;0;0;2;8;2;C01
201100052026;0;30;0;0;2;7;2;B01
201100052026;0;7;0;0;2;1;9;A01
201100052027;0;7;0;0;1;1;16;A01
201100052028;0;37;59;0;2;3;1;B01
201100052028;0;10;0;0;2;3;13;A01
201100052029;0;33;0;0;1;1;1;A01
201100052030;0;2;0;0;2;1;1;A01
201100052030;0;7;0;0;2;6;1;B01
201100052031;0;30;0;16;0;7;1;A01
201100052032;0;7;0;0;2;3;1;C01
201100052032;0;7;0;0;2;3;1;B01
201100052032;0;7;0;0;2;3;1;A01
201100052033;0;30;0;15;0;1;18;A01
201100052034;1;10;0;0;1;2;16;Z01
201100052035;0;7;0;0;2;3;9;A01
201100052035;0;7;0;0;2;9;1;B01
201100052036;0;30;0;0;2;8;2;B01
201100052036;0;7;0;0;2;3;15;A01
201100052037;0;7;0;0;2;2;1;A01
201100052037;0;30;0;0;2;1;1;B01
201100052038;0;32;0;0;1;0;1;A01
201100052039;0;32;0;0;2;1;1;B01
201100052039;0;7;0;0;2;5;15;A01
201100052040;0;15;0;0;1;5;1;A01
201100052041;0;7;0;0;1;1;1;A01
201100052042;0;7;0;0;2;7;1;B01
201100052042;0;7;0;0;2;1;9;A01
201100052043;0;7;0;0;1;1;15;A01
201100052044;0;34;0;0;2;7;1;B01
201100052044;0;7;0;0;2;3;9;A01
201100052045;0;1;0;0;2;1;1;B01
201100052045;0;7;0;0;2;1;15;A01
201100052046;0;2;0;1;0;2;1;A01
201100052047;0;7;0;0;2;2;1;B02
201100052047;0;7;0;0;2;1;1;A01
201100052048;0;2;0;0;2;1;17;A01
201100052048;0;7;0;0;2;3;15;B01
201100052049;0;10;0;13;0;2;5;A01
201100052050;0;10;0;0;2;1;2;A01
201100052050;0;34;0;0;2;4;23;B02
201100052051;0;33;0;0;2;1;1;A01
201100052051;0;10;0;0;2;3;2;B02
201100052052;0;33;0;0;2;8;17;A01
201100052052;0;7;0;0;2;3;15;B02
201100052053;0;7;0;0;2;6;12;B02
201100052053;0;33;0;4;2;9;2;A01
201100052053;0;7;0;;2;8;1;C02
201100052054;0;7;0;;2;4;2;B02
201100052054;0;7;0;;2;1;2;A01
201100052054;0;7;0;0;2;4;2;C03
201100052055;0;7;0;0;1;2;2;A01
201100052056;0;7;0;0;1;1;2;A01
201100052057;0;30;0;0;2;4;15;A01
201100052057;0;2;0;0;2;1;1;B01
201100052058;0;7;0;0;2;3;1;B01
201100052058;0;30;0;0;2;7;15;A01
201100052059;0;30;0;0;2;7;1;B01
201100052059;0;30;0;0;2;1;1;A01
201100052060;0;30;0;16;0;8;1;A01
201100052061;0;7;0;0;2;6;15;B01
201100052061;0;33;0;0;2;1;17;A01
201100052062;0;7;0;0;2;4;2;B01
201100052062;0;7;0;0;2;1;2;A01
201100052063;0;7;0;0;2;4;2;B01
201100052063;0;7;0;0;2;1;2;A01
201100052064;0;7;0;0;2;1;1;A01
201100052064;0;1;0;0;2;8;19;B01
201100052065;0;7;0;1;2;6;1;B01
201100052065;0;7;0;0;2;1;15;A01
201100052066;0;7;0;0;2;6;10;A01
201100052066;0;30;0;0;2;1;1;B01
201100052067;0;33;0;0;2;1;1;A01
201100052067;0;7;0;0;2;7;1;B01
201100052068;1;36;0;0;1;1;1;Z01
201100052069;0;7;0;0;2;4;2;B01
201100052069;0;32;0;0;2;1;2;A01
201100052070;0;1;0;0;2;2;1;B01
201100052070;0;7;0;0;2;3;22;A01
201100052071;0;32;0;0;2;2;2;B01
201100052071;0;7;0;0;2;3;15;A01
201100052072;0;30;0;0;2;1;2;A01
201100052072;0;7;0;0;2;4;2;B01
201100052073;0;2;0;16;0;8;1;A01
201100052074;0;7;0;0;1;7;17;A01
201100052075;0;7;0;0;1;1;1;A01
201100052076;0;7;0;0;1;2;1;A01
201100052077;0;1;0;0;2;1;1;B01
201100052077;0;7;0;0;2;6;4;A01
201100052078;0;30;0;0;2;7;2;B01
201100052078;0;7;0;0;2;1;2;A01
201100052079;0;30;0;0;2;1;1;A01
201100052079;0;7;0;0;2;3;15;B01
201100052080;0;7;0;0;2;4;2;B01
201100052080;0;30;0;0;2;1;2;A01
201100052081;0;32;0;16;0;1;1;A01
201100052082;0;10;0;0;2;3;2;B01
201100052082;0;32;0;0;2;8;17;A01
201100052083;0;7;0;0;1;1;1;A01
201100052084;0;2;0;0;2;2;17;A01
201100052084;0;10;0;0;2;6;13;B01
201100052085;1;31;0;0;1;1;1;A01
201100052086;0;7;0;0;2;3;15;B01
201100052086;0;30;0;0;2;1;17;A01
201100052087;0;7;0;0;1;1;1;A01
201100052088;0;7;0;0;1;2;1;A01
201100052089;0;7;0;0;2;1;1;B01
201100052089;0;7;0;0;2;7;1;A01
201100052090;0;7;0;0;2;1;15;A01
201100052090;0;30;0;0;2;8;5;B01
201100052091;0;30;0;0;2;8;13;A01
201100052091;0;7;0;0;2;8;1;B01
201100052092;0;31;0;0;2;1;1;A01
201100052092;0;1;0;0;2;1;0;B01
201100052093;0;30;0;0;1;1;1;A01
201100052094;1;7;0;0;0;0;24;Z01
201100052094;0;32;0;0;2;8;2;A01
201100052095;0;1;0;0;2;8;1;A01
201100052095;1;7;0;0;2;7;12;Z01
201100052096;0;7;0;0;2;2;22;A01
201100052096;0;7;0;0;2;3;1;C01
201100052096;0;30;0;1;0;8;1;B01
201100052097;0;2;0;13;2;8;13;A01
201100052097;0;7;0;0;2;8;17;B01
201100052098;0;7;0;0;1;5;4;A01
201100052099;0;33;0;1;2;1;17;A01
201100052099;0;7;0;0;2;8;13;B01
201100052099;0;7;0;0;2;0;20;C01
201100052100;0;33;0;16;0;8;17;A01
201100052101;0;7;0;0;2;3;1;B01
201100052101;0;10;0;0;2;3;13;A01
201100052102;0;30;0;7;0;1;14;A01
201100052103;0;7;0;0;1;3;1;A01
201100052104;0;7;0;0;2;3;1;A01
201100052104;0;33;0;0;2;7;1;B01
201100052105;0;34;0;0;1;8;1;A01
201100052106;0;7;0;2;0;1;14;A01
201100052107;0;2;0;0;2;1;1;A01
201100052107;0;10;0;0;2;3;15;B01
201100052108;0;10;0;0;1;1;1;A01
201100052109;0;1;0;0;1;1;2;A01
201100052110;0;30;0;0;2;3;17;A01
201100052110;0;37;20;0;2;1;1;B01
201100052111;0;7;0;0;0;0;15;B01
201100052111;0;7;0;9;0;1;21;A01
201100052112;0;2;0;0;2;1;1;A01
201100052112;0;7;0;0;2;1;15;B01
201100052113;0;33;0;1;0;1;1;A01
201100052114;0;2;0;0;2;3;2;A01
201100052114;2;10;0;0;2;9;15;Z01
201100052114;0;7;0;0;2;2;2;B01
201100052115;0;7;0;0;2;3;15;A01
201100052115;0;30;0;0;2;1;17;B01
201100052116;0;7;0;0;2;2;2;A01
201100052116;0;33;0;0;2;4;23;B01
201100052116;0;7;0;0;2;3;23;C01
201100052117;0;10;0;15;0;1;15;A01
201100052117;1;7;0;0;0;0;0;Z01
201100052118;0;1;0;0;2;1;1;B01
201100052118;0;7;0;0;2;7;15;A01
201100052119;1;7;0;0;2;0;1;Z01
201100052119;0;2;0;0;2;1;2;A01
201100052120;0;7;0;8;0;1;16;A01
201100052121;2;7;0;8;0;9;15;A01
201100052122;0;1;0;12;0;1;1;A01
201100052123;0;10;0;0;2;2;1;B01
201100052123;0;34;0;0;2;1;1;A01
201100052124;0;30;0;1;0;1;1;A01
201100052125;0;7;0;0;1;1;15;A01
201100052126;1;7;0;0;1;1;2;Z01
201100052127;0;7;0;11;0;1;14;A01
201100052128;0;7;0;0;2;1;15;A01
201100052128;0;33;0;0;2;2;1;B01
201100052129;0;7;0;0;1;2;1;A01
201100052130;0;7;0;0;2;4;23;A01
201100052130;0;30;0;0;2;1;1;B01
201100052131;0;7;0;0;1;1;16;B01
201100052131;0;7;0;0;2;1;16;A01
201100052132;0;10;0;0;2;4;1;B01
201100052132;0;7;0;0;2;1;1;A01
201100052133;0;32;0;16;0;5;1;A01
201100052133;0;7;0;0;0;0;15;B01
201100052134;0;7;0;0;2;4;15;A01
201100052134;0;33;0;0;2;1;2;B01
201100052135;0;31;0;10;0;1;1;A01
201100052136;0;30;0;1;0;1;1;A01
201100052137;0;7;0;0;2;6;13;A01
201100052137;0;34;0;0;2;7;17;B01
201100052138;0;7;0;0;1;1;1;A01
201100052139;1;10;0;0;1;0;1;A01
201100052140;0;32;0;1;2;1;18;A01
201100052140;0;7;0;0;2;7;23;B01
201100052141;0;7;0;15;0;1;14;A01
201100052142;0;7;0;0;1;1;1;A01
201100052143;1;7;0;0;1;1;1;Z01
201100052144;0;10;0;0;2;2;22;B01
201100052144;0;37;1;0;2;3;1;A01
201100052145;0;31;0;11;0;1;1;A01
201100052146;0;37;1;0;1;6;1;A01
201100052147;0;7;0;6;0;3;13;A01
201100052148;0;7;0;0;1;1;1;A01
201100052149;0;7;0;0;2;4;2;B01
201100052149;0;7;0;0;2;1;1;A01
201100052150;0;33;0;0;2;1;1;B01
201100052150;0;7;0;0;2;8;1;A01
201100052150;0;10;0;0;2;7;15;C01
201100052151;0;31;0;0;2;1;1;B01
201100052151;0;7;0;0;2;2;15;A01
201100052152;0;7;0;0;2;3;15;A01
201100052152;0;33;0;0;2;1;2;B01
201100052153;0;10;0;0;2;3;10;B01
201100052153;0;34;0;0;2;1;17;A01
201100052154;0;7;0;0;2;3;19;A01
201100052154;0;30;0;0;2;1;1;B01
201100052155;0;30;0;0;2;9;15;A01
201100052155;1;7;0;0;2;1;1;Z01
201100052156;0;10;0;0;2;2;1;A01
201100052156;0;7;0;0;2;3;15;B01
201100052157;0;30;0;0;2;1;1;A01
201100052157;0;7;0;0;2;5;23;B01
201100052158;0;7;0;0;2;1;2;A01
201100052158;0;7;0;0;2;4;2;B01
201100052159;0;33;0;0;2;1;17;A01
201100052159;0;7;0;0;2;3;10;B01
201100052160;0;7;0;6;2;1;1;B01
201100052160;0;7;0;0;2;3;1;A01
201100052161;0;7;0;3;0;1;1;A01
201100052162;0;30;0;0;2;1;1;A01
201100052162;0;10;0;0;2;3;15;B01
201100052163;0;33;0;0;2;1;2;B01
201100052163;0;10;0;0;2;8;9;A01
201100052164;0;7;0;4;2;5;15;B01
201100052164;0;30;0;12;2;1;2;A01
201100052165;0;1;0;12;0;1;1;A01
201100052166;0;33;0;1;2;1;13;A01
201100052166;0;7;0;0;2;7;1;B01
201100052167;0;7;0;0;2;8;9;A01
201100052167;0;34;0;0;2;1;1;C01
201100052167;0;34;0;16;0;1;13;B01
201100052168;0;2;0;0;2;1;1;A01
201100052168;0;7;0;0;2;2;15;B01
201100052169;0;33;0;0;2;7;1;B01
201100052169;0;7;0;0;2;1;19;A01
201100052170;0;33;0;0;2;9;1;B01
201100052170;0;7;0;0;2;2;15;A01
201100052171;0;7;0;0;2;7;1;B01
201100052171;0;7;0;0;2;1;1;A01
201100052172;0;7;0;0;2;3;1;B01
201100052172;0;7;0;0;2;3;15;A01
201100052173;0;7;0;0;1;9;23;B01
201100052173;0;7;0;0;2;1;1;A01
201100052174;0;2;0;9;1;1;1;A01
201100052175;0;10;0;0;1;1;1;A01
201100052176;0;7;0;0;1;1;1;A01
201100052177;0;7;0;8;0;1;1;A01
201100052178;0;1;0;0;2;1;1;B01
201100052178;0;7;0;0;2;1;15;A01
201100052179;0;2;0;0;2;1;2;A01
201100052179;0;7;0;0;2;2;16;B01
201100052180;0;30;0;16;0;7;1;A01
201100052181;0;7;0;0;2;7;17;A01
201100052181;0;30;0;16;2;8;1;B01
201100052182;0;10;0;0;1;1;1;A01
201100052183;0;30;0;0;1;1;17;A01
201100052184;0;1;0;0;2;9;9;B01
201100052184;0;7;0;0;2;0;9;A01
201100052185;0;7;0;8;0;1;14;A01
201100052186;0;7;0;0;2;4;15;B01
201100052186;0;30;0;0;2;2;1;A01
201100052187;0;30;0;11;0;1;13;A01
201100052188;0;7;0;0;1;4;4;A01
201100052189;0;7;0;0;2;1;9;B01
201100052189;0;31;0;0;2;7;17;A01
201100052190;0;7;0;0;1;1;15;A01
201100052191;0;7;0;6;0;1;14;A01
201100052192;0;7;0;0;1;3;1;A01
201100052193;0;7;0;3;0;1;14;A01
201100052194;0;7;0;0;2;3;13;A01
201100052194;0;10;0;0;2;1;1;B01
201100052195;0;10;0;0;1;1;1;A01
201100052196;0;7;0;0;1;1;11;A01
201100052197;0;7;0;0;2;3;15;B01
201100052197;0;2;0;0;2;2;17;A01
201100052198;0;7;0;0;2;1;1;A01
201100052198;0;7;0;0;2;4;2;B01
201100052198;0;7;0;0;2;4;2;C01
201100052199;0;2;0;16;0;9;1;A01
201100052200;0;7;0;0;1;1;1;A01
201100052201;0;7;0;0;2;1;15;A01
201100052201;0;2;0;0;2;1;17;B01
201100052202;0;7;0;0;2;4;2;C01
201100052202;0;7;0;0;2;1;1;A01
201100052202;0;7;0;0;2;4;2;B01
201100052203;0;7;0;0;2;4;2;C01
201100052203;0;7;0;0;2;1;1;A01
201100052203;0;7;0;0;2;4;2;B01
201100052204;0;7;0;0;2;3;1;B01
201100052204;0;7;0;0;2;3;1;A01
201100052205;0;7;0;0;2;2;1;A01
201100052205;1;7;0;0;2;0;11;B01
201100052206;0;7;0;0;1;3;1;A01
201100052207;0;34;0;0;2;1;1;B01
201100052207;0;7;0;0;2;2;15;A01
201100052208;0;7;0;0;2;7;16;B01
201100052208;0;99;0;0;2;1;5;A01
201100052209;0;33;0;0;1;8;21;A01
201100052210;0;33;0;0;1;1;1;A01
201100052211;0;1;0;0;2;8;19;B01
201100052211;0;7;0;0;2;3;15;A01
201100052212;1;30;0;0;1;1;0;Z01
201100052213;0;7;0;0;1;1;1;A01
201100052214;0;33;0;0;1;2;1;A01
201100052215;1;7;0;0;2;1;0;Z01
201100052215;0;33;0;0;2;1;17;B01
201100052216;0;7;0;0;2;2;1;A01
201100052216;0;7;0;0;2;3;13;B01
201100052217;0;7;0;0;2;2;1;B01
201100052217;0;32;0;0;2;2;1;A01
201100052218;0;7;0;0;1;1;1;A01
201100052219;0;7;0;0;1;3;1;A01
201100052220;0;34;0;15;0;1;1;A01
201100052221;0;33;0;0;2;1;1;A01
201100052221;0;10;0;0;2;2;15;B01
201100052222;0;7;0;0;2;1;15;A01
201100052222;0;10;0;9;2;3;1;B01
201100052223;0;33;0;0;2;1;2;A01
201100052223;0;7;0;0;2;3;1;B01
201100052224;0;7;0;0;2;1;15;A01
201100052224;0;2;0;0;2;8;1;B01
201100052225;0;30;0;16;0;4;1;B01
201100052226;0;7;0;3;0;4;1;A01
201100052227;2;7;0;0;1;2;1;A01
201100052228;0;33;0;0;2;1;1;B01
201100052228;0;7;0;0;2;7;15;A01
201100052229;0;7;0;0;2;6;1;D01
201100052229;0;7;0;0;2;3;1;C01
201100052229;0;10;0;0;2;8;1;B01
201100052229;0;7;0;0;2;9;19;A01
201100052230;0;7;0;0;2;7;1;B01
201100052230;0;7;0;0;2;1;1;A01
201100052231;0;7;0;0;1;3;1;A01
201100052232;0;2;0;0;2;1;2;B01
201100052232;0;7;0;0;0;8;2;A01
201100052233;0;7;0;4;0;1;1;A01
201100052234;0;7;0;0;1;1;1;A01
201100052235;0;32;0;0;2;1;1;A01
201100052235;0;10;0;0;2;7;9;B01
201100052236;0;7;0;0;1;3;15;A01
201100052237;0;2;0;16;0;1;1;A01
201100052238;0;7;0;0;1;3;1;A01
201100052239;0;33;0;0;2;7;1;B01
201100052239;0;7;0;0;2;2;15;A01
201100052240;0;37;10;0;1;2;15;A01
201100052241;0;7;0;0;1;2;16;A01
201100052242;0;7;0;0;2;8;15;B01
201100052242;0;7;0;0;2;1;1;A01
201100052243;0;7;0;0;2;1;15;A01
201100052243;0;33;0;0;2;8;1;B01
201100052244;0;10;0;4;2;9;1;A01
201100052244;0;7;0;4;2;9;1;B01
201100052245;0;7;0;0;2;7;15;A01
201100052245;0;33;0;0;2;9;1;B01
201100052246;0;33;0;0;2;1;11;B01
201100052246;0;7;0;0;2;6;11;A01
201100052247;0;7;0;0;2;6;2;A01
201100052247;0;7;0;0;2;2;1;B01
201100052248;0;7;0;0;2;1;2;A01
201100052248;0;7;0;0;2;4;1;B01
201100052249;0;7;0;0;1;1;1;A01
201100052249;0;1;0;0;2;1;1;B02
201100052250;0;7;0;;2;3;15;B02
201100052250;0;33;0;;2;1;1;A01
201100052251;0;33;0;;2;1;1;B02
201100052251;0;7;0;;2;1;15;A01
201100052252;0;2;0;0;2;1;2;A01
201100052252;0;7;0;0;2;5;15;B02
201100052253;0;7;0;0;1;2;1;A01
201100052254;0;7;0;0;1;2;1;A01
201100052255;0;7;0;0;1;1;2;A01
201100052256;0;30;0;0;2;1;1;B01
201100052256;0;7;0;0;2;8;15;A01
201100052257;0;33;0;0;2;7;17;A01
201100052257;0;7;0;0;2;6;1;B01
201100052258;0;2;0;0;1;3;21;A01
201100052259;0;7;0;8;2;1;13;A01
201100052260;0;37;1;0;1;2;16;A01
201100052261;0;7;0;0;2;4;23;A01
201100052261;0;7;0;0;2;4;23;B01
201100052261;0;7;0;0;0;1;2;C01
201100052262;0;7;0;0;1;1;1;A01
201100052263;0;2;0;1;0;1;1;A01
201100052264;0;7;0;0;2;1;15;A01
201100052264;0;7;0;1;2;1;1;B01
201100052265;0;7;0;0;1;7;1;A01
201100052266;0;31;0;16;0;1;1;A01
201100052267;0;7;0;0;2;6;15;B01
201100052267;0;33;0;0;2;1;1;A01
201100052268;0;7;0;0;2;2;1;A01
201100052268;0;7;0;0;2;2;1;B01
201100052269;0;33;0;0;2;1;1;B01
201100052269;0;7;0;0;2;4;1;A01
201100052270;0;32;0;0;2;1;1;A01
201100052270;0;7;0;0;2;6;1;B01
201100052271;0;33;0;0;2;1;1;A01
201100052271;0;7;0;0;2;4;1;B01
201100052272;1;7;0;0;0;0;0;A01
201100052273;0;3;0;0;1;2;15;A01
201100052274;0;7;0;0;1;1;1;A01
201100052275;0;7;0;0;1;2;9;A01
201100052276;0;7;0;0;2;4;23;A01
201100052276;0;10;0;0;2;1;1;B01
201100052277;0;7;0;0;1;4;4;A01
201100052278;0;1;0;0;2;7;1;B01
201100052278;0;7;0;0;2;8;1;A01
201100052279;0;31;0;0;2;4;1;B01
201100052279;0;30;0;0;2;1;1;A01
201100052280;0;31;0;0;1;1;1;A01
201100052281;0;7;0;0;1;1;1;A01
201100052282;0;7;0;0;2;7;1;B01
201100052282;0;32;0;0;2;1;1;A01
201100052283;0;10;0;0;1;1;1;A01
201100052284;0;30;0;0;2;1;1;B01
201100052284;0;7;0;0;2;3;15;A01
201100052285;0;7;0;0;2;1;1;A01
201100052285;0;2;0;0;2;4;1;B01
201100052286;0;7;0;0;2;1;1;A01
201100052286;0;33;0;0;2;4;1;B01
201100052287;0;30;0;0;2;7;1;B01
201100052287;0;7;0;0;2;1;9;A01
201100052288;0;2;0;0;2;7;1;B01
201100052288;0;10;0;0;2;1;1;A01
201100052289;0;30;0;0;2;4;1;B01
201100052289;0;7;0;0;2;1;1;A01
201100052290;0;37;1;0;2;3;1;B01
201100052290;0;30;0;0;2;9;17;A01