num_acc;senc;catv;occutc;obs;obsm;choc;manv;num_veh
201100052291;0;7;0;0;0;1;1;A01
201100052292;0;7;0;0;2;4;23;A01
201100052292;0;1;0;0;2;1;2;B01
201100052293;0;7;0;0;2;4;1;B01
201100052293;0;7;0;0;2;1;1;A01
201100052294;0;30;0;0;2;1;1;A01
201100052294;0;7;0;0;2;4;1;B01
201100052295;0;7;0;0;1;7;1;A01
201100052296;0;7;0;0;2;2;19;A01
201100052296;0;34;0;0;2;1;1;B01
201100052297;0;30;0;1;0;1;1;A01
201100052298;0;7;0;0;1;7;1;A01
201100052299;0;7;0;0;1;2;1;A01
201100052300;0;7;0;0;1;1;1;A01
201100052301;0;2;0;0;2;1;1;A01
201100052301;0;7;0;0;2;4;1;B01
201100052302;0;7;0;0;2;5;2;B01
201100052302;0;7;0;0;2;2;2;A01
201100052303;0;7;0;0;1;1;1;A01
201100052304;0;7;0;0;1;1;1;A01
201100052305;0;7;0;0;2;8;1;B01
201100052305;0;30;0;0;2;7;1;A01
201100052306;0;7;0;0;2;2;1;B01
201100052306;0;14;0;0;2;3;9;A01
201100052307;0;2;0;0;2;1;1;A01
201100052307;0;7;0;0;2;4;2;B01
201100052308;1;7;0;0;1;2;1;A01
201100052309;0;7;0;0;2;1;1;A01
201100052309;0;7;0;0;2;8;1;B01
201100052310;0;33;0;1;2;1;21;B01
201100052310;0;7;0;0;2;2;16;A01
201100052311;0;7;0;0;1;4;4;A01
201100052312;0;7;0;0;0;8;9;B01
201100052312;0;7;0;0;2;2;1;A01
201100052313;0;7;0;0;1;1;1;A01
201100052314;0;2;0;0;1;1;1;A01
201100052315;0;7;0;0;1;1;1;A01
201100052316;0;33;0;0;2;8;1;B01
201100052316;0;7;0;0;2;1;14;A01
201100052317;0;7;0;0;0;3;23;B01
201100052317;0;7;0;0;2;1;17;A01
201100052318;0;7;0;0;1;1;1;A01
201100052319;0;7;0;0;1;2;1;A01
201100052320;0;7;0;0;1;1;1;A01
201100052321;0;7;0;0;2;2;5;A01
201100052321;0;7;0;0;2;3;1;B02
201100052322;0;7;0;0;1;1;1;A01
201100052323;0;7;0;0;2;4;2;B01
201100052323;0;7;0;0;2;1;2;A01
201100052324;0;7;0;0;2;6;1;B01
201100052324;0;7;0;0;2;3;1;A01
201100052325;0;7;0;0;1;1;1;A01
201100052326;0;7;0;0;1;1;1;A01
201100052327;0;7;0;0;1;1;1;A01
201100052328;0;7;0;0;2;8;1;B01
201100052328;0;7;0;0;2;1;15;A01
201100052329;0;31;0;16;0;8;15;A01
201100052330;0;7;0;0;1;1;1;A01
201100052331;0;7;0;8;0;1;9;A01
201100052331;0;33;0;0;2;1;21;B01
201100052332;0;7;0;0;2;2;1;B01
201100052332;0;31;0;0;2;1;1;A01
201100052333;0;7;0;0;2;3;9;A01
201100052333;0;7;0;0;2;8;1;B01
201100052334;0;7;0;0;2;4;1;B01
201100052334;0;7;0;0;2;1;1;A01
201100052335;0;7;0;0;2;1;1;A01
201100052336;0;7;0;8;0;1;14;A01
201100052337;0;7;0;0;2;6;1;A01
201100052337;0;1;0;0;2;1;19;B01
201100052338;0;7;0;0;1;1;16;A01
201100052339;0;7;0;0;2;3;24;B01
201100052339;0;7;0;1;2;2;1;A01
201100052340;0;7;0;0;2;2;1;A01
201100052340;0;7;0;0;2;4;1;B01
201100052341;0;7;0;0;2;8;11;B01
201100052341;0;30;0;0;2;2;2;A01
201100052342;0;7;0;0;2;3;1;A01
201100052342;0;7;0;0;2;2;1;B01
201100052343;0;33;0;16;0;3;1;A01
201100052344;0;7;0;0;2;3;1;A01
201100052344;0;34;0;0;2;1;15;B01
201100052345;0;33;0;0;2;1;1;B01
201100052345;0;7;0;0;2;3;15;A01
201100052346;0;7;0;0;2;3;1;A01
201100052346;0;1;0;0;2;1;1;B01
201100052347;0;7;0;0;2;1;1;A01
201100052347;0;7;0;0;2;4;1;C01
201100052347;0;7;0;0;2;4;1;B01
201100052348;0;7;0;0;2;1;17;A01
201100052348;0;2;0;0;2;3;2;B01
201100052349;0;30;0;16;0;7;1;A01
201100052350;0;13;0;0;2;7;1;B01
201100052350;0;7;0;0;2;1;1;A01
201100052351;0;7;0;0;1;1;1;A01
201100052352;0;30;0;0;2;1;1;A01
201100052352;1;7;0;0;0;0;1;Z01
201100052353;0;7;0;0;1;1;20;A01
201100052354;0;7;0;0;2;8;1;A01
201100052354;0;30;0;0;2;7;17;B01
201100052355;0;1;0;0;2;1;1;A01
201100052355;0;7;0;0;2;7;1;B01
201100052356;0;7;0;0;2;1;1;A01
201100052356;0;1;0;1;2;4;1;B01
201100052357;0;3;0;16;0;3;13;A01
201100052358;0;7;0;0;2;9;2;B01
201100052358;0;7;0;0;2;1;2;A01
201100052358;0;7;0;0;2;4;23;C01
201100052359;0;7;0;0;2;8;15;B01
201100052359;0;1;0;0;2;1;17;A01
201100052360;0;2;0;0;2;1;17;A01
201100052360;0;7;0;0;2;1;1;B01
201100052361;0;33;0;0;2;2;1;B01
201100052361;0;7;0;0;2;1;1;A01
201100052362;0;34;0;0;2;1;18;A01
201100052362;0;7;0;0;2;2;16;B01
201100052363;0;10;0;0;1;2;1;A01
201100052364;0;7;0;0;2;6;1;A01
201100052364;0;7;0;0;2;3;15;B01
201100052365;0;7;0;0;1;1;15;A01
201100052366;0;7;0;15;0;1;10;A01
201100052367;0;7;0;9;1;9;1;A01
201100052368;0;32;0;0;2;1;1;B01
201100052368;0;7;0;0;2;1;23;A01
201100052368;0;7;0;0;2;8;24;C01
201100052369;0;7;0;15;0;1;1;A01
201100052370;0;33;0;0;2;1;1;B01
201100052370;0;7;0;0;2;4;4;A01
201100052371;0;7;0;0;2;1;1;A01
201100052371;0;7;0;0;2;4;23;B01
201100052372;0;7;0;0;2;1;1;A01
201100052372;0;7;0;0;2;1;1;B01
201100052373;0;1;0;0;2;4;1;B01
201100052373;0;7;0;0;2;8;1;A01
201100052374;0;7;0;0;1;8;1;A01
201100052375;0;1;0;0;2;7;1;B01
201100052375;0;7;0;;2;8;22;A01
201100052376;0;1;0;0;2;4;1;B01
201100052376;0;7;0;0;2;1;1;A01
201100052377;0;2;0;0;2;1;1;A01
201100052377;0;7;0;0;2;3;16;B01
201100052378;2;7;0;0;2;0;10;A01
201100052378;0;33;0;0;2;7;17;B01
201100052379;0;7;0;0;1;1;15;A01
201100052380;0;7;0;0;2;4;23;B01
201100052380;0;7;0;0;2;1;2;C01
201100052380;0;7;0;0;2;9;2;A01
201100052381;0;7;0;0;2;1;15;B01
201100052381;0;1;0;0;2;1;1;A01
201100052382;0;1;0;16;0;9;1;A01
201100052383;0;7;0;0;2;4;2;B01
201100052383;0;7;0;0;2;1;1;C01
201100052383;0;7;0;0;2;9;2;A01
201100052384;0;7;0;0;1;4;20;A01
201100052385;0;32;0;0;2;1;21;B01
201100052385;0;7;0;0;2;8;23;A01
201100052386;0;7;0;8;0;1;14;A01
201100052387;0;10;0;0;2;1;1;A01
201100052387;0;7;0;0;2;4;1;B01
201100052388;0;34;0;1;2;1;1;A01
201100052389;0;7;0;0;1;4;4;A01
201100052390;0;7;0;14;0;1;1;A01
201100052391;0;7;0;1;0;9;1;A01
201100052392;0;7;0;0;1;3;15;A01
201100052393;0;7;0;0;2;3;15;A01
201100052393;0;34;0;0;2;1;1;B01
201100052394;0;31;0;0;2;1;1;A01
201100052394;0;7;0;0;2;8;15;B01
201100052395;0;7;0;0;1;1;1;A01
201100052396;1;7;0;0;1;0;0;Z01
201100052397;0;7;0;0;2;1;15;A01
201100052397;0;30;0;0;2;1;1;B01
201100052398;0;7;0;8;0;1;15;A01
201100052399;0;7;0;2;0;1;1;A01
201100052400;0;7;0;0;1;7;16;A01
201100052401;0;7;0;0;1;1;2;A01
201100052402;0;7;0;0;2;1;15;B01
201100052402;0;7;0;0;2;7;15;A01
201100052403;0;7;0;0;2;3;15;A01
201100052403;0;33;0;0;2;2;1;B01
201100052404;0;7;0;0;1;1;16;A01
201100052405;0;7;0;0;2;3;1;A01
201100052405;0;1;0;0;2;5;1;B01
201100052406;0;33;0;16;0;8;1;A01
201100052407;0;30;0;0;2;1;2;B01
201100052407;0;7;0;0;2;7;16;A01
201100052408;0;7;0;0;2;3;1;B01
201100052408;0;13;0;0;2;8;1;A01
201100052409;0;7;0;0;2;1;16;A01
201100052409;0;7;0;0;2;6;1;B01
201100052409;0;10;0;0;2;3;1;C01
201100052410;0;7;0;0;1;1;1;A01
201100052411;0;7;0;0;2;1;1;A01
201100052411;0;1;0;0;2;8;15;B01
201100052412;0;7;0;1;0;1;1;A01
201100052413;0;7;0;0;2;3;9;B02
201100052413;0;2;0;0;2;1;1;A01
201100052414;0;7;0;15;0;2;14;A01
201100052415;1;7;0;;;;;Z02
201100052415;0;7;0;8;0;2;1;A01
201100052416;0;7;0;0;2;1;9;B02
201100052416;0;7;0;0;2;7;1;A01
201100052417;2;10;0;0;2;4;15;B02
201100052417;0;33;0;0;2;1;1;A01
201100052418;0;2;0;;2;5;1;B02
201100052418;0;7;0;;2;3;9;A01
201100052419;0;7;0;1;0;1;14;A01
201100052420;0;7;0;0;1;1;1;A01
201100052421;0;7;0;0;2;4;2;B01
201100052421;0;7;0;0;2;1;2;A01
201100052422;0;7;0;9;1;1;2;A01
201100052423;0;7;0;0;2;4;2;A01
201100052423;0;10;0;0;2;1;2;B02
201100052424;0;7;0;0;2;7;20;A01
201100052424;0;7;0;0;2;1;2;B02
201100052424;0;7;0;0;2;1;2;C02
201100052425;0;7;0;9;0;3;1;A01
201100052426;0;30;0;0;2;7;2;B01
201100052426;0;7;0;0;2;3;2;A01
201100052427;0;33;0;0;2;7;1;B01
201100052427;0;7;0;0;2;8;1;A01
201100052428;0;7;0;0;1;1;1;A01
201100052429;0;7;0;0;2;1;10;A01
201100052429;0;7;0;0;2;1;1;B01
201100052430;0;10;0;0;1;6;4;A01
201100052431;0;7;0;3;0;4;1;B01
201100052431;0;7;0;16;0;9;1;A01
201100052432;0;7;0;8;0;1;1;A01
201100052433;0;7;0;0;1;1;9;A01
201100052434;0;7;0;0;2;9;15;A01
201100052434;0;7;0;0;2;1;1;B01
201100052434;0;7;0;0;2;3;1;C01
201100052435;0;10;0;0;2;1;13;A01
201100052435;0;31;0;0;2;1;13;B01
201100052436;0;7;0;0;1;2;1;A01
201100052437;0;37;0;;2;1;2;A01
201100052437;0;10;0;;2;7;2;B02
201100052438;1;7;0;14;1;0;1;A01
201100052439;0;7;0;0;1;1;1;A01
201100052440;0;7;0;0;2;1;1;A01
201100052440;0;7;0;0;2;4;2;B01
201100052441;0;7;0;0;2;1;2;A01
201100052441;0;7;0;0;2;4;2;B01
201100052442;0;7;0;0;2;4;2;B01
201100052442;0;15;0;0;2;1;1;A01
201100052443;0;32;0;14;1;1;1;A01
201100052444;0;7;0;0;1;1;1;A01
201100052445;0;7;0;0;2;1;1;B01
201100052445;0;7;0;0;2;7;16;A01
201100052446;0;33;0;0;2;7;2;B01
201100052446;0;7;0;0;2;8;2;A01
201100052447;0;7;0;0;2;9;2;C01
201100052447;0;7;0;0;2;1;1;A01
201100052447;0;7;0;0;2;4;2;B01
201100052448;0;7;0;0;1;1;1;A01
201100052449;0;7;0;0;2;1;1;C01
201100052449;0;32;0;0;2;8;1;A01
201100052449;0;7;0;0;2;6;0;B01
201100052450;0;7;0;0;1;1;1;A01
201100052451;0;34;0;0;2;1;1;A01
201100052451;0;7;0;0;2;4;2;B01
201100052452;0;7;0;0;1;4;4;A01
201100052453;0;7;0;0;2;3;18;A01
201100052453;0;31;0;0;2;7;15;B01
201100052454;0;7;0;0;1;2;16;A01
201100052455;0;7;0;0;1;1;1;A01
201100052456;0;7;0;0;2;1;1;A01
201100052456;0;10;0;0;2;4;2;B01
201100052457;0;7;0;0;1;3;1;A01
201100052458;0;7;0;6;2;1;1;A01
201100052458;0;34;0;0;2;7;1;B01
201100052459;0;7;0;0;1;1;1;A01
201100052460;0;7;0;0;2;6;2;A01
201100052460;0;7;0;0;2;3;1;B01
201100052461;0;7;0;0;1;1;1;A01
201100052462;0;2;0;0;2;1;2;A01
201100052462;0;7;0;0;0;4;2;B01
201100052463;0;7;0;0;2;4;23;B01
201100052463;0;7;0;14;2;1;2;A01
201100052464;0;30;0;0;2;1;2;A01
201100052464;0;7;0;0;2;4;23;B01
201100052465;0;34;0;0;2;1;2;B01
201100052465;0;7;0;0;2;4;2;A01
201100052466;0;30;0;0;2;1;1;A01
201100052466;0;7;0;0;0;3;1;B01
201100052467;0;7;0;0;1;1;1;A01
201100052468;1;7;0;0;0;0;0;A01
201100052468;0;33;0;0;2;7;1;B01
201100052469;0;7;0;0;2;3;11;A01
201100052469;0;33;0;0;2;9;1;B01
201100052470;0;7;0;0;2;4;23;B01
201100052470;0;7;0;0;2;1;2;A01
201100052471;0;7;0;0;2;3;1;A01
201100052471;0;1;0;0;2;1;9;B01
201100052472;0;7;0;0;1;4;20;A01
201100052473;2;1;0;0;2;1;5;A01
201100052473;0;7;0;0;2;3;1;B01
201100052474;0;7;0;0;1;2;16;A01
201100052475;0;30;0;0;2;3;1;A01
201100052475;0;7;0;0;2;1;20;B01
201100052476;0;30;0;16;0;3;9;A01
201100052477;0;7;0;0;1;1;17;A01
201100052478;0;7;0;0;1;1;9;A01
201100052479;0;33;0;0;2;1;1;A01
201100052479;0;7;0;0;2;4;1;B01
201100052480;0;7;0;0;2;9;2;B01
201100052480;0;10;0;0;2;1;2;A01
201100052480;0;7;0;0;2;4;2;C01
201100052481;0;7;0;2;0;1;1;A01
201100052482;0;33;0;0;2;3;1;B01
201100052482;0;2;0;0;2;2;15;A01
201100052483;0;7;0;0;2;3;15;B01
201100052483;0;30;0;0;2;1;5;A01
201100052484;0;31;0;0;2;1;1;B01
201100052484;0;7;0;0;2;2;15;A01
201100052485;0;7;0;0;1;4;4;A01
201100052486;0;33;0;0;2;8;17;A01
201100052486;0;14;0;0;2;5;15;B01
201100052487;0;7;0;0;1;1;15;A01
201100052488;0;30;0;0;2;1;3;A01
201100052488;0;7;0;0;2;2;16;B01
201100052489;0;7;0;0;2;1;9;B01
201100052489;0;30;0;0;2;1;9;A01
201100052490;0;7;0;0;2;2;15;A01
201100052490;0;7;0;0;2;1;1;B01
201100052491;0;7;0;0;2;1;1;A01
201100052491;0;7;0;0;2;4;2;B01
201100052492;0;10;0;9;1;8;1;A01
201100052493;0;7;0;0;1;1;1;A01
201100052494;0;34;0;0;2;2;9;B01
201100052494;0;7;0;0;2;2;9;A01
201100052495;0;32;0;0;2;3;1;B01
201100052495;0;7;0;0;2;5;10;A01
201100052496;0;7;0;0;2;6;24;C01
201100052496;0;7;0;0;2;3;15;A01
201100052496;0;32;0;0;2;8;1;B01
201100052497;0;30;0;0;2;1;1;B01
201100052497;0;7;0;0;2;3;15;A01
201100052498;0;7;0;0;1;4;4;A01
201100052499;0;7;0;0;2;3;13;A01
201100052499;0;7;0;0;2;3;1;B01
201100052500;0;7;0;0;2;9;2;B01
201100052500;0;7;0;0;2;1;1;A01
201100052500;0;7;0;0;2;4;2;C01
201100052501;0;7;0;0;1;2;1;A01
201100052502;0;2;0;0;2;1;16;B01
201100052502;0;7;0;0;2;2;1;A01
201100052503;0;7;0;0;2;6;1;B01
201100052503;0;31;0;0;2;1;11;A01
201100052504;0;33;0;0;2;1;1;B01
201100052504;0;7;0;0;2;3;13;A01
201100052505;0;2;0;0;2;1;1;A01
201100052505;0;7;0;0;2;4;1;B01
201100052506;0;31;0;0;2;1;1;B01
201100052506;0;7;0;0;2;3;10;A01
201100052507;0;7;0;0;1;1;1;A01
201100052508;0;31;0;13;0;8;1;A01
201100052509;0;7;0;2;0;2;1;A01
201100052510;0;7;0;0;1;3;1;A01
201100052511;0;33;0;0;2;1;2;A01
201100052511;0;7;0;0;0;6;1;B01
201100052512;0;33;0;0;2;1;17;A01
201100052512;0;7;0;0;0;3;15;B01
201100052513;0;37;5;9;0;1;1;A01
201100052514;0;34;0;16;0;3;1;A01
201100052515;0;1;0;0;2;3;15;A02
201100052515;0;30;0;0;2;5;1;A01
201100052516;0;7;0;2;0;2;1;A01
201100052517;0;7;0;1;0;1;1;A01
201100052518;0;2;0;0;2;1;1;B01
201100052518;0;7;0;0;2;2;1;A01
201100052519;0;1;0;0;2;1;1;B01
201100052519;0;1;0;0;2;1;1;A01
201100052519;0;7;0;0;2;7;15;C01
201100052520;0;33;0;16;0;3;21;A01
201100052521;0;7;0;0;2;3;13;A01
201100052521;0;7;0;0;2;3;1;B01
201100052521;0;7;0;0;2;3;2;C01
201100052521;0;7;0;0;2;1;2;D01
201100052522;0;7;0;0;1;4;4;A01
201100052523;0;30;0;0;1;1;17;A01
201100052524;0;33;0;2;0;3;1;A01
201100052525;0;7;0;0;1;1;1;A01
201100052526;0;30;0;16;0;7;16;A01
201100052527;0;1;0;0;2;8;1;B01
201100052527;0;3;0;0;2;7;17;A01
201100052528;0;33;0;16;0;7;1;A01
201100052529;0;2;0;0;2;6;2;B01
201100052529;0;2;0;0;2;1;2;A01
201100052530;0;7;0;0;2;5;2;B01
201100052530;0;7;0;0;2;3;2;A01
201100052531;0;33;0;3;0;7;17;A01
201100052532;0;33;0;0;2;1;1;B01
201100052532;0;7;0;;2;2;9;A01
201100052533;0;7;0;0;2;1;1;A01
201100052534;0;3;0;0;1;2;10;A01
201100052535;0;7;0;0;1;2;1;A01
201100052536;0;7;0;0;1;7;1;A01
201100052537;0;7;0;13;0;1;1;A01
201100052538;0;34;0;0;2;7;9;A01
201100052538;0;7;0;0;2;1;1;B01
201100052539;0;10;0;0;2;2;1;A01
201100052539;0;7;0;0;2;8;16;B01
201100052540;0;7;0;13;0;1;0;A01
201100052541;0;7;0;0;2;6;2;A01
201100052541;0;7;0;0;2;1;2;B01
201100052541;0;7;0;0;2;1;2;C01
201100052541;0;7;0;0;2;1;2;D01
201100052542;0;7;0;1;0;6;2;A01
201100052542;0;7;0;0;2;6;0;B01
201100052543;0;7;0;0;1;2;0;A01
201100052544;0;7;0;0;2;1;1;A01
201100052544;0;15;0;0;2;3;1;B01
201100052545;0;7;0;;2;1;;A09
201100052545;0;7;0;0;2;1;0;L01
201100052545;0;7;0;;2;1;;C03
201100052545;0;7;0;0;2;1;0;P01
201100052545;0;7;0;0;2;1;0;H01
201100052545;0;7;0;;2;;;A04
201100052545;0;7;0;0;2;0;0;W01
201100052545;0;7;0;;2;;;C06
201100052545;0;7;0;;;;;A03
201100052545;0;7;0;0;2;0;0;Z01
201100052545;0;7;0;;2;0;;C05
201100052545;0;7;0;;2;;;D04
201100052545;0;7;0;;2;1;;B02
201100052545;0;7;0;;2;1;;B06
201100052545;0;7;0;;2;1;;C04
201100052545;0;7;0;0;2;0;0;Y01
201100052545;0;7;0;0;2;1;0;N01
201100052545;0;7;0;0;2;0;2;K01
201100052545;0;7;0;0;2;0;0;X01
201100052545;0;7;0;;2;;;D05
201100052545;0;7;0;0;2;1;0;G01
201100052545;0;7;0;;2;;;B04
201100052545;0;7;0;0;2;1;0;F01
201100052545;0;7;0;;2;1;;A08
201100052545;0;7;0;0;2;1;0;O01
201100052545;0;7;0;0;2;1;0;E01
201100052545;0;7;0;0;2;1;0;D01
201100052545;0;7;0;;2;1;;C02
201100052545;0;7;0;;2;1;;B09
201100052545;0;7;0;0;0;1;0;B01
201100052545;0;7;0;;2;;;C08
201100052545;0;7;0;;2;1;;B07
201100052545;0;7;0;0;2;1;0;Q01
201100052545;0;7;0;;;1;0;D02
201100052545;0;7;0;;2;1;;A06
201100052545;0;7;0;;;;1;D03
201100052545;0;7;0;;2;;;A05
201100052545;0;7;0;;;;;A02
201100052545;0;7;0;;2;;;C07
201100052545;0;7;0;;2;1;;C01
201100052545;0;7;0;0;2;1;0;J01
201100052545;0;7;0;0;2;1;0;R01
201100052545;0;7;0;0;0;1;2;A01
201100052545;0;7;0;;2;1;;B03
201100052545;0;7;0;0;2;0;0;T01
201100052545;0;7;0;0;2;0;0;U01
201100052545;0;7;0;0;2;1;0;I01
201100052545;0;7;0;0;2;0;0;V01
201100052545;0;7;0;;2;;;C09
201100052545;0;7;0;;2;1;;A07
201100052545;0;7;0;0;2;0;0;S01
201100052545;0;7;0;;2;1;;B08
201100052545;0;7;0;0;2;1;0;M01
201100052545;0;7;0;;2;1;;B05
201100052546;0;7;0;0;2;8;1;A01
201100052546;0;7;0;0;2;5;2;B01
201100052546;0;7;0;0;2;9;2;C01
201100052546;0;7;0;0;2;1;1;D01
201100052546;0;7;0;0;2;4;2;E01
201100052546;0;7;0;0;2;9;2;F02
201100052546;0;7;0;0;2;2;1;G02
201100052546;0;7;0;0;2;1;2;H02
201100052546;0;7;0;0;2;9;2;I02
201100052546;0;7;0;0;2;6;2;J02
201100052547;0;7;0;14;2;4;21;B01
201100052547;0;38;63;14;2;1;21;C01
201100052548;0;7;0;0;2;1;1;A01
201100052548;0;34;0;0;2;9;2;B01
201100052548;0;7;0;0;2;6;2;C01
201100052549;0;33;0;0;2;1;1;B01
201100052549;0;7;0;0;2;8;1;A01
201100052550;0;33;0;0;2;1;2;B01
201100052550;0;7;0;0;2;3;1;A01
201100052551;0;30;0;0;0;0;15;A01
201100052552;0;7;0;0;9;1;0;A02
201100052552;0;1;0;0;2;7;0;B01
201100052553;0;7;0;0;2;1;15;A01
201100052553;0;7;0;;2;4;2;B01
201100052554;0;33;0;13;0;0;16;A01
201100052555;0;7;0;0;2;6;15;A01
201100052555;0;13;0;0;2;1;1;B01
201100052556;0;7;0;5;0;8;0;A01
201100052557;0;7;0;0;2;;9;A01
201100052557;0;7;0;;2;;9;B01
201100052558;0;7;0;13;0;0;0;A01
201100052559;0;17;0;0;2;2;1;A01
201100052559;0;33;0;0;2;9;1;B01
201100052560;0;37;1;0;1;1;1;A01
201100052561;0;7;0;14;2;3;16;A01
201100052561;0;33;0;0;2;1;1;B01
201100052562;1;7;0;0;0;0;2;A01
201100052562;0;7;0;0;2;3;2;E01
201100052562;0;7;0;0;2;3;17;D01
201100052562;0;7;0;0;2;4;2;B01
201100052562;0;7;0;0;2;9;2;C01
201100052563;0;7;0;0;2;4;1;B01
201100052563;0;7;0;0;2;1;1;A01
201100052564;0;10;0;0;1;3;1;A01
201100052565;0;7;0;0;2;1;1;A01
201100052565;0;10;0;0;2;1;1;B01
201100052566;0;7;0;0;1;4;4;A01
201100052567;0;31;0;0;2;8;1;B01
201100052567;0;7;0;0;2;1;1;A01
201100052568;0;37;50;0;2;2;1;A01
201100052568;0;7;0;0;2;1;16;B01
201100052569;0;7;0;0;1;1;1;A01
201100052570;0;7;0;0;2;3;2;A01
201100052570;0;7;0;0;0;1;11;B01
201100052571;0;7;0;0;1;2;16;A01
201100052572;0;7;0;0;2;4;2;C01
201100052572;0;7;0;0;2;9;2;B01
201100052572;0;7;0;0;2;1;2;A01
201100052573;0;7;0;0;2;3;1;A01
201100052573;0;7;0;0;2;2;1;B02
201100052574;0;7;0;0;1;1;2;A01
201100052575;0;7;0;0;1;3;2;A01
201100052576;0;7;0;0;1;3;2;A01
201100052577;0;37;10;0;2;1;17;B01
201100052577;0;7;0;0;2;5;18;A01
201100052578;0;7;0;0;1;8;1;A01
201100052579;0;7;0;14;0;1;2;A01
201100052579;0;7;0;;1;1;2;B01
201100052580;0;7;0;1;1;8;1;A01
201100052581;0;7;0;0;1;1;1;A01
201100052582;0;7;0;0;1;1;1;A01
201100052583;0;7;0;0;1;2;1;A01
201100052584;0;7;0;0;1;1;1;A01
201100052585;0;7;0;0;1;1;1;A01
201100052586;0;7;0;0;1;2;1;A01
201100052587;0;7;0;0;2;1;10;A01
201100052587;0;7;0;0;2;7;1;B01
201100052588;0;7;0;0;2;4;2;B01
201100052588;0;7;0;0;2;4;2;C01
201100052588;0;7;0;0;2;1;2;A01
201100052589;0;7;0;0;1;1;1;A01
201100052590;0;7;0;0;1;1;1;A01
201100052591;0;7;0;0;1;1;1;A01
201100052592;1;99;0;0;0;0;0;Z01
201100052593;0;7;0;0;1;4;4;A01
201100052594;0;2;0;0;2;1;1;B01
201100052594;0;7;0;0;2;3;1;A01
201100052595;0;7;0;0;1;1;1;A01
201100052596;0;13;0;0;1;4;4;A01
201100052597;0;7;0;0;1;7;1;A01
201100052598;0;7;0;0;1;1;2;A01
201100052599;0;7;0;0;1;1;17;A01
201100052600;0;7;0;0;1;1;1;A01
201100052601;0;7;0;0;2;7;1;B01
201100052601;1;7;0;0;0;0;0;A01
201100052602;0;7;0;0;2;4;2;B01
201100052602;0;7;0;0;2;1;2;A01
201100052603;0;7;0;0;2;3;1;B01
201100052603;0;34;0;9;2;3;21;A01
201100052604;0;7;0;0;2;3;13;A01
201100052604;0;7;0;0;2;2;1;B01
201100052605;0;7;0;0;2;3;2;C01
201100052605;0;7;0;0;2;3;1;A01
201100052605;0;7;0;0;2;1;1;B01
201100052606;0;7;0;0;2;8;1;B01
201100052606;0;7;0;4;2;1;13;A01
201100052607;0;7;0;0;1;2;1;A01
201100052608;0;7;0;0;1;3;1;A01
201100052609;0;7;0;0;2;3;15;A01
201100052609;0;31;0;0;2;1;1;B01
201100052610;0;7;0;11;0;1;1;A01
201100052611;0;30;0;0;2;3;2;B01
201100052611;0;7;0;0;2;5;17;A01
201100052612;0;7;0;0;2;1;16;A01
201100052612;0;33;0;0;2;1;15;B01
201100052613;0;7;0;0;2;2;1;A01
201100052613;0;7;0;0;2;1;1;B01
201100052614;0;7;0;9;2;1;1;A01
201100052614;0;7;0;0;2;3;1;B01
201100052614;0;7;0;0;0;8;1;C01
201100052615;0;7;0;0;1;4;20;A01
201100052616;0;7;0;0;2;2;15;A01
201100052616;0;33;0;0;2;1;1;B01
201100052617;0;32;0;0;2;1;1;B01
201100052617;0;7;0;0;2;3;1;A01
201100052618;0;30;0;0;2;1;1;B01
201100052618;0;7;0;0;2;2;15;A01
201100052619;0;33;0;16;0;3;21;B01
201100052619;0;7;0;0;0;0;15;A01
201100052620;0;7;0;0;1;1;1;A01
201100052621;0;7;0;0;2;1;1;A01
201100052621;0;7;0;0;2;1;1;B01
201100052622;0;3;0;0;2;1;2;A01
201100052622;0;7;0;0;1;4;2;B01
201100052623;0;7;0;0;2;4;23;B01
201100052623;0;7;0;0;2;1;2;A01
201100052623;0;7;0;0;2;4;23;C01
201100052623;0;7;0;0;2;4;23;D01
201100052624;0;7;0;0;0;4;2;B01
201100052624;0;7;0;0;2;1;1;A01
201100052625;0;7;0;0;2;1;1;A01
201100052625;0;7;0;0;2;4;23;B01
201100052626;0;30;0;2;0;1;1;A01
201100052627;0;7;0;0;1;1;1;A01
201100052628;0;7;0;0;2;1;1;A01
201100052628;0;10;0;1;2;1;1;B01
201100052629;0;33;0;0;2;1;1;A01
201100052629;0;7;0;0;2;3;15;B01
201100052630;0;7;0;0;;0;9;A01
201100052630;0;33;0;16;0;9;21;B01
201100052631;0;7;0;0;2;4;21;B01
201100052631;0;30;0;0;2;1;2;A01
201100052632;0;7;0;0;0;4;23;B01
201100052632;0;7;0;0;2;1;2;A01
201100052633;0;7;0;0;1;3;15;A01
201100052634;0;2;0;16;0;9;1;A01
201100052635;0;2;0;16;0;1;1;A01
201100052636;0;7;0;1;0;2;1;A01
201100052637;0;1;0;0;2;1;1;B01
201100052637;0;7;0;0;2;3;16;A01
201100052638;0;7;0;0;1;3;1;A01
201100052639;0;7;0;0;2;4;2;B01
201100052639;0;33;0;0;2;1;2;A01
201100052640;0;7;0;0;1;8;1;A01
201100052641;0;30;0;0;2;1;1;B01
201100052641;0;7;0;0;2;3;15;A01
201100052642;0;7;0;0;2;6;1;B01
201100052642;0;7;0;0;2;3;1;A01
201100052643;0;33;0;0;2;1;1;B01
201100052643;0;7;0;0;2;1;1;A01
201100052644;0;10;0;0;1;1;1;A01