num_acc;senc;catv;occutc;obs;obsm;choc;manv;num_veh
201100052978;0;33;0;0;2;8;3;B01
201100052979;0;7;0;0;0;4;1;A01
201100052979;0;7;0;4;2;1;13;B01
201100052980;0;7;0;0;2;7;12;A01
201100052980;0;33;0;0;2;3;3;B01
201100052981;0;15;0;0;2;6;2;A01
201100052981;0;7;0;0;2;2;0;B01
201100052982;0;10;0;0;2;5;2;A01
201100052982;0;33;0;0;2;1;2;B01
201100052983;0;31;0;6;0;8;1;A01
201100052984;0;7;0;0;2;5;1;A01
201100052984;0;33;0;0;2;1;2;B01
201100052985;0;32;0;0;2;4;23;A01
201100052985;0;33;0;0;2;4;2;B01
201100052985;0;7;0;0;2;1;2;C01
201100052986;0;7;0;0;0;4;1;A01
201100052986;0;33;0;0;2;1;3;B01
201100052987;0;7;0;0;0;4;2;A01
201100052987;0;7;0;3;2;1;2;B01
201100052988;0;33;0;0;0;0;3;A01
201100052989;0;7;0;0;0;1;13;A01
201100052990;0;33;0;6;0;1;1;A01
201100052991;0;33;0;14;0;9;14;A01
201100052992;0;7;0;0;2;5;1;A01
201100052992;0;32;0;0;2;1;3;B01
201100052993;0;7;0;0;2;5;2;B01
201100052993;0;33;0;0;2;3;11;A01
201100052994;0;33;0;0;2;8;1;A01
201100052994;0;10;0;0;2;7;14;B01
201100052995;0;31;0;0;2;1;3;B01
201100052995;0;7;0;0;2;5;12;A01
201100052996;0;7;0;0;2;5;1;A01
201100052996;0;17;0;0;2;3;1;D01
201100052996;0;7;0;0;2;5;1;B01
201100052996;0;33;0;0;2;8;3;C01
201100052997;0;10;0;0;2;7;1;B01
201100052997;0;33;0;0;2;8;3;A01
201100052998;0;14;0;0;2;2;1;B01
201100052998;0;7;0;0;2;8;13;A01
201100052999;0;7;0;0;2;6;23;A01
201100052999;0;33;0;0;2;1;1;B01
201100053000;0;17;0;3;2;1;2;A01
201100053000;0;7;0;0;2;4;2;B01
201100053000;0;7;0;0;2;4;1;C01
201100053001;0;17;0;0;2;2;12;B01
201100053001;0;7;0;0;2;8;1;A01
201100053002;0;7;0;0;2;3;1;A01
201100053002;0;1;0;0;2;7;12;B01
201100053003;0;7;0;0;2;4;1;C01
201100053003;0;33;0;0;2;2;2;A01
201100053003;0;10;0;0;2;3;11;B01
201100053004;0;10;0;0;2;7;12;A01
201100053004;0;33;0;4;2;8;1;B01
201100053005;0;31;0;0;2;1;2;A01
201100053005;0;15;0;0;2;8;1;C01
201100053005;0;7;0;0;2;4;1;B01
201100053006;0;7;0;0;2;1;2;A01
201100053006;0;7;0;0;2;4;2;B01
201100053006;0;7;0;0;2;4;2;C01
201100053006;0;7;0;0;2;4;1;D01
201100053007;0;7;0;3;2;7;0;A01
201100053007;0;7;0;0;2;8;1;B01
201100053007;2;7;0;3;2;7;1;C01
201100053008;0;10;0;0;2;6;11;A01
201100053008;0;31;0;0;2;1;13;B01
201100053009;0;7;0;0;2;7;12;D01
201100053009;0;15;0;0;2;3;1;C01
201100053009;0;10;0;0;2;5;1;B01
201100053009;0;7;0;4;2;7;1;A01
201100053010;0;7;0;14;0;4;1;A01
201100053010;1;7;0;0;2;1;2;B01
201100053011;0;34;0;0;2;1;1;B01
201100053011;0;7;0;0;0;6;11;A01
201100053012;0;33;0;0;2;5;1;A01
201100053012;0;31;0;0;2;1;2;B01
201100053013;0;33;0;0;2;1;3;A01
201100053013;0;10;0;0;0;4;1;B01
201100053014;0;7;0;0;2;2;1;A01
201100053014;0;33;0;0;2;1;0;B01
201100053014;0;7;0;0;2;4;1;C01
201100053014;0;7;0;0;2;3;11;D01
201100053015;0;7;0;0;2;1;2;C01
201100053015;0;7;0;0;2;4;1;B01
201100053015;0;7;0;0;0;4;1;A01
201100053016;0;7;0;0;2;4;2;A01
201100053016;0;7;0;0;2;4;2;B01
201100053016;0;7;0;0;2;1;2;C01
201100053017;0;7;0;5;2;4;12;A01
201100053017;1;7;0;0;2;2;2;B01
201100053018;0;10;0;0;2;6;1;A01
201100053018;0;33;0;0;2;1;1;B01
201100053019;0;33;0;0;0;0;9;A01
201100053020;0;33;0;0;2;2;1;B02
201100053020;0;15;0;0;2;6;9;A01
201100053021;0;33;0;0;2;4;1;A01
201100053021;0;7;0;4;2;1;2;B01
201100053022;0;33;0;0;0;8;21;A01
201100053022;0;7;0;0;2;6;1;B01
201100053023;0;34;0;0;2;8;3;B01
201100053023;0;7;0;0;2;7;12;A01
201100053024;0;7;0;0;2;1;2;A01
201100053024;0;10;0;0;2;4;1;B01
201100053025;0;7;0;0;2;8;3;A01
201100053025;0;33;0;0;2;7;9;B01
201100053026;0;34;0;0;0;4;1;A01
201100053026;0;7;0;0;0;1;2;B01
201100053027;0;7;0;0;2;4;2;B01
201100053027;0;7;0;0;2;1;2;C01
201100053027;0;7;0;0;2;4;1;A01
201100053028;0;7;0;0;2;4;1;A01
201100053028;0;33;0;0;2;1;12;B01
201100053029;0;7;0;0;2;4;2;A01
201100053029;0;7;0;0;2;4;2;B01
201100053029;0;7;0;0;2;1;2;C01
201100053030;0;7;0;0;0;4;2;A01
201100053030;0;7;0;0;2;1;1;B01
201100053030;0;7;0;0;2;1;1;C01
201100053031;0;10;0;0;2;6;1;A01
201100053031;0;32;0;0;2;7;1;C01
201100053031;0;33;0;0;2;1;1;B01
201100053032;0;7;0;3;0;4;1;A01
201100053032;0;15;0;0;2;2;1;B02
201100053033;0;31;0;0;2;8;18;B01
201100053033;0;7;0;0;2;7;12;A01
201100053034;0;7;0;13;0;0;0;A01
201100053035;0;7;0;0;2;1;0;B01
201100053035;0;7;0;0;0;4;0;A01
201100053036;0;7;0;13;0;8;2;A01
201100053036;0;17;0;0;2;2;12;B01
201100053037;0;7;0;0;2;4;2;A01
201100053037;0;7;0;0;2;1;2;B01
201100053038;0;31;0;0;2;8;1;A01
201100053038;1;10;0;0;2;2;12;Z01
201100053039;0;7;0;0;2;7;12;A01
201100053039;0;33;0;0;2;7;3;B01
201100053040;0;7;0;0;2;1;2;A01
201100053040;0;10;0;0;2;4;2;C01
201100053040;0;7;0;0;2;4;2;B01
201100053041;0;10;0;3;2;1;21;A01
201100053041;0;10;0;0;2;5;1;B01
201100053042;0;7;0;0;2;7;12;A01
201100053042;0;33;0;0;2;8;3;B01
201100053043;0;7;0;0;2;1;2;B01
201100053043;0;15;0;0;2;4;1;A01
201100053044;0;7;0;4;2;6;11;A01
201100053044;0;7;0;0;2;2;1;B01
201100053045;0;33;0;0;2;2;3;B01
201100053045;0;10;0;0;2;6;9;A01
201100053046;0;33;0;0;2;8;2;A01
201100053046;0;33;0;0;2;2;2;B01
201100053047;0;13;0;0;2;2;12;A01
201100053047;0;7;0;0;2;6;1;B01
201100053048;0;7;0;0;0;4;1;A01
201100053048;0;32;0;0;2;1;2;B01
201100053049;0;14;0;0;2;2;2;A01
201100053049;0;33;0;0;2;4;1;B01
201100053050;0;33;0;0;0;7;2;A01
201100053050;0;7;0;0;0;6;13;B01
201100053051;0;7;0;0;2;4;2;A01
201100053051;0;7;0;0;2;1;2;B01
201100053052;0;7;0;0;0;5;1;A01
201100053052;0;31;0;0;2;1;11;B01
201100053053;0;33;0;0;2;1;2;B01
201100053053;0;10;0;0;2;4;1;A01
201100053054;0;33;0;0;0;7;2;A01
201100053054;0;7;0;0;0;8;13;B01
201100053055;0;7;0;0;2;6;1;A01
201100053055;0;33;0;0;2;1;3;B01
201100053056;1;7;0;0;2;8;13;Z01
201100053056;0;33;0;0;0;7;1;A01
201100053057;0;7;0;0;2;4;1;B01
201100053057;0;7;0;0;2;4;1;C01
201100053057;0;7;0;0;2;1;2;A01
201100053058;0;7;0;6;0;1;1;A01
201100053059;0;7;0;0;0;4;2;A01
201100053059;0;15;0;0;2;1;2;B01
201100053060;0;7;0;0;0;7;2;C01
201100053060;0;33;0;0;2;1;1;A01
201100053060;0;7;0;0;2;4;1;B01
201100053061;0;7;0;0;2;2;12;A01
201100053061;0;33;0;0;2;8;3;B01
201100053062;0;7;0;0;2;3;13;A01
201100053062;0;7;0;4;2;5;2;B01
201100053063;0;7;0;4;0;3;1;A01
201100053064;0;7;0;0;2;5;14;B01
201100053064;0;33;0;0;2;1;3;A01
201100053065;0;33;0;0;2;1;3;A01
201100053065;0;7;0;0;0;4;11;B01
201100053066;0;7;0;0;2;6;1;B01
201100053066;0;33;0;0;2;1;21;A01
201100053067;0;33;0;0;2;2;3;A01
201100053067;0;7;0;0;2;3;11;B01
201100053068;0;7;0;0;2;2;12;A01
201100053068;0;33;0;0;2;8;3;B01
201100053069;0;7;0;0;2;5;1;A01
201100053069;0;7;0;0;2;3;13;B01
201100053070;0;33;0;14;2;1;1;C01
201100053070;0;7;0;14;2;1;1;B01
201100053070;0;15;0;3;0;2;14;A01
201100053071;0;31;0;0;2;1;2;B01
201100053071;0;10;0;0;2;5;1;A01
201100053072;0;17;0;0;2;4;2;A01
201100053072;0;7;0;0;2;1;2;B01
201100053073;0;7;0;0;2;1;2;C01
201100053073;0;10;0;0;0;4;1;A01
201100053073;0;7;0;0;2;4;2;B01
201100053074;0;7;0;0;2;6;11;A01
201100053074;0;33;0;0;2;1;3;B01
201100053075;0;7;0;0;2;7;1;A01
201100053075;0;33;0;0;2;8;9;B01
201100053076;0;7;0;0;0;6;2;A01
201100053076;0;33;0;0;2;1;1;B01
201100053077;0;7;0;0;0;3;13;A01
201100053078;0;7;0;3;0;2;12;A01
201100053079;0;7;0;0;2;6;1;B01
201100053079;0;33;0;0;2;1;2;A01
201100053079;0;7;0;0;2;4;1;C01
201100053080;0;7;0;0;0;4;1;A01
201100053080;0;33;0;0;2;1;3;B01
201100053081;0;10;0;0;2;4;2;A01
201100053081;0;7;0;0;2;1;1;B01
201100053082;0;7;0;0;2;8;11;A01
201100053082;0;33;0;0;2;2;1;B01
201100053083;0;7;0;0;2;7;12;A01
201100053083;0;33;0;0;2;8;3;B01
201100053084;0;7;0;0;2;6;1;A01
201100053084;0;33;0;0;2;1;2;B01
201100053085;0;7;0;0;0;8;2;A01
201100053085;0;7;0;0;2;4;1;B01
201100053085;0;7;0;0;2;4;1;C01
201100053085;0;7;0;0;2;1;2;D01
201100053086;0;7;0;0;2;5;13;A01
201100053086;0;7;0;0;2;3;2;B01
201100053087;0;7;0;4;0;3;1;A01
201100053088;0;33;0;0;2;7;1;A01
201100053088;1;15;0;0;2;3;13;Z01
201100053089;0;7;0;4;0;3;1;A01
201100053090;0;33;0;0;0;8;1;A01
201100053091;0;7;0;3;2;3;2;A01
201100053091;0;7;0;0;2;3;2;B01
201100053092;0;7;0;0;2;2;1;B01
201100053092;0;33;0;0;2;4;3;A01
201100053093;0;10;0;0;1;4;2;A01
201100053093;0;7;0;0;0;4;2;B01
201100053093;0;10;0;0;0;1;2;C01
201100053094;0;7;0;0;0;9;21;A01
201100053094;0;10;0;0;0;0;14;B01
201100053095;1;15;0;0;0;0;12;B01
201100053095;0;7;0;0;0;6;1;A01
201100053096;0;15;0;0;2;4;2;A01
201100053096;0;15;0;0;2;1;2;B01
201100053097;1;14;0;;;;;B01
201100053097;0;33;0;13;0;7;2;A01
201100053098;0;14;0;6;0;1;1;A01
201100053099;0;7;0;0;0;4;23;A01
201100053099;0;7;0;0;2;1;2;C01
201100053099;0;10;0;0;2;4;23;B01
201100053100;0;7;0;0;0;9;21;A01
201100053100;0;7;0;0;0;0;1;B01
201100053101;0;7;0;0;2;6;1;A01
201100053101;0;33;0;0;2;1;2;B01
201100053102;0;14;0;0;2;1;1;C01
201100053102;0;10;0;0;2;6;1;A01
201100053102;0;7;0;0;2;4;1;B01
201100053103;0;7;0;0;2;8;11;C01
201100053103;0;31;0;0;2;2;3;D01
201100053103;0;7;0;0;2;8;11;E01
201100053103;0;31;0;0;2;7;3;B01
201100053103;0;10;0;0;0;5;2;A01
201100053104;0;7;0;3;2;1;1;A01
201100053104;0;7;0;0;2;8;1;B01
201100053105;0;7;0;0;2;4;1;B01
201100053105;0;7;0;6;2;1;2;A01
201100053106;0;7;0;4;0;3;1;A01
201100053107;0;14;0;6;0;7;14;A01
201100053108;0;14;0;6;0;7;14;A01
201100053109;0;33;0;13;2;7;21;A01
201100053110;0;15;0;3;0;3;6;A01
201100053111;0;15;0;0;2;1;1;A01
201100053111;0;7;0;3;0;4;9;B01
201100053112;0;15;0;0;0;4;2;A01
201100053112;0;14;0;0;2;1;2;B01
201100053113;0;7;0;0;2;6;1;A01
201100053113;0;33;0;0;2;7;17;B01
201100053114;0;7;0;3;0;3;2;A01
201100053114;0;7;0;0;2;2;14;B01
201100053115;0;10;0;0;0;6;9;A01
201100053115;0;31;0;0;2;1;1;B01
201100053116;0;10;0;3;0;7;21;A01
201100053117;0;33;0;0;2;8;1;A01
201100053117;1;7;0;0;2;7;12;Z01
201100053118;0;10;0;0;0;4;12;A01
201100053118;0;34;0;0;0;1;3;B01
201100053119;0;7;0;0;0;4;11;A01
201100053119;0;33;0;0;2;1;1;B01
201100053120;0;15;0;0;1;1;1;A01
201100053121;0;7;0;13;0;7;1;A01
201100053122;0;15;0;0;2;2;12;B01
201100053122;0;7;0;4;0;6;2;A01
201100053123;0;7;0;0;2;4;1;A01
201100053123;0;7;0;0;0;4;2;D02
201100053123;0;7;0;0;0;4;1;C01
201100053123;0;7;0;0;0;4;1;E01
201100053123;0;7;0;0;0;1;1;F01
201100053123;0;7;0;0;0;4;2;B01
201100053124;0;10;0;0;2;4;1;B01
201100053124;0;7;0;0;2;1;2;A01
201100053125;0;7;0;0;2;6;1;A01
201100053125;0;15;0;0;2;2;12;B01
201100053126;0;7;0;0;0;7;1;A01
201100053126;0;7;0;0;2;6;11;B01
201100053127;0;33;0;0;2;3;3;A01
201100053127;0;7;0;0;0;8;1;B01
201100053127;0;7;0;0;0;5;1;C01
201100053127;0;7;0;0;0;7;1;D01
201100053128;0;14;0;0;0;4;23;A01
201100053128;0;14;0;0;2;1;2;B01
201100053129;0;33;0;0;2;0;21;A01
201100053130;0;7;0;0;2;7;1;A01
201100053130;0;34;0;0;2;6;3;B01
201100053131;0;7;0;1;2;1;17;A01
201100053131;2;7;0;1;0;0;0;B01
201100053132;0;10;0;0;2;3;11;A01
201100053132;0;32;0;0;2;7;1;B01
201100053133;1;10;0;0;1;2;1;Z01
201100053134;0;15;0;3;0;2;1;A01
201100053135;0;7;0;0;2;6;1;A01
201100053135;0;31;0;0;2;1;12;B01
201100053136;0;33;0;0;2;7;1;A01
201100053136;0;7;0;0;2;8;11;B01
201100053137;0;7;0;0;2;7;12;A01
201100053137;0;32;0;0;2;8;1;B01
201100053138;0;7;0;0;0;4;2;A01
201100053138;0;7;0;0;2;1;2;B01
201100053139;0;7;0;0;2;2;1;A01
201100053139;0;7;0;4;2;6;21;B01
201100053140;0;7;0;0;0;6;1;A01
201100053140;0;34;0;0;2;1;12;B01
201100053141;0;7;0;3;0;1;21;A01
201100053142;0;7;0;4;0;9;1;A01
201100053143;0;33;0;0;0;8;21;A01
201100053144;0;7;0;0;2;5;12;A01
201100053144;0;33;0;0;2;1;3;B01
201100053145;0;14;0;0;2;8;13;A01
201100053145;0;7;0;0;2;2;1;B01
201100053146;0;33;0;0;2;1;2;A01
201100053146;0;7;0;0;2;6;2;B01
201100053147;0;17;0;0;0;2;12;A01
201100053147;0;7;0;0;0;8;1;B01
201100053148;0;33;0;0;0;0;3;A01
201100053149;0;33;0;14;0;7;21;A01
201100053150;0;7;0;1;2;1;2;A01
201100053150;0;7;0;1;2;9;23;B01
201100053150;0;10;0;0;9;4;23;C01
201100053151;0;7;0;0;2;5;1;A01
201100053151;0;31;0;0;2;8;3;B01
201100053151;0;7;0;0;2;7;1;C01
201100053152;0;7;0;4;0;1;21;A01
201100053153;0;7;0;0;2;4;2;A01
201100053153;0;7;0;0;2;1;2;B01
201100053154;0;7;0;0;2;5;1;A01
201100053154;0;7;0;0;2;8;11;B01
201100053154;0;33;0;0;2;1;1;C01
201100053155;0;33;0;4;2;7;1;A01
201100053155;1;10;0;0;2;8;11;Z01
201100053156;0;33;0;0;0;0;1;A01
201100053157;0;15;0;0;2;2;12;A01
201100053157;0;10;0;0;2;8;1;B01
201100053158;0;33;0;0;0;0;1;A01
201100053159;0;7;0;0;2;8;1;A01
201100053159;0;15;0;0;2;2;12;B01
201100053160;0;7;0;0;0;4;1;A01
201100053160;0;7;0;0;2;4;2;B01
201100053160;0;7;0;0;2;1;2;C01
201100053161;0;34;0;0;0;8;1;A01
201100053162;0;10;0;0;2;2;12;A01
201100053162;0;32;0;0;2;8;3;B01
201100053163;0;7;0;4;2;4;1;A01
201100053163;2;7;0;0;2;1;9;B01
201100053164;0;33;0;0;0;1;3;A01
201100053164;0;7;0;0;0;4;23;B01
201100053165;0;7;0;0;0;5;1;A01
201100053165;0;33;0;0;2;1;2;B01
201100053166;2;7;0;0;2;4;23;A01
201100053166;0;7;0;1;0;1;0;B01
201100053166;0;7;0;1;0;1;0;C01
201100053167;0;31;0;0;2;7;1;A01
201100053167;0;7;0;0;2;6;11;B01
201100053168;0;7;0;0;2;7;12;A01
201100053168;0;32;0;0;2;8;1;B01
201100053169;0;10;0;0;2;1;1;A01
201100053169;0;10;0;0;2;4;11;B01
201100053169;0;15;0;0;2;8;1;C01
201100053170;0;10;0;0;2;5;12;A01
201100053170;0;31;0;0;2;3;3;B01
201100053170;0;10;0;0;2;8;2;C01
201100053171;0;33;0;0;2;1;2;A01
201100053171;0;10;0;0;2;5;1;B01
201100053172;0;32;0;4;0;7;19;A01
201100053173;0;7;0;0;0;6;1;A01
201100053173;0;34;0;0;0;1;2;B01
201100053174;0;7;0;0;2;1;2;A01
201100053174;0;7;0;0;2;4;1;B01
201100053175;0;7;0;0;2;4;1;A01
201100053175;0;7;0;0;2;4;1;B01
201100053175;0;7;0;0;2;1;2;C01
201100053176;0;33;0;0;0;0;1;A01
201100053177;0;31;0;0;2;7;3;A01
201100053177;0;7;0;0;2;8;1;B01
201100053178;0;7;0;0;2;1;5;A01
201100053178;0;7;0;0;2;3;1;B01
201100053178;0;7;0;0;2;1;1;C01
201100053179;0;15;0;0;0;4;1;A01
201100053179;0;7;0;0;2;7;12;B01
201100053179;0;33;0;0;2;3;3;C01
201100053180;0;33;0;0;0;0;15;A01
201100053181;0;7;0;0;0;4;1;A01
201100053181;0;7;0;0;2;1;2;B01
201100053182;0;33;0;0;0;0;3;A01
201100053183;0;7;0;0;2;4;1;A01
201100053183;0;7;0;0;2;1;2;B01
201100053183;0;7;0;0;2;4;2;C01
201100053184;0;15;0;0;2;1;2;A01
201100053184;0;15;0;0;2;4;2;B01
201100053184;0;14;0;0;0;8;0;C01
201100053185;0;7;0;13;0;9;14;A01
201100053186;0;34;0;0;0;0;1;A01
201100053187;0;34;0;0;0;1;2;A01
201100053187;0;10;0;0;0;5;1;B01
201100053188;0;10;0;0;2;4;11;A01
201100053188;0;31;0;0;2;1;1;B01
201100053189;0;7;0;0;0;6;1;A01
201100053189;0;7;0;0;2;1;2;B01
201100053190;0;7;0;0;0;6;1;A01
201100053190;0;33;0;0;2;1;2;B01
201100053191;0;33;0;0;2;8;1;A01
201100053191;0;7;0;0;2;7;12;B01
201100053192;0;7;0;0;2;3;11;A01
201100053192;0;34;0;0;2;7;17;B01
201100053193;0;33;0;0;0;7;3;A01
201100053193;0;7;0;0;2;8;11;B01
201100053194;0;7;0;0;0;5;12;A01
201100053194;0;33;0;0;2;1;1;B01
201100053195;0;7;0;0;2;8;1;A01
201100053195;0;15;0;0;2;7;12;B01
201100053196;0;15;0;0;2;2;1;A01
201100053196;0;33;0;0;2;8;9;B01
201100053197;0;31;0;0;0;0;3;A01
201100053198;0;33;0;0;0;0;1;A01
201100053199;0;7;0;0;2;1;2;A01
201100053199;0;7;0;0;2;4;2;B01
201100053199;0;7;0;0;0;4;2;C01
201100053200;0;7;0;0;2;8;21;A01
201100053200;0;7;0;0;2;1;21;B01
201100053200;0;7;0;0;2;1;21;C01
201100053201;0;7;0;0;2;8;11;A01
201100053201;0;33;0;0;2;7;3;B01
201100053201;0;7;0;0;2;4;2;C01
201100053202;0;7;0;0;2;1;2;A01
201100053202;0;7;0;0;2;4;2;B01
201100053202;0;7;0;0;2;4;2;C01
201100053203;0;7;0;0;0;7;12;A01
201100053203;0;31;0;0;0;1;1;B01
201100053204;0;7;0;3;0;1;1;A01
201100053204;0;7;0;0;0;4;23;B01
201100053204;0;7;0;1;0;1;21;C01
201100053205;0;7;0;4;0;1;13;A01
201100053206;0;7;0;0;2;6;1;A01
201100053206;0;7;0;0;2;1;2;B01
201100053207;0;33;0;0;2;1;18;A01
201100053207;0;10;0;0;2;5;1;B01
201100053207;0;7;0;0;2;3;1;C01
201100053208;0;33;0;0;0;8;1;A01
201100053209;0;7;0;4;0;3;1;A01
201100053210;0;7;0;4;2;7;1;A01
201100053210;0;15;0;0;2;1;12;B01
201100053211;0;7;0;0;0;7;12;A01
201100053211;0;33;0;0;0;1;3;B01
201100053212;0;7;0;0;2;1;2;A01
201100053212;0;7;0;0;2;4;1;B01
201100053213;0;33;0;15;9;7;1;A01
201100053214;0;33;0;0;2;1;2;A01
201100053214;0;33;0;0;2;4;3;B01
201100053215;0;33;0;0;0;8;3;A01
201100053215;0;7;0;0;0;7;12;B01
201100053216;0;7;0;0;2;5;12;A01
201100053216;0;34;0;0;2;1;3;B01
201100053217;0;7;0;0;2;3;2;A01
201100053217;0;33;0;0;2;8;2;B01
201100053218;0;7;0;0;0;1;21;A01
201100053219;0;33;0;0;2;7;1;A01
201100053219;0;10;0;0;2;7;1;B01
201100053219;1;7;0;0;2;8;13;Z02
201100053220;0;33;0;0;2;1;3;A01
201100053220;0;99;0;0;2;6;3;B01
201100053220;0;7;0;0;2;2;1;C01
201100053221;0;10;0;4;0;3;0;A01
201100053222;0;7;0;0;2;2;12;A01
201100053222;0;31;0;0;2;1;12;B01
201100053223;0;31;0;16;0;8;3;A01
201100053223;1;7;0;0;2;7;12;Z01
201100053224;0;10;0;0;2;8;11;A01
201100053224;0;31;0;0;2;2;1;B01
201100053225;0;33;0;0;2;8;1;A01
201100053225;0;10;0;0;2;3;11;B01
201100053226;0;7;0;0;2;6;1;A01
201100053226;0;33;0;0;2;1;3;B01
201100053226;0;33;0;0;0;4;3;C01
201100053227;0;33;0;0;2;7;1;A01
201100053227;0;7;0;0;2;6;11;B01
201100053228;0;31;0;0;2;4;3;B01
201100053228;0;31;0;0;2;1;3;A01
201100053229;0;7;0;0;2;1;1;A01
201100053229;0;7;0;0;2;4;2;B01
201100053229;0;7;0;0;2;4;2;C01
201100053230;0;7;0;4;0;3;13;A01
201100053230;0;7;0;4;2;1;21;B01
201100053230;0;38;44;0;2;8;1;C01
201100053231;0;7;0;0;0;4;1;A01
201100053231;0;15;0;0;2;1;2;B01
201100053232;0;33;0;0;0;0;1;A01
201100053233;0;7;0;0;2;0;1;A01
201100053233;0;34;0;0;2;4;2;B01
201100053234;0;10;0;0;0;4;1;A01
201100053234;0;10;0;0;2;3;11;B01
201100053234;0;33;0;0;2;1;1;C01
201100053235;0;7;0;0;2;7;14;A01
201100053235;0;33;0;0;2;8;3;B01
201100053235;0;33;0;0;0;0;14;C01
201100053236;0;7;0;0;2;4;9;A01
201100053236;0;7;0;0;2;1;21;B01
201100053237;0;7;0;0;2;8;11;A01
201100053237;0;33;0;0;0;7;2;B01
201100053238;0;7;0;0;2;5;12;A01
201100053238;0;33;0;0;2;1;3;B01
201100053239;0;7;0;3;2;1;2;A01
201100053239;0;7;0;0;2;4;2;B01
201100053240;0;7;0;4;0;3;1;A01
201100053241;0;10;0;0;0;4;11;A01
201100053241;0;34;0;0;2;1;3;B01
201100053242;0;10;0;0;2;2;5;A01
201100053242;0;7;0;0;2;3;21;B01
201100053242;0;10;0;0;2;2;21;C01
201100053243;0;7;0;4;0;1;1;A01
201100053244;0;10;0;0;0;5;1;A01
201100053244;0;34;0;0;2;1;21;B01
201100053245;0;7;0;0;2;3;1;A01
201100053245;0;38;1;0;2;8;1;B01
201100053245;0;10;0;0;2;8;13;C01
201100053245;0;99;0;0;2;1;3;D01
201100053246;0;34;0;0;0;0;1;A01
201100053246;0;33;0;0;0;0;1;B01
201100053246;0;33;0;0;0;0;1;C01
201100053246;0;33;0;0;0;0;1;D01
201100053246;0;34;0;0;2;4;1;E01
201100053246;0;7;0;0;2;1;2;F02
201100053247;0;33;0;0;2;8;21;A01
201100053247;0;7;0;0;0;0;1;B01
201100053248;0;33;0;0;0;8;3;A01
201100053249;0;7;0;0;0;3;11;A01
201100053249;0;33;0;0;2;1;3;B01
201100053250;0;34;0;0;2;1;2;A01
201100053250;0;10;0;0;2;6;23;B01
201100053251;0;33;0;0;0;8;1;A01
201100053252;0;7;0;0;2;2;14;A01
201100053252;0;99;0;0;2;6;18;B01
201100053253;0;33;0;0;0;8;1;A01
201100053254;0;33;0;0;2;1;3;A01
201100053254;0;7;0;0;2;4;11;B01
201100053255;0;7;0;4;0;1;21;A01
201100053256;0;7;0;0;0;4;12;A01
201100053256;0;33;0;0;2;1;3;B01
201100053257;0;7;0;0;0;4;2;A01
201100053257;0;7;0;0;0;1;2;B01
201100053258;0;10;0;0;1;4;4;A01
201100053259;0;10;0;0;0;4;23;A01
201100053259;0;7;0;0;0;6;23;B01
201100053259;0;7;0;0;0;6;23;C01
201100053259;0;7;0;0;2;2;0;D01
201100053260;0;33;0;0;1;1;1;A01
201100053260;0;7;0;0;2;0;19;B01
201100053261;0;7;0;0;2;7;12;A01
201100053261;0;33;0;0;2;8;3;B01
201100053262;0;7;0;0;2;5;1;A01
201100053262;0;10;0;0;2;3;14;B01
201100053262;0;33;0;0;2;1;3;C01
201100053263;0;7;0;0;0;9;1;A01
201100053264;0;7;0;0;2;0;0;A01
201100053264;0;7;0;0;2;0;1;B01
201100053265;0;15;0;0;0;4;1;A01
201100053265;0;7;0;0;2;1;21;B01
201100053265;0;7;0;0;2;1;1;C01
201100053266;0;7;0;0;0;4;2;A01
201100053266;0;7;0;0;2;1;2;B01
201100053267;0;33;0;15;0;1;1;A01
201100053268;0;14;0;0;2;2;1;A01
201100053268;0;7;0;0;2;6;11;B01
201100053269;0;7;0;3;2;3;0;A01
201100053270;0;7;0;0;0;0;12;A01
201100053270;0;33;0;0;2;0;3;B01
201100053271;0;7;0;0;0;4;1;A01
201100053271;0;7;0;0;0;4;1;B01
201100053271;0;7;0;0;0;4;1;C01
201100053271;0;7;0;0;0;4;1;D01
201100053272;0;7;0;0;0;6;1;A01
201100053272;0;7;0;0;2;2;14;B01
201100053273;0;7;0;0;2;8;2;A01
201100053273;0;7;0;0;2;4;2;B01
201100053273;0;10;0;0;2;1;2;C01
201100053274;0;7;0;0;0;4;1;A01
201100053274;0;7;0;0;2;1;21;B01
201100053274;0;7;0;0;2;1;2;C01
201100053274;0;7;0;0;2;1;2;D01
201100053275;0;7;0;0;2;5;1;A01
201100053275;0;17;0;0;2;2;2;B01
201100053275;0;7;0;0;2;1;1;C01
201100053276;0;7;0;0;2;7;12;A01
201100053276;0;32;0;0;2;1;3;B01
201100053277;0;7;0;0;2;7;1;A01
201100053277;0;7;0;0;2;6;1;B01
201100053277;0;17;0;0;2;2;14;C01
201100053278;0;7;0;16;0;2;0;A01
201100053279;0;10;0;0;0;6;1;A01
201100053279;0;33;0;0;2;1;21;B01
201100053280;0;7;0;4;0;6;1;A01
201100053281;0;31;0;0;2;8;3;A01
201100053281;1;10;0;0;2;7;12;Z01
201100053282;0;7;0;4;0;3;1;A01
201100053283;0;32;0;4;0;1;1;A01
201100053284;0;7;0;0;0;1;19;A01