num_acc;senc;catv;occutc;obs;obsm;choc;manv;num_veh
201100053613;0;7;0;0;2;3;9;A01
201100053613;0;34;0;0;2;1;1;B01
201100053614;0;7;0;0;2;4;1;A01
201100053614;0;7;0;0;2;1;2;B01
201100053615;0;15;0;0;2;2;1;A01
201100053615;0;7;0;0;0;8;11;B01
201100053615;0;7;0;0;2;1;2;C01
201100053616;0;15;0;0;2;2;2;A01
201100053616;0;7;0;0;2;4;23;B01
201100053617;0;33;0;0;2;8;1;A01
201100053617;0;7;0;0;2;7;12;B01
201100053618;0;10;0;16;0;0;1;A01
201100053619;0;7;0;0;2;3;11;A01
201100053619;0;7;0;0;2;2;1;B01
201100053620;0;7;0;4;0;1;1;A01
201100053621;0;7;0;4;0;4;4;A01
201100053622;0;10;0;0;2;1;21;A01
201100053622;0;7;0;0;2;4;1;B01
201100053622;0;7;0;0;2;4;1;C01
201100053623;0;7;0;4;0;9;1;A01
201100053624;0;7;0;0;2;6;2;A01
201100053624;0;33;0;0;2;1;12;B01
201100053625;0;7;0;0;2;5;2;A01
201100053625;0;7;0;0;2;4;2;B01
201100053625;0;7;0;0;2;6;2;C01
201100053625;0;33;0;0;2;1;1;D01
201100053626;0;13;0;0;2;2;1;B01
201100053626;0;33;0;0;2;9;9;A01
201100053627;0;7;0;0;2;7;12;A01
201100053627;0;33;0;0;2;3;18;B01
201100053628;0;33;0;0;2;7;1;A01
201100053628;0;7;0;0;2;8;11;B01
201100053629;0;7;0;0;2;9;2;A01
201100053629;0;15;0;0;2;2;1;B01
201100053630;0;34;0;0;2;1;3;A01
201100053630;0;7;0;0;2;6;11;B01
201100053631;0;15;0;0;2;2;1;B01
201100053631;0;7;0;0;2;6;11;A01
201100053632;0;7;0;0;2;1;2;A01
201100053632;0;7;0;0;2;4;1;B01
201100053633;0;33;0;0;0;8;1;A01
201100053634;0;7;0;0;2;4;2;B01
201100053634;0;7;0;0;2;1;2;A01
201100053635;0;7;0;0;2;1;2;B01
201100053635;0;7;0;0;2;4;2;A01
201100053636;0;7;0;0;2;6;11;A01
201100053636;0;33;0;0;2;2;1;B01
201100053637;0;7;0;0;2;2;1;A01
201100053637;0;7;0;0;2;3;1;B01
201100053638;0;7;0;0;2;4;1;B01
201100053638;0;7;0;0;2;1;1;A01
201100053639;0;33;0;16;0;7;1;A01
201100053640;0;33;0;0;2;5;1;B01
201100053640;0;7;0;0;2;3;11;A01
201100053641;0;15;0;0;2;1;2;A01
201100053641;0;7;0;0;2;4;1;B01
201100053642;0;7;0;0;2;6;1;A01
201100053642;0;17;0;0;2;2;12;B01
201100053643;0;33;0;0;2;1;12;A01
201100053643;0;7;0;0;2;4;1;B01
201100053644;0;7;0;4;0;1;1;A01
201100053645;0;7;0;3;0;1;1;A01
201100053646;0;33;0;0;2;3;1;B01
201100053646;0;7;0;0;2;5;1;A01
201100053647;0;10;0;0;2;1;1;C01
201100053647;0;33;0;0;2;2;18;A01
201100053647;0;10;0;0;2;6;1;B01
201100053648;0;7;0;0;2;2;12;A01
201100053648;0;33;0;0;2;3;21;B01
201100053649;0;33;0;0;0;3;1;A01
201100053650;0;7;0;0;2;2;1;B01
201100053650;0;15;0;0;2;6;1;A01
201100053650;0;7;0;0;2;7;11;C01
201100053650;0;7;0;0;2;7;1;D01
201100053651;0;10;0;0;2;3;11;A01
201100053651;0;7;0;0;2;5;1;B01
201100053652;0;33;0;0;2;1;1;A01
201100053652;0;33;0;0;2;1;1;C01
201100053652;0;7;0;0;2;3;1;B01
201100053653;0;7;0;0;2;4;12;B01
201100053653;0;7;0;0;2;1;1;A01
201100053654;0;7;0;;1;1;14;A01
201100053655;0;7;0;16;0;1;1;A01
201100053656;0;10;0;0;0;4;1;A01
201100053656;0;7;0;0;2;1;2;B01
201100053657;0;33;0;0;2;8;1;A01
201100053657;1;7;0;0;2;7;12;Z01
201100053658;0;7;0;16;0;9;1;A01
201100053659;0;33;0;0;0;8;1;A01
201100053660;0;33;0;0;9;6;1;A01
201100053661;0;33;0;0;2;4;1;A01
201100053661;0;33;0;0;2;1;3;B01
201100053662;0;7;0;0;2;6;1;A01
201100053662;0;15;0;0;2;2;12;B01
201100053663;0;7;0;0;2;1;2;B01
201100053663;0;7;0;0;2;4;2;A01
201100053664;0;7;0;4;0;3;1;A01
201100053665;0;7;0;0;2;5;1;A01
201100053665;0;33;0;0;2;1;1;B01
201100053665;1;99;0;0;2;2;0;Z01
201100053666;0;7;0;0;2;1;14;A01
201100053666;0;15;0;0;2;4;1;B01
201100053667;0;7;0;3;2;8;1;A01
201100053667;1;15;0;0;2;7;12;Z01
201100053668;0;7;0;0;2;4;2;B01
201100053668;0;7;0;0;2;2;1;A01
201100053669;0;7;0;4;0;1;1;A01
201100053670;0;15;0;0;2;7;12;A01
201100053670;0;7;0;3;2;3;1;B01
201100053671;0;15;0;0;2;4;2;A01
201100053671;0;7;0;0;2;1;13;B01
201100053672;0;7;0;0;0;4;1;A01
201100053673;0;14;0;0;2;7;1;A01
201100053673;0;7;0;0;2;8;11;B01
201100053673;0;7;0;0;2;1;1;C01
201100053674;0;33;0;16;0;0;1;A01
201100053675;0;33;0;0;2;1;3;A01
201100053675;0;7;0;0;2;5;12;B01
201100053676;0;10;0;0;2;7;12;A01
201100053676;0;10;0;0;2;8;1;B01
201100053677;0;7;0;0;2;2;1;A01
201100053677;0;32;0;0;2;3;1;B01
201100053678;0;7;0;0;2;1;2;B01
201100053678;0;7;0;0;2;6;23;A01
201100053679;0;7;0;3;0;1;1;A01
201100053680;0;33;0;0;2;7;3;B01
201100053680;0;7;0;0;2;6;11;A01
201100053681;0;33;0;0;2;1;3;B01
201100053681;0;7;0;0;2;3;11;A01
201100053682;0;33;0;0;2;1;3;C01
201100053682;0;7;0;0;2;5;2;B01
201100053682;0;7;0;0;2;2;2;A01
201100053683;0;10;0;0;0;4;2;A01
201100053683;0;10;0;1;0;9;23;B01
201100053683;0;10;0;1;0;1;2;C01
201100053684;0;33;0;0;2;7;3;B01
201100053684;0;7;0;0;2;3;11;C01
201100053684;0;7;0;0;2;4;23;A01
201100053685;0;33;0;5;0;1;3;A01
201100053686;0;33;0;0;2;4;1;A01
201100053686;0;10;0;0;2;1;2;B01
201100053687;0;34;0;16;0;3;1;A01
201100053688;0;7;0;4;0;3;19;A01
201100053689;0;31;0;0;2;4;1;B01
201100053689;0;33;0;0;2;1;2;A01
201100053690;0;10;0;0;2;1;1;A01
201100053690;0;10;0;0;2;4;1;B01
201100053690;0;31;0;0;2;8;1;C01
201100053691;0;33;0;0;2;2;3;A01
201100053691;0;10;0;0;2;3;1;B01
201100053691;0;10;0;0;2;5;1;C01
201100053692;0;10;0;0;2;3;1;A01
201100053692;0;34;0;0;2;2;3;B01
201100053693;0;10;0;0;2;3;1;A01
201100053693;0;31;0;0;2;9;3;B01
201100053693;0;7;0;0;2;7;1;C01
201100053694;0;7;0;0;9;1;1;C01
201100053694;0;33;0;0;2;1;2;A01
201100053694;0;7;0;0;2;4;2;B01
201100053695;0;33;0;0;2;4;1;C01
201100053695;0;7;0;0;2;8;1;A01
201100053695;0;7;0;0;2;7;1;B01
201100053696;0;10;0;0;2;1;2;A01
201100053696;0;7;0;0;2;4;2;C01
201100053696;0;7;0;0;2;4;2;B01
201100053697;0;7;0;4;0;3;1;A01
201100053698;0;15;0;0;2;6;1;B01
201100053698;0;10;0;0;2;2;1;A01
201100053699;0;33;0;0;0;7;1;A01
201100053700;0;34;0;14;0;1;1;A01
201100053701;0;33;0;0;2;1;1;A01
201100053701;0;7;0;0;2;4;1;B01
201100053701;0;10;0;0;2;4;1;C01
201100053702;0;7;0;0;2;8;1;A01
201100053702;0;15;0;0;2;2;12;B01
201100053703;0;7;0;4;0;1;1;A01
201100053704;0;33;0;0;2;1;3;A01
201100053704;0;7;0;0;2;5;12;B01
201100053705;0;7;0;0;0;6;2;A01
201100053705;0;15;0;0;2;1;21;B01
201100053705;0;7;0;14;0;1;1;C01
201100053706;0;7;0;4;2;7;12;A01
201100053707;0;7;0;0;2;1;2;A01
201100053707;0;7;0;0;2;4;2;B01
201100053707;0;7;0;0;2;4;2;C01
201100053707;0;7;0;0;2;4;2;D01
201100053707;0;7;0;0;2;4;2;E01
201100053708;0;38;1;0;2;1;2;A01
201100053708;0;7;0;0;2;4;2;C01
201100053708;0;7;0;0;2;5;1;E01
201100053708;0;7;0;0;2;4;2;B01
201100053708;0;7;0;0;2;4;2;D01
201100053709;0;7;0;4;0;9;21;A01
201100053710;0;7;0;0;2;1;2;A01
201100053710;0;7;0;0;0;4;2;B01
201100053711;0;7;0;0;2;1;1;A01
201100053711;0;7;0;0;2;6;11;B01
201100053712;0;7;0;4;0;3;13;A01
201100053713;0;10;0;3;2;5;12;A01
201100053713;0;14;0;0;2;3;1;B01
201100053714;0;7;0;0;2;6;1;A01
201100053714;0;15;0;0;2;2;12;B01
201100053715;0;7;0;4;0;1;1;A01
201100053716;0;7;0;0;2;4;11;A01
201100053716;0;7;0;0;2;1;1;B01
201100053717;0;10;0;0;2;5;1;A01
201100053717;0;33;0;0;2;5;1;B01
201100053718;0;7;0;0;2;2;12;A01
201100053718;0;7;0;0;2;9;2;C01
201100053718;0;15;0;0;2;6;2;D01
201100053718;0;33;0;0;2;1;2;B01
201100053719;0;10;0;0;2;4;2;C01
201100053719;0;7;0;0;2;4;2;B01
201100053719;0;7;0;0;2;1;2;A01
201100053720;0;10;0;16;0;9;1;A01
201100053721;0;7;0;0;2;6;1;A01
201100053721;0;7;0;0;2;2;12;Z01
201100053722;0;7;0;0;2;6;2;B01
201100053722;0;33;0;0;2;1;14;A01
201100053723;1;7;0;0;2;0;12;Z01
201100053723;0;7;0;0;2;8;1;C01
201100053723;0;33;0;0;2;8;2;A01
201100053723;0;7;0;0;2;7;2;B01
201100053724;0;7;0;0;2;1;2;A01
201100053724;0;7;0;0;2;4;1;B01
201100053725;0;7;0;0;2;8;11;A01
201100053725;0;33;0;4;2;7;1;B01
201100053726;0;7;0;3;0;1;6;A01
201100053727;0;10;0;4;0;9;1;A01
201100053728;0;33;0;13;0;1;14;A01
201100053729;0;33;0;0;0;1;21;A01
201100053729;0;7;0;0;0;0;11;B01
201100053730;0;7;0;4;0;1;1;A01
201100053731;0;7;0;0;2;7;1;A01
201100053731;0;31;0;0;2;8;3;B01
201100053732;0;33;0;0;2;1;3;B01
201100053732;0;7;0;0;2;3;11;A01
201100053733;0;7;0;0;2;8;1;A01
201100053733;0;32;0;0;2;1;3;B01
201100053734;0;34;0;0;2;7;1;A01
201100053734;0;7;0;0;2;7;1;B01
201100053735;0;14;0;0;0;4;1;A01
201100053735;0;14;0;0;2;1;2;B01
201100053736;0;33;0;0;2;1;1;B01
201100053736;0;7;0;0;2;5;12;A01
201100053737;0;15;0;0;2;5;2;B01
201100053737;0;7;0;0;2;3;1;A01
201100053738;0;7;0;0;2;6;1;A01
201100053738;0;15;0;0;2;2;12;B01
201100053739;0;32;0;0;2;8;1;A01
201100053739;0;34;0;0;2;2;3;B01
201100053740;0;7;0;0;2;8;23;B01
201100053740;0;17;0;15;2;5;14;A01
201100053741;0;7;0;0;2;1;11;A01
201100053741;0;7;0;0;2;5;1;B01
201100053742;0;7;0;0;2;8;1;A01
201100053742;0;32;0;0;2;7;3;B01
201100053743;0;7;0;0;2;4;1;A01
201100053743;0;32;0;0;2;1;2;B01
201100053744;0;7;0;0;2;4;1;A01
201100053744;0;7;0;0;2;4;1;B01
201100053744;0;7;0;0;2;1;1;C01
201100053745;0;7;0;0;2;6;1;A01
201100053745;0;31;0;0;2;7;1;B01
201100053746;0;7;0;0;2;1;2;A01
201100053746;0;7;0;0;2;4;2;B01
201100053746;0;31;0;0;2;4;2;C01
201100053747;0;7;0;0;0;1;1;A01
201100053748;0;7;0;0;2;2;21;A01
201100053748;0;7;0;0;2;8;1;B01
201100053748;0;16;0;0;2;2;12;C01
201100053749;0;33;0;0;2;1;2;B01
201100053749;0;7;0;0;2;8;9;A01
201100053750;0;7;0;0;2;1;2;A01
201100053750;0;7;0;0;2;4;2;B01
201100053750;0;7;0;0;2;4;1;C01
201100053751;0;7;0;4;0;3;21;A01
201100053752;0;7;0;0;2;5;2;A01
201100053752;0;33;0;0;2;1;18;B01
201100053753;0;33;0;0;2;4;23;A01
201100053753;0;7;0;0;2;4;23;B01
201100053753;0;7;0;1;2;1;2;C01
201100053754;0;7;0;0;2;7;1;B01
201100053754;0;7;0;0;2;6;2;C01
201100053754;0;7;0;0;2;8;9;A01
201100053755;0;32;0;0;2;1;2;A01
201100053755;0;7;0;0;2;4;1;B01
201100053756;0;10;0;3;0;1;1;A01
201100053757;0;7;0;0;2;5;1;A01
201100053757;0;33;0;0;2;1;2;B01
201100053758;0;7;0;0;2;1;1;A01
201100053759;0;15;0;0;2;4;1;A01
201100053759;0;7;0;0;2;6;1;B01
201100053759;0;10;0;0;2;1;2;C01
201100053760;0;7;0;0;2;1;2;A01
201100053760;0;7;0;0;2;4;1;B01
201100053761;0;7;0;0;2;8;1;A01
201100053761;0;7;0;0;2;5;1;B01
201100053761;0;15;0;0;2;4;1;C01
201100053762;0;7;0;0;2;4;1;A01
201100053762;0;31;0;0;2;1;2;B01
201100053763;0;7;0;0;2;2;12;A01
201100053763;0;33;0;0;2;8;1;B01
201100053764;0;7;0;0;2;8;11;A01
201100053764;0;32;0;0;2;1;17;B01
201100053765;0;33;0;0;2;2;1;A01
201100053765;0;7;0;0;2;8;11;B01
201100053766;0;34;0;0;2;2;3;A01
201100053766;0;7;0;0;2;3;11;B01
201100053766;0;10;0;0;2;7;1;C01
201100053767;0;33;0;0;2;7;1;B01
201100053767;1;7;0;0;2;2;0;Z01
201100053768;0;7;0;0;2;4;1;A01
201100053768;0;7;0;0;2;1;1;B01
201100053769;0;7;0;0;2;6;11;A01
201100053769;0;7;0;0;2;2;1;B01
201100053770;0;7;0;0;2;6;1;A01
201100053770;0;33;0;0;2;2;1;B01
201100053771;0;7;0;4;0;1;1;A01
201100053772;0;7;0;3;2;1;1;A01
201100053772;0;7;0;0;2;6;1;B01
201100053773;0;7;0;0;0;1;1;A01
201100053774;0;31;0;0;2;9;18;B01
201100053774;0;7;0;0;2;7;1;A01
201100053775;0;33;0;4;2;1;3;A01
201100053775;0;7;0;0;2;4;1;B01
201100053776;0;7;0;0;2;8;1;A01
201100053776;0;15;0;0;2;7;12;B01
201100053777;0;33;0;4;0;1;1;A01
201100053778;0;7;0;0;2;1;2;A01
201100053778;0;7;0;0;2;4;1;B01
201100053779;0;13;0;0;2;4;2;B01
201100053779;0;7;0;0;2;6;1;C01
201100053779;0;13;0;0;2;1;2;A01
201100053780;0;14;0;0;2;3;1;A01
201100053780;0;7;0;4;2;5;1;B01
201100053781;0;7;0;0;2;4;2;D01
201100053781;0;7;0;0;2;4;2;B01
201100053781;0;7;0;0;2;4;2;C01
201100053781;0;7;0;0;2;1;2;A01
201100053782;0;7;0;16;0;8;1;A01
201100053783;0;7;0;0;2;4;2;B01
201100053783;0;7;0;0;2;4;2;C01
201100053783;0;7;0;0;2;1;2;A01
201100053784;0;10;0;0;2;4;2;A01
201100053784;0;7;0;0;2;1;2;B01
201100053785;0;10;0;4;2;9;1;A01
201100053786;0;7;0;3;0;1;1;A01
201100053787;0;7;0;4;0;1;1;A01
201100053788;0;7;0;4;0;1;1;A01
201100053789;0;7;0;3;0;1;1;A01
201100053790;0;7;0;4;0;3;1;A01
201100053791;0;7;0;3;0;1;1;A01
201100053792;0;7;0;4;0;1;12;A01
201100053793;0;7;0;0;2;8;11;A01
201100053793;0;33;0;0;2;7;1;B01
201100053794;0;7;0;0;2;2;12;A01
201100053794;0;33;0;0;2;8;1;B01
201100053795;0;7;0;0;2;9;2;A01
201100053795;0;7;0;0;2;2;2;B01
201100053796;0;33;0;0;2;1;1;B01
201100053796;0;7;0;0;2;4;1;A01
201100053797;0;7;0;0;2;7;14;A01
201100053797;0;32;0;0;2;8;3;B01
201100053797;0;7;0;0;2;5;1;C01
201100053798;0;7;0;0;2;7;1;A01
201100053798;0;34;0;0;2;3;13;B01
201100053799;0;7;0;0;2;6;1;A01
201100053799;0;7;0;0;2;9;1;B01
201100053799;0;7;0;0;2;3;1;C01
201100053800;0;7;0;0;2;7;12;A01
201100053800;0;7;0;0;2;1;1;B01
201100053800;0;34;0;0;2;6;3;C01
201100053801;0;7;0;4;0;1;0;A01
201100053802;0;33;0;0;2;1;3;A01
201100053802;0;7;0;0;2;1;2;C01
201100053802;0;7;0;0;2;5;2;B01
201100053803;0;7;0;0;2;7;13;C01
201100053803;0;7;0;0;2;1;21;B01
201100053803;0;10;0;0;2;2;21;A01
201100053804;0;7;0;4;0;3;1;A01
201100053805;0;7;0;0;2;4;23;A01
201100053805;0;15;0;14;2;1;2;B01
201100053806;0;32;0;0;0;3;1;A01
201100053807;0;15;0;0;2;2;2;A01
201100053807;0;7;0;0;2;4;2;B01
201100053807;0;7;0;0;2;4;1;C01
201100053808;0;33;0;0;0;2;1;A01
201100053809;0;7;0;0;2;5;2;B01
201100053809;0;7;0;0;2;1;2;A01
201100053810;0;10;0;0;2;4;1;A01
201100053810;0;14;0;0;2;1;2;B01
201100053811;0;7;0;0;2;5;2;A01
201100053811;0;33;0;0;2;1;2;B01
201100053812;0;33;0;0;2;1;2;A01
201100053812;0;7;0;0;2;4;2;B01
201100053813;0;14;0;0;2;1;2;A01
201100053813;0;7;0;0;2;7;2;E01
201100053813;0;7;0;0;2;9;2;C01
201100053813;0;10;0;0;2;3;1;D01
201100053813;0;7;0;0;2;9;2;B01
201100053814;0;7;0;0;2;6;1;A01
201100053814;0;15;0;0;2;2;12;B01
201100053815;0;7;0;0;0;1;1;A01
201100053816;0;33;0;0;2;3;1;B01
201100053816;0;10;0;0;2;8;1;A01
201100053817;0;7;0;0;0;4;1;A01
201100053817;0;7;0;0;0;1;2;B01
201100053817;0;7;0;0;0;1;2;C01
201100053818;0;7;0;0;2;1;2;A01
201100053818;0;15;0;0;2;4;2;B01
201100053819;0;15;0;0;2;4;24;A01
201100053819;0;13;0;1;0;1;1;B01
201100053819;0;15;0;0;2;2;21;C01
201100053819;0;7;0;0;2;7;21;D01
201100053819;0;7;0;0;2;7;1;E01
201100053820;0;7;0;0;2;1;2;A01
201100053820;0;7;0;0;2;4;1;B01
201100053821;0;7;0;0;2;4;1;B01
201100053821;0;33;0;0;2;1;2;A01
201100053822;0;7;0;0;2;1;2;A01
201100053822;0;7;0;0;2;4;2;B01
201100053822;0;7;0;0;2;4;2;C01
201100053822;0;7;0;0;2;4;2;D01
201100053823;0;7;0;13;0;2;1;A01
201100053824;0;7;0;0;2;3;3;A01
201100053824;0;33;0;0;2;3;2;B01
201100053825;0;7;0;0;2;4;2;C01
201100053825;0;7;0;0;2;1;2;A01
201100053825;0;7;0;4;0;4;2;B01
201100053826;0;32;0;0;2;3;1;A01
201100053826;0;7;0;0;2;2;12;B01
201100053827;0;7;0;0;2;4;12;A01
201100053827;0;34;0;0;2;3;1;B01
201100053828;0;7;0;0;2;4;1;C01
201100053828;0;7;0;0;2;9;1;B01
201100053828;0;15;0;0;2;1;1;A01
201100053829;0;33;0;0;2;5;3;A01
201100053829;0;7;0;0;0;4;1;B01
201100053829;0;7;0;0;0;5;1;C01
201100053830;0;7;0;0;2;2;14;A01
201100053830;0;15;0;0;2;6;1;B01
201100053831;0;10;0;0;2;5;12;A01
201100053831;0;33;0;0;2;8;1;B01
201100053832;0;33;0;0;2;1;2;A01
201100053832;0;7;0;0;2;4;1;B01
201100053833;0;7;0;0;2;8;1;A01
201100053833;0;7;0;0;2;2;2;B01
201100053834;0;99;0;0;2;3;1;A01
201100053834;0;33;0;0;2;2;13;B01
201100053835;0;7;0;0;2;1;2;A01
201100053835;0;10;0;0;2;4;2;B01
201100053835;0;7;0;0;0;4;1;C01
201100053836;0;31;0;0;2;1;3;A01
201100053836;0;7;0;0;2;2;12;B01
201100053837;0;7;0;0;2;5;1;A01
201100053837;0;33;0;0;2;1;1;B01
201100053838;0;7;0;0;2;1;2;A01
201100053838;0;7;0;0;2;4;1;B01
201100053839;0;33;0;0;2;2;3;A01
201100053839;0;15;0;0;2;6;1;B01
201100053840;0;10;0;0;2;3;1;A01
201100053840;0;7;0;0;2;3;1;B01
201100053840;0;10;0;0;2;2;14;C01
201100053841;0;7;0;3;0;9;1;A01
201100053842;0;3;0;0;2;4;1;A01
201100053842;0;33;0;0;2;1;3;B01
201100053843;0;7;0;3;0;1;14;A01
201100053844;0;16;0;0;2;2;1;A01
201100053844;0;7;0;0;2;3;13;B01
201100053844;0;7;0;0;2;1;1;C01
201100053845;0;10;0;0;2;2;12;A01
201100053845;0;33;0;0;2;6;3;B01
201100053846;0;7;0;0;2;4;2;A01
201100053846;0;7;0;0;2;9;1;B01
201100053846;0;7;0;0;2;4;2;C01
201100053846;0;7;0;0;2;1;2;D01
201100053847;0;33;0;0;2;6;1;B01
201100053847;0;10;0;0;2;7;12;A01
201100053848;0;7;0;0;2;1;11;B01
201100053848;0;7;0;0;2;8;1;A01
201100053849;0;33;0;0;2;1;3;A01
201100053849;0;7;0;0;2;8;11;B01
201100053850;0;7;0;0;2;9;2;B01
201100053850;0;7;0;0;2;3;2;A01
201100053851;0;33;0;0;2;3;21;A01
201100053851;1;10;0;0;2;2;1;Z01
201100053852;0;7;0;0;2;4;2;B01
201100053852;0;31;0;0;2;1;1;A01
201100053853;0;7;0;0;2;6;1;B01
201100053854;0;7;0;0;2;1;2;A01
201100053854;0;7;0;0;2;4;2;B01
201100053854;0;7;0;0;2;4;1;C01
201100053855;0;7;0;0;2;6;1;A01
201100053855;0;33;0;0;2;1;2;B01
201100053856;0;33;0;3;0;1;21;A01
201100053857;0;15;0;3;0;1;14;A01
201100053858;0;33;0;0;2;3;3;A01
201100053858;0;7;0;0;2;7;1;B01
201100053859;0;32;0;0;2;8;1;A01
201100053859;0;7;0;0;2;7;12;B01
201100053860;0;33;0;0;2;1;1;B01
201100053860;0;7;0;0;2;6;13;A01
201100053861;0;31;0;0;2;7;3;B01
201100053861;0;10;0;0;2;8;1;A01
201100053861;0;7;0;0;2;5;2;C01
201100053862;0;7;0;0;2;3;2;B01
201100053862;0;33;0;0;2;2;3;A01
201100053863;0;7;0;3;0;1;1;A01
201100053864;0;7;0;0;2;8;11;A01
201100053864;0;33;0;0;2;2;1;B01
201100053865;0;7;0;0;2;1;1;A01
201100053865;0;32;0;0;2;4;2;B01
201100053866;0;33;0;0;2;1;1;A01
201100053866;0;7;0;0;9;3;1;B01
201100053867;0;7;0;4;0;8;1;A01
201100053868;0;10;0;4;0;1;1;A01
201100053869;0;31;0;5;0;9;1;A01
201100053870;0;7;0;0;2;3;11;A01
201100053870;0;32;0;0;2;7;1;B01
201100053871;0;31;0;0;0;7;1;A01
201100053872;0;7;0;5;0;9;1;A01
201100053873;0;7;0;5;0;9;1;A01
201100053874;0;7;0;0;2;6;1;A01
201100053874;0;7;0;0;2;2;2;B01
201100053875;0;7;0;0;2;3;5;B01
201100053875;0;7;0;0;2;2;1;A01
201100053875;0;7;0;0;2;3;1;C01
201100053876;0;7;0;4;0;3;1;A01
201100053877;0;7;0;0;2;9;1;B01
201100053877;0;33;0;0;2;3;3;A01
201100053877;0;7;0;0;2;6;2;C01
201100053878;0;7;0;0;2;6;1;A01
201100053878;0;7;0;0;2;1;2;B01
201100053879;0;7;0;3;0;1;14;A01
201100053880;0;7;0;0;2;3;1;B01
201100053880;0;7;0;0;2;2;1;A01
201100053881;0;7;0;3;0;1;1;A01
201100053882;0;15;0;4;0;1;15;A01
201100053883;0;10;0;4;0;1;1;A01
201100053884;0;7;0;0;2;1;2;A01
201100053884;0;7;0;0;2;4;2;B01
201100053884;0;7;0;0;2;4;1;C01
201100053885;0;7;0;0;2;7;12;B01
201100053885;0;7;0;0;2;6;1;C01
201100053885;0;32;0;0;2;3;3;A01
201100053886;0;14;0;0;2;1;2;B01
201100053886;0;7;0;0;2;4;2;A01
201100053887;0;32;0;0;0;7;1;A01
201100053888;0;7;0;0;2;1;12;A01
201100053888;0;10;0;0;2;6;1;B01
201100053889;0;7;0;0;2;2;14;A01
201100053889;0;7;0;0;2;8;1;B01
201100053890;0;31;0;16;0;9;1;A01
201100053891;0;32;0;0;0;9;1;A01
201100053892;0;7;0;0;2;1;2;B01
201100053892;0;7;0;0;2;4;2;A01
201100053893;0;7;0;3;0;1;1;A01
201100053894;0;7;0;0;2;2;2;A01
201100053894;0;7;0;0;2;6;1;B01
201100053895;0;10;0;0;2;1;1;B01
201100053895;0;7;0;0;2;1;5;A01
201100053896;0;7;0;4;0;1;1;A01
201100053897;0;7;0;4;2;1;1;A01
201100053898;0;31;0;6;0;8;1;A01
201100053899;0;33;0;0;2;1;1;B01
201100053899;0;7;0;0;2;3;13;A01
201100053900;0;7;0;3;0;1;0;A01
201100053901;0;7;0;0;2;2;11;A01
201100053901;0;15;0;0;2;3;1;B01
201100053902;0;7;0;4;0;1;1;A01
201100053903;0;33;0;0;2;8;11;A01
201100053904;0;7;0;0;2;6;1;A01
201100053904;0;33;0;0;2;2;3;B01
201100053905;0;33;0;5;0;8;1;A01
201100053906;0;7;0;0;2;5;12;A01
201100053906;0;33;0;0;2;3;3;B01
201100053907;0;7;0;0;2;2;14;A01
201100053907;0;10;0;0;2;1;2;B01
201100053908;0;33;0;0;2;2;3;A01
201100053908;0;7;0;0;2;8;13;B01
201100053909;0;7;0;4;0;3;13;A01
201100053910;0;7;0;16;0;9;1;A01
201100053911;0;7;0;3;0;1;12;A01
201100053912;0;7;0;4;0;1;1;A01
201100053913;0;15;0;0;2;2;1;A01
201100053913;0;7;0;0;2;1;1;B01
201100053914;0;7;0;0;0;4;1;A01
201100053914;0;33;0;0;2;1;1;B01
201100053915;0;7;0;16;0;9;1;A01
201100053916;0;15;0;0;0;3;1;B01
201100053916;1;15;0;0;2;0;12;Z01
201100053916;0;7;0;0;2;6;1;C01
201100053916;0;14;0;0;0;7;1;A01
201100053917;0;7;0;3;0;1;1;A01
201100053918;0;15;0;0;2;2;12;A01
201100053918;0;10;0;0;2;6;1;B01
201100053919;0;10;0;3;0;9;21;A01
201100053920;0;14;0;3;0;2;1;A01
201100053921;0;7;0;0;2;6;11;A01
201100053921;0;32;0;0;2;1;17;B01
201100053922;0;7;0;3;0;3;12;A01
201100053923;0;33;0;0;2;1;2;B01
201100053923;0;7;0;0;2;4;9;A01
201100053924;0;7;0;0;2;5;1;A01
201100053924;1;15;0;0;2;1;2;Z01
201100053925;0;33;0;0;0;0;1;A01
201100053926;0;33;0;16;0;9;1;A01
201100053927;0;7;0;0;2;1;2;B01
201100053927;0;7;0;4;2;1;2;A01
201100053928;0;33;0;4;0;1;1;A01
201100053929;0;7;0;16;0;1;1;A01
201100053930;0;7;0;3;0;0;1;A01
201100053931;0;7;0;4;2;2;1;A01
201100053932;0;7;0;0;2;6;1;A01
201100053932;0;15;0;0;2;2;12;B01
201100053933;0;7;0;5;0;1;1;A01
201100053934;0;33;0;0;0;8;1;A01
201100053935;0;33;0;16;0;8;1;A01
201100053936;0;7;0;0;2;1;1;A01
201100053936;0;7;0;0;2;4;2;B01
201100053937;0;33;0;0;0;1;0;A01
201100053938;0;10;0;0;0;1;2;A01
201100053938;0;7;0;0;0;4;1;B01
201100053939;0;7;0;0;2;7;1;A01
201100053939;0;7;0;0;2;1;1;B01
201100053939;0;33;0;0;2;7;1;C01
201100053939;1;99;0;0;2;2;1;Z01
201100053940;0;7;0;4;0;1;1;A01
201100053941;0;7;0;0;2;1;2;A01
201100053941;0;7;0;0;2;4;1;B01
201100053942;0;7;0;4;0;9;1;A01
201100053943;0;7;0;4;0;1;1;A01