num_acc;senc;catv;occutc;obs;obsm;choc;manv;num_veh
201100053944;0;7;0;0;2;1;2;A01
201100053944;0;7;0;0;0;4;2;B01
201100053945;0;7;0;4;0;1;1;A01
201100053946;0;15;0;0;1;2;13;A01
201100053946;0;15;0;0;0;8;24;B01
201100053947;0;7;0;16;0;9;1;A01
201100053948;0;7;0;4;0;1;1;A01
201100053949;0;7;0;0;2;4;2;A01
201100053949;0;7;0;0;2;6;1;B01
201100053949;0;7;0;0;2;1;1;C01
201100053949;0;7;0;0;2;8;1;D01
201100053949;0;7;0;0;2;1;12;E01
201100053950;0;7;0;4;0;1;1;A01
201100053951;0;7;0;0;2;1;14;A01
201100053951;0;7;0;0;2;6;1;B01
201100053952;0;7;0;0;2;1;2;A01
201100053952;0;7;0;0;0;4;1;B01
201100053953;0;7;0;0;0;5;1;B01
201100053953;2;7;0;0;2;3;2;Z01
201100053954;0;7;0;0;2;5;1;B01
201100053954;0;7;0;0;2;3;1;A01
201100053955;0;7;0;4;0;8;1;A01
201100053956;0;7;0;3;0;1;11;A01
201100053957;0;7;0;0;2;7;1;A01
201100053957;0;32;0;0;2;4;1;B01
201100053958;0;33;0;0;2;1;1;B01
201100053958;0;7;0;0;2;2;1;A01
201100053959;0;7;0;0;2;1;1;B01
201100053959;0;7;0;0;2;8;13;C01
201100053959;0;7;0;0;2;7;1;A01
201100053960;0;7;0;0;2;4;1;A01
201100053960;0;7;0;0;2;4;1;B01
201100053960;0;10;0;0;2;1;2;C01
201100053961;0;7;0;4;0;3;1;A01
201100053962;0;33;0;4;0;1;15;A01
201100053963;0;7;0;0;2;4;2;A01
201100053963;0;7;0;0;2;4;2;B01
201100053963;0;7;0;0;2;4;2;C01
201100053963;0;7;0;0;2;1;2;D01
201100053964;0;31;0;0;9;1;2;A01
201100053964;0;7;0;0;2;4;2;B01
201100053964;1;99;0;0;2;2;1;Z01
201100053965;0;7;0;0;2;7;12;A01
201100053965;0;33;0;0;2;8;1;B01
201100053966;0;33;0;0;2;3;18;A01
201100053966;0;7;0;0;2;2;21;B01
201100053966;0;7;0;0;2;3;1;C01
201100053967;0;7;0;0;2;1;2;A01
201100053967;0;33;0;0;2;1;1;B01
201100053967;0;7;0;0;2;5;1;C01
201100053968;0;7;0;0;2;5;1;A01
201100053968;0;7;0;0;2;1;2;B01
201100053968;0;33;0;0;2;7;1;C01
201100053969;0;32;0;0;2;6;3;B01
201100053969;0;7;0;0;2;5;1;A01
201100053970;0;7;0;0;2;1;9;A01
201100053970;0;7;0;0;2;5;2;B01
201100053970;0;7;0;0;2;4;1;C01
201100053971;0;7;0;0;2;4;2;B01
201100053971;0;7;0;0;2;5;2;C01
201100053971;0;7;0;0;2;1;2;A01
201100053972;0;33;0;0;2;1;1;B01
201100053972;0;7;0;0;2;4;1;A01
201100053973;0;7;0;0;2;1;2;A01
201100053973;0;7;0;0;2;4;2;B01
201100053974;0;7;0;6;2;6;1;A01
201100053974;1;7;0;0;2;1;1;Z01
201100053975;0;33;0;0;2;1;2;A01
201100053975;0;7;0;0;2;6;2;B01
201100053975;0;7;0;0;2;6;1;C01
201100053976;0;7;0;4;0;2;0;A01
201100053977;0;7;0;14;0;1;0;A01
201100053978;0;7;0;3;0;1;0;A01
201100053979;0;33;0;0;2;1;1;A01
201100053979;0;7;0;0;2;6;2;B01
201100053980;0;33;0;3;0;0;1;A01
201100053981;0;33;0;4;0;7;1;A01
201100053982;0;7;0;0;2;5;1;A01
201100053982;0;7;0;0;2;3;15;B01
201100053982;0;32;0;0;2;8;1;C01
201100053983;0;7;0;4;0;1;1;A01
201100053984;0;15;0;0;2;2;12;A01
201100053984;0;7;0;0;2;8;1;B01
201100053985;0;7;0;0;2;1;1;A01
201100053985;0;99;0;0;2;3;1;B01
201100053986;0;7;0;0;0;9;1;A01
201100053987;0;31;0;0;2;2;3;B01
201100053987;0;7;0;0;2;6;11;A01
201100053988;0;7;0;0;2;8;11;A01
201100053988;0;7;0;0;2;4;11;B01
201100053988;0;33;0;0;2;2;3;C01
201100053989;0;34;0;0;0;7;1;A01
201100053990;0;33;0;16;0;8;0;A01
201100053991;0;7;0;4;0;1;6;A01
201100053992;0;7;0;0;2;1;1;A01
201100053992;0;10;0;0;2;3;1;B01
201100053993;0;7;0;0;2;2;2;A01
201100053993;0;7;0;0;2;3;12;B01
201100053993;0;7;0;0;2;5;1;C01
201100053993;0;10;0;0;2;3;2;D01
201100053994;0;7;0;4;0;1;1;A01
201100053995;0;10;0;0;2;2;12;A01
201100053995;0;33;0;0;2;8;18;B01
201100053996;0;7;0;14;0;7;0;A01
201100053997;0;7;0;4;0;3;13;A01
201100053998;0;33;0;0;2;1;17;A01
201100053998;0;7;0;0;2;8;11;B01
201100053999;0;33;0;4;2;7;1;A01
201100053999;0;7;0;0;2;8;9;B01
201100054000;0;33;0;0;2;1;2;A01
201100054000;0;7;0;0;2;4;1;B01
201100054001;0;7;0;0;2;4;12;A01
201100054002;0;7;0;0;2;7;1;A01
201100054002;0;32;0;0;2;8;13;B01
201100054003;0;7;0;0;0;1;1;A01
201100054004;0;7;0;4;0;1;1;A01
201100054005;0;7;0;3;0;9;1;A01
201100054006;0;7;0;0;2;4;1;A01
201100054006;0;15;0;0;2;3;1;B01
201100054007;0;7;0;4;2;2;1;A01
201100054008;0;7;0;4;2;5;1;B01
201100054008;0;7;0;0;2;1;11;A01
201100054009;0;33;0;0;2;3;1;A01
201100054009;0;7;0;0;2;2;12;B01
201100054009;1;7;0;0;2;4;1;C01
201100054010;0;10;0;0;2;5;1;A01
201100054010;0;32;0;0;2;1;2;B01
201100054010;1;10;0;0;2;0;0;Z01
201100054011;0;10;0;0;2;4;1;A01
201100054011;0;31;0;0;2;1;2;B01
201100054012;0;7;0;0;2;7;1;C01
201100054012;0;7;0;0;2;5;14;A01
201100054012;0;7;0;0;2;3;1;B01
201100054013;0;7;0;0;2;2;1;A01
201100054013;0;30;0;0;2;3;3;B01
201100054013;0;13;0;0;2;3;2;C01
201100054014;0;33;0;0;2;3;13;A01
201100054014;0;34;0;0;2;1;1;B01
201100054015;0;10;0;4;0;3;1;A01
201100054016;0;7;0;0;2;3;9;B01
201100054016;0;7;0;0;2;7;2;A01
201100054017;0;7;0;3;2;6;23;A01
201100054017;0;15;0;0;2;2;2;B01
201100054018;0;7;0;3;2;5;2;B01
201100054018;0;7;0;0;2;3;1;A01
201100054019;0;32;0;0;2;1;2;A01
201100054019;0;7;0;0;2;4;1;B01
201100054020;0;7;0;4;0;3;1;A01
201100054021;0;33;0;0;2;7;17;A01
201100054021;0;7;0;0;2;6;1;B01
201100054022;0;7;0;4;0;1;14;A01
201100054023;0;31;0;0;2;7;3;A01
201100054023;0;7;0;0;2;8;1;B01
201100054024;0;7;0;0;2;4;1;A01
201100054024;0;7;0;0;2;3;2;B01
201100054025;0;7;0;0;2;2;12;A01
201100054025;0;33;0;0;2;8;1;B01
201100054026;0;7;0;0;2;4;2;C01
201100054026;0;7;0;0;2;1;1;B01
201100054026;0;7;0;0;2;4;2;D01
201100054026;0;7;0;0;2;1;2;E01
201100054026;0;7;0;0;2;4;2;A01
201100054027;0;13;0;0;2;4;1;A01
201100054027;0;15;0;0;2;1;2;B01
201100054028;0;17;0;0;2;1;2;A01
201100054028;0;7;0;0;2;4;1;B01
201100054029;0;7;0;0;2;2;12;A01
201100054029;0;7;0;0;2;4;1;B01
201100054030;0;7;0;0;2;2;2;A01
201100054030;0;7;0;0;2;6;1;B01
201100054031;0;33;0;3;0;3;1;A01
201100054032;0;33;0;16;0;9;1;A01
201100054033;2;7;0;0;2;2;14;A01
201100054033;0;7;0;0;2;6;23;B01
201100054034;0;7;0;0;2;6;11;A01
201100054034;0;34;0;0;2;2;2;B01
201100054035;0;7;0;0;2;4;2;B01
201100054035;0;7;0;0;2;1;1;A01
201100054035;0;7;0;0;2;4;2;C01
201100054036;0;7;0;0;2;4;2;B01
201100054036;0;7;0;0;2;1;1;A01
201100054036;0;7;0;0;2;4;2;C01
201100054037;0;33;0;16;0;9;1;A01
201100054038;0;7;0;0;2;1;2;A01
201100054038;0;15;0;0;0;5;1;B01
201100054039;0;7;0;0;2;2;12;A01
201100054039;0;31;0;0;2;3;3;B01
201100054040;0;33;0;0;2;2;1;A01
201100054040;0;7;0;0;2;6;1;B01
201100054041;0;7;0;0;2;4;23;A01
201100054041;0;7;0;0;2;1;1;B01
201100054042;0;10;0;0;2;3;11;A01
201100054042;0;7;0;0;2;5;1;B01
201100054043;0;31;0;5;0;3;1;A01
201100054044;0;7;0;4;0;2;21;A01
201100054045;0;7;0;4;0;1;1;A01
201100054046;0;7;0;4;0;1;1;A01
201100054047;0;7;0;0;2;4;1;A01
201100054047;0;7;0;0;2;9;1;B01
201100054048;0;7;0;4;0;1;21;A01
201100054049;0;13;0;4;0;1;0;A01
201100054050;0;10;0;0;2;8;0;A01
201100054050;1;14;0;0;2;0;0;Z01
201100054051;0;7;0;0;2;1;0;A01
201100054051;0;7;0;1;0;3;2;B01
201100054051;0;7;0;4;0;1;2;C01
201100054052;0;7;0;14;2;3;21;A01
201100054052;0;33;0;0;0;4;21;B01
201100054052;0;15;0;0;0;6;23;C01
201100054052;0;7;0;0;0;5;21;D01
201100054053;0;7;0;3;0;1;1;A01
201100054054;0;33;0;0;0;9;1;A01
201100054055;0;33;0;0;0;8;13;A01
201100054056;0;10;0;0;2;4;1;C01
201100054056;0;7;0;0;4;7;12;B01
201100054056;0;33;0;0;2;1;3;A01
201100054057;0;7;0;0;2;4;1;A01
201100054057;0;7;0;0;2;1;2;B01
201100054058;0;7;0;4;0;3;21;A01
201100054059;0;10;0;0;2;4;2;A01
201100054059;0;7;0;0;2;2;1;B01
201100054060;0;33;0;0;0;7;1;A01
201100054061;0;33;0;0;0;8;1;A01
201100054062;0;7;0;4;0;3;1;A01
201100054063;0;7;0;3;0;3;1;B01
201100054063;0;7;0;3;2;3;13;A01
201100054064;0;7;0;0;2;7;1;A01
201100054064;0;32;0;0;2;1;1;B01
201100054065;0;33;0;16;0;9;1;A01
201100054066;0;33;0;0;2;1;1;B01
201100054066;0;14;0;0;2;4;1;A01
201100054067;0;7;0;4;2;3;18;A01
201100054067;0;7;0;0;2;2;1;B01
201100054068;0;7;0;4;0;9;1;A01
201100054069;0;7;0;0;2;1;2;A01
201100054069;2;7;0;0;2;4;1;B01
201100054070;0;7;0;0;2;3;1;A01
201100054070;0;14;0;0;2;6;2;B01
201100054071;0;33;0;16;0;9;1;A01
201100054072;0;33;0;0;0;8;2;A01
201100054073;0;33;0;0;2;1;3;A01
201100054073;0;7;0;0;2;4;11;B01
201100054074;0;7;0;4;0;6;13;A01
201100054075;0;7;0;4;0;9;1;A01
201100054076;0;7;0;3;0;1;1;A01
201100054077;0;14;0;0;2;2;1;B01
201100054077;0;7;0;0;2;4;2;A01
201100054078;0;7;0;4;2;1;2;A01
201100054078;0;7;0;0;2;4;2;B01
201100054078;0;7;0;0;2;6;2;C01
201100054079;0;7;0;0;2;4;1;A01
201100054079;0;15;0;0;2;1;11;B01
201100054080;0;7;0;4;0;3;1;A01
201100054081;0;33;0;0;0;8;1;A01
201100054082;0;7;0;0;2;2;1;A01
201100054082;0;15;0;0;2;6;1;B01
201100054083;0;7;0;0;2;3;12;A01
201100054083;0;7;0;0;2;5;1;B01
201100054084;0;7;0;3;2;1;2;A01
201100054084;0;7;0;0;2;1;2;B01
201100054085;0;7;0;0;2;9;1;A01
201100054085;0;7;0;0;2;1;1;B01
201100054086;0;7;0;4;0;3;1;A01
201100054087;0;7;0;4;0;2;1;A01
201100054088;0;34;0;0;2;1;3;A01
201100054088;0;7;0;0;2;7;0;B01
201100054088;0;7;0;0;2;8;1;C01
201100054089;0;7;0;3;0;1;1;A01
201100054090;0;33;0;0;2;7;3;B01
201100054090;0;10;0;0;2;6;1;A01
201100054091;0;7;0;4;2;4;1;A01
201100054091;0;7;0;14;2;1;2;B01
201100054092;0;7;0;0;2;3;2;A01
201100054092;2;7;0;0;2;5;14;B01
201100054093;0;7;0;0;2;8;1;A01
201100054093;0;7;0;0;2;0;1;B01
201100054093;0;7;0;0;2;6;1;C01
201100054093;0;7;0;0;2;8;1;D01
201100054093;0;7;0;0;2;2;0;Z01
201100054094;0;7;0;4;0;2;1;A01
201100054095;0;7;0;4;0;3;1;A01
201100054096;0;7;0;16;0;9;1;A01
201100054097;0;7;0;0;2;6;1;A01
201100054097;0;33;0;0;2;1;2;B01
201100054098;0;7;0;0;2;2;1;B01
201100054098;0;31;0;0;2;8;1;A01
201100054099;0;7;0;0;2;4;2;B01
201100054099;0;7;0;0;2;1;1;A01
201100054100;0;7;0;14;0;1;1;A01
201100054101;0;7;0;0;0;4;2;B01
201100054102;0;7;0;0;2;4;13;A01
201100054102;0;33;0;0;2;7;2;B01
201100054103;0;33;0;0;2;1;3;A01
201100054103;0;14;0;0;2;4;1;B01
201100054104;0;34;0;0;2;8;1;B01
201100054104;0;7;0;0;2;8;11;A01
201100054105;0;7;0;0;2;4;0;A01
201100054105;0;33;0;0;2;1;0;B01
201100054106;0;7;0;0;2;4;1;B01
201100054106;0;10;0;0;2;3;0;A01
201100054107;0;7;0;0;2;1;2;B01
201100054107;0;7;0;6;0;4;2;A01
201100054108;0;33;0;16;0;1;1;A01
201100054109;0;7;0;15;0;1;1;A01
201100054110;0;7;0;0;2;3;2;B01
201100054110;0;7;0;0;2;5;2;A01
201100054111;0;7;0;0;0;0;0;A01
201100054112;0;7;0;0;2;3;2;A01
201100054112;0;7;0;0;2;3;2;B01
201100054113;0;7;0;4;0;3;1;A01
201100054114;0;7;0;0;2;9;0;A01
201100054114;0;7;0;0;2;6;1;B01
201100054115;0;7;0;0;2;4;2;A01
201100054115;0;7;0;0;2;7;2;B01
201100054115;0;7;0;0;2;1;1;C01
201100054116;0;7;0;4;0;1;1;A01
201100054117;0;7;0;0;2;0;0;B01
201100054117;0;7;0;0;2;5;0;A01
201100054117;0;7;0;0;2;0;0;C01
201100054118;0;7;0;0;0;1;2;A01
201100054119;0;7;0;4;0;1;1;A01
201100054120;0;7;0;4;0;2;1;A01
201100054121;0;7;0;3;0;1;1;A01
201100054122;0;7;0;3;0;1;2;A01
201100054123;0;7;0;4;0;8;1;A01
201100054124;0;10;0;3;2;4;2;B01
201100054124;0;10;0;4;2;1;1;A01
201100054125;0;10;0;0;2;8;1;A01
201100054125;0;10;0;0;2;7;13;B01
201100054126;0;7;0;4;0;1;13;A01
201100054127;0;7;0;4;0;1;0;A01
201100054128;0;7;0;4;0;6;2;A01
201100054128;0;7;0;0;2;2;1;B01
201100054129;0;33;0;0;0;1;0;A01
201100054130;0;33;0;0;2;1;3;A01
201100054130;0;7;0;0;2;6;0;B01
201100054131;0;7;0;0;2;9;0;A01
201100054131;0;14;0;0;2;1;0;B01
201100054132;0;34;0;0;0;8;16;A01
201100054133;0;34;0;0;2;1;0;A01
201100054133;0;7;0;0;0;7;0;B01
201100054134;0;15;0;0;2;2;1;A01
201100054134;0;7;0;0;2;8;1;B01
201100054135;0;7;0;0;2;1;2;C01
201100054135;0;7;0;0;0;4;1;A01
201100054135;0;7;0;0;2;4;1;B01
201100054136;0;7;0;4;2;2;14;A01
201100054136;0;7;0;0;0;3;1;B01
201100054137;0;7;0;3;0;3;0;A01
201100054138;0;7;0;3;0;1;1;A01
201100054139;0;7;0;4;0;3;13;A01
201100054140;0;10;0;4;2;8;9;A01
201100054140;0;7;0;0;2;2;19;B01
201100054141;0;15;0;0;2;2;1;B01
201100054141;0;7;0;0;0;3;1;A01
201100054142;0;7;0;0;0;4;2;B01
201100054142;0;7;0;0;0;4;2;C01
201100054142;0;7;0;0;2;1;2;A01
201100054143;0;7;0;16;0;9;1;A01
201100054144;0;7;0;4;0;2;21;A01
201100054145;0;7;0;0;2;3;11;A01
201100054145;0;33;0;0;2;1;3;B01
201100054146;0;33;0;0;2;1;2;C01
201100054146;0;33;0;0;2;1;2;A01
201100054146;0;7;0;0;2;4;2;B01
201100054147;0;7;0;0;0;9;0;A01
201100054148;0;7;0;0;2;4;2;A01
201100054148;0;7;0;0;2;1;2;B01
201100054149;0;33;0;0;2;2;1;B01
201100054149;0;7;0;0;2;6;11;A01
201100054150;0;15;0;0;2;2;12;B01
201100054150;0;7;0;0;2;8;2;A01
201100054151;0;7;0;4;0;6;1;A01
201100054152;0;31;0;0;2;0;0;A01
201100054152;0;7;0;0;2;0;0;B01
201100054153;0;33;0;0;0;4;2;A01
201100054153;0;7;0;0;2;0;2;B01
201100054154;0;33;0;0;2;3;2;B01
201100054154;0;7;0;0;2;6;11;A01
201100054155;0;13;0;0;2;1;12;A01
201100054155;0;7;0;0;2;6;2;B01
201100054156;0;7;0;16;0;9;1;A01
201100054157;0;7;0;0;2;4;2;A01
201100054157;0;7;0;0;2;1;2;B01
201100054158;0;7;0;0;2;4;2;C01
201100054158;0;7;0;0;2;4;2;B01
201100054158;0;7;0;0;2;1;2;A01
201100054159;0;7;0;4;0;1;0;A01
201100054160;0;7;0;0;2;4;2;C01
201100054160;0;7;0;0;2;1;2;A01
201100054160;0;7;0;0;2;4;2;B01
201100054161;0;7;0;4;0;3;2;A01
201100054162;0;7;0;3;0;2;1;A01
201100054163;0;7;0;4;0;2;1;A01
201100054164;0;7;0;0;2;1;2;B01
201100054164;0;13;0;0;2;1;2;D01
201100054164;0;7;0;4;2;8;2;C01
201100054164;0;7;0;0;2;1;1;A01
201100054165;0;33;0;0;2;3;3;C01
201100054165;0;7;0;0;0;0;1;A01
201100054165;0;7;0;0;2;2;1;B01
201100054166;0;7;0;0;2;1;3;A01
201100054166;0;7;0;0;2;6;2;C01
201100054166;0;10;0;0;2;3;2;B01
201100054166;0;7;0;0;2;4;2;D01
201100054167;0;7;0;0;0;3;1;A01
201100054168;0;15;0;0;2;2;12;B01
201100054168;0;7;0;0;0;6;1;A01
201100054169;0;7;0;0;2;4;2;A01
201100054169;0;7;0;0;2;3;2;B01
201100054170;0;31;0;0;2;1;12;A01
201100054170;0;7;0;0;2;6;0;B01
201100054171;0;7;0;4;0;1;1;A01
201100054172;0;33;0;0;2;1;0;B01
201100054172;0;33;0;0;2;4;2;A01
201100054173;0;7;0;0;2;1;12;A01
201100054173;0;7;0;0;1;3;1;B01
201100054174;0;7;0;0;5;2;21;A01
201100054175;0;7;0;4;0;3;1;A01
201100054176;0;7;0;4;0;1;1;A01
201100054177;0;7;0;0;2;9;1;A01
201100054177;0;15;0;0;2;2;1;B01
201100054178;0;33;0;0;2;1;1;A01
201100054179;0;7;0;0;2;6;1;A01
201100054179;0;15;0;0;2;2;12;B01
201100054180;0;33;0;0;2;1;2;A01
201100054180;0;7;0;0;2;4;2;B01
201100054181;0;7;0;4;0;1;13;A01
201100054182;0;7;0;4;0;1;1;A01
201100054183;0;33;0;0;2;8;2;A01
201100054183;0;7;0;0;2;7;2;B01
201100054184;0;7;0;0;2;4;0;A01
201100054184;0;7;0;0;2;1;0;C01
201100054184;0;7;0;0;2;4;0;B01
201100054185;0;7;0;0;0;3;1;A01
201100054185;1;15;0;0;0;0;12;Z01
201100054186;0;7;0;0;2;1;2;B01
201100054186;0;7;0;0;2;4;1;A01
201100054187;0;7;0;0;2;5;2;B01
201100054187;0;10;0;0;2;3;2;A01
201100054188;0;7;0;0;2;5;2;B01
201100054188;0;7;0;3;2;3;2;A01
201100054189;0;7;0;0;2;9;0;A01
201100054189;0;7;0;0;2;7;0;B01
201100054189;0;7;0;0;2;9;0;C01
201100054190;0;7;0;0;2;1;0;B01
201100054190;0;7;0;0;2;4;0;A01
201100054191;0;7;0;0;2;3;11;A01
201100054191;0;33;0;0;2;1;1;B01
201100054192;0;7;0;0;2;1;0;A01
201100054193;0;7;0;0;2;8;0;B01
201100054193;0;7;0;0;2;1;0;A01
201100054193;0;7;0;0;2;3;1;C01
201100054194;0;7;0;0;2;8;1;A01
201100054194;0;7;0;0;2;1;2;B01
201100054195;0;7;0;0;2;3;1;A01
201100054195;0;7;0;0;2;5;23;B01
201100054196;0;7;0;16;0;1;0;A01
201100054197;0;7;0;4;0;3;1;A01
201100054198;0;7;0;3;0;1;1;A01
201100054199;0;7;0;16;0;9;1;A01
201100054200;0;7;0;0;0;1;1;A01
201100054201;0;7;0;4;0;9;0;A01
201100054201;0;7;0;0;2;1;0;B01
201100054202;0;7;0;0;6;3;21;A01
201100054203;0;7;0;4;0;3;13;A01
201100054204;0;7;0;4;0;3;1;A01
201100054204;0;7;0;0;2;1;1;B01
201100054205;0;7;0;4;0;2;12;A01
201100054206;0;7;0;0;0;1;0;B01
201100054206;0;7;0;14;0;3;0;C01
201100054206;0;7;0;4;0;4;0;A01
201100054207;0;7;0;4;0;3;21;A01
201100054207;1;7;0;0;0;0;2;Z01
201100054208;0;34;0;4;0;1;1;A01
201100054209;0;32;0;0;2;8;3;A01
201100054209;1;7;0;0;2;7;1;B01
201100054210;0;7;0;4;0;1;1;A01
201100054211;0;10;0;0;2;4;1;E01
201100054211;0;7;0;0;2;4;2;A01
201100054211;0;7;0;0;2;4;2;D01
201100054211;0;7;0;0;2;4;2;B01
201100054211;0;10;0;0;2;1;2;C01
201100054212;0;7;0;0;2;8;1;B01
201100054212;0;7;0;6;2;8;13;A01
201100054213;0;7;0;0;2;4;1;C01
201100054213;0;7;0;0;2;4;2;B01
201100054213;0;7;0;0;2;1;12;A01
201100054214;0;7;0;4;0;3;1;A01
201100054215;0;7;0;0;2;4;1;C01
201100054215;0;7;0;0;2;4;2;B01
201100054215;0;7;0;0;2;1;2;A01
201100054216;0;7;0;3;0;1;21;A01
201100054217;0;7;0;0;9;1;2;B01
201100054217;0;7;0;0;0;0;1;A01
201100054218;0;10;0;4;0;3;21;A01
201100054219;0;15;0;3;0;3;13;A01
201100054220;0;7;0;0;2;3;11;A01
201100054220;0;33;0;0;2;2;1;B01
201100054221;0;20;0;0;2;5;1;B01
201100054221;0;33;0;1;0;1;2;A01
201100054222;0;7;0;0;2;5;12;B01
201100054222;0;34;0;0;2;1;1;A01
201100054223;0;7;0;0;2;5;1;C01
201100054223;0;33;0;0;2;2;3;A01
201100054223;0;7;0;0;0;3;1;B01
201100054224;0;7;0;1;0;2;1;A01
201100054224;0;7;0;0;0;6;23;B01
201100054225;0;7;0;0;2;8;0;A01
201100054225;0;32;0;0;2;8;0;B01
201100054226;0;33;0;0;2;3;1;A01
201100054226;0;7;0;0;2;5;12;B01
201100054227;0;7;0;0;2;3;11;A01
201100054227;0;33;0;0;2;7;1;B01
201100054228;0;7;0;4;0;4;1;A01
201100054228;1;7;0;0;2;1;2;Z01
201100054229;0;7;0;0;2;1;2;A01
201100054229;0;7;0;0;2;4;2;B01
201100054229;0;7;0;0;2;4;2;C01
201100054230;0;7;0;0;2;5;14;A01
201100054230;0;15;0;0;0;8;1;B01
201100054231;0;31;0;0;2;3;3;A01
201100054231;0;7;0;0;2;7;14;B01
201100054232;0;33;0;0;2;1;2;A01
201100054232;0;33;0;0;2;4;1;B01
201100054233;0;33;0;0;0;1;1;A01
201100054234;0;7;0;0;0;4;2;C01
201100054234;0;10;0;0;2;1;2;A01
201100054234;0;10;0;0;2;4;2;B01
201100054235;0;7;0;4;0;1;11;A01
201100054236;0;7;0;0;2;4;2;B01
201100054236;0;7;0;0;2;1;2;A01
201100054237;0;7;0;4;2;2;2;A01
201100054237;0;15;0;0;0;6;2;B01
201100054238;0;10;0;4;0;3;13;A01
201100054239;0;7;0;0;2;1;1;E01
201100054239;0;7;0;4;2;1;2;B01
201100054239;0;7;0;0;2;1;1;F01
201100054239;0;7;0;3;2;1;1;D01
201100054239;0;7;0;3;2;1;1;A02
201100054239;0;7;0;3;0;2;1;G02
201100054239;0;7;0;4;2;2;1;C01
201100054240;0;10;0;0;2;4;1;A01
201100054240;0;7;0;0;2;1;2;B01
201100054241;0;17;0;0;2;2;1;C01
201100054241;0;33;0;0;2;1;2;A01
201100054241;0;7;0;0;0;4;1;B01
201100054242;0;7;0;0;2;4;2;B01
201100054242;0;7;0;0;2;1;2;A01
201100054243;0;7;0;4;0;1;1;A01
201100054244;0;7;0;0;2;4;2;B01
201100054244;0;7;0;0;2;1;2;A01
201100054245;0;7;0;2;0;1;2;A01
201100054246;0;7;0;0;2;2;13;A01
201100054246;0;7;0;4;2;8;2;B01
201100054247;0;7;0;6;0;1;1;A01
201100054248;0;7;0;0;0;1;1;D01
201100054248;0;7;0;0;2;4;23;E01
201100054248;0;7;0;0;2;1;1;B01
201100054248;0;7;0;0;2;1;1;C01
201100054248;0;7;0;0;2;1;1;A01
201100054249;0;7;0;0;2;1;2;C01
201100054249;0;7;0;0;2;1;1;B01
201100054250;0;7;0;0;0;0;1;B01
201100054250;0;34;0;0;0;2;3;A01
201100054251;0;7;0;3;0;9;1;A01
201100054252;0;34;0;4;0;3;1;A01
201100054253;0;33;0;0;0;8;1;A01
201100054254;0;33;0;0;2;3;3;A01
201100054254;0;7;0;0;2;7;12;B01
201100054255;0;7;0;0;2;2;1;A01
201100054255;0;7;0;0;2;6;1;B01
201100054256;0;31;0;0;2;1;2;A01
201100054256;0;10;0;0;0;5;23;B01
201100054257;0;7;0;0;2;5;1;D01
201100054257;0;33;0;0;2;1;3;A01
201100054257;0;7;0;0;2;5;12;B01
201100054257;0;33;0;0;2;1;3;C01
201100054258;0;7;0;0;2;1;2;A01
201100054258;0;7;0;0;2;4;1;B01
201100054259;0;7;0;4;2;7;1;A01
201100054259;0;7;0;0;2;1;2;B01
201100054260;0;7;0;4;0;3;1;A01
201100054261;0;7;0;4;0;1;1;A01
201100054262;0;7;0;4;2;8;1;B01
201100054262;0;7;0;0;2;2;17;A01
201100054263;0;7;0;0;2;1;2;C01
201100054263;0;7;0;0;2;4;2;A01
201100054263;0;7;0;0;2;4;2;B01
201100054264;0;7;0;4;0;4;1;A01
201100054265;0;7;0;4;0;3;12;A01
201100054266;0;7;0;0;0;6;1;A01
201100054266;0;7;0;0;9;1;1;B01
201100054267;0;32;0;0;2;1;2;A01
201100054267;0;7;0;0;2;4;2;B01
201100054268;0;7;0;3;0;2;2;A01
201100054269;0;33;0;0;2;3;3;A01
201100054269;0;7;0;0;0;6;2;C01
201100054269;0;7;0;0;0;2;1;B01
201100054270;0;7;0;0;0;4;2;B01
201100054270;0;7;0;0;0;4;2;C01
201100054270;0;7;0;4;2;1;2;A01
201100054271;0;33;0;0;0;0;0;A01
201100054272;0;7;0;0;2;5;1;C01
201100054272;0;32;0;0;2;6;1;A01
201100054272;0;7;0;0;2;2;12;B01
201100054273;0;33;0;0;0;7;3;A01
201100054274;0;7;0;0;2;3;11;A01
201100054274;0;7;0;0;2;0;1;B01
201100054274;0;33;0;0;2;2;1;C01
201100054275;0;7;0;8;0;9;1;A01
201100054276;0;10;0;0;2;1;2;A01
201100054276;0;7;0;0;0;4;2;B01
201100054277;0;7;0;0;2;7;12;A01
201100054277;0;32;0;0;2;8;3;B01
201100054278;0;7;0;0;0;4;1;B01
201100054278;0;7;0;0;0;4;1;C01
201100054278;0;7;0;0;2;1;1;A01
201100054279;0;7;0;0;2;7;12;A01
201100054279;0;34;0;0;2;8;1;B01
201100054280;0;7;0;0;2;4;2;B01
201100054280;0;7;0;0;2;4;1;C01
201100054280;0;7;0;0;2;1;2;A01
201100054281;0;7;0;0;2;1;1;B01
201100054281;0;14;0;0;2;5;12;A01
201100054282;0;7;0;0;0;6;2;A01
201100054282;0;33;0;0;2;1;0;B01
201100054283;1;17;0;0;2;1;2;Z01
201100054283;0;7;0;0;2;4;1;A01
201100054283;0;7;0;1;0;2;1;B01
201100054284;0;32;0;0;2;2;2;A01
201100054284;0;10;0;0;2;5;1;B01
201100054285;0;7;0;0;2;5;1;B01
201100054285;0;33;0;0;2;1;3;A01
201100054286;0;7;0;11;0;1;1;A01
201100054287;0;7;0;4;0;1;0;A01