num_acc;senc;catv;occutc;obs;obsm;choc;manv;num_veh
201100054288;0;7;0;0;2;6;0;B01
201100054288;1;7;0;0;0;0;3;Z01
201100054289;0;7;0;0;2;1;2;C01
201100054289;0;7;0;0;2;1;2;A01
201100054289;0;7;0;0;2;4;2;B01
201100054290;0;7;0;0;2;1;2;A01
201100054290;0;34;0;0;2;1;2;B01
201100054290;0;7;0;0;0;4;2;C01
201100054291;0;7;0;0;2;6;2;C01
201100054291;0;7;0;0;0;6;2;B01
201100054291;0;10;0;0;2;2;2;A01
201100054292;0;7;0;0;2;0;0;C01
201100054292;0;7;0;4;2;3;0;A01
201100054292;0;7;0;0;2;0;0;B01
201100054293;0;7;0;6;0;2;1;A01
201100054294;0;7;0;14;2;2;2;A01
201100054294;0;7;0;0;2;3;11;C01
201100054294;1;7;0;0;0;5;11;Z01
201100054294;0;7;0;0;2;6;2;B01
201100054295;0;7;0;4;0;1;1;A01
201100054296;0;7;0;0;0;5;1;B01
201100054296;0;33;0;0;2;1;2;A01
201100054297;0;7;0;0;0;4;1;C01
201100054297;0;10;0;0;2;1;2;A01
201100054297;0;7;0;0;2;4;2;B01
201100054298;0;7;0;2;0;1;0;A01
201100054299;0;7;0;5;0;2;1;A01
201100054300;0;17;0;4;0;0;9;A01
201100054301;0;10;0;0;2;1;2;A01
201100054301;0;7;0;0;2;4;2;B01
201100054301;0;7;0;0;0;4;2;C01
201100054302;0;33;0;4;0;3;0;A01
201100054303;0;7;0;0;0;5;14;B01
201100054303;0;31;0;0;0;1;3;A01
201100054304;1;7;0;0;0;5;14;Z01
201100054304;0;32;0;0;2;1;3;A01
201100054305;0;10;0;0;2;1;2;A01
201100054305;0;7;0;0;2;4;2;B01
201100054306;0;7;0;3;0;1;2;A01
201100054307;0;7;0;4;0;3;1;A01
201100054308;0;31;0;0;0;7;1;B01
201100054308;0;7;0;0;2;8;11;A01
201100054309;0;7;0;4;0;1;13;A01
201100054310;0;7;0;0;2;4;2;B01
201100054310;0;33;0;0;2;1;2;A01
201100054311;0;7;0;0;0;3;13;B01
201100054311;0;32;0;0;2;5;3;A01
201100054312;0;32;0;0;0;8;1;A01
201100054313;0;7;0;4;0;3;17;A01
201100054314;0;10;0;6;2;3;14;A01
201100054314;0;7;0;0;2;4;1;B01
201100054315;0;33;0;0;0;0;1;A01
201100054316;0;7;0;0;2;8;1;C01
201100054316;0;33;0;0;2;3;3;A01
201100054316;0;7;0;0;2;7;1;B01
201100054317;0;7;0;0;2;4;1;C01
201100054317;1;10;0;0;2;1;2;Z01
201100054317;0;7;0;0;2;4;2;B01
201100054317;0;7;0;0;0;4;2;D01
201100054318;0;7;0;0;2;4;2;B01
201100054318;0;7;0;0;2;1;2;A01
201100054318;0;7;0;0;2;4;2;C01
201100054319;0;7;0;0;2;1;2;A01
201100054319;0;7;0;0;0;4;2;B01
201100054319;0;7;0;0;0;4;2;C01
201100054320;0;7;0;0;2;4;2;B01
201100054320;0;7;0;0;2;1;1;A01
201100054321;0;7;0;4;2;7;14;A01
201100054321;0;7;0;0;2;3;1;B01
201100054322;0;7;0;4;0;3;1;A01
201100054323;0;7;0;0;2;1;2;C01
201100054323;0;7;0;0;2;1;2;A01
201100054323;0;7;0;0;2;1;2;B01
201100054324;0;7;0;4;0;8;1;A01
201100054325;0;7;0;0;2;1;2;A01
201100054325;0;7;0;0;2;4;2;B01
201100054326;0;7;0;0;9;1;21;C01
201100054326;0;7;0;0;0;9;0;A01
201100054326;0;7;0;0;9;1;21;B01
201100054327;0;33;0;3;0;2;1;A01
201100054328;0;7;0;0;2;2;1;A01
201100054328;0;7;0;0;2;6;1;B01
201100054328;0;7;0;0;2;1;1;C01
201100054329;0;7;0;4;0;3;1;A01
201100054330;1;15;0;0;0;0;13;Z01
201100054330;0;7;0;0;2;6;13;B01
201100054330;0;33;0;0;2;6;3;A01
201100054331;0;33;0;0;2;2;3;B01
201100054331;0;7;0;0;2;8;11;A01
201100054332;0;7;0;0;2;3;21;A01
201100054332;0;7;0;4;2;3;21;B01
201100054333;0;10;0;0;2;6;1;C01
201100054333;0;33;0;0;2;3;3;A01
201100054333;0;7;0;0;2;5;12;B01
201100054334;0;7;0;0;2;2;12;B01
201100054334;0;7;0;0;2;5;1;C01
201100054334;0;33;0;0;2;8;3;A01
201100054335;0;10;0;0;2;6;1;B01
201100054335;0;7;0;0;2;2;12;A01
201100054336;0;7;0;0;2;6;12;A01
201100054336;0;7;0;0;2;6;2;B01
201100054336;1;7;0;0;2;2;1;Z01
201100054336;0;7;0;3;2;2;1;C01
201100054337;0;7;0;0;2;5;12;B01
201100054337;0;33;0;0;2;1;3;A01
201100054338;0;33;0;0;2;3;3;A01
201100054338;0;7;0;0;2;5;12;B01
201100054339;0;7;0;4;0;3;0;A01
201100054340;0;33;0;0;2;4;1;B01
201100054340;0;7;0;0;2;1;2;A01
201100054341;0;7;0;0;2;4;1;C01
201100054341;0;10;0;0;2;1;2;A01
201100054341;0;7;0;0;2;4;2;B01
201100054342;0;33;0;0;0;7;21;A01
201100054343;0;7;0;0;2;4;1;D01
201100054343;0;7;0;0;2;1;1;A01
201100054343;0;7;0;0;2;4;1;B01
201100054343;0;7;0;0;2;4;1;C01
201100054344;0;33;0;0;2;1;3;A01
201100054344;0;7;0;0;2;5;1;B01
201100054345;0;10;0;0;2;3;21;A01
201100054345;0;7;0;0;2;5;2;B01
201100054346;0;33;0;0;2;2;1;A01
201100054346;0;7;0;0;2;6;11;B01
201100054347;0;7;0;0;2;6;1;B01
201100054347;0;7;0;0;2;1;14;A01
201100054348;0;7;0;0;2;1;1;B01
201100054348;0;7;0;0;2;1;1;A01
201100054348;0;7;0;0;2;4;1;E01
201100054348;0;7;0;0;2;1;1;C01
201100054348;0;7;0;0;2;4;1;D01
201100054349;0;7;0;4;2;2;14;A01
201100054349;0;7;0;0;2;3;1;B01
201100054350;0;34;0;0;2;1;3;A01
201100054350;0;7;0;0;0;7;1;B01
201100054351;0;17;0;0;2;1;1;A01
201100054351;0;7;0;0;2;1;23;B01
201100054351;0;7;0;0;2;4;23;C01
201100054352;0;17;0;0;2;3;0;B01
201100054352;0;7;0;0;2;6;11;A01
201100054353;0;33;0;1;0;8;12;A01
201100054354;0;7;0;0;0;4;1;B01
201100054354;0;7;0;0;2;1;2;A01
201100054355;0;7;0;4;0;0;21;B01
201100054355;0;14;0;0;2;6;2;C01
201100054355;0;7;0;4;2;2;2;A01
201100054356;0;7;0;0;0;1;2;A01
201100054356;0;7;0;0;2;4;1;B01
201100054357;0;7;0;0;2;7;12;B01
201100054357;0;33;0;0;2;8;1;A01
201100054358;0;7;0;0;2;1;2;A01
201100054358;0;7;0;0;2;4;2;B01
201100054359;0;7;0;4;2;3;13;A01
201100054359;0;7;0;0;2;4;2;B01
201100054360;0;7;0;0;0;4;2;B01
201100054360;0;7;0;0;2;1;2;A01
201100054361;0;7;0;0;2;4;1;D01
201100054361;0;7;0;0;2;1;0;A01
201100054361;0;7;0;0;2;1;1;C01
201100054361;0;7;0;0;2;1;1;B01
201100054362;0;7;0;0;2;6;11;B01
201100054362;0;32;0;0;2;7;3;A01
201100054363;0;7;0;4;0;3;13;A01
201100054364;0;7;0;0;2;8;9;B01
201100054364;0;1;0;0;2;8;1;A01
201100054365;0;7;0;0;2;4;2;B01
201100054365;0;7;0;0;2;1;2;A01
201100054366;0;7;0;4;0;3;2;A01
201100054367;0;34;0;0;2;3;1;A01
201100054367;0;7;0;0;2;2;12;B01
201100054368;0;7;0;0;2;4;2;B01
201100054368;0;7;0;0;2;1;2;A01
201100054369;0;7;0;0;2;7;1;B01
201100054369;0;30;0;0;2;8;3;A01
201100054370;0;7;0;0;0;6;1;D01
201100054370;0;7;0;0;2;1;19;A01
201100054370;0;7;0;0;0;4;23;E01
201100054370;0;7;0;0;0;4;2;C01
201100054370;0;7;0;0;2;4;2;B01
201100054371;0;7;0;4;0;8;1;A01
201100054372;0;7;0;0;2;2;12;A01
201100054372;0;34;0;0;2;3;1;B01
201100054373;0;33;0;0;0;8;1;A01
201100054374;0;10;0;6;0;1;11;A01
201100054375;0;7;0;0;2;1;2;A01
201100054375;0;10;0;0;2;4;2;B01
201100054376;0;7;0;0;2;6;1;B01
201100054376;0;33;0;0;2;2;12;A01
201100054377;0;7;0;0;2;3;9;A01
201100054377;0;34;0;0;2;2;21;B01
201100054378;0;7;0;4;0;3;0;A01
201100054379;0;10;0;3;2;1;2;A01
201100054379;0;10;0;0;2;4;1;B01
201100054380;0;33;0;14;2;1;12;A01
201100054380;0;7;0;0;2;4;1;B01
201100054381;0;33;0;0;0;2;1;A01
201100054382;0;7;0;0;2;4;2;B01
201100054382;0;7;0;0;2;4;1;C01
201100054382;0;7;0;0;2;1;2;A01
201100054383;0;7;0;0;0;4;2;C01
201100054383;0;7;0;0;2;1;2;A01
201100054383;0;7;0;0;2;4;2;B01
201100054384;0;7;0;0;2;8;1;B01
201100054384;0;7;0;4;2;3;1;A01
201100054385;0;33;0;0;2;7;3;B01
201100054385;1;7;0;0;2;8;13;Z01
201100054386;0;33;0;0;0;0;21;A01
201100054387;0;7;0;0;2;1;2;A01
201100054387;0;7;0;0;2;4;1;B01
201100054388;0;14;0;0;2;8;1;C01
201100054388;0;7;0;0;2;0;1;B01
201100054388;0;33;0;0;2;0;0;A01
201100054389;0;33;0;15;0;1;1;A01
201100054390;0;7;0;0;2;3;1;B01
201100054390;0;34;0;0;2;2;1;C01
201100054390;0;7;0;0;2;3;11;A01
201100054391;0;7;0;0;2;4;2;C01
201100054391;0;7;0;0;2;1;2;A01
201100054391;0;7;0;0;2;4;2;B01
201100054392;0;7;0;0;0;4;2;B01
201100054392;0;7;0;0;2;1;2;C01
201100054392;0;7;0;0;2;4;2;D01
201100054392;0;7;0;0;0;4;2;E01
201100054392;0;7;0;0;2;1;2;A01
201100054393;0;7;0;0;2;1;2;A01
201100054393;0;7;0;0;2;4;1;B01
201100054394;0;7;0;4;0;1;1;A01
201100054395;0;32;0;6;0;2;1;A01
201100054396;0;7;0;4;0;2;1;A01
201100054397;0;33;0;0;2;3;1;B01
201100054397;0;7;0;0;2;2;12;A01
201100054398;0;14;0;0;2;2;12;A01
201100054398;0;7;0;0;2;6;1;B01
201100054399;0;33;0;3;2;7;1;B01
201100054399;0;7;0;3;2;8;11;A01
201100054400;0;7;0;0;2;1;2;A01
201100054400;0;7;0;0;2;4;2;C01
201100054400;0;7;0;0;2;1;2;B01
201100054401;0;7;0;0;2;2;1;A01
201100054401;0;7;0;0;2;4;1;B01
201100054402;0;33;0;0;2;1;3;A01
201100054402;0;7;0;0;0;5;12;B01
201100054403;0;7;0;4;0;1;1;A01
201100054404;0;7;0;0;2;4;2;B01
201100054404;0;7;0;0;2;4;2;C01
201100054404;0;7;0;0;2;1;2;A01
201100054404;0;7;0;0;2;4;1;D01
201100054405;0;15;0;0;2;6;1;B01
201100054405;0;7;0;0;2;2;1;A01
201100054405;0;7;0;0;2;1;1;C01
201100054405;0;7;0;0;2;1;1;D01
201100054406;0;7;0;0;2;4;2;B01
201100054406;0;7;0;0;2;1;2;A01
201100054407;0;34;0;0;2;3;1;B01
201100054407;0;10;0;0;2;7;21;A01
201100054408;0;7;0;3;0;1;21;A01
201100054409;0;7;0;0;2;6;1;C01
201100054409;0;7;0;0;2;2;12;A01
201100054409;0;33;0;0;2;3;1;B01
201100054410;0;7;0;0;2;4;1;B01
201100054410;0;7;0;0;2;1;2;A01
201100054411;0;7;0;0;2;6;1;C01
201100054411;0;7;0;0;2;2;12;A01
201100054411;0;33;0;0;2;1;3;B01
201100054411;0;34;0;0;2;1;3;D01
201100054412;0;7;0;5;2;1;0;A01
201100054412;0;7;0;0;2;5;1;B01
201100054413;0;7;0;0;2;1;2;A01
201100054413;0;10;0;0;2;4;2;B01
201100054414;0;7;0;0;2;5;23;B01
201100054414;0;31;0;0;2;3;2;A01
201100054415;0;7;0;0;2;4;2;C01
201100054415;0;7;0;0;2;1;2;A01
201100054415;0;7;0;0;2;4;2;B01
201100054416;0;33;0;13;0;1;9;A01
201100054417;0;33;0;0;2;2;3;A01
201100054417;0;7;0;0;2;8;2;B01
201100054418;0;7;0;4;0;8;21;A01
201100054419;0;7;0;0;2;1;2;C01
201100054419;0;10;0;0;2;1;2;A01
201100054419;0;7;0;0;0;4;2;B01
201100054420;0;7;0;0;2;4;24;B01
201100054420;0;7;0;0;2;8;23;C01
201100054420;0;17;0;1;0;2;2;A01
201100054421;0;7;0;0;2;1;2;A01
201100054421;0;7;0;0;2;4;1;B01
201100054422;0;7;0;7;0;1;14;A01
201100054423;0;7;0;0;2;1;2;A01
201100054423;0;7;0;0;2;5;1;B01
201100054424;0;7;0;0;2;6;11;B01
201100054424;0;33;0;0;2;2;3;A01
201100054425;0;10;0;0;2;4;1;C01
201100054425;0;7;0;0;2;4;2;B01
201100054425;0;7;0;0;2;1;2;A01
201100054426;0;10;0;0;2;4;2;B01
201100054426;0;13;0;0;2;4;2;C01
201100054426;0;37;1;0;2;4;1;D01
201100054426;0;10;0;0;2;1;2;A01
201100054427;0;7;0;0;2;6;11;B01
201100054427;0;33;0;0;2;2;3;A01
201100054428;0;34;0;0;0;2;1;A01
201100054429;0;14;0;0;2;1;2;A01
201100054429;0;15;0;0;2;4;1;B01
201100054430;0;31;0;0;0;0;0;A01
201100054431;0;7;0;0;2;4;2;B01
201100054431;0;10;0;0;2;1;2;A01
201100054431;0;7;0;0;2;4;1;C01
201100054432;0;7;0;4;0;1;0;A01
201100054433;0;7;0;0;0;5;1;B01
201100054433;0;7;0;0;9;6;1;C01
201100054433;0;32;0;0;2;1;3;A01
201100054434;0;33;0;0;2;8;3;A01
201100054434;0;14;0;0;2;8;1;C01
201100054434;0;7;0;0;2;7;1;B01
201100054435;0;32;0;0;0;1;1;A01
201100054436;0;10;0;0;2;4;0;C01
201100054436;0;10;0;0;2;4;1;B01
201100054436;0;7;0;0;2;1;0;A01
201100054437;0;7;0;6;0;3;2;A01
201100054438;0;7;0;3;0;3;1;A01
201100054439;2;7;0;4;2;2;2;Z01
201100054439;0;7;0;4;2;3;2;B01
201100054440;0;7;0;3;0;2;14;A01
201100054441;1;7;0;0;2;0;0;Z01
201100054441;0;7;0;0;2;3;2;C01
201100054441;0;33;0;0;2;9;3;B01
201100054442;0;15;0;3;0;7;21;A01
201100054443;0;31;0;0;0;0;1;A01
201100054444;0;7;0;0;2;3;9;A01
201100054444;0;33;0;0;2;7;1;B01
201100054445;0;7;0;0;9;4;1;B01
201100054445;0;7;0;0;2;1;18;A01
201100054446;0;33;0;0;2;1;2;A01
201100054446;0;7;0;0;2;4;1;B01
201100054447;0;14;0;0;2;8;1;B01
201100054447;0;7;0;3;2;1;1;A01
201100054448;0;33;0;4;2;8;2;A01
201100054448;0;10;0;0;2;7;21;B01
201100054448;0;10;0;0;2;7;2;C01
201100054449;0;7;0;0;2;1;2;A01
201100054449;0;7;0;0;2;4;1;B01
201100054450;0;7;0;0;0;1;0;A01
201100054451;0;7;0;0;0;4;11;B01
201100054451;0;33;0;0;2;1;3;A01
201100054452;0;33;0;0;2;8;3;A01
201100054452;0;7;0;0;2;2;12;B01
201100054453;0;7;0;5;0;1;21;A01
201100054454;0;7;0;0;2;4;1;B01
201100054454;0;10;0;0;2;1;2;A01
201100054455;0;7;0;0;2;1;2;A01
201100054455;0;7;0;0;0;4;1;B01
201100054456;0;7;0;0;2;4;2;B01
201100054456;0;7;0;0;2;1;2;C01
201100054456;0;7;0;0;2;1;2;A01
201100054457;0;7;0;3;0;1;21;A01
201100054458;0;10;0;0;2;5;1;B01
201100054458;0;34;0;0;2;3;2;A01
201100054459;0;32;0;0;2;3;3;B01
201100054459;0;7;0;0;2;2;1;A01
201100054460;0;7;0;0;2;4;11;A01
201100054460;0;34;0;0;2;1;1;B01
201100054461;0;10;0;0;2;5;1;B01
201100054461;0;32;0;0;2;8;3;A01
201100054462;0;33;0;16;0;1;1;A01
201100054463;0;7;0;4;0;3;0;A01
201100054464;0;7;0;0;2;2;12;B01
201100054464;0;33;0;0;2;3;3;A01
201100054465;0;34;0;0;9;1;1;A01
201100054466;0;7;0;11;0;1;14;A01
201100054467;0;7;0;5;0;1;1;A01
201100054468;0;7;0;0;2;1;2;A01
201100054468;0;7;0;0;2;4;2;B01
201100054468;0;7;0;0;2;4;2;C01
201100054469;0;7;0;0;0;4;11;B01
201100054469;0;33;0;0;2;1;3;A01
201100054469;0;33;0;0;0;1;3;C01
201100054470;0;7;0;0;0;0;0;A01
201100054471;0;7;0;0;2;4;1;C01
201100054471;0;7;0;0;2;1;2;A01
201100054472;0;7;0;0;2;1;2;A01
201100054472;0;10;0;0;2;4;2;B01
201100054472;0;7;0;0;2;4;2;C01
201100054472;0;7;0;0;2;4;1;D01
201100054473;0;7;0;6;0;1;0;A01
201100054474;0;34;0;0;0;0;1;A01
201100054475;0;15;0;0;2;3;11;B01
201100054475;0;7;0;0;2;2;21;A01
201100054476;0;7;0;0;2;1;1;C01
201100054476;0;17;0;0;2;2;12;A01
201100054476;0;7;0;0;2;8;1;B01
201100054477;0;33;0;0;2;1;3;B01
201100054477;0;10;0;0;2;2;12;A01
201100054478;0;32;0;0;0;7;3;A01
201100054479;0;10;0;4;0;3;0;A01
201100054480;1;7;0;0;0;0;18;Z01
201100054480;0;7;0;3;2;1;12;B01
201100054481;0;7;0;4;0;3;0;A01
201100054482;0;99;0;0;2;3;11;A01
201100054482;0;33;0;0;2;2;1;B01
201100054483;0;34;0;0;2;8;1;A01
201100054483;0;7;0;0;2;7;12;B01
201100054484;0;34;0;0;2;2;3;A01
201100054484;0;7;0;0;2;6;11;B01
201100054485;0;7;0;0;2;2;12;A01
201100054485;0;33;0;0;2;8;3;B01
201100054485;0;7;0;0;2;1;1;T01
201100054486;0;7;0;0;2;1;2;A01
201100054486;0;7;0;0;2;4;1;B01
201100054486;0;7;0;0;2;4;1;C01
201100054487;0;30;0;0;0;1;3;A01
201100054488;0;7;0;0;2;2;12;A01
201100054488;0;33;0;0;2;3;1;B01
201100054489;0;7;0;0;2;3;2;A01
201100054489;0;7;0;0;0;4;2;B01
201100054490;0;7;0;0;2;1;2;A01
201100054490;0;7;0;0;2;4;2;B01
201100054490;0;7;0;0;2;4;2;C01
201100054490;0;7;0;0;2;4;1;D01
201100054491;0;33;0;0;2;2;2;A01
201100054491;0;7;0;0;2;4;1;B01
201100054492;0;7;0;4;0;2;1;A01
201100054493;0;7;0;4;0;9;21;A01
201100054494;0;7;0;4;0;1;2;A01
201100054495;0;7;0;4;0;3;1;A01
201100054496;0;7;0;4;2;2;14;A01
201100054496;0;7;0;0;2;8;1;B01
201100054497;0;7;0;4;0;3;1;A01
201100054498;0;10;0;0;2;4;1;C01
201100054498;0;33;0;0;2;4;2;A01
201100054498;0;7;0;0;2;1;2;B01
201100054499;0;7;0;3;0;1;12;A01
201100054500;0;7;0;3;0;2;14;A01
201100054501;0;7;0;0;2;6;12;A01
201100054501;0;33;0;0;2;1;1;B01
201100054502;0;14;0;0;2;1;2;A01
201100054502;0;7;0;0;0;4;2;B01
201100054503;0;31;0;0;0;9;0;A01
201100054504;0;33;0;0;2;1;3;A01
201100054504;0;7;0;0;0;5;12;B01
201100054505;0;33;0;0;2;2;3;A01
201100054505;0;7;0;0;2;3;13;B01
201100054506;0;33;0;12;0;7;1;A01
201100054507;0;15;0;0;2;1;2;A01
201100054507;0;7;0;0;0;4;2;B01
201100054508;0;7;0;0;2;1;2;A01
201100054508;0;7;0;0;2;4;2;B01
201100054508;0;7;0;0;0;4;2;C01
201100054509;0;32;0;0;0;8;1;A01
201100054510;0;34;0;12;0;2;1;A01
201100054511;0;7;0;4;0;9;1;A01
201100054512;0;7;0;4;0;3;1;A01
201100054513;0;34;0;0;2;3;2;A01
201100054513;0;7;0;0;0;5;2;B01
201100054514;0;15;0;4;0;3;1;A01
201100054515;0;7;0;0;2;5;1;B01
201100054515;0;33;0;0;2;8;3;A01
201100054516;0;7;0;0;2;2;14;A01
201100054516;0;10;0;0;0;8;1;B01
201100054517;0;7;0;0;2;5;2;B01
201100054517;0;33;0;0;2;2;2;A01
201100054518;0;7;0;0;0;6;11;A01
201100054518;0;7;0;5;2;1;1;B01
201100054518;0;10;0;0;2;1;2;C01
201100054519;0;7;0;7;0;8;1;A01
201100054520;0;33;0;0;2;1;2;A01
201100054520;0;10;0;0;2;6;1;B01
201100054521;0;7;0;0;2;2;12;A01
201100054521;0;7;0;0;2;8;2;B01
201100054521;0;7;0;0;2;1;0;C01
201100054522;0;32;0;14;0;1;1;A01
201100054523;0;33;0;0;2;1;2;A01
201100054523;0;7;0;0;0;4;1;B01
201100054524;0;10;0;0;2;6;11;A01
201100054524;0;33;0;0;2;2;3;B01
201100054525;0;7;0;0;2;1;17;A01
201100054525;0;7;0;0;2;3;1;B01
201100054525;0;7;0;4;2;6;2;C01
201100054525;0;7;0;0;2;4;2;D01
201100054526;0;7;0;3;0;3;0;A01
201100054527;0;7;0;4;0;1;2;A01
201100054528;0;7;0;5;0;1;14;A01
201100054529;0;32;0;0;2;1;3;A01
201100054529;0;7;0;0;2;4;2;B01
201100054529;0;7;0;0;2;3;2;C01
201100054530;0;7;0;4;2;1;0;A01
201100054530;0;7;0;0;2;6;1;B01
201100054531;0;32;0;0;2;1;3;A01
201100054531;0;7;0;0;2;5;1;B01
201100054531;0;7;0;0;2;4;1;C01
201100054532;0;33;0;0;2;3;13;A01
201100054532;0;7;0;0;2;2;14;B01
201100054532;0;7;0;0;0;4;0;C01
201100054533;0;7;0;0;2;1;2;A01
201100054533;0;7;0;0;0;4;1;B01
201100054534;0;7;0;0;0;5;1;B01
201100054534;0;7;0;0;2;3;1;A01
201100054535;0;33;0;3;0;3;2;A01
201100054535;0;7;0;14;1;1;2;B01
201100054536;0;7;0;4;0;1;1;A01
201100054537;0;7;0;0;2;6;2;B01
201100054537;0;7;0;4;2;1;1;A01
201100054538;0;7;0;0;2;4;2;C01
201100054538;0;7;0;0;2;9;2;B01
201100054538;0;7;0;0;2;4;2;D01
201100054538;0;7;0;0;2;1;2;A01
201100054539;0;7;0;0;2;1;2;A01
201100054539;0;7;0;0;2;4;2;B01
201100054540;0;7;0;4;0;1;21;A01
201100054541;0;7;0;3;0;2;0;A01
201100054542;0;7;0;0;2;2;2;A01
201100054542;0;7;0;0;2;4;2;C01
201100054542;0;7;0;0;2;4;2;B01
201100054543;0;7;0;0;2;1;2;A01
201100054543;0;7;0;0;2;1;2;B01
201100054543;0;7;0;0;2;4;2;C01
201100054544;0;7;0;0;2;6;9;A01
201100054544;0;16;0;0;2;2;1;B01
201100054545;0;7;0;0;0;4;2;B01
201100054545;0;10;0;0;2;1;2;A01
201100054546;0;33;0;0;0;8;2;A01
201100054547;0;7;0;0;2;2;2;B01
201100054547;0;7;0;4;2;6;11;A01
201100054548;0;33;0;0;2;7;3;A01
201100054548;0;10;0;0;2;8;11;B01
201100054549;0;32;0;0;2;3;3;A01
201100054549;0;10;0;0;2;7;12;B01
201100054550;0;7;0;0;0;4;1;B01
201100054550;0;7;0;0;2;1;12;A01
201100054551;0;34;0;0;2;1;1;A01
201100054551;0;7;0;0;2;7;12;B01
201100054552;0;15;0;0;2;2;12;A01
201100054552;0;7;0;4;2;8;1;B01
201100054553;0;7;0;0;0;1;1;A01
201100054553;0;7;0;0;0;5;1;B01
201100054553;0;7;0;0;0;8;1;C01
201100054554;0;7;0;0;2;1;2;A01
201100054554;0;7;0;0;2;4;2;B01
201100054554;0;7;0;0;2;4;1;C01
201100054555;0;7;0;4;0;3;1;A01
201100054556;0;7;0;0;2;6;11;B01
201100054556;0;10;0;0;2;4;2;C01
201100054556;0;7;0;0;2;1;2;A01
201100054557;0;7;0;0;2;1;2;C01
201100054557;0;7;0;0;2;1;2;A01
201100054557;0;10;0;0;2;4;2;B01
201100054557;0;7;0;0;2;1;2;D01
201100054557;0;7;0;0;2;1;2;F01
201100054557;0;7;0;0;2;1;2;E02
201100054558;0;30;0;0;2;4;1;B01
201100054558;0;7;0;0;2;1;2;A01
201100054559;0;7;0;0;2;7;11;B01
201100054559;0;34;0;0;2;7;3;A01
201100054560;0;7;0;0;0;4;2;C01
201100054560;0;7;0;0;2;1;2;A01
201100054560;0;7;0;0;0;4;2;B01
201100054561;0;7;0;0;2;2;12;A01
201100054561;0;33;0;0;2;8;1;B01
201100054562;0;7;0;0;2;6;1;C01
201100054562;0;33;0;0;2;1;3;A01
201100054562;0;7;0;0;2;6;11;B01
201100054563;0;7;0;0;2;3;21;A01
201100054563;0;7;0;0;2;1;2;B01
201100054564;0;7;0;0;2;1;2;A01
201100054564;0;7;0;0;2;4;1;B01
201100054565;0;7;0;0;2;2;2;D01
201100054565;0;7;0;0;2;3;1;B01
201100054565;0;10;0;0;2;1;21;C01
201100054565;0;7;0;0;2;1;2;E01
201100054565;0;7;0;4;2;3;1;A01
201100054566;0;7;0;14;0;2;14;A01
201100054567;0;7;0;0;2;3;21;A01
201100054567;0;7;0;0;2;1;1;B01
201100054568;0;7;0;13;0;2;1;A01
201100054569;0;7;0;0;0;4;2;B01
201100054569;0;10;0;0;2;1;2;A01
201100054570;0;33;0;0;2;1;1;B01
201100054570;0;7;0;4;2;4;11;A01
201100054571;0;7;0;0;2;4;23;B01
201100054571;0;33;0;1;0;1;1;A01
201100054572;0;7;0;4;0;1;1;A01
201100054573;0;14;0;0;0;6;2;B01
201100054573;0;7;0;0;2;2;1;A01
201100054574;0;33;0;0;2;1;3;A01
201100054574;0;33;0;0;2;6;23;B01
201100054574;0;7;0;0;2;4;23;C01
201100054575;0;7;0;0;0;0;11;B01
201100054575;0;33;0;0;0;0;1;A01
201100054576;0;14;0;0;2;4;2;B01
201100054576;0;7;0;0;2;1;2;A01
201100054577;0;7;0;0;2;3;11;A01
201100054577;0;33;0;0;2;2;13;B01
201100054578;0;33;0;0;2;1;14;A01
201100054579;0;7;0;0;2;6;0;B01
201100054579;2;7;0;4;0;1;0;A01
201100054579;0;7;0;1;0;1;0;C02
201100054579;0;7;0;14;0;0;0;F01
201100054579;0;7;0;1;0;1;0;D01
201100054579;0;7;0;1;0;1;0;E01
201100054580;0;32;0;0;2;3;18;A01
201100054580;0;7;0;0;2;2;2;B01
201100054580;0;7;0;0;2;4;2;C01
201100054581;0;7;0;0;0;4;2;B01
201100054581;0;7;0;0;2;1;2;A01
201100054582;0;7;0;0;2;4;23;C01
201100054582;0;7;0;0;2;3;11;A01
201100054582;0;33;0;0;2;2;3;B01
201100054583;0;33;0;0;2;8;3;A01
201100054583;0;7;0;0;2;7;12;B01
201100054584;0;33;0;0;0;7;1;A01
201100054585;0;33;0;10;0;1;1;A01
201100054586;0;7;0;4;2;1;1;A01
201100054586;0;7;0;0;2;6;1;B01
201100054586;0;7;0;0;2;6;1;C01
201100054587;0;32;0;0;2;8;21;A01
201100054587;0;13;0;0;2;5;1;B01
201100054588;0;7;0;4;2;1;21;A01
201100054589;0;33;0;0;2;2;14;A01
201100054589;0;14;0;0;2;6;0;B01
201100054590;0;31;0;0;2;8;3;A01
201100054590;0;7;0;0;2;7;12;B01
201100054591;0;32;0;0;2;3;2;A01
201100054591;0;7;0;0;2;5;1;B01
201100054592;0;33;0;0;2;1;2;A01
201100054592;0;7;0;0;2;6;23;B01
201100054593;0;34;0;0;0;4;1;B01
201100054593;0;32;0;0;2;1;1;A01
201100054594;0;34;0;0;2;3;3;A01
201100054594;0;10;0;0;2;5;12;B01
201100054595;0;7;0;0;2;3;11;A01
201100054595;0;33;0;3;2;6;17;B01
201100054596;0;7;0;0;2;7;12;A01
201100054596;0;33;0;0;2;1;1;B01
201100054597;0;7;0;4;2;6;23;B01
201100054597;0;14;0;1;0;2;1;A01