num_acc;senc;catv;occutc;obs;obsm;choc;manv;num_veh
201100054598;0;10;0;0;2;4;11;B01
201100054598;0;33;0;0;2;1;3;A01
201100054599;0;33;0;0;0;8;11;A01
201100054599;0;7;0;0;0;0;21;T01
201100054600;0;15;0;0;2;4;24;B01
201100054600;0;7;0;1;0;1;1;A01
201100054601;0;7;0;0;2;7;12;A01
201100054601;0;34;0;0;2;3;1;B01
201100054601;0;33;0;0;2;1;1;C01
201100054602;0;7;0;0;2;8;9;A01
201100054602;0;15;0;0;2;2;1;B01
201100054602;0;33;0;0;2;7;3;C01
201100054603;0;33;0;0;2;2;1;A01
201100054603;0;7;0;0;2;3;11;B01
201100054604;0;33;0;0;2;1;2;A01
201100054604;1;33;0;0;2;4;12;Z01
201100054605;0;7;0;0;2;5;12;A01
201100054605;0;33;0;0;2;3;2;B01
201100054605;0;34;0;0;2;3;2;C01
201100054606;0;33;0;0;2;2;3;A01
201100054606;0;7;0;0;2;8;11;B01
201100054607;0;33;0;0;2;3;1;B01
201100054607;0;7;0;0;2;2;12;A01
201100054608;0;33;0;0;2;3;3;A01
201100054608;0;7;0;0;2;5;1;B01
201100054609;0;31;0;0;0;1;1;A01
201100054610;0;7;0;0;2;7;2;C01
201100054610;0;7;0;0;2;1;2;H01
201100054610;0;7;0;0;9;1;2;F01
201100054610;0;7;0;0;2;1;2;D02
201100054610;0;7;0;0;2;1;2;E02
201100054610;0;7;0;0;2;1;1;A02
201100054610;0;34;0;0;9;0;2;G01
201100054610;0;7;0;0;2;4;2;B01
201100054611;0;7;0;0;2;1;2;A01
201100054611;0;7;0;0;2;4;1;B01
201100054612;0;33;0;0;2;1;2;D01
201100054612;0;7;0;0;2;2;2;C01
201100054612;0;7;0;0;2;1;11;A01
201100054612;0;7;0;0;0;4;2;B01
201100054612;0;33;0;0;2;1;2;E01
201100054613;0;32;0;0;2;2;21;A01
201100054613;0;10;0;0;2;6;24;B01
201100054614;0;7;0;0;2;1;2;A01
201100054614;0;7;0;3;2;4;2;B01
201100054615;0;7;0;0;2;1;1;A01
201100054615;0;32;0;0;0;4;2;B01
201100054616;0;32;0;0;2;3;3;A01
201100054616;0;10;0;0;2;5;12;B01
201100054617;0;32;0;0;2;1;3;A01
201100054617;0;7;0;0;2;8;11;B01
201100054617;0;7;0;0;2;4;1;C01
201100054618;0;7;0;0;2;2;9;A01
201100054618;0;33;0;0;2;3;1;B01
201100054618;0;7;0;0;2;5;1;C01
201100054618;0;7;0;0;2;3;1;D01
201100054619;0;7;0;0;2;4;23;C01
201100054619;0;7;0;0;2;4;23;B01
201100054619;0;7;0;0;2;1;2;A01
201100054620;0;7;0;3;2;5;12;A01
201100054620;0;7;0;3;2;3;1;B01
201100054621;1;7;0;0;2;0;0;Z01
201100054621;0;33;0;4;2;3;9;A01
201100054622;0;7;0;4;0;1;11;A01
201100054623;0;7;0;6;2;8;1;B01
201100054623;0;15;0;0;2;2;12;A01
201100054624;0;7;0;0;2;1;2;A01
201100054624;0;10;0;0;2;4;1;B01
201100054625;0;3;0;0;2;8;11;B01
201100054625;0;31;0;0;2;2;3;A01
201100054626;0;7;0;0;2;4;2;B01
201100054626;0;33;0;0;2;1;2;A01
201100054627;0;7;0;0;2;1;2;A01
201100054627;0;7;0;0;2;4;2;B01
201100054627;0;7;0;0;2;4;1;C01
201100054628;0;10;0;4;0;2;1;A01
201100054629;0;34;0;0;2;2;3;A01
201100054629;0;7;0;0;2;8;11;B01
201100054630;0;10;0;0;2;1;2;B01
201100054630;0;7;0;4;0;4;2;A01
201100054631;0;7;0;4;0;1;1;A01
201100054632;0;10;0;0;2;6;1;B01
201100054632;0;33;0;0;2;7;21;A01
201100054633;0;7;0;0;2;8;11;A01
201100054633;0;34;0;0;2;7;1;B01
201100054634;0;7;0;0;2;2;2;A01
201100054634;0;13;0;0;0;5;23;B01
201100054635;0;15;0;0;2;5;1;B01
201100054635;0;7;0;0;2;1;9;A01
201100054636;0;31;0;0;0;8;0;A01
201100054637;0;7;0;0;0;4;2;B01
201100054637;0;7;0;0;2;1;2;A01
201100054638;0;7;0;3;0;2;1;A01
201100054639;0;32;0;0;9;3;1;A01
201100054640;0;7;0;0;2;6;11;A01
201100054640;0;33;0;0;2;2;1;B01
201100054640;0;7;0;0;2;4;1;C01
201100054641;0;7;0;0;2;1;2;A01
201100054641;0;7;0;0;0;4;2;B01
201100054642;0;2;0;6;0;2;1;A01
201100054643;1;7;0;0;2;6;1;B01
201100054643;0;10;0;4;2;2;1;A01
201100054644;0;32;0;0;2;3;18;A01
201100054644;0;7;0;0;2;5;1;B01
201100054645;0;10;0;0;0;4;23;C01
201100054645;0;7;0;0;2;1;2;A01
201100054645;0;7;0;0;2;4;23;B01
201100054646;0;33;0;0;2;1;2;A01
201100054646;0;33;0;0;2;4;1;B01
201100054646;0;7;0;0;2;5;1;C01
201100054647;0;10;0;4;0;2;1;A01
201100054648;0;7;0;3;2;8;1;B01
201100054648;0;14;0;0;2;8;12;A01
201100054649;0;33;0;0;2;1;2;B01
201100054649;0;33;0;0;0;8;1;C01
201100054649;0;10;0;12;0;7;12;A01
201100054650;1;7;0;0;2;1;0;Z01
201100054650;0;7;0;0;0;4;2;A01
201100054651;0;33;0;0;2;2;3;A01
201100054651;0;7;0;0;2;7;1;C01
201100054651;0;7;0;0;2;8;11;B01
201100054652;0;7;0;0;2;1;2;A01
201100054652;0;7;0;0;2;4;2;B01
201100054652;0;7;0;0;2;4;1;C01
201100054653;0;7;0;0;2;1;2;A01
201100054653;0;7;0;0;2;4;2;C01
201100054653;0;10;0;0;2;4;2;B01
201100054654;0;7;0;4;0;3;9;A01
201100054655;1;7;0;0;2;1;0;A01
201100054655;0;7;0;3;2;4;1;B01
201100054656;0;7;0;0;2;1;2;A01
201100054656;0;7;0;0;2;4;2;B01
201100054656;0;7;0;0;2;4;2;C01
201100054656;0;7;0;0;2;4;1;D01
201100054657;0;7;0;13;0;7;21;A01
201100054658;0;7;0;3;0;3;21;A01
201100054659;0;7;0;0;0;4;1;C01
201100054659;0;33;0;0;2;2;3;A01
201100054659;0;7;0;0;2;8;11;B01
201100054660;0;7;0;4;0;8;0;A01
201100054661;0;33;0;7;0;7;0;A01
201100054662;0;10;0;14;2;1;2;A01
201100054662;0;7;0;0;2;1;2;B01
201100054662;0;7;0;0;2;4;1;C01
201100054663;0;33;0;0;2;1;2;A01
201100054663;0;7;0;0;2;4;1;B01
201100054664;0;7;0;4;0;1;1;A01
201100054665;0;7;0;0;2;3;12;A01
201100054665;0;7;0;0;2;6;2;B01
201100054666;0;7;0;0;2;1;1;C01
201100054666;0;7;0;0;0;4;4;A01
201100054666;0;7;0;0;2;1;1;B01
201100054667;0;7;0;0;2;4;1;A01
201100054667;0;7;0;0;2;1;2;B01
201100054668;0;7;0;4;0;1;21;A01
201100054669;0;7;0;0;2;1;2;A01
201100054669;0;10;0;0;0;4;2;C01
201100054669;0;7;0;0;2;4;2;B01
201100054670;0;34;0;0;2;3;1;B01
201100054670;1;7;0;0;2;5;12;Z01
201100054671;0;7;0;4;0;3;1;A01
201100054672;0;33;0;0;2;1;3;A01
201100054672;0;33;0;0;2;4;1;B01
201100054672;0;7;0;0;2;8;1;C01
201100054673;0;34;0;0;2;3;3;A01
201100054673;0;7;0;0;2;2;12;B01
201100054674;0;34;0;4;2;1;3;A01
201100054674;0;7;0;4;2;6;11;B01
201100054674;0;7;0;4;2;8;2;C01
201100054675;0;7;0;0;2;1;2;A01
201100054675;0;10;0;0;2;4;1;B01
201100054676;0;7;0;4;0;3;1;A01
201100054677;0;7;0;0;2;4;12;A01
201100054677;0;31;0;0;2;1;1;B01
201100054678;0;7;0;0;2;1;12;A01
201100054678;0;7;0;0;2;5;1;B01
201100054679;0;7;0;0;2;2;12;B01
201100054679;0;33;0;0;2;3;3;A01
201100054680;0;10;0;0;0;0;0;C01
201100054680;0;7;0;0;0;0;0;A01
201100054680;0;10;0;0;2;1;1;B01
201100054680;0;10;0;0;0;0;0;E01
201100054680;0;7;0;0;0;0;0;D01
201100054681;0;34;0;0;2;3;18;A01
201100054681;0;32;0;0;2;7;19;B01
201100054682;0;99;0;0;2;3;3;A01
201100054682;0;33;0;0;2;7;3;B01
201100054682;0;7;0;0;2;5;1;C01
201100054683;0;7;0;0;2;1;1;B01
201100054683;0;33;0;0;2;4;1;A01
201100054684;0;7;0;0;2;1;2;A01
201100054684;0;7;0;0;2;4;2;B01
201100054684;0;7;0;0;2;4;1;C01
201100054685;0;33;0;3;0;3;1;A01
201100054686;0;33;0;0;2;3;3;A01
201100054686;0;34;0;0;2;5;3;B01
201100054687;0;31;0;0;2;7;3;A01
201100054687;0;7;0;0;2;6;11;B01
201100054688;0;7;0;3;0;1;13;A01
201100054689;0;7;0;4;2;2;14;A01
201100054689;0;7;0;0;2;3;1;B01
201100054690;0;7;0;4;0;1;13;A01
201100054690;0;7;0;4;0;4;21;B01
201100054691;0;7;0;0;0;9;17;A01
201100054692;0;7;0;0;2;6;11;A01
201100054692;0;33;0;0;2;5;1;B01
201100054693;0;7;0;4;0;0;1;A01
201100054694;0;7;0;0;0;5;14;A01
201100054694;0;34;0;0;2;3;1;C01
201100054694;0;38;0;0;2;3;13;B01
201100054695;0;7;0;4;0;3;1;A01
201100054696;0;7;0;3;2;2;14;A01
201100054696;0;7;0;3;2;6;1;B01
201100054697;0;7;0;6;0;5;0;A01
201100054698;0;7;0;0;0;2;2;A01
201100054698;0;10;0;0;2;4;2;B01
201100054699;0;7;0;0;2;4;2;B01
201100054699;0;7;0;0;2;1;2;A01
201100054700;0;7;0;4;0;1;9;A01
201100054701;0;7;0;0;2;8;12;B01
201100054701;0;7;0;0;0;4;2;C01
201100054701;0;33;0;0;2;3;3;A01
201100054702;0;33;0;0;2;1;1;A01
201100054702;0;7;0;0;2;4;11;B01
201100054703;0;34;0;0;0;2;1;A01
201100054704;0;33;0;0;2;1;2;A01
201100054704;0;7;0;0;2;5;2;B01
201100054705;0;7;0;0;6;1;2;A01
201100054706;0;7;0;0;0;4;2;B01
201100054706;0;10;0;0;2;1;2;A01
201100054707;0;33;0;0;2;3;3;A01
201100054707;0;7;0;0;2;2;0;B01
201100054708;0;33;0;0;0;3;1;A01
201100054709;0;7;0;3;0;0;0;A01
201100054710;0;7;0;4;2;1;11;A01
201100054710;0;7;0;0;2;1;2;B01
201100054710;0;38;59;0;2;6;1;C01
201100054711;0;7;0;4;0;3;11;A01
201100054712;0;7;0;0;2;3;1;A01
201100054712;0;7;0;0;2;5;23;B01
201100054712;0;7;0;0;0;5;23;C01
201100054713;0;33;0;0;2;1;3;A01
201100054713;0;7;0;0;0;8;1;B01
201100054713;0;10;0;0;0;4;1;C01
201100054714;0;7;0;0;2;4;1;E01
201100054714;0;7;0;0;2;4;1;C01
201100054714;0;7;0;0;2;4;14;D01
201100054714;0;7;0;0;2;4;1;B01
201100054714;0;7;0;0;2;1;13;A01
201100054715;0;7;0;0;2;2;1;C01
201100054715;0;14;0;0;0;0;12;B01
201100054715;0;7;0;4;2;1;1;A01
201100054716;2;7;0;0;0;0;1;A01
201100054716;0;7;0;0;1;1;1;B01
201100054717;2;7;0;0;2;3;11;A01
201100054717;0;7;0;0;2;2;1;B01
201100054718;1;14;0;0;0;0;0;Z01
201100054718;0;7;0;3;0;6;1;B01
201100054719;0;7;0;0;2;4;11;B01
201100054719;0;33;0;0;2;2;3;A01
201100054720;0;10;0;0;2;3;21;E01
201100054720;0;7;0;3;2;1;1;D01
201100054720;0;7;0;0;2;1;0;A01
201100054720;0;7;0;0;2;3;1;B01
201100054720;0;34;0;0;2;3;21;C01
201100054721;0;7;0;0;0;0;1;T01
201100054721;0;7;0;0;2;6;13;A01
201100054721;0;33;0;0;2;2;1;B01
201100054722;0;31;0;0;0;8;0;A01
201100054723;0;10;0;3;0;2;0;A01
201100054724;0;33;0;0;2;2;0;A01
201100054724;1;14;0;0;2;6;0;B01
201100054725;0;7;0;4;0;8;0;A01
201100054726;0;7;0;0;2;4;2;B01
201100054726;0;7;0;0;2;3;2;C01
201100054726;0;7;0;0;2;1;2;A01
201100054727;0;10;0;0;2;5;20;B01
201100054727;0;7;0;4;2;7;14;A01
201100054728;0;33;0;0;0;7;2;A01
201100054729;0;7;0;0;0;4;2;B01
201100054729;0;14;0;0;2;2;2;A01
201100054730;0;15;0;0;2;4;2;B01
201100054730;0;14;0;0;2;1;2;A01
201100054731;0;7;0;0;2;5;9;A01
201100054731;0;33;0;0;2;3;1;B01
201100054732;0;7;0;3;0;3;0;A01
201100054733;0;32;0;0;0;7;1;A01
201100054734;0;31;0;1;2;1;1;C01
201100054734;0;7;0;0;2;1;1;B01
201100054734;0;31;0;0;2;7;9;A01
201100054735;0;32;0;6;0;1;2;A01
201100054736;0;7;0;4;2;6;2;B01
201100054736;0;7;0;0;2;2;2;A01
201100054737;0;7;0;0;0;4;2;B01
201100054737;0;7;0;0;2;1;2;A01
201100054738;0;33;0;6;0;3;2;A01
201100054739;0;7;0;0;0;4;2;B01
201100054739;0;33;0;0;2;1;2;A01
201100054740;0;7;0;0;2;4;1;A01
201100054740;0;7;0;0;2;4;24;B01
201100054741;0;7;0;0;2;4;2;C01
201100054741;0;7;0;0;2;4;2;B01
201100054741;0;7;0;0;2;1;2;A01
201100054742;0;10;0;13;0;2;1;A01
201100054743;0;10;0;4;0;3;1;B01
201100054743;0;7;0;0;2;2;12;A01
201100054744;0;7;0;4;0;1;11;A01
201100054745;0;7;0;3;0;7;17;A01
201100054746;0;7;0;0;2;4;1;A01
201100054746;0;7;0;0;2;4;1;B01
201100054746;0;7;0;0;2;1;2;C01
201100054747;0;7;0;0;2;1;1;A01
201100054747;0;7;0;0;2;4;1;B01
201100054748;0;7;0;4;0;1;0;A01
201100054749;0;7;0;0;2;1;21;B01
201100054749;0;7;0;0;2;4;21;A01
201100054750;0;7;0;0;2;6;11;A01
201100054750;0;33;0;0;2;1;1;B01
201100054751;0;7;0;0;2;4;1;A01
201100054751;0;7;0;0;2;5;23;B01
201100054751;0;10;0;0;2;1;2;D01
201100054751;0;7;0;1;0;3;21;C01
201100054752;0;7;0;3;0;1;0;A01
201100054753;0;7;0;0;0;4;2;B01
201100054753;0;7;0;0;2;1;1;A01
201100054754;0;20;0;0;2;6;2;B01
201100054754;0;7;0;0;2;2;14;A01
201100054755;0;7;0;3;0;9;1;A01
201100054756;0;7;0;4;0;3;1;A01
201100054757;0;7;0;0;2;6;24;A01
201100054757;0;7;0;0;2;2;1;B01
201100054758;0;7;0;13;0;1;0;A01
201100054759;0;7;0;0;2;4;2;C01
201100054759;0;7;0;0;2;4;1;A01
201100054759;0;7;0;0;2;1;2;D01
201100054759;0;7;0;0;2;4;2;B01
201100054760;0;33;0;0;2;7;3;B01
201100054760;0;7;0;0;2;8;11;A01
201100054761;0;7;0;15;0;9;1;A01
201100054762;0;7;0;0;2;1;2;B01
201100054762;0;7;0;0;2;4;1;A01
201100054763;0;33;0;3;0;8;0;A01
201100054764;0;7;0;13;0;3;1;A01
201100054765;0;14;0;0;2;1;1;B01
201100054765;0;7;0;0;2;7;1;A01
201100054766;0;7;0;2;0;1;1;A01
201100054767;0;7;0;0;2;1;1;B01
201100054767;0;7;0;0;2;5;14;A01
201100054768;0;7;0;0;2;3;1;A01
201100054768;0;7;0;0;2;7;1;B01
201100054769;0;33;0;0;0;1;9;A01
201100054770;0;7;0;0;2;1;2;B01
201100054770;0;15;0;0;2;4;1;A01
201100054771;0;7;0;15;0;4;1;A01
201100054772;0;7;0;0;2;1;2;C01
201100054772;0;7;0;0;2;4;2;B01
201100054772;0;7;0;0;2;4;1;A01
201100054773;0;10;0;0;2;1;12;C01
201100054773;0;7;0;0;2;4;23;B01
201100054773;0;7;0;0;2;4;23;A01
201100054774;0;7;0;6;0;7;1;A01
201100054775;0;10;0;0;2;1;1;A01
201100054775;0;17;0;0;0;4;2;B01
201100054776;0;7;0;0;2;1;1;A01
201100054776;0;7;0;0;2;4;2;B01
201100054777;0;14;0;0;2;8;2;B01
201100054777;0;7;0;0;2;2;14;A01
201100054778;0;7;0;14;2;1;1;C01
201100054778;0;7;0;14;2;1;1;B01
201100054778;0;7;0;0;2;1;1;A01
201100054779;0;33;0;0;2;7;3;A01
201100054779;0;7;0;0;2;8;11;B01
201100054780;0;7;0;9;0;1;1;A01
201100054781;0;7;0;4;0;3;0;A01
201100054782;0;7;0;0;0;0;0;A01
201100054783;0;33;0;0;0;7;1;A01
201100054784;0;7;0;0;0;1;14;A01
201100054785;0;7;0;0;2;1;2;A01
201100054785;0;7;0;0;0;4;2;B01
201100054786;0;7;0;0;2;4;2;B01
201100054786;0;7;0;0;2;1;1;A01
201100054787;0;31;0;0;0;1;3;A01
201100054788;0;33;0;0;0;0;3;A01
201100054789;0;15;0;0;2;4;2;B01
201100054789;0;15;0;0;2;1;1;A01
201100054789;0;15;0;0;0;4;2;C01
201100054790;0;33;0;0;0;7;1;A01
201100054791;0;7;0;0;2;5;1;A01
201100054791;0;7;0;0;2;3;9;B01
201100054792;0;7;0;0;2;4;1;A01
201100054792;0;32;0;0;2;1;2;B01
201100054793;0;7;0;0;2;4;0;A01
201100054793;0;7;0;0;2;4;2;B01
201100054793;0;7;0;0;2;1;2;C01
201100054794;0;7;0;0;0;3;13;A01
201100054794;0;7;0;4;0;1;21;C01
201100054794;0;7;0;1;0;3;1;D01
201100054794;0;7;0;4;2;1;2;B01
201100054795;0;7;0;14;0;7;1;A01
201100054796;0;7;0;0;0;9;1;A01
201100054797;0;7;0;3;0;2;1;A01
201100054798;0;7;0;1;0;2;1;A01
201100054799;0;7;0;4;0;1;17;A01
201100054800;0;7;0;0;2;1;1;A01
201100054800;0;1;0;0;2;8;1;B01
201100054801;0;34;0;0;2;1;3;A01
201100054801;0;7;0;0;2;2;2;B01
201100054802;0;7;0;4;2;8;11;A01
201100054802;0;33;0;0;2;1;3;B01
201100054803;0;7;0;4;0;1;12;A01
201100054804;0;7;0;0;2;4;12;B01
201100054804;0;34;0;0;2;1;3;A01
201100054805;0;7;0;0;2;4;1;A01
201100054805;0;13;0;0;2;1;2;B01
201100054806;0;7;0;3;0;8;1;A01
201100054807;0;7;0;0;2;4;1;B01
201100054807;0;7;0;0;2;4;1;C01
201100054807;0;7;0;0;2;1;1;D01
201100054807;0;7;0;0;2;4;1;A01
201100054808;0;34;0;0;2;1;2;B01
201100054808;0;7;0;0;2;4;1;A01
201100054809;0;10;0;6;0;1;1;A01
201100054810;0;7;0;0;2;6;1;A01
201100054810;0;15;0;0;2;2;12;B01
201100054811;0;33;0;0;2;2;3;B01
201100054811;0;7;0;0;2;8;1;A01
201100054812;0;10;0;0;2;6;23;A01
201100054812;0;7;0;1;2;2;21;B01
201100054813;0;7;0;0;2;1;2;C01
201100054813;0;7;0;0;2;4;1;A01
201100054813;0;7;0;0;2;5;2;B01
201100054814;0;7;0;0;2;4;9;A01
201100054814;0;7;0;0;2;1;2;B01
201100054815;0;3;0;0;2;1;21;A01
201100054815;0;7;0;3;2;1;21;B01
201100054816;0;7;0;0;2;9;13;A01
201100054816;0;7;0;0;2;2;1;B01
201100054817;0;7;0;4;0;3;11;A01
201100054818;0;7;0;4;0;1;1;A01
201100054819;0;7;0;0;2;8;1;B01
201100054819;0;15;0;0;2;1;1;C01
201100054819;0;13;0;4;2;1;6;A01
201100054820;0;10;0;0;2;3;2;B01
201100054820;0;33;0;0;2;5;1;A01
201100054821;0;34;0;0;0;0;1;A01
201100054822;0;7;0;0;2;4;9;A01
201100054822;0;33;0;0;2;1;2;B01
201100054823;0;10;0;0;2;1;2;A01
201100054823;0;7;0;0;2;4;1;B01
201100054824;0;14;0;0;0;6;2;B01
201100054824;0;7;0;4;2;3;13;A01
201100054825;0;7;0;4;0;1;1;A01
201100054826;0;7;0;0;2;6;1;B01
201100054826;0;7;0;0;2;1;1;A01
201100054826;0;7;0;0;2;7;1;C01
201100054827;0;7;0;0;2;4;1;A01
201100054827;0;7;0;0;2;1;1;B01
201100054828;0;7;0;0;2;4;2;B01
201100054828;0;7;0;0;2;4;2;C01
201100054828;0;7;0;0;2;4;2;E01
201100054828;0;7;0;0;2;1;1;A01
201100054828;0;7;0;0;2;4;2;D01
201100054829;0;7;0;0;9;1;1;A01
201100054830;0;7;0;4;0;1;9;A01
201100054831;0;7;0;0;2;1;2;C01
201100054831;0;7;0;0;0;4;1;A01
201100054831;0;10;0;0;2;4;2;B01
201100054832;0;31;0;0;2;7;3;A01
201100054832;0;7;0;0;2;6;11;B01
201100054833;0;33;0;4;2;1;1;A01
201100054833;0;7;0;0;2;4;2;B01
201100054834;0;7;0;0;2;6;11;A01
201100054834;0;33;0;0;2;2;3;B01
201100054835;0;7;0;0;2;1;2;C01
201100054835;0;33;0;0;2;1;2;B01
201100054835;0;7;0;0;2;4;1;A01
201100054836;0;7;0;3;2;1;21;A01
201100054837;0;7;0;0;2;2;14;A01
201100054837;0;14;0;0;2;6;1;B01
201100054838;0;7;0;0;0;0;1;A01
201100054839;0;7;0;0;2;1;1;D01
201100054839;0;7;0;0;2;3;1;C01
201100054839;0;7;0;0;2;5;1;B01
201100054839;0;7;0;0;2;4;1;A01
201100054840;0;7;0;0;9;1;1;A01
201100054841;0;7;0;4;0;3;0;A01
201100054842;0;33;0;0;0;1;2;A01
201100054842;0;10;0;0;0;4;1;B01
201100054843;0;7;0;0;2;1;1;A01
201100054843;0;7;0;0;2;4;2;B01
201100054844;0;33;0;0;2;1;2;A01
201100054844;0;7;0;0;2;4;1;B01
201100054845;0;7;0;0;2;1;2;A01
201100054845;0;7;0;0;0;4;1;C01
201100054845;0;7;0;0;0;4;2;B01
201100054846;0;7;0;0;0;4;16;A01
201100054846;0;7;0;0;2;1;1;B01
201100054846;0;14;0;0;2;4;1;C01
201100054847;0;7;0;0;2;4;1;A01
201100054847;0;33;0;0;2;1;3;B01
201100054848;0;7;0;0;1;6;1;A01
201100054849;0;7;0;4;2;8;1;A01
201100054849;0;15;0;0;2;2;12;B01
201100054850;0;7;0;0;2;4;2;B01
201100054850;0;7;0;0;2;4;1;A01
201100054850;0;10;0;0;2;1;2;C01
201100054851;0;10;0;0;2;6;11;A01
201100054851;0;33;0;0;2;1;3;B01
201100054852;0;33;0;0;2;1;3;B01
201100054852;0;99;0;0;2;4;3;A01
201100054853;0;7;0;0;2;1;1;A01
201100054854;0;7;0;0;2;1;14;B01
201100054854;0;7;0;13;2;6;1;A01
201100054855;0;7;0;0;2;6;11;A01
201100054855;0;33;0;4;2;2;1;B01
201100054856;0;7;0;4;2;6;9;A01
201100054856;0;15;0;0;2;2;1;B01
201100054857;0;17;0;0;0;0;1;A01
201100054858;0;7;0;0;0;2;0;A01
201100054859;0;7;0;0;2;4;2;B01
201100054859;0;7;0;0;2;1;1;A01
201100054860;0;15;0;0;0;2;2;B01
201100054860;0;7;0;0;2;4;1;A01
201100054861;0;33;0;0;2;4;23;A01
201100054861;0;10;0;0;2;1;2;B01
201100054862;0;7;0;0;0;0;0;B01
201100054862;0;7;0;0;0;0;0;A01
201100054863;0;7;0;0;2;8;11;A01
201100054863;0;33;0;0;2;7;1;B01
201100054864;0;7;0;4;0;1;17;A01
201100054865;0;7;0;4;0;9;21;A01
201100054866;0;7;0;0;2;1;2;B01
201100054866;0;7;0;0;2;4;1;A01
201100054867;0;31;0;0;2;1;1;A01
201100054867;1;7;0;0;2;4;2;B01
201100054868;0;7;0;0;2;4;2;C01
201100054868;0;7;0;0;2;4;2;B01
201100054868;0;7;0;0;2;1;1;A01
201100054869;0;7;0;0;0;9;21;A01
201100054870;0;7;0;0;0;4;2;A01
201100054870;0;7;0;0;2;1;2;D01
201100054870;0;7;0;0;2;4;2;C01
201100054870;0;7;0;0;2;4;2;B01
201100054871;0;7;0;0;2;4;1;A01
201100054871;0;7;0;0;2;1;2;B01
201100054872;0;7;0;0;0;8;1;B01
201100054872;0;33;0;0;0;7;1;A01
201100054873;0;34;0;0;2;2;14;A01
201100054873;0;15;0;0;2;3;1;B01
201100054874;0;7;0;0;2;1;13;B01
201100054874;0;33;0;0;2;1;1;A01
201100054875;0;15;0;3;0;7;14;A01
201100054876;0;31;0;0;9;0;0;A01
201100054877;0;7;0;0;2;4;2;A01
201100054877;0;7;0;0;2;1;2;B01
201100054878;0;7;0;0;2;8;13;A01
201100054878;0;33;0;0;2;1;1;B01
201100054879;0;7;0;0;2;4;1;B01
201100054879;0;33;0;0;2;1;1;A01
201100054880;0;33;0;16;0;1;1;A01
201100054881;0;7;0;0;0;1;1;A01
201100054882;0;7;0;4;0;6;1;A01
201100054883;0;7;0;0;2;4;1;B01
201100054883;2;7;0;14;1;1;1;A01
201100054884;0;20;0;0;0;0;0;A01
201100054885;0;7;0;4;0;2;1;A01
201100054886;0;33;0;0;0;0;3;A01
201100054887;0;10;0;0;0;9;0;A01
201100054888;0;33;0;0;2;1;2;B01
201100054888;0;14;0;0;0;4;1;A01
201100054889;0;7;0;0;2;8;1;B01
201100054889;0;7;0;0;2;7;1;A01
201100054889;0;33;0;0;2;8;3;C01
201100054890;0;15;0;0;2;2;12;A01
201100054890;0;7;0;0;2;3;1;B01
201100054891;0;32;0;0;2;8;3;B01
201100054891;0;7;0;0;2;7;12;A01
201100054892;0;7;0;0;2;8;9;A01
201100054892;0;7;0;0;2;7;17;C01
201100054892;0;15;0;0;2;2;1;B01
201100054893;0;10;0;0;0;0;6;B01
201100054893;2;7;0;3;0;3;6;A01
201100054893;0;7;0;0;0;0;0;F02
201100054893;0;7;0;0;0;0;0;E01
201100054893;0;7;0;0;0;0;0;D01
201100054893;0;7;0;0;0;0;6;C01
201100054894;0;33;0;0;2;5;13;B01
201100054894;0;7;0;4;0;1;9;A01
201100054895;0;7;0;0;0;8;11;A01
201100054895;0;32;0;0;2;2;3;B01
201100054896;0;14;0;0;2;4;1;A01
201100054896;0;7;0;0;2;1;2;B01
201100054897;0;31;0;0;2;7;1;A01
201100054897;1;7;0;0;0;0;11;Z01
201100054898;0;99;0;0;2;5;1;A01
201100054898;0;10;0;0;2;1;2;C01
201100054898;0;7;0;0;2;5;2;B01
201100054899;1;7;0;0;2;0;0;Z01
201100054899;0;31;0;0;2;8;1;A01
201100054899;0;7;0;0;2;8;1;B01
201100054900;0;7;0;0;2;4;2;B01
201100054900;0;7;0;0;2;4;1;C01
201100054900;0;7;0;0;2;1;1;A01
201100054901;0;7;0;4;0;1;1;A01
201100054902;0;7;0;0;2;1;1;A01
201100054902;0;7;0;0;0;4;2;B01
201100054903;0;7;0;0;2;4;1;B01
201100054903;0;7;0;0;2;1;2;A01
201100054904;0;7;0;0;0;7;2;B01
201100054904;0;33;0;0;2;8;1;A01
201100054905;0;33;0;0;2;8;0;B01
201100054905;0;33;0;0;2;3;1;A01
201100054906;0;7;0;1;2;1;2;B01
201100054906;0;7;0;0;0;4;1;A01
201100054907;0;32;0;3;2;4;9;A01
201100054907;0;32;0;7;2;4;1;B01
201100054908;0;7;0;3;0;2;14;A01
201100054909;0;10;0;0;6;1;1;A01
201100054910;0;7;0;0;2;8;11;A01
201100054910;0;33;0;0;2;1;3;B01
201100054911;0;33;0;0;0;7;1;A01
201100054912;0;7;0;3;0;1;9;A01
201100054913;0;7;0;0;0;5;1;A01
201100054913;0;33;0;0;2;1;2;B01
201100054914;0;7;0;0;2;3;11;A01
201100054914;0;33;0;0;2;1;3;B01
201100054915;0;33;0;0;0;0;0;A01
201100054915;1;7;0;0;0;0;0;Z01
201100054916;0;7;0;0;2;4;1;A01
201100054916;1;7;0;0;2;1;2;Z01
201100054917;0;33;0;0;2;3;11;A01
201100054917;0;7;0;0;2;5;1;B01
201100054918;0;7;0;0;2;3;11;B01
201100054918;0;7;0;0;0;5;1;A01