num_acc;senc;catv;occutc;obs;obsm;choc;manv;num_veh
201100054919;0;15;0;0;2;2;14;A01
201100054919;0;7;0;1;2;8;1;B01
201100054919;0;10;0;1;2;8;1;C01
201100054919;0;15;0;0;1;8;24;D01
201100054920;0;33;0;0;2;1;13;B01
201100054920;0;7;0;0;2;5;1;A01
201100054921;0;7;0;0;2;4;1;B01
201100054921;0;7;0;0;2;1;2;A01
201100054922;0;7;0;1;0;1;14;B01
201100054922;0;15;0;0;2;4;24;A01
201100054923;0;7;0;0;2;1;2;B01
201100054923;0;7;0;0;2;4;1;A01
201100054924;0;7;0;0;2;1;1;A01
201100054924;0;14;0;0;2;4;2;B01
201100054925;0;7;0;4;0;8;11;A01
201100054926;0;7;0;0;2;4;1;A01
201100054926;0;33;0;0;2;1;2;B01
201100054927;0;33;0;0;2;1;2;B01
201100054927;0;7;0;0;2;6;1;A01
201100054928;0;7;0;0;0;5;1;C01
201100054928;0;15;0;0;0;3;1;A01
201100054928;0;7;0;0;0;1;0;B01
201100054929;0;7;0;0;2;4;1;A01
201100054929;0;7;0;0;2;1;2;B01
201100054930;0;7;0;0;0;4;1;A01
201100054930;0;34;0;0;2;1;2;B01
201100054931;0;7;0;0;2;9;2;C01
201100054931;0;10;0;0;2;1;2;D01
201100054931;0;7;0;0;2;9;2;B01
201100054931;0;7;0;0;2;4;2;A01
201100054932;0;33;0;0;2;7;3;A01
201100054932;0;7;0;0;2;4;11;B01
201100054933;0;7;0;0;2;2;13;A01
201100054933;0;7;0;0;2;3;1;B01
201100054934;0;7;0;0;9;1;1;A01
201100054935;0;7;0;4;0;7;12;A01
201100054936;0;7;0;0;2;8;2;B01
201100054936;0;15;0;0;2;2;12;A01
201100054936;0;7;0;0;2;3;2;C01
201100054937;0;7;0;0;0;5;23;A01
201100054937;0;7;0;0;2;3;2;B01
201100054938;0;7;0;0;0;4;2;B01
201100054938;0;7;0;0;2;1;1;A01
201100054939;1;7;0;0;2;1;1;A01
201100054939;0;7;0;0;2;4;2;B01
201100054940;0;7;0;0;2;8;2;A01
201100054940;0;17;0;0;2;7;12;B01
201100054941;0;7;0;0;2;2;1;A01
201100054941;0;7;0;0;2;6;2;B01
201100054942;0;7;0;0;2;6;1;A01
201100054942;0;15;0;0;2;2;12;B01
201100054943;0;14;0;0;2;4;1;B01
201100054943;0;7;0;0;2;1;2;C01
201100054943;0;7;0;0;2;4;1;A01
201100054944;0;7;0;4;0;6;1;A01
201100054945;0;7;0;0;2;7;12;A01
201100054945;0;33;0;3;2;1;1;B01
201100054946;0;7;0;0;2;2;1;A01
201100054946;0;7;0;0;2;4;2;B01
201100054947;0;7;0;0;2;4;2;B01
201100054947;0;7;0;0;2;1;2;C01
201100054947;0;7;0;0;2;4;1;A01
201100054948;0;33;0;0;0;1;1;A01
201100054949;0;7;0;0;2;2;1;B01
201100054949;1;7;0;0;2;8;11;A01
201100054950;0;7;0;0;2;1;1;A01
201100054950;0;7;0;0;2;4;1;C01
201100054950;0;7;0;0;2;4;1;B01
201100054951;0;7;0;0;2;7;1;A01
201100054951;0;7;0;0;2;3;13;B01
201100054952;0;15;0;0;2;4;2;F02
201100054952;0;7;0;0;2;5;2;D01
201100054952;0;7;0;0;2;1;2;B01
201100054952;0;7;0;0;2;4;2;C01
201100054952;0;7;0;0;2;4;1;A01
201100054952;0;7;0;0;2;4;2;E01
201100054953;0;33;0;0;2;2;3;B01
201100054953;0;7;0;0;2;6;9;A01
201100054954;0;10;0;0;0;2;0;C01
201100054954;0;15;0;0;0;7;0;A01
201100054954;0;7;0;0;0;9;0;B01
201100054955;0;7;0;0;2;6;11;A01
201100054955;0;33;0;0;2;1;3;B01
201100054956;0;10;0;0;2;4;1;C01
201100054956;0;10;0;0;2;4;2;B01
201100054956;0;10;0;0;2;1;2;A01
201100054957;0;7;0;0;2;1;2;B01
201100054957;0;7;0;0;2;4;1;A01
201100054958;0;7;0;0;2;0;1;C01
201100054958;0;34;0;0;0;8;11;B01
201100054958;0;7;0;0;2;7;3;A01
201100054959;0;7;0;0;2;4;1;A01
201100054959;0;7;0;0;2;1;2;B01
201100054960;0;33;0;0;2;3;18;A01
201100054960;0;7;0;0;2;2;12;B01
201100054961;0;10;0;0;2;1;2;C01
201100054961;0;7;0;0;2;4;1;A01
201100054961;0;10;0;0;2;4;2;B01
201100054962;0;7;0;0;2;2;12;A01
201100054962;0;33;0;0;2;8;3;B01
201100054963;0;7;0;4;0;1;17;A01
201100054964;0;7;0;8;0;1;1;A01
201100054965;0;33;0;0;0;0;0;B01
201100054965;0;10;0;0;0;0;0;A01
201100054966;0;15;0;0;2;1;9;C01
201100054966;0;7;0;0;2;8;9;A01
201100054966;0;7;0;0;2;1;2;B01
201100054967;0;33;0;4;0;8;1;A01
201100054968;0;7;0;13;0;9;1;A01
201100054969;0;14;0;0;0;0;1;A01
201100054970;1;7;0;0;2;1;1;Z01
201100054970;0;7;0;0;2;4;1;B01
201100054970;0;7;0;0;2;4;1;A01
201100054971;0;33;0;0;2;3;3;C01
201100054971;0;7;0;0;2;5;1;A01
201100054971;0;7;0;0;2;8;13;B01
201100054972;0;7;0;0;2;1;1;A01
201100054972;0;7;0;0;2;4;2;C01
201100054972;0;7;0;0;2;1;2;B01
201100054973;0;34;0;14;0;1;1;A01
201100054974;0;32;0;0;2;2;3;C01
201100054974;0;10;0;0;2;8;11;B01
201100054974;0;7;0;0;2;7;1;A01
201100054975;0;31;0;0;0;1;1;A01
201100054976;0;7;0;0;2;6;2;B01
201100054976;0;7;0;0;2;1;1;A01
201100054977;0;7;0;0;0;4;2;B01
201100054977;0;32;0;0;2;1;1;A01
201100054978;0;33;0;0;2;8;3;A01
201100054978;0;7;0;0;2;7;12;B01
201100054978;0;7;0;0;2;8;1;C01
201100054979;0;32;0;0;2;1;9;B01
201100054979;0;7;0;0;0;4;1;A01
201100054980;0;7;0;0;0;9;0;A01
201100054981;1;7;0;0;2;7;14;Z01
201100054981;0;7;0;0;2;8;1;A01
201100054982;0;7;0;0;2;7;1;A01
201100054982;0;33;0;0;2;8;3;B01
201100054983;0;7;0;0;2;4;1;A01
201100054983;0;33;0;0;2;1;2;B01
201100054984;0;7;0;0;2;1;1;C01
201100054984;0;7;0;0;2;4;23;B01
201100054984;0;7;0;0;2;4;23;A01
201100054985;0;33;0;0;2;1;2;C01
201100054985;0;7;0;0;2;8;1;A01
201100054985;0;7;0;0;2;6;1;B01
201100054986;0;7;0;0;2;8;1;B01
201100054986;0;7;0;0;2;2;12;A01
201100054987;0;7;0;0;2;1;1;A01
201100054987;0;7;0;0;2;4;2;B01
201100054987;0;7;0;0;2;4;2;D01
201100054987;0;7;0;0;2;4;2;C01
201100054988;0;33;0;0;2;1;3;B01
201100054988;0;7;0;0;2;5;1;A01
201100054989;0;34;0;6;0;3;0;A01
201100054990;0;7;0;0;2;4;2;B01
201100054990;0;7;0;0;2;4;2;C01
201100054990;0;7;0;0;2;4;1;D01
201100054990;0;7;0;0;2;1;2;A01
201100054991;0;33;0;0;0;0;0;A01
201100054992;0;7;0;0;0;1;1;A01
201100054993;0;17;0;0;2;3;1;B01
201100054993;0;7;0;0;2;8;13;A01
201100054994;0;15;0;0;2;1;14;A01
201100054994;0;7;0;0;2;8;1;B01
201100054995;0;7;0;0;2;8;2;C01
201100054995;0;7;0;0;2;4;2;B01
201100054995;0;7;0;0;2;1;1;A01
201100054995;0;7;0;0;2;4;2;D01
201100054996;0;7;0;0;2;4;2;B01
201100054996;0;14;0;0;2;1;2;C01
201100054996;0;7;0;0;2;4;2;A01
201100054997;0;33;0;0;2;1;3;A01
201100054997;0;7;0;0;2;8;1;B01
201100054998;0;7;0;0;2;4;1;A01
201100054998;0;33;0;0;2;1;17;B01
201100054999;0;7;0;4;0;3;13;A01
201100055000;0;33;0;0;0;9;1;A01
201100055001;0;33;0;0;2;4;1;A01
201100055001;1;7;0;0;2;1;2;Z01
201100055002;0;15;0;0;1;5;4;A01
201100055003;0;31;0;0;0;7;1;A01
201100055004;0;33;0;0;0;7;1;A01
201100055005;0;7;0;4;0;1;1;A01
201100055006;0;33;0;4;2;7;1;B01
201100055006;0;7;0;4;2;8;1;A01
201100055007;0;33;0;0;2;3;0;B01
201100055007;0;7;0;0;2;7;12;A01
201100055008;0;33;0;0;0;7;1;A01
201100055009;0;7;0;15;0;9;21;A01
201100055010;0;33;0;0;2;2;3;B01
201100055010;0;7;0;0;2;6;11;A01
201100055011;0;15;0;3;0;1;13;A01
201100055011;0;15;0;0;2;2;0;B01
201100055012;0;7;0;0;2;4;1;A01
201100055012;0;7;0;0;2;1;2;B01
201100055013;0;15;0;0;2;6;0;C01
201100055013;0;7;0;0;2;2;0;B01
201100055013;0;33;0;0;2;3;1;A01
201100055014;0;33;0;0;2;3;3;A01
201100055014;0;7;0;0;0;2;0;B01
201100055014;0;7;0;0;0;3;0;C01
201100055015;0;32;0;0;2;2;9;A01
201100055015;0;7;0;0;2;4;1;B01
201100055016;0;7;0;0;2;8;15;A01
201100055016;0;33;0;0;2;1;18;B01
201100055017;0;7;0;0;2;4;2;B01
201100055017;0;7;0;0;2;1;2;A01
201100055018;0;7;0;1;2;1;2;C01
201100055018;0;7;0;1;2;4;2;B01
201100055018;0;7;0;0;2;4;1;A01
201100055019;0;7;0;0;2;1;2;C01
201100055019;0;7;0;0;2;1;2;B01
201100055019;0;7;0;0;2;1;5;A01
201100055020;0;7;0;3;0;3;1;A01
201100055021;0;10;0;0;2;1;11;A01
201100055021;0;15;0;0;2;6;1;B01
201100055022;0;7;0;0;0;1;1;A01
201100055023;0;15;0;2;2;1;21;C01
201100055023;0;7;0;0;2;4;4;A01
201100055023;0;10;0;0;2;2;21;B01
201100055024;0;33;0;0;2;1;3;A01
201100055024;0;7;0;0;2;5;12;B01
201100055025;0;7;0;0;0;4;1;A01
201100055025;1;7;0;0;2;1;14;Z01
201100055026;0;7;0;0;2;4;1;A01
201100055026;0;7;0;0;2;2;2;B01
201100055027;0;7;0;0;2;1;0;A01
201100055027;0;7;0;0;2;4;2;B01
201100055028;0;7;0;0;2;6;1;B01
201100055028;0;32;0;0;2;7;3;A01
201100055029;0;7;0;0;2;4;2;B01
201100055029;0;7;0;0;2;4;1;A01
201100055029;0;7;0;0;2;1;2;C01
201100055030;0;10;0;0;2;4;2;C01
201100055030;0;10;0;0;2;4;2;B01
201100055030;0;10;0;0;2;1;1;A01
201100055031;0;33;0;0;2;8;1;A01
201100055031;0;7;0;0;2;7;12;B01
201100055032;0;10;0;0;2;3;2;B01
201100055032;0;10;0;0;2;5;1;A01
201100055033;0;33;0;0;0;1;1;A01
201100055034;0;33;0;0;2;3;3;A01
201100055034;0;7;0;0;2;5;12;B01
201100055035;0;33;0;0;2;3;3;B01
201100055035;0;7;0;0;2;5;12;A01
201100055036;0;14;0;13;0;8;13;A01
201100055037;0;7;0;0;2;5;2;A01
201100055037;0;33;0;0;2;1;3;B01
201100055038;0;7;0;4;2;8;11;B01
201100055038;0;13;0;0;2;1;1;A01
201100055039;0;7;0;0;2;6;11;A01
201100055039;0;34;0;0;2;1;3;B01
201100055040;0;7;0;0;2;2;14;A01
201100055040;0;15;0;0;2;3;2;B01
201100055041;0;7;0;0;0;4;2;A01
201100055041;0;7;0;0;2;1;2;C01
201100055041;0;7;0;0;2;1;2;B01
201100055042;0;33;0;0;0;7;1;A01
201100055043;0;7;0;0;2;1;1;A01
201100055043;0;7;0;0;2;4;2;B01
201100055044;0;7;0;4;0;1;1;A01
201100055045;0;7;0;0;2;8;1;B01
201100055045;0;7;0;0;2;7;14;A01
201100055046;0;7;0;0;2;1;2;A01
201100055046;0;7;0;0;2;4;2;C01
201100055046;0;7;0;0;2;4;2;B01
201100055047;0;7;0;0;2;4;1;A01
201100055047;0;7;0;0;2;1;2;B01
201100055048;0;7;0;0;2;2;2;B01
201100055048;1;15;0;0;2;1;2;Z01
201100055048;0;7;0;0;2;4;1;A01
201100055049;0;7;0;3;0;3;1;A01
201100055050;0;7;0;0;0;0;0;A01
201100055051;0;7;0;0;2;1;1;B01
201100055051;0;7;0;0;2;3;5;A01
201100055052;0;7;0;3;0;8;0;A01
201100055053;0;15;0;4;0;3;1;A01
201100055054;0;33;0;0;0;3;1;A01
201100055055;0;7;0;0;2;4;1;A01
201100055055;0;33;0;0;0;1;12;C01
201100055055;0;34;0;1;2;1;1;B01
201100055055;0;7;0;0;2;1;1;D01
201100055056;0;7;0;0;2;8;11;A01
201100055056;0;33;0;0;2;2;3;C01
201100055056;0;33;0;0;2;7;3;B01
201100055057;0;7;0;0;2;3;13;A01
201100055057;0;7;0;0;2;3;1;B01
201100055058;0;7;0;0;2;4;2;C01
201100055058;0;7;0;0;2;4;2;D01
201100055058;0;7;0;0;2;1;2;A01
201100055058;0;7;0;0;2;4;2;B01
201100055059;0;7;0;0;2;3;17;A01
201100055059;0;7;0;0;2;8;21;B01
201100055060;0;17;0;6;0;0;1;A01
201100055061;0;7;0;0;2;7;12;A01
201100055061;0;33;0;0;2;8;1;B01
201100055062;0;7;0;3;0;1;1;A01
201100055063;0;33;0;0;2;8;13;A01
201100055063;1;15;0;0;2;8;1;Z01
201100055064;0;33;0;0;2;1;2;B01
201100055064;0;7;0;0;2;5;1;A01
201100055065;0;7;0;4;0;1;1;A01
201100055066;0;33;0;0;2;2;1;B01
201100055066;0;7;0;0;2;6;11;A01
201100055067;0;10;0;0;2;5;1;A01
201100055067;0;33;0;0;2;1;1;B01
201100055068;0;31;0;0;0;0;1;A01
201100055069;0;7;0;0;2;1;2;C01
201100055069;0;7;0;0;2;4;2;A01
201100055069;0;7;0;0;2;4;2;B01
201100055070;0;7;0;0;2;6;9;B01
201100055070;0;15;0;0;2;2;1;A01
201100055071;0;7;0;0;2;4;2;B01
201100055071;0;10;0;0;2;1;2;A01
201100055072;0;34;0;0;2;3;3;B01
201100055072;0;7;0;0;2;7;1;A01
201100055073;0;7;0;0;0;4;2;A01
201100055073;0;7;0;0;2;4;2;B01
201100055073;0;7;0;0;2;1;2;C01
201100055074;0;7;0;0;0;4;1;A01
201100055074;0;10;0;0;2;4;1;B01
201100055074;0;10;0;0;2;4;1;C01
201100055074;0;7;0;0;2;4;1;D01
201100055074;0;7;0;0;2;4;1;E01
201100055074;0;7;0;0;2;1;2;F02
201100055075;0;7;0;0;0;0;1;A01
201100055076;0;10;0;0;0;1;0;B01
201100055076;0;37;4;0;2;7;1;A01
201100055077;0;7;0;0;0;8;1;A01
201100055077;0;7;0;0;2;7;14;B01
201100055078;0;7;0;0;0;5;2;C01
201100055078;0;7;0;0;2;4;1;B01
201100055078;0;7;0;0;2;1;1;A01
201100055079;0;7;0;0;2;4;1;A01
201100055079;0;7;0;0;2;1;2;C01
201100055079;0;7;0;0;2;4;2;B01
201100055080;0;7;0;0;2;7;12;A01
201100055080;0;34;0;0;2;8;2;B01
201100055081;0;33;0;0;0;0;1;A01
201100055082;0;34;0;0;2;1;2;B01
201100055082;0;7;0;0;2;4;1;A01
201100055083;0;7;0;0;2;4;1;B01
201100055083;0;33;0;0;2;1;14;A01
201100055084;0;33;0;0;2;1;1;B01
201100055084;0;7;0;0;2;5;14;A01
201100055085;0;7;0;4;0;3;13;A01
201100055086;0;7;0;3;2;7;1;B01
201100055086;0;17;0;0;2;3;11;A01
201100055087;0;34;0;0;2;1;2;A01
201100055087;0;7;0;0;0;4;1;B01
201100055088;0;7;0;3;0;1;0;A01
201100055089;0;32;0;0;2;8;3;A01
201100055089;0;7;0;0;2;7;1;B01
201100055090;0;15;0;0;2;8;1;A01
201100055090;0;7;0;0;2;5;14;B01
201100055090;0;7;0;0;2;1;2;C01
201100055090;0;7;0;0;2;6;1;D01
201100055091;0;7;0;0;2;4;1;A01
201100055091;1;14;0;0;2;1;2;B01
201100055092;0;34;0;0;2;1;2;B01
201100055092;0;7;0;0;2;4;1;A01
201100055093;0;99;0;1;0;1;1;B01
201100055093;0;7;0;0;2;5;24;A01
201100055094;0;33;0;12;0;2;1;A01
201100055095;0;7;0;4;0;2;1;A01
201100055096;0;7;0;0;2;4;1;A01
201100055096;0;7;0;0;2;1;2;B01
201100055096;0;7;0;0;2;3;21;C01
201100055097;0;7;0;0;0;1;1;A01
201100055098;0;10;0;4;0;2;1;A01
201100055099;0;33;0;3;0;1;11;A01
201100055100;0;15;0;0;0;8;1;A01
201100055101;0;34;0;0;2;2;1;A01
201100055101;0;7;0;0;2;3;11;B01
201100055102;0;7;0;3;0;7;1;A01
201100055103;0;33;0;0;2;1;3;B01
201100055103;0;7;0;0;2;6;1;A01
201100055104;0;7;0;0;0;6;2;B01
201100055104;0;33;0;0;0;1;2;A01
201100055105;0;33;0;0;2;1;5;B01
201100055105;0;7;0;0;2;1;1;A01
201100055106;0;7;0;4;0;2;1;A01
201100055107;0;7;0;13;0;8;1;A01
201100055108;0;15;0;0;0;0;1;A01
201100055109;0;15;0;0;2;4;2;B01
201100055109;0;7;0;0;2;1;1;A01
201100055110;0;7;0;0;2;0;0;B01
201100055110;0;7;0;0;2;0;0;A01
201100055111;0;7;0;0;2;1;2;A01
201100055111;0;7;0;0;2;4;1;B01
201100055112;0;15;0;0;2;2;1;A01
201100055112;0;7;0;0;2;3;13;B01
201100055113;0;7;0;4;0;1;16;A01
201100055114;0;34;0;0;2;8;3;A01
201100055114;0;7;0;0;2;5;12;B01
201100055115;0;7;0;0;2;1;1;A01
201100055115;0;7;0;0;2;2;2;B01
201100055116;0;7;0;0;1;2;21;A01
201100055117;0;7;0;0;2;4;1;A01
201100055117;0;7;0;0;2;1;2;B01
201100055118;0;7;0;0;0;1;0;A01
201100055119;0;7;0;0;2;4;2;B01
201100055119;0;7;0;0;2;1;1;A01
201100055120;0;7;0;0;0;4;1;C01
201100055120;0;7;0;0;2;1;2;A01
201100055120;0;7;0;0;0;4;2;B01
201100055121;0;7;0;0;2;4;1;A01
201100055121;0;7;0;0;2;1;2;B01
201100055122;0;7;0;0;2;8;1;C01
201100055122;0;15;0;0;2;2;13;A01
201100055122;0;7;0;0;2;8;1;B01
201100055123;0;33;0;0;2;8;10;B01
201100055123;0;33;0;0;2;1;1;A01
201100055124;0;7;0;0;2;1;2;A01
201100055124;2;7;0;0;0;4;1;B01
201100055125;0;7;0;0;2;2;3;A01
201100055125;0;7;0;0;2;4;0;B01
201100055126;0;31;0;16;0;0;1;A01
201100055127;0;7;0;4;2;4;1;A01
201100055127;0;7;0;0;2;1;2;C01
201100055127;0;14;0;4;2;8;1;B01
201100055128;0;31;0;0;2;1;1;B01
201100055128;0;7;0;0;2;4;13;A01
201100055129;0;7;0;4;2;8;1;A01
201100055129;0;15;0;0;2;2;18;B01
201100055130;0;7;0;4;0;0;1;A01
201100055131;0;7;0;4;0;3;1;A01
201100055132;0;7;0;0;2;1;2;C01
201100055132;0;7;0;0;2;4;2;B01
201100055132;0;7;0;0;0;4;2;A01
201100055133;0;7;0;0;2;4;23;B01
201100055133;0;7;0;0;2;1;1;E01
201100055133;0;7;0;0;2;4;23;D01
201100055133;0;7;0;0;2;4;23;C01
201100055133;0;7;0;0;2;4;23;A01
201100055134;0;7;0;0;2;7;21;A01
201100055134;0;7;0;0;2;8;9;B01
201100055135;0;7;0;6;0;1;1;A01
201100055136;0;17;0;0;2;2;12;A01
201100055136;0;7;0;0;2;1;2;C01
201100055136;0;7;0;0;2;6;11;B01
201100055137;0;7;0;0;2;8;2;C01
201100055137;0;7;0;0;2;8;1;B01
201100055137;0;15;0;0;2;2;12;A01
201100055138;0;7;0;0;2;4;2;B01
201100055138;0;10;0;0;2;1;2;C01
201100055138;0;10;0;0;2;4;1;A01
201100055139;0;17;0;5;0;2;14;A01
201100055140;0;33;0;0;2;1;0;B01
201100055140;0;7;0;0;2;8;0;A01
201100055141;0;7;0;4;0;3;12;A01
201100055142;0;7;0;0;2;4;23;A01
201100055142;0;7;0;0;2;1;2;B01
201100055143;0;7;0;0;0;8;1;A01
201100055143;0;15;0;0;2;7;12;B01
201100055144;0;7;0;0;2;2;14;B01
201100055144;0;7;0;0;2;6;1;A01
201100055145;0;33;0;0;2;6;1;B01
201100055145;0;7;0;0;2;7;14;A01
201100055146;0;7;0;3;0;1;1;A01
201100055147;0;7;0;0;2;4;2;C01
201100055147;0;7;0;0;2;1;0;A01
201100055147;0;7;0;0;2;4;2;B01
201100055148;0;33;0;3;2;5;1;A01
201100055148;1;7;0;0;2;1;0;Z01
201100055149;0;7;0;4;0;1;1;A01
201100055150;0;7;0;3;0;1;14;A01
201100055151;0;7;0;0;2;1;1;B01
201100055151;0;7;0;0;2;3;13;A01
201100055152;0;31;0;0;2;3;3;A01
201100055152;0;7;0;0;9;0;2;B01
201100055153;0;7;0;0;2;4;1;A01
201100055153;0;33;0;0;2;1;3;C01
201100055153;0;7;0;0;2;8;11;B01
201100055154;0;7;0;13;0;3;1;A01
201100055155;0;7;0;0;2;8;2;B01
201100055155;0;33;0;0;2;1;3;C01
201100055155;0;7;0;0;2;4;1;A01
201100055156;0;7;0;0;2;1;2;B01
201100055156;0;7;0;0;2;4;1;A01
201100055157;0;33;0;0;0;7;18;A01
201100055158;0;7;0;3;0;1;0;A01
201100055158;0;7;0;0;2;1;2;B01
201100055158;0;7;0;0;2;1;2;C01
201100055158;0;7;0;0;2;3;2;D01
201100055159;0;7;0;0;0;4;1;A01
201100055159;0;7;0;0;2;1;2;B01
201100055160;0;7;0;0;2;5;2;B01
201100055160;0;33;0;0;2;5;12;A01
201100055161;0;33;0;0;2;8;3;B01
201100055161;0;7;0;0;2;7;12;A01
201100055162;0;7;0;0;2;4;2;C01
201100055162;0;7;0;0;2;1;1;A01
201100055162;0;7;0;0;2;4;2;B01
201100055163;0;7;0;0;2;1;2;A01
201100055163;0;14;0;0;0;4;1;B01
201100055164;0;10;0;0;2;1;2;B01
201100055164;0;7;0;0;2;4;1;A01
201100055165;0;7;0;0;2;5;1;B01
201100055165;0;34;0;0;2;1;12;A01
201100055166;0;7;0;4;0;1;1;A01
201100055167;0;7;0;4;0;1;0;A01
201100055168;0;7;0;0;2;0;1;A01
201100055169;0;7;0;0;2;1;2;D01
201100055169;0;7;0;0;0;4;2;A01
201100055169;0;7;0;0;2;1;2;C01
201100055169;0;7;0;0;0;1;2;B01
201100055170;0;7;0;0;2;2;12;A01
201100055170;0;33;0;0;2;6;3;B01
201100055171;0;7;0;0;2;8;13;A01
201100055171;0;7;0;0;2;6;1;B01
201100055172;0;17;0;0;2;4;13;B01
201100055172;0;7;0;0;2;1;1;A01
201100055173;0;31;0;0;0;0;1;A01
201100055174;0;7;0;0;2;1;2;A01
201100055174;0;7;0;0;0;4;2;B01
201100055174;0;7;0;0;0;4;2;C01
201100055174;0;7;0;0;0;4;2;D01
201100055175;0;7;0;0;2;1;13;A01
201100055175;0;7;0;0;2;1;1;B01
201100055176;0;7;0;0;2;4;2;B01
201100055176;0;7;0;0;2;1;2;C01
201100055176;0;7;0;0;2;4;1;A01
201100055177;0;33;0;0;2;8;3;B01
201100055177;0;7;0;0;2;7;1;A01
201100055178;0;30;0;13;0;7;14;A01
201100055179;0;7;0;4;0;3;1;A01
201100055180;0;10;0;4;0;1;13;A01
201100055181;0;7;0;0;0;1;14;A01
201100055182;0;7;0;0;0;4;1;A01
201100055182;0;7;0;0;0;4;2;B01
201100055182;0;7;0;0;2;1;2;C01
201100055182;0;10;0;0;0;4;2;D01
201100055183;0;7;0;0;2;4;1;A01
201100055183;0;7;0;0;2;4;1;E01
201100055183;0;7;0;0;2;4;1;D01
201100055183;0;7;0;0;2;1;1;F02
201100055183;0;7;0;0;2;4;1;B01
201100055183;0;7;0;0;2;4;1;C01
201100055184;0;7;0;1;0;1;14;A01
201100055184;0;7;0;0;2;6;24;B01
201100055185;0;7;0;0;2;3;1;B01
201100055185;0;7;0;0;2;4;1;A01
201100055186;0;10;0;0;2;4;1;A01
201100055186;0;7;0;0;2;4;2;B01
201100055186;0;10;0;0;2;1;2;C01
201100055187;0;31;0;4;2;6;1;A01
201100055187;0;33;0;0;2;1;2;B01
201100055188;0;7;0;2;0;1;0;A01
201100055189;0;7;0;0;2;4;1;B01
201100055189;0;33;0;0;2;1;3;A01
201100055189;0;7;0;0;2;5;1;C01
201100055190;0;33;0;0;0;0;3;A01
201100055191;0;7;0;0;2;5;12;A01
201100055191;0;33;0;0;2;3;1;B01
201100055192;0;7;0;0;0;4;12;A01
201100055192;0;7;0;0;2;1;1;B01
201100055192;0;10;0;0;0;1;1;C01
201100055193;0;7;0;0;2;6;1;A01
201100055193;0;14;0;0;2;2;12;B01
201100055194;0;7;0;0;2;1;2;B01
201100055194;0;7;0;0;2;4;1;A01
201100055195;0;7;0;4;0;3;1;A01
201100055196;0;7;0;0;2;3;11;A01
201100055196;0;33;0;0;2;1;3;B01
201100055196;0;7;0;0;2;5;2;C01
201100055197;0;33;0;0;2;7;3;B01
201100055197;0;10;0;0;2;8;11;A01
201100055198;0;7;0;0;2;4;2;B01
201100055198;0;7;0;0;2;4;2;C01
201100055198;0;7;0;0;2;1;1;A01
201100055199;1;7;0;0;2;0;0;Z01
201100055199;0;33;0;0;2;7;3;A01
201100055200;0;7;0;3;0;2;2;A01
201100055201;0;7;0;3;0;1;1;A01
201100055202;0;7;0;4;0;2;0;A01
201100055203;0;7;0;4;0;3;1;A01
201100055204;0;7;0;4;0;1;0;A01
201100055205;0;7;0;0;2;5;1;B01
201100055205;0;33;0;0;2;3;21;A01
201100055206;0;33;0;0;2;1;3;A01
201100055206;0;7;0;0;0;5;12;B01
201100055207;0;7;0;0;2;3;1;B01
201100055207;0;10;0;0;2;1;1;C01
201100055207;0;33;0;0;2;1;3;A01
201100055208;0;31;0;0;0;3;1;A01
201100055209;0;7;0;0;2;4;2;D01
201100055209;0;7;0;0;2;4;2;C01
201100055209;0;7;0;0;2;1;1;A01
201100055209;0;7;0;0;2;4;2;B01
201100055210;0;14;0;0;2;2;1;A01
201100055210;0;7;0;0;2;5;9;B01
201100055211;0;7;0;0;2;2;14;B01
201100055211;0;7;0;0;2;4;1;A01
201100055211;0;34;0;0;2;4;3;C01
201100055212;0;7;0;0;2;1;2;B01
201100055212;0;7;0;0;2;4;23;A01
201100055213;0;99;0;0;2;2;14;A01
201100055213;0;31;0;0;2;8;3;B01
201100055214;0;10;0;0;0;1;6;A01
201100055215;0;10;0;0;2;7;12;A01
201100055215;0;33;0;0;2;8;3;B01
201100055216;0;7;0;0;2;1;2;A01
201100055216;0;7;0;0;0;4;1;B01
201100055216;0;7;0;0;0;4;1;C01
201100055217;0;7;0;0;2;8;13;A01
201100055217;0;7;0;4;2;5;1;B01
201100055218;0;7;0;0;2;7;12;A01
201100055218;0;31;0;0;2;8;3;B01
201100055219;0;33;0;0;2;3;3;A01
201100055219;0;7;0;0;0;5;12;B01
201100055220;0;33;0;12;0;1;1;A01
201100055221;0;7;0;0;2;2;2;B01
201100055221;0;7;0;0;2;6;1;A01
201100055222;0;7;0;3;0;3;1;A01
201100055223;0;7;0;0;2;6;23;A01
201100055223;0;15;0;0;2;2;1;B01
201100055224;0;7;0;0;2;6;17;A01
201100055224;0;31;0;0;2;2;3;B01
201100055225;0;7;0;0;2;2;1;A01
201100055225;0;33;0;0;2;3;2;B01
201100055226;0;7;0;0;2;7;12;A01
201100055226;0;33;0;0;2;8;1;B01
201100055227;0;7;0;0;2;2;12;A01
201100055227;0;34;0;0;2;3;1;B01
201100055228;0;33;0;0;0;3;1;A01
201100055229;0;7;0;0;2;1;1;D01
201100055229;0;7;0;0;2;4;1;B01
201100055229;0;7;0;0;2;4;1;A01
201100055229;0;7;0;0;2;4;1;C01
201100055230;0;7;0;0;2;4;1;A01
201100055230;2;7;0;0;2;1;2;B01
201100055231;0;7;0;0;2;1;0;A01
201100055231;0;7;0;0;0;3;0;B01