num_acc;senc;catv;occutc;obs;obsm;choc;manv;num_veh
201100055232;0;7;0;3;0;1;1;A01
201100055233;0;7;0;4;0;1;1;A01
201100055234;0;7;0;4;0;9;1;A01
201100055235;0;7;0;2;0;1;13;A01
201100055236;0;7;0;0;2;1;2;A01
201100055236;0;7;0;0;2;4;1;B01
201100055237;0;7;0;4;0;1;12;A01
201100055238;0;7;0;0;2;2;1;B01
201100055238;0;7;0;0;2;6;9;A01
201100055239;0;7;0;0;2;1;2;D01
201100055239;0;7;0;0;2;4;2;C01
201100055239;0;7;0;0;2;4;2;B01
201100055239;0;7;0;0;2;4;1;A01
201100055240;0;7;0;1;0;5;2;B01
201100055240;0;33;0;0;2;3;2;A01
201100055241;0;31;0;0;2;1;1;A01
201100055242;0;7;0;0;2;8;11;A01
201100055242;0;33;0;0;2;1;3;B01
201100055243;0;33;0;0;2;1;3;A01
201100055243;0;7;0;0;2;4;1;B01
201100055244;0;10;0;0;2;5;1;A01
201100055244;0;33;0;0;2;3;12;B01
201100055245;0;7;0;0;2;4;2;D01
201100055245;0;10;0;0;2;4;2;C01
201100055245;0;7;0;0;2;4;2;B01
201100055245;0;15;0;0;2;3;1;A01
201100055246;0;7;0;3;0;3;9;A01
201100055247;0;33;0;4;0;3;1;A01
201100055248;0;7;0;0;2;4;1;A01
201100055248;0;7;0;0;2;4;2;B01
201100055248;0;7;0;0;2;1;2;C01
201100055248;0;7;0;0;2;4;2;D01
201100055248;0;10;0;0;2;1;2;E01
201100055249;0;7;0;0;2;8;11;C01
201100055249;0;10;0;1;2;5;1;A01
201100055249;0;33;0;0;2;7;2;B01
201100055250;0;7;0;0;2;1;2;B01
201100055250;0;7;0;0;2;4;1;A01
201100055251;0;33;0;0;2;2;3;A01
201100055251;0;7;0;0;2;8;11;B01
201100055252;0;7;0;0;0;7;12;A01
201100055252;0;34;0;0;0;8;3;B01
201100055253;0;33;0;0;0;2;3;A01
201100055253;0;7;0;0;0;3;11;B01
201100055254;0;7;0;0;2;1;14;B01
201100055254;0;7;0;0;2;6;1;A01
201100055255;0;7;0;0;2;6;1;B01
201100055255;0;7;0;0;2;5;1;A01
201100055255;0;7;0;0;2;1;1;C01
201100055256;0;7;0;0;2;1;1;A01
201100055256;0;7;0;0;2;4;2;B01
201100055256;0;7;0;0;2;4;2;C01
201100055256;0;7;0;0;2;4;2;D01
201100055257;0;15;0;0;2;1;1;A01
201100055257;0;15;0;0;0;4;1;B01
201100055258;0;7;0;0;2;1;1;A01
201100055258;0;7;0;0;2;2;1;B01
201100055259;0;7;0;0;2;3;11;A01
201100055259;0;32;0;0;2;2;17;B01
201100055260;0;38;25;0;2;2;1;A01
201100055260;0;7;0;0;2;6;11;B01
201100055261;0;33;0;0;2;2;17;A01
201100055261;0;7;0;0;2;8;13;B01
201100055262;0;33;0;0;2;8;3;A01
201100055263;0;7;0;0;2;5;11;A01
201100055263;0;33;0;0;2;1;3;C01
201100055263;0;7;0;0;2;6;1;B01
201100055264;0;7;0;0;2;1;1;G02
201100055264;0;10;0;0;2;4;1;A01
201100055264;0;7;0;0;2;8;1;D01
201100055264;0;7;0;0;2;1;1;F02
201100055264;0;7;0;0;2;4;1;C01
201100055264;0;7;0;0;2;1;1;B01
201100055264;0;7;0;0;0;0;0;E01
201100055264;0;7;0;0;2;4;1;H02
201100055264;0;7;0;0;2;3;1;I02
201100055265;0;33;0;0;2;1;3;A01
201100055265;0;10;0;0;0;3;1;B01
201100055266;0;7;0;0;2;5;1;A01
201100055266;0;7;0;0;2;2;1;B01
201100055267;0;33;0;0;0;0;1;A01
201100055268;0;10;0;0;2;2;12;C01
201100055268;0;33;0;0;2;1;3;B01
201100055268;0;33;0;0;2;1;3;A01
201100055269;0;7;0;0;2;4;2;B01
201100055269;0;7;0;0;2;1;14;A01
201100055270;0;7;0;0;2;4;2;A01
201100055270;0;7;0;0;2;1;2;C01
201100055270;0;7;0;0;2;4;2;B01
201100055271;0;7;0;4;0;1;2;A01
201100055271;0;7;0;4;1;1;0;B01
201100055272;0;15;0;3;0;3;1;A01
201100055273;0;15;0;0;0;2;1;A01
201100055273;0;7;0;0;2;3;13;B01
201100055274;0;33;0;0;2;2;1;A01
201100055274;0;7;0;0;2;6;11;B01
201100055275;0;14;0;0;2;1;1;A01
201100055275;0;7;0;0;2;1;5;B01
201100055276;0;7;0;0;0;6;1;A01
201100055276;0;34;0;0;0;2;3;B01
201100055277;0;7;0;0;2;4;2;E01
201100055277;0;7;0;0;2;4;2;D01
201100055277;0;7;0;0;2;4;2;C01
201100055277;0;99;0;0;2;1;1;A01
201100055278;0;7;0;0;2;4;1;A01
201100055278;0;7;0;0;2;1;2;B01
201100055279;0;7;0;0;2;5;12;B01
201100055279;0;33;0;0;2;2;3;A01
201100055280;0;7;0;0;2;8;1;A01
201100055280;0;7;0;0;2;7;12;B01
201100055281;0;7;0;0;2;4;1;B01
201100055281;0;7;0;0;2;4;1;D01
201100055281;0;7;0;0;2;4;1;C01
201100055281;0;15;0;0;2;1;1;A01
201100055282;0;10;0;0;2;1;1;B01
201100055282;0;33;0;0;5;7;1;A01
201100055283;0;7;0;0;2;1;2;C01
201100055283;0;7;0;0;2;4;1;A01
201100055283;0;99;0;0;2;1;2;B01
201100055284;0;7;0;0;2;1;1;A01
201100055284;0;7;0;0;2;4;2;B01
201100055284;0;7;0;0;2;4;2;C01
201100055285;0;7;0;0;0;3;1;A01
201100055286;0;33;0;0;2;1;1;A01
201100055286;0;7;0;0;2;4;2;B01
201100055287;0;7;0;4;2;6;1;A01
201100055287;0;15;0;0;2;2;12;B01
201100055288;0;34;0;0;2;8;1;A01
201100055288;0;7;0;0;2;7;12;B01
201100055289;0;7;0;0;2;4;1;A01
201100055289;0;7;0;0;2;4;2;B01
201100055289;0;7;0;0;2;1;2;D01
201100055289;0;7;0;0;2;4;2;C01
201100055290;0;7;0;0;2;2;1;A01
201100055290;0;33;0;0;2;1;3;C01
201100055290;0;7;0;0;2;3;1;B01
201100055291;0;7;0;0;2;4;1;D01
201100055291;0;7;0;0;1;4;1;E01
201100055291;0;7;0;0;2;1;1;B01
201100055291;0;7;0;0;2;1;1;C01
201100055291;0;7;0;0;2;1;1;A01
201100055292;0;33;0;0;2;2;1;A01
201100055292;1;10;0;0;2;6;11;Z01
201100055293;0;7;0;4;0;5;12;A01
201100055294;0;10;0;0;2;1;1;A01
201100055294;0;15;0;0;2;8;1;C01
201100055294;0;15;0;0;2;5;2;B01
201100055295;0;7;0;0;2;2;12;B01
201100055295;0;7;0;0;2;4;1;C01
201100055295;0;33;0;0;2;3;3;A01
201100055296;0;7;0;0;2;4;9;A01
201100055296;0;7;0;0;2;1;9;B01
201100055297;0;7;0;0;0;3;13;A01
201100055298;0;33;0;0;0;1;1;A01
201100055299;0;32;0;0;0;2;1;A01
201100055300;0;10;0;4;2;5;23;A01
201100055300;0;7;0;0;2;1;2;B01
201100055301;0;34;0;0;0;8;2;A01
201100055302;0;7;0;3;0;1;21;A01
201100055303;0;32;0;0;2;0;0;A01
201100055303;1;7;0;0;0;0;0;Z01
201100055304;0;10;0;4;0;1;21;A01
201100055305;0;7;0;0;2;1;2;B01
201100055305;0;13;0;0;2;1;2;C01
201100055305;0;7;0;0;2;0;0;A01
201100055306;0;7;0;3;0;3;1;A01
201100055307;0;7;0;0;2;5;1;A01
201100055307;0;7;0;0;2;1;2;B01
201100055308;0;7;0;3;0;2;1;A01
201100055309;0;33;0;0;2;1;3;C01
201100055309;0;7;0;0;2;8;1;A01
201100055309;0;7;0;0;2;4;1;B01
201100055310;0;7;0;0;2;3;1;A01
201100055310;0;17;0;0;2;2;12;B01
201100055311;0;7;0;0;2;7;3;B01
201100055311;0;7;0;0;2;8;11;A01
201100055312;0;31;0;0;2;1;2;A01
201100055312;0;10;0;0;2;6;1;B01
201100055313;0;32;0;0;2;4;3;B01
201100055313;0;33;0;0;2;1;3;A01
201100055313;0;10;0;0;2;6;1;D01
201100055313;0;10;0;0;2;5;2;C01
201100055314;0;33;0;0;0;3;1;A01
201100055315;1;7;0;0;2;0;0;Z01
201100055315;0;7;0;0;2;8;1;A01
201100055316;0;33;0;0;2;1;3;A01
201100055316;0;7;0;0;2;5;12;B01
201100055317;0;33;0;0;2;1;1;A01
201100055317;0;7;0;0;2;4;2;B01
201100055318;0;33;0;16;0;0;1;A01
201100055319;0;7;0;0;2;7;12;B01
201100055319;0;33;0;0;2;3;3;A01
201100055320;0;7;0;1;2;8;12;A01
201100055320;0;34;0;0;2;3;1;B01
201100055321;0;7;0;0;2;7;12;B01
201100055321;0;33;0;0;2;8;3;A01
201100055322;0;7;0;0;2;1;1;A01
201100055322;0;7;0;0;2;4;1;B01
201100055323;0;7;0;0;2;4;2;A01
201100055323;0;7;0;0;2;4;2;B01
201100055323;0;10;0;0;2;1;2;C01
201100055324;0;33;0;0;2;2;3;A01
201100055324;0;7;0;0;2;6;11;B01
201100055325;0;7;0;0;1;2;1;A01
201100055326;0;15;0;0;0;0;1;A01
201100055327;0;34;0;0;0;1;3;A01
201100055328;0;34;0;0;2;7;3;A01
201100055328;0;7;0;0;2;2;13;B01
201100055328;0;7;0;0;2;4;23;C01
201100055329;0;7;0;0;0;6;2;A01
201100055329;0;7;0;0;0;2;12;B01
201100055330;0;7;0;0;2;5;2;B01
201100055330;0;33;0;0;2;1;3;A01
201100055331;0;10;0;0;2;4;2;B01
201100055331;0;7;0;0;2;1;1;A01
201100055332;0;7;0;0;2;6;11;A01
201100055332;0;33;0;0;2;7;3;B01
201100055333;0;10;0;0;2;4;1;A01
201100055333;0;10;0;0;2;4;2;B01
201100055333;0;10;0;0;2;4;2;C01
201100055333;0;7;0;0;2;1;2;D01
201100055334;0;10;0;0;2;1;1;A01
201100055334;0;7;0;0;2;4;2;B01
201100055335;0;15;0;0;2;1;2;A01
201100055335;0;10;0;0;2;4;2;B01
201100055336;0;34;0;0;0;7;1;A01
201100055337;0;33;0;0;0;1;1;A01
201100055338;0;7;0;0;2;4;1;B01
201100055338;2;7;0;0;2;1;1;A01
201100055339;0;7;0;0;2;1;1;B01
201100055339;0;7;0;3;2;8;1;A01
201100055340;0;7;0;4;0;1;1;A01
201100055341;0;7;0;0;0;5;2;B01
201100055341;0;15;0;0;0;8;2;C01
201100055341;0;7;0;0;0;0;2;T01
201100055341;0;33;0;1;2;3;3;A01
201100055342;0;15;0;0;2;2;12;A01
201100055342;0;7;0;13;2;3;9;B01
201100055343;0;31;0;0;0;8;3;A01
201100055343;0;7;0;0;0;0;13;B01
201100055344;0;7;0;0;0;0;0;B01
201100055344;0;31;0;14;9;8;0;A01
201100055345;0;14;0;0;2;3;14;B01
201100055345;0;17;0;0;2;6;1;A01
201100055346;0;7;0;3;0;2;14;A01
201100055347;0;32;0;0;0;2;3;A01
201100055348;0;33;0;0;2;1;1;A01
201100055348;0;7;0;0;2;5;0;B01
201100055349;0;7;0;0;9;3;21;B01
201100055349;0;15;0;3;0;1;1;A01
201100055350;0;30;0;0;2;4;2;B01
201100055350;0;15;0;0;2;1;1;A01
201100055351;0;31;0;0;2;1;1;B01
201100055351;0;7;0;0;2;6;11;A01
201100055352;0;7;0;0;0;4;2;B01
201100055352;0;7;0;0;2;1;1;A01
201100055353;0;33;0;0;2;7;1;A01
201100055353;0;7;0;0;2;8;11;B01
201100055354;0;7;0;14;0;1;0;A01
201100055355;0;7;0;3;0;3;6;A01
201100055356;0;7;0;0;2;2;2;C01
201100055356;0;33;0;0;2;1;3;B01
201100055356;0;7;0;0;0;8;11;A01
201100055357;0;7;0;0;2;1;1;A01
201100055357;0;7;0;0;2;4;2;B01
201100055357;0;7;0;0;2;4;2;C01
201100055358;0;7;0;0;2;9;21;A01
201100055358;0;10;0;0;2;4;2;E01
201100055358;0;7;0;0;2;1;21;C01
201100055358;0;10;0;0;2;1;21;D01
201100055358;0;7;0;0;2;9;21;B01
201100055359;0;7;0;13;0;2;14;A01
201100055360;0;7;0;0;2;4;2;B01
201100055360;0;10;0;0;2;2;1;A01
201100055361;0;7;0;0;2;3;1;B01
201100055361;0;7;0;0;2;3;13;A01
201100055362;0;7;0;0;2;5;1;A01
201100055362;0;7;0;0;2;3;2;B01
201100055363;0;7;0;4;0;1;1;A01
201100055364;0;7;0;0;0;1;1;A01
201100055365;0;15;0;0;2;2;12;B01
201100055365;0;7;0;0;2;6;1;A01
201100055366;0;7;0;0;0;4;2;A01
201100055366;0;7;0;0;2;1;2;B01
201100055367;0;7;0;0;2;1;2;C01
201100055367;0;10;0;0;2;1;2;E01
201100055367;0;7;0;0;2;1;2;D01
201100055367;0;7;0;0;2;1;2;B01
201100055367;0;10;0;0;0;4;2;A01
201100055368;0;7;0;0;2;2;14;A01
201100055368;0;7;0;0;0;8;2;B01
201100055369;0;31;0;0;2;1;2;B01
201100055369;0;7;0;0;0;5;2;A01
201100055370;0;10;0;0;2;1;1;C01
201100055370;0;10;0;0;2;2;21;B01
201100055370;0;14;0;0;2;2;5;A01
201100055371;2;7;0;0;2;6;11;A01
201100055371;0;33;0;0;2;2;11;B01
201100055372;0;33;0;0;2;3;18;B01
201100055372;0;7;0;0;2;5;1;A01
201100055373;0;7;0;0;2;4;1;A01
201100055373;0;32;0;0;2;1;1;B01
201100055374;0;7;0;0;2;2;1;A01
201100055374;0;33;0;0;2;3;3;C01
201100055374;0;7;0;0;2;5;2;B01
201100055375;0;7;0;0;2;1;1;A01
201100055375;0;7;0;0;2;4;2;B01
201100055376;0;7;0;4;0;8;13;A01
201100055377;0;7;0;0;2;4;1;A01
201100055377;0;7;0;0;2;4;2;B01
201100055377;0;7;0;0;2;1;2;C01
201100055378;1;7;0;0;2;3;1;Z01
201100055378;0;7;0;0;2;1;1;A01
201100055379;0;7;0;4;0;1;11;A01
201100055380;0;7;0;14;2;1;2;C01
201100055380;0;7;0;0;2;4;2;B01
201100055380;0;7;0;0;2;4;1;A01
201100055381;0;7;0;1;2;1;2;B01
201100055381;0;10;0;0;2;4;23;A01
201100055381;0;10;0;0;2;1;1;C01
201100055382;0;7;0;0;2;4;2;B01
201100055382;0;7;0;0;2;1;1;A01
201100055382;0;7;0;0;2;3;21;C01
201100055383;0;7;0;0;2;1;1;A01
201100055383;0;17;0;0;0;6;21;B01
201100055384;0;7;0;0;2;1;13;A01
201100055384;0;7;0;0;2;1;1;B01
201100055385;0;7;0;0;2;1;2;A01
201100055385;0;7;0;0;2;4;2;B01
201100055386;0;13;0;0;2;9;2;D01
201100055386;0;7;0;0;2;1;2;A01
201100055386;0;7;0;0;2;9;2;C01
201100055386;0;7;0;0;2;9;2;B01
201100055387;0;7;0;0;2;1;1;B01
201100055387;0;7;0;0;2;1;13;A01
201100055388;0;7;0;0;2;9;14;A01
201100055388;0;7;0;0;2;9;1;B01
201100055389;0;7;0;0;2;9;0;B01
201100055389;2;34;0;0;2;8;0;A01
201100055390;0;7;0;0;1;1;1;A01
201100055391;0;7;0;0;1;1;1;A01
201100055392;0;34;0;0;2;6;17;A01
201100055392;0;7;0;0;2;3;15;B01
201100055393;0;7;0;0;0;4;20;H02
201100055393;0;7;0;0;0;4;20;C01
201100055393;0;7;0;0;0;4;20;G02
201100055393;0;7;0;0;0;4;20;E01
201100055393;0;7;0;1;0;9;2;A01
201100055393;0;7;0;0;0;4;20;F02
201100055393;0;7;0;0;0;4;20;D01
201100055393;0;7;0;0;0;8;20;B01
201100055394;0;7;0;0;2;4;1;C01
201100055394;0;7;0;0;2;4;1;B01
201100055394;0;7;0;0;2;1;1;A01
201100055395;0;7;0;8;0;1;1;A01
201100055396;0;7;0;0;2;1;1;A01
201100055397;0;7;0;0;0;9;0;A01
201100055398;0;7;0;0;2;8;1;B01
201100055398;0;7;0;0;2;1;1;A01
201100055399;0;7;0;0;2;1;2;A01
201100055399;0;7;0;0;2;4;2;B01
201100055400;0;7;0;0;2;4;2;B01
201100055400;0;7;0;0;2;1;2;A01
201100055401;0;7;0;0;2;1;15;A01
201100055401;0;7;0;0;2;1;1;B01
201100055402;0;30;0;0;2;7;2;A01
201100055402;0;7;0;0;2;8;2;B01
201100055403;0;7;0;0;1;9;1;A01
201100055404;0;7;0;0;1;7;0;A01
201100055405;0;7;0;0;2;1;11;A01
201100055405;0;7;0;0;2;4;2;B01
201100055406;0;7;0;0;2;1;9;A01
201100055406;0;7;0;0;2;7;1;B01
201100055407;0;7;0;0;0;8;20;C01
201100055407;0;2;0;0;2;1;13;A01
201100055407;0;7;0;0;2;1;2;B01
201100055408;0;7;0;0;2;9;2;B01
201100055408;0;7;0;0;2;9;2;C01
201100055408;0;7;0;0;2;1;2;A01
201100055409;0;7;0;0;2;8;3;A01
201100055409;0;7;0;0;2;7;1;B01
201100055410;0;7;0;0;2;3;13;A01
201100055410;0;7;0;0;2;9;14;B01
201100055411;0;2;0;0;2;1;1;B01
201100055411;0;7;0;0;2;1;16;A01
201100055412;0;7;0;0;2;1;1;B01
201100055412;0;7;0;0;2;1;1;A01
201100055413;0;7;0;0;2;1;1;B01
201100055413;0;7;0;0;2;1;1;A01
201100055414;0;37;1;0;1;4;20;A01
201100055415;0;7;0;0;2;1;1;B01
201100055415;0;7;0;0;2;1;1;A01
201100055416;0;34;0;0;2;0;1;B01
201100055416;0;7;0;0;2;0;1;A01
201100055417;0;7;0;0;2;1;1;A01
201100055417;0;7;0;0;2;4;1;B01
201100055418;0;32;0;0;0;9;0;A01
201100055419;0;7;0;8;0;1;1;A01
201100055420;0;10;0;6;0;9;1;A01
201100055421;0;34;0;0;0;9;1;A01
201100055422;0;7;0;0;2;8;15;B01
201100055422;0;31;0;0;2;9;17;A01
201100055423;0;7;0;6;0;9;0;A01
201100055424;0;32;0;0;2;0;1;A01
201100055425;0;7;0;0;1;0;0;A01
201100055426;0;7;0;0;2;4;2;C01
201100055426;0;7;0;0;2;9;2;B01
201100055426;0;7;0;0;2;1;2;A01
201100055427;0;33;0;0;2;7;17;A01
201100055427;0;7;0;0;2;8;15;B01
201100055428;0;7;0;0;2;1;1;A01
201100055428;0;7;0;0;2;1;1;B01
201100055429;0;7;0;0;2;4;1;B01
201100055429;0;7;0;0;2;1;1;A01
201100055430;0;7;0;2;0;1;1;A01
201100055431;0;7;0;0;2;1;1;A01
201100055431;0;7;0;0;2;4;1;B01
201100055432;0;7;0;6;0;1;0;A01
201100055433;0;7;0;8;0;9;1;A01
201100055434;0;10;0;0;2;1;1;A01
201100055434;0;7;0;0;2;4;1;B01
201100055435;0;7;0;7;0;1;1;A01
201100055436;0;2;0;13;0;0;1;A01
201100055437;0;33;0;0;2;2;1;B01
201100055437;0;7;0;13;2;9;13;A01
201100055438;0;7;0;0;1;9;1;A01
201100055439;0;7;0;0;0;9;0;A01
201100055440;0;7;0;0;1;4;20;A01
201100055441;0;2;0;0;0;0;1;B01
201100055441;0;7;0;0;2;0;0;A01
201100055442;0;34;0;0;2;0;1;B01
201100055442;0;7;0;0;2;0;9;A01
201100055443;0;7;0;0;2;8;15;A01
201100055443;0;31;0;0;2;1;17;B01
201100055444;0;7;0;0;2;8;9;A01
201100055444;0;7;0;0;2;1;1;B01
201100055445;0;7;0;0;2;9;1;B01
201100055445;0;7;0;0;2;3;9;A01
201100055446;0;7;0;0;2;1;13;A01
201100055446;0;7;0;0;2;1;1;B01
201100055447;0;7;0;0;1;1;1;A01
201100055448;0;10;0;0;0;4;1;C01
201100055448;0;7;0;0;2;4;1;B01
201100055448;0;7;0;0;2;1;1;A01
201100055449;0;2;0;0;2;1;1;B01
201100055449;0;7;0;0;2;3;1;A01
201100055450;0;31;0;12;0;9;1;A01
201100055451;0;7;0;0;2;4;1;B01
201100055451;0;2;0;0;2;1;1;A01
201100055452;0;7;0;0;2;4;1;B01
201100055452;0;7;0;0;2;1;1;A01
201100055452;0;7;0;0;0;4;1;C01
201100055453;0;33;0;0;2;1;1;B01
201100055453;0;7;0;0;0;1;1;A01
201100055454;0;7;0;0;2;1;1;A01
201100055454;0;7;0;0;2;8;0;B01
201100055455;0;2;0;6;0;1;1;A01
201100055456;0;2;0;0;2;9;2;A01
201100055456;0;7;0;0;2;9;2;B01
201100055457;0;7;0;0;2;1;13;A01
201100055457;0;7;0;0;2;1;1;B01
201100055458;0;7;0;0;2;4;1;B01
201100055458;0;7;0;0;2;1;1;A01
201100055459;0;7;0;6;2;1;14;A01
201100055459;0;7;0;0;2;1;1;B01
201100055460;0;7;0;0;2;4;0;B01
201100055460;0;7;0;0;2;4;1;D01
201100055460;0;7;0;0;0;4;0;E01
201100055460;0;7;0;0;2;1;1;A01
201100055460;0;7;0;0;2;4;1;C01
201100055461;0;7;0;0;2;1;1;A01
201100055461;0;7;0;0;2;4;0;B01
201100055462;0;7;0;0;0;4;1;B01
201100055462;0;7;0;0;2;1;1;A01
201100055463;0;7;0;0;2;1;1;A01
201100055463;0;7;0;0;0;4;1;B01
201100055464;0;32;0;0;2;1;1;A01
201100055464;0;7;0;0;2;4;1;B01
201100055465;0;7;0;0;2;4;1;B01
201100055465;0;7;0;0;2;1;1;A01
201100055466;0;7;0;0;2;1;1;A01
201100055466;0;7;0;0;1;4;1;B01
201100055467;0;7;0;0;2;1;1;A01
201100055467;0;34;0;0;2;1;1;B01
201100055468;0;7;0;0;1;1;1;A01
201100055469;0;7;0;0;2;4;1;B01
201100055469;0;30;0;0;2;1;1;A01
201100055470;0;7;0;0;2;1;1;A01
201100055470;0;7;0;0;2;4;1;B01
201100055471;0;7;0;0;2;4;20;A01
201100055471;0;7;0;0;2;1;1;B01
201100055472;0;7;0;0;2;1;2;A01
201100055472;0;7;0;0;2;4;2;B01
201100055473;0;33;0;0;1;1;1;A01
201100055474;0;7;0;0;1;1;1;A01
201100055475;0;30;0;0;2;8;15;A01
201100055475;0;7;0;0;2;1;1;B01
201100055476;0;7;0;0;2;1;9;A01
201100055476;0;7;0;0;2;7;1;B01
201100055477;0;33;0;0;2;1;1;B01
201100055477;0;7;0;0;2;7;9;A01
201100055478;0;7;0;0;1;1;1;A01
201100055479;0;7;0;0;2;1;0;B01
201100055479;0;7;0;0;2;1;1;A01
201100055479;0;7;0;0;2;1;1;C01
201100055480;0;7;0;1;0;9;0;A01
201100055480;0;7;0;1;0;0;23;B01
201100055481;0;7;0;0;2;4;2;B01
201100055481;0;33;0;0;2;1;2;A01
201100055482;0;7;0;0;1;1;1;A01
201100055483;0;33;0;0;2;8;1;B01
201100055483;0;7;0;0;2;1;1;A01
201100055484;0;2;0;0;2;1;2;A01
201100055484;0;7;0;0;2;4;2;B01
201100055485;0;7;0;0;2;9;2;B01
201100055485;0;7;0;0;2;1;2;A01
201100055486;0;7;0;15;0;9;0;A01
201100055487;0;7;0;8;0;9;1;A01
201100055488;0;7;0;8;2;9;14;A01
201100055488;0;7;0;2;2;9;1;B01
201100055489;0;30;0;0;2;9;1;B01
201100055489;0;7;0;0;2;9;15;A01
201100055490;0;32;0;0;0;9;0;A01
201100055491;0;7;0;0;2;4;2;B01
201100055491;0;7;0;0;2;1;2;Z01
201100055492;0;7;0;0;2;1;2;A01
201100055492;0;7;0;0;2;4;1;B01
201100055493;0;7;0;0;1;1;1;A01
201100055494;0;32;0;0;2;1;17;A01
201100055494;0;7;0;0;2;2;1;B01
201100055495;0;7;0;0;2;4;1;B01
201100055495;0;7;0;0;2;1;1;A01
201100055496;0;7;0;0;2;9;13;A01
201100055496;0;7;0;0;2;9;1;B01
201100055497;0;7;0;0;2;8;11;A01
201100055497;0;33;0;0;2;9;1;B01
201100055497;0;7;0;0;2;5;1;C01
201100055498;0;7;0;0;2;5;1;B01
201100055498;0;33;0;0;2;1;9;A01
201100055499;0;7;0;0;2;3;1;C01
201100055499;0;33;0;0;2;9;1;B01
201100055499;0;7;0;0;2;8;0;A01
201100055500;0;7;0;0;2;1;9;A01
201100055500;0;7;0;0;2;2;1;B01
201100055501;0;7;0;0;2;4;2;C01
201100055501;0;7;0;0;2;9;2;B01
201100055501;0;7;0;0;2;1;2;A01
201100055502;0;34;0;0;2;1;1;B01
201100055502;0;7;0;0;2;7;9;A01
201100055503;0;34;0;0;2;1;1;A01
201100055503;0;7;0;0;2;4;1;B01
201100055504;0;7;0;0;1;4;2;B01
201100055504;0;7;0;0;2;1;1;A01
201100055505;0;7;0;4;0;9;1;A01
201100055506;0;7;0;6;0;1;1;A01
201100055507;0;7;0;4;0;0;1;A01
201100055508;0;33;0;0;1;1;1;A01
201100055509;0;7;0;0;2;1;1;A01
201100055509;0;37;2;0;2;1;1;B01
201100055509;0;7;0;0;0;8;20;C01
201100055510;0;7;0;0;2;4;1;B01
201100055510;0;31;0;0;2;1;1;A01
201100055511;0;33;0;1;0;1;1;A01
201100055512;0;7;0;0;2;1;1;B01
201100055512;0;7;0;0;2;1;1;A01
201100055513;0;7;0;0;2;1;2;A01
201100055513;0;7;0;0;2;8;1;B01
201100055514;0;7;0;0;2;8;1;B01
201100055514;0;7;0;0;2;1;9;A01
201100055515;0;7;0;0;2;6;9;A01
201100055515;0;33;0;0;2;0;1;B01
201100055516;0;7;0;0;2;9;14;A01
201100055516;0;7;0;0;2;7;1;B01
201100055517;0;7;0;0;2;4;2;B01
201100055517;0;7;0;0;2;1;2;A01
201100055518;0;7;0;0;2;1;1;B01
201100055518;0;7;0;0;2;1;0;A01
201100055519;0;7;0;0;2;4;1;B01
201100055519;0;32;0;0;2;1;1;A01
201100055520;0;7;0;0;2;4;2;B01
201100055520;0;7;0;0;2;1;2;A01
201100055521;0;7;0;0;2;1;2;A01
201100055521;0;7;0;0;2;9;2;B01
201100055521;0;7;0;0;2;4;2;C01
201100055522;0;7;0;0;2;1;9;A01
201100055523;0;7;0;0;2;4;2;B01
201100055523;0;33;0;0;2;1;2;A01
201100055524;0;20;0;0;1;1;1;A01
201100055525;0;7;0;0;2;2;1;B01
201100055525;0;7;0;0;2;1;9;A01
201100055526;0;7;0;0;2;1;2;A01
201100055526;0;7;0;0;2;4;2;B01
201100055527;0;7;0;0;2;9;15;A01
201100055527;0;33;0;0;2;1;1;B01
201100055528;0;7;0;0;2;9;2;A01
201100055528;0;7;0;0;2;9;2;B01
201100055529;0;7;0;0;2;4;2;B01
201100055529;0;7;0;0;2;1;2;A01
201100055530;0;7;0;0;1;1;1;A01
201100055531;0;7;0;0;2;7;1;A01
201100055531;0;7;0;0;2;8;1;B01
201100055532;0;2;0;0;2;1;17;A01
201100055532;0;7;0;0;2;8;15;B01
201100055533;0;2;0;0;2;1;9;A01
201100055533;0;7;0;0;2;8;1;B01
201100055534;0;7;0;0;2;8;1;C01
201100055534;0;31;0;0;2;9;17;A01
201100055534;0;7;0;0;2;8;1;B01
201100055535;0;7;0;0;2;4;2;B01
201100055535;0;7;0;0;2;1;2;A01
201100055536;0;7;0;0;2;4;1;B01
201100055536;0;7;0;0;2;1;1;A01
201100055537;0;7;0;0;1;1;1;A01
201100055538;0;7;0;0;2;4;2;B01
201100055538;0;7;0;0;2;1;2;A01
201100055539;0;32;0;0;2;1;13;A01
201100055539;0;7;0;0;2;1;1;B01
201100055540;0;7;0;0;2;1;2;A01
201100055540;0;7;0;0;2;4;2;B01
201100055541;0;7;0;0;2;8;15;A01
201100055541;0;33;0;0;2;1;1;B01
201100055542;0;33;0;0;1;1;1;A01
201100055543;0;7;0;0;2;1;1;B01
201100055543;0;7;0;0;2;8;9;A01
201100055544;0;7;0;0;1;4;20;A01
201100055545;0;7;0;0;2;4;2;B01
201100055545;0;7;0;0;2;1;2;A01
201100055546;0;7;0;0;2;1;2;B01
201100055546;0;7;0;0;2;1;1;A01
201100055547;0;7;0;8;0;9;1;A01
201100055548;0;7;0;0;2;4;2;B01
201100055548;0;7;0;0;2;1;2;A01
201100055549;0;7;0;0;2;1;1;A01
201100055550;0;7;0;6;0;9;1;A01
201100055551;0;7;0;0;2;1;1;B01
201100055551;0;7;0;0;2;8;9;A01