num_acc;senc;catv;occutc;obs;obsm;choc;manv;num_veh
201100055552;0;7;0;0;2;8;1;B01
201100055552;0;7;0;0;2;1;9;A01
201100055553;0;7;0;0;2;4;1;B01
201100055553;0;7;0;0;2;1;2;A01
201100055554;1;7;0;0;2;6;20;A01
201100055554;0;32;0;0;2;1;1;B01
201100055555;0;10;0;0;2;1;1;A01
201100055555;0;7;0;0;2;4;1;B01
201100055555;2;7;0;0;2;4;2;C01
201100055556;0;33;0;0;2;0;0;B01
201100055556;0;7;0;0;9;0;9;A01
201100055557;1;7;0;0;2;1;2;A01
201100055557;0;7;0;0;2;4;2;B01
201100055558;0;7;0;0;2;4;2;B01
201100055558;0;7;0;0;0;1;2;A01
201100055559;1;7;0;0;1;3;1;Z01
201100055560;0;7;0;0;2;1;1;A01
201100055560;0;7;0;0;2;4;1;B01
201100055561;0;7;0;0;2;4;2;A01
201100055561;0;7;0;0;2;1;1;B01
201100055562;0;7;0;0;5;1;1;A01
201100055563;0;7;0;0;2;8;1;B01
201100055563;0;7;0;0;2;8;13;A01
201100055564;0;7;0;0;2;9;1;A01
201100055565;0;7;0;0;2;1;13;A01
201100055565;0;7;0;0;2;1;1;B01
201100055566;0;7;0;0;2;8;13;A01
201100055566;0;7;0;0;2;1;1;B01
201100055567;0;7;0;0;1;3;1;A01
201100055568;0;7;0;8;2;7;1;B01
201100055568;0;7;0;0;2;1;1;A01
201100055569;0;10;0;0;2;4;1;B01
201100055569;0;7;0;0;2;1;1;A01
201100055570;0;7;0;0;2;1;1;A01
201100055570;0;7;0;0;2;1;1;B01
201100055571;0;7;0;0;1;1;1;A01
201100055572;0;30;0;0;2;3;1;B01
201100055572;0;7;0;0;2;2;17;A01
201100055573;1;7;0;0;1;3;5;A01
201100055574;0;2;0;0;2;8;1;B01
201100055574;0;7;0;0;2;3;11;A01
201100055575;0;10;0;0;1;4;4;A01
201100055576;0;31;0;0;0;2;1;A01
201100055577;0;7;0;8;0;1;1;A01
201100055578;0;7;0;0;1;1;1;A01
201100055579;0;7;0;0;2;3;1;B01
201100055579;0;20;0;0;2;1;1;A01
201100055580;0;7;0;0;1;2;1;A01
201100055581;0;13;0;4;0;5;9;A01
201100055582;0;1;0;0;2;8;1;B01
201100055582;1;7;0;0;2;7;1;A01
201100055583;0;7;0;0;2;2;12;A01
201100055583;0;32;0;0;2;8;1;B01
201100055584;0;7;0;1;9;2;24;A01
201100055584;0;1;0;0;2;3;2;B01
201100055585;0;7;0;0;2;3;9;B01
201100055585;0;2;0;0;2;1;5;A01
201100055586;0;7;0;0;1;3;1;A01
201100055587;0;34;0;0;2;7;1;B01
201100055587;0;7;0;0;2;3;15;A01
201100055588;0;7;0;0;2;8;22;A01
201100055588;0;1;0;0;2;1;1;B01
201100055589;0;34;0;0;2;7;1;B01
201100055589;0;38;1;0;1;3;15;A01
201100055590;0;37;50;0;9;2;2;A01
201100055590;0;1;0;0;9;4;19;B01
201100055591;0;1;0;1;0;1;21;A01
201100055592;0;33;0;0;2;1;1;A01
201100055592;0;7;0;0;2;7;1;B01
201100055593;0;33;0;0;2;2;1;B01
201100055593;0;31;0;0;2;4;1;A01
201100055594;0;7;0;0;1;3;1;A01
201100055595;0;7;0;1;2;8;1;A01
201100055595;0;30;0;0;2;1;1;B01
201100055596;0;1;0;0;1;1;1;A01
201100055597;0;7;0;0;2;3;1;A01
201100055597;0;7;0;0;2;6;1;B01
201100055598;0;7;0;0;1;7;4;A01
201100055599;0;1;0;0;2;3;1;B01
201100055599;0;7;0;0;9;2;1;A01
201100055600;0;10;0;0;2;3;10;A01
201100055600;0;30;0;0;2;7;13;B01
201100055601;0;33;0;0;9;7;16;B01
201100055601;0;1;0;0;2;7;1;A01
201100055602;0;7;0;0;0;4;2;B01
201100055602;0;7;0;0;2;1;1;A01
201100055603;0;7;0;0;1;3;15;A01
201100055604;0;37;1;0;0;3;15;A01
201100055604;0;33;0;1;2;2;1;B01
201100055605;0;7;0;0;1;3;0;A01
201100055606;0;37;35;0;1;2;2;A01
201100055607;0;31;0;0;0;0;1;A01
201100055608;0;7;0;0;2;1;1;A01
201100055608;0;33;0;0;2;7;1;B01
201100055609;0;7;0;0;1;2;9;A01
201100055610;0;7;0;0;9;2;17;C01
201100055610;0;30;0;0;2;9;1;A01
201100055610;0;7;0;0;9;3;0;B01
201100055611;0;34;0;4;0;0;1;A01
201100055612;0;7;0;0;9;2;16;A01
201100055612;0;30;0;0;2;8;12;B01
201100055613;0;7;0;1;1;9;21;A01
201100055614;0;34;0;0;2;1;1;A01
201100055614;0;34;0;0;0;4;1;B01
201100055615;0;7;0;0;2;2;1;B01
201100055615;0;7;0;0;2;7;15;A01
201100055616;0;33;0;0;2;5;23;B01
201100055616;0;30;0;0;2;1;14;A01
201100055617;0;31;0;0;2;7;15;A01
201100055617;0;7;0;0;2;1;1;B01
201100055618;0;13;0;0;1;4;4;A01
201100055619;0;40;1;0;2;2;8;B01
201100055619;0;7;0;0;4;8;15;A01
201100055620;0;7;0;14;0;1;16;A01
201100055621;0;10;0;0;1;3;1;A01
201100055622;0;33;0;0;2;2;1;B01
201100055622;0;7;0;0;2;8;11;A01
201100055623;0;7;0;0;2;4;23;C01
201100055623;0;7;0;0;2;1;2;A01
201100055623;0;7;0;0;2;4;2;B01
201100055624;0;32;0;0;2;2;1;A01
201100055624;0;7;0;0;2;1;1;B01
201100055625;0;7;0;12;2;5;23;B01
201100055625;0;14;0;0;2;3;2;A01
201100055626;0;7;0;0;2;6;1;B01
201100055626;0;7;0;0;2;1;1;A01
201100055627;0;2;0;0;2;2;1;A01
201100055627;0;7;0;0;2;6;15;B01
201100055628;0;7;0;0;2;1;1;A01
201100055628;0;7;0;0;0;4;0;B01
201100055629;0;7;0;12;0;3;1;A01
201100055630;0;7;0;0;2;3;10;B01
201100055630;0;33;0;0;2;7;17;A01
201100055631;0;7;0;0;2;1;1;B01
201100055631;0;32;0;0;2;7;19;A01
201100055632;0;7;0;1;0;9;1;A01
201100055632;0;7;0;0;0;6;0;B01
201100055632;0;7;0;0;0;5;0;C01
201100055633;0;33;0;0;2;1;17;A01
201100055633;0;7;0;0;0;6;2;B01
201100055634;0;7;0;10;0;1;1;A01
201100055635;0;7;0;0;2;2;2;A01
201100055635;0;7;0;0;2;6;2;B01
201100055635;0;7;0;0;0;4;2;C01
201100055636;0;33;0;0;2;7;17;A01
201100055636;0;7;0;0;2;0;2;B01
201100055637;0;31;0;12;9;1;2;A01
201100055637;0;1;0;12;2;4;1;B01
201100055638;0;7;0;0;1;1;1;A01
201100055638;1;99;0;0;0;0;0;Z01
201100055639;0;7;0;0;2;6;1;B01
201100055639;0;32;0;0;2;1;19;A01
201100055640;0;33;0;1;0;7;1;B01
201100055640;1;7;0;0;0;0;0;A01
201100055641;0;7;0;0;2;5;1;B01
201100055641;0;7;0;0;2;3;12;A01
201100055642;0;31;0;0;2;3;1;A01
201100055642;0;7;0;0;2;7;16;B01
201100055643;0;37;2;0;2;2;1;B01
201100055643;1;7;0;0;2;3;9;Z01
201100055644;0;2;0;0;2;1;2;A01
201100055644;0;7;0;0;2;4;2;B01
201100055645;1;7;0;0;1;0;0;Z01
201100055646;0;34;0;0;1;1;1;A01
201100055647;0;7;0;0;1;1;1;A01
201100055648;0;7;0;0;2;7;22;A01
201100055648;0;31;0;0;2;1;18;B01
201100055649;0;7;0;0;1;2;1;A01
201100055650;0;7;0;0;2;1;2;A01
201100055650;0;7;0;0;2;4;2;B01
201100055651;0;7;0;0;2;0;2;A01
201100055651;0;30;0;0;2;0;1;B01
201100055652;0;7;0;0;2;2;2;B01
201100055652;0;7;0;0;2;3;2;A01
201100055653;0;7;0;0;9;8;22;A01
201100055653;0;1;0;0;2;1;1;B01
201100055654;0;7;0;0;2;1;2;A01
201100055654;0;7;0;0;0;4;1;B01
201100055655;0;30;0;0;2;1;2;A01
201100055655;0;7;0;0;2;4;2;B01
201100055655;0;37;20;0;2;8;2;C01
201100055656;0;7;0;0;1;3;1;A01
201100055657;0;7;0;0;1;2;1;A01
201100055658;0;7;0;0;1;2;0;A01
201100055659;0;33;0;0;0;3;2;A01
201100055660;0;7;0;4;0;8;13;A01
201100055661;0;10;0;0;2;1;2;E01
201100055661;0;7;0;0;2;1;2;B01
201100055661;0;7;0;0;2;1;2;D01
201100055661;0;10;0;0;2;1;2;C01
201100055661;0;7;0;0;2;4;1;A01
201100055662;0;15;0;0;2;8;13;C01
201100055662;0;10;0;0;2;2;13;A01
201100055662;0;7;0;0;2;7;1;B01
201100055663;0;7;0;0;2;5;12;A01
201100055663;0;7;0;0;2;2;1;B01
201100055663;0;7;0;0;2;7;1;C01
201100055664;0;7;0;0;0;4;17;B01
201100055664;0;7;0;0;0;8;1;C01
201100055664;0;7;0;4;2;1;17;A01
201100055665;0;31;0;16;0;8;17;A01
201100055666;0;7;0;4;2;1;2;A01
201100055666;0;7;0;0;0;4;2;B01
201100055667;0;10;0;3;0;1;21;A01
201100055668;0;7;0;0;1;2;21;A01
201100055669;0;7;0;0;9;4;2;C01
201100055669;0;15;0;0;2;1;2;A01
201100055669;0;7;0;0;2;4;2;B01
201100055670;0;7;0;0;2;2;17;A01
201100055670;0;7;0;0;2;3;1;B01
201100055671;0;7;0;0;2;4;2;B01
201100055671;0;7;0;0;2;1;2;A01
201100055672;0;7;0;13;2;3;1;B01
201100055672;0;7;0;3;2;5;17;A01
201100055673;0;7;0;3;2;7;2;B01
201100055673;1;99;0;0;2;3;11;Z01
201100055674;0;7;0;0;2;5;12;A01
201100055674;0;33;0;0;2;1;1;B01
201100055675;0;33;0;16;0;8;11;A01
201100055676;0;33;0;0;2;1;2;A01
201100055676;0;7;0;0;0;5;2;B01
201100055677;0;7;0;0;2;6;11;A01
201100055677;0;33;0;0;0;7;1;B01
201100055678;0;7;0;3;0;7;1;A01
201100055679;0;7;0;3;0;1;14;A01
201100055680;0;7;0;0;0;4;2;B01
201100055680;0;33;0;1;0;1;2;A01
201100055681;0;7;0;0;2;3;2;D01
201100055681;0;17;0;3;2;3;2;A01
201100055681;0;7;0;0;2;8;2;C01
201100055681;0;7;0;0;2;3;2;B01
201100055682;0;7;0;4;0;3;2;A01
201100055683;0;7;0;3;0;1;21;A01
201100055684;0;7;0;4;0;1;13;A01
201100055685;0;7;0;0;0;2;2;A01
201100055686;0;33;0;0;0;1;0;A01
201100055687;0;15;0;0;2;1;1;A01
201100055687;0;10;0;0;2;4;23;B01
201100055688;0;33;0;0;0;1;21;A01
201100055689;0;34;0;4;0;1;0;A01
201100055690;0;7;0;0;2;1;2;A01
201100055690;0;7;0;0;2;1;2;D01
201100055690;0;15;0;0;2;1;2;B01
201100055690;0;33;0;0;2;1;2;C01
201100055691;0;7;0;0;2;1;2;B01
201100055691;0;7;0;0;0;8;2;A01
201100055692;0;7;0;3;0;1;0;A01
201100055693;0;7;0;0;2;0;2;B01
201100055693;0;7;0;1;1;1;2;A01
201100055694;2;7;0;0;2;2;2;A01
201100055694;0;7;0;3;0;5;1;B01
201100055695;0;7;0;3;2;1;2;A01
201100055695;0;7;0;0;2;3;2;B01
201100055696;0;33;0;0;2;1;9;A01
201100055696;0;15;0;0;2;5;2;B01
201100055697;0;7;0;3;0;9;1;A01
201100055698;0;7;0;0;2;7;12;A01
201100055698;0;33;0;0;2;8;1;B01
201100055699;0;7;0;0;2;8;2;B01
201100055699;0;7;0;0;2;7;11;A01
201100055700;0;7;0;5;0;1;2;A01
201100055701;0;7;0;10;0;1;1;A01
201100055702;0;7;0;0;2;4;2;B01
201100055702;0;33;0;0;2;1;2;A01
201100055702;0;7;0;0;2;1;2;C01
201100055703;0;7;0;0;2;1;2;A01
201100055703;0;7;0;0;2;1;2;C01
201100055703;0;7;0;4;0;7;2;D01
201100055703;0;7;0;0;2;3;2;B01
201100055704;0;34;0;0;2;1;2;A01
201100055704;0;7;0;0;2;4;2;B01
201100055705;0;7;0;0;2;1;2;A01
201100055705;0;7;0;0;0;4;2;B01
201100055706;0;7;0;0;2;6;23;C01
201100055706;0;7;0;0;2;2;2;A01
201100055706;0;7;0;16;0;2;21;B01
201100055707;0;7;0;0;2;5;2;B01
201100055707;0;33;0;0;2;1;2;A01
201100055708;0;7;0;4;0;1;2;A01
201100055709;0;15;0;0;2;2;1;A01
201100055709;0;7;0;0;2;7;1;B01
201100055710;0;33;0;0;2;7;3;A01
201100055710;0;7;0;0;2;8;2;B01
201100055711;0;7;0;13;0;1;0;A01
201100055712;0;33;0;0;2;1;17;B01
201100055712;0;7;0;0;2;6;11;A01
201100055712;0;7;0;0;0;5;1;C01
201100055713;0;7;0;0;0;0;9;A01
201100055714;0;7;0;0;2;9;2;B01
201100055714;0;10;0;0;2;1;2;A01
201100055714;0;10;0;0;2;4;2;C01
201100055714;0;7;0;0;2;4;2;D01
201100055715;0;7;0;0;2;1;2;A01
201100055715;0;15;0;0;2;4;2;B01
201100055716;0;33;0;0;0;0;1;A01
201100055717;0;7;0;0;2;3;11;B01
201100055717;0;7;0;0;2;3;5;A01
201100055718;0;7;0;0;2;2;14;A01
201100055718;0;7;0;2;0;4;1;B01
201100055719;0;7;0;0;2;1;1;B01
201100055719;0;7;0;0;2;1;5;A01
201100055720;0;7;0;0;2;0;2;A01
201100055720;0;7;0;4;2;0;2;B01
201100055721;0;7;0;0;0;0;1;A01
201100055722;0;7;0;7;0;1;12;A01
201100055723;0;33;0;0;2;1;17;B01
201100055723;0;7;0;0;2;6;11;A01
201100055724;0;33;0;4;0;7;21;B01
201100055724;0;7;0;0;0;0;21;T01
201100055724;0;7;0;4;2;1;13;A01
201100055725;0;33;0;3;0;1;16;A01
201100055726;0;33;0;0;2;1;2;B01
201100055726;0;7;0;0;2;4;11;A01
201100055727;0;7;0;3;0;8;0;A01
201100055728;0;7;0;0;2;1;11;A01
201100055728;0;7;0;0;0;4;2;B01
201100055729;0;7;0;4;0;8;9;A01
201100055730;0;33;0;0;0;8;9;A01
201100055731;0;7;0;0;2;1;2;A01
201100055731;0;7;0;0;2;4;2;B01
201100055732;0;33;0;0;0;8;15;A01
201100055733;0;7;0;4;2;9;11;B01
201100055733;1;7;0;0;2;2;0;X01
201100055734;0;15;0;0;2;1;2;A01
201100055734;0;15;0;0;2;4;2;C01
201100055734;0;15;0;0;2;4;2;B01
201100055734;0;15;0;0;2;4;2;D01
201100055734;0;15;0;0;2;4;2;E01
201100055735;0;7;0;0;2;1;2;A01
201100055735;0;32;0;0;0;4;2;B01
201100055736;0;10;0;0;2;4;2;C01
201100055736;0;10;0;0;2;1;2;A01
201100055736;0;7;0;0;2;4;2;B01
201100055737;1;7;0;14;0;1;1;A01
201100055737;0;7;0;0;9;3;1;B01
201100055738;0;33;0;7;0;1;16;A01
201100055739;0;33;0;3;0;7;1;A01
201100055740;0;7;0;4;2;8;1;B01
201100055740;0;17;0;0;2;2;12;A01
201100055741;0;7;0;4;0;8;0;A01
201100055742;0;7;0;0;2;4;9;A01
201100055742;0;10;0;0;2;1;1;B01
201100055743;0;33;0;0;2;8;3;A01
201100055743;0;15;0;0;0;3;1;C01
201100055743;0;7;0;0;0;5;1;B01
201100055744;0;7;0;13;0;2;0;A01
201100055745;0;33;0;0;2;7;18;A01
201100055745;0;7;0;0;2;7;16;B01
201100055746;0;7;0;0;2;4;1;C01
201100055746;0;10;0;0;2;1;1;A01
201100055746;0;7;0;0;2;4;1;B01
201100055747;0;7;0;0;2;3;1;B01
201100055747;0;7;0;0;2;3;13;A01
201100055748;0;33;0;0;0;0;1;A01
201100055749;0;7;0;0;2;9;17;A01
201100055749;0;7;0;0;2;8;1;B01
201100055750;0;7;0;0;2;1;1;A01
201100055750;0;15;0;0;2;4;1;B01
201100055751;0;33;0;3;0;8;1;B01
201100055751;0;33;0;0;0;0;2;A01
201100055752;0;7;0;0;2;0;0;A01
201100055752;0;7;0;0;2;0;0;B01
201100055753;0;7;0;4;0;1;0;A01
201100055754;0;7;0;14;0;0;1;C01
201100055754;0;7;0;4;2;2;11;A01
201100055754;0;15;0;0;2;6;0;B01
201100055755;0;7;0;3;0;8;17;A01
201100055756;0;7;0;0;2;1;1;A01
201100055756;0;7;0;0;0;4;1;B01
201100055757;0;7;0;0;2;2;17;A01
201100055757;0;15;0;0;2;8;2;B01
201100055758;0;7;0;0;2;0;0;B01
201100055758;0;7;0;0;2;0;0;A01
201100055759;0;17;0;0;2;4;2;D01
201100055759;0;17;0;0;0;4;23;B01
201100055759;0;7;0;0;2;1;2;A01
201100055759;0;14;0;0;2;4;23;C01
201100055759;0;17;0;0;2;1;2;E01
201100055760;0;7;0;0;2;1;2;A01
201100055760;0;7;0;0;2;1;2;C01
201100055760;0;7;0;0;2;1;2;B01
201100055761;0;7;0;0;0;9;16;A01
201100055762;0;7;0;0;2;3;0;A01
201100055762;0;7;0;0;2;5;2;B01
201100055763;0;7;0;0;2;0;0;B01
201100055763;0;15;0;0;2;0;0;A01
201100055764;0;7;0;0;2;4;2;B01
201100055764;0;7;0;0;2;1;2;A01
201100055765;0;7;0;0;2;7;11;A01
201100055765;0;7;0;0;2;8;1;B01
201100055766;0;7;0;3;0;3;13;A01
201100055766;0;7;0;1;0;1;2;B01
201100055767;0;7;0;4;0;2;15;A01
201100055768;1;7;0;0;0;0;0;Z01
201100055768;0;7;0;0;0;4;1;B01
201100055769;1;99;0;0;2;2;0;Z01
201100055769;0;33;0;0;0;0;17;A01
201100055770;0;7;0;16;2;7;12;A01
201100055770;0;7;0;13;2;3;1;B01
201100055771;0;7;0;0;2;6;10;A01
201100055771;0;33;0;0;2;1;1;B01
201100055772;0;7;0;0;2;1;1;A01
201100055772;0;7;0;0;2;1;23;B01
201100055772;0;7;0;0;0;4;23;C01
201100055773;0;7;0;0;1;3;1;A01
201100055774;0;33;0;0;2;0;1;B01
201100055774;0;10;0;0;2;3;15;A01
201100055775;0;37;1;8;0;3;13;A01
201100055776;1;7;0;0;0;0;0;Z01
201100055777;0;30;0;0;2;3;21;A01
201100055777;0;7;0;0;2;6;20;B01
201100055778;0;30;0;0;2;7;1;B01
201100055778;0;7;0;0;2;1;1;A01
201100055779;0;10;0;0;1;1;1;A01
201100055780;0;7;0;0;2;4;2;C01
201100055780;0;33;0;0;2;6;2;B01
201100055780;0;33;0;0;2;1;2;A01
201100055781;0;33;0;0;2;3;1;B01
201100055781;0;7;0;0;2;2;9;A01
201100055782;0;7;0;0;2;7;1;B01
201100055782;0;7;0;0;2;3;10;A01
201100055783;0;7;0;0;2;4;2;B01
201100055783;0;7;0;0;2;1;2;A01
201100055783;0;7;0;0;0;4;2;C01
201100055784;0;7;0;0;2;1;1;B01
201100055784;0;7;0;0;2;3;11;A01
201100055785;0;1;0;0;2;1;15;B01
201100055785;0;7;0;0;2;2;1;A01
201100055786;0;7;0;0;2;7;9;A01
201100055786;0;32;0;0;2;8;1;B01
201100055787;0;7;0;0;2;6;10;A01
201100055787;0;7;0;0;2;1;2;B01
201100055788;0;7;0;0;1;1;1;A01
201100055789;0;1;0;0;9;3;0;A01
201100055790;0;40;0;0;9;1;1;B01
201100055790;0;1;0;0;4;2;19;A01
201100055791;0;7;0;1;2;8;1;B01
201100055791;0;7;0;0;2;2;1;A01
201100055792;0;30;0;0;1;6;1;A01
201100055793;0;7;0;0;2;1;1;B01
201100055793;0;7;0;0;2;5;1;A01
201100055794;0;1;0;15;2;1;2;B01
201100055794;0;7;0;0;2;2;17;A01
201100055795;0;7;0;0;2;2;15;A01
201100055795;0;37;56;0;2;2;1;B01
201100055796;0;37;0;0;9;5;17;A01
201100055796;0;1;0;0;2;8;7;B01
201100055797;0;7;0;0;1;3;9;A01
201100055798;0;7;0;0;1;3;15;A01
201100055799;0;7;0;8;0;2;16;A01
201100055800;0;10;0;6;0;1;2;A01
201100055801;0;7;0;0;2;2;1;B01
201100055801;0;10;0;0;2;4;4;A01
201100055802;0;7;0;0;2;1;1;B01
201100055802;0;30;0;0;2;2;15;A01
201100055803;0;7;0;0;1;2;15;A01
201100055804;0;7;0;0;1;2;15;A01
201100055805;0;7;0;0;1;1;16;A01
201100055806;0;7;0;0;1;7;9;A01
201100055807;0;7;0;0;2;1;15;A01
201100055807;0;32;0;0;2;1;1;B01
201100055808;0;7;0;0;1;1;15;A01
201100055809;0;7;0;0;2;7;14;A01
201100055809;0;1;0;0;2;8;2;B01
201100055810;0;32;0;0;2;0;1;B01
201100055810;0;7;0;0;2;6;15;A01
201100055811;0;7;0;0;1;4;4;A01
201100055812;0;7;0;0;2;1;1;B01
201100055812;0;7;0;0;2;5;15;A01
201100055813;0;1;0;0;2;8;1;B01
201100055813;0;7;0;0;2;1;9;A01
201100055814;0;34;0;0;2;7;2;B01
201100055814;0;7;0;0;2;3;20;A01
201100055815;1;30;0;0;1;1;1;Z01
201100055816;0;7;0;0;2;1;2;A01
201100055816;0;7;0;0;0;4;1;B01
201100055817;0;7;0;0;1;1;0;A01
201100055818;0;34;0;8;2;7;1;B01
201100055818;0;7;0;0;2;3;15;A01
201100055819;0;7;0;0;2;2;17;A01
201100055819;0;10;0;0;2;3;15;B01
201100055820;0;1;0;0;1;1;1;A01
201100055821;0;1;0;0;2;1;1;B01
201100055821;0;7;0;0;2;2;16;A01
201100055822;0;7;0;7;2;7;1;B01
201100055822;0;7;0;0;2;1;1;A01
201100055823;0;1;0;0;1;1;1;A01
201100055824;0;7;0;0;1;8;2;A01
201100055825;0;14;0;0;1;1;1;A01
201100055826;0;7;0;0;1;4;4;A01
201100055827;0;7;0;0;1;8;12;A01
201100055828;0;31;0;0;2;1;21;B01
201100055828;0;7;0;0;2;7;15;A01
201100055829;0;7;0;0;1;1;2;A01
201100055830;0;37;1;0;1;2;1;A01
201100055831;0;7;0;0;2;7;1;A01
201100055831;0;7;0;0;2;1;1;B01
201100055832;0;7;0;0;2;3;20;B01
201100055832;0;30;0;0;2;2;2;A01
201100055833;0;7;0;0;1;1;9;A01
201100055834;0;7;0;0;2;4;23;C01
201100055834;0;10;0;0;2;1;2;A01
201100055834;0;7;0;0;2;4;23;B01
201100055835;0;3;0;0;1;1;1;A01
201100055836;0;7;0;1;1;1;1;A01
201100055837;0;7;0;0;2;3;15;A01
201100055837;0;7;0;9;2;2;1;B01
201100055838;0;1;0;0;2;8;1;B01
201100055838;1;32;0;0;2;1;1;Z01
201100055839;0;7;0;15;0;1;1;A01
201100055840;0;31;0;0;2;2;1;B01
201100055840;0;7;0;0;2;3;15;A01
201100055841;0;32;0;0;2;1;1;A01
201100055841;0;7;0;0;2;2;15;B01
201100055842;0;33;0;0;1;7;8;A01
201100055843;0;30;0;0;2;2;1;B01
201100055843;0;7;0;0;2;8;11;A01
201100055844;0;37;0;0;1;1;1;A01
201100055845;0;1;0;0;2;8;1;B01
201100055845;0;7;0;0;2;3;1;A01
201100055846;0;32;0;0;2;3;1;B01
201100055846;0;7;0;0;2;2;19;A01
201100055847;0;7;0;0;1;1;1;A01
201100055848;0;7;0;0;1;4;4;A01
201100055849;0;7;0;0;1;4;4;A01
201100055850;0;30;0;0;2;1;1;B01
201100055850;0;7;0;0;2;6;19;A01
201100055851;0;1;0;0;2;4;15;B01
201100055851;1;7;0;0;2;1;15;Z01
201100055852;0;1;0;0;2;6;2;B01
201100055852;0;1;0;0;2;7;0;A01
201100055853;0;32;0;0;2;1;1;A01
201100055853;0;7;0;0;0;4;1;B01
201100055854;0;1;0;0;2;1;1;A01
201100055854;0;7;0;0;2;3;1;B01
201100055855;0;30;0;0;2;1;1;A01
201100055855;0;7;0;0;2;4;1;B01
201100055856;0;7;0;1;0;3;1;A01
201100055857;0;32;0;0;2;2;1;A01
201100055857;0;7;0;0;2;3;1;B01
201100055858;0;7;0;0;1;3;21;A01
201100055859;0;7;0;0;1;1;1;A01
201100055860;0;1;0;0;2;4;2;B01
201100055860;0;30;0;0;2;1;2;A01
201100055861;0;7;0;6;0;8;2;A01
201100055862;0;1;0;0;0;7;1;A01
201100055862;0;7;0;0;2;1;1;B01
201100055863;0;2;0;0;2;1;1;A01
201100055863;0;7;0;0;2;4;23;B01
201100055864;0;7;0;0;1;1;15;A01
201100055865;0;1;0;0;2;0;0;B01
201100055865;1;7;0;0;2;1;2;Z01
201100055866;0;31;0;0;2;1;3;B01
201100055866;0;7;0;0;2;3;10;A01
201100055867;0;1;0;0;1;1;1;A01
201100055868;0;7;0;0;2;7;16;B01
201100055868;0;30;0;0;2;3;1;A01
201100055869;0;2;0;8;2;1;18;B01
201100055869;0;7;0;0;2;2;16;A01
201100055870;0;7;0;0;2;8;24;A01
201100055870;0;1;0;1;0;7;2;B01
201100055871;0;7;0;0;2;1;1;A01
201100055871;0;31;0;0;2;7;1;B01
201100055872;0;7;0;8;2;2;15;B01
201100055872;0;7;0;8;2;3;1;A01
201100055873;0;7;0;0;2;2;1;B01
201100055873;0;30;0;0;2;1;1;A01
201100055874;0;7;0;0;1;2;1;A01
201100055875;0;30;0;0;2;1;18;A01
201100055875;0;1;0;0;2;5;16;B01
201100055876;0;33;0;0;2;1;18;A01
201100055876;0;7;0;0;2;2;22;B01
201100055877;0;7;0;0;2;8;1;B01
201100055877;0;7;0;0;2;1;1;A01
201100055878;0;7;0;0;1;3;1;A01
201100055879;0;32;0;0;2;8;2;B01
201100055879;0;7;0;0;2;0;15;A01
201100055880;0;2;0;0;2;8;1;B01
201100055880;1;7;0;0;2;7;17;Z01
201100055881;0;32;0;0;2;1;1;B01
201100055881;0;7;0;0;2;1;15;A01
201100055882;0;7;0;0;1;2;1;A01
201100055883;0;99;0;0;2;1;7;B01
201100055883;0;7;0;0;2;7;1;A01
201100055884;0;7;0;0;2;8;1;B01
201100055884;0;2;0;0;2;1;5;A01
201100055885;0;37;1;0;1;7;1;A01
201100055886;0;7;0;0;2;3;1;B01
201100055886;0;7;0;0;2;1;1;A01
201100055887;0;7;0;0;1;2;1;A01
201100055888;0;1;0;0;2;0;1;B01
201100055888;0;7;0;0;2;2;15;A01
201100055889;1;7;0;0;2;1;1;Z01
201100055889;0;7;0;0;2;4;1;A01
201100055890;0;1;0;0;2;1;1;B01
201100055890;0;7;0;0;0;5;22;A01
201100055891;0;7;0;0;2;2;1;B01
201100055891;0;7;0;0;2;1;16;A01
201100055892;0;7;0;0;2;5;24;B01
201100055892;0;7;0;12;2;8;22;A01
201100055893;0;10;0;0;2;5;1;A01
201100055893;0;10;0;0;2;1;1;B01
201100055894;0;30;0;0;1;1;1;A01
201100055895;0;7;0;0;1;6;20;A01
201100055896;0;33;0;0;2;1;1;A01
201100055896;0;7;0;0;2;8;15;B01
201100055897;0;7;0;0;1;4;4;A01
201100055898;0;7;0;0;1;4;4;A01
201100055899;0;7;0;0;2;3;22;A01
201100055899;0;1;0;1;0;0;2;B01
201100055900;0;30;0;0;1;1;1;A01
201100055901;0;7;0;0;0;0;24;A01
201100055901;0;1;0;1;0;1;1;B01
201100055902;0;7;0;0;2;2;16;B01
201100055902;0;33;0;0;2;8;18;A01
201100055903;0;7;0;0;2;1;1;B01
201100055903;0;2;0;0;2;7;0;A01
201100055904;0;1;0;0;2;7;1;B01
201100055904;0;7;0;0;2;3;1;A01
201100055905;0;7;0;0;2;3;9;A01
201100055905;0;1;0;0;2;1;1;B01
201100055906;0;33;0;0;2;1;1;A01
201100055906;0;7;0;0;2;3;1;B01
201100055907;0;7;0;0;1;4;4;A01
201100055908;0;32;0;0;2;3;1;A01
201100055908;0;7;0;0;2;1;1;B01
201100055909;0;7;0;0;2;2;1;A01
201100055909;0;1;0;0;2;1;19;B01
201100055910;0;7;0;0;2;1;1;B01
201100055910;0;1;0;0;2;7;19;A01
201100055911;0;7;0;0;0;5;16;A01
201100055911;0;2;0;0;2;0;1;B01
201100055912;0;7;0;0;2;3;1;B01
201100055912;0;7;0;6;2;4;24;C01