num_acc;senc;catv;occutc;obs;obsm;choc;manv;num_veh
201100055912;0;7;0;1;2;2;1;A01
201100055913;0;31;0;0;1;3;1;A01
201100055914;0;10;0;0;2;7;16;B01
201100055914;0;33;0;0;2;8;18;A01
201100055915;0;7;0;0;2;2;14;A01
201100055915;0;1;0;0;2;8;2;B01
201100055916;0;7;0;0;2;3;15;B01
201100055916;0;33;0;0;2;1;17;A01
201100055917;0;7;0;0;1;1;16;A01
201100055918;0;7;0;0;1;0;1;A01
201100055919;0;7;0;0;2;2;15;A01
201100055919;0;32;0;0;2;3;16;B01
201100055920;0;7;0;0;1;3;1;A01
201100055921;0;1;0;0;2;1;1;A01
201100055921;0;1;0;0;2;1;1;B01
201100055922;0;7;0;0;2;3;15;B01
201100055922;0;1;0;0;2;1;1;A01
201100055923;0;7;0;0;2;0;15;B01
201100055923;0;32;0;5;2;1;8;A01
201100055924;0;7;0;0;2;7;15;A01
201100055924;0;33;0;0;2;1;1;B01
201100055925;0;1;0;0;2;8;2;B01
201100055925;0;10;0;0;2;7;2;A01
201100055926;0;37;1;0;1;1;1;A01
201100055927;0;7;0;0;2;2;15;B01
201100055927;0;2;0;0;2;3;1;A01
201100055928;0;7;0;0;1;1;1;A01
201100055929;0;32;0;0;2;1;1;A01
201100055929;0;37;1;0;2;6;1;B01
201100055930;0;30;0;0;2;1;1;A01
201100055930;0;7;0;0;2;2;1;B01
201100055931;0;7;0;0;1;7;1;A01
201100055932;0;7;0;0;2;4;2;B01
201100055932;0;10;0;0;2;1;2;A01
201100055933;0;1;0;0;2;1;1;B01
201100055933;1;7;0;0;2;0;1;A01
201100055934;0;31;0;0;1;1;1;A01
201100055935;0;7;0;0;2;8;22;A01
201100055935;0;1;0;1;0;1;21;B01
201100055936;0;7;0;0;2;7;16;B01
201100055936;0;33;0;0;2;1;7;A01
201100055937;0;33;0;0;2;4;23;B01
201100055937;0;7;0;0;2;1;1;A01
201100055938;0;7;0;0;2;4;1;C01
201100055938;0;7;0;0;2;1;1;B01
201100055938;0;7;0;0;2;1;1;A01
201100055939;0;7;0;0;2;3;15;B01
201100055939;0;1;0;0;2;1;7;A01
201100055940;0;7;0;0;2;2;2;A01
201100055940;0;7;0;0;2;6;23;B01
201100055941;0;7;0;0;2;2;15;A01
201100055941;0;33;0;0;2;3;1;B01
201100055942;0;7;0;0;1;1;23;A01
201100055943;0;7;0;0;1;6;1;A01
201100055944;0;7;0;0;0;4;1;B01
201100055944;0;7;0;0;2;1;1;A01
201100055945;0;30;0;0;2;1;2;B01
201100055945;0;7;0;0;2;3;9;A01
201100055946;0;7;0;0;2;7;23;B01
201100055946;0;1;0;0;2;3;2;A01
201100055947;0;7;0;0;2;1;15;B01
201100055947;0;1;0;0;2;8;1;A01
201100055948;0;33;0;0;2;8;21;A01
201100055948;0;7;0;0;2;0;12;B01
201100055949;0;1;0;0;2;1;0;A01
201100055949;1;7;0;0;2;2;1;Z01
201100055950;0;33;0;0;2;8;15;A01
201100055950;1;7;0;0;2;1;7;Z01
201100055951;0;10;0;1;2;7;1;A01
201100055951;0;7;0;0;2;1;1;B01
201100055952;0;1;0;0;2;1;1;B01
201100055952;0;7;0;0;2;1;15;A01
201100055953;0;7;0;0;2;5;2;A01
201100055953;0;33;0;0;2;1;1;B01
201100055954;0;7;0;0;2;1;1;B01
201100055954;0;7;0;0;2;2;1;A01
201100055955;0;7;0;0;2;3;2;A01
201100055955;0;7;0;0;2;2;16;B01
201100055956;0;7;0;0;1;1;1;A01
201100055957;1;7;0;0;2;5;2;Z01
201100055957;0;30;0;12;2;8;2;A01
201100055958;0;7;0;12;2;2;1;A01
201100055958;0;7;0;9;2;1;1;B01
201100055959;0;7;0;0;2;2;16;A01
201100055959;0;1;0;0;2;1;1;B01
201100055960;0;7;0;0;1;1;15;A01
201100055961;0;31;0;0;1;1;1;A01
201100055962;0;7;0;0;1;1;1;A01
201100055963;0;30;0;0;2;1;2;A01
201100055963;0;1;0;0;2;4;2;B01
201100055964;0;7;0;16;2;3;15;B01
201100055964;0;30;0;16;2;2;8;A01
201100055965;0;7;0;0;1;7;1;A01
201100055966;0;2;0;0;2;2;1;A01
201100055966;0;7;0;0;2;3;1;B01
201100055967;0;1;0;0;2;8;19;A01
201100055967;0;7;0;0;0;2;1;B01
201100055968;0;30;0;0;1;1;1;A01
201100055969;0;7;0;0;1;1;1;A01
201100055970;0;7;0;0;1;2;15;A01
201100055971;0;7;0;15;2;1;15;A01
201100055971;0;32;0;0;2;2;1;B01
201100055972;1;7;0;0;2;8;11;A01
201100055972;0;2;0;0;2;7;1;B01
201100055973;0;7;0;0;0;0;9;A01
201100055973;0;31;0;0;0;0;21;B01
201100055974;0;7;0;0;1;1;1;A01
201100055975;0;7;0;0;2;6;23;A01
201100055975;0;32;0;0;2;1;1;B01
201100055976;0;7;0;0;2;8;15;A01
201100055976;0;30;0;0;2;0;1;B01
201100055977;0;7;0;0;4;2;15;A01
201100055977;0;40;1;0;2;2;7;B01
201100055977;0;7;0;0;2;6;2;C01
201100055978;0;7;0;0;2;1;1;B01
201100055978;0;1;0;0;2;7;1;A01
201100055979;0;7;0;0;2;1;1;A01
201100055979;0;7;0;9;2;8;1;B01
201100055980;0;30;0;0;2;1;1;A01
201100055980;0;7;0;0;2;2;1;B01
201100055981;0;31;0;0;2;0;0;B01
201100055981;1;7;0;0;2;0;0;A01
201100055982;0;33;0;0;2;1;8;A01
201100055982;0;7;0;0;2;2;15;B01
201100055983;0;7;0;0;2;1;1;A01
201100055983;0;1;0;0;2;7;1;B01
201100055984;0;7;0;0;1;3;1;A01
201100055985;0;33;0;0;1;1;1;A01
201100055986;0;31;0;0;2;8;1;B01
201100055986;0;7;0;0;2;1;1;A01
201100055987;0;10;0;0;2;5;16;A01
201100055987;0;10;0;0;2;1;1;B01
201100055988;0;37;0;0;2;1;1;B01
201100055988;0;1;0;0;2;8;1;A01
201100055989;0;37;1;0;2;2;21;A01
201100055989;0;2;0;0;2;0;9;B01
201100055990;0;7;0;0;1;1;16;A01
201100055991;0;7;0;0;1;2;1;A01
201100055992;0;7;0;0;2;1;1;A01
201100055992;0;32;0;0;2;8;1;B01
201100055993;0;30;0;0;2;2;2;A01
201100055993;0;7;0;0;2;6;2;B01
201100055994;0;10;0;0;1;4;4;A01
201100055995;0;7;0;0;1;3;15;A01
201100055996;0;7;0;0;2;1;1;A01
201100055996;0;7;0;0;2;8;1;B01
201100055997;0;7;0;0;2;4;2;A01
201100055997;0;7;0;0;2;1;2;B01
201100055998;0;7;0;1;2;6;1;A01
201100055998;0;7;0;15;2;3;1;B01
201100055999;0;7;0;0;1;1;15;A01
201100056000;0;7;0;0;1;1;15;A01
201100056001;0;7;0;7;2;7;2;B01
201100056001;0;7;0;0;2;1;2;A01
201100056002;0;7;0;0;1;2;16;A01
201100056003;0;7;0;0;2;1;16;A01
201100056003;0;7;0;1;2;2;1;B01
201100056004;0;7;0;0;2;2;1;B01
201100056004;0;1;0;0;2;8;1;A01
201100056005;0;30;0;0;2;1;2;A01
201100056005;0;7;0;0;2;4;2;B01
201100056006;0;7;0;0;2;1;16;A01
201100056006;0;33;0;0;2;2;1;B01
201100056007;0;7;0;0;2;3;15;A01
201100056007;0;30;0;0;2;2;8;B01
201100056008;0;7;0;0;2;8;22;A01
201100056008;0;1;0;0;2;0;1;B01
201100056009;0;37;1;0;2;1;2;A01
201100056009;0;7;0;0;2;1;2;B01
201100056009;0;7;0;0;0;4;2;C01
201100056009;0;7;0;0;0;4;2;D01
201100056010;0;7;0;0;2;3;1;B01
201100056010;0;7;0;0;2;3;1;C01
201100056010;0;7;0;0;2;1;1;A01
201100056011;0;7;0;0;1;2;2;A01
201100056012;0;7;0;0;2;2;1;B01
201100056012;0;7;0;0;2;7;1;A01
201100056013;0;7;0;0;2;7;1;A01
201100056013;0;32;0;0;2;1;1;B01
201100056014;0;7;0;0;1;3;15;A01
201100056015;0;7;0;0;2;1;1;A01
201100056015;0;1;0;0;2;4;15;B01
201100056016;0;7;0;0;1;1;1;A01
201100056017;0;33;0;0;2;7;1;A01
201100056017;0;7;0;0;2;6;15;B01
201100056018;0;7;0;0;1;1;1;A01
201100056019;0;30;0;0;2;1;21;B01
201100056019;0;7;0;0;2;6;16;A01
201100056020;0;13;0;0;2;1;1;A01
201100056020;0;7;0;0;2;4;1;B01
201100056021;0;31;0;0;1;1;1;A01
201100056022;0;7;0;0;1;3;15;A01
201100056023;0;7;0;0;2;3;1;A01
201100056023;0;7;0;0;2;1;1;B01
201100056024;0;7;0;0;2;1;15;A01
201100056024;0;1;0;0;2;8;2;B01
201100056025;0;30;0;0;2;1;2;A01
201100056025;0;7;0;0;2;2;20;B01
201100056025;0;7;0;0;2;3;24;C01
201100056026;0;7;0;0;1;2;16;A01
201100056027;1;99;0;0;0;0;0;A01
201100056028;0;7;0;0;1;1;1;A01
201100056029;0;33;0;0;2;1;1;B01
201100056029;0;7;0;0;2;8;9;A01
201100056030;0;7;0;0;2;1;2;A01
201100056030;0;7;0;0;2;4;2;B01
201100056031;0;7;0;0;2;4;23;B01
201100056031;0;7;0;0;2;4;23;C01
201100056031;2;7;0;0;2;1;2;A01
201100056032;0;30;0;11;0;1;13;A01
201100056033;0;7;0;0;0;3;1;A01
201100056034;0;7;0;0;2;3;1;A01
201100056034;0;7;0;0;2;2;15;B01
201100056035;0;7;0;0;1;7;1;A01
201100056036;1;30;0;0;1;0;1;Z01
201100056037;0;2;0;14;0;0;1;A01
201100056038;0;7;0;0;2;1;15;A01
201100056038;0;31;0;0;2;1;0;B01
201100056039;0;7;0;4;0;1;11;A01
201100056040;0;10;0;0;2;2;1;A01
201100056040;0;7;0;1;2;3;1;B01
201100056041;0;7;0;0;2;3;15;B01
201100056041;0;32;0;0;2;2;17;A01
201100056042;0;7;0;3;0;1;2;A01
201100056042;0;7;0;4;0;6;2;B01
201100056043;0;30;0;0;1;1;21;A01
201100056044;0;7;0;0;1;2;1;A01
201100056045;0;33;0;0;2;1;17;A01
201100056045;0;7;0;0;2;0;13;B01
201100056046;0;7;0;1;0;2;14;A01
201100056047;0;7;0;0;2;8;9;A01
201100056047;0;7;0;0;2;1;1;B01
201100056048;0;37;1;0;2;6;24;B01
201100056048;0;7;0;14;0;2;2;A01
201100056049;0;7;0;0;2;2;1;A01
201100056049;0;7;0;0;2;3;15;B01
201100056050;0;7;0;0;2;4;2;B01
201100056050;0;1;0;0;2;1;2;A01
201100056051;0;7;0;2;0;1;14;A01
201100056052;1;7;0;0;1;0;1;Z01
201100056053;0;30;0;0;2;1;2;A01
201100056053;0;7;0;0;2;1;15;B01
201100056054;0;7;0;0;2;3;1;B01
201100056054;0;7;0;0;2;3;13;A01
201100056055;0;1;0;2;0;1;13;A01
201100056056;0;7;0;0;0;5;2;B01
201100056056;0;7;0;0;2;1;2;A01
201100056057;0;7;0;0;1;1;1;A01
201100056058;0;7;0;0;2;1;1;B01
201100056058;0;7;0;0;2;7;1;A01
201100056059;0;7;0;14;2;1;19;A01
201100056059;0;7;0;0;0;8;1;B01
201100056060;0;1;0;0;2;4;1;B01
201100056060;0;7;0;0;2;3;1;A01
201100056061;0;10;0;0;1;3;1;A01
201100056062;0;7;0;0;1;1;1;A01
201100056063;0;30;0;0;2;8;1;A01
201100056063;0;7;0;0;2;1;1;B01
201100056064;0;7;0;0;2;3;20;A01
201100056064;0;32;0;0;2;2;1;B01
201100056065;0;7;0;0;2;5;4;A01
201100056065;0;31;0;0;2;1;21;B01
201100056066;2;7;0;0;2;6;21;B01
201100056066;0;7;0;0;2;1;15;A01
201100056067;0;32;0;0;2;1;2;A01
201100056067;0;7;0;0;0;4;23;B01
201100056068;0;7;0;0;2;6;11;A01
201100056068;0;7;0;0;2;1;1;B01
201100056069;0;10;0;0;1;1;1;A01
201100056070;0;7;0;0;1;4;4;A01
201100056071;0;7;0;0;2;1;6;B01
201100056071;0;7;0;0;2;1;1;C01
201100056071;0;7;0;0;2;3;5;A01
201100056072;0;7;0;4;0;1;0;A01
201100056073;0;15;0;0;2;1;1;A01
201100056073;0;7;0;0;2;4;1;C01
201100056073;0;15;0;0;2;4;1;D01
201100056073;0;15;0;0;2;4;1;B01
201100056074;0;7;0;3;2;4;1;B01
201100056074;1;15;0;0;2;2;12;Z01
201100056075;0;7;0;4;0;1;1;A01
201100056076;0;7;0;0;2;1;1;C01
201100056076;0;7;0;0;2;1;1;A01
201100056076;0;7;0;0;2;4;1;B01
201100056077;0;7;0;3;0;1;1;A01
201100056078;0;7;0;4;0;1;1;A01
201100056079;0;7;0;0;2;4;1;C01
201100056079;0;7;0;0;2;1;1;D01
201100056079;0;7;0;0;2;1;1;A01
201100056079;0;7;0;0;0;0;1;B01
201100056080;0;7;0;11;0;1;0;A01
201100056080;0;7;0;0;2;1;1;E01
201100056080;0;10;0;0;2;1;1;D01
201100056080;0;7;0;0;9;1;1;B01
201100056080;0;7;0;0;2;4;1;C01
201100056081;0;10;0;0;2;4;1;C01
201100056081;0;7;0;0;2;8;1;B01
201100056081;0;33;0;0;2;7;14;A01
201100056082;0;7;0;0;0;5;1;B01
201100056082;0;33;0;0;2;1;1;A01
201100056083;0;33;0;0;0;8;9;A01
201100056084;0;33;0;16;0;7;16;A01
201100056085;0;10;0;0;2;1;1;A01
201100056085;0;7;0;0;2;4;1;C01
201100056085;0;7;0;0;2;4;1;B01
201100056086;0;7;0;0;0;4;2;E01
201100056086;0;10;0;0;2;4;2;B01
201100056086;0;7;0;0;2;4;2;D01
201100056086;0;10;0;0;2;1;2;A01
201100056086;0;7;0;0;2;4;2;C01
201100056087;0;7;0;0;2;8;1;B01
201100056087;0;15;0;0;2;1;12;A01
201100056088;0;7;0;0;0;4;2;B01
201100056088;0;7;0;0;2;1;2;A01
201100056089;0;7;0;0;0;4;1;B01
201100056089;0;99;0;0;2;1;1;A01
201100056090;0;7;0;0;2;1;1;A01
201100056090;0;7;0;0;2;4;1;C01
201100056090;0;7;0;0;2;4;1;D01
201100056090;0;7;0;0;2;4;1;E01
201100056090;0;7;0;0;2;4;1;B01
201100056091;0;7;0;0;0;4;3;B01
201100056091;0;10;0;0;2;1;2;A01
201100056092;0;7;0;4;2;2;1;B01
201100056092;0;7;0;4;2;1;11;A01
201100056093;0;10;0;0;0;4;2;B01
201100056093;0;33;0;0;2;1;2;A01
201100056093;0;7;0;14;0;1;1;C01
201100056094;0;7;0;0;2;7;12;B01
201100056094;0;33;0;0;2;1;3;A01
201100056095;0;7;0;0;2;1;2;C01
201100056095;0;15;0;0;2;4;2;B01
201100056095;0;15;0;0;2;2;2;D01
201100056095;0;13;0;0;2;1;2;A01
201100056096;0;7;0;0;2;5;1;B01
201100056096;0;33;0;0;2;1;1;A01
201100056097;0;7;0;0;0;8;1;B01
201100056097;0;15;0;0;2;2;12;A01
201100056098;0;7;0;0;2;4;1;C01
201100056098;0;32;0;0;2;2;1;B01
201100056098;0;7;0;0;2;3;11;A01
201100056099;1;7;0;0;2;1;2;Z01
201100056099;0;31;0;0;0;4;1;A01
201100056100;0;7;0;0;0;6;1;B01
201100056100;0;7;0;0;2;1;2;A01
201100056100;0;7;0;0;2;1;1;C01
201100056101;0;14;0;0;2;1;2;A01
201100056101;0;15;0;0;0;4;2;B01
201100056102;0;7;0;4;2;1;17;A01
201100056102;0;33;0;0;0;6;1;B01
201100056103;0;15;0;0;0;4;9;B01
201100056103;0;15;0;0;2;1;1;A01
201100056104;1;14;0;0;2;4;1;Z01
201100056104;0;33;0;0;2;1;1;A01
201100056105;0;7;0;0;2;4;1;B01
201100056105;0;7;0;0;2;1;12;A01
201100056106;1;7;0;0;0;0;17;Z01
201100056106;0;7;0;4;0;7;1;A01
201100056107;0;7;0;0;2;4;1;B01
201100056107;0;7;0;0;2;1;12;A01
201100056108;0;7;0;0;2;6;1;B01
201100056108;0;7;0;15;2;1;1;A01
201100056109;0;15;0;0;2;2;1;B01
201100056109;0;7;0;0;2;3;11;A01
201100056110;0;33;0;0;2;8;1;B01
201100056110;0;7;0;0;2;2;12;A01
201100056111;0;7;0;0;2;0;2;D01
201100056111;0;7;0;0;2;1;2;C01
201100056111;0;7;0;0;2;4;2;B01
201100056111;0;7;0;0;2;1;1;A01
201100056112;0;7;0;0;2;1;2;A01
201100056112;0;7;0;0;2;4;2;B01
201100056113;0;7;0;0;2;8;21;A01
201100056113;0;10;0;0;2;1;1;B01
201100056113;0;7;0;0;2;4;21;C01
201100056114;0;7;0;0;6;1;1;A01
201100056115;0;10;0;0;0;8;23;C01
201100056115;0;15;0;0;0;4;23;E01
201100056115;0;10;0;0;0;6;24;B01
201100056115;0;10;0;0;0;6;23;D01
201100056115;0;15;0;1;0;2;14;A01
201100056116;0;7;0;0;2;8;1;B01
201100056116;0;15;0;0;2;2;12;A01
201100056117;0;7;0;4;0;8;0;A01
201100056118;0;10;0;0;2;4;1;B01
201100056118;0;7;0;0;2;1;1;A01
201100056119;0;7;0;0;2;3;13;A01
201100056119;0;7;0;0;0;2;1;B01
201100056120;0;31;0;0;2;1;11;A01
201100056120;0;7;0;0;0;4;1;B01
201100056121;0;7;0;0;2;3;1;B01
201100056121;0;7;0;0;2;2;12;A01
201100056122;0;7;0;0;2;7;1;C01
201100056122;0;7;0;0;2;1;1;A01
201100056122;0;7;0;0;2;4;1;B01
201100056123;0;10;0;0;2;4;1;E01
201100056123;0;7;0;3;2;4;1;B01
201100056123;0;7;0;3;2;4;1;C02
201100056123;0;10;0;0;2;1;1;A01
201100056123;0;7;0;0;2;4;1;D01
201100056123;0;15;0;0;2;4;1;F01
201100056124;0;7;0;0;0;6;1;B01
201100056124;0;15;0;0;2;2;12;A01
201100056125;0;33;0;0;0;1;16;A01
201100056126;0;7;0;1;2;7;12;B01
201100056126;1;7;0;0;0;4;1;C01
201100056126;0;31;0;0;2;1;0;A01
201100056127;0;10;0;0;2;4;1;B01
201100056127;0;15;0;0;2;1;1;A01
201100056128;0;7;0;0;2;2;0;A01
201100056128;0;7;0;0;0;4;1;B01
201100056129;0;15;0;0;0;0;1;C01
201100056129;0;15;0;0;2;1;0;A01
201100056129;0;7;0;0;2;4;1;B01
201100056130;0;33;0;4;0;8;16;A01
201100056131;0;7;0;0;0;4;1;E01
201100056131;0;7;0;0;0;7;1;B01
201100056131;0;7;0;0;0;4;1;D01
201100056131;0;13;0;0;2;4;1;C01
201100056131;0;15;0;0;2;1;1;A01
201100056132;0;33;0;4;0;3;0;A01
201100056133;0;7;0;0;2;1;1;A01
201100056133;0;7;0;0;2;4;2;B01
201100056133;0;7;0;0;0;4;2;C01
201100056134;0;33;0;3;0;1;0;A01
201100056135;0;7;0;0;2;5;1;A01
201100056135;0;7;0;0;2;1;1;B01
201100056136;0;15;0;4;0;1;16;A01
201100056137;0;7;0;3;0;1;1;C01
201100056137;0;7;0;0;2;1;1;B01
201100056137;0;7;0;0;2;0;11;A01
201100056138;0;33;0;4;0;1;1;A01
201100056139;0;7;0;4;0;8;1;A01
201100056140;0;7;0;0;0;4;2;B01
201100056140;0;10;0;0;2;1;2;A01
201100056141;0;7;0;0;2;1;2;A01
201100056141;0;15;0;0;0;4;2;B01
201100056142;0;14;0;0;2;2;12;A01
201100056142;0;7;0;0;2;8;1;B01
201100056142;0;7;0;0;0;7;1;C01
201100056143;0;7;0;3;0;1;1;A01
201100056144;0;33;0;0;2;1;1;B01
201100056144;0;15;0;14;0;1;1;C01
201100056144;0;7;0;0;0;4;12;A01
201100056145;0;7;0;0;2;4;2;B01
201100056145;0;7;0;0;2;4;2;C01
201100056145;0;10;0;0;0;4;2;D01
201100056145;0;15;0;0;2;1;2;A01
201100056146;0;7;0;0;2;2;1;D01
201100056146;0;7;0;4;2;6;1;B01
201100056146;0;15;0;0;2;2;12;A01
201100056146;0;15;0;0;2;1;1;C01
201100056147;0;7;0;0;2;1;2;A01
201100056147;0;7;0;0;0;4;2;B01
201100056148;0;10;0;0;1;4;4;A01
201100056149;0;7;0;4;0;6;1;B01
201100056149;0;7;0;0;2;2;12;A01
201100056150;0;15;0;0;2;7;12;A01
201100056150;0;7;0;0;2;7;1;C01
201100056150;0;7;0;0;2;6;1;B01
201100056151;0;7;0;3;0;1;1;A01
201100056151;1;7;0;0;0;0;13;Z01
201100056151;0;10;0;0;9;6;1;B01
201100056152;0;7;0;0;2;2;2;A01
201100056152;0;7;0;0;2;6;2;C01
201100056152;0;7;0;0;2;4;2;B01
201100056153;0;14;0;0;2;1;2;A01
201100056153;0;15;0;0;0;4;2;B01
201100056154;0;33;0;0;2;7;1;B01
201100056154;0;7;0;0;2;8;11;A01
201100056155;0;33;0;0;1;1;3;B01
201100056155;0;7;0;0;0;0;23;A01
201100056156;0;7;0;0;2;7;12;B01
201100056156;0;14;0;0;2;4;1;C01
201100056156;0;33;0;0;2;8;3;A01
201100056157;0;15;0;0;0;2;1;B01
201100056157;0;7;0;0;2;8;9;A01
201100056158;0;7;0;0;2;2;12;B01
201100056158;0;33;0;0;2;8;3;A01
201100056159;0;7;0;0;0;4;2;B01
201100056159;0;15;0;0;2;1;2;A01
201100056160;0;7;0;0;2;4;1;B01
201100056160;0;7;0;0;2;1;1;A01
201100056161;0;7;0;11;0;1;1;A01
201100056162;0;7;0;0;2;2;1;B01
201100056162;0;15;0;3;2;3;11;A01
201100056163;0;7;0;3;2;7;12;A01
201100056163;0;15;0;0;2;3;1;B01
201100056164;0;7;0;0;2;1;2;A01
201100056164;0;7;0;0;0;4;2;C01
201100056164;0;7;0;0;2;4;2;B01
201100056165;0;31;0;0;2;1;3;B01
201100056165;0;7;0;0;2;6;11;A01
201100056166;0;7;0;0;0;4;2;C01
201100056166;0;7;0;0;2;4;2;B01
201100056166;0;7;0;0;2;1;2;A01
201100056167;0;7;0;4;2;3;2;A01
201100056167;0;15;0;0;0;6;1;B01
201100056168;0;7;0;2;0;1;21;A01
201100056169;0;7;0;4;0;1;1;A01
201100056170;0;33;0;0;2;1;1;B01
201100056170;0;7;0;0;2;1;12;A01
201100056171;0;15;0;0;2;4;1;D01
201100056171;0;15;0;0;2;4;1;B01
201100056171;0;15;0;0;2;1;1;A01
201100056171;0;15;0;0;2;4;1;C01
201100056172;0;33;0;0;2;1;2;A01
201100056172;0;7;0;0;0;4;2;B01
201100056173;0;15;0;0;2;3;12;A01
201100056173;0;7;0;3;2;8;1;B01
201100056174;0;33;0;0;2;1;1;A01
201100056174;0;7;0;0;2;6;1;B01
201100056175;0;10;0;0;0;4;2;B01
201100056175;0;7;0;0;2;1;2;A01
201100056176;0;7;0;3;0;1;0;A01
201100056177;0;7;0;0;0;4;2;B01
201100056177;0;7;0;0;2;1;2;A01
201100056178;0;7;0;0;0;6;2;B01
201100056178;0;33;0;0;2;1;2;A01
201100056179;0;7;0;0;0;4;2;B01
201100056179;0;7;0;0;2;1;2;A01
201100056180;0;31;0;0;2;1;0;B01
201100056180;0;7;0;0;2;5;12;A01
201100056181;0;33;0;4;0;3;0;A01
201100056182;0;2;0;7;0;3;1;A01
201100056183;0;7;0;0;0;4;2;C01
201100056183;0;7;0;0;2;2;2;B01
201100056183;0;7;0;0;0;6;23;A01
201100056184;0;7;0;0;0;4;2;B01
201100056184;0;7;0;0;2;1;2;A01
201100056185;1;99;0;0;2;1;2;Z01
201100056185;0;7;0;0;0;4;1;A01
201100056186;0;33;0;4;0;1;1;A01
201100056187;0;7;0;0;5;1;1;A01
201100056188;0;30;0;4;0;1;1;A01
201100056189;0;7;0;4;0;1;1;A01
201100056190;0;7;0;13;0;7;1;A01
201100056190;1;10;0;0;2;3;11;Z01
201100056191;0;7;0;4;0;1;1;A01
201100056192;0;7;0;0;2;0;0;A01
201100056192;0;99;0;0;2;1;1;C01
201100056192;0;15;0;0;2;1;0;B01
201100056193;0;7;0;0;2;1;2;A01
201100056193;0;10;0;0;0;4;2;B01
201100056194;0;7;0;3;0;4;1;B01
201100056194;0;7;0;0;2;1;1;A01
201100056195;0;10;0;3;0;1;1;A01
201100056196;0;7;0;0;2;2;1;A01
201100056196;0;7;0;0;2;6;1;B01
201100056197;0;7;0;0;2;2;1;A01
201100056197;0;7;0;0;2;8;1;B01
201100056197;0;7;0;0;2;6;1;C01
201100056197;0;7;0;0;2;4;1;D01
201100056198;0;10;0;0;0;1;1;C01
201100056198;0;7;0;0;2;1;17;A01
201100056198;0;15;0;0;2;6;7;B01
201100056199;0;7;0;3;0;1;2;A01
201100056200;0;15;0;0;2;2;12;A01
201100056200;0;7;0;4;2;6;1;B01
201100056201;0;7;0;0;2;4;2;B01
201100056201;0;99;0;0;2;4;2;A01
201100056202;0;7;0;0;2;4;2;B01
201100056202;0;7;0;0;2;4;2;C01
201100056202;0;10;0;0;2;1;2;A01
201100056202;0;10;0;0;2;1;1;D01
201100056203;0;15;0;3;2;1;1;A01
201100056203;0;10;0;0;2;8;1;B01
201100056204;0;10;0;0;0;4;2;C01
201100056204;0;7;0;0;2;4;2;B01
201100056204;0;10;0;0;2;1;1;A01
201100056205;0;7;0;3;0;1;1;A01
201100056206;0;7;0;0;2;1;2;A01
201100056206;0;7;0;0;2;4;2;B01
201100056207;0;7;0;0;2;1;1;A01
201100056207;0;7;0;0;2;4;1;B01
201100056208;0;14;0;0;9;3;1;B01
201100056208;0;15;0;0;0;0;1;A01
201100056209;0;7;0;4;0;3;0;A01
201100056210;0;7;0;0;2;1;1;A01
201100056210;0;7;0;0;2;4;2;B01
201100056211;0;7;0;0;2;1;2;A01
201100056211;0;7;0;0;2;4;2;B01
201100056211;0;7;0;0;0;4;2;C01
201100056212;0;34;0;0;0;7;1;A01
201100056213;0;7;0;0;0;6;12;B01
201100056213;0;33;0;0;2;1;3;A01
201100056214;0;7;0;0;2;4;16;A01
201100056214;1;7;0;0;2;1;16;Z01
201100056215;0;15;0;0;2;4;2;C01
201100056215;0;7;0;0;2;4;2;B01
201100056215;0;15;0;0;2;1;1;A01
201100056216;0;33;0;0;0;8;2;B01
201100056216;0;15;0;0;2;3;15;A01
201100056217;0;7;0;0;2;7;1;A01
201100056218;0;33;0;0;2;1;0;C01
201100056218;0;7;0;0;0;4;1;B01
201100056218;0;7;0;0;2;1;1;A01
201100056219;0;7;0;0;2;3;12;A01
201100056219;0;33;0;0;0;2;2;B01
201100056220;0;14;0;0;2;4;2;C01
201100056220;0;15;0;0;0;4;2;E01
201100056220;0;15;0;0;2;4;2;B01
201100056220;0;15;0;0;2;1;2;A01
201100056220;0;15;0;0;2;4;2;D01
201100056221;0;7;0;0;2;3;2;A01
201100056221;0;7;0;0;0;4;2;B01
201100056222;0;7;0;13;0;7;0;A01
201100056223;0;7;0;0;0;4;2;B01
201100056223;0;7;0;0;2;1;12;A01
201100056224;0;7;0;0;0;4;2;B01
201100056224;0;33;0;0;2;8;2;A01
201100056225;0;7;0;0;0;4;12;B01
201100056225;0;32;0;0;2;1;1;A01
201100056226;0;7;0;4;0;1;2;A01
201100056227;0;33;0;16;0;8;3;A01
201100056227;0;7;0;0;0;0;11;B01
201100056228;0;33;0;14;0;8;17;A01
201100056229;0;7;0;0;0;4;2;A01
201100056229;0;7;0;0;2;3;2;B01
201100056230;0;33;0;0;2;1;3;A01
201100056230;0;7;0;0;0;4;12;B01
201100056231;0;7;0;4;0;3;2;A01
201100056232;0;7;0;4;0;4;2;A01
201100056233;0;33;0;14;0;1;1;B01
201100056233;0;33;0;14;0;1;1;A01
201100056234;0;7;0;9;2;2;19;A01
201100056234;0;17;0;0;0;3;2;B01
201100056235;0;10;0;4;0;1;12;A01
201100056236;0;17;0;0;0;6;2;B01
201100056236;0;7;0;0;2;3;2;A01
201100056237;0;13;0;0;0;4;2;B01
201100056237;0;17;0;0;2;1;2;A01
201100056238;0;33;0;0;2;1;2;A01