num_acc;senc;catv;occutc;obs;obsm;choc;manv;num_veh
201100056238;1;7;0;0;0;4;2;Z01
201100056239;0;7;0;4;0;3;11;A01
201100056240;0;7;0;4;0;3;1;A01
201100056241;0;7;0;0;0;8;2;B01
201100056241;0;7;0;0;2;2;2;A01
201100056242;0;7;0;0;0;5;1;B01
201100056242;0;33;0;0;2;7;11;A01
201100056243;0;17;0;0;2;2;14;A01
201100056243;0;7;0;4;0;6;2;B01
201100056243;0;7;0;4;2;2;2;C01
201100056243;0;7;0;0;2;1;2;D01
201100056244;0;33;0;0;0;8;3;B01
201100056244;0;7;0;0;2;7;12;A01
201100056245;0;13;0;0;2;1;2;A01
201100056245;1;15;0;0;2;2;0;Z01
201100056246;0;15;0;0;2;2;12;A01
201100056246;0;7;0;0;0;8;1;B01
201100056247;0;7;0;0;0;4;2;B01
201100056247;0;7;0;0;0;4;2;C01
201100056247;0;7;0;0;2;1;2;A01
201100056247;0;7;0;0;0;4;2;D01
201100056248;0;10;0;0;0;5;2;B01
201100056248;0;7;0;0;2;3;2;A01
201100056248;0;7;0;0;0;4;2;C01
201100056249;0;33;0;0;2;1;3;A01
201100056249;0;7;0;0;0;7;12;B01
201100056250;0;7;0;0;0;4;2;B01
201100056250;0;7;0;1;0;4;2;C01
201100056250;0;14;0;0;0;4;2;D01
201100056250;0;7;0;0;2;1;2;A01
201100056251;0;7;0;13;0;1;1;A01
201100056252;0;7;0;0;0;4;2;B01
201100056252;0;7;0;0;2;1;2;A01
201100056253;0;10;0;0;2;4;23;B01
201100056253;0;7;0;0;2;1;12;A01
201100056253;0;7;0;0;0;4;23;C01
201100056254;0;33;0;0;2;1;2;A01
201100056254;0;10;0;0;0;5;2;B01
201100056255;0;7;0;0;0;4;2;B01
201100056255;0;33;0;0;2;1;2;A01
201100056256;0;7;0;3;0;7;2;A01
201100056257;0;7;0;0;0;8;11;B01
201100056257;0;33;0;0;2;2;3;A01
201100056258;0;7;0;0;2;1;2;A01
201100056258;0;7;0;0;0;4;2;B01
201100056259;0;7;0;0;0;5;1;B01
201100056259;0;15;0;0;2;3;11;A01
201100056260;0;7;0;0;0;4;2;B01
201100056260;0;17;0;0;2;1;2;A01
201100056261;0;15;0;4;0;3;0;A01
201100056262;0;33;0;0;0;1;2;B01
201100056262;0;7;0;0;2;5;11;A01
201100056263;0;7;0;0;0;4;2;B01
201100056263;0;15;0;0;2;1;2;A01
201100056264;0;7;0;4;0;5;2;A01
201100056265;0;7;0;0;0;7;1;B01
201100056265;0;7;0;0;2;1;1;A01
201100056266;0;7;0;4;0;1;2;A01
201100056267;0;7;0;4;0;7;1;A01
201100056268;0;7;0;0;0;3;2;B01
201100056268;0;7;0;4;2;1;9;A01
201100056269;0;7;0;4;2;1;2;B01
201100056269;0;7;0;4;2;1;2;A01
201100056270;0;33;0;0;0;7;0;A01
201100056271;0;7;0;4;0;3;2;A01
201100056272;0;7;0;0;0;4;2;C01
201100056272;0;7;0;0;2;1;9;A01
201100056272;0;7;0;0;2;4;2;B01
201100056273;1;15;0;0;2;0;0;A01
201100056273;0;7;0;0;0;6;1;B01
201100056273;0;15;0;0;0;8;24;C01
201100056274;0;17;0;0;0;4;2;B01
201100056274;0;17;0;0;2;1;2;A01
201100056275;0;7;0;0;0;4;1;B01
201100056275;0;7;0;0;2;1;2;A01
201100056276;0;10;0;0;0;4;2;C01
201100056276;0;7;0;0;2;4;2;B01
201100056276;0;7;0;0;2;1;2;A01
201100056277;0;33;0;0;0;6;2;B01
201100056277;0;10;0;0;2;2;12;A01
201100056278;0;7;0;0;0;5;12;A01
201100056278;0;33;0;0;2;1;1;B01
201100056279;0;7;0;3;0;7;2;A01
201100056280;0;7;0;0;0;2;1;B01
201100056280;0;7;0;3;2;3;11;A01
201100056281;0;7;0;0;2;1;2;A01
201100056281;0;7;0;0;0;4;2;C01
201100056281;0;7;0;0;2;4;2;B01
201100056282;0;7;0;0;2;1;1;B01
201100056282;0;7;0;4;0;4;0;A01
201100056283;0;7;0;0;2;4;2;B01
201100056283;0;7;0;7;0;4;1;C01
201100056283;0;10;0;0;2;2;12;A01
201100056284;0;14;0;0;2;1;2;A01
201100056284;0;7;0;0;2;4;2;B01
201100056284;0;7;0;0;0;4;2;C01
201100056285;0;7;0;0;2;1;2;A01
201100056285;0;7;0;0;0;4;2;B01
201100056286;0;7;0;0;0;0;0;A01
201100056287;0;7;0;0;1;7;16;A01
201100056288;0;99;0;0;9;4;4;A01
201100056288;0;1;0;0;0;4;0;B01
201100056289;0;7;0;0;1;7;2;A01
201100056290;0;7;0;0;1;3;1;A01
201100056291;0;33;0;0;2;7;1;B01
201100056291;0;7;0;0;2;1;15;A01
201100056292;1;7;0;0;2;0;17;Z01
201100056292;0;30;0;0;2;8;1;A01
201100056293;0;1;0;0;2;1;1;B01
201100056293;0;1;0;0;2;1;14;A01
201100056293;0;7;0;0;0;0;24;C01
201100056294;0;1;0;0;2;1;1;A01
201100056294;0;7;0;0;0;3;15;B01
201100056295;0;7;0;0;9;8;1;B01
201100056295;0;1;0;0;2;3;11;A01
201100056296;0;7;0;0;0;5;11;B01
201100056296;0;1;0;0;2;5;3;A01
201100056297;1;7;0;0;1;0;0;A01
201100056298;0;7;0;0;2;1;2;A01
201100056298;0;7;0;0;2;4;2;B01
201100056299;1;7;0;0;2;2;2;Z01
201100056299;0;1;0;0;2;8;2;B01
201100056300;0;7;0;0;2;3;2;A01
201100056300;0;33;0;0;0;4;2;B01
201100056301;0;7;0;0;9;0;15;A01
201100056301;0;34;0;0;2;0;17;B01
201100056302;0;7;0;0;2;2;15;A01
201100056302;0;33;0;0;2;8;1;B01
201100056303;0;36;0;14;0;2;2;A01
201100056304;0;7;0;14;0;7;6;A01
201100056305;0;1;0;0;0;0;0;A01
201100056306;0;7;0;0;1;1;2;A01
201100056307;0;7;0;0;1;2;1;A01
201100056308;1;99;0;0;2;1;1;A01
201100056308;0;7;0;0;2;3;1;B01
201100056309;0;30;0;1;0;8;0;A01
201100056310;0;1;0;0;0;0;0;A01
201100056311;0;7;0;0;2;7;16;B01
201100056311;0;31;0;0;2;3;16;A01
201100056312;0;7;0;0;2;4;1;B01
201100056312;1;7;0;0;2;1;1;A01
201100056312;0;7;0;0;0;4;1;C01
201100056313;0;7;0;0;1;3;15;A01
201100056314;0;7;0;0;2;1;2;A01
201100056314;0;33;0;0;2;4;2;B01
201100056315;0;7;0;0;2;8;22;A01
201100056315;0;1;0;1;0;1;18;B01
201100056316;0;30;0;0;0;7;0;A01
201100056317;0;7;0;8;2;3;15;A01
201100056317;0;33;0;8;2;5;1;B01
201100056318;0;7;0;1;0;1;1;A01
201100056319;0;7;0;0;2;2;2;A01
201100056319;0;7;0;0;2;4;1;B01
201100056319;0;7;0;0;2;5;1;C01
201100056319;0;7;0;0;0;6;1;D01
201100056320;0;7;0;0;1;3;0;A01
201100056321;0;7;0;0;0;7;22;A01
201100056321;0;1;0;3;0;1;1;B01
201100056322;0;7;0;11;0;6;7;A01
201100056322;0;37;20;0;2;2;1;B01
201100056323;0;7;0;0;1;3;1;A01
201100056324;0;30;0;0;0;0;1;A01
201100056325;0;7;0;15;0;1;1;A01
201100056326;0;7;0;0;1;1;0;A01
201100056327;0;7;0;0;1;6;15;A01
201100056328;0;7;0;0;0;4;2;A01
201100056328;0;7;0;0;2;1;2;B01
201100056329;0;10;0;0;2;1;21;D01
201100056329;0;7;0;0;2;1;2;E01
201100056329;0;7;0;0;0;4;1;A01
201100056329;0;7;0;0;2;4;1;C01
201100056329;0;7;0;0;2;4;1;B01
201100056330;0;15;0;0;2;7;12;A01
201100056330;0;7;0;0;0;3;1;B01
201100056331;0;7;0;0;0;3;1;A01
201100056331;0;15;0;0;2;2;12;B01
201100056332;0;7;0;0;2;3;14;B01
201100056332;0;7;0;3;0;4;1;A01
201100056333;0;33;0;0;0;2;13;A01
201100056334;0;7;0;0;0;6;1;A01
201100056334;0;7;0;0;0;5;1;C01
201100056334;0;15;0;0;2;2;12;B01
201100056335;0;7;0;0;2;6;1;A01
201100056335;1;17;0;0;2;2;12;Z01
201100056336;0;7;0;0;2;6;1;B01
201100056336;0;10;0;0;0;4;1;A01
201100056336;0;10;0;0;2;2;11;C01
201100056337;0;17;0;0;2;2;12;A01
201100056337;0;7;0;0;2;8;1;B01
201100056337;0;7;0;0;2;2;1;C01
201100056338;0;7;0;0;2;1;1;C01
201100056338;0;10;0;0;0;4;1;A01
201100056338;0;7;0;0;2;4;1;B01
201100056339;0;10;0;0;0;6;2;A01
201100056339;0;7;0;0;2;2;2;B01
201100056340;0;7;0;0;2;1;1;C01
201100056340;0;17;0;0;0;2;1;A01
201100056340;0;7;0;3;2;6;11;B01
201100056341;0;33;0;0;2;8;21;A01
201100056341;0;7;0;0;2;7;12;B01
201100056342;0;10;0;0;0;4;1;A01
201100056342;0;7;0;0;2;1;2;B01
201100056343;0;7;0;0;2;1;2;C01
201100056343;0;7;0;0;0;4;1;A01
201100056343;0;7;0;0;2;4;2;B01
201100056344;0;15;0;0;0;4;2;A01
201100056344;0;7;0;0;2;1;2;B01
201100056345;0;7;0;0;0;4;2;B01
201100056345;0;7;0;0;0;4;1;A01
201100056345;0;7;0;0;2;1;2;D01
201100056345;0;7;0;0;2;4;2;C01
201100056346;0;10;0;3;0;6;1;A01
201100056346;0;17;0;0;2;2;12;B01
201100056347;0;34;0;14;0;7;1;A01
201100056348;0;7;0;0;2;1;2;C01
201100056348;0;7;0;0;2;4;2;A01
201100056348;0;7;0;0;2;4;2;B01
201100056349;0;7;0;0;0;4;23;A01
201100056349;0;7;0;0;2;3;21;D01
201100056349;0;10;0;0;2;4;23;B01
201100056349;0;10;0;0;2;5;23;C01
201100056350;0;7;0;3;2;6;13;A01
201100056350;0;17;0;0;2;2;1;B01
201100056351;0;17;0;0;2;2;12;B01
201100056351;0;7;0;3;0;6;1;A01
201100056352;0;17;0;0;2;2;12;B01
201100056352;0;7;0;0;0;9;2;A01
201100056353;0;7;0;0;1;1;2;A01
201100056354;0;7;0;0;0;4;2;A01
201100056354;0;7;0;0;2;1;2;B01
201100056355;0;33;0;15;0;8;1;A01
201100056355;0;7;0;0;2;2;12;B01
201100056356;0;10;0;0;0;5;2;A01
201100056356;0;33;0;0;2;3;2;B01
201100056357;0;33;0;0;0;3;12;A01
201100056358;0;32;0;3;0;1;0;A01
201100056359;0;10;0;15;0;6;1;A01
201100056359;0;7;0;0;2;6;12;B01
201100056360;0;7;0;3;0;6;1;A01
201100056360;0;15;0;0;2;2;14;B01
201100056361;0;17;0;0;2;8;12;B01
201100056361;0;7;0;0;0;8;1;A01
201100056362;0;7;0;4;2;8;1;A01
201100056362;1;17;0;0;2;2;12;Z01
201100056363;0;7;0;0;0;5;1;A01
201100056363;0;33;0;0;2;1;12;B01
201100056364;0;7;0;0;0;6;1;A01
201100056364;0;17;0;0;2;2;12;B01
201100056365;0;17;0;0;2;1;2;B01
201100056365;0;10;0;0;0;4;1;A01
201100056366;0;7;0;4;0;8;1;A01
201100056366;0;14;0;0;2;2;12;B01
201100056367;0;33;0;0;0;7;0;A01
201100056368;0;33;0;0;0;7;21;A01
201100056369;0;7;0;15;0;1;14;A01
201100056370;0;7;0;8;0;1;6;A01
201100056371;0;7;0;0;0;4;2;A01
201100056371;0;10;0;0;2;4;2;B01
201100056371;0;10;0;0;2;1;2;C01
201100056372;0;7;0;4;0;3;13;A01
201100056373;0;7;0;0;2;1;1;A01
201100056373;0;7;0;3;0;8;13;B01
201100056374;0;10;0;0;1;2;1;A01
201100056375;0;7;0;0;0;4;2;A01
201100056375;0;7;0;0;2;1;2;B01
201100056375;0;7;0;0;2;1;2;C01
201100056376;0;7;0;3;0;1;14;A01
201100056377;0;7;0;0;0;4;23;A01
201100056377;0;7;0;1;0;1;2;B01
201100056378;0;17;0;3;0;6;16;A01
201100056379;0;10;0;0;2;4;2;B01
201100056379;0;7;0;0;2;1;2;A01
201100056380;0;17;0;0;0;5;23;A01
201100056380;0;7;0;14;0;1;2;B01
201100056381;0;7;0;4;0;8;1;A01
201100056382;0;7;0;2;2;2;17;A01
201100056382;0;15;0;0;2;6;1;B01
201100056383;0;33;0;0;0;4;2;B01
201100056383;0;31;0;0;0;4;23;D01
201100056383;0;33;0;1;0;1;21;C01
201100056383;0;33;0;0;0;4;23;E01
201100056383;0;33;0;1;0;1;17;A01
201100056384;0;7;0;2;0;4;14;A01
201100056385;0;7;0;0;2;1;2;C01
201100056385;0;7;0;0;0;4;1;B01
201100056385;0;7;0;0;2;1;1;A01
201100056386;0;14;0;0;2;2;12;A01
201100056386;0;10;0;3;2;8;1;B01
201100056386;0;7;0;0;2;3;1;C01
201100056387;0;7;0;0;2;4;2;B01
201100056387;0;7;0;0;2;1;2;A01
201100056388;0;33;0;3;0;8;17;A01
201100056389;0;7;0;0;2;1;2;A01
201100056389;0;7;0;0;2;4;2;B01
201100056390;0;7;0;0;2;8;2;A01
201100056390;0;33;0;0;2;6;2;B01
201100056391;0;7;0;0;2;1;2;A01
201100056391;0;7;0;0;2;4;2;B01
201100056392;0;10;0;3;0;3;1;A01
201100056393;0;7;0;14;0;2;1;C01
201100056393;0;17;0;0;2;1;12;A01
201100056393;0;7;0;3;2;6;1;B01
201100056394;0;7;0;0;2;3;21;C01
201100056394;0;7;0;3;2;1;5;A01
201100056394;0;7;0;0;2;9;1;B01
201100056395;0;17;0;0;2;1;2;A01
201100056395;0;10;0;0;2;4;2;C01
201100056395;0;7;0;0;2;4;2;D01
201100056395;0;7;0;0;2;4;2;B01
201100056396;0;7;0;0;2;5;2;A01
201100056396;0;7;0;0;2;5;2;B01
201100056397;0;15;0;0;2;4;2;B01
201100056397;0;7;0;14;0;1;2;C01
201100056397;0;17;0;0;2;1;2;A01
201100056398;0;7;0;0;2;2;2;A01
201100056398;0;7;0;0;2;3;5;B01
201100056398;0;10;0;0;0;8;14;C01
201100056399;0;7;0;4;2;1;1;C01
201100056399;0;17;0;0;2;2;1;B01
201100056399;0;7;0;0;2;5;12;A01
201100056400;0;7;0;0;2;2;12;A01
201100056400;0;7;0;3;0;4;1;B01
201100056401;0;7;0;14;0;1;1;B01
201100056401;0;7;0;3;0;1;23;A01
201100056402;0;7;0;4;0;3;13;A01
201100056403;0;7;0;3;0;6;23;B01
201100056403;0;10;0;1;0;2;21;A01
201100056404;0;7;0;0;0;4;2;B01
201100056404;0;33;0;0;2;1;2;A01
201100056405;0;7;0;2;0;3;14;A01
201100056406;0;7;0;0;2;8;1;B01
201100056406;0;15;0;0;2;2;14;A01
201100056407;0;7;0;0;2;1;2;A01
201100056407;0;17;0;0;0;4;1;B01
201100056408;0;15;0;0;2;3;2;B01
201100056408;0;7;0;0;2;7;5;A01
201100056409;0;7;0;0;0;5;23;B01
201100056409;0;7;0;0;2;3;2;A01
201100056409;0;7;0;0;2;1;2;C01
201100056410;0;7;0;0;2;1;2;A01
201100056410;0;14;0;0;0;4;2;B01
201100056411;0;7;0;13;0;1;9;A01
201100056412;0;7;0;0;0;4;2;B01
201100056412;1;7;0;0;2;1;2;A01
201100056413;0;10;0;0;2;2;19;A01
201100056413;0;7;0;3;0;3;1;B01
201100056414;0;10;0;3;0;1;21;A01
201100056415;0;7;0;3;0;2;17;A01
201100056416;0;7;0;2;0;1;0;A01
201100056417;0;7;0;0;0;9;21;A01
201100056418;0;33;0;14;0;1;2;B01
201100056418;0;10;0;14;0;2;2;C01
201100056418;0;7;0;4;0;3;2;A01
201100056419;0;14;0;0;0;8;1;B01
201100056419;0;7;0;3;0;1;21;A01
201100056420;0;7;0;0;2;1;13;A01
201100056420;0;7;0;0;0;5;1;B01
201100056421;0;7;0;0;2;1;2;A01
201100056421;0;7;0;0;0;4;2;B01
201100056422;0;7;0;0;2;6;23;B01
201100056422;0;7;0;0;2;4;23;C01
201100056422;0;7;0;0;2;4;23;D01
201100056422;0;10;0;0;0;5;23;G02
201100056422;0;7;0;0;2;1;2;A01
201100056422;0;7;0;0;2;4;23;F02
201100056422;0;7;0;0;2;4;23;E01
201100056423;1;7;0;0;1;1;0;Z01
201100056424;0;7;0;3;2;4;2;B01
201100056424;0;7;0;0;2;1;2;A01
201100056424;0;7;0;0;0;7;23;C01
201100056425;0;7;0;0;0;4;2;B01
201100056425;0;7;0;0;2;1;2;A01
201100056426;0;17;0;0;0;5;1;B01
201100056426;0;7;0;0;2;3;2;A01
201100056427;0;7;0;0;2;1;2;A01
201100056427;0;7;0;0;0;4;2;C01
201100056427;0;7;0;0;2;4;2;B01
201100056428;0;7;0;3;0;9;1;A01
201100056429;0;7;0;0;1;7;1;A01
201100056430;0;7;0;0;2;1;1;B01
201100056430;0;7;0;0;2;8;1;A01
201100056431;0;7;0;0;1;7;1;A01
201100056432;0;30;0;0;2;8;1;A01
201100056432;0;7;0;0;2;1;1;B01
201100056433;0;7;0;0;1;0;4;A01
201100056434;0;7;0;0;9;2;15;B01
201100056434;0;30;0;0;2;1;1;A01
201100056435;0;7;0;0;9;3;1;A01
201100056435;0;32;0;0;2;4;1;B01
201100056436;0;7;0;0;2;1;1;B01
201100056436;0;7;0;0;2;5;15;A01
201100056437;0;2;0;0;2;7;1;A01
201100056437;0;7;0;0;2;1;1;B01
201100056438;0;7;0;0;0;0;4;A01
201100056439;0;14;0;0;2;2;1;A01
201100056439;0;7;0;0;2;3;1;B01
201100056440;0;2;0;0;2;1;7;B01
201100056440;0;7;0;0;2;5;12;A01
201100056441;0;7;0;0;2;7;1;B01
201100056441;0;1;0;0;2;1;5;A01
201100056442;0;1;0;0;2;3;1;A01
201100056442;0;1;0;0;2;1;1;B01
201100056443;0;7;0;0;2;6;1;B01
201100056443;0;32;0;0;2;1;1;A01
201100056444;1;1;0;0;0;0;1;Z01
201100056444;0;37;18;0;0;0;1;A01
201100056445;0;32;0;0;2;4;23;B01
201100056445;0;7;0;0;2;1;1;A01
201100056446;0;7;0;0;2;1;2;A01
201100056446;0;7;0;0;2;4;2;B01
201100056446;0;7;0;0;2;4;2;C01
201100056447;0;7;0;0;9;3;15;A01
201100056447;0;33;0;12;2;2;8;B01
201100056448;1;7;0;0;2;3;1;Z01
201100056448;0;7;0;15;2;7;15;A01
201100056449;0;7;0;0;1;1;15;A01
201100056450;0;7;0;0;2;2;15;A01
201100056450;0;33;0;0;2;1;1;B01
201100056451;0;7;0;0;1;3;1;A01
201100056452;0;33;0;8;2;8;1;A01
201100056452;0;7;0;0;2;1;1;B01
201100056453;0;7;0;11;0;1;1;A01
201100056454;0;30;0;0;0;2;1;A01
201100056455;0;7;0;0;1;1;1;A01
201100056456;0;7;0;0;1;1;15;A01
201100056457;0;7;0;0;2;1;15;A01
201100056457;0;30;0;2;2;7;1;B01
201100056458;0;7;0;0;9;4;23;B01
201100056458;0;33;0;0;2;1;1;A01
201100056459;0;35;0;0;2;3;16;A01
201100056459;0;7;0;0;2;2;1;B01
201100056460;0;7;0;0;2;1;1;B01
201100056460;0;7;0;0;2;2;1;A01
201100056461;0;7;0;0;2;1;1;A01
201100056461;0;7;0;0;2;7;1;B01
201100056462;0;7;0;0;2;2;15;A01
201100056462;0;2;0;0;2;1;1;B01
201100056463;0;33;0;0;2;1;1;B01
201100056463;0;7;0;0;2;5;19;A01
201100056464;0;7;0;1;2;1;16;A01
201100056464;0;7;0;0;2;7;1;B01
201100056465;0;32;0;0;2;8;1;B01
201100056465;0;7;0;0;2;2;12;A01
201100056466;0;7;0;0;1;3;1;A01
201100056467;0;2;0;0;1;1;13;A01
201100056468;0;7;0;0;1;1;1;A01
201100056469;0;7;0;1;2;3;1;B01
201100056469;0;7;0;0;2;1;10;A01
201100056470;0;14;0;0;1;7;16;A01
201100056471;0;7;0;8;2;8;15;A01
201100056471;0;7;0;8;2;2;15;B01
201100056472;0;7;0;0;1;3;15;A01
201100056473;0;7;0;0;2;2;1;B01
201100056473;0;7;0;7;2;0;10;A01
201100056474;0;31;0;0;2;1;1;B01
201100056474;0;7;0;0;2;2;15;A01
201100056475;0;10;0;0;2;6;4;A01
201100056475;0;7;0;0;2;1;1;B01
201100056476;0;7;0;0;2;4;2;B01
201100056476;0;7;0;0;2;1;2;A01
201100056477;1;33;0;0;1;0;1;Z01
201100056478;0;7;0;0;2;4;23;B01
201100056478;0;7;0;0;2;1;1;A01
201100056479;0;33;0;0;2;1;1;B01
201100056479;0;10;0;0;2;3;15;A01
201100056480;0;7;0;6;0;2;0;A01
201100056481;0;33;0;0;2;8;1;B01
201100056481;0;10;0;0;2;1;15;A01
201100056482;0;7;0;0;2;1;1;B01
201100056482;0;7;0;0;2;7;1;A01
201100056483;0;2;0;0;2;1;1;B01
201100056483;0;7;0;0;2;7;15;A01
201100056484;0;10;0;0;1;0;2;A01
201100056485;0;33;0;0;2;1;2;B01
201100056485;0;17;0;0;2;0;15;A01
201100056486;0;7;0;0;2;8;15;B01
201100056486;0;33;0;0;2;2;2;A01
201100056487;0;7;0;0;1;2;2;A01
201100056488;0;13;0;0;1;2;15;A01
201100056489;0;3;0;0;1;8;2;A01
201100056490;0;7;0;0;2;4;23;B01
201100056490;0;7;0;0;2;1;2;A01
201100056491;0;7;0;0;2;1;1;B01
201100056491;0;30;0;0;2;8;1;A01
201100056492;0;7;0;0;2;7;4;A01
201100056492;0;30;0;0;1;1;1;B01
201100056493;0;7;0;0;2;4;2;B01
201100056493;0;33;0;0;2;3;2;A01
201100056494;0;1;0;0;2;1;1;B01
201100056494;0;10;0;0;9;3;16;A01
201100056495;0;7;0;0;2;5;1;A01
201100056495;0;32;0;0;2;1;1;B01
201100056496;0;7;0;0;2;2;21;B01
201100056496;0;32;0;11;2;3;18;A01
201100056497;0;7;0;0;1;2;1;A01
201100056498;0;7;0;0;1;2;1;A01
201100056499;0;20;0;0;2;6;16;B01
201100056499;0;7;0;0;2;7;2;C01
201100056499;0;30;0;0;2;1;3;A01
201100056500;0;7;0;0;2;3;15;B01
201100056500;0;32;0;0;2;7;17;A01
201100056501;0;7;0;0;2;2;1;B01
201100056501;0;7;0;0;2;3;15;A01
201100056502;0;40;20;0;2;2;1;B01
201100056502;0;1;0;0;4;2;5;A01
201100056503;0;7;0;0;1;2;1;A01
201100056504;0;7;0;0;2;9;21;B01
201100056504;0;7;0;0;2;3;10;A01
201100056505;0;7;0;0;2;0;15;A01
201100056505;0;7;0;11;2;1;1;B01
201100056506;0;7;0;0;2;1;1;B01
201100056506;0;7;0;0;2;2;15;A01
201100056507;0;30;0;1;0;0;1;A01
201100056508;0;7;0;0;0;7;0;A01
201100056508;0;32;0;12;0;8;18;B01
201100056509;0;7;0;1;1;3;15;A01
201100056510;0;7;0;0;2;2;1;B01
201100056510;0;1;0;0;2;7;19;A01
201100056511;0;33;0;2;0;0;18;A01
201100056511;0;7;0;12;0;2;12;B01
201100056512;0;10;0;0;1;1;1;A01
201100056513;0;7;0;0;1;2;1;A01
201100056514;0;33;0;0;2;0;1;A01
201100056515;0;7;0;0;0;2;1;B01
201100056515;0;1;0;0;0;8;1;A01
201100056516;0;7;0;1;2;2;13;A01
201100056516;0;33;0;0;2;1;2;B01
201100056517;0;7;0;0;0;4;2;B01
201100056517;0;7;0;0;0;4;2;C01
201100056517;0;7;0;0;0;1;2;A01
201100056518;0;1;0;0;2;7;1;A01
201100056518;0;7;0;0;9;1;1;B01
201100056519;0;7;0;0;1;1;2;A01
201100056520;1;7;0;0;0;0;0;A01
201100056521;0;10;0;0;2;3;15;A01
201100056521;0;7;0;15;2;3;1;B01
201100056522;0;32;0;0;0;1;1;A01
201100056523;0;7;0;8;2;3;2;A01
201100056523;0;7;0;8;2;2;1;B01
201100056524;0;7;0;0;2;2;21;A01
201100056524;0;7;0;1;0;1;2;B01
201100056524;0;7;0;0;2;4;2;C01
201100056524;0;7;0;0;2;4;2;D01
201100056524;0;7;0;0;0;4;23;E01
201100056525;0;31;0;0;2;1;1;A01
201100056525;0;7;0;0;0;2;16;B01
201100056526;0;7;0;0;2;8;1;A01
201100056526;0;2;0;0;2;1;1;B01
201100056527;0;7;0;0;2;1;2;A01
201100056527;0;7;0;0;2;4;2;B01
201100056528;0;7;0;0;0;1;2;A01
201100056528;0;7;0;0;0;4;1;B01
201100056528;0;7;0;0;0;4;2;C01
201100056529;0;2;0;0;0;1;19;A01
201100056529;0;7;0;0;0;2;19;B01
201100056530;0;7;0;0;4;3;15;A01
201100056530;0;40;1;0;2;0;2;B01
201100056531;0;31;0;0;1;1;1;A01
201100056532;0;7;0;1;2;6;11;A01
201100056532;0;7;0;0;2;2;1;B01
201100056533;0;7;0;0;9;7;15;A01
201100056533;0;1;0;0;2;0;8;B01
201100056534;0;32;0;0;2;7;15;A01
201100056534;0;7;0;0;2;1;1;B01
201100056535;0;7;0;0;2;3;15;A01
201100056535;0;32;0;0;2;1;1;B01
201100056536;0;7;0;0;2;2;15;A01
201100056536;0;33;0;0;2;1;1;B01
201100056537;0;7;0;0;2;1;15;A01
201100056537;0;33;0;0;2;8;1;B01
201100056538;0;7;0;0;2;2;12;A01
201100056538;0;31;0;0;2;0;2;B01
201100056539;0;7;0;0;2;2;15;A01
201100056539;0;30;0;0;2;1;1;B01
201100056540;0;7;0;1;0;2;1;A01
201100056541;0;30;0;0;2;3;18;A01
201100056541;0;7;0;1;2;7;16;B01
201100056542;0;7;0;0;1;7;2;A01
201100056543;0;7;0;0;2;2;1;B01
201100056543;0;7;0;0;2;1;5;A01
201100056544;0;7;0;0;2;1;14;A01
201100056544;0;7;0;0;2;3;1;B01
201100056544;0;10;0;0;2;8;1;C01
201100056545;0;7;0;0;9;4;2;A01
201100056545;0;30;0;0;2;1;2;B01
201100056546;0;7;0;0;2;1;2;A01
201100056546;0;7;0;0;2;6;19;B01
201100056547;0;30;0;0;2;7;19;A01
201100056547;0;7;0;0;2;1;10;B01
201100056548;0;7;0;0;1;1;15;A01
201100056549;0;7;0;0;2;8;11;A01
201100056549;0;33;0;0;2;1;1;B01
201100056550;0;1;0;0;2;0;1;A01
201100056550;0;7;0;0;2;0;1;B01
201100056551;0;7;0;0;2;1;1;A01
201100056551;0;7;0;0;1;3;15;B01
201100056552;0;3;0;0;2;2;1;A01
201100056552;0;7;0;0;2;1;1;B01
201100056553;0;10;0;0;2;5;0;C01
201100056553;0;10;0;0;2;2;12;B01
201100056553;0;10;0;0;0;4;0;D01
201100056553;0;10;0;1;2;1;2;A01
201100056554;0;7;0;0;1;1;2;A01
201100056555;0;7;0;0;1;3;0;A01
201100056556;0;10;0;0;2;6;0;B01
201100056556;0;33;0;0;2;8;0;A01
201100056557;0;7;0;0;1;1;15;A01
201100056558;0;10;0;0;1;3;1;A01
201100056559;0;7;0;12;1;3;0;A01
201100056560;0;7;0;0;1;0;0;A01
201100056561;0;7;0;0;1;3;0;A01
201100056562;0;7;0;0;2;1;16;A01
201100056562;0;1;0;0;2;1;1;B01
201100056563;0;2;0;0;0;4;0;A01
201100056563;0;10;0;0;2;1;2;B01
201100056563;0;10;0;1;0;0;2;C01
201100056563;0;10;0;0;0;0;0;D01
201100056563;0;10;0;0;0;0;0;E01
201100056564;0;7;0;0;2;4;4;A01
201100056564;0;32;0;0;2;1;4;B01
201100056565;0;7;0;0;2;2;15;B01
201100056565;0;31;0;0;2;1;1;A01
201100056566;0;7;0;0;2;1;1;B01
201100056566;0;7;0;0;2;1;1;A01
201100056567;0;7;0;0;1;5;1;A01
201100056568;0;7;0;0;1;3;1;A01
201100056569;1;10;0;0;1;7;0;Z01
201100056570;0;7;0;8;0;9;1;A01
201100056571;0;33;0;0;2;1;2;B01
201100056571;0;10;0;0;2;8;1;A01
201100056572;2;7;0;6;0;1;1;A01
201100056573;0;10;0;0;1;3;0;A01
201100056574;0;7;0;0;2;5;15;A01