num_acc;senc;catv;occutc;obs;obsm;choc;manv;num_veh
201100056574;0;1;0;0;2;1;1;B01
201100056575;0;7;0;0;1;0;1;A01
201100056576;0;2;0;0;2;1;1;B01
201100056576;0;10;0;0;2;4;4;A01
201100056577;0;32;0;0;1;2;0;A01
201100056578;0;1;0;0;2;1;0;B01
201100056578;0;10;0;0;9;1;0;A01
201100056579;0;7;0;15;1;1;18;A01
201100056579;0;7;0;0;2;7;23;B01
201100056580;0;7;0;0;1;3;1;A01
201100056581;0;7;0;0;2;1;1;B01
201100056581;0;7;0;2;2;7;1;A01
201100056582;0;7;0;0;0;4;0;C01
201100056582;0;33;0;0;2;1;13;A01
201100056582;0;7;0;0;2;1;0;B01
201100056583;0;7;0;0;2;2;1;A01
201100056583;0;7;0;0;0;2;1;B01
201100056584;0;7;0;0;1;1;15;A01
201100056585;0;10;0;0;2;3;15;A01
201100056585;0;33;0;0;2;1;1;B01
201100056586;0;7;0;0;1;0;16;A01
201100056587;0;7;0;0;1;1;1;A01
201100056588;0;10;0;0;0;0;0;D01
201100056588;0;10;0;0;0;5;0;C01
201100056588;0;30;0;0;2;1;0;A01
201100056589;0;10;0;0;2;8;0;B01
201100056589;0;10;0;0;2;2;0;A01
201100056590;0;7;0;0;2;4;1;B01
201100056590;0;7;0;0;2;1;1;A01
201100056590;0;7;0;1;0;6;1;C01
201100056591;0;7;0;0;2;3;2;A01
201100056591;0;33;0;0;2;1;2;B01
201100056592;0;10;0;0;1;6;2;A01
201100056593;0;10;0;0;1;1;15;A01
201100056594;0;7;0;0;1;1;16;A01
201100056595;0;7;0;0;2;3;15;B01
201100056595;0;33;0;0;2;7;17;A01
201100056596;0;10;0;0;1;4;0;A01
201100056597;0;7;0;0;2;7;16;A01
201100056597;0;7;0;0;2;1;1;B01
201100056598;0;7;0;0;0;4;2;E01
201100056598;0;7;0;0;2;4;2;B01
201100056598;0;7;0;0;2;1;2;A01
201100056598;0;7;0;0;2;4;2;C01
201100056598;0;7;0;0;0;4;2;D01
201100056599;0;10;0;0;9;2;15;A01
201100056599;0;1;0;0;2;1;0;B01
201100056600;1;7;0;0;2;0;0;Z01
201100056600;0;7;0;0;2;0;0;A01
201100056600;0;7;0;0;2;0;0;B01
201100056601;0;10;0;0;1;1;0;A01
201100056602;0;33;0;0;1;1;2;A01
201100056603;0;7;0;0;1;2;1;A01
201100056604;0;7;0;0;2;3;1;B01
201100056604;0;7;0;1;2;1;9;A01
201100056605;0;1;0;0;2;8;2;B01
201100056605;0;38;1;0;2;0;2;A01
201100056606;0;7;0;0;1;3;2;A01
201100056607;0;7;0;0;1;0;1;A01
201100056608;0;10;0;0;9;1;0;A01
201100056608;0;1;0;0;2;1;0;Y01
201100056609;0;7;0;0;1;0;1;A01
201100056610;0;7;0;0;4;8;15;A01
201100056610;0;40;10;0;2;1;1;B01
201100056611;0;7;0;0;1;1;1;A01
201100056612;0;1;0;0;2;8;2;B01
201100056612;0;7;0;0;2;2;16;A01
201100056613;0;7;0;0;2;8;10;A01
201100056613;0;32;0;0;2;1;1;B01
201100056614;0;7;0;0;2;3;14;A01
201100056614;0;1;0;0;2;0;1;B01
201100056615;0;7;0;8;0;3;16;A01
201100056616;0;10;0;0;2;3;0;B01
201100056616;0;10;0;0;2;0;0;A01
201100056617;0;7;0;0;2;8;1;B01
201100056617;0;7;0;0;2;1;1;A01
201100056618;0;30;0;0;2;1;5;A01
201100056618;0;7;0;0;0;2;0;B01
201100056619;0;31;0;0;0;7;0;A01
201100056620;0;7;0;0;2;8;15;A01
201100056620;0;33;0;0;2;9;17;B01
201100056621;0;36;0;0;0;9;1;A01
201100056622;0;7;0;0;2;3;0;B01
201100056622;0;7;0;0;2;5;0;A01
201100056623;0;1;0;0;2;1;0;A01
201100056623;0;10;0;0;0;3;0;B01
201100056624;0;10;0;0;1;1;2;A01
201100056625;0;10;0;0;1;1;2;A01
201100056626;0;7;0;0;0;4;0;B01
201100056626;0;10;0;0;2;1;2;A01
201100056627;0;7;0;14;0;4;23;B01
201100056627;0;7;0;14;0;2;2;A01
201100056628;0;7;0;0;1;1;9;A01
201100056629;0;7;0;0;1;2;2;A01
201100056630;0;7;0;0;1;2;1;A01
201100056631;0;7;0;0;2;1;0;A01
201100056631;0;2;0;0;2;5;1;B01
201100056632;0;7;0;1;9;8;22;A01
201100056632;0;1;0;1;0;1;21;B01
201100056633;0;7;0;0;1;1;1;A01
201100056634;0;7;0;0;2;1;15;A01
201100056634;0;34;0;0;2;8;1;B01
201100056635;1;7;0;0;0;0;15;Z01
201100056635;0;37;4;0;0;0;1;B01
201100056636;0;7;0;0;1;7;2;A01
201100056637;0;7;0;0;9;2;1;A01
201100056637;0;1;0;0;2;1;1;B01
201100056638;0;32;0;0;2;1;1;A01
201100056638;0;7;0;0;0;4;1;B01
201100056639;0;7;0;0;1;2;1;A01
201100056640;0;7;0;0;2;6;15;A01
201100056640;0;32;0;0;2;9;15;B01
201100056641;0;7;0;0;2;7;15;A01
201100056641;0;32;0;0;2;1;1;B01
201100056642;0;2;0;0;2;1;1;A01
201100056642;0;7;0;0;2;3;1;B01
201100056643;0;7;0;1;0;1;13;A01
201100056644;0;7;0;0;2;2;2;A01
201100056644;0;7;0;0;2;5;2;B01
201100056645;0;10;0;0;1;2;5;A01
201100056646;0;7;0;0;2;1;2;A01
201100056646;0;20;0;0;2;4;24;B01
201100056647;0;10;0;0;2;1;0;A01
201100056647;0;10;0;0;2;1;0;B01
201100056648;0;7;0;0;2;2;15;A01
201100056648;0;2;0;0;2;9;15;B01
201100056649;0;7;0;0;2;3;9;A01
201100056649;0;32;0;0;2;1;1;B01
201100056650;0;10;0;0;2;7;0;A01
201100056650;0;10;0;0;2;1;0;B01
201100056651;0;7;0;0;2;2;1;B01
201100056651;0;7;0;0;2;1;1;A01
201100056652;0;7;0;0;2;5;1;A01
201100056652;0;7;0;0;2;1;1;B01
201100056653;0;7;0;0;2;5;15;A01
201100056653;0;7;0;0;2;3;1;B01
201100056654;0;30;0;0;2;1;0;A01
201100056654;0;7;0;0;2;1;0;B01
201100056655;0;10;0;0;1;1;0;A01
201100056656;0;7;0;0;2;3;11;A01
201100056656;0;33;0;0;2;8;1;B01
201100056657;0;7;0;0;2;1;2;A01
201100056657;0;31;0;0;2;9;2;B01
201100056657;0;7;0;0;2;4;2;C01
201100056658;0;2;0;0;9;8;1;A01
201100056658;0;1;0;0;9;7;14;B01
201100056659;0;13;0;0;2;0;24;A01
201100056659;0;1;0;1;0;1;1;B01
201100056660;0;7;0;8;2;3;1;A01
201100056660;0;7;0;0;2;1;1;B01
201100056661;0;7;0;0;2;0;0;A01
201100056661;0;7;0;0;2;0;0;B01
201100056662;0;7;0;0;2;1;2;A01
201100056662;0;7;0;0;2;9;2;B01
201100056662;0;7;0;0;2;0;2;C01
201100056663;0;10;0;0;2;1;2;A01
201100056663;0;10;0;0;0;4;2;B01
201100056664;0;7;0;0;2;0;0;A01
201100056664;0;7;0;0;0;0;0;B01
201100056665;0;7;0;13;0;1;11;A01
201100056666;0;7;0;3;0;1;1;A01
201100056667;0;7;0;0;2;3;2;A01
201100056667;0;7;0;0;2;7;1;B01
201100056668;0;7;0;0;2;4;2;B01
201100056668;0;7;0;0;2;1;2;A01
201100056669;0;7;0;4;0;3;0;A01
201100056669;0;7;0;4;2;8;12;C01
201100056669;0;7;0;0;0;4;2;E01
201100056669;0;7;0;0;2;3;2;B01
201100056669;0;7;0;0;2;4;2;F02
201100056669;0;7;0;0;2;2;2;G02
201100056669;0;7;0;0;0;4;2;D01
201100056670;0;7;0;4;2;1;1;B01
201100056670;0;15;0;0;2;1;12;A01
201100056671;0;7;0;3;0;1;1;A01
201100056672;0;7;0;0;0;5;23;B01
201100056672;0;7;0;0;2;3;11;A01
201100056673;0;7;0;4;0;8;13;A01
201100056674;0;7;0;0;0;0;12;B01
201100056674;0;7;0;3;0;3;21;A01
201100056675;0;10;0;13;0;2;1;A01
201100056676;0;15;0;0;2;2;0;B01
201100056676;0;7;0;0;2;6;9;A01
201100056677;0;7;0;0;2;5;23;B01
201100056677;0;7;0;1;0;3;12;A01
201100056678;0;7;0;0;2;4;23;C01
201100056678;0;7;0;0;0;4;23;D01
201100056678;0;7;0;0;2;4;2;B01
201100056678;0;7;0;0;2;1;2;A01
201100056679;0;7;0;3;2;1;14;A01
201100056679;0;10;0;0;0;4;2;B01
201100056680;0;7;0;4;0;1;1;A01
201100056681;0;7;0;0;0;7;2;D01
201100056681;0;7;0;0;0;6;2;C01
201100056681;0;10;0;3;0;6;2;B01
201100056681;0;7;0;4;2;5;11;A01
201100056682;0;7;0;0;2;3;11;A01
201100056682;0;7;0;0;2;2;1;B01
201100056683;0;15;0;0;1;3;1;B01
201100056683;0;10;0;0;1;2;1;A01
201100056684;0;7;0;0;2;4;2;D01
201100056684;0;7;0;0;2;4;2;B01
201100056684;0;7;0;0;2;4;2;C01
201100056684;0;17;0;0;2;1;2;A01
201100056685;0;7;0;0;9;4;2;B01
201100056685;0;33;0;0;2;1;2;A01
201100056686;0;7;0;4;2;1;14;A01
201100056686;0;7;0;4;2;9;1;B01
201100056687;0;7;0;0;0;0;2;A01
201100056687;0;7;0;0;0;0;21;B01
201100056688;0;10;0;0;2;2;17;A01
201100056688;0;7;0;4;0;8;1;B01
201100056689;0;7;0;0;2;2;1;A01
201100056689;0;7;0;13;2;3;1;B01
201100056690;0;7;0;0;2;3;13;A01
201100056690;0;7;0;0;2;7;1;B01
201100056691;0;10;0;0;2;4;2;B01
201100056691;0;7;0;0;2;1;2;A01
201100056692;0;7;0;0;0;4;2;B01
201100056692;0;7;0;0;2;1;2;A01
201100056693;0;17;0;0;2;3;2;A01
201100056693;0;10;0;4;2;7;11;C01
201100056693;0;7;0;0;2;4;2;B01
201100056694;0;15;0;0;2;2;12;A01
201100056694;0;7;0;0;2;6;1;B01
201100056695;0;10;0;0;2;3;12;A01
201100056695;0;7;0;0;2;5;12;B01
201100056696;1;10;0;0;2;1;2;Z01
201100056696;0;7;0;0;2;4;1;B01
201100056697;0;7;0;0;2;4;2;B01
201100056697;0;7;0;0;2;1;2;A01
201100056698;0;15;0;0;2;2;12;A01
201100056698;0;7;0;4;2;4;0;B01
201100056699;0;7;0;0;2;1;2;A01
201100056699;0;7;0;0;0;4;2;B01
201100056700;0;7;0;4;2;2;1;B01
201100056700;0;7;0;4;2;6;11;A01
201100056701;0;7;0;0;0;0;15;A01
201100056701;0;7;0;0;0;9;21;B01
201100056702;0;7;0;4;0;2;0;A01
201100056703;0;7;0;3;0;1;1;A01
201100056704;0;7;0;13;0;1;0;A01
201100056705;0;7;0;0;2;4;2;C01
201100056705;0;7;0;0;2;4;2;B01
201100056705;0;7;0;0;2;1;2;A01
201100056706;0;7;0;0;2;4;11;A01
201100056706;0;7;0;0;2;1;1;B01
201100056707;0;7;0;0;2;5;2;B01
201100056707;0;7;0;0;2;1;2;A01
201100056707;0;38;59;0;2;5;2;C01
201100056708;0;7;0;0;9;2;1;C01
201100056708;0;7;0;0;2;3;2;B01
201100056708;0;7;0;0;2;1;2;A01
201100056709;0;7;0;4;0;1;1;B01
201100056709;0;7;0;4;1;3;0;A01
201100056710;0;7;0;0;2;1;2;A01
201100056710;0;7;0;0;0;4;2;C01
201100056710;0;7;0;0;2;4;2;B01
201100056711;1;7;0;0;0;0;0;Z01
201100056711;0;7;0;4;0;1;1;A01
201100056712;0;7;0;4;2;3;1;B01
201100056712;0;15;0;0;2;2;12;A01
201100056713;0;7;0;0;0;4;2;B01
201100056713;0;7;0;0;2;1;2;A01
201100056714;0;7;0;4;0;2;1;A01
201100056715;1;7;0;0;2;6;9;A01
201100056715;0;7;0;0;2;2;17;B01
201100056716;0;10;0;0;0;7;1;C01
201100056716;0;7;0;0;0;6;2;B01
201100056716;0;7;0;0;2;2;11;A01
201100056717;0;7;0;4;0;1;1;A01
201100056718;0;7;0;0;2;2;1;A01
201100056718;0;7;0;4;2;6;1;B01
201100056719;0;7;0;0;0;0;1;T01
201100056719;0;7;0;4;0;3;0;A01
201100056720;0;7;0;14;0;4;2;B01
201100056720;0;7;0;0;2;4;2;C01
201100056720;0;7;0;14;0;1;2;A01
201100056721;0;7;0;0;0;4;2;B01
201100056721;0;7;0;0;2;1;2;A01
201100056722;0;7;0;3;0;3;1;A01
201100056723;0;7;0;14;0;1;2;C01
201100056723;0;7;0;0;2;2;14;A01
201100056723;0;7;0;3;2;3;1;B01
201100056723;0;7;0;0;2;1;1;D01
201100056723;0;7;0;0;0;4;1;E01
201100056723;0;7;0;0;0;5;23;F02
201100056724;0;7;0;4;0;2;1;A01
201100056724;1;10;0;0;2;2;0;Z01
201100056725;0;33;0;3;2;2;2;A01
201100056725;0;7;0;0;2;5;2;B01
201100056726;0;7;0;4;0;8;1;A01
201100056727;0;7;0;0;2;8;1;B01
201100056727;0;17;0;0;2;2;12;A01
201100056728;0;7;0;0;2;8;2;B01
201100056728;0;7;0;0;2;7;1;A01
201100056729;0;7;0;0;2;1;17;A01
201100056729;0;15;0;0;2;4;1;B01
201100056730;0;7;0;3;0;1;0;A01
201100056731;0;7;0;0;2;4;1;B01
201100056731;0;7;0;0;2;1;2;A01
201100056732;0;7;0;0;2;2;0;A01
201100056732;0;7;0;0;2;1;2;B01
201100056732;0;17;0;0;2;8;2;C01
201100056733;0;7;0;0;0;6;1;B01
201100056733;0;7;0;0;2;1;1;A01
201100056734;0;33;0;3;0;1;14;A01
201100056735;0;7;0;1;0;2;12;A01
201100056735;0;7;0;1;0;4;2;B01
201100056735;0;7;0;1;0;4;2;C01
201100056735;0;7;0;1;0;4;2;D01
201100056736;0;7;0;4;2;6;1;B01
201100056736;0;7;0;4;2;2;1;A01
201100056737;0;7;0;0;2;6;11;A01
201100056737;0;7;0;4;2;2;21;B01
201100056738;0;7;0;6;0;2;2;A01
201100056739;0;17;0;0;0;6;2;B01
201100056739;0;7;0;0;2;2;2;A01
201100056740;0;16;0;0;2;3;21;B01
201100056740;0;7;0;4;2;3;17;A01
201100056741;0;15;0;0;2;2;2;B01
201100056741;0;7;0;0;2;3;9;A01
201100056742;0;7;0;0;2;1;2;A01
201100056742;0;10;0;0;0;6;1;B01
201100056743;0;7;0;4;0;2;1;A01
201100056744;0;7;0;4;2;1;1;A01
201100056744;0;7;0;0;2;5;1;B01
201100056745;0;33;0;0;2;1;1;B01
201100056745;0;7;0;0;2;6;11;A01
201100056746;0;7;0;0;0;4;2;C01
201100056746;0;7;0;0;2;1;2;A01
201100056746;0;7;0;0;2;4;2;B01
201100056747;0;7;0;4;9;3;1;A01
201100056748;0;7;0;0;2;2;1;A01
201100056748;0;7;0;0;0;4;23;B01
201100056749;0;7;0;0;2;4;11;B01
201100056749;0;7;0;0;2;8;1;C01
201100056749;0;7;0;0;2;1;1;A01
201100056750;0;7;0;0;0;0;0;A01
201100056751;0;7;0;4;0;8;1;A01
201100056752;0;13;0;0;2;1;0;A01
201100056752;0;7;0;0;2;9;2;B01
201100056752;0;7;0;0;2;4;2;C01
201100056753;0;7;0;1;0;1;2;A01
201100056753;0;7;0;14;0;1;2;B01
201100056754;0;7;0;13;0;1;0;A01
201100056755;0;7;0;0;2;1;2;A01
201100056755;0;7;0;0;0;6;1;B01
201100056756;0;7;0;13;0;1;1;A01
201100056757;0;7;0;4;0;1;1;A01
201100056758;0;7;0;4;0;3;1;A01
201100056759;0;7;0;0;2;4;2;B01
201100056759;0;7;0;0;2;1;2;A01
201100056759;0;7;0;0;0;4;2;C01
201100056760;0;7;0;0;0;6;1;B01
201100056760;0;7;0;0;2;1;2;A01
201100056761;0;7;0;4;0;3;2;A01
201100056762;0;7;0;0;0;9;14;A01
201100056763;0;7;0;4;0;1;1;A01
201100056764;0;10;0;4;0;1;21;A01
201100056765;0;7;0;14;0;2;14;A01
201100056766;0;7;0;0;2;1;2;A01
201100056766;0;7;0;3;2;4;1;B01
201100056767;0;7;0;0;2;1;1;A01
201100056767;0;7;0;0;2;4;1;B01
201100056767;0;7;0;0;0;6;1;C01
201100056768;0;10;0;4;0;0;1;A01
201100056769;0;7;0;12;0;1;0;A01
201100056770;0;7;0;13;0;1;14;A01
201100056771;0;7;0;4;0;4;1;A01
201100056772;0;7;0;3;0;2;1;A01
201100056773;0;7;0;3;0;0;9;A01
201100056774;0;7;0;0;0;1;1;A01
201100056775;0;7;0;4;0;3;13;A01
201100056776;0;7;0;3;0;1;1;A01
201100056777;0;7;0;0;2;1;2;A01
201100056777;0;7;0;0;0;4;2;B01
201100056778;0;7;0;4;0;6;2;B01
201100056778;0;7;0;1;0;4;0;A01
201100056779;0;7;0;0;2;1;2;A01
201100056779;0;7;0;0;2;4;2;B01
201100056780;0;7;0;0;2;4;2;D01
201100056780;0;7;0;0;2;1;2;A01
201100056780;0;7;0;0;2;4;2;C01
201100056780;0;7;0;0;2;4;2;B01
201100056781;0;7;0;0;0;8;13;B01
201100056781;0;33;0;4;2;8;17;A01
201100056782;0;7;0;0;0;5;2;B01
201100056782;0;7;0;0;2;3;13;A01
201100056783;0;7;0;14;0;1;2;B01
201100056783;0;7;0;0;0;7;2;A01
201100056784;0;7;0;4;2;1;0;A01
201100056784;0;7;0;0;2;1;21;C01
201100056784;0;7;0;3;2;4;1;B01
201100056785;0;7;0;0;2;1;2;A01
201100056785;0;7;0;0;2;1;2;B01
201100056785;0;7;0;0;2;4;2;C01
201100056786;0;7;0;0;0;6;2;B01
201100056786;0;7;0;1;0;1;2;A01
201100056787;0;31;0;0;0;3;1;A01
201100056788;0;10;0;0;2;4;23;C01
201100056788;0;7;0;0;2;4;23;B01
201100056788;0;7;0;0;2;1;1;A01
201100056789;0;7;0;0;2;6;23;B01
201100056789;0;7;0;0;2;2;21;A01
201100056789;0;14;0;0;2;2;1;C01
201100056790;0;7;0;0;0;4;2;E01
201100056790;0;7;0;0;2;4;2;B01
201100056790;0;17;0;0;2;3;2;A01
201100056790;0;7;0;0;2;4;2;D01
201100056790;0;7;0;0;2;4;2;C01
201100056791;0;7;0;0;2;4;2;B01
201100056791;0;7;0;0;2;4;2;C01
201100056791;0;7;0;0;2;4;2;A01
201100056791;0;10;0;0;2;1;2;D01
201100056792;0;15;0;0;0;3;2;A01
201100056792;0;15;0;0;0;5;2;B01
201100056793;0;7;0;4;0;2;1;A01
201100056794;0;7;0;0;2;2;17;A01
201100056794;0;7;0;0;2;3;1;B01
201100056795;0;7;0;3;0;3;1;A01
201100056795;0;14;0;0;2;3;2;B01
201100056796;1;7;0;0;0;0;0;A01
201100056796;0;7;0;0;2;3;1;B01
201100056797;0;7;0;0;2;1;2;A01
201100056797;0;7;0;0;2;4;2;B01
201100056797;0;7;0;0;0;4;2;C01
201100056798;0;15;0;0;2;3;12;A01
201100056798;0;10;0;4;0;6;2;B01
201100056799;0;7;0;0;2;4;2;B01
201100056799;0;7;0;0;2;1;2;A01
201100056800;0;7;0;4;2;3;13;A01
201100056800;0;10;0;0;0;7;1;B01
201100056801;0;7;0;0;2;1;2;A01
201100056801;0;7;0;0;2;4;2;B01
201100056801;0;7;0;0;2;4;2;C01
201100056801;0;7;0;0;2;4;2;D01
201100056801;0;7;0;0;2;4;2;E01
201100056802;0;10;0;4;0;3;11;A01
201100056803;0;10;0;3;0;3;2;A01
201100056804;0;7;0;0;2;1;2;A01
201100056804;0;7;0;0;2;4;2;C01
201100056804;0;7;0;0;0;4;2;D01
201100056804;0;7;0;0;2;4;2;B01
201100056805;0;7;0;4;2;8;0;B01
201100056805;0;7;0;4;2;8;0;A01
201100056806;0;7;0;13;0;9;1;A01
201100056807;0;7;0;0;0;1;2;A01
201100056807;0;7;0;0;0;6;2;B01
201100056808;0;7;0;3;0;1;1;A01
201100056809;0;7;0;9;2;8;21;A01
201100056809;1;7;0;0;2;7;14;Z01
201100056810;0;10;0;3;0;2;1;A01
201100056811;0;7;0;0;2;8;2;C01
201100056811;0;7;0;0;2;2;0;A01
201100056811;0;7;0;0;2;8;21;B01
201100056812;0;7;0;0;0;9;1;A01
201100056813;0;7;0;0;0;3;0;A01
201100056814;0;7;0;0;1;2;1;A01
201100056815;0;17;0;0;0;4;2;B01
201100056815;0;7;0;0;2;1;2;A01
201100056816;0;7;0;12;0;2;2;A01
201100056817;0;7;0;0;0;1;0;A01
201100056818;0;7;0;0;2;1;2;A01
201100056818;0;7;0;0;2;4;2;B01
201100056819;0;7;0;4;2;7;1;B01
201100056819;0;15;0;0;2;8;13;A01
201100056820;0;7;0;4;0;1;0;A01
201100056821;0;7;0;4;0;1;1;A01
201100056822;0;7;0;0;0;9;16;A01
201100056823;0;7;0;0;0;4;2;B01
201100056823;0;7;0;0;2;1;9;A01
201100056824;0;7;0;4;0;3;1;A01
201100056825;0;7;0;3;0;1;2;A01
201100056826;0;7;0;3;0;1;2;A01
201100056827;0;15;0;0;2;7;12;A01
201100056827;0;7;0;0;2;3;1;B01
201100056827;0;7;0;0;2;2;2;C01
201100056828;0;7;0;4;2;3;1;A01
201100056828;0;7;0;0;2;5;1;B01
201100056829;0;7;0;0;0;1;1;A01
201100056830;0;7;0;0;2;4;2;A01
201100056830;1;7;0;0;2;1;2;Y01
201100056830;1;7;0;0;0;4;2;Z01
201100056830;0;7;0;0;2;4;2;B01
201100056831;0;7;0;0;2;2;2;B01
201100056831;0;32;0;4;2;6;2;A01
201100056832;0;7;0;0;0;4;2;B01
201100056832;0;7;0;0;2;2;2;A01
201100056833;0;7;0;4;0;3;2;A01
201100056834;0;7;0;0;9;4;13;A01
201100056834;0;33;0;0;2;0;17;B01
201100056835;0;7;0;4;0;8;1;A01
201100056836;0;7;0;4;0;3;1;A01
201100056837;0;7;0;0;2;2;14;A01
201100056837;0;7;0;0;2;8;1;B01
201100056838;0;31;0;0;9;0;17;A01
201100056839;0;7;0;9;0;1;9;A01
201100056840;0;7;0;3;2;1;2;A01
201100056840;0;17;0;0;2;6;2;B01
201100056841;0;7;0;0;2;7;0;A01
201100056841;0;15;0;0;2;8;0;B01
201100056842;0;17;0;0;2;2;12;A01
201100056842;0;7;0;4;0;6;1;B01
201100056843;0;7;0;0;2;1;5;A01
201100056843;0;7;0;0;2;1;0;B01
201100056844;0;7;0;5;0;1;1;A01
201100056845;0;7;0;4;0;3;1;A01
201100056846;0;7;0;0;2;3;21;A01
201100056846;0;7;0;0;2;5;2;B01
201100056846;0;7;0;0;2;5;2;C01
201100056847;0;34;0;9;0;1;11;A01
201100056848;0;15;0;6;0;2;0;A01
201100056849;0;7;0;0;0;4;2;C01
201100056849;0;7;0;0;2;4;2;B01
201100056849;0;10;0;0;2;1;2;A01
201100056850;0;7;0;4;2;6;17;A01
201100056850;0;17;0;0;2;3;1;B01
201100056851;0;7;0;0;2;3;9;A01
201100056851;0;7;0;0;0;5;23;B01
201100056852;0;7;0;4;0;7;1;B01
201100056852;0;7;0;0;2;8;11;A01
201100056853;0;33;0;4;0;1;0;A01
201100056854;0;7;0;1;0;1;1;B01
201100056854;0;13;0;0;0;4;23;A01
201100056855;0;7;0;0;0;6;2;B01
201100056855;0;31;0;0;2;1;2;A01
201100056856;0;7;0;0;0;0;1;T01
201100056856;0;7;0;4;0;6;11;A01
201100056857;0;15;0;0;0;4;2;B01
201100056857;0;7;0;0;2;1;11;A01
201100056858;0;7;0;3;0;4;21;A01
201100056859;0;7;0;4;0;6;1;A01
201100056860;0;7;0;0;2;8;1;A01
201100056860;0;17;0;0;2;2;14;B01
201100056861;0;33;0;0;2;1;1;B01
201100056861;0;7;0;0;2;8;16;A01
201100056862;0;7;0;0;0;4;2;B01
201100056862;0;7;0;0;2;1;2;A01
201100056863;0;7;0;0;0;1;0;A01
201100056863;0;7;0;0;0;4;0;B01
201100056864;0;7;0;0;0;6;1;B01
201100056864;0;15;0;0;2;2;12;A01
201100056865;0;7;0;0;0;4;23;B01
201100056865;0;7;0;0;0;1;9;A01
201100056866;0;10;0;0;2;1;1;A01
201100056866;0;7;0;0;0;4;1;B01
201100056867;0;10;0;0;2;3;11;A01
201100056867;0;7;0;4;2;5;1;B01
201100056868;0;10;0;0;2;7;1;C01
201100056868;0;15;0;0;0;8;1;A01
201100056868;0;7;0;0;2;7;2;B01
201100056869;0;17;0;0;2;2;2;A01
201100056869;0;7;0;0;2;4;2;D01
201100056869;0;7;0;0;2;4;2;B01
201100056869;0;7;0;0;2;4;2;C01
201100056869;0;15;0;0;2;4;2;E01
201100056870;0;17;0;3;0;1;1;B01
201100056870;0;10;0;0;0;0;23;A01
201100056871;0;7;0;0;2;1;2;A01
201100056871;0;17;0;0;0;4;2;B01
201100056872;1;7;0;0;2;0;0;A01
201100056872;0;7;0;4;2;0;1;B01
201100056873;0;7;0;4;0;3;1;A01
201100056874;0;7;0;4;2;6;9;A01
201100056874;0;17;0;0;2;2;1;B01
201100056875;0;7;0;0;2;3;2;A01
201100056875;0;10;0;0;0;5;2;B01
201100056875;0;7;0;0;0;6;1;C01
201100056876;0;33;0;0;0;7;12;A01
201100056877;0;7;0;0;2;1;2;A01
201100056877;0;7;0;0;0;4;2;B01
201100056878;0;15;0;0;2;2;17;C01
201100056878;0;7;0;0;2;1;2;A01
201100056878;0;7;0;0;2;4;2;B01
201100056879;0;7;0;4;0;2;0;A01
201100056880;0;7;0;0;2;1;2;A01
201100056880;0;7;0;0;9;4;2;B01
201100056881;0;7;0;0;2;1;2;A01
201100056881;0;7;0;0;0;4;2;B01
201100056882;0;7;0;0;0;4;2;C01
201100056882;0;7;0;0;0;4;23;D01
201100056882;0;7;0;14;0;1;2;A01
201100056882;0;7;0;0;2;4;23;B01
201100056883;0;10;0;4;0;3;13;A01
201100056884;0;7;0;0;2;8;1;B01
201100056884;0;7;0;0;2;7;12;A01
201100056885;0;10;0;0;2;1;2;B01
201100056885;0;7;0;0;0;4;2;A01
201100056886;0;7;0;3;0;3;13;A01
201100056887;0;7;0;0;2;6;23;A01
201100056887;0;33;0;0;2;2;3;B01
201100056888;0;7;0;4;0;3;1;A01
201100056889;0;7;0;0;2;7;13;A01
201100056889;0;7;0;0;2;1;1;B01
201100056890;0;7;0;0;0;2;0;A01
201100056891;0;17;0;0;0;6;2;B01
201100056891;0;7;0;4;2;1;2;A01
201100056891;0;7;0;0;2;1;2;D01
201100056891;0;7;0;0;2;1;2;C01
201100056892;0;17;0;0;2;6;9;A01
201100056892;0;15;0;0;2;3;1;B01
201100056893;0;15;0;0;0;8;1;A01
201100056894;0;7;0;4;0;3;1;A01
201100056895;0;7;0;14;2;2;21;A01
201100056895;0;7;0;0;2;3;0;B01
201100056896;0;7;0;0;0;4;0;D01
201100056896;0;7;0;0;2;1;0;A01
201100056896;0;7;0;0;2;1;0;B01
201100056896;0;7;0;0;2;4;0;C01
201100056897;0;10;0;3;0;2;1;A01
201100056898;0;7;0;4;0;9;19;A01
201100056899;0;31;0;0;0;7;1;A01
201100056900;0;14;0;0;2;7;12;A01
201100056900;0;7;0;3;2;8;1;B01
201100056900;0;7;0;0;2;1;1;C01
201100056901;0;7;0;0;0;3;11;A01
201100056902;0;7;0;0;2;4;2;C01
201100056902;0;7;0;0;2;1;2;A01
201100056902;0;7;0;0;2;4;2;B01
201100056903;0;7;0;4;0;3;21;A01
201100056904;0;7;0;0;2;1;0;B01
201100056904;0;7;0;0;2;1;0;A01
201100056905;0;7;0;4;0;2;16;A01
201100056906;0;7;0;4;0;5;0;A01
201100056907;0;7;0;0;0;0;0;A01
201100056908;0;7;0;4;0;2;2;A01
201100056909;0;7;0;0;2;1;2;C01
201100056909;0;15;0;0;2;3;1;D01
201100056909;0;15;0;0;2;2;1;B01
201100056909;0;7;0;3;2;0;11;A01
201100056910;0;7;0;0;2;5;2;B01
201100056910;0;33;0;0;2;1;2;A01
201100056911;0;10;0;0;0;6;9;A01
201100056911;0;14;0;0;2;1;12;B01
201100056912;0;16;0;0;2;7;9;A01