num_acc;senc;catv;occutc;obs;obsm;choc;manv;num_veh
201100056912;0;7;0;0;2;8;9;B01
201100056913;0;7;0;4;0;1;1;A01
201100056914;0;14;0;15;0;8;13;A01
201100056915;0;7;0;0;2;7;2;A01
201100056915;0;7;0;0;0;8;2;B01
201100056915;0;7;0;0;0;4;2;C01
201100056916;0;7;0;0;2;1;2;A01
201100056916;0;7;0;0;0;4;1;E01
201100056916;0;7;0;0;2;4;2;B01
201100056916;0;7;0;0;2;4;2;C01
201100056916;0;7;0;0;2;4;2;D01
201100056917;0;7;0;3;2;8;1;A01
201100056917;1;99;0;0;0;0;0;Z01
201100056918;0;13;0;0;2;4;0;C01
201100056918;0;10;0;0;2;1;0;B01
201100056918;0;13;0;0;2;1;0;A01
201100056919;0;33;0;0;0;0;1;A01
201100056920;0;10;0;3;0;5;14;A01
201100056921;0;33;0;3;0;7;21;A01
201100056922;0;7;0;4;2;1;2;A01
201100056922;0;7;0;0;2;6;2;B01
201100056923;0;7;0;0;2;4;2;B01
201100056923;0;7;0;0;2;1;2;A01
201100056923;0;10;0;0;2;4;2;C01
201100056924;0;7;0;4;0;3;17;A01
201100056925;0;7;0;4;0;1;1;A01
201100056926;0;7;0;12;2;7;1;A01
201100056926;0;7;0;0;2;7;1;B01
201100056927;0;7;0;4;0;1;1;A01
201100056928;0;10;0;4;0;2;1;A01
201100056929;0;7;0;0;2;2;0;B01
201100056929;0;7;0;4;2;3;11;A01
201100056930;0;17;0;0;0;5;2;B01
201100056930;0;10;0;0;2;1;2;A01
201100056931;0;10;0;0;0;9;0;A01
201100056932;0;7;0;0;2;1;1;A01
201100056932;0;7;0;0;0;4;23;B01
201100056933;0;7;0;4;0;3;9;A01
201100056934;0;10;0;0;2;4;2;A01
201100056934;0;10;0;0;2;4;2;B01
201100056935;0;17;0;0;0;4;2;B01
201100056935;0;7;0;0;2;1;2;A01
201100056936;0;7;0;4;0;9;21;A01
201100056937;0;33;0;0;0;7;2;A01
201100056938;0;10;0;4;9;7;11;B01
201100056939;0;7;0;0;2;1;2;A01
201100056939;0;7;0;0;0;4;2;B01
201100056940;0;7;0;0;2;1;2;A01
201100056940;0;7;0;0;2;4;2;B01
201100056941;0;33;0;14;0;1;1;A01
201100056942;0;17;0;4;0;3;13;A01
201100056943;0;32;0;0;0;7;1;A01
201100056944;0;7;0;4;0;0;2;A01
201100056945;0;7;0;4;2;2;17;A01
201100056945;0;7;0;4;0;6;1;B01
201100056946;0;7;0;0;2;1;2;A01
201100056946;0;7;0;0;2;4;2;B01
201100056947;0;31;0;0;0;0;1;A01
201100056948;0;7;0;0;0;4;2;C01
201100056948;0;7;0;0;2;4;2;B01
201100056948;0;7;0;0;2;1;2;A01
201100056949;0;7;0;0;2;1;2;A01
201100056949;0;7;0;0;2;4;0;B01
201100056949;0;7;0;0;0;4;0;C01
201100056949;0;7;0;0;0;4;0;D01
201100056950;0;7;0;3;0;3;1;A01
201100056951;0;15;0;0;2;4;11;A01
201100056951;0;7;0;4;2;2;1;B01
201100056952;0;10;0;0;2;2;12;A01
201100056952;0;33;0;0;2;8;1;B01
201100056953;0;7;0;4;0;1;0;A01
201100056954;0;7;0;0;2;6;23;B01
201100056954;0;13;0;0;2;2;2;A01
201100056955;0;7;0;0;2;1;2;A01
201100056955;0;7;0;0;2;1;2;B01
201100056955;0;7;0;0;2;4;2;C01
201100056956;0;17;0;0;2;1;2;D01
201100056956;0;15;0;0;0;4;2;C01
201100056956;0;15;0;0;2;1;2;E01
201100056956;0;17;0;0;2;1;2;A01
201100056956;0;17;0;0;0;4;2;B01
201100056957;0;7;0;0;2;2;14;A01
201100056957;0;7;0;0;2;6;21;B01
201100056958;0;7;0;4;2;6;1;B01
201100056958;0;15;0;4;2;2;12;A01
201100056959;0;15;0;0;0;8;1;B01
201100056959;0;7;0;0;2;7;14;A01
201100056960;0;7;0;0;2;2;11;A01
201100056960;0;7;0;0;0;6;1;B01
201100056961;0;7;0;4;2;2;21;A01
201100056961;0;7;0;0;2;6;18;B01
201100056962;0;10;0;0;2;3;12;A01
201100056962;0;7;0;0;0;6;1;B01
201100056963;0;13;0;0;2;3;0;A01
201100056963;0;1;0;0;0;6;1;B01
201100056964;0;7;0;3;0;2;0;A01
201100056965;0;10;0;3;0;1;1;A01
201100056966;0;33;0;0;2;3;3;A01
201100056966;0;7;0;0;0;5;1;B01
201100056967;0;7;0;0;2;1;2;A01
201100056967;0;10;0;0;0;4;1;C01
201100056967;0;10;0;0;2;4;1;B01
201100056968;0;7;0;4;0;7;1;A01
201100056969;0;7;0;0;0;9;21;A01
201100056970;0;7;0;4;6;1;21;A01
201100056971;0;31;0;4;0;8;1;A01
201100056972;0;7;0;4;0;3;1;A01
201100056973;0;7;0;0;0;4;23;D01
201100056973;0;7;0;0;0;4;23;C01
201100056973;0;10;0;0;2;4;23;B01
201100056973;0;7;0;0;2;1;2;A01
201100056974;0;7;0;0;2;6;11;B01
201100056974;0;7;0;0;2;2;1;A01
201100056974;0;7;0;0;2;6;1;C01
201100056975;0;7;0;6;0;1;15;A01
201100056976;0;33;0;0;0;8;1;C01
201100056976;0;33;0;0;2;1;2;A01
201100056976;0;7;0;0;0;5;2;B01
201100056977;0;7;0;4;0;3;0;A01
201100056978;0;7;0;0;2;4;2;B01
201100056978;0;7;0;0;2;1;2;A01
201100056979;0;7;0;8;0;7;2;A01
201100056980;0;17;0;4;0;2;1;A01
201100056981;0;7;0;0;0;4;23;A01
201100056981;0;7;0;1;0;1;2;B01
201100056982;0;10;0;0;2;4;2;D01
201100056982;0;7;0;0;2;4;2;B01
201100056982;0;7;0;0;2;1;2;A01
201100056982;0;7;0;0;0;4;2;E01
201100056982;0;7;0;0;2;4;2;C01
201100056983;0;10;0;0;2;1;1;A01
201100056983;0;10;0;0;0;4;2;C01
201100056983;0;10;0;0;0;4;2;B01
201100056984;0;7;0;0;2;1;2;A01
201100056984;0;7;0;0;0;4;2;B01
201100056985;0;13;0;0;0;4;1;C01
201100056985;0;10;0;0;2;1;1;A01
201100056985;0;7;0;0;2;4;1;B01
201100056986;0;31;0;0;0;0;1;A01
201100056987;0;7;0;4;0;9;1;A01
201100056988;0;7;0;0;2;8;1;B01
201100056988;0;17;0;0;2;2;12;A01
201100056989;0;7;0;4;0;3;21;A01
201100056989;0;7;0;0;0;0;13;B01
201100056990;0;7;0;0;0;8;1;B01
201100056990;0;17;0;0;2;3;1;A01
201100056991;0;7;0;0;2;1;2;A01
201100056991;0;10;0;0;2;4;2;B01
201100056991;0;7;0;0;2;4;2;C01
201100056992;0;33;0;0;2;1;2;A01
201100056992;0;10;0;0;0;4;2;B01
201100056993;0;10;0;0;2;1;1;C01
201100056993;0;7;0;0;2;1;1;B01
201100056993;0;7;0;0;2;8;1;A01
201100056994;0;10;0;4;0;1;15;A01
201100056995;0;7;0;0;0;0;11;A01
201100056995;0;7;0;4;2;7;17;B01
201100056996;0;33;0;0;0;7;1;A01
201100056997;0;7;0;3;0;1;0;A01
201100056998;0;7;0;0;0;9;0;A01
201100056999;0;7;0;0;2;1;21;B01
201100056999;0;7;0;0;0;7;0;A01
201100057000;0;7;0;0;0;4;2;C01
201100057000;0;10;0;0;2;4;2;B01
201100057000;0;7;0;2;2;1;2;A01
201100057001;0;17;0;0;2;2;12;A01
201100057001;0;7;0;0;2;6;1;B01
201100057002;0;99;0;4;0;2;1;B01
201100057002;0;10;0;0;2;1;11;A01
201100057003;0;7;0;4;0;6;1;B01
201100057003;0;7;0;0;2;1;1;A01
201100057004;0;33;0;6;0;2;1;A01
201100057005;0;7;0;4;0;3;1;A01
201100057006;0;7;0;0;2;0;21;B01
201100057006;0;7;0;0;2;0;11;A01
201100057007;0;7;0;4;0;8;1;A01
201100057008;0;10;0;0;2;6;2;B01
201100057008;0;33;0;0;2;1;2;A01
201100057009;0;7;0;0;0;4;1;B01
201100057009;0;17;0;0;2;5;21;D01
201100057009;0;7;0;0;2;1;2;F02
201100057009;0;7;0;0;2;1;2;G02
201100057009;0;7;0;0;2;1;2;E01
201100057009;0;7;0;3;2;8;1;C01
201100057009;0;7;0;0;2;1;2;H02
201100057009;0;7;0;0;2;2;21;A01
201100057010;0;2;0;0;0;4;1;A01
201100057010;1;30;0;0;2;1;2;B01
201100057011;0;14;0;0;2;1;0;A01
201100057011;0;7;0;4;2;6;0;B01
201100057012;0;33;0;0;0;8;16;A01
201100057013;0;7;0;0;2;1;2;A01
201100057013;0;7;0;0;0;4;2;B01
201100057014;0;7;0;0;2;4;2;C01
201100057014;0;10;0;0;2;1;2;A01
201100057014;0;7;0;0;2;9;2;B01
201100057014;0;99;0;0;2;4;2;D01
201100057015;0;7;0;14;0;1;1;A01
201100057016;0;7;0;13;0;9;0;A01
201100057017;0;7;0;0;2;1;1;C01
201100057017;0;33;0;0;2;7;3;B01
201100057017;0;7;0;0;2;8;13;A01
201100057018;0;7;0;0;9;4;2;C01
201100057018;0;7;0;0;2;2;3;B01
201100057018;0;33;0;0;2;1;1;A01
201100057019;0;7;0;3;0;2;14;A01
201100057020;0;33;0;0;0;3;0;A01
201100057021;0;7;0;0;2;1;9;A01
201100057021;0;7;0;0;0;4;9;B01
201100057022;0;33;0;4;0;8;13;A01
201100057023;0;7;0;0;0;4;2;B01
201100057023;0;7;0;0;2;1;2;A01
201100057024;0;7;0;0;2;6;1;A01
201100057024;0;7;0;0;2;1;1;C01
201100057024;0;14;0;0;2;2;0;B01
201100057025;0;7;0;4;0;1;1;A01
201100057026;0;33;0;3;0;8;1;A01
201100057027;0;7;0;4;0;1;0;A01
201100057028;0;17;0;4;0;2;1;A01
201100057029;0;7;0;4;0;3;0;A01
201100057030;0;7;0;4;2;2;14;A01
201100057030;0;7;0;0;2;8;1;B01
201100057031;0;7;0;0;0;4;23;C01
201100057031;0;7;0;1;0;5;13;A01
201100057031;0;7;0;1;0;1;23;B01
201100057032;0;7;0;4;0;1;0;A01
201100057033;0;10;0;0;2;8;2;B01
201100057033;0;10;0;0;2;1;0;A01
201100057034;0;7;0;4;0;2;1;A01
201100057035;0;7;0;0;0;9;1;A01
201100057036;0;7;0;0;2;1;2;A01
201100057036;0;7;0;0;2;4;2;B01
201100057036;0;7;0;0;0;6;2;C01
201100057037;0;10;0;0;2;1;2;A01
201100057037;0;10;0;4;0;4;2;B01
201100057037;0;10;0;0;0;4;2;C01
201100057038;0;7;0;3;2;1;1;A01
201100057038;0;7;0;0;2;0;1;B01
201100057038;1;15;0;0;2;2;14;Z01
201100057039;0;33;0;0;0;8;2;A01
201100057040;0;7;0;4;2;6;1;B01
201100057040;0;15;0;0;2;2;12;A01
201100057041;0;7;0;0;0;6;2;B01
201100057041;0;7;0;0;2;1;2;A01
201100057042;0;32;0;0;0;7;1;A01
201100057043;0;33;0;0;0;1;2;A01
201100057044;0;7;0;0;2;6;2;B01
201100057044;0;7;0;0;2;2;2;A01
201100057045;0;17;0;4;0;1;0;A01
201100057046;0;7;0;0;2;1;2;A01
201100057046;0;10;0;4;2;4;1;B01
201100057047;0;10;0;0;2;3;2;A01
201100057047;0;10;0;0;0;7;1;B01
201100057048;0;7;0;0;0;6;23;B01
201100057048;0;33;0;14;0;2;2;A01
201100057049;0;7;0;0;2;8;0;A01
201100057049;1;13;0;0;2;7;14;Z01
201100057050;0;7;0;0;2;1;2;A01
201100057050;0;7;0;0;0;4;23;B01
201100057051;0;15;0;0;2;3;1;B01
201100057051;0;7;0;0;2;7;14;A01
201100057052;0;33;0;0;2;1;2;B01
201100057052;0;7;0;0;2;4;2;C01
201100057052;0;7;0;0;2;5;12;A01
201100057052;1;7;0;0;2;2;0;Z01
201100057053;0;17;0;0;2;2;12;A01
201100057053;0;7;0;0;2;6;1;B01
201100057053;0;7;0;0;2;4;1;C01
201100057054;0;33;0;0;2;1;2;A01
201100057054;0;7;0;0;0;4;2;B01
201100057055;0;33;0;12;0;1;1;A01
201100057056;0;7;0;0;2;3;9;A01
201100057056;0;33;0;0;2;1;1;B01
201100057057;0;33;0;16;0;7;9;A01
201100057058;0;7;0;4;9;1;1;A01
201100057059;0;7;0;4;0;5;1;A01
201100057060;0;10;0;4;0;2;1;A01
201100057061;0;10;0;0;2;4;2;A01
201100057061;1;10;0;0;2;1;2;Z01
201100057062;0;10;0;4;0;2;1;A01
201100057063;0;10;0;0;2;4;1;B01
201100057063;0;7;0;0;2;4;2;A01
201100057064;0;7;0;0;2;2;1;B01
201100057064;0;7;0;4;2;1;0;A01
201100057065;0;10;0;0;2;2;1;B01
201100057065;0;7;0;0;2;8;13;A01
201100057066;0;33;0;4;0;2;1;A01
201100057067;0;7;0;0;2;6;1;B01
201100057067;0;7;0;0;2;1;17;A01
201100057068;0;33;0;0;2;0;14;A01
201100057068;0;7;0;0;2;3;1;B01
201100057069;0;7;0;0;2;1;2;A01
201100057069;0;7;0;0;2;4;2;B01
201100057070;0;7;0;0;2;1;14;A01
201100057070;0;14;0;0;2;3;21;B01
201100057071;0;7;0;0;2;5;23;E01
201100057071;0;7;0;0;2;7;23;C01
201100057071;0;7;0;0;2;1;3;A01
201100057071;0;7;0;0;2;6;23;B01
201100057071;0;7;0;0;2;6;23;D01
201100057072;0;33;0;0;2;3;21;A01
201100057072;0;10;0;0;0;5;2;B01
201100057073;0;10;0;0;0;6;1;B01
201100057073;0;15;0;0;2;2;12;A01
201100057074;0;7;0;3;0;1;19;A01
201100057075;0;7;0;0;2;1;2;A01
201100057075;0;17;0;3;2;8;0;E01
201100057075;0;7;0;0;2;4;2;C01
201100057075;0;7;0;0;2;4;2;D01
201100057075;0;13;0;0;2;6;0;F02
201100057075;0;7;0;0;2;4;2;B01
201100057076;0;7;0;0;2;1;2;A01
201100057076;0;7;0;0;2;4;2;B01
201100057076;0;7;0;0;2;5;2;C01
201100057077;0;32;0;0;0;7;0;A01
201100057078;0;33;0;0;2;1;2;A01
201100057078;0;13;0;0;0;4;2;B01
201100057079;0;7;0;4;2;1;13;A01
201100057079;0;14;0;0;0;8;11;B01
201100057080;2;7;0;0;2;4;0;A01
201100057080;0;37;1;0;2;1;2;B01
201100057081;0;10;0;3;0;3;2;A01
201100057082;0;7;0;0;0;8;1;A01
201100057083;0;7;0;4;0;3;1;A01
201100057084;0;7;0;4;0;2;1;A01
201100057085;0;7;0;4;0;3;16;A01
201100057086;0;7;0;4;0;1;15;A01
201100057087;0;7;0;4;0;1;1;A01
201100057088;0;7;0;0;9;3;2;A01
201100057089;0;7;0;0;0;2;2;A01
201100057089;0;7;0;0;2;1;2;B01
201100057090;0;7;0;4;0;1;1;A01
201100057091;0;10;0;4;0;1;0;A01
201100057092;0;7;0;0;2;1;2;A01
201100057092;0;7;0;0;0;4;2;B01
201100057093;0;7;0;0;2;1;1;A01
201100057093;0;17;0;0;2;4;1;B01
201100057094;0;7;0;3;0;7;2;A01
201100057095;0;10;0;0;2;1;2;A01
201100057095;0;7;0;0;2;4;23;B01
201100057096;0;7;0;4;0;3;0;A01
201100057097;0;7;0;0;2;1;2;A01
201100057097;0;7;0;0;0;4;2;B01
201100057098;0;7;0;4;0;7;14;A01
201100057099;0;30;0;0;2;1;1;A01
201100057099;0;7;0;0;2;8;16;B01
201100057100;0;10;0;0;2;1;21;A01
201100057100;0;37;36;0;0;5;21;B01
201100057101;0;34;0;0;0;8;3;A01
201100057102;0;7;0;4;2;7;17;A01
201100057102;0;15;0;0;2;8;11;B01
201100057103;0;7;0;0;2;1;1;A01
201100057103;0;7;0;0;2;4;2;B01
201100057103;0;7;0;0;0;5;2;C01
201100057104;0;7;0;6;0;3;2;A01
201100057105;0;7;0;4;0;9;0;A01
201100057106;0;7;0;0;0;4;2;B01
201100057106;0;10;0;0;2;1;2;A01
201100057107;0;33;0;0;0;7;1;A01
201100057108;0;7;0;4;2;2;14;A01
201100057108;0;15;0;0;2;5;1;B01
201100057109;0;17;0;0;2;2;12;A01
201100057109;0;7;0;4;2;6;1;B01
201100057110;0;7;0;0;2;1;2;A01
201100057110;0;7;0;0;0;4;2;B01
201100057111;0;7;0;0;2;1;2;A01
201100057111;0;7;0;0;2;4;2;B01
201100057111;0;7;0;0;2;4;2;C01
201100057112;0;33;0;4;0;1;1;A01
201100057113;0;17;0;0;2;2;12;A01
201100057113;0;7;0;4;2;6;1;B01
201100057114;0;15;0;0;0;3;1;A01
201100057115;0;7;0;3;2;5;2;A01
201100057115;0;7;0;0;2;1;2;B01
201100057115;0;7;0;0;2;1;2;C01
201100057116;0;7;0;0;2;1;2;A01
201100057116;0;7;0;0;2;4;2;B01
201100057116;0;34;0;0;2;4;2;C01
201100057116;0;7;0;0;2;4;2;D01
201100057117;0;7;0;4;0;3;14;A01
201100057118;0;10;0;0;2;1;2;A01
201100057118;0;17;0;0;2;7;21;B01
201100057119;0;33;0;0;0;8;3;A01
201100057120;0;7;0;3;0;1;14;A01
201100057120;0;7;0;0;2;8;21;B01
201100057120;0;7;0;0;2;1;21;C01
201100057121;0;10;0;0;0;3;1;A01
201100057122;0;15;0;0;2;1;2;A01
201100057122;0;7;0;0;0;4;2;B01
201100057123;0;7;0;0;2;6;9;A01
201100057123;0;7;0;0;2;2;1;B01
201100057124;0;7;0;4;0;1;1;A01
201100057125;0;7;0;0;2;6;1;A01
201100057125;0;7;0;0;2;1;2;B01
201100057126;0;7;0;4;0;6;1;A01
201100057127;0;10;0;4;0;1;1;A01
201100057128;0;7;0;4;0;3;1;A01
201100057129;0;7;0;4;0;1;13;A01
201100057130;0;7;0;0;0;7;1;B01
201100057130;0;7;0;4;2;2;1;A01
201100057131;0;7;0;0;2;1;2;A01
201100057131;0;7;0;0;2;4;2;B01
201100057132;0;10;0;0;2;2;2;A01
201100057132;0;10;0;3;0;6;1;B01
201100057133;0;7;0;0;0;1;14;A01
201100057134;0;7;0;0;0;4;2;C01
201100057134;0;7;0;0;2;4;2;B01
201100057134;0;7;0;0;2;1;2;A01
201100057135;0;7;0;0;0;6;0;B01
201100057135;0;7;0;0;2;2;3;A01
201100057135;0;7;0;0;0;5;0;C01
201100057136;0;10;0;0;2;1;2;A01
201100057136;0;10;0;0;2;4;2;B01
201100057136;0;10;0;0;2;4;2;C01
201100057136;0;10;0;0;2;4;2;D01
201100057137;0;7;0;13;0;9;0;A01
201100057138;0;14;0;0;0;5;12;A01
201100057138;0;7;0;4;0;3;2;B01
201100057139;0;7;0;0;0;1;2;A01
201100057139;0;14;0;0;0;4;2;B01
201100057140;0;17;0;4;2;1;21;B01
201100057140;0;17;0;0;2;4;1;C01
201100057140;0;17;0;0;0;4;1;F02
201100057140;0;17;0;0;2;4;1;D01
201100057140;0;17;0;4;2;1;21;A01
201100057140;0;17;0;0;2;4;1;E01
201100057141;0;7;0;0;0;4;1;H02
201100057141;0;7;0;0;2;4;1;G02
201100057141;0;15;0;0;2;2;11;A01
201100057141;0;15;0;0;9;3;2;C01
201100057141;0;7;0;0;0;6;2;D01
201100057141;0;15;0;0;9;1;2;E01
201100057141;0;14;0;3;2;6;2;F02
201100057141;0;7;0;0;2;4;2;B01
201100057142;0;7;0;0;2;1;2;A01
201100057142;0;10;0;0;0;4;2;B01
201100057143;0;13;0;0;1;6;1;B01
201100057143;0;31;0;0;2;7;3;A01
201100057143;1;33;0;0;2;2;0;Z01
201100057144;0;7;0;0;2;1;11;A01
201100057144;0;7;0;0;0;6;0;B01
201100057145;0;7;0;3;0;6;2;A01
201100057145;0;7;0;5;0;2;1;B01
201100057146;0;17;0;0;2;7;12;A01
201100057146;0;7;0;0;0;6;1;B01
201100057147;0;7;0;0;2;4;2;C01
201100057147;0;7;0;0;2;4;2;B01
201100057147;0;7;0;0;2;1;2;A01
201100057148;0;7;0;0;2;1;5;A01
201100057148;0;7;0;0;2;1;1;B01
201100057149;0;15;0;0;0;6;0;B01
201100057149;0;7;0;0;2;1;14;A01
201100057150;0;7;0;0;2;4;23;B01
201100057150;0;7;0;0;2;0;23;C01
201100057150;0;7;0;0;2;4;23;D01
201100057150;0;7;0;0;2;1;2;A01
201100057151;0;7;0;0;2;1;2;A01
201100057151;0;7;0;0;0;4;2;B01
201100057152;0;15;0;0;2;2;12;A01
201100057152;0;7;0;4;2;6;1;B01
201100057153;0;7;0;3;0;2;14;A01
201100057154;0;7;0;0;2;1;1;A01
201100057154;0;7;0;0;2;4;23;C01
201100057154;0;7;0;0;2;4;23;B01
201100057155;0;7;0;4;0;2;1;A01
201100057156;0;7;0;3;2;4;1;A01
201100057156;1;7;0;0;2;1;2;Z01
201100057157;0;7;0;3;0;2;1;A01
201100057158;0;7;0;16;0;0;1;A01
201100057159;0;7;0;0;2;1;1;C01
201100057159;0;7;0;0;0;6;1;B01
201100057159;0;10;0;0;2;2;12;D01
201100057159;0;7;0;0;2;2;12;A01
201100057159;0;7;0;15;0;2;21;E01
201100057160;0;7;0;0;2;4;2;B01
201100057160;0;7;0;0;2;1;2;A01
201100057160;0;7;0;0;0;4;2;C01
201100057161;0;7;0;0;2;1;2;B01
201100057161;0;7;0;0;2;4;2;C01
201100057161;0;7;0;0;2;4;2;D01
201100057161;0;7;0;0;2;1;2;A01
201100057162;0;7;0;0;2;3;9;A01
201100057162;0;15;0;0;2;2;1;B01
201100057162;0;7;0;0;2;2;1;C01
201100057162;0;7;0;0;9;0;1;D01
201100057163;0;10;0;0;2;1;2;A01
201100057163;0;7;0;0;2;5;2;B01
201100057163;0;10;0;0;0;4;1;C01
201100057164;0;7;0;0;2;1;0;A01
201100057164;0;7;0;3;2;4;0;B01
201100057165;0;7;0;0;2;7;12;A01
201100057165;0;33;0;0;2;1;3;B01
201100057166;0;7;0;0;2;4;2;B01
201100057166;0;7;0;0;2;1;2;A01
201100057167;0;7;0;14;2;2;2;A01
201100057167;0;7;0;0;0;6;2;B01
201100057168;0;7;0;3;2;4;2;A01
201100057168;0;7;0;0;0;5;23;B01
201100057169;0;10;0;0;0;6;2;A01
201100057169;0;10;0;0;2;1;2;B01
201100057170;0;7;0;4;0;3;1;A01
201100057171;0;7;0;0;2;1;1;A01
201100057171;0;7;0;0;0;4;1;B01
201100057172;0;7;0;0;2;1;2;A01
201100057172;0;10;0;0;2;6;2;B01
201100057173;0;7;0;4;0;3;0;A01
201100057174;0;7;0;4;0;1;1;A01
201100057175;0;34;0;0;2;1;1;A01
201100057175;0;33;0;0;0;4;2;B01
201100057176;0;17;0;0;0;2;12;A01
201100057176;0;7;0;0;0;3;1;B01
201100057177;0;32;0;0;2;1;1;A01
201100057177;0;7;0;0;2;6;1;B01
201100057178;0;10;0;0;2;1;2;A01
201100057178;0;10;0;0;2;4;2;B01
201100057178;0;10;0;0;2;4;2;C01
201100057178;0;10;0;0;2;4;2;D01
201100057179;0;7;0;4;2;1;2;A01
201100057180;0;7;0;4;2;1;13;A01
201100057180;0;7;0;0;0;4;1;B01
201100057181;0;14;0;0;0;1;12;A01
201100057181;0;7;0;0;2;8;1;B01
201100057182;0;15;0;0;2;4;0;A01
201100057182;0;15;0;0;2;8;1;B01
201100057182;0;7;0;0;2;8;1;C01
201100057182;0;15;0;0;2;4;1;D01
201100057183;0;33;0;0;2;3;11;B01
201100057183;0;15;0;0;2;1;1;A01
201100057184;0;7;0;0;2;5;22;A01
201100057184;0;7;0;0;2;3;21;B01
201100057184;0;7;0;4;2;7;21;C01
201100057184;0;7;0;0;2;3;21;D01
201100057185;0;7;0;0;2;1;2;A01
201100057185;0;7;0;0;2;4;2;B01
201100057185;0;7;0;0;2;4;2;C01
201100057186;0;7;0;0;1;2;21;A01
201100057187;0;7;0;0;2;1;2;A01
201100057187;0;7;0;0;2;0;2;B01
201100057187;0;7;0;0;2;4;2;C01
201100057188;0;7;0;0;2;1;2;A01
201100057188;0;7;0;0;0;4;2;B01
201100057189;0;7;0;0;2;1;9;A01
201100057189;0;7;0;0;2;4;1;B01
201100057189;0;7;0;0;2;4;2;C01
201100057189;0;7;0;0;2;4;2;D01
201100057190;0;7;0;0;2;3;9;A01
201100057190;0;7;0;0;2;9;1;B01
201100057190;1;99;0;0;2;2;0;Z01
201100057191;0;7;0;0;0;9;21;A01
201100057191;0;7;0;0;2;3;1;B01
201100057192;0;7;0;0;2;1;1;A01
201100057192;0;15;0;0;0;4;23;B01
201100057193;0;7;0;4;2;2;11;A01
201100057194;0;7;0;0;2;7;12;A01
201100057194;0;15;0;0;0;0;1;B01
201100057195;0;7;0;0;2;1;2;A01
201100057195;0;7;0;0;0;4;23;B01
201100057196;0;7;0;0;2;1;2;A01
201100057196;0;7;0;0;2;4;2;B01
201100057196;0;7;0;0;2;4;2;C01
201100057196;0;7;0;0;0;4;2;D01
201100057197;0;7;0;4;0;1;1;A01
201100057198;0;7;0;3;0;9;0;A01
201100057199;0;7;0;4;0;1;0;A01
201100057199;0;7;0;0;0;8;0;B01
201100057200;0;7;0;0;2;1;1;B01
201100057200;0;7;0;0;2;8;1;A01
201100057201;0;7;0;4;0;1;0;A01
201100057202;0;7;0;0;2;8;3;A01
201100057202;0;17;0;0;2;2;21;B01
201100057202;0;10;0;0;0;6;23;C01
201100057202;0;7;0;0;0;8;23;D01
201100057203;0;7;0;4;0;6;1;B01
201100057203;0;7;0;0;2;2;14;A01
201100057204;0;15;0;0;2;1;2;A01
201100057204;0;7;0;0;0;4;2;B01
201100057205;0;7;0;15;0;3;1;A01
201100057206;0;10;0;0;2;7;17;A01
201100057206;0;7;0;0;2;8;1;B01
201100057207;0;7;0;0;2;4;2;A01
201100057207;0;7;0;0;2;1;2;B01
201100057207;0;7;0;0;2;4;2;C01
201100057208;0;7;0;0;2;1;12;A01
201100057208;0;7;0;0;2;4;1;B01
201100057208;0;7;0;0;2;4;2;C01
201100057209;0;7;0;8;0;1;1;A01
201100057210;0;7;0;0;0;1;9;A01
201100057211;0;7;0;4;0;9;2;A01
201100057212;0;7;0;0;0;2;14;A01
201100057213;0;32;0;0;2;1;1;B01
201100057213;0;7;0;0;2;2;15;A01
201100057214;0;7;0;0;1;2;1;A01
201100057215;0;33;0;0;2;3;1;A01
201100057215;1;7;0;0;2;5;12;Z01
201100057216;0;14;0;0;2;1;2;A01
201100057216;0;10;0;0;0;4;2;B01
201100057217;0;7;0;1;0;3;0;A01
201100057218;0;7;0;0;1;1;1;A01
201100057219;0;7;0;0;1;7;0;A01
201100057220;0;33;0;0;2;1;1;A01
201100057220;0;7;0;0;2;4;1;B01
201100057221;0;34;0;14;0;7;15;A01
201100057222;0;7;0;1;0;2;1;A01
201100057223;0;7;0;0;2;6;4;A01
201100057223;0;7;0;0;2;2;1;B01
201100057224;0;7;0;0;2;1;19;A01
201100057224;0;7;0;0;2;8;1;B01
201100057225;0;10;0;0;1;6;4;A01
201100057226;0;7;0;0;2;8;15;B01
201100057226;0;32;0;0;2;2;2;A01
201100057227;0;7;0;0;2;7;15;B01
201100057227;0;30;0;0;2;1;8;A01
201100057228;0;7;0;0;1;8;1;A01
201100057229;0;7;0;8;0;9;16;A01
201100057229;1;7;0;0;0;0;16;Z01
201100057230;0;7;0;0;1;2;1;A01
201100057231;0;7;0;0;2;3;19;A01
201100057231;0;33;0;0;2;1;1;B01
201100057232;0;7;0;0;1;3;1;A01
201100057233;0;7;0;0;1;2;1;A01
201100057234;0;1;0;0;1;3;18;A01
201100057235;0;7;0;0;2;3;9;A01
201100057235;0;31;0;0;2;7;1;B01
201100057236;0;7;0;0;2;8;1;B01
201100057236;0;7;0;0;2;1;1;A01
201100057237;0;7;0;0;2;3;0;B01
201100057237;0;7;0;0;2;1;0;A01
201100057238;0;7;0;0;2;1;2;A01
201100057238;0;7;0;0;0;4;23;C01
201100057238;0;7;0;0;2;4;23;B01
201100057239;0;31;0;0;2;3;1;A01
201100057239;0;10;0;0;0;8;15;B01
201100057240;0;7;0;0;1;1;1;A01
201100057241;0;7;0;0;1;2;1;A01