num_acc;senc;catv;occutc;obs;obsm;choc;manv;num_veh
201100057242;0;7;0;0;0;4;23;A01
201100057242;0;2;0;14;0;1;1;B01
201100057243;0;7;0;1;0;1;14;A01
201100057244;0;7;0;0;2;7;12;A01
201100057244;0;1;0;0;2;1;1;B01
201100057245;0;2;0;0;2;2;15;B01
201100057245;0;7;0;0;0;2;15;A01
201100057246;0;32;0;1;2;2;17;B01
201100057246;0;7;0;0;2;8;15;A01
201100057247;0;1;0;0;2;1;1;B01
201100057247;0;1;0;0;2;1;1;A01
201100057248;0;2;0;0;2;1;1;B01
201100057248;0;7;0;0;2;2;15;A01
201100057249;0;7;0;0;2;4;0;B01
201100057249;0;2;0;0;2;1;2;A01
201100057250;0;7;0;0;0;5;15;B01
201100057250;0;7;0;0;2;3;1;A01
201100057251;0;7;0;1;0;1;2;A01
201100057251;0;7;0;0;2;4;24;B01
201100057252;1;7;0;0;2;8;24;Z01
201100057252;0;1;0;1;0;1;1;A01
201100057253;0;33;0;0;2;8;2;B01
201100057253;0;7;0;0;2;5;2;A01
201100057254;0;7;0;0;1;3;1;A01
201100057255;0;3;0;0;1;1;17;A01
201100057256;1;7;0;0;2;0;2;Z01
201100057256;0;1;0;0;2;4;2;A01
201100057257;0;34;0;0;0;8;1;A01
201100057258;0;31;0;0;2;1;5;A01
201100057258;0;1;0;0;2;8;1;B01
201100057259;0;7;0;0;2;4;2;B01
201100057259;2;10;0;0;0;1;2;A01
201100057259;0;7;0;0;0;4;1;C01
201100057260;0;33;0;0;2;1;1;A01
201100057260;0;7;0;0;2;7;15;B01
201100057261;0;30;0;0;0;0;0;A01
201100057262;0;7;0;0;0;3;22;A01
201100057262;0;1;0;0;0;1;17;B01
201100057263;0;7;0;0;0;1;1;B01
201100057263;0;1;0;0;0;2;9;A01
201100057264;0;7;0;0;2;1;9;A01
201100057264;0;33;0;0;2;1;17;B01
201100057265;0;7;0;0;2;2;1;A01
201100057265;0;10;0;0;2;2;15;B01
201100057266;0;7;0;0;2;2;1;B01
201100057266;0;7;0;9;2;1;1;A01
201100057266;0;7;0;0;2;1;1;C01
201100057267;0;34;0;6;0;1;1;A01
201100057267;0;7;0;0;0;0;15;B01
201100057268;0;7;0;0;0;7;14;A01
201100057268;0;7;0;0;0;8;2;B01
201100057269;0;30;0;3;0;2;1;A01
201100057270;0;7;0;0;9;2;2;A01
201100057270;0;1;0;0;2;4;2;B01
201100057271;0;31;0;0;0;7;17;B01
201100057271;0;7;0;0;2;1;19;A01
201100057272;0;7;0;0;1;3;15;A01
201100057273;0;7;0;0;2;1;1;B01
201100057273;0;7;0;8;2;1;5;A01
201100057274;0;7;0;0;2;4;23;B01
201100057274;0;7;0;0;2;4;23;D01
201100057274;0;7;0;0;2;1;1;A01
201100057274;0;7;0;0;2;4;23;C01
201100057275;0;7;0;0;1;5;1;A01
201100057276;1;7;0;2;1;4;4;Z01
201100057277;0;36;0;0;0;9;2;A01
201100057277;0;37;20;0;0;8;2;C01
201100057277;0;7;0;0;0;2;20;B01
201100057278;0;10;0;0;2;8;22;A01
201100057278;0;7;0;0;2;5;1;C01
201100057278;0;32;0;1;2;7;1;B01
201100057279;0;30;0;1;0;1;1;A01
201100057280;0;7;0;0;2;3;2;A01
201100057280;0;7;0;0;0;5;15;B01
201100057281;0;33;0;0;2;1;1;B01
201100057281;0;7;0;0;2;7;15;A01
201100057282;0;7;0;8;0;1;16;A01
201100057283;0;34;0;0;0;0;1;A01
201100057284;0;32;0;0;2;0;2;B01
201100057284;1;7;0;0;0;0;9;Z01
201100057285;0;33;0;0;1;7;21;A01
201100057286;0;7;0;0;1;2;15;A01
201100057287;0;1;0;0;2;8;2;B01
201100057287;0;7;0;0;2;2;17;A01
201100057288;0;10;0;0;2;8;1;B01
201100057288;0;7;0;0;2;1;1;A01
201100057289;0;10;0;0;1;3;1;A01
201100057290;0;33;0;0;1;0;1;A01
201100057291;1;7;0;0;2;1;0;B01
201100057291;0;2;0;0;2;8;1;A01
201100057292;0;33;0;0;2;8;13;A01
201100057292;0;7;0;0;2;8;1;B01
201100057293;0;7;0;0;2;8;15;B01
201100057293;0;31;0;0;2;2;15;A01
201100057294;0;32;0;0;2;1;1;A01
201100057294;0;32;0;0;2;1;17;B01
201100057295;0;7;0;0;2;3;10;A01
201100057295;0;33;0;0;2;1;21;B01
201100057296;0;7;0;2;0;1;0;A01
201100057297;0;33;0;0;2;1;1;A01
201100057297;0;7;0;0;2;3;9;B01
201100057298;0;7;0;0;1;2;1;A01
201100057299;0;7;0;0;1;6;1;A01
201100057300;0;7;0;1;0;1;0;A01
201100057301;0;7;0;0;2;2;15;A01
201100057301;0;30;0;0;2;1;1;B01
201100057302;0;30;0;0;2;7;1;A01
201100057302;1;7;0;0;2;0;9;Z01
201100057303;0;30;0;0;2;1;1;B01
201100057303;0;10;0;0;2;0;4;A01
201100057304;0;7;0;0;1;2;15;A01
201100057305;0;7;0;0;1;2;1;A01
201100057306;0;7;0;0;1;2;1;A01
201100057307;0;7;0;6;0;3;2;A01
201100057308;0;7;0;0;2;1;15;A01
201100057308;0;33;0;0;0;1;1;B01
201100057309;0;7;0;0;2;1;2;A01
201100057309;0;7;0;0;2;4;1;B01
201100057310;0;7;0;0;2;1;2;A01
201100057310;0;1;0;0;2;0;15;B01
201100057311;0;7;0;0;2;8;22;A01
201100057311;0;1;0;1;0;1;1;B01
201100057312;0;1;0;0;1;2;1;A01
201100057313;0;7;0;6;0;1;1;A01
201100057314;0;7;0;0;1;6;1;A01
201100057315;0;34;0;0;1;1;0;A01
201100057316;0;7;0;0;9;8;0;A01
201100057316;0;1;0;1;0;7;1;B01
201100057317;0;7;0;0;2;1;2;A01
201100057317;0;7;0;0;2;4;23;B01
201100057318;0;7;0;0;2;2;15;A01
201100057318;0;7;0;0;2;3;1;B01
201100057319;0;7;0;0;2;1;1;A01
201100057319;0;7;0;0;2;4;1;B01
201100057320;0;2;0;0;2;1;17;A01
201100057320;0;7;0;0;2;1;15;B01
201100057321;0;37;20;0;2;2;1;B01
201100057321;0;7;0;0;2;1;1;A01
201100057322;0;33;0;0;2;7;17;A01
201100057322;0;7;0;0;2;8;13;B01
201100057323;0;7;0;0;2;2;15;A01
201100057323;0;36;0;0;2;1;2;B01
201100057324;0;7;0;0;2;1;1;A01
201100057324;0;3;0;0;0;4;23;B01
201100057325;0;7;0;0;1;7;1;A01
201100057326;0;7;0;14;0;1;1;A01
201100057327;0;7;0;6;0;1;16;A01
201100057328;0;7;0;0;2;1;1;A01
201100057328;1;7;0;0;2;1;15;Z01
201100057329;0;7;0;0;1;2;1;A01
201100057330;0;7;0;0;2;4;23;B01
201100057330;1;7;0;0;2;1;2;Z01
201100057330;0;7;0;0;2;4;23;A01
201100057330;0;7;0;0;2;4;23;C01
201100057330;0;7;0;0;2;4;23;D01
201100057331;0;7;0;0;0;0;11;A01
201100057331;0;33;0;0;0;8;17;B01
201100057332;0;7;0;0;2;2;14;A01
201100057332;0;33;0;0;0;8;1;B01
201100057333;0;7;0;0;0;4;2;C01
201100057333;0;7;0;0;2;4;1;B01
201100057333;0;7;0;0;2;1;1;A01
201100057334;0;33;0;0;0;8;1;A01
201100057335;0;7;0;0;0;4;2;B01
201100057335;0;7;0;0;2;2;2;A01
201100057336;0;7;0;0;2;7;12;A01
201100057336;0;33;0;0;0;8;1;B01
201100057337;0;7;0;0;0;4;2;B01
201100057337;1;7;0;0;2;1;2;A01
201100057338;0;7;0;0;0;4;1;B01
201100057338;2;7;0;0;2;1;2;A01
201100057339;0;32;0;0;2;4;2;A01
201100057339;0;7;0;0;2;4;2;B01
201100057340;0;7;0;0;2;1;1;A01
201100057340;0;7;0;0;0;4;2;B01
201100057341;0;32;0;0;2;1;3;A01
201100057341;0;7;0;0;0;5;23;B01
201100057342;0;7;0;0;2;1;2;A01
201100057342;0;7;0;0;2;1;2;B01
201100057342;0;7;0;0;0;4;2;C01
201100057343;0;7;0;0;2;1;2;A01
201100057343;0;7;0;0;0;4;2;B01
201100057344;0;32;0;0;0;7;1;B01
201100057344;0;7;0;0;2;8;11;A01
201100057345;0;33;0;0;2;1;23;B01
201100057345;0;14;0;0;2;4;4;A01
201100057346;0;7;0;0;2;4;2;C01
201100057346;0;7;0;0;2;1;2;A01
201100057346;0;7;0;0;2;4;2;B01
201100057347;0;7;0;0;0;0;2;C01
201100057347;0;7;0;0;2;4;0;B01
201100057347;0;7;0;0;2;1;1;A01
201100057348;0;7;0;0;0;4;2;C01
201100057348;0;7;0;0;0;1;2;A01
201100057348;0;7;0;0;0;4;2;B01
201100057348;0;10;0;0;0;4;2;D01
201100057349;0;33;0;0;0;8;1;B01
201100057349;0;7;0;12;2;7;12;A01
201100057350;0;33;0;4;0;2;2;A01
201100057351;0;7;0;0;2;1;2;A01
201100057351;0;7;0;0;2;4;23;B01
201100057351;0;7;0;0;0;4;23;C01
201100057352;0;7;0;0;2;1;1;A01
201100057352;0;7;0;0;2;4;1;C01
201100057352;0;7;0;0;0;4;1;D01
201100057352;0;7;0;0;2;4;1;B01
201100057353;0;7;0;0;2;1;2;A01
201100057353;0;7;0;0;2;4;2;B01
201100057354;1;7;0;0;2;1;2;A01
201100057354;0;7;0;0;0;4;2;B01
201100057355;0;32;0;0;2;1;1;A01
201100057355;0;7;0;0;0;4;2;B01
201100057356;0;7;0;0;0;7;23;B01
201100057356;0;33;0;0;2;3;21;A01
201100057357;0;7;0;0;0;4;23;C01
201100057357;0;7;0;0;2;1;2;A01
201100057357;0;7;0;0;2;4;23;B01
201100057358;0;7;0;0;0;0;21;B01
201100057358;2;7;0;4;0;3;19;A01
201100057359;0;7;0;0;2;1;2;A01
201100057359;0;7;0;0;0;4;2;C01
201100057359;0;7;0;0;2;4;2;B01
201100057360;0;10;0;3;0;3;0;A01
201100057361;0;7;0;0;0;5;12;B01
201100057361;0;32;0;0;2;1;2;A01
201100057362;0;7;0;0;2;1;2;A01
201100057362;0;7;0;0;0;4;23;B01
201100057363;0;7;0;3;0;7;11;A01
201100057364;0;10;0;0;0;4;2;B01
201100057364;0;7;0;0;2;1;2;A01
201100057365;0;7;0;8;0;1;1;A01
201100057366;0;7;0;0;0;4;2;C01
201100057366;0;7;0;0;2;1;2;A01
201100057366;0;7;0;0;2;4;2;B01
201100057367;0;7;0;3;2;1;2;A01
201100057367;0;7;0;0;2;4;2;B01
201100057368;0;7;0;0;2;4;2;B01
201100057368;0;7;0;0;2;4;2;C01
201100057368;0;7;0;0;2;1;2;A01
201100057368;0;7;0;0;2;1;2;D01
201100057369;0;7;0;0;0;0;1;A01
201100057370;0;33;0;0;0;0;21;B01
201100057370;0;7;0;0;0;0;11;A01
201100057371;0;7;0;0;2;6;2;B01
201100057371;0;33;0;0;2;1;2;A01
201100057372;0;7;0;0;2;1;1;A01
201100057372;0;7;0;0;2;4;2;C01
201100057372;0;7;0;0;0;4;2;B01
201100057373;0;33;0;0;2;7;0;B01
201100057373;0;7;0;0;2;6;1;A01
201100057374;0;7;0;3;2;2;17;A01
201100057374;0;7;0;0;0;8;1;B01
201100057375;0;34;0;0;2;1;2;A01
201100057375;0;10;0;0;0;6;23;B01
201100057376;0;7;0;0;2;1;1;A01
201100057376;0;7;0;0;0;4;1;B01
201100057376;0;7;0;0;0;4;1;C01
201100057377;0;7;0;0;0;4;23;C01
201100057377;0;33;0;0;9;0;3;B01
201100057377;0;7;0;0;0;0;11;A01
201100057378;0;33;0;0;0;7;18;A01
201100057378;0;10;0;0;0;0;14;B01
201100057379;0;7;0;3;0;8;1;A01
201100057380;0;7;0;0;0;4;2;C01
201100057380;0;7;0;0;2;1;2;A01
201100057380;0;7;0;0;2;4;2;B01
201100057381;0;7;0;0;0;4;23;C01
201100057381;0;7;0;0;2;2;2;A01
201100057381;0;7;0;0;2;6;23;B01
201100057382;0;34;0;0;2;7;2;A01
201100057382;1;10;0;0;2;3;11;Z01
201100057383;0;7;0;0;0;6;23;B01
201100057383;0;33;0;0;2;1;2;A01
201100057384;0;7;0;0;0;0;2;C01
201100057384;0;7;0;0;0;0;17;B01
201100057384;0;33;0;0;0;8;2;A01
201100057385;0;7;0;0;2;1;2;A01
201100057385;0;7;0;0;0;4;2;B01
201100057385;0;7;0;0;0;4;2;C01
201100057386;0;7;0;0;2;1;2;A01
201100057386;0;7;0;0;0;4;2;B01
201100057386;0;7;0;0;0;4;2;C01
201100057387;0;7;0;3;0;3;1;A01
201100057388;0;33;0;14;0;1;1;A01
201100057389;0;7;0;0;2;6;9;A01
201100057389;0;7;0;0;2;2;2;B01
201100057390;0;10;0;13;0;1;1;A01
201100057391;0;33;0;0;2;1;0;B01
201100057391;0;10;0;0;2;6;21;A01
201100057392;0;32;0;0;0;7;21;A01
201100057393;0;7;0;0;0;4;2;A01
201100057393;0;7;0;0;2;1;2;B01
201100057394;0;7;0;4;0;3;13;A01
201100057395;0;10;0;3;0;9;1;A01
201100057396;0;10;0;0;2;1;2;D01
201100057396;0;7;0;0;2;4;2;B01
201100057396;0;7;0;0;0;4;23;A01
201100057396;0;7;0;0;2;4;2;C01
201100057397;1;7;0;0;2;1;1;Z01
201100057397;0;7;0;0;2;1;1;B01
201100057397;0;7;0;0;2;2;1;A01
201100057398;0;7;0;0;0;3;0;B01
201100057398;0;7;0;0;0;6;0;A01
201100057399;0;7;0;0;2;7;2;A01
201100057399;0;7;0;0;2;8;11;B01
201100057400;0;7;0;0;2;1;2;B01
201100057400;0;10;0;0;0;4;1;A01
201100057400;0;7;0;0;2;1;2;C01
201100057401;0;7;0;3;0;2;14;A01
201100057402;0;14;0;3;0;8;16;A01
201100057403;0;7;0;0;0;2;1;A01
201100057404;0;7;0;0;2;1;2;C01
201100057404;0;7;0;0;0;4;2;A01
201100057404;0;7;0;0;2;1;2;B01
201100057405;0;32;0;0;2;2;17;B01
201100057405;0;7;0;0;2;6;1;A01
201100057406;0;7;0;2;0;1;0;A01
201100057407;0;7;0;0;2;4;1;B01
201100057407;0;7;0;0;2;3;21;C01
201100057407;0;7;0;0;0;4;1;A01
201100057408;0;7;0;4;0;3;13;A01
201100057409;0;7;0;13;0;2;14;A01
201100057410;0;7;0;4;2;6;1;A01
201100057410;0;7;0;4;2;2;12;B01
201100057411;0;7;0;0;0;1;1;A01
201100057411;0;33;0;0;2;1;2;B01
201100057412;0;7;0;0;2;1;2;B01
201100057412;0;7;0;0;2;4;2;A01
201100057413;0;33;0;0;0;1;2;A01
201100057414;0;7;0;3;0;8;0;A01
201100057415;0;7;0;4;0;1;2;A01
201100057416;0;7;0;0;2;1;2;B01
201100057416;0;7;0;0;0;4;1;A01
201100057417;0;10;0;4;0;3;11;A01
201100057418;0;10;0;13;0;4;1;A01
201100057419;0;34;0;0;0;1;2;A01
201100057420;0;10;0;0;2;1;2;C01
201100057420;0;10;0;0;0;4;2;A01
201100057420;0;10;0;0;2;4;2;B01
201100057421;0;10;0;0;2;1;2;C01
201100057421;0;7;0;0;0;4;2;B01
201100057421;0;10;0;0;0;5;2;A01
201100057422;0;7;0;0;2;4;1;A01
201100057422;0;7;0;0;2;1;2;B01
201100057423;0;7;0;0;0;1;2;A01
201100057424;0;7;0;0;2;5;2;A01
201100057424;0;7;0;0;2;1;17;B01
201100057425;0;7;0;0;0;3;1;A01
201100057425;0;7;0;0;0;2;12;B01
201100057426;0;7;0;4;0;7;14;A01
201100057427;0;7;0;0;2;3;1;B01
201100057427;0;7;0;1;0;4;1;A01
201100057428;0;7;0;4;0;3;1;A01
201100057429;0;10;0;3;0;2;1;A01
201100057430;0;7;0;0;0;9;2;A01
201100057431;0;7;0;0;2;2;1;B01
201100057431;0;7;0;0;0;6;1;A01
201100057432;0;10;0;0;2;4;1;A01
201100057432;0;7;0;0;2;1;1;B01
201100057433;0;7;0;0;2;0;2;E01
201100057433;0;7;0;0;0;1;0;B01
201100057433;0;7;0;0;2;0;2;D01
201100057433;0;7;0;0;0;9;0;C01
201100057433;0;7;0;0;2;9;2;A01
201100057434;0;7;0;0;2;1;1;B01
201100057434;0;7;0;0;2;4;0;A01
201100057435;0;7;0;0;2;4;1;B01
201100057435;0;7;0;0;2;1;1;A01
201100057436;0;7;0;0;2;1;2;C01
201100057436;0;10;0;0;0;4;2;A01
201100057436;0;7;0;0;0;4;2;B01
201100057437;0;7;0;0;0;9;1;A01
201100057438;0;7;0;3;0;9;1;A01
201100057439;0;7;0;0;0;4;2;A01
201100057439;0;7;0;0;2;1;2;C01
201100057439;0;7;0;0;2;4;2;B01
201100057440;0;7;0;4;0;1;15;A01
201100057441;0;7;0;0;0;9;1;A01
201100057441;0;14;0;0;0;0;12;B01
201100057442;0;33;0;0;0;8;21;A01
201100057443;0;7;0;0;2;4;2;A01
201100057444;0;7;0;0;2;1;2;C01
201100057444;0;7;0;4;2;4;2;A01
201100057444;0;7;0;0;2;4;2;B01
201100057445;0;7;0;0;2;1;2;B01
201100057445;0;34;0;0;2;4;1;A01
201100057446;0;7;0;0;0;0;0;A01
201100057447;0;7;0;0;0;4;1;B01
201100057447;0;7;0;0;2;1;1;C01
201100057447;0;7;0;0;0;1;1;A01
201100057448;0;31;0;0;2;1;2;C01
201100057448;0;7;0;0;2;1;2;B01
201100057448;0;7;0;0;2;4;2;A01
201100057449;0;32;0;0;2;8;1;B01
201100057449;0;7;0;0;2;2;1;A01
201100057450;0;7;0;15;0;9;11;A01
201100057451;0;7;0;4;0;1;2;A01
201100057452;0;10;0;3;0;8;1;A01
201100057453;0;7;0;0;2;6;1;B01
201100057453;0;14;0;0;2;2;12;A01
201100057454;0;7;0;0;2;4;2;B01
201100057454;0;7;0;0;2;1;2;C01
201100057454;0;7;0;0;0;4;2;A01
201100057455;0;7;0;4;2;7;2;B01
201100057455;0;7;0;4;2;2;17;A01
201100057456;0;33;0;0;0;7;1;A01
201100057457;0;7;0;4;0;1;2;A01
201100057458;0;7;0;13;0;2;13;A01
201100057459;0;10;0;0;2;4;2;C01
201100057459;0;10;0;0;2;4;2;B01
201100057459;0;7;0;0;2;1;2;A01
201100057460;0;7;0;0;2;6;11;B01
201100057460;0;33;0;0;2;2;1;A01
201100057461;0;7;0;4;0;3;1;A01
201100057462;0;7;0;0;2;2;1;B01
201100057462;0;7;0;0;2;0;0;A01
201100057463;0;33;0;0;0;0;21;A01
201100057464;0;13;0;3;0;1;2;A01
201100057465;0;7;0;3;2;3;1;A01
201100057465;0;10;0;3;2;8;1;B01
201100057466;0;15;0;0;0;1;2;B01
201100057466;0;7;0;0;0;4;1;A01
201100057467;0;7;0;0;0;1;1;A01
201100057468;0;7;0;0;0;4;1;A01
201100057468;0;7;0;0;0;1;2;C01
201100057468;0;7;0;0;0;4;2;B01
201100057469;0;10;0;0;0;1;2;C01
201100057469;0;10;0;0;0;4;2;A01
201100057469;0;10;0;0;0;4;2;B01
201100057470;0;7;0;4;0;3;1;A01
201100057471;0;7;0;14;0;1;1;B01
201100057471;0;7;0;0;9;1;9;A01
201100057472;0;7;0;0;0;4;2;A01
201100057472;0;7;0;0;2;1;2;B01
201100057473;0;7;0;0;2;4;1;B01
201100057473;0;7;0;0;2;1;1;A01
201100057474;0;7;0;3;0;3;1;A01
201100057475;0;7;0;4;0;1;1;A01
201100057476;0;7;0;0;2;6;1;A01
201100057476;0;7;0;0;2;2;2;B01
201100057477;0;7;0;14;0;1;1;A01
201100057478;0;10;0;4;0;1;0;A01
201100057479;0;7;0;0;2;1;1;C01
201100057479;0;7;0;0;0;4;1;B01
201100057479;0;7;0;0;0;4;2;A01
201100057480;0;7;0;0;0;1;2;A01
201100057481;0;7;0;0;0;4;2;A01
201100057481;0;7;0;0;2;1;0;D01
201100057481;0;7;0;0;2;3;0;B01
201100057481;0;7;0;0;2;4;0;C01
201100057482;0;7;0;0;0;4;2;A01
201100057482;0;7;0;1;0;1;2;B01
201100057483;0;7;0;0;2;9;2;B01
201100057483;0;15;0;0;2;5;1;A01
201100057484;0;7;0;0;0;4;2;A01
201100057484;0;7;0;0;2;4;1;C01
201100057484;0;7;0;0;2;4;2;B01
201100057484;0;7;0;0;2;1;2;D01
201100057485;0;7;0;0;0;0;0;A01
201100057486;0;7;0;0;2;4;2;B01
201100057486;0;7;0;0;2;1;2;A01
201100057487;0;7;0;4;0;1;21;A01
201100057488;0;7;0;0;2;1;2;B01
201100057488;0;7;0;3;2;4;1;A01
201100057489;0;33;0;0;0;1;2;A01
201100057490;0;7;0;0;0;4;1;A01
201100057490;0;7;0;0;2;1;2;B01
201100057491;0;7;0;0;2;4;1;B01
201100057491;0;17;0;0;2;2;2;C01
201100057492;0;15;0;4;0;9;2;A01
201100057493;0;7;0;5;0;9;1;A01
201100057494;0;7;0;0;2;2;2;C01
201100057494;0;7;0;0;2;4;2;A01
201100057494;0;7;0;0;2;3;2;B01
201100057495;0;7;0;0;2;7;16;A01
201100057495;0;33;0;0;2;1;1;B01
201100057496;0;99;0;0;2;1;2;B01
201100057496;0;7;0;4;2;4;2;A01
201100057497;0;7;0;0;2;1;3;B01
201100057497;0;33;0;0;2;4;2;A01
201100057498;0;7;0;3;0;2;1;A01
201100057499;0;7;0;0;2;6;12;B01
201100057499;0;7;0;0;5;1;1;A01
201100057500;0;32;0;4;0;1;3;A01
201100057501;0;7;0;0;0;4;23;A01
201100057501;0;7;0;0;2;1;2;B01
201100057502;0;33;0;0;2;3;2;B01
201100057502;0;10;0;0;0;4;2;A01
201100057503;0;7;0;0;0;0;0;A01
201100057504;0;7;0;0;0;0;0;A01
201100057505;0;7;0;4;0;3;1;A01
201100057506;0;10;0;0;0;5;2;A01
201100057506;0;10;0;0;2;4;12;B01
201100057506;0;17;0;0;2;3;13;D01
201100057506;0;10;0;1;2;4;1;C01
201100057507;0;32;0;0;0;7;16;A01
201100057508;0;7;0;3;0;6;1;A01
201100057509;0;34;0;0;2;1;2;B01
201100057509;0;7;0;0;2;4;2;A01
201100057510;0;7;0;0;2;4;1;A01
201100057510;0;7;0;0;2;1;1;B01
201100057511;0;7;0;0;0;0;0;A01
201100057512;0;7;0;13;0;9;0;A01
201100057513;0;7;0;3;0;1;1;A01
201100057514;0;7;0;4;0;3;1;A01
201100057515;0;7;0;0;0;7;12;A01
201100057515;0;33;0;0;2;8;2;B01
201100057516;0;7;0;0;2;7;0;A01
201100057516;0;7;0;0;2;9;0;B01
201100057517;0;7;0;0;2;4;2;A01
201100057517;0;7;0;0;2;1;2;C01
201100057517;0;7;0;0;2;4;2;B01
201100057518;0;7;0;0;0;4;2;B01
201100057518;0;7;0;0;0;4;2;C01
201100057518;0;7;0;0;0;4;2;D01
201100057518;0;7;0;0;0;1;2;A01
201100057519;0;7;0;0;2;0;2;B01
201100057519;0;7;0;0;0;2;2;A01
201100057520;0;7;0;0;2;2;2;B01
201100057520;0;7;0;0;0;6;2;A01
201100057521;0;7;0;0;0;7;2;C01
201100057521;0;17;0;0;0;8;12;A01
201100057521;0;7;0;0;0;2;2;B01
201100057522;0;7;0;0;2;2;2;B01
201100057522;0;7;0;0;0;3;0;A01
201100057523;0;7;0;0;2;1;2;A01
201100057523;0;7;0;0;0;4;2;B01
201100057524;0;7;0;0;2;1;2;C01
201100057524;0;7;0;0;0;4;2;A01
201100057524;0;7;0;0;2;4;2;B01
201100057525;0;7;0;0;2;5;2;A01
201100057525;0;13;0;0;2;3;2;B01
201100057526;0;7;0;0;2;2;14;A01
201100057526;0;7;0;0;2;6;0;B01
201100057527;0;7;0;0;2;5;12;A01
201100057527;0;7;0;3;2;3;0;B01
201100057528;0;7;0;0;2;8;1;C01
201100057528;0;33;0;0;2;1;1;B01
201100057528;0;7;0;0;2;9;11;A01
201100057529;0;7;0;0;2;8;0;C01
201100057529;0;17;0;0;2;2;14;B01
201100057529;0;7;0;0;2;8;0;A01
201100057530;0;7;0;3;2;3;1;A01
201100057530;0;7;0;0;2;7;14;B01
201100057531;0;7;0;0;2;4;2;A01
201100057531;0;7;0;0;2;1;2;B01
201100057532;0;7;0;3;0;4;2;A01
201100057532;0;7;0;0;2;1;2;B01
201100057533;0;33;0;0;2;1;2;C01
201100057533;0;33;0;0;2;1;2;B01
201100057533;0;13;0;0;2;4;2;A01
201100057534;0;7;0;0;2;1;2;B01
201100057534;0;7;0;0;0;4;2;A01
201100057535;0;7;0;0;6;1;0;A01
201100057535;0;7;0;1;0;2;0;B01
201100057536;0;7;0;0;0;9;2;A01
201100057537;0;7;0;0;2;7;1;A01
201100057537;0;7;0;0;0;4;1;B01
201100057537;0;10;0;0;2;8;15;C01
201100057538;0;7;0;0;0;0;0;A01
201100057538;0;33;0;0;0;7;0;B01
201100057539;0;7;0;0;2;5;2;A01
201100057539;1;7;0;0;0;0;3;Z01
201100057540;0;33;0;0;2;1;0;B01
201100057540;0;7;0;0;0;4;0;A01
201100057541;0;7;0;0;0;4;2;A01
201100057541;0;7;0;0;2;1;2;B01
201100057542;0;7;0;13;0;1;1;A01
201100057543;0;7;0;0;2;6;1;A01
201100057543;0;10;0;0;2;3;2;B01
201100057544;0;7;0;3;0;1;0;A01
201100057544;0;7;0;0;0;2;1;B01
201100057545;0;7;0;0;2;4;2;A01
201100057545;0;7;0;0;2;4;2;B01
201100057545;0;7;0;0;2;1;2;C01
201100057546;0;31;0;0;2;1;1;A01
201100057547;0;7;0;3;9;1;0;A01
201100057548;0;10;0;4;0;3;1;A01
201100057549;0;33;0;3;0;3;1;A01
201100057550;0;7;0;0;2;1;1;A01
201100057550;0;7;0;0;0;4;1;B01
201100057551;0;7;0;0;2;8;1;C01
201100057551;0;7;0;4;2;3;1;A01
201100057551;0;7;0;4;2;4;1;B01
201100057552;0;7;0;0;2;4;2;A01
201100057552;0;7;0;0;2;1;2;B01
201100057553;0;7;0;0;5;1;1;A01
201100057554;0;7;0;0;2;4;2;B01
201100057554;0;7;0;0;2;4;2;A01
201100057554;0;7;0;0;2;1;2;C01
201100057555;0;33;0;0;0;7;0;A01
201100057556;0;7;0;4;0;3;1;A01
201100057557;0;7;0;0;2;4;2;A01
201100057557;1;7;0;0;2;1;2;Z01
201100057558;0;7;0;4;0;8;1;A01
201100057559;0;33;0;11;2;9;0;A01
201100057559;0;7;0;0;2;7;2;B01
201100057560;0;7;0;0;0;4;1;A01
201100057560;0;10;0;0;2;1;2;C01
201100057560;0;7;0;0;2;4;2;B01
201100057561;0;33;0;0;6;0;1;A01
201100057562;0;7;0;0;2;2;14;A01
201100057562;0;14;0;0;2;3;2;B01
201100057563;0;7;0;4;0;1;2;A01
201100057564;0;7;0;0;2;2;2;A01
201100057564;0;7;0;0;2;3;2;B01
201100057565;0;7;0;13;0;1;0;A01
201100057566;0;7;0;0;0;4;0;C01
201100057566;0;7;0;0;0;4;0;B01
201100057566;0;7;0;0;0;0;0;A01
201100057567;0;7;0;0;2;4;2;A01
201100057567;0;7;0;0;2;4;2;B01
201100057567;0;7;0;0;2;1;2;C01
201100057568;0;7;0;0;2;1;2;C01
201100057568;0;10;0;0;2;4;2;B01
201100057568;0;7;0;0;0;4;2;A01
201100057569;0;7;0;0;2;1;2;C01
201100057569;0;7;0;0;0;4;2;A01
201100057569;0;7;0;0;2;4;2;B01
201100057570;0;10;0;0;2;4;2;D01
201100057570;0;7;0;0;2;4;2;A01
201100057570;0;7;0;0;2;4;2;B01
201100057570;0;10;0;0;2;4;2;C01
201100057570;0;14;0;0;2;1;2;E01
201100057571;0;7;0;13;0;9;1;A01
201100057572;0;7;0;0;2;4;1;A01
201100057572;0;7;0;14;0;1;2;B01
201100057572;0;7;0;14;0;1;2;C01
201100057572;0;7;0;14;0;1;2;E01
201100057572;0;7;0;14;0;4;2;D01
201100057573;0;7;0;0;2;1;2;B01
201100057573;0;7;0;0;0;4;2;A01
201100057574;0;7;0;0;2;3;2;B01
201100057574;0;7;0;0;0;5;1;A01
201100057575;0;7;0;4;0;7;1;A01
201100057575;0;7;0;0;2;8;1;B01