num_acc;senc;catv;occutc;obs;obsm;choc;manv;num_veh
201100057576;0;33;0;0;2;1;2;B01
201100057576;0;7;0;0;2;4;11;A01
201100057577;0;7;0;0;2;4;2;B01
201100057577;0;7;0;0;2;1;2;C01
201100057578;0;7;0;0;2;2;2;B01
201100057578;0;7;0;0;0;6;0;A01
201100057579;0;7;0;0;2;5;0;A01
201100057579;0;7;0;0;2;3;1;B01
201100057580;0;32;0;0;2;3;13;B01
201100057580;0;7;0;0;2;7;1;A01
201100057581;0;7;0;0;2;3;2;A01
201100057582;0;7;0;0;0;4;23;A01
201100057582;0;7;0;0;2;4;23;C01
201100057582;0;10;0;0;2;1;1;D01
201100057582;0;7;0;0;2;4;23;B01
201100057583;0;7;0;0;2;4;0;B01
201100057583;0;7;0;0;2;1;0;C01
201100057583;0;7;0;0;2;1;0;D01
201100057583;0;7;0;0;0;4;0;A01
201100057584;0;7;0;0;0;3;0;A01
201100057585;0;7;0;3;0;1;1;A01
201100057586;0;7;0;0;2;3;1;C01
201100057586;0;14;0;0;2;5;12;A01
201100057586;0;7;0;3;0;1;1;B01
201100057587;0;13;0;0;0;1;0;E01
201100057587;0;7;0;0;0;4;0;A01
201100057587;0;7;0;0;0;4;0;B01
201100057587;0;7;0;0;0;4;0;D01
201100057587;0;7;0;0;0;4;0;C01
201100057588;0;7;0;0;0;9;2;A01
201100057589;0;7;0;0;2;1;2;B01
201100057589;0;7;0;0;2;4;1;A01
201100057590;0;7;0;0;2;4;1;B01
201100057590;0;99;0;0;2;1;1;C01
201100057590;0;7;0;0;0;5;1;A01
201100057591;0;7;0;4;0;3;19;A01
201100057592;0;10;0;0;2;1;2;B01
201100057592;0;7;0;0;2;4;11;A01
201100057593;0;7;0;14;2;4;2;A01
201100057593;0;10;0;0;2;1;2;B01
201100057593;0;14;0;0;0;0;2;C01
201100057594;0;7;0;0;0;9;0;A01
201100057595;0;7;0;0;2;0;0;A01
201100057595;0;7;0;0;0;4;1;B01
201100057596;0;7;0;0;0;6;2;A01
201100057596;0;7;0;0;0;0;2;B01
201100057597;0;7;0;4;2;6;12;A01
201100057597;1;14;0;0;2;2;0;Z01
201100057598;0;7;0;0;2;2;1;A01
201100057599;0;7;0;3;0;8;1;A01
201100057600;0;7;0;0;2;2;2;B01
201100057600;0;7;0;0;2;5;2;A01
201100057601;0;7;0;0;2;1;2;C01
201100057601;0;7;0;0;2;4;2;A01
201100057601;0;7;0;0;2;4;2;B01
201100057602;0;10;0;0;0;4;2;A01
201100057602;0;7;0;0;2;4;2;B01
201100057602;0;10;0;0;2;1;2;C01
201100057603;0;7;0;0;0;3;1;A01
201100057603;0;7;0;0;2;5;12;B01
201100057604;0;7;0;0;2;1;2;C01
201100057604;0;7;0;0;2;4;2;A01
201100057604;0;7;0;0;2;4;2;B01
201100057605;0;7;0;1;2;1;2;B01
201100057605;0;7;0;0;2;6;3;A01
201100057605;0;7;0;0;0;2;2;C01
201100057606;0;7;0;4;2;1;0;B01
201100057606;0;10;0;0;2;6;0;A01
201100057607;0;7;0;3;0;1;1;A01
201100057608;0;7;0;0;2;1;2;C01
201100057608;0;10;0;0;2;4;2;B01
201100057608;0;10;0;0;2;6;2;A01
201100057609;0;32;0;0;0;8;1;A01
201100057610;0;7;0;4;0;1;0;A01
201100057611;0;7;0;3;0;3;1;A01
201100057612;0;7;0;5;0;1;21;A01
201100057613;0;7;0;0;2;1;2;B01
201100057613;0;7;0;0;2;5;2;A01
201100057614;0;7;0;3;0;6;1;B01
201100057614;0;10;0;4;2;3;17;A01
201100057615;0;7;0;6;0;2;14;A01
201100057616;0;10;0;0;0;6;11;A01
201100057616;0;7;0;0;2;1;1;B01
201100057617;0;10;0;0;2;9;11;A01
201100057617;0;10;0;0;2;7;1;B01
201100057618;0;37;13;0;0;5;1;B01
201100057618;0;7;0;4;2;1;0;A01
201100057619;0;7;0;3;0;3;2;A01
201100057620;0;7;0;0;2;4;2;A01
201100057620;0;7;0;0;2;1;2;B01
201100057621;0;33;0;0;2;4;2;A01
201100057621;0;7;0;3;2;3;2;B01
201100057622;0;7;0;3;0;1;1;A01
201100057622;1;7;0;0;2;2;2;Z01
201100057623;0;7;0;0;0;5;23;A01
201100057623;0;33;0;0;2;1;1;B01
201100057624;0;7;0;0;2;3;0;A01
201100057625;0;7;0;4;0;3;1;A01
201100057626;0;7;0;5;0;1;0;A01
201100057627;0;33;0;0;2;7;0;A01
201100057627;1;7;0;0;2;3;11;Z01
201100057628;0;10;0;0;2;1;1;C01
201100057628;0;7;0;0;2;4;1;B01
201100057628;0;33;0;0;0;4;1;A01
201100057629;0;7;0;4;0;1;0;A01
201100057630;0;7;0;0;2;1;1;B01
201100057630;0;7;0;0;0;4;1;A01
201100057631;0;33;0;0;0;9;2;A01
201100057632;0;7;0;13;0;1;21;A01
201100057633;0;7;0;0;0;1;0;B01
201100057633;0;7;0;0;0;1;0;C01
201100057633;0;7;0;0;0;4;0;A01
201100057634;0;7;0;0;0;4;0;A01
201100057634;0;33;0;0;2;1;2;B01
201100057635;0;7;0;0;2;1;2;B01
201100057635;0;7;0;0;0;4;2;A01
201100057636;0;7;0;0;2;1;2;C01
201100057636;0;7;0;0;2;1;2;B01
201100057636;0;7;0;0;2;4;2;A01
201100057637;0;7;0;0;2;8;11;B01
201100057637;0;7;0;0;2;7;2;A01
201100057638;0;33;0;0;0;1;0;A01
201100057639;0;7;0;0;2;1;2;B01
201100057639;0;7;0;0;0;4;2;A01
201100057640;0;7;0;0;0;4;2;A01
201100057640;0;7;0;0;2;4;2;B01
201100057640;0;7;0;0;2;1;2;C01
201100057641;0;7;0;6;0;1;1;A01
201100057642;0;7;0;0;1;7;1;A01
201100057643;0;7;0;0;0;8;1;A01
201100057643;0;7;0;0;0;3;13;B01
201100057644;0;10;0;0;2;1;2;C01
201100057644;0;10;0;0;2;4;2;A01
201100057644;0;7;0;0;2;4;2;B01
201100057645;0;7;0;5;0;9;0;A01
201100057646;0;33;0;0;2;1;11;B01
201100057646;0;7;0;0;0;0;0;V01
201100057646;0;7;0;0;2;4;1;A01
201100057646;0;7;0;0;0;0;0;T01
201100057647;0;7;0;0;2;4;23;B01
201100057647;0;7;0;0;2;1;2;C01
201100057647;0;7;0;0;2;4;23;A01
201100057648;0;7;0;0;0;1;1;A01
201100057649;0;7;0;0;2;1;2;B01
201100057649;0;7;0;0;0;4;1;A01
201100057650;0;33;0;0;0;0;0;A01
201100057651;0;7;0;0;0;4;2;A01
201100057651;0;32;0;0;2;1;2;B01
201100057652;0;7;0;4;0;1;1;A01
201100057653;0;7;0;0;0;5;2;A01
201100057653;0;31;0;0;2;1;2;B01
201100057654;0;7;0;0;2;3;2;A01
201100057654;0;32;0;0;2;7;14;B01
201100057655;0;7;0;0;2;1;1;B01
201100057655;0;7;0;0;2;4;1;A01
201100057655;1;14;0;0;2;4;1;Z01
201100057656;0;10;0;0;2;4;2;A01
201100057656;0;7;0;0;2;1;2;C01
201100057656;0;7;0;0;2;4;2;B01
201100057657;0;10;0;0;2;1;2;B01
201100057657;0;7;0;0;2;2;2;C01
201100057657;0;10;0;0;2;4;1;A01
201100057658;0;7;0;0;0;4;1;A01
201100057659;0;7;0;0;0;1;0;A01
201100057659;0;7;0;0;2;4;1;B01
201100057660;0;7;0;0;2;1;2;C01
201100057660;0;7;0;0;0;4;2;A01
201100057660;0;7;0;0;2;4;2;B01
201100057661;0;7;0;0;2;4;2;A01
201100057661;0;7;0;0;2;1;2;B01
201100057662;0;7;0;4;0;1;0;A01
201100057663;0;33;0;0;0;3;1;A01
201100057663;0;7;0;0;2;2;12;B01
201100057664;0;33;0;0;2;8;1;B01
201100057664;0;14;0;0;2;7;18;A01
201100057665;0;7;0;0;2;5;1;A01
201100057665;0;34;0;0;2;1;3;B01
201100057666;0;31;0;0;0;0;21;A01
201100057667;0;7;0;0;2;4;1;B01
201100057667;0;7;0;0;2;1;1;A01
201100057668;0;7;0;0;0;4;1;D01
201100057668;0;7;0;0;0;4;1;A01
201100057668;0;7;0;0;2;1;2;C01
201100057668;0;7;0;0;2;1;1;E01
201100057669;0;7;0;3;0;8;0;A01
201100057670;0;7;0;0;0;4;1;A01
201100057670;0;7;0;0;2;1;1;B01
201100057670;0;7;0;0;2;1;2;C01
201100057671;0;7;0;0;2;6;1;B01
201100057671;0;7;0;0;2;2;1;A01
201100057672;0;7;0;0;2;1;2;B01
201100057672;0;7;0;0;0;4;2;A01
201100057673;0;7;0;0;2;1;12;B01
201100057673;0;7;0;0;2;4;2;A01
201100057674;0;7;0;0;2;4;2;B01
201100057674;0;7;0;0;0;4;2;A01
201100057674;0;38;1;0;2;1;2;C01
201100057675;0;7;0;0;0;4;2;A01
201100057675;0;7;0;0;2;1;2;B01
201100057676;0;7;0;0;2;2;1;A01
201100057676;0;7;0;0;0;9;21;B01
201100057677;0;7;0;4;0;1;2;A01
201100057678;0;15;0;0;0;1;1;A01
201100057679;0;7;0;14;0;3;0;B01
201100057679;0;7;0;0;2;6;23;A01
201100057680;0;7;0;0;0;1;1;A01
201100057681;0;7;0;3;0;9;0;A01
201100057682;0;7;0;0;0;9;1;A01
201100057683;0;33;0;8;0;2;1;A01
201100057684;0;7;0;4;0;3;2;A01
201100057685;0;7;0;0;2;1;2;B01
201100057685;0;7;0;0;0;4;2;A01
201100057686;0;7;0;5;2;1;0;B01
201100057686;0;14;0;0;2;8;2;A01
201100057687;0;7;0;0;2;2;14;B01
201100057687;0;10;0;0;0;8;1;A01
201100057688;0;7;0;0;2;4;2;A01
201100057688;0;7;0;0;2;1;2;B01
201100057689;0;7;0;0;0;1;1;A01
201100057690;0;10;0;3;0;4;2;A01
201100057690;0;7;0;0;2;1;2;B01
201100057691;0;7;0;0;2;5;0;A01
201100057691;0;33;0;0;2;1;2;B01
201100057692;0;34;0;0;0;1;1;A01
201100057693;0;7;0;0;2;4;2;A01
201100057693;0;7;0;0;2;1;2;B01
201100057694;0;7;0;0;0;8;0;B01
201100057694;0;7;0;0;2;7;0;A01
201100057695;0;14;0;0;2;2;0;B01
201100057695;0;7;0;0;0;1;0;A01
201100057696;0;10;0;0;2;1;2;B01
201100057696;0;10;0;0;0;4;2;A01
201100057697;0;7;0;0;2;1;1;D01
201100057697;0;14;0;0;0;4;21;C01
201100057697;0;7;0;0;0;4;1;B01
201100057697;0;7;0;0;2;1;1;A01
201100057698;0;7;0;0;0;1;2;A01
201100057699;0;10;0;0;2;1;2;C01
201100057699;0;10;0;0;2;1;2;B01
201100057699;0;10;0;0;0;4;2;A01
201100057700;0;7;0;0;2;1;11;B01
201100057700;0;7;0;0;0;4;1;A01
201100057701;0;33;0;0;2;8;1;B01
201100057701;0;7;0;0;2;2;12;A01
201100057702;0;7;0;0;2;4;2;A01
201100057702;1;99;0;0;2;0;2;Z01
201100057703;0;7;0;0;0;4;2;A01
201100057703;1;7;0;0;2;1;2;Z01
201100057703;0;7;0;0;2;4;2;B01
201100057704;1;33;0;0;0;4;1;A01
201100057705;0;7;0;0;2;2;1;B01
201100057705;0;10;0;0;0;6;11;A01
201100057706;0;7;0;0;2;7;2;A01
201100057706;0;13;0;0;2;8;11;B01
201100057707;0;7;0;0;2;8;13;B01
201100057707;0;34;0;0;2;7;1;A01
201100057708;0;7;0;0;0;5;2;A01
201100057708;0;33;0;0;2;1;3;B01
201100057709;0;7;0;0;0;4;2;A01
201100057709;0;7;0;0;0;1;2;C01
201100057709;0;7;0;0;0;4;2;B01
201100057710;0;7;0;3;0;1;6;A01
201100057711;0;7;0;0;2;4;2;A01
201100057711;0;7;0;0;2;1;2;B01
201100057712;0;7;0;0;2;8;1;A01
201100057712;0;7;0;0;2;7;17;B01
201100057713;0;7;0;0;2;4;23;A01
201100057713;0;7;0;0;2;1;2;C01
201100057713;0;7;0;0;2;4;23;B01
201100057714;0;7;0;0;2;4;2;A01
201100057714;0;33;0;0;0;0;2;B01
201100057715;0;10;0;0;2;1;2;C01
201100057715;0;10;0;0;2;4;2;B01
201100057715;0;10;0;0;2;4;2;A01
201100057716;1;7;0;0;2;1;17;Z01
201100057716;0;7;0;4;0;4;1;A01
201100057717;0;7;0;0;0;1;0;A01
201100057718;0;10;0;4;0;1;0;A01
201100057719;0;7;0;3;2;3;2;A01
201100057720;0;7;0;14;0;4;2;C01
201100057720;0;7;0;14;0;4;2;B01
201100057720;0;7;0;0;0;4;2;A01
201100057720;0;7;0;14;0;1;2;D01
201100057721;0;7;0;0;5;1;0;A01
201100057722;0;33;0;0;0;0;21;A01
201100057723;0;7;0;0;0;1;2;A01
201100057724;0;10;0;0;2;4;1;A01
201100057724;0;10;0;0;2;1;12;B01
201100057725;0;7;0;0;2;4;2;B01
201100057725;0;7;0;0;2;1;2;C01
201100057725;0;10;0;0;0;5;2;A01
201100057726;0;7;0;0;2;1;2;C01
201100057726;0;7;0;0;2;0;1;B01
201100057726;0;10;0;0;2;4;2;A01
201100057727;0;7;0;12;0;1;2;A01
201100057728;0;7;0;3;2;1;2;B01
201100057728;0;7;0;3;2;1;2;C01
201100057728;0;7;0;3;2;4;2;A01
201100057729;0;7;0;0;2;1;1;A01
201100057729;0;7;0;0;2;4;1;B01
201100057730;0;7;0;5;0;9;0;A01
201100057731;0;7;0;0;9;4;21;A01
201100057732;0;7;0;4;0;2;0;A01
201100057733;0;10;0;0;2;4;2;A01
201100057733;0;10;0;0;2;1;2;B01
201100057734;0;10;0;0;0;0;21;A01
201100057735;0;7;0;0;2;4;2;A01
201100057735;0;7;0;0;2;1;2;B01
201100057736;0;14;0;0;2;1;2;A01
201100057736;0;7;0;0;2;3;2;B01
201100057736;0;7;0;0;0;0;2;C01
201100057737;0;7;0;0;0;4;2;A01
201100057737;0;10;0;0;2;1;2;B01
201100057738;0;7;0;4;0;3;1;A01
201100057739;0;7;0;12;0;2;1;A01
201100057740;0;7;0;3;2;2;17;A01
201100057740;0;7;0;0;2;6;1;B01
201100057741;0;7;0;0;2;1;1;C01
201100057741;0;7;0;0;0;4;1;A01
201100057741;0;7;0;0;2;4;1;B01
201100057742;0;7;0;0;2;4;1;B01
201100057742;0;7;0;0;2;4;1;A01
201100057742;0;7;0;0;2;1;1;C01
201100057743;0;7;0;0;2;1;2;B01
201100057743;0;7;0;0;2;4;2;A01
201100057744;0;7;0;0;2;2;2;C01
201100057744;0;7;0;0;0;4;1;A01
201100057744;0;7;0;3;2;4;1;B01
201100057745;0;7;0;4;9;1;2;A01
201100057746;0;7;0;0;0;9;1;A01
201100057746;0;7;0;0;2;2;1;B01
201100057746;0;7;0;0;2;1;1;C01
201100057746;0;7;0;0;2;1;1;D01
201100057747;0;7;0;0;0;9;12;A01
201100057748;0;13;0;0;2;4;2;A01
201100057748;0;7;0;0;2;1;2;B01
201100057749;0;10;0;0;2;8;1;A01
201100057749;0;7;0;4;2;7;14;B01
201100057750;0;7;0;3;0;2;14;A01
201100057750;0;7;0;0;2;7;1;B01
201100057751;0;7;0;2;0;8;0;A01
201100057752;0;7;0;0;2;1;3;B01
201100057752;0;7;0;0;2;4;1;A01
201100057753;0;7;0;13;0;9;0;A01
201100057754;0;7;0;0;1;8;3;A01
201100057754;0;7;0;0;2;4;1;B01
201100057755;1;7;0;0;2;2;2;Z01
201100057755;0;7;0;0;2;6;0;A01
201100057756;0;7;0;0;2;1;2;A01
201100057756;0;7;0;0;0;4;2;B01
201100057757;0;38;2;0;1;2;1;A01
201100057758;0;7;0;0;2;4;2;A01
201100057758;0;7;0;0;2;1;2;B01
201100057759;0;33;0;14;0;8;2;A01
201100057760;0;7;0;0;2;6;2;A01
201100057760;2;7;0;0;2;2;2;B01
201100057761;1;99;0;0;1;3;1;Z01
201100057762;0;7;0;0;2;1;2;B01
201100057762;0;7;0;0;0;4;2;A01
201100057763;0;7;0;0;2;4;1;B01
201100057764;0;3;0;0;0;4;2;A01
201100057764;0;7;0;0;2;4;2;B01
201100057765;0;10;0;0;0;9;0;A01
201100057765;0;7;0;0;0;9;0;B01
201100057766;0;7;0;3;0;7;14;A01
201100057767;0;7;0;4;0;3;1;A01
201100057768;0;7;0;0;2;1;1;C01
201100057768;0;10;0;0;2;6;0;B01
201100057768;0;7;0;0;2;4;2;A01
201100057769;0;7;0;14;2;7;17;A01
201100057769;0;7;0;0;2;8;0;B01
201100057770;0;10;0;0;2;1;2;D01
201100057770;0;7;0;0;2;4;2;C01
201100057770;0;10;0;4;0;5;2;B01
201100057770;0;7;0;0;0;6;1;A01
201100057771;0;10;0;0;2;3;1;B01
201100057771;0;10;0;0;2;9;12;A01
201100057772;0;7;0;0;2;1;2;B01
201100057772;0;7;0;0;0;4;1;A01
201100057773;0;7;0;0;2;1;2;B01
201100057773;0;7;0;0;0;4;1;A01
201100057773;0;7;0;0;2;1;2;C01
201100057774;0;10;0;0;0;4;24;C01
201100057774;0;10;0;1;0;6;24;B01
201100057774;0;7;0;1;0;2;1;A01
201100057775;0;7;0;0;2;4;1;A01
201100057775;0;7;0;0;2;1;1;B01
201100057776;1;15;0;0;2;6;11;B01
201100057776;0;7;0;4;2;2;0;A01
201100057777;0;7;0;0;0;5;1;A01
201100057777;0;33;0;0;2;1;12;B01
201100057778;0;7;0;0;2;3;21;B01
201100057778;0;7;0;3;0;5;2;A01
201100057779;0;10;0;0;2;4;2;D01
201100057779;0;7;0;0;2;4;2;C01
201100057779;0;7;0;0;0;4;2;A01
201100057779;0;7;0;0;2;4;1;B01
201100057779;0;7;0;0;2;1;2;E01
201100057780;0;7;0;0;9;1;1;B01
201100057780;0;7;0;0;0;1;0;A01
201100057781;0;10;0;0;0;8;12;B01
201100057781;0;7;0;0;2;8;1;A01
201100057782;0;31;0;0;2;0;3;C01
201100057782;0;7;0;0;2;5;1;B01
201100057782;0;7;0;0;2;6;1;A01
201100057783;0;7;0;0;0;1;1;A01
201100057784;0;7;0;0;2;1;2;B01
201100057784;0;7;0;0;0;4;2;A01
201100057785;0;7;0;0;2;1;1;B01
201100057785;0;7;0;0;2;4;1;A01
201100057786;0;31;0;14;0;7;21;A01
201100057787;0;7;0;11;0;3;13;A01
201100057788;0;7;0;0;1;1;1;A01
201100057789;0;7;0;0;1;3;15;A01
201100057790;0;32;0;0;1;1;1;A01
201100057791;0;7;0;0;2;1;1;A01
201100057791;0;7;0;0;2;2;1;B01
201100057792;0;33;0;0;2;1;23;B01
201100057792;0;7;0;0;2;1;17;A01
201100057793;0;7;0;0;2;3;15;A01
201100057793;0;32;0;0;2;9;1;B01
201100057794;0;32;0;0;0;2;1;A01
201100057795;0;7;0;0;2;6;12;A01
201100057795;0;30;0;0;2;3;1;B01
201100057796;0;7;0;0;2;6;11;A01
201100057796;0;33;0;0;2;5;17;B01
201100057797;0;7;0;0;2;5;12;B01
201100057797;0;33;0;0;2;1;1;A01
201100057798;0;7;0;0;2;3;13;A01
201100057798;0;31;0;0;2;2;17;B01
201100057799;0;31;0;0;2;1;17;B01
201100057799;0;10;0;0;2;8;10;A01
201100057800;0;33;0;0;0;7;0;A01
201100057801;0;30;0;0;0;2;21;A01
201100057802;0;32;0;12;0;7;1;A01
201100057803;0;13;0;1;2;5;23;C01
201100057803;0;32;0;0;2;6;3;A01
201100057803;0;37;1;0;2;6;1;B01
201100057804;0;7;0;0;1;1;16;A01
201100057805;0;30;0;0;0;0;1;A01
201100057806;0;30;0;0;2;1;2;A01
201100057806;0;7;0;0;2;4;23;B01
201100057807;0;2;0;0;2;4;2;B01
201100057807;0;13;0;0;2;1;2;A01
201100057808;0;7;0;0;0;3;15;A01
201100057808;0;32;0;0;2;3;17;B01
201100057809;0;7;0;0;2;3;1;B01
201100057809;0;7;0;0;2;2;1;A01
201100057810;0;34;0;0;2;4;2;B01
201100057810;0;7;0;0;2;1;2;A01
201100057811;0;33;0;0;2;4;17;B01
201100057811;0;1;0;0;2;1;11;A01
201100057812;0;2;0;0;1;1;7;A01
201100057813;0;7;0;14;0;3;13;A01
201100057814;0;7;0;0;1;4;4;A01
201100057815;0;30;0;14;0;7;14;A01
201100057816;0;7;0;0;1;4;4;A01
201100057817;1;34;0;0;2;0;17;Z01
201100057817;0;30;0;8;2;1;15;A01
201100057818;0;31;0;0;0;0;21;A01
201100057819;0;34;0;0;2;6;15;A01
201100057819;0;7;0;0;2;2;1;B01
201100057820;1;7;0;0;1;1;7;Z01
201100057821;0;7;0;0;2;2;1;A01
201100057821;0;7;0;0;2;3;1;B01
201100057822;0;31;0;0;2;4;2;B01
201100057822;0;31;0;0;2;1;2;A01
201100057823;0;1;0;0;1;1;1;A01
201100057824;0;32;0;0;0;7;21;A01
201100057825;0;7;0;0;2;1;1;A01
201100057825;0;34;0;0;2;3;1;B01
201100057826;0;32;0;0;2;2;12;A01
201100057826;0;7;0;0;2;3;1;B01
201100057827;0;32;0;0;2;1;1;A01
201100057827;0;7;0;0;2;3;22;B01
201100057828;0;7;0;0;1;1;7;A01
201100057829;0;34;0;0;1;7;5;A01
201100057830;0;31;0;0;0;7;1;A01
201100057831;0;7;0;0;2;1;1;A01
201100057831;0;7;0;0;0;4;23;C01
201100057831;0;7;0;0;2;4;23;D01
201100057831;0;7;0;0;2;9;23;B01
201100057832;0;32;0;0;1;1;1;A01
201100057833;0;7;0;0;0;2;1;A01
201100057834;0;7;0;1;0;2;1;A01
201100057834;0;7;0;0;0;4;23;B01
201100057834;0;7;0;0;0;7;23;C01
201100057835;0;32;0;0;0;0;21;A01
201100057836;0;7;0;0;0;1;1;A01
201100057836;0;32;0;0;0;4;1;B01
201100057837;0;2;0;0;2;8;1;A01
201100057837;2;2;0;0;2;0;14;Z01
201100057838;0;32;0;0;2;4;1;B01
201100057838;0;7;0;0;2;3;11;A01
201100057839;0;7;0;0;2;8;22;A01
201100057839;0;1;0;0;2;1;1;B01
201100057840;0;7;0;0;2;1;2;A01
201100057840;0;32;0;0;2;9;2;B01
201100057840;0;7;0;0;2;4;2;C01
201100057841;0;7;0;0;2;2;16;A01
201100057841;0;1;0;0;2;7;7;B01
201100057842;1;1;0;0;1;3;1;Z01
201100057843;0;30;0;14;0;8;13;A01
201100057844;0;10;0;0;2;4;23;B01
201100057844;0;34;0;0;2;1;2;A01
201100057845;0;32;0;0;1;1;1;A01
201100057846;0;7;0;0;2;1;1;A01
201100057846;0;32;0;0;2;8;1;B01
201100057847;0;33;0;0;1;2;1;A01
201100057848;0;32;0;0;1;1;1;A01
201100057849;0;30;0;0;1;1;1;A01
201100057850;0;1;0;0;1;1;1;A01
201100057851;0;1;0;0;2;0;1;B01
201100057851;0;10;0;0;0;5;16;A01
201100057852;0;13;0;0;1;4;4;A01
201100057853;0;7;0;0;2;3;9;B01
201100057853;0;2;0;0;2;2;1;A01
201100057854;0;33;0;0;1;1;1;A01
201100057855;0;34;0;0;1;3;1;A01
201100057856;0;7;0;0;2;8;22;B01
201100057856;0;32;0;0;2;2;1;A01
201100057857;0;2;0;0;2;0;2;A01
201100057857;1;10;0;0;2;0;4;Z01
201100057858;0;7;0;0;2;6;15;A01
201100057858;0;33;0;0;2;2;1;B01
201100057859;0;7;0;0;2;6;15;A01
201100057859;0;32;0;0;2;7;17;B01
201100057860;0;7;0;0;2;8;15;A01
201100057860;0;34;0;0;2;1;5;B01
201100057861;0;34;0;0;2;3;11;A01
201100057861;0;7;0;0;2;6;23;B01
201100057862;0;33;0;0;1;3;3;A01
201100057863;0;7;0;0;1;2;1;A01
201100057864;0;30;0;0;1;1;1;A01
201100057865;0;7;0;0;1;3;1;A01
201100057866;0;30;0;0;0;4;23;B01
201100057866;0;10;0;0;2;1;1;A01
201100057867;0;32;0;0;2;0;21;A01
201100057868;0;34;0;1;2;1;1;A01
201100057869;0;33;0;0;0;5;23;B01
201100057869;0;33;0;0;2;1;1;A01
201100057870;0;1;0;0;2;2;17;B01
201100057870;0;13;0;0;9;3;15;A01
201100057871;0;33;0;0;2;2;1;B01
201100057871;0;7;0;0;0;3;11;A01
201100057872;0;7;0;0;1;1;1;A01
201100057873;1;2;0;0;1;0;1;A01
201100057874;0;30;0;14;0;1;15;A01
201100057875;0;7;0;0;2;3;15;A01
201100057875;0;7;0;0;2;5;1;B01
201100057876;0;33;0;0;1;1;1;A01
201100057877;0;1;0;0;0;6;13;A01
201100057877;1;7;0;0;2;1;1;Z01
201100057878;0;31;0;0;0;0;1;A01
201100057879;0;10;0;1;1;4;4;A01
201100057880;0;1;0;0;0;0;1;A01
201100057881;0;32;0;0;0;7;1;A01
201100057882;0;7;0;8;0;3;1;A01
201100057883;0;7;0;0;0;1;9;A01
201100057883;0;32;0;0;0;8;2;B01
201100057884;0;33;0;0;0;3;3;A01
201100057884;0;7;0;0;0;5;1;B01
201100057885;0;1;0;0;1;1;1;A01
201100057886;0;37;0;0;0;8;7;A01
201100057887;0;1;0;0;2;6;17;B01
201100057887;0;7;0;0;2;8;22;A01
201100057888;0;32;0;0;2;8;1;B01
201100057888;0;31;0;0;2;7;16;A01
201100057889;0;7;0;0;2;4;23;C01
201100057889;0;7;0;0;2;9;23;B01
201100057889;0;7;0;0;2;1;2;A01
201100057890;0;7;0;0;2;7;23;C01
201100057890;0;1;0;0;2;7;1;A01
201100057890;0;7;0;0;2;8;22;B01
201100057891;0;34;0;0;2;8;18;B01
201100057891;0;7;0;0;2;7;22;A01
201100057892;0;30;0;0;2;0;1;A01
201100057892;0;1;0;0;2;1;15;B01
201100057893;0;2;0;0;2;4;23;A01
201100057893;1;2;0;0;2;4;2;Z01
201100057894;0;7;0;2;0;1;14;A01
201100057895;0;10;0;0;2;5;2;B01
201100057895;0;1;0;0;2;1;2;A01
201100057896;0;7;0;0;2;4;23;B01
201100057896;0;30;0;0;2;1;2;A01
201100057897;0;1;0;0;2;1;1;B01
201100057897;0;7;0;0;2;3;13;A01
201100057898;0;10;0;0;2;4;1;B01
201100057898;0;34;0;0;2;1;1;A01
201100057898;0;7;0;0;2;0;13;C01
201100057899;0;33;0;0;0;8;1;A01
201100057900;1;7;0;0;2;0;14;Z01
201100057900;0;32;0;0;2;0;23;A01
201100057901;0;34;0;0;2;3;13;A01
201100057901;0;34;0;0;2;2;1;B01
201100057902;0;2;0;0;0;0;1;A01
201100057903;0;32;0;0;2;8;15;A01
201100057903;0;7;0;0;2;1;1;B01
201100057904;1;10;0;0;0;1;15;Z01
201100057905;0;30;0;0;2;2;1;A01
201100057905;0;7;0;0;2;3;1;B01
201100057906;0;10;0;0;2;3;1;B01
201100057906;0;3;0;0;2;1;1;A01
201100057907;0;7;0;0;2;3;15;A01
201100057907;0;30;0;0;2;8;1;B01
201100057908;0;1;0;0;2;1;2;B01
201100057908;0;7;0;0;2;5;23;A01
201100057909;0;30;0;0;0;8;1;A01
201100057910;0;7;0;0;1;3;1;A01
201100057911;0;7;0;0;2;4;23;B01
201100057911;0;7;0;0;2;1;2;A01
201100057912;0;30;0;0;2;1;1;A01
201100057912;0;7;0;0;2;6;15;B01
201100057913;0;32;0;0;0;2;1;A01
201100057914;0;32;0;0;2;1;13;A01
201100057914;0;10;0;0;2;5;1;B01
201100057915;0;7;0;0;2;0;13;B01
201100057915;0;30;0;11;2;2;17;A01
201100057916;0;7;0;0;2;4;2;B01
201100057916;0;10;0;0;2;1;2;A01
201100057917;0;33;0;0;2;1;1;B01
201100057917;0;7;0;0;2;3;1;A01
201100057918;0;33;0;0;0;2;1;A01
201100057918;0;10;0;0;2;3;16;B01
201100057919;0;1;0;0;1;0;1;A01
201100057920;0;34;0;0;2;8;1;B01
201100057920;0;7;0;0;2;2;16;A01
201100057921;0;32;0;0;0;0;21;A01
201100057922;0;7;0;0;2;0;1;B01
201100057922;0;32;0;0;2;0;14;A01
201100057923;0;32;0;0;2;0;1;A01
201100057924;0;32;0;0;0;0;1;A01
201100057925;0;10;0;0;2;2;16;A01
201100057925;0;1;0;0;2;1;1;B01