num_acc;senc;catv;occutc;obs;obsm;choc;manv;num_veh
201100057926;1;7;0;0;2;0;2;Z01
201100057926;0;7;0;0;2;4;2;A01
201100057927;0;33;0;0;1;3;1;A01
201100057928;1;2;0;0;1;0;1;Z01
201100057929;0;7;0;0;2;5;14;A01
201100057929;0;32;0;0;2;3;1;B01
201100057930;0;32;0;0;0;1;1;A01
201100057931;0;2;0;0;2;4;16;B01
201100057931;1;7;0;0;2;0;7;A01
201100057932;0;1;0;0;2;3;15;B01
201100057932;0;33;0;0;2;2;1;A01
201100057933;0;1;0;0;2;2;17;A01
201100057933;0;7;0;0;2;3;15;B01
201100057934;0;7;0;0;1;2;1;A01
201100057935;0;1;0;0;2;8;1;B01
201100057935;0;7;0;0;0;8;7;A01
201100057936;0;7;0;0;0;4;23;B01
201100057936;0;7;0;0;0;4;23;C01
201100057936;0;7;0;0;0;4;23;D01
201100057936;0;7;0;0;0;1;1;A01
201100057937;0;7;0;0;0;4;1;A01
201100057937;1;7;0;0;0;0;1;B01
201100057938;0;7;0;0;2;3;18;B01
201100057938;0;7;0;0;0;7;1;A01
201100057939;0;37;1;0;0;5;17;A01
201100057939;0;1;0;0;0;8;1;B01
201100057940;0;32;0;0;1;1;8;A01
201100057941;0;33;0;0;1;1;1;A01
201100057942;0;7;0;0;1;4;20;A01
201100057943;0;1;0;0;1;1;1;A01
201100057944;0;7;0;0;1;1;1;A01
201100057945;0;30;0;0;1;7;1;A01
201100057946;0;30;0;0;2;4;2;B01
201100057946;0;34;0;0;2;4;2;A01
201100057947;0;1;0;0;2;5;5;A01
201100057947;0;33;0;0;2;3;9;B01
201100057948;0;30;0;0;2;0;17;B01
201100057948;0;7;0;0;2;0;13;A01
201100057949;0;7;0;0;1;2;7;A01
201100057950;0;34;0;0;2;1;17;A01
201100057950;0;1;0;0;2;8;15;B01
201100057951;1;7;0;0;1;0;16;Z01
201100057952;0;7;0;0;1;5;4;A01
201100057953;0;2;0;0;1;1;0;A01
201100057954;0;7;0;0;2;3;15;B01
201100057954;0;33;0;0;2;1;1;A01
201100057955;0;33;0;0;2;9;2;B01
201100057955;0;33;0;0;2;1;2;A01
201100057955;0;33;0;0;2;4;2;C01
201100057956;0;7;0;14;0;1;1;A01
201100057957;0;7;0;0;2;4;23;B01
201100057957;0;30;0;0;2;1;2;A01
201100057958;0;31;0;14;0;0;1;A01
201100057959;0;7;0;0;2;6;15;A01
201100057959;0;32;0;0;2;1;1;B01
201100057960;0;2;0;12;0;3;13;A01
201100057961;0;7;0;0;2;8;1;B01
201100057961;0;10;0;0;2;2;16;A01
201100057962;0;7;0;0;2;3;1;B01
201100057962;0;7;0;0;1;1;23;A01
201100057963;0;33;0;0;0;8;1;A01
201100057964;0;7;0;0;0;8;1;A01
201100057964;0;2;0;0;0;1;1;B01
201100057965;0;32;0;0;0;2;1;A01
201100057966;0;7;0;0;2;8;15;A01
201100057966;0;30;0;0;2;7;1;B01
201100057967;0;31;0;0;2;7;1;B01
201100057967;0;7;0;0;2;8;11;A01
201100057968;0;7;0;0;2;7;9;A01
201100057968;0;30;0;0;2;0;1;B01
201100057969;0;7;0;0;2;7;16;A01
201100057969;0;34;0;0;2;1;1;B01
201100057970;0;34;0;0;2;7;17;A01
201100057970;0;7;0;0;2;3;13;B01
201100057971;0;7;0;14;0;1;13;A01
201100057972;0;7;0;0;2;2;1;A01
201100057972;0;10;0;0;2;3;1;B01
201100057973;0;32;0;0;2;1;1;B01
201100057973;0;7;0;0;0;7;15;A01
201100057974;0;30;0;0;2;4;15;B01
201100057974;0;7;0;0;2;4;15;A01
201100057975;0;1;0;0;2;3;9;A01
201100057975;0;7;0;0;2;0;15;B01
201100057976;0;34;0;0;2;3;1;B01
201100057976;0;10;0;0;2;1;1;A01
201100057977;0;30;0;0;1;0;5;A01
201100057978;0;32;0;0;0;0;1;A01
201100057979;0;7;0;0;2;7;14;B01
201100057979;0;30;0;0;2;1;1;A01
201100057980;1;32;0;0;1;1;1;Z01
201100057981;0;33;0;1;2;0;1;A01
201100057981;0;7;0;0;0;8;24;C01
201100057981;0;7;0;0;2;0;1;B01
201100057982;0;33;0;1;0;1;1;A01
201100057983;0;10;0;0;1;4;4;A01
201100057984;0;7;0;0;1;1;15;A01
201100057985;0;7;0;0;2;8;15;A01
201100057985;0;32;0;0;2;1;17;B01
201100057986;0;37;0;0;2;1;1;A01
201100057986;0;10;0;0;2;7;1;B01
201100057987;0;32;0;15;0;1;13;A01
201100057988;0;33;0;0;0;7;1;A01
201100057989;0;32;0;0;0;3;21;A01
201100057990;0;10;0;0;2;3;22;A01
201100057990;0;1;0;0;2;2;1;B01
201100057991;0;7;0;0;1;3;1;A01
201100057992;0;33;0;0;1;1;1;A01
201100057993;0;7;0;8;2;6;1;B01
201100057993;0;7;0;0;2;1;1;A01
201100057994;0;34;0;0;2;1;1;B01
201100057994;0;10;0;0;2;5;1;A01
201100057995;0;10;0;0;1;4;4;A01
201100057996;0;2;0;1;2;1;1;A01
201100057996;0;7;0;0;2;0;22;B01
201100057997;1;7;0;0;0;0;1;A01
201100057998;0;32;0;0;0;0;21;A01
201100057999;0;32;0;0;2;1;2;A01
201100057999;0;32;0;0;2;4;23;B01
201100058000;0;13;0;0;2;4;23;B01
201100058000;0;32;0;0;2;1;2;A01
201100058001;0;30;0;0;2;3;1;B01
201100058001;0;1;0;0;2;2;1;A01
201100058002;0;7;0;0;2;1;1;B01
201100058002;0;2;0;0;2;7;1;A01
201100058003;0;33;0;0;2;8;21;A01
201100058004;0;10;0;0;1;4;4;A01
201100058005;0;30;0;0;1;1;1;A01
201100058006;0;37;1;0;2;0;2;A01
201100058006;0;1;0;0;2;0;23;B01
201100058007;1;10;0;0;1;4;4;Z01
201100058008;0;1;0;0;2;2;1;A01
201100058008;0;7;0;0;9;3;1;B01
201100058009;0;3;0;11;0;3;1;A01
201100058010;0;37;1;0;1;2;7;A01
201100058011;1;37;15;0;1;2;1;Z01
201100058012;0;7;0;0;2;3;15;A01
201100058012;0;34;0;0;2;2;1;B01
201100058013;0;34;0;0;2;0;1;B01
201100058013;0;7;0;0;2;0;15;A01
201100058014;0;32;0;14;0;8;14;A01
201100058015;0;30;0;15;0;2;1;A01
201100058016;0;34;0;0;2;6;15;A01
201100058016;0;30;0;0;2;5;21;B01
201100058017;0;7;0;0;2;1;1;B01
201100058017;0;7;0;11;2;1;1;A01
201100058018;0;7;0;0;2;1;1;A01
201100058018;0;7;0;0;2;8;1;B01
201100058019;1;7;0;0;2;0;16;Z01
201100058019;0;2;0;0;2;8;7;A01
201100058020;0;2;0;0;2;1;1;A01
201100058020;0;10;0;0;2;0;15;B01
201100058021;0;30;0;0;2;3;1;B01
201100058021;0;10;0;0;2;2;1;A01
201100058022;0;32;0;0;1;0;1;A01
201100058023;0;2;0;0;2;3;1;B01
201100058023;0;7;0;0;2;2;1;A01
201100058024;0;7;0;0;2;2;16;A01
201100058024;0;37;45;0;2;3;7;B01
201100058025;0;7;0;0;1;1;15;A01
201100058026;0;7;0;0;1;3;15;A01
201100058027;0;1;0;0;2;8;7;B01
201100058027;0;10;0;0;2;1;16;A01
201100058028;0;33;0;0;1;1;1;A01
201100058029;0;7;0;0;2;1;1;B01
201100058029;0;33;0;0;2;3;1;A01
201100058030;0;32;0;0;1;1;1;A01
201100058031;0;7;0;0;2;7;14;A01
201100058031;0;30;0;0;2;8;1;B01
201100058032;0;30;0;14;0;1;21;A01
201100058033;0;31;0;0;0;4;23;B01
201100058033;1;7;0;14;2;1;1;A01
201100058034;0;33;0;0;2;0;21;A01
201100058035;0;7;0;0;0;5;23;B01
201100058035;0;32;0;0;2;1;1;A01
201100058035;0;7;0;0;0;5;23;C01
201100058036;0;2;0;0;0;7;1;A01
201100058037;0;7;0;0;2;3;0;B01
201100058037;0;7;0;0;2;2;0;A01
201100058038;0;10;0;0;2;2;16;A01
201100058038;0;7;0;0;2;3;7;B01
201100058039;0;13;0;0;2;2;1;B01
201100058039;0;7;0;0;2;6;24;C01
201100058039;0;7;0;1;2;8;9;A01
201100058040;1;32;0;0;1;1;1;Z01
201100058041;0;7;0;0;2;2;1;A01
201100058041;0;2;0;0;2;3;1;B01
201100058042;0;7;0;0;1;5;4;A01
201100058043;0;7;0;0;2;0;1;B01
201100058043;0;30;0;0;2;0;1;A01
201100058044;0;7;0;0;2;2;1;B01
201100058044;0;7;0;0;2;7;15;A01
201100058045;0;32;0;0;2;2;1;B01
201100058045;0;10;0;0;2;3;15;A01
201100058046;0;7;0;0;2;3;1;A01
201100058046;2;7;0;6;2;2;1;Z01
201100058047;0;32;0;0;2;8;1;B01
201100058047;0;7;0;0;2;1;1;A01
201100058048;0;7;0;0;2;2;1;A01
201100058048;0;32;0;0;2;8;1;B01
201100058049;0;31;0;0;1;1;1;A01
201100058050;0;32;0;0;0;0;1;A01
201100058051;0;7;0;0;1;5;1;A01
201100058052;0;1;0;0;2;1;1;B01
201100058052;0;7;0;0;2;3;22;A01
201100058053;0;30;0;0;2;1;1;A01
201100058053;0;7;0;0;2;6;1;B01
201100058054;1;10;0;0;1;5;4;Z01
201100058055;0;2;0;0;0;7;1;A01
201100058056;0;33;0;0;2;7;1;B01
201100058056;0;7;0;0;2;8;15;A01
201100058057;0;32;0;0;0;0;1;A01
201100058058;0;7;0;0;1;1;1;A01
201100058059;0;7;0;14;0;1;15;A01
201100058060;0;33;0;1;0;1;13;A01
201100058061;1;30;0;0;2;1;1;Z01
201100058061;0;1;0;0;2;1;5;A01
201100058062;1;1;0;0;0;6;7;A01
201100058063;0;7;0;0;0;8;1;A01
201100058064;0;33;0;0;1;0;21;A01
201100058065;0;30;0;0;2;1;0;A01
201100058066;0;7;0;0;2;5;1;A01
201100058066;0;33;0;0;2;1;1;B01
201100058067;0;10;0;0;2;2;1;C01
201100058067;0;1;0;0;0;8;18;A01
201100058067;0;13;0;0;0;6;1;B01
201100058068;0;32;0;0;2;0;21;A01
201100058069;0;7;0;0;1;1;1;A01
201100058070;0;7;0;0;0;2;15;A01
201100058070;0;32;0;0;0;7;17;B01
201100058071;0;7;0;0;0;8;4;A01
201100058072;0;2;0;0;0;3;1;A01
201100058073;0;32;0;1;0;1;1;A01
201100058074;0;32;0;0;2;7;1;B01
201100058074;0;7;0;0;2;3;9;A01
201100058075;0;7;0;0;0;5;2;B01
201100058075;0;2;0;0;2;1;18;A01
201100058076;0;32;0;0;2;0;21;A01
201100058077;0;1;0;0;2;8;15;A01
201100058077;0;7;0;0;2;7;17;B01
201100058078;0;31;0;0;1;1;1;A01
201100058079;0;32;0;0;0;0;21;A01
201100058080;0;33;0;0;0;8;1;A01
201100058081;0;10;0;0;2;7;15;A01
201100058081;0;33;0;0;2;1;1;B01
201100058082;0;7;0;0;1;2;1;A01
201100058083;0;7;0;0;0;3;15;A01
201100058083;0;33;0;0;2;1;1;B01
201100058084;0;7;0;0;2;8;11;A01
201100058084;0;30;0;0;2;7;1;B01
201100058085;0;10;0;0;1;2;1;A01
201100058086;1;10;0;0;2;0;13;Z01
201100058086;0;30;0;6;2;0;1;A01
201100058087;0;2;0;0;2;1;9;A01
201100058087;0;7;0;0;0;2;1;B01
201100058088;0;10;0;0;2;8;1;B01
201100058088;0;33;0;1;2;8;17;A01
201100058089;0;32;0;0;2;8;1;A01
201100058089;1;7;0;0;2;2;14;Z01
201100058090;0;10;0;0;1;4;4;A01
201100058091;0;32;0;0;0;0;21;A01
201100058092;0;30;0;0;0;0;1;A01
201100058093;0;10;0;0;1;1;1;A01
201100058094;0;7;0;0;1;0;4;A01
201100058095;0;7;0;0;1;7;1;A01
201100058096;0;7;0;0;2;1;2;B01
201100058096;0;7;0;0;2;6;23;D01
201100058096;0;7;0;0;2;1;2;C01
201100058096;0;7;0;0;2;9;4;A01
201100058097;0;7;0;0;1;3;1;A01
201100058098;0;31;0;0;1;0;1;A01
201100058099;0;30;0;0;1;2;1;A01
201100058100;0;10;0;0;1;1;15;A01
201100058101;0;7;0;0;2;2;1;A01
201100058101;0;34;0;0;2;1;1;B01
201100058102;0;10;0;0;2;3;1;A01
201100058102;0;31;0;0;0;4;23;B01
201100058103;0;7;0;15;0;3;1;A01
201100058104;0;2;0;1;0;7;13;A01
201100058105;0;33;0;0;0;1;1;A01
201100058106;0;7;0;0;2;0;23;C01
201100058106;0;10;0;0;2;1;2;A01
201100058106;0;7;0;0;2;4;2;B01
201100058107;0;2;0;0;1;4;7;A01
201100058108;0;7;0;0;2;1;7;B01
201100058108;0;34;0;0;2;7;16;A01
201100058109;0;32;0;0;0;8;1;A01
201100058109;1;7;0;0;2;7;12;Z01
201100058110;0;2;0;1;0;3;1;A01
201100058111;0;30;0;0;2;8;16;A01
201100058111;0;7;0;0;2;0;1;B01
201100058112;0;7;0;1;0;2;1;A01
201100058113;0;32;0;0;2;5;1;A01
201100058113;0;7;0;0;0;5;23;B01
201100058114;0;1;0;0;0;0;1;A01
201100058115;0;7;0;0;1;1;7;A01
201100058116;0;7;0;0;2;5;23;B01
201100058116;0;33;0;1;2;1;17;A01
201100058117;0;31;0;8;0;0;16;A01
201100058118;0;7;0;0;2;6;2;B01
201100058118;0;33;0;0;2;1;2;A01
201100058118;0;7;0;0;2;7;1;C01
201100058119;0;2;0;0;2;1;17;B01
201100058119;0;7;0;0;2;3;13;A01
201100058120;0;7;0;0;2;6;2;B01
201100058120;0;30;0;0;2;2;2;A01
201100058121;0;30;0;0;2;7;1;A01
201100058121;1;7;0;0;2;0;13;Z01
201100058122;0;7;0;0;1;1;1;A01
201100058123;0;2;0;0;2;6;2;A01
201100058123;0;7;0;0;2;0;23;B01
201100058124;0;7;0;0;1;6;1;A01
201100058125;0;7;0;0;2;2;16;B01
201100058125;0;32;0;0;2;1;18;A01
201100058126;0;10;0;0;2;5;23;B01
201100058126;0;30;0;0;2;3;2;A01
201100058127;0;7;0;0;2;2;12;A01
201100058127;0;33;0;0;2;3;1;B01
201100058128;0;10;0;0;1;3;16;A01
201100058129;0;31;0;1;0;3;1;B01
201100058129;0;7;0;0;2;5;24;A01
201100058130;0;2;0;0;1;1;1;A01
201100058131;1;7;0;0;1;0;1;Z01
201100058132;0;7;0;0;1;2;16;A01
201100058133;2;7;0;1;2;2;1;A01
201100058133;0;32;0;0;2;8;1;B01
201100058134;0;32;0;0;9;7;16;A01
201100058134;0;1;0;0;2;1;7;B01
201100058135;0;1;0;0;1;1;1;A01
201100058136;0;30;0;1;0;2;14;A01
201100058137;0;32;0;0;1;1;1;A01
201100058138;0;30;0;0;2;1;2;A01
201100058138;0;10;0;0;2;5;2;B01
201100058139;0;32;0;14;0;0;14;A01
201100058140;0;33;0;0;2;7;17;B01
201100058140;0;7;0;0;2;3;15;A01
201100058141;0;7;0;0;0;3;1;A01
201100058141;0;1;0;0;2;1;19;B01
201100058142;0;7;0;0;2;6;23;B01
201100058142;0;30;0;0;2;5;2;A01
201100058143;0;10;0;0;1;7;15;A01
201100058144;0;33;0;0;2;7;1;B01
201100058144;0;7;0;0;2;8;9;A01
201100058145;0;1;0;0;1;1;1;A01
201100058146;0;30;0;0;2;1;2;A01
201100058146;0;7;0;0;2;4;23;B01
201100058147;0;7;0;7;2;2;1;B01
201100058147;0;10;0;0;2;2;1;A01
201100058148;0;33;0;0;1;2;1;A01
201100058149;0;32;0;14;0;1;1;A01
201100058150;0;1;0;0;2;1;18;A01
201100058150;0;7;0;0;2;5;22;B01
201100058151;0;32;0;0;0;1;1;B01
201100058151;0;1;0;0;0;8;15;A01
201100058152;0;7;0;0;0;7;1;B01
201100058152;0;10;0;0;0;3;1;A01
201100058153;1;7;0;0;2;0;16;Z01
201100058153;0;2;0;0;2;8;1;B01
201100058154;0;7;0;0;2;2;16;B01
201100058154;0;32;0;0;2;1;18;A01
201100058155;0;32;0;0;0;1;0;B01
201100058155;0;30;0;0;0;1;0;A01
201100058156;0;32;0;0;2;3;11;A01
201100058156;0;32;0;0;2;2;1;B01
201100058157;0;1;0;0;1;2;1;A01
201100058158;0;7;0;0;1;3;16;A01
201100058159;0;32;0;0;1;7;1;A01
201100058160;0;7;0;0;2;4;2;B01
201100058160;0;30;0;0;2;2;2;A01
201100058161;0;10;0;0;2;2;16;B01
201100058161;0;32;0;0;2;8;18;A01
201100058162;0;33;0;0;2;1;7;B01
201100058162;0;7;0;0;2;5;15;A01
201100058163;0;7;0;0;2;4;20;B01
201100058163;0;32;0;0;2;1;2;A01
201100058164;0;32;0;0;2;8;1;B01
201100058164;0;7;0;0;2;1;7;A01
201100058165;0;30;0;0;2;8;16;A01
201100058165;0;33;0;0;2;8;1;B01
201100058166;0;30;0;0;0;7;21;A01
201100058167;0;7;0;0;2;0;16;A01
201100058167;0;30;0;0;2;0;18;B01
201100058168;0;32;0;12;0;8;13;A01
201100058169;0;33;0;0;2;4;23;B01
201100058169;0;7;0;0;2;3;2;A01
201100058170;0;2;0;0;0;0;1;A01
201100058171;0;2;0;0;1;3;1;A01
201100058172;0;2;0;0;2;1;19;B01
201100058172;0;33;0;0;2;7;1;A01
201100058173;0;31;0;0;1;2;21;A01
201100058174;0;2;0;14;0;7;1;A01
201100058175;0;7;0;0;2;1;2;A01
201100058175;0;30;0;0;2;4;23;B01
201100058176;0;10;0;0;2;4;23;B01
201100058176;0;33;0;0;2;1;2;A01
201100058177;0;7;0;0;2;1;1;B01
201100058177;0;32;0;0;2;7;1;A01
201100058178;0;32;0;0;1;2;1;A01
201100058179;0;7;0;0;2;3;15;B01
201100058179;0;32;0;0;2;7;17;A01
201100058180;0;7;0;0;2;2;15;A01
201100058180;0;32;0;0;2;2;1;B01
201100058181;0;32;0;0;2;1;1;B01
201100058181;0;7;0;0;2;6;10;A01
201100058182;0;10;0;0;2;7;12;A01
201100058182;0;32;0;0;2;8;1;B01
201100058183;0;34;0;0;1;1;1;A01
201100058184;0;7;0;0;2;5;16;B01
201100058184;0;33;0;0;2;8;7;A01
201100058185;0;7;0;0;2;7;16;A01
201100058185;0;37;10;0;2;3;7;B01
201100058186;0;33;0;0;2;0;15;A01
201100058186;0;34;0;0;2;5;1;B01
201100058187;0;34;0;0;2;1;1;A01
201100058187;0;10;0;0;0;4;23;B01
201100058188;0;31;0;0;1;0;17;A01
201100058189;1;7;0;0;1;0;1;Z01
201100058190;0;30;0;0;1;8;1;A01
201100058191;0;30;0;0;2;3;11;A01
201100058191;0;10;0;0;2;2;1;B01
201100058192;0;32;0;0;2;4;23;B01
201100058192;0;2;0;0;2;0;2;A01
201100058193;0;32;0;0;1;1;1;A01
201100058194;0;7;0;0;0;3;15;A01
201100058194;0;1;0;0;0;2;7;B01
201100058195;0;7;0;0;1;7;1;A01
201100058196;0;2;0;0;1;3;1;A01
201100058197;0;7;0;0;2;6;15;A01
201100058197;0;1;0;0;2;1;1;B01
201100058198;0;2;0;0;0;0;1;B01
201100058198;0;2;0;0;0;0;1;A01
201100058199;0;7;0;0;2;3;9;B01
201100058199;0;2;0;0;2;3;1;A01
201100058200;0;7;0;0;2;1;1;B01
201100058200;0;1;0;0;2;8;7;A01
201100058201;0;7;0;0;0;4;15;B01
201100058201;0;2;0;0;2;1;7;A01
201100058202;0;7;0;0;1;2;7;A01
201100058203;0;34;0;0;1;1;1;A01
201100058204;0;7;0;1;0;2;15;A01
201100058204;0;31;0;0;0;3;1;B01
201100058205;0;7;0;0;2;4;23;A01
201100058205;0;7;0;0;2;1;1;B01
201100058206;0;2;0;0;2;1;19;A01
201100058206;0;7;0;0;2;3;1;B01
201100058207;0;7;0;0;2;3;22;A01
201100058207;0;1;0;0;2;0;1;B01
201100058208;0;7;0;0;0;3;1;A01
201100058209;0;31;0;0;2;3;1;A01
201100058209;1;7;0;0;2;4;16;Z01
201100058210;0;33;0;0;0;8;15;A01
201100058211;0;31;0;0;0;0;1;A01
201100058212;0;2;0;12;0;2;21;A01
201100058213;0;7;0;0;1;4;23;B01
201100058213;0;31;0;0;2;0;1;A01
201100058214;0;34;0;0;2;2;17;A01
201100058214;0;7;0;0;2;3;15;B01
201100058215;0;32;0;0;2;2;13;A01
201100058215;0;33;0;0;2;6;17;B01
201100058216;0;7;0;0;1;3;15;A01
201100058217;0;1;0;0;0;7;1;A01
201100058218;0;7;0;0;2;3;7;B01
201100058218;0;1;0;0;2;7;16;A01
201100058219;0;2;0;0;2;6;17;A01
201100058219;0;10;0;0;2;0;13;B01
201100058220;0;7;0;0;2;2;16;A01
201100058220;0;7;0;0;2;3;7;B01
201100058221;0;33;0;0;2;2;1;B01
201100058221;0;7;0;0;2;6;15;A01
201100058222;0;7;0;0;2;7;16;B01
201100058222;0;30;0;0;2;8;1;A01
201100058223;0;7;0;0;2;2;15;A01
201100058223;0;2;0;0;2;1;8;B01
201100058224;0;7;0;0;0;0;1;B01
201100058224;0;7;0;0;0;0;1;A01
201100058225;0;10;0;0;2;4;23;B01
201100058225;0;10;0;0;2;4;23;C01
201100058225;0;10;0;0;2;1;1;A01
201100058226;0;1;0;0;2;2;7;B01
201100058226;0;7;0;0;2;8;22;A01
201100058227;0;7;0;0;2;8;15;B01
201100058227;0;2;0;0;2;7;17;A01
201100058228;0;7;0;0;2;4;23;B01
201100058228;0;31;0;0;2;1;2;A01
201100058229;0;32;0;0;2;3;1;B01
201100058229;0;7;0;0;2;7;15;A01
201100058230;0;33;0;0;0;0;1;A01
201100058231;0;33;0;0;1;7;1;A01
201100058232;0;33;0;0;1;1;3;A01
201100058233;1;7;0;0;2;5;14;Z01
201100058233;0;32;0;0;2;3;1;A01
201100058234;0;32;0;0;0;0;1;A01
201100058235;0;7;0;0;1;4;4;A01
201100058236;0;7;0;0;1;3;20;A01
201100058237;0;33;0;0;2;1;13;A01
201100058237;0;33;0;0;2;6;1;B01
201100058238;0;7;0;0;2;6;23;B01
201100058238;0;31;0;0;2;1;2;A01
201100058239;0;30;0;0;0;2;1;A01
201100058240;0;7;0;0;1;1;1;A01
201100058241;0;34;0;0;2;7;16;A01
201100058241;0;7;0;0;0;8;1;B01
201100058242;0;7;0;0;2;5;23;C01
201100058242;0;10;0;0;2;3;1;B01
201100058242;0;7;0;0;2;3;12;A01
201100058242;0;7;0;0;2;4;23;D01
201100058243;0;10;0;0;2;3;15;B01
201100058243;0;30;0;0;2;2;17;A01
201100058244;0;7;0;0;2;1;2;A01
201100058244;0;34;0;0;2;4;2;B01
201100058245;0;7;0;0;1;0;4;A01
201100058246;0;2;0;0;0;0;1;A01
201100058247;0;7;0;0;1;1;1;A01
201100058248;0;7;0;0;2;1;1;A01
201100058248;0;1;0;0;2;8;19;B01
201100058249;0;32;0;0;2;1;1;A01
201100058249;0;7;0;0;0;6;20;B01
201100058250;0;7;0;0;2;8;22;A01
201100058250;0;1;0;1;0;2;17;B01
201100058251;0;32;0;0;2;3;1;A01
201100058251;0;10;0;0;0;5;23;B01
201100058252;0;30;0;0;2;3;1;B01
201100058252;0;7;0;0;2;5;4;A01
201100058253;0;7;0;0;1;2;1;A01
201100058254;0;7;0;0;2;8;15;A01
201100058254;0;30;0;0;2;2;17;B01
201100058255;0;1;0;0;1;1;1;A01
201100058256;0;10;0;0;2;2;16;A01
201100058256;0;37;0;0;2;3;7;B01
201100058257;0;7;0;0;2;9;4;A01
201100058257;0;33;0;1;2;1;1;B01
201100058258;0;10;0;0;0;2;16;A01
201100058258;0;1;0;0;2;1;1;B01
201100058259;0;33;0;0;2;6;1;B01
201100058259;0;7;0;0;2;2;1;A01
201100058260;0;1;0;0;0;0;21;A01
201100058261;0;7;0;0;2;3;1;B01
201100058261;0;32;0;0;2;8;14;A01
201100058262;0;7;0;0;2;0;16;A01
201100058262;0;1;0;15;2;1;7;B01
201100058263;0;10;0;0;2;1;2;A01
201100058263;0;33;0;0;2;4;2;B01
201100058264;0;37;0;0;0;0;21;A01
201100058265;0;33;0;0;2;1;2;B01
201100058265;0;7;0;0;2;4;4;A01
201100058266;1;33;0;0;1;1;8;Z01
201100058267;0;37;1;0;1;2;7;A01
201100058268;0;7;0;0;0;3;15;B01
201100058268;0;32;0;0;2;1;17;A01
201100058269;0;31;0;0;0;0;1;A01
201100058270;0;7;0;0;1;6;4;A01
201100058271;0;7;0;0;2;6;1;A01
201100058271;0;32;0;0;2;1;1;B01
201100058272;0;32;0;1;0;8;1;B01
201100058272;0;13;0;0;2;7;22;A01
201100058273;0;7;0;0;1;3;1;A01
201100058274;0;1;0;0;2;3;7;B01
201100058274;0;7;0;0;2;2;17;A01
201100058275;0;7;0;0;1;6;7;A01
201100058276;0;7;0;0;1;2;1;A01
201100058277;0;34;0;8;0;3;1;A01
201100058278;0;10;0;0;2;2;16;B01
201100058278;0;2;0;0;2;1;7;A01
201100058279;0;33;0;0;2;8;17;A01
201100058279;0;7;0;0;0;8;10;B01
201100058280;0;33;0;1;0;1;1;A01
201100058281;0;7;0;1;0;1;0;A01
201100058282;0;7;0;15;0;1;1;A01
201100058283;0;7;0;0;1;2;15;A01
201100058284;0;2;0;0;1;0;1;A01
201100058285;0;7;0;0;2;2;16;B01
201100058285;0;33;0;0;2;3;18;A01
201100058286;0;7;0;0;2;7;16;A01
201100058286;0;31;0;0;2;3;1;B01
201100058287;0;1;0;0;1;0;1;A01
201100058288;0;7;0;0;2;2;2;A01
201100058288;0;34;0;0;2;5;23;B01
201100058289;0;1;0;0;2;0;1;B01
201100058289;0;1;0;0;2;0;1;A01
201100058290;0;31;0;0;1;2;1;A01
201100058291;0;33;0;0;0;8;1;A01
201100058292;0;33;0;0;2;1;1;B01
201100058292;0;7;0;0;2;2;1;A01
201100058293;0;7;0;0;2;7;1;B01
201100058293;0;32;0;0;2;3;13;A01
201100058294;0;32;0;0;2;2;2;A01
201100058294;0;30;0;0;2;4;23;B01
201100058295;0;7;0;0;2;6;20;B01
201100058295;0;30;0;0;2;3;2;A01
201100058296;0;7;0;14;0;2;14;A01
201100058297;0;10;0;0;2;3;16;B01
201100058297;0;2;0;0;2;1;1;A01
201100058298;0;7;0;0;2;2;9;A01
201100058298;0;32;0;0;2;1;1;B01
201100058299;0;7;0;0;1;3;15;A01
201100058300;0;7;0;0;1;4;4;A01
201100058301;0;32;0;0;0;2;21;A01
201100058302;0;7;0;0;2;3;15;A01
201100058302;0;1;0;12;2;3;17;B01
201100058303;0;7;0;0;2;1;7;B01
201100058303;0;1;0;0;2;4;5;A01
201100058304;0;30;0;0;2;7;18;A01
201100058304;1;2;0;0;2;8;16;Z01
201100058305;0;34;0;0;1;1;1;A01
201100058306;0;2;0;0;2;7;15;A01
201100058306;0;7;0;0;2;2;7;B01
201100058307;0;34;0;14;0;1;13;A01
201100058308;0;30;0;0;2;1;2;A01
201100058308;0;7;0;0;2;4;23;B01
201100058309;0;34;0;0;0;0;1;A01
201100058310;0;32;0;0;2;4;23;B01
201100058310;0;7;0;0;2;2;2;A01
201100058311;0;30;0;0;2;1;2;A01
201100058311;0;10;0;0;2;5;2;B01
201100058312;0;7;0;0;2;1;2;A01
201100058312;0;7;0;0;2;4;15;B01
201100058313;0;2;0;0;2;2;1;A01
201100058313;1;7;0;0;2;0;1;Z01
201100058314;0;7;0;1;9;3;1;A01
201100058314;0;1;0;0;0;4;16;B01
201100058315;0;14;0;0;2;3;13;A01
201100058315;0;2;0;0;2;7;17;B01
201100058316;0;31;0;0;2;1;18;A01
201100058316;0;10;0;0;0;2;16;B01
201100058317;0;38;1;0;1;2;1;A01
201100058318;0;7;0;0;2;3;9;B01
201100058318;0;34;0;1;2;5;3;A01
201100058319;0;7;0;0;0;8;22;A01