num_acc;senc;catv;occutc;obs;obsm;choc;manv;num_veh
201100058319;0;30;0;0;2;3;17;B01
201100058320;0;7;0;0;1;0;1;A01
201100058321;0;10;0;0;1;2;1;A01
201100058322;0;1;0;0;2;8;1;B01
201100058322;0;7;0;0;0;1;1;A01
201100058323;0;7;0;0;2;3;15;A01
201100058323;0;7;0;8;2;7;1;B01
201100058324;0;33;0;0;2;2;17;B01
201100058324;0;7;0;0;2;8;15;A01
201100058325;0;1;0;0;2;4;1;A01
201100058325;1;7;0;0;0;1;1;Z01
201100058326;0;33;0;0;0;1;1;A01
201100058327;0;33;0;0;0;8;23;A01
201100058327;1;7;0;0;0;7;1;B01
201100058328;0;1;0;0;2;1;7;A01
201100058328;0;7;0;0;0;2;16;B01
201100058329;0;34;0;0;2;3;1;A01
201100058329;0;10;0;0;0;5;23;B01
201100058330;0;32;0;0;2;1;1;A01
201100058330;0;7;0;0;0;5;23;B01
201100058331;0;2;0;0;2;0;21;A01
201100058332;0;33;0;0;2;4;23;B01
201100058332;0;2;0;0;2;1;2;A01
201100058333;0;31;0;0;2;8;13;A01
201100058333;0;7;0;0;2;2;15;B01
201100058334;0;7;0;0;2;2;1;B01
201100058334;0;30;0;0;2;3;13;A01
201100058335;1;7;0;0;2;1;17;Z01
201100058335;0;2;0;0;2;4;1;A01
201100058336;0;32;0;0;0;4;1;A01
201100058336;0;10;0;0;0;4;9;B01
201100058337;0;7;0;0;9;1;15;A01
201100058337;0;1;0;0;2;1;5;B01
201100058338;0;34;0;0;2;1;1;A01
201100058338;0;7;0;0;2;5;15;B01
201100058339;0;7;0;0;2;1;2;A01
201100058339;0;7;0;0;2;4;23;B01
201100058340;0;1;0;0;0;7;16;B01
201100058340;1;34;0;0;0;0;16;Z01
201100058341;0;7;0;0;2;3;2;A01
201100058341;0;1;0;0;2;4;2;B01
201100058342;0;34;0;0;2;1;17;A01
201100058342;0;1;0;0;2;4;13;B01
201100058343;0;7;0;0;1;2;1;A01
201100058344;0;32;0;0;2;1;2;A01
201100058344;0;7;0;0;2;5;2;B01
201100058345;0;7;0;15;0;2;10;A01
201100058346;0;7;0;8;2;7;16;A01
201100058346;0;7;0;0;0;8;7;B01
201100058347;0;30;0;0;0;0;21;A01
201100058348;0;33;0;0;1;3;3;A01
201100058349;0;1;0;14;0;1;13;A01
201100058350;0;7;0;0;2;1;1;A01
201100058350;0;7;0;0;0;4;1;B01
201100058351;0;32;0;0;0;8;16;A01
201100058352;0;7;0;0;0;4;23;B01
201100058352;0;7;0;14;0;1;1;A01
201100058353;0;32;0;0;0;7;21;A01
201100058354;0;34;0;0;2;1;3;A01
201100058354;0;10;0;0;2;3;1;C01
201100058354;0;10;0;0;2;5;1;B01
201100058355;0;7;0;0;1;6;4;A01
201100058356;0;7;0;0;2;7;13;A01
201100058356;0;30;0;0;2;8;17;B01
201100058357;0;34;0;0;2;2;1;B01
201100058357;0;7;0;0;0;8;15;A01
201100058358;0;33;0;0;1;1;7;A01
201100058359;0;32;0;0;2;1;1;A01
201100058359;0;7;0;0;2;5;1;B01
201100058360;0;2;0;0;2;1;1;A01
201100058360;0;10;0;0;2;2;1;B01
201100058361;0;32;0;0;1;2;1;A01
201100058362;0;32;0;0;2;1;3;A01
201100058362;0;10;0;0;2;5;23;B01
201100058362;0;10;0;0;2;4;23;C01
201100058363;0;10;0;0;1;5;4;A01
201100058364;0;7;0;0;0;7;16;A01
201100058364;0;34;0;0;2;5;21;B01
201100058365;0;30;0;0;2;0;2;A01
201100058365;0;7;0;0;2;0;23;B01
201100058365;0;7;0;0;2;6;23;C01
201100058366;0;33;0;0;2;1;1;B01
201100058366;0;7;0;0;2;8;15;A01
201100058367;0;7;0;0;2;1;1;A01
201100058367;0;32;0;0;2;6;1;B01
201100058368;0;2;0;0;0;0;1;A01
201100058369;0;7;0;0;1;1;15;A01
201100058370;0;32;0;0;2;1;5;A01
201100058370;0;1;0;0;2;8;15;B01
201100058371;0;7;0;0;0;5;1;A01
201100058371;0;2;0;0;0;1;1;B01
201100058372;0;1;0;0;1;1;1;A01
201100058373;0;7;0;0;2;8;15;A01
201100058373;0;33;0;0;2;2;1;B01
201100058374;0;7;0;0;1;6;4;A01
201100058375;0;7;0;0;2;7;7;B01
201100058375;0;2;0;0;2;8;9;A01
201100058376;0;33;0;0;2;1;1;B01
201100058376;0;7;0;0;2;2;15;A01
201100058377;0;30;0;0;1;1;1;A01
201100058378;0;7;0;0;2;3;15;B01
201100058378;0;31;0;0;2;2;17;A01
201100058379;0;7;0;0;2;2;16;A01
201100058379;0;33;0;0;2;3;18;B01
201100058380;1;7;0;0;2;1;1;A01
201100058380;0;2;0;0;0;7;1;B01
201100058381;0;33;0;0;1;2;1;A01
201100058382;0;7;0;0;2;0;13;A01
201100058382;0;31;0;0;2;7;1;B01
201100058383;0;7;0;0;1;1;1;A01
201100058384;0;7;0;0;1;1;15;A01
201100058385;0;7;0;0;1;1;15;A01
201100058386;0;7;0;0;2;8;13;A01
201100058386;0;33;0;0;2;7;11;B01
201100058387;0;7;0;0;1;4;4;A01
201100058388;0;7;0;0;2;3;15;A01
201100058388;0;30;0;0;2;1;1;B01
201100058389;0;7;0;0;1;1;1;A01
201100058390;0;32;0;0;1;1;1;A01
201100058391;0;1;0;0;2;4;2;A01
201100058391;0;3;0;0;2;0;23;B01
201100058392;0;1;0;0;2;1;7;B01
201100058392;0;7;0;0;2;3;22;A01
201100058393;0;7;0;0;2;3;13;A01
201100058393;0;7;0;0;2;6;1;B01
201100058394;0;37;30;0;0;5;1;A01
201100058395;0;7;0;0;1;2;1;A01
201100058396;0;37;0;0;1;6;7;A01
201100058397;0;7;0;0;1;3;1;A01
201100058398;0;7;0;0;2;1;2;A01
201100058398;0;7;0;0;2;0;23;B01
201100058399;0;7;0;0;1;2;1;A01
201100058400;0;1;0;0;1;1;7;A01
201100058401;0;33;0;0;2;7;1;A01
201100058401;0;13;0;0;2;5;1;B01
201100058402;0;7;0;0;2;7;16;A01
201100058402;0;1;0;0;2;8;15;B01
201100058403;0;2;0;0;2;4;15;B01
201100058403;0;32;0;0;2;1;2;A01
201100058404;0;13;0;0;2;8;1;B01
201100058404;0;33;0;0;2;1;1;A01
201100058405;0;31;0;0;0;0;21;A01
201100058406;0;32;0;0;0;8;1;A01
201100058407;0;34;0;0;2;8;5;A01
201100058407;0;33;0;0;2;8;1;B01
201100058407;0;7;0;0;2;6;23;C01
201100058408;0;7;0;12;2;1;1;A01
201100058408;0;7;0;0;2;6;1;B01
201100058409;0;30;0;0;2;4;1;A01
201100058409;0;33;0;0;0;4;23;B01
201100058410;0;30;0;0;2;8;21;A01
201100058411;0;33;0;0;0;8;21;A01
201100058412;0;10;0;0;2;3;15;A01
201100058412;0;30;0;0;2;1;17;B01
201100058413;0;7;0;0;1;2;1;A01
201100058414;0;2;0;0;2;1;17;A01
201100058414;0;31;0;0;2;3;9;B01
201100058415;0;32;0;0;2;1;1;B01
201100058415;0;7;0;0;2;1;15;A01
201100058416;0;1;0;0;1;1;1;A01
201100058417;0;1;0;0;0;1;5;B01
201100058417;0;1;0;0;0;1;15;A01
201100058418;0;1;0;0;0;0;2;A01
201100058419;0;7;0;0;2;3;13;A01
201100058419;0;2;0;0;2;7;17;B01
201100058420;0;7;0;12;2;7;1;B01
201100058420;0;10;0;0;2;1;1;A01
201100058421;0;38;1;0;2;2;16;A01
201100058421;0;37;2;0;2;8;7;B01
201100058422;0;30;0;0;0;8;15;A01
201100058423;0;7;0;0;1;7;16;A01
201100058424;0;34;0;0;2;2;1;B01
201100058424;0;7;0;0;2;3;9;A01
201100058425;0;34;0;0;0;3;1;B01
201100058425;0;30;0;0;2;1;15;A01
201100058426;0;7;0;0;2;3;1;C01
201100058426;0;7;0;0;0;6;23;B01
201100058426;0;34;0;0;2;1;1;A01
201100058427;1;7;0;0;1;0;7;Z01
201100058428;0;7;0;0;1;1;1;A01
201100058429;2;1;0;0;1;2;7;Z01
201100058430;0;37;0;0;2;6;23;B01
201100058430;0;7;0;0;2;1;2;A01
201100058431;0;7;0;0;1;2;1;A01
201100058432;0;7;0;0;2;8;1;C01
201100058432;0;7;0;7;2;3;1;A01
201100058432;0;7;0;0;2;8;1;B01
201100058433;0;7;0;0;0;6;23;B01
201100058433;0;32;0;0;2;4;1;A01
201100058434;0;30;0;0;2;1;18;A01
201100058434;0;32;0;0;2;5;16;B01
201100058435;0;31;0;0;1;1;15;A01
201100058436;0;7;0;14;0;7;21;A01
201100058437;0;32;0;0;0;1;1;A01
201100058437;0;14;0;0;2;1;1;B01
201100058438;0;33;0;0;1;1;7;A01
201100058439;0;34;0;0;1;1;1;A01
201100058440;0;1;0;0;0;8;1;B01
201100058440;0;7;0;0;0;7;16;A01
201100058441;0;32;0;0;2;1;1;A01
201100058441;0;7;0;0;0;4;23;B01
201100058442;0;7;0;0;9;3;22;A01
201100058442;0;1;0;1;0;1;1;B01
201100058443;0;10;0;0;0;4;23;B01
201100058443;0;10;0;0;0;1;1;A01
201100058444;0;7;0;1;0;8;9;A01
201100058444;0;1;0;0;2;1;1;B01
201100058445;0;1;0;0;9;8;19;B01
201100058445;0;31;0;0;9;7;1;A01
201100058446;0;33;0;0;2;1;1;A01
201100058446;0;33;0;0;2;7;9;B01
201100058447;0;2;0;0;2;1;15;A01
201100058447;0;34;0;0;2;1;17;B01
201100058448;0;7;0;0;1;3;1;A01
201100058449;0;7;0;0;1;6;4;A01
201100058450;0;7;0;0;0;6;9;B01
201100058450;0;30;0;0;0;2;1;A01
201100058451;0;7;0;0;2;2;1;A01
201100058451;0;2;0;0;2;1;1;B01
201100058452;0;7;0;0;1;7;16;A01
201100058453;0;7;0;0;0;3;15;B01
201100058453;0;1;0;0;0;1;1;A01
201100058454;0;33;0;0;1;1;1;A01
201100058455;0;7;0;0;1;3;1;A01
201100058456;0;7;0;0;2;3;15;B01
201100058456;0;34;0;0;2;1;1;A01
201100058457;0;7;0;0;1;5;4;A01
201100058458;0;32;0;15;2;3;18;B01
201100058458;0;7;0;0;0;2;1;A01
201100058459;0;7;0;0;1;2;1;A01
201100058460;1;7;0;0;2;2;14;Z01
201100058460;0;1;0;0;2;3;7;B01
201100058461;0;1;0;0;1;1;5;A01
201100058462;0;32;0;0;2;1;1;A01
201100058463;1;10;0;0;2;7;16;Z01
201100058463;0;1;0;0;0;1;7;A01
201100058464;0;30;0;0;1;1;1;A01
201100058465;0;7;0;0;1;3;1;A01
201100058466;0;7;0;0;2;2;1;A01
201100058466;0;30;0;0;2;8;13;B01
201100058467;0;7;0;11;0;1;21;A01
201100058468;0;7;0;0;1;6;4;A01
201100058469;0;32;0;0;0;0;1;A01
201100058470;0;7;0;0;2;0;22;A01
201100058470;0;1;0;0;2;3;1;B01
201100058471;0;2;0;0;1;3;18;A01
201100058472;0;30;0;0;1;7;1;A01
201100058473;0;7;0;0;2;7;10;A01
201100058473;0;31;0;0;2;1;1;B01
201100058474;0;7;0;0;1;4;4;A01
201100058475;0;30;0;0;2;4;5;A01
201100058475;1;7;0;0;2;1;2;Z01
201100058476;0;33;0;0;1;1;1;A01
201100058477;0;13;0;0;1;2;1;A01
201100058478;0;34;0;12;0;3;1;A01
201100058479;0;7;0;0;2;1;15;A01
201100058479;0;32;0;0;2;0;15;B01
201100058480;0;1;0;0;2;8;13;B01
201100058480;0;37;20;0;2;7;17;A01
201100058481;0;2;0;0;0;0;1;A01
201100058482;0;10;0;0;2;2;17;B01
201100058482;0;1;0;0;2;3;13;A01
201100058483;0;32;0;0;2;7;17;A01
201100058483;0;14;0;0;2;3;13;B01
201100058484;0;1;0;0;1;8;17;A01
201100058485;0;14;0;0;2;2;2;A01
201100058485;0;3;0;0;2;6;2;B01
201100058486;0;33;0;0;1;1;1;A01
201100058487;0;34;0;0;2;8;1;B01
201100058487;0;7;0;0;2;3;15;A01
201100058488;0;7;0;11;0;5;14;A01
201100058489;1;7;0;0;1;0;1;Z01
201100058490;0;31;0;0;2;1;1;A01
201100058490;1;7;0;0;2;0;15;Z01
201100058491;0;7;0;0;2;3;10;A01
201100058491;0;30;0;0;2;3;17;B01
201100058492;0;30;0;0;0;0;1;A01
201100058493;0;7;0;0;2;1;15;A01
201100058493;0;32;0;0;2;6;1;B01
201100058494;0;7;0;0;9;2;16;A01
201100058494;0;1;0;0;2;4;1;B01
201100058495;0;7;0;0;0;4;23;B01
201100058495;0;7;0;1;0;1;1;A01
201100058496;0;32;0;0;2;0;1;A01
201100058497;0;7;0;0;1;1;1;A01
201100058498;0;32;0;0;2;1;1;B01
201100058498;0;7;0;0;2;2;15;A01
201100058499;0;7;0;1;1;4;4;A01
201100058500;0;10;0;0;1;5;4;A01
201100058501;0;37;0;0;1;3;8;A01
201100058502;0;30;0;14;0;9;1;A01
201100058503;0;32;0;0;2;1;1;A01
201100058503;0;1;0;0;2;1;1;B01
201100058504;0;1;0;0;2;1;2;A01
201100058504;0;7;0;0;2;4;23;B01
201100058505;0;1;0;0;2;8;7;B01
201100058505;0;7;0;0;2;7;17;A01
201100058506;0;32;0;0;0;7;1;A01
201100058507;0;33;0;0;0;7;2;A01
201100058508;0;7;0;0;2;8;15;B01
201100058508;0;2;0;0;2;1;17;A01
201100058509;0;7;0;0;0;2;1;A01
201100058509;0;1;0;0;0;1;1;B01
201100058510;0;7;0;0;1;2;16;A01
201100058511;0;7;0;7;0;1;14;A01
201100058512;0;7;0;0;0;1;1;A01
201100058512;0;33;0;0;0;4;23;B01
201100058513;0;1;0;0;2;8;7;B01
201100058513;0;7;0;0;2;7;17;A01
201100058514;0;34;0;0;2;1;1;B01
201100058514;0;33;0;0;2;8;9;A01
201100058515;0;1;0;0;1;1;1;A01
201100058516;0;1;0;0;2;7;18;B01
201100058516;0;7;0;0;2;7;22;A01
201100058517;0;32;0;0;0;7;2;A01
201100058518;0;7;0;0;1;3;4;A01
201100058519;0;1;0;0;1;0;1;A01
201100058520;0;32;0;0;2;7;16;B01
201100058520;0;33;0;0;2;1;2;A01
201100058521;0;1;0;0;2;8;7;A01
201100058522;0;1;0;0;2;1;7;B01
201100058522;0;1;0;0;2;1;7;C01
201100058522;0;32;0;0;2;1;1;A01
201100058523;0;32;0;0;1;1;1;A01
201100058524;0;10;0;0;2;4;2;B01
201100058524;0;30;0;0;2;1;2;A01
201100058525;0;32;0;0;0;1;21;A01
201100058526;0;32;0;0;2;1;1;B01
201100058526;0;7;0;0;2;7;16;A01
201100058527;0;7;0;0;0;2;1;A01
201100058528;0;34;0;0;2;2;1;B01
201100058528;0;10;0;0;2;8;9;A01
201100058529;0;30;0;15;0;1;14;A01
201100058530;0;33;0;0;2;3;1;B01
201100058530;0;10;0;0;2;7;16;A01
201100058531;0;34;0;0;1;7;1;A01
201100058532;0;30;0;0;2;8;1;B01
201100058532;0;7;0;0;2;2;15;A01
201100058533;0;7;0;0;2;8;22;A01
201100058533;0;1;0;1;0;8;1;B01
201100058534;0;7;0;0;1;3;15;A01
201100058535;0;7;0;0;0;2;15;A01
201100058535;0;1;0;0;2;1;7;B01
201100058536;0;7;0;0;2;1;2;A01
201100058536;0;7;0;0;2;4;23;B01
201100058537;0;7;0;0;2;2;15;A01
201100058537;0;2;0;0;2;1;1;B01
201100058538;0;33;0;0;2;1;17;B01
201100058538;0;10;0;0;2;6;15;A01
201100058539;0;7;0;0;2;3;15;B01
201100058539;0;30;0;0;2;3;1;A01
201100058540;0;7;0;0;2;7;8;A01
201100058540;0;7;0;0;2;8;1;B01
201100058541;0;10;0;8;0;2;1;A01
201100058542;0;10;0;0;2;7;16;B01
201100058542;0;32;0;0;2;8;18;A01
201100058543;0;2;0;0;2;2;17;B01
201100058543;0;7;0;0;2;8;15;A01
201100058544;0;7;0;0;1;4;4;A01
201100058545;0;1;0;0;2;1;1;B01
201100058545;0;7;0;0;2;5;16;A01
201100058546;0;31;0;0;2;3;1;B01
201100058546;0;7;0;0;2;2;16;A01
201100058547;0;7;0;0;1;1;1;A01
201100058548;0;32;0;0;0;0;21;A01
201100058549;0;7;0;0;2;0;13;B01
201100058549;0;32;0;0;2;8;1;A01
201100058549;0;7;0;0;2;3;1;C01
201100058550;0;7;0;7;0;1;14;A01
201100058551;0;1;0;0;1;7;1;A01
201100058552;0;32;0;0;1;2;1;A01
201100058553;0;33;0;1;0;2;18;A01
201100058554;0;7;0;0;1;1;15;A01
201100058555;0;10;0;0;2;7;15;A01
201100058555;0;32;0;0;0;1;1;B01
201100058556;0;7;0;0;1;0;15;A01
201100058557;0;37;1;0;1;1;7;A01
201100058558;0;34;0;0;0;0;1;A01
201100058559;0;33;0;0;1;1;1;A01
201100058560;0;33;0;0;0;0;1;A01
201100058561;0;32;0;0;1;3;1;A01
201100058562;0;33;0;0;0;7;15;A01
201100058563;0;7;0;8;0;1;15;A01
201100058564;1;7;0;0;1;0;1;Z01
201100058565;0;31;0;0;2;7;2;A01
201100058565;0;7;0;0;2;4;2;B01
201100058566;0;33;0;0;2;1;2;A01
201100058566;0;7;0;0;2;4;2;B01
201100058567;0;7;0;0;1;1;1;A01
201100058568;0;32;0;0;2;1;17;B01
201100058568;0;7;0;0;2;3;15;A01
201100058569;0;37;0;0;1;3;15;A01
201100058570;0;32;0;0;2;0;1;A01
201100058570;1;7;0;0;2;0;22;Z01
201100058571;0;7;0;0;2;1;1;A01
201100058571;0;10;0;0;2;7;1;B01
201100058572;0;7;0;0;1;3;1;A01
201100058573;0;34;0;0;1;7;1;A01
201100058574;0;1;0;0;2;1;23;B01
201100058574;0;1;0;0;2;4;2;A01
201100058575;0;30;0;0;0;1;1;B01
201100058575;0;32;0;1;0;1;15;A01
201100058576;0;30;0;0;2;1;2;A01
201100058576;0;7;0;0;2;0;16;B01
201100058577;0;30;0;0;2;0;1;A01
201100058577;0;7;0;0;2;0;11;B01
201100058578;0;7;0;0;2;2;1;A01
201100058578;0;32;0;0;2;1;1;B01
201100058579;0;1;0;0;2;2;1;A01
201100058579;0;7;0;0;2;3;1;B01
201100058580;0;32;0;1;0;0;14;A01
201100058581;0;30;0;0;2;1;1;B01
201100058581;0;7;0;0;2;7;10;A01
201100058582;0;37;2;0;2;3;1;A01
201100058582;0;7;0;0;2;5;15;B01
201100058583;0;34;0;0;1;1;1;A01
201100058584;0;37;0;0;1;2;7;A01
201100058585;0;7;0;0;1;3;7;A01
201100058586;0;32;0;0;2;1;1;B01
201100058586;0;2;0;0;2;4;14;A01
201100058587;0;32;0;0;2;3;17;A01
201100058587;0;7;0;0;2;3;15;B01
201100058588;0;2;0;0;0;7;1;A01
201100058589;0;7;0;0;1;2;7;A01
201100058590;0;7;0;0;1;2;1;A01
201100058591;1;33;0;12;0;0;1;Z01
201100058592;0;7;0;0;2;2;15;A01
201100058592;0;33;0;0;2;1;1;B01
201100058593;0;7;0;11;0;2;14;A01
201100058594;0;33;0;0;1;1;1;A01
201100058595;0;30;0;0;2;2;17;A01
201100058595;0;7;0;0;2;2;15;B01
201100058596;0;30;0;0;0;0;1;A01
201100058597;1;7;0;0;1;0;1;Z01
201100058598;0;1;0;0;2;8;7;B01
201100058598;0;7;0;0;2;3;22;A01
201100058599;0;37;25;0;2;1;16;B01
201100058599;0;1;0;0;2;4;7;A01
201100058600;0;7;0;0;1;5;1;A01
201100058601;0;33;0;0;2;7;1;A01
201100058601;0;7;0;0;2;1;1;B01
201100058602;0;7;0;0;2;7;1;B01
201100058602;0;30;0;0;2;1;1;A01
201100058603;1;7;0;0;1;0;1;Z01
201100058604;0;33;0;1;2;7;13;A01
201100058605;0;30;0;0;2;3;18;B01
201100058605;0;7;0;0;2;2;12;A01
201100058606;0;7;0;0;2;2;15;A01
201100058606;0;34;0;0;2;1;1;B01
201100058607;0;32;0;0;0;1;7;A01
201100058608;0;34;0;0;1;0;1;A01
201100058609;0;33;0;0;1;1;1;A01
201100058610;0;2;0;0;2;2;17;B01
201100058610;0;7;0;0;2;8;15;A01
201100058611;0;32;0;0;1;1;1;A01
201100058612;0;10;0;0;2;3;1;B01
201100058612;0;7;0;0;2;2;9;A01
201100058613;0;30;0;0;2;2;16;A01
201100058613;0;7;0;0;2;3;7;B01
201100058614;0;7;0;0;2;5;10;A01
201100058614;0;1;0;0;2;1;7;B01
201100058615;0;2;0;0;0;3;1;A01
201100058616;0;32;0;0;1;2;1;A01
201100058617;0;30;0;0;1;1;17;A01
201100058618;0;7;0;0;2;1;2;A01
201100058618;0;7;0;0;2;4;23;B01
201100058619;0;37;1;0;1;2;7;A01
201100058620;0;2;0;0;2;2;8;A01
201100058620;0;7;0;0;0;3;15;B01
201100058621;0;32;0;0;2;8;1;A01
201100058621;0;7;0;0;0;5;23;B01
201100058622;0;10;0;0;2;5;12;B01
201100058622;0;37;2;0;2;1;7;A01
201100058623;0;30;0;0;0;0;17;B01
201100058623;0;7;0;0;0;0;15;A01
201100058624;0;7;0;0;1;7;1;A01
201100058625;0;7;0;0;1;1;15;A01
201100058626;0;2;0;0;0;0;15;A01
201100058627;0;37;1;0;1;2;8;A01
201100058628;0;10;0;0;1;8;1;A01
201100058629;0;2;0;0;1;3;1;A01
201100058630;0;7;0;0;2;1;1;B01
201100058630;0;7;0;0;2;1;1;A01
201100058630;0;7;0;0;2;4;23;C01
201100058631;0;1;0;0;0;8;16;B01
201100058631;0;14;0;0;0;7;16;A01
201100058632;0;7;0;0;1;4;4;A01
201100058633;0;13;0;0;2;3;10;A01
201100058633;0;33;0;0;2;1;1;B01
201100058634;0;7;0;0;1;5;20;A01
201100058635;0;34;0;1;2;3;1;B01
201100058635;0;7;0;0;2;5;15;A01
201100058636;0;7;0;0;2;7;16;A01
201100058636;0;37;0;0;2;1;7;B01
201100058637;0;7;0;14;2;1;14;A01
201100058637;0;7;0;0;2;4;1;B01
201100058638;0;33;0;0;2;4;1;B01
201100058638;0;7;0;0;2;1;1;A01
201100058639;0;32;0;12;2;1;7;A01
201100058639;0;7;0;0;2;5;7;B01
201100058640;0;7;0;0;2;3;11;A01
201100058640;0;30;0;0;2;2;1;B01
201100058641;0;7;0;0;2;3;10;A01
201100058641;0;32;0;0;2;1;17;B01
201100058642;0;7;0;0;1;0;7;A01
201100058643;0;7;0;0;2;4;17;B01
201100058643;0;37;0;0;2;3;7;A01
201100058644;0;37;0;0;1;7;7;A01
201100058645;0;7;0;1;0;2;9;A01
201100058646;0;7;0;0;1;4;4;A01
201100058647;0;30;0;0;2;7;1;B01
201100058647;0;7;0;0;2;8;15;A01
201100058648;0;7;0;0;1;3;1;A01
201100058649;0;32;0;0;1;2;1;A01
201100058650;0;7;0;0;1;7;1;A01
201100058651;0;33;0;0;1;0;1;A01
201100058652;0;7;0;0;2;4;2;B01
201100058652;0;33;0;0;2;1;2;A01
201100058653;0;7;0;0;2;7;1;B01
201100058653;0;31;0;0;2;8;16;A01
201100058654;0;32;0;0;2;2;1;B01
201100058654;0;1;0;0;2;8;15;A01
201100058655;0;7;0;0;2;8;22;A01
201100058655;0;1;0;0;2;2;1;B01
201100058656;0;30;0;0;0;0;15;A01
201100058657;0;7;0;11;0;1;13;A01
201100058658;0;7;0;0;1;8;1;A01
201100058659;0;33;0;0;2;1;1;B01
201100058659;0;7;0;0;2;7;15;A01
201100058660;0;2;0;0;2;1;1;A01
201100058660;0;7;0;0;0;6;23;B01
201100058661;0;33;0;0;0;7;21;A01
201100058662;0;7;0;0;2;8;7;B01
201100058662;0;33;0;0;2;7;16;A01
201100058663;0;7;0;0;1;2;1;A01
201100058664;1;32;0;0;2;7;1;B01
201100058664;0;37;26;0;2;1;1;A01
201100058665;0;32;0;0;2;2;1;B01
201100058665;0;7;0;0;2;3;1;A01
201100058666;0;10;0;0;1;3;15;A01
201100058667;0;30;0;0;2;6;15;A01
201100058667;0;30;0;0;2;2;17;B01
201100058668;0;7;0;0;2;3;13;A01
201100058668;0;7;0;15;2;2;1;B01
201100058669;0;7;0;0;2;8;1;B01
201100058669;0;7;0;0;2;1;1;A01
201100058670;0;37;1;0;0;0;7;B01
201100058670;0;7;0;0;0;3;15;A01
201100058671;0;7;0;0;2;1;15;B01
201100058671;0;32;0;0;2;7;8;A01
201100058672;0;32;0;0;0;0;21;A01
201100058673;0;33;0;0;1;1;1;A01
201100058674;0;33;0;0;1;8;1;A01
201100058675;0;30;0;1;0;2;14;A01
201100058676;0;2;0;0;2;2;1;A01
201100058676;1;7;0;0;2;8;13;Z01
201100058677;1;32;0;0;2;4;16;A01
201100058677;0;33;0;0;2;1;1;B01
201100058678;0;7;0;0;1;5;4;A01
201100058679;0;1;0;0;1;1;5;A01
201100058680;0;7;0;1;2;8;22;A01
201100058680;0;1;0;1;2;1;1;B01
201100058681;0;1;0;1;0;1;7;A01
201100058681;0;7;0;0;9;8;22;B01
201100058682;0;10;0;0;0;0;1;B01
201100058682;0;1;0;0;2;1;1;A01
201100058683;0;7;0;0;1;1;15;A01
201100058684;0;37;0;0;1;1;1;A01
201100058685;0;1;0;0;2;3;13;A01
201100058685;0;37;27;0;2;1;1;B01
201100058686;0;10;0;0;0;1;15;A01
201100058687;0;7;0;0;1;7;1;A01
201100058688;0;30;0;0;1;1;1;A01
201100058689;0;30;0;0;1;1;1;A01
201100058690;0;1;0;0;2;1;1;A01
201100058690;0;7;0;0;2;3;15;B01
201100058691;0;1;0;0;1;1;7;A01
201100058692;0;7;0;0;0;8;22;A01
201100058692;0;1;0;1;0;1;1;B01
201100058693;0;7;0;0;2;0;16;B01
201100058693;0;30;0;0;2;0;7;A01
201100058694;0;7;0;0;2;5;2;A01
201100058694;0;30;0;0;2;3;2;B01
201100058695;0;33;0;0;2;2;1;A01
201100058695;1;7;0;0;2;3;15;Z01
201100058696;0;37;0;0;0;0;21;A01
201100058697;0;7;0;0;1;2;7;A01
201100058698;0;31;0;0;1;1;1;A01
201100058699;0;37;1;0;1;2;8;A01
201100058700;0;33;0;0;2;7;2;A01
201100058700;0;7;0;0;2;5;2;B01
201100058701;0;30;0;0;1;2;1;A01
201100058702;0;7;0;0;2;3;1;B01
201100058702;0;7;0;0;2;1;1;A01
201100058703;0;7;0;0;1;1;15;A01
201100058704;0;2;0;0;1;1;1;A01
201100058705;0;33;0;0;1;1;14;A01
201100058706;0;7;0;0;1;1;15;A01
201100058707;0;32;0;0;2;1;17;A01
201100058707;0;7;0;0;2;8;15;B01
201100058708;0;33;0;0;2;1;1;B01
201100058708;0;7;0;0;2;6;10;A01
201100058709;0;2;0;0;0;7;1;A01
201100058710;0;7;0;0;1;2;7;A01
201100058711;0;7;0;0;1;3;15;A01
201100058712;0;7;0;8;2;7;7;B01
201100058712;0;7;0;0;2;3;15;A01
201100058713;0;32;0;0;2;1;1;B01
201100058713;0;30;0;0;2;8;1;A01
201100058714;0;2;0;12;0;3;1;A01
201100058715;0;7;0;0;2;1;2;A01
201100058715;0;7;0;0;2;4;2;C01
201100058715;0;7;0;0;2;9;2;B01
201100058716;0;7;0;0;2;1;1;B01
201100058716;0;30;0;0;2;7;1;A01
201100058717;0;7;0;0;2;8;22;A01
201100058717;0;1;0;0;2;0;1;B01
201100058718;0;37;0;0;1;2;7;A01
201100058719;0;7;0;0;2;3;2;A01
201100058719;0;33;0;0;2;4;23;B01
201100058720;0;37;0;0;1;1;8;A01
201100058721;0;30;0;0;0;1;2;A01
201100058722;0;1;0;0;2;8;15;A01
201100058722;0;10;0;0;9;2;1;B01
201100058723;0;1;0;0;2;7;1;A01
201100058723;0;7;0;0;9;1;1;B01
201100058724;0;7;0;0;2;3;1;A01
201100058724;0;7;0;0;2;2;1;B01
201100058725;0;31;0;0;1;3;1;A01