num_acc;senc;catv;occutc;obs;obsm;choc;manv;num_veh
201100058726;0;7;0;0;2;0;13;A01
201100058726;0;34;0;0;2;0;1;B01
201100058727;1;7;0;0;2;0;16;Z01
201100058727;0;30;0;0;2;0;1;A01
201100058728;0;32;0;0;0;0;1;A01
201100058729;0;1;0;0;2;1;1;B01
201100058729;0;7;0;0;2;8;22;A01
201100058730;0;1;0;0;2;8;18;B01
201100058730;0;7;0;0;9;7;16;A01
201100058731;0;32;0;0;1;3;1;A01
201100058732;0;31;0;11;0;0;1;A01
201100058733;0;2;0;9;0;1;1;A01
201100058734;0;7;0;0;2;3;1;A01
201100058734;0;7;0;0;2;8;1;B01
201100058735;0;37;0;0;1;7;8;A01
201100058736;0;7;0;0;2;1;1;B01
201100058736;0;2;0;0;2;8;9;A01
201100058737;0;32;0;0;1;1;17;A01
201100058738;0;33;0;12;0;1;14;A01
201100058739;0;33;0;0;1;6;1;A01
201100058740;0;30;0;12;0;0;13;A01
201100058741;1;7;0;0;1;0;1;Z01
201100058742;0;14;0;6;0;1;1;A01
201100058743;0;33;0;0;2;2;1;A01
201100058743;0;32;0;0;2;2;15;B01
201100058744;0;32;0;0;2;1;1;A01
201100058744;0;10;0;0;2;2;9;B01
201100058745;0;34;0;0;1;0;18;A01
201100058746;0;30;0;0;2;8;1;B01
201100058746;0;7;0;0;2;7;22;A01
201100058747;0;7;0;0;1;0;15;A01
201100058748;0;7;0;0;0;8;1;B01
201100058748;0;30;0;0;2;1;1;A01
201100058749;0;7;0;0;0;3;10;A01
201100058749;0;34;0;0;2;2;1;B01
201100058750;0;32;0;0;0;0;1;A01
201100058751;0;7;0;0;2;4;2;B01
201100058751;0;32;0;0;2;1;2;A01
201100058752;0;7;0;0;2;3;15;A01
201100058752;0;2;0;0;2;1;17;B01
201100058753;0;30;0;0;0;0;1;A01
201100058754;0;7;0;0;2;1;2;A01
201100058754;0;32;0;0;2;4;23;B01
201100058755;0;7;0;0;1;3;15;A01
201100058756;0;7;0;11;2;8;7;B01
201100058756;0;7;0;0;2;1;1;A01
201100058757;0;1;0;0;2;4;15;A01
201100058757;0;33;0;0;2;1;1;B01
201100058758;0;7;0;0;2;3;2;A01
201100058758;0;1;0;0;2;4;2;B01
201100058759;0;10;0;0;1;1;15;A01
201100058760;0;7;0;15;0;1;13;A01
201100058761;0;7;0;0;2;4;2;B01
201100058761;0;33;0;0;2;1;2;A01
201100058762;0;10;0;0;2;8;17;A01
201100058762;0;2;0;0;2;3;1;B01
201100058763;0;30;0;0;0;3;1;A01
201100058764;0;7;0;0;2;2;15;A01
201100058764;0;7;0;0;2;6;1;B01
201100058765;0;1;0;0;0;0;1;A01
201100058766;0;7;0;0;2;1;2;A01
201100058766;0;7;0;0;2;4;23;C01
201100058766;0;7;0;0;2;9;2;B01
201100058767;0;7;0;0;1;5;4;A01
201100058768;0;2;0;0;2;1;1;B01
201100058768;0;2;0;0;2;8;19;A01
201100058769;0;7;0;0;2;6;15;A01
201100058769;0;7;0;0;2;1;1;B01
201100058770;0;30;0;0;0;0;21;A01
201100058771;0;7;0;0;1;0;1;A01
201100058772;0;33;0;0;2;2;1;B01
201100058772;0;13;0;0;2;7;15;A01
201100058773;0;7;0;0;1;4;4;A01
201100058774;0;31;0;0;2;8;7;B01
201100058774;0;7;0;0;2;5;12;A01
201100058775;0;33;0;0;2;8;23;C01
201100058775;0;7;0;0;2;2;2;A01
201100058775;0;34;0;0;2;4;23;B01
201100058776;0;30;0;0;2;7;1;A01
201100058776;0;32;0;0;2;1;1;B01
201100058777;0;30;0;0;2;7;1;A01
201100058777;0;7;0;0;2;1;1;B01
201100058778;0;32;0;0;2;1;7;A01
201100058778;0;7;0;0;2;7;16;B01
201100058779;0;7;0;0;2;8;15;B01
201100058779;0;32;0;0;2;1;17;A01
201100058780;0;32;0;0;2;3;1;A01
201100058780;0;2;0;0;2;7;1;B01
201100058781;0;7;0;15;1;3;1;A01
201100058782;0;7;0;0;1;1;9;A01
201100058783;0;2;0;12;0;2;14;A01
201100058784;0;1;0;0;2;2;1;B01
201100058784;0;7;0;0;2;3;15;A01
201100058785;0;30;0;0;0;7;1;A01
201100058786;0;7;0;0;2;7;14;B01
201100058786;0;32;0;0;2;8;3;A01
201100058787;0;7;0;0;2;7;12;A01
201100058787;0;7;0;2;2;3;7;B01
201100058788;0;32;0;0;1;1;1;A01
201100058789;0;7;0;0;2;3;22;A01
201100058789;0;2;0;0;2;3;1;B01
201100058790;0;32;0;0;2;1;1;B01
201100058790;0;7;0;0;2;1;15;A01
201100058791;0;34;0;0;2;2;2;A01
201100058791;0;7;0;0;2;4;15;B01
201100058792;0;13;0;0;2;2;1;A01
201100058792;0;7;0;0;2;3;1;B01
201100058793;0;7;0;0;1;2;1;A01
201100058794;0;2;0;0;2;2;5;A01
201100058794;0;7;0;0;2;3;15;B01
201100058795;0;37;1;0;2;5;1;B01
201100058795;0;7;0;0;2;8;22;A01
201100058796;0;13;0;0;2;2;1;A01
201100058796;0;7;0;0;0;6;23;B01
201100058797;0;2;0;0;2;2;17;A01
201100058797;0;7;0;0;2;2;15;B01
201100058798;0;7;0;0;0;4;23;B01
201100058798;0;2;0;0;2;1;1;A01
201100058799;0;7;0;0;2;4;23;B01
201100058799;0;7;0;0;2;1;1;A01
201100058800;1;7;0;0;0;0;12;Z01
201100058800;0;31;0;0;2;8;1;A01
201100058801;0;7;0;0;2;4;2;B01
201100058801;0;7;0;0;2;1;2;A01
201100058802;0;7;0;0;2;4;23;B01
201100058802;0;7;0;0;2;1;2;A01
201100058803;0;7;0;0;2;1;1;B01
201100058803;0;34;0;0;2;8;1;A01
201100058804;0;7;0;0;1;6;4;A01
201100058805;0;32;0;0;2;1;1;B01
201100058805;0;7;0;0;2;2;15;A01
201100058806;0;1;0;0;2;1;7;A01
201100058806;0;30;0;0;2;1;1;B01
201100058807;0;1;0;0;0;0;1;A01
201100058808;0;10;0;0;2;7;16;B01
201100058808;0;30;0;0;2;8;1;A01
201100058809;0;7;0;0;1;8;1;A01
201100058810;0;7;0;0;2;3;15;B01
201100058810;0;32;0;0;2;2;5;A01
201100058811;0;1;0;0;2;6;1;B01
201100058811;0;7;0;0;2;2;14;A01
201100058812;0;32;0;1;2;8;1;A01
201100058812;0;32;0;0;2;6;15;B01
201100058813;0;7;0;12;2;8;1;B01
201100058813;0;7;0;0;2;7;1;A01
201100058814;0;34;0;0;1;2;1;A01
201100058815;0;7;0;0;2;7;22;A01
201100058815;0;1;0;0;2;8;1;B01
201100058816;0;34;0;0;0;0;1;A01
201100058817;0;30;0;0;0;0;15;A01
201100058818;0;1;0;0;9;1;1;A01
201100058818;0;32;0;0;9;1;1;B01
201100058819;0;33;0;0;2;7;11;A01
201100058819;0;7;0;0;2;4;15;B01
201100058820;0;7;0;0;2;8;15;A01
201100058820;0;32;0;0;2;7;17;B01
201100058821;0;30;0;0;0;7;1;A01
201100058822;0;33;0;0;0;1;21;A01
201100058823;0;33;0;0;0;8;1;B01
201100058823;0;7;0;0;2;3;15;A01
201100058824;0;7;0;0;1;1;1;A01
201100058825;0;7;0;0;1;7;1;A01
201100058826;0;30;0;0;0;0;21;A01
201100058827;0;32;0;0;2;2;1;A01
201100058827;0;7;0;0;2;2;10;B01
201100058828;0;7;0;9;0;3;1;A01
201100058829;0;32;0;14;0;1;1;A01
201100058830;0;7;0;0;1;1;1;A01
201100058831;0;32;0;0;2;8;15;B01
201100058831;0;7;0;0;2;3;1;A01
201100058832;0;1;0;15;0;0;1;A01
201100058833;0;7;0;0;2;2;1;A01
201100058833;0;7;0;0;2;4;1;B01
201100058834;0;7;0;0;2;4;1;B01
201100058834;0;34;0;0;2;3;1;A01
201100058835;0;7;0;0;2;5;23;A01
201100058835;0;37;10;0;2;2;1;B01
201100058836;0;7;0;0;2;8;9;A01
201100058836;0;32;0;0;2;1;1;B01
201100058837;0;32;0;0;2;1;1;A01
201100058837;0;32;0;0;2;2;1;B01
201100058838;0;7;0;1;0;9;14;A01
201100058839;0;2;0;0;2;3;14;A01
201100058839;0;7;0;0;2;2;1;B01
201100058840;1;7;0;0;1;0;1;Z01
201100058841;0;30;0;0;2;8;1;B01
201100058841;0;7;0;0;2;7;15;A01
201100058842;0;10;0;0;2;1;10;A01
201100058842;0;33;0;0;2;7;17;B01
201100058843;0;30;0;0;2;7;17;B01
201100058843;0;10;0;0;2;8;15;A01
201100058844;0;7;0;0;1;3;1;A01
201100058845;0;33;0;0;2;6;1;A01
201100058845;1;7;0;0;2;0;14;Z01
201100058846;0;7;0;15;0;1;14;A01
201100058847;0;7;0;0;2;7;15;A01
201100058847;0;37;0;0;2;1;8;B01
201100058848;0;7;0;11;0;8;13;A01
201100058849;0;1;0;0;2;0;19;A01
201100058849;0;7;0;0;2;2;1;B01
201100058850;0;7;0;0;2;0;9;A01
201100058850;0;33;0;1;2;1;1;B01
201100058851;0;7;0;0;2;3;15;A01
201100058851;0;31;0;0;2;5;17;B01
201100058852;0;32;0;0;0;0;1;A01
201100058853;0;30;0;0;1;0;1;A01
201100058854;0;30;0;14;0;1;15;A01
201100058855;0;32;0;0;2;4;1;A01
201100058855;0;7;0;0;2;3;15;B01
201100058856;0;1;0;0;1;1;1;A01
201100058857;0;7;0;0;0;2;1;A01
201100058857;0;31;0;0;0;2;15;B01
201100058858;0;7;0;0;2;5;1;B01
201100058858;0;7;0;0;2;1;1;A01
201100058859;0;32;0;0;0;8;15;A01
201100058860;0;31;0;0;2;2;1;A01
201100058860;1;7;0;0;2;3;13;Z01
201100058861;1;30;0;0;2;7;13;Z01
201100058861;0;30;0;4;2;6;17;A01
201100058862;0;2;0;0;2;1;2;A01
201100058862;0;7;0;0;2;6;23;B01
201100058863;0;7;0;0;1;8;1;A01
201100058864;0;33;0;0;0;0;1;A01
201100058865;0;1;0;0;2;1;1;B01
201100058865;0;30;0;0;2;5;16;A01
201100058866;0;34;0;12;0;8;14;A01
201100058867;0;1;0;0;0;0;1;A01
201100058868;0;7;0;0;2;1;15;A01
201100058868;0;32;0;0;2;3;1;B01
201100058869;0;7;0;0;2;3;10;A01
201100058869;0;30;0;0;2;8;5;B01
201100058870;0;10;0;0;2;2;15;A01
201100058870;0;34;0;0;2;3;1;B01
201100058871;0;7;0;0;0;2;16;B01
201100058871;0;30;0;0;2;1;7;A01
201100058872;0;7;0;0;1;2;1;A01
201100058873;0;34;0;0;2;1;16;A01
201100058874;0;7;0;12;2;4;10;B01
201100058874;0;7;0;8;2;1;17;A01
201100058875;0;1;0;0;1;1;1;A01
201100058876;0;7;0;0;2;1;1;A01
201100058876;0;33;0;0;2;8;1;B01
201100058877;0;7;0;0;1;2;1;A01
201100058878;0;31;0;0;2;2;1;B01
201100058878;0;1;0;0;2;6;1;A01
201100058879;0;7;0;0;2;2;1;B01
201100058879;0;2;0;0;2;5;5;A01
201100058880;0;33;0;0;2;4;23;B01
201100058880;0;33;0;0;2;4;23;A01
201100058880;1;7;0;0;2;1;1;Z01
201100058881;0;7;0;0;2;2;14;A01
201100058881;0;1;0;0;2;8;1;B01
201100058882;0;34;0;0;2;8;1;B01
201100058882;0;7;0;0;2;2;1;A01
201100058883;0;7;0;0;2;5;16;B01
201100058883;0;32;0;0;2;1;16;A01
201100058884;0;32;0;0;0;2;15;A01
201100058884;0;33;0;0;0;1;1;B01
201100058885;0;7;0;0;2;5;15;A01
201100058885;0;32;0;0;2;3;1;B01
201100058886;0;1;0;0;2;4;1;B01
201100058886;0;7;0;0;9;1;1;A01
201100058887;1;7;0;0;1;0;1;Z01
201100058888;0;7;0;0;2;6;10;A01
201100058888;0;33;0;0;2;6;1;B01
201100058889;0;31;0;0;2;2;17;B01
201100058889;0;7;0;0;2;3;15;A01
201100058890;0;1;0;0;2;3;15;B01
201100058890;0;7;0;0;9;8;15;A01
201100058891;0;7;0;0;0;4;23;B01
201100058891;0;7;0;0;0;4;1;A01
201100058892;0;7;0;0;2;4;23;B01
201100058892;0;10;0;0;2;1;1;A01
201100058892;0;7;0;0;2;4;23;C01
201100058893;0;32;0;0;1;8;1;A01
201100058894;0;7;0;0;2;4;2;B01
201100058894;0;1;0;0;2;1;2;A01
201100058895;0;32;0;1;2;2;8;A01
201100058895;0;7;0;0;2;3;15;B01
201100058896;0;2;0;0;1;1;1;A01
201100058897;0;7;0;0;2;8;1;B01
201100058897;0;32;0;0;2;2;13;A01
201100058898;0;7;0;0;1;1;1;A01
201100058899;0;37;60;0;1;6;7;A01
201100058900;0;7;0;0;2;3;15;B01
201100058900;0;34;0;0;2;1;1;A01
201100058901;0;2;0;0;2;1;1;A01
201100058901;0;7;0;0;2;7;16;B01
201100058902;0;1;0;0;2;1;17;A01
201100058902;0;7;0;0;2;3;22;B01
201100058903;0;10;0;0;1;2;1;A01
201100058904;0;32;0;0;0;7;1;A01
201100058905;0;31;0;0;2;4;2;B01
201100058905;0;7;0;0;2;1;2;A01
201100058906;0;33;0;0;2;8;17;A01
201100058906;0;7;0;0;2;8;15;B01
201100058907;0;32;0;0;1;1;1;A01
201100058908;0;7;0;2;2;1;1;A01
201100058908;0;7;0;0;0;5;23;B01
201100058909;0;30;0;0;2;2;17;B01
201100058909;0;7;0;0;2;6;15;A01
201100058910;0;7;0;1;1;1;16;A01
201100058911;0;7;0;0;2;1;2;A01
201100058911;0;7;0;0;2;3;2;B01
201100058912;0;30;0;0;1;1;8;A01
201100058913;0;1;0;15;2;7;1;B01
201100058913;0;7;0;0;2;7;17;A01
201100058914;0;7;0;0;2;3;10;A01
201100058914;0;34;0;0;2;2;1;B01
201100058915;0;3;0;0;2;1;2;A01
201100058915;0;7;0;0;2;4;2;B01
201100058916;0;32;0;0;0;0;21;A01
201100058917;0;32;0;0;2;1;17;A01
201100058917;0;7;0;0;2;3;15;B01
201100058918;0;7;0;0;2;5;15;A01
201100058918;0;33;0;0;2;1;1;B01
201100058919;0;7;0;11;0;3;15;A01
201100058920;0;30;0;0;2;8;13;A01
201100058920;0;7;0;0;2;7;1;B01
201100058921;0;7;0;0;1;2;8;A01
201100058922;0;7;0;0;0;2;1;A01
201100058923;0;7;0;0;2;4;1;A01
201100058923;0;30;0;0;2;1;1;B01
201100058924;0;7;0;0;2;6;15;B01
201100058924;0;32;0;0;2;2;17;A01
201100058925;0;2;0;0;2;7;2;A01
201100058925;1;10;0;0;2;8;2;Z01
201100058926;0;7;0;0;1;3;1;A01
201100058927;0;7;0;0;1;2;7;A01
201100058928;0;7;0;0;1;2;1;A01
201100058929;0;33;0;0;1;2;17;A01
201100058930;0;31;0;12;0;7;15;A01
201100058931;0;33;0;0;2;7;18;A01
201100058931;0;37;0;0;2;7;14;B01
201100058932;0;7;0;0;2;5;23;B01
201100058932;0;7;0;0;2;6;15;A01
201100058933;0;30;0;0;0;3;21;A01
201100058934;0;7;0;0;2;2;15;B01
201100058934;0;7;0;0;2;8;1;A01
201100058935;0;7;0;0;1;6;1;A01
201100058936;0;32;0;0;2;1;1;B01
201100058936;0;7;0;0;2;2;15;A01
201100058937;0;10;0;0;1;3;5;A01
201100058938;0;34;0;8;0;1;1;A01
201100058939;0;7;0;0;2;8;22;A01
201100058939;0;1;0;0;0;1;1;B01
201100058940;0;32;0;0;0;0;15;A01
201100058941;0;7;0;0;2;4;2;C01
201100058941;0;32;0;0;2;8;2;A01
201100058941;0;33;0;0;2;5;2;B01
201100058942;0;7;0;0;2;0;1;B01
201100058942;0;7;0;0;2;0;1;A01
201100058943;0;7;0;0;1;3;15;A01
201100058944;0;33;0;0;2;4;23;B01
201100058944;0;7;0;0;2;2;2;A01
201100058945;0;7;0;12;0;1;13;A01
201100058946;0;7;0;0;2;1;2;A01
201100058946;0;7;0;0;2;4;23;B01
201100058947;1;7;0;0;1;0;1;Z01
201100058948;0;30;0;0;1;2;1;A01
201100058949;0;7;0;0;1;1;16;A01
201100058950;0;7;0;0;2;2;15;A01
201100058950;0;33;0;0;2;2;1;B01
201100058951;0;7;0;11;0;1;15;A01
201100058952;2;7;0;11;2;3;2;Z01
201100058952;0;7;0;0;2;4;2;A01
201100058953;0;7;0;0;2;3;22;A01
201100058953;0;1;0;0;2;2;1;B01
201100058954;0;7;0;0;1;6;4;A01
201100058955;0;7;0;0;1;2;9;A01
201100058956;0;7;0;0;2;8;15;B01
201100058956;0;34;0;0;2;2;5;A01
201100058957;0;30;0;0;0;0;1;A01
201100058958;0;7;0;0;2;2;1;A01
201100058958;0;32;0;0;2;3;13;B01
201100058959;0;7;0;0;2;7;16;A01
201100058959;0;33;0;0;2;0;7;B01
201100058960;0;1;0;0;2;1;1;B01
201100058960;0;7;0;0;2;8;22;A01
201100058961;0;33;0;0;1;1;1;A01
201100058962;0;34;0;0;1;1;17;A01
201100058963;0;7;0;0;1;3;1;A01
201100058964;0;38;10;0;2;7;16;A01
201100058964;0;7;0;0;2;8;23;B01
201100058965;0;32;0;0;0;7;1;A01
201100058966;0;7;0;0;9;6;15;B01
201100058966;0;32;0;0;2;1;17;A01
201100058967;0;7;0;0;2;1;1;A01
201100058967;0;7;0;0;0;8;15;B01
201100058968;0;7;0;0;2;3;1;B01
201100058968;0;7;0;0;2;3;15;A01
201100058969;0;7;0;0;2;2;1;B01
201100058969;0;30;0;0;2;3;1;A01
201100058970;1;7;0;0;2;0;2;Z01
201100058970;0;34;0;0;2;6;23;A01
201100058970;0;32;0;0;2;1;23;B01
201100058971;1;10;0;0;2;0;14;Z01
201100058971;0;34;0;0;2;0;1;A01
201100058972;0;30;0;1;2;1;19;A01
201100058972;0;7;0;0;2;3;23;B01
201100058973;1;2;0;0;1;0;1;Z01
201100058974;0;32;0;0;2;1;7;B01
201100058974;0;10;0;0;2;2;15;A01
201100058975;0;7;0;0;2;8;9;A01
201100058975;0;30;0;0;2;7;1;B01
201100058976;0;37;10;0;1;2;7;A01
201100058977;0;7;0;0;2;8;11;A01
201100058977;0;30;0;0;2;7;17;B01
201100058978;0;7;0;0;2;1;1;A01
201100058978;0;2;0;0;2;7;1;B01
201100058979;0;7;0;0;2;8;15;A01
201100058979;0;33;0;0;2;2;1;B01
201100058980;0;1;0;0;2;7;19;B01
201100058980;0;7;0;0;2;1;16;A01
201100058981;0;30;0;1;2;5;17;A01
201100058981;0;7;0;0;2;3;15;B01
201100058982;0;32;0;7;0;0;21;A01
201100058983;0;7;0;0;1;8;15;A01
201100058984;0;30;0;0;0;0;1;A01
201100058985;0;34;0;0;2;7;2;A01
201100058985;0;32;0;0;2;6;23;B01
201100058986;0;30;0;0;2;7;1;B01
201100058986;0;7;0;0;2;3;15;A01
201100058987;1;34;0;0;1;1;1;Z01
201100058988;0;7;0;0;1;7;1;A01
201100058989;0;7;0;0;2;5;15;A01
201100058989;0;32;0;0;2;1;1;B01
201100058990;0;7;0;0;2;8;11;A01
201100058990;0;2;0;0;2;2;17;B01
201100058991;0;7;0;0;2;3;15;A01
201100058991;0;32;0;8;2;2;17;B01
201100058992;0;34;0;0;1;1;1;A01
201100058993;0;7;0;0;2;4;12;A01
201100058993;0;34;0;0;2;1;1;B01
201100058994;0;32;0;0;1;3;1;A01
201100058995;0;33;0;0;2;1;1;A01
201100058995;0;10;0;0;2;8;9;B01
201100058996;0;34;0;14;2;4;1;B01
201100058996;0;14;0;0;2;2;15;A01
201100058997;0;33;0;0;2;8;1;B01
201100058997;0;7;0;0;2;0;15;A01
201100058998;0;7;0;0;2;2;15;A01
201100058998;0;1;0;0;2;1;1;B01
201100058999;0;7;0;0;2;2;1;A01
201100058999;0;7;0;0;2;1;1;B01
201100059000;0;7;0;0;1;1;15;A01
201100059001;0;10;0;0;2;2;16;A01
201100059001;0;7;0;0;2;8;7;B01
201100059002;0;7;0;0;2;3;15;B01
201100059002;0;1;0;0;2;1;1;A01
201100059003;0;7;0;0;1;1;1;A01
201100059004;0;30;0;0;1;1;1;A01
201100059005;0;34;0;0;2;1;1;B01
201100059005;0;7;0;0;2;3;10;A01
201100059006;1;7;0;0;2;0;1;A01
201100059006;0;7;0;0;0;4;23;B01
201100059007;0;34;0;0;2;1;1;B01
201100059007;0;7;0;0;2;2;1;A01
201100059008;0;32;0;0;2;1;1;B01
201100059008;0;7;0;0;2;3;16;A01
201100059009;0;32;0;0;0;1;15;B01
201100059009;0;7;0;0;2;3;9;A01
201100059010;0;7;0;0;2;3;15;B01
201100059010;0;2;0;0;2;2;17;A01
201100059011;0;7;0;0;1;4;4;A01
201100059012;0;37;2;0;2;1;7;B01
201100059012;0;7;0;0;2;7;16;A01
201100059013;0;7;0;0;2;7;16;A01
201100059013;0;33;0;0;2;8;1;B01
201100059014;0;7;0;0;2;7;16;A01
201100059014;0;30;0;0;2;3;18;B01
201100059015;0;32;0;0;1;7;1;A01
201100059016;0;7;0;0;2;8;22;A01
201100059016;0;1;0;0;2;7;1;B01
201100059017;0;7;0;0;1;3;1;A01
201100059018;0;30;0;0;2;8;17;A01
201100059018;0;1;0;0;2;7;13;B01
201100059019;0;7;0;0;0;8;17;A01
201100059020;0;32;0;11;0;1;1;A01
201100059021;0;7;0;0;2;1;1;A01
201100059021;0;34;0;0;2;5;1;B01
201100059022;0;10;0;0;2;3;10;A01
201100059022;0;33;0;0;2;7;17;B01
201100059023;0;2;0;0;0;1;15;A01
201100059024;0;31;0;0;1;2;1;A01
201100059025;0;7;0;0;1;2;9;A01
201100059026;0;30;0;0;0;0;21;A01
201100059027;0;33;0;1;1;1;5;A01
201100059028;0;7;0;0;1;1;16;A01
201100059029;0;33;0;0;2;0;1;A01
201100059029;0;7;0;0;2;3;1;B01
201100059030;0;32;0;0;0;8;1;A01
201100059031;0;7;0;0;2;2;12;A01
201100059031;0;32;0;12;2;3;1;B01
201100059032;0;7;0;0;1;3;16;A01
201100059033;0;30;0;0;0;0;16;A01
201100059034;1;7;0;1;1;7;17;Z01
201100059035;0;7;0;0;2;3;13;A01
201100059035;0;30;0;0;2;0;13;B01
201100059036;0;7;0;0;2;3;1;A01
201100059036;0;7;0;0;2;3;15;B01
201100059037;0;7;0;0;2;0;14;A01
201100059037;0;32;0;0;0;0;23;B01
201100059038;0;7;0;0;1;6;4;A01
201100059039;0;30;0;0;2;1;1;B01
201100059039;0;7;0;0;1;2;1;A01
201100059040;0;1;0;0;0;0;1;A01
201100059041;0;7;0;0;2;3;1;A01
201100059041;0;7;0;0;2;3;1;C01
201100059041;0;32;0;0;2;6;15;B01
201100059042;0;7;0;0;1;3;16;A01
201100059043;0;30;0;0;2;1;1;A01
201100059043;1;7;0;0;2;0;16;Z01
201100059044;0;7;0;0;2;8;13;A01
201100059044;0;32;0;11;2;2;1;B01
201100059045;0;10;0;0;2;1;10;B01
201100059045;0;33;0;0;2;2;5;A01
201100059046;0;34;0;0;2;6;1;B01
201100059046;0;7;0;0;2;2;14;A01
201100059047;0;7;0;0;1;1;16;A01
201100059048;0;7;0;0;1;7;1;A01
201100059049;0;31;0;0;0;7;1;A01
201100059050;0;7;0;0;2;6;13;A01
201100059050;0;31;0;1;2;1;17;B01
201100059051;0;32;0;0;0;0;1;A01
201100059052;0;31;0;0;0;8;1;A01
201100059053;0;37;6;0;1;7;7;A01
201100059054;0;7;0;0;2;5;16;A01
201100059054;0;32;0;0;2;0;1;B01
201100059055;0;2;0;0;0;0;1;A01
201100059056;0;30;0;0;2;3;18;B01
201100059056;0;7;0;0;2;2;16;A01
201100059057;0;7;0;0;2;2;16;A01
201100059057;0;32;0;7;2;3;18;B01
201100059058;0;7;0;0;2;3;1;B01
201100059058;0;30;0;0;2;6;9;A01
201100059059;0;7;0;0;2;1;1;B01
201100059059;0;30;0;0;2;8;5;A01
201100059060;0;7;0;0;2;2;1;A01
201100059060;0;10;0;0;2;5;22;B01
201100059061;0;7;0;0;2;4;15;B01
201100059061;0;30;0;0;2;1;2;A01
201100059062;0;7;0;0;2;8;15;B01
201100059062;0;2;0;0;2;1;17;A01
201100059063;0;1;0;0;2;6;2;B01
201100059063;0;34;0;0;2;2;2;A01
201100059064;0;1;0;0;2;4;13;B01
201100059064;0;32;0;0;2;1;1;A01
201100059065;0;31;0;0;0;0;1;A01
201100059066;0;7;0;0;2;1;1;B01
201100059066;0;33;0;8;2;2;1;A01
201100059067;0;33;0;0;2;4;17;B01
201100059067;0;7;0;0;2;1;1;A01
201100059068;0;32;0;0;2;1;1;B01
201100059068;0;7;0;0;2;8;9;A01
201100059069;0;7;0;0;2;5;2;B01
201100059069;0;2;0;0;2;1;2;A01
201100059070;0;7;0;0;2;3;15;B01
201100059070;0;32;0;0;2;7;1;A01
201100059071;0;32;0;0;2;8;1;A01
201100059071;0;7;0;0;2;2;15;B01
201100059072;0;34;0;0;0;8;1;A01
201100059073;0;7;0;0;2;1;2;A01
201100059073;0;7;0;0;2;6;2;B01
201100059074;0;1;0;0;2;1;7;B01
201100059074;0;7;0;0;2;8;22;A01
201100059075;0;33;0;0;2;1;1;A01
201100059075;0;7;0;0;2;5;24;B01
201100059076;0;32;0;0;0;0;1;A01
201100059077;0;1;0;0;2;1;19;A01
201100059077;0;34;0;0;2;3;15;B01
201100059078;0;33;0;0;1;1;1;A01
201100059079;0;2;0;1;0;1;13;A01
201100059080;0;7;0;0;2;8;9;A01
201100059080;0;33;0;0;2;1;1;B01
201100059081;0;7;0;0;2;3;1;D01
201100059081;0;34;0;0;2;5;2;A01
201100059081;0;7;0;0;2;5;2;B01
201100059081;0;33;0;0;2;7;2;C01
201100059082;0;31;0;8;1;1;1;A01
201100059083;0;7;0;0;2;8;10;A01
201100059083;0;33;0;0;2;1;1;B01
201100059084;0;33;0;0;0;7;17;B01
201100059084;0;38;1;0;0;8;15;A01
201100059085;0;2;0;0;2;4;16;B01
201100059085;0;7;0;0;2;3;16;A01
201100059086;0;32;0;0;1;0;1;A01
201100059087;0;7;0;0;1;0;1;A01
201100059088;0;31;0;0;0;7;1;A01
201100059089;0;7;0;0;2;6;1;B01
201100059089;0;33;0;0;2;1;1;A01
201100059090;0;10;0;6;0;1;1;A01
201100059091;0;1;0;0;2;8;1;B01
201100059091;0;7;0;0;0;2;10;A01
201100059092;0;7;0;0;2;1;2;A01
201100059092;0;7;0;0;2;4;23;B01
201100059093;0;30;0;0;2;8;1;A01
201100059093;0;30;0;0;2;7;1;B01
201100059094;0;32;0;0;0;7;1;A01
201100059095;0;33;0;1;0;8;21;A01
201100059096;0;7;0;0;1;3;1;A01
201100059097;0;7;0;0;2;1;2;A01
201100059097;0;10;0;0;2;4;23;B01
201100059097;0;7;0;0;2;4;23;C01
201100059097;1;7;0;0;0;4;23;D01
201100059098;0;32;0;0;2;5;17;A01
201100059098;0;7;0;0;2;3;15;B01
201100059099;0;37;50;0;2;3;1;B01
201100059099;0;7;0;0;2;5;1;A01
201100059100;0;30;0;0;0;7;15;A01
201100059101;0;33;0;0;2;6;18;A01
201100059101;0;7;0;0;2;2;14;B01
201100059102;0;32;0;0;2;7;17;A01
201100059102;0;7;0;0;2;3;15;B01
201100059103;0;7;0;0;1;1;1;A01
201100059104;0;30;0;0;2;8;1;B01
201100059104;0;7;0;0;2;2;1;A01
201100059105;0;7;0;0;1;1;15;A01
201100059106;0;30;0;0;2;3;1;B01
201100059106;0;7;0;0;2;5;23;A01
201100059107;0;32;0;0;2;2;17;B01
201100059107;0;7;0;0;0;8;15;A01
201100059108;0;7;0;0;2;3;15;B01
201100059108;0;32;0;0;2;1;15;A01
201100059109;0;7;0;0;1;1;1;A01
201100059110;0;32;0;0;1;0;17;A01
201100059111;0;32;0;0;2;1;18;A01