num_acc;senc;catv;occutc;obs;obsm;choc;manv;num_veh
201100059111;0;1;0;0;2;2;19;B01
201100059112;0;32;0;0;2;2;15;B01
201100059112;0;7;0;0;2;2;1;A01
201100059113;0;1;0;0;2;3;2;B01
201100059113;0;34;0;0;2;2;2;A01
201100059114;0;7;0;0;1;3;1;A01
201100059115;0;31;0;0;0;2;1;A01
201100059116;0;33;0;0;1;1;1;A01
201100059117;0;7;0;0;0;4;4;A01
201100059118;0;33;0;0;2;2;16;A01
201100059118;0;7;0;0;2;3;1;B01
201100059119;0;32;0;0;2;1;1;B01
201100059119;0;10;0;0;2;7;1;A01
201100059120;0;7;0;0;1;2;1;A01
201100059121;0;30;0;0;0;8;1;A01
201100059122;0;33;0;0;2;1;1;B01
201100059122;0;30;0;0;2;8;1;A01
201100059123;0;7;0;0;1;6;1;A01
201100059124;0;32;0;1;2;2;1;B01
201100059124;0;7;0;0;2;5;22;A01
201100059125;1;7;0;0;0;3;11;Z01
201100059125;0;33;0;0;0;7;1;A01
201100059126;0;32;0;0;2;8;1;B01
201100059126;0;7;0;0;2;7;16;A01
201100059127;0;7;0;0;2;3;11;A01
201100059127;0;32;0;0;2;2;17;B01
201100059128;0;32;0;0;0;0;21;A01
201100059129;0;7;0;0;0;2;16;A01
201100059129;0;32;0;0;0;3;7;B01
201100059130;0;1;0;0;1;1;21;A01
201100059131;0;13;0;9;0;1;1;A01
201100059132;0;13;0;11;0;1;10;A01
201100059133;0;2;0;0;0;8;1;A01
201100059133;0;1;0;0;0;0;19;B01
201100059134;0;33;0;0;2;2;1;A01
201100059134;0;7;0;0;2;3;11;B01
201100059135;0;10;0;0;1;3;15;A01
201100059136;0;2;0;0;2;7;1;A01
201100059136;0;7;0;0;0;3;15;B01
201100059137;0;1;0;0;0;7;1;A01
201100059138;0;7;0;0;2;2;15;A01
201100059138;0;30;0;0;2;1;7;B01
201100059139;1;30;0;0;0;0;1;Z01
201100059140;0;33;0;0;2;3;1;A01
201100059140;0;1;0;0;2;1;1;B01
201100059141;0;32;0;0;2;1;2;A01
201100059141;1;7;0;0;2;4;2;Z01
201100059142;0;7;0;0;2;2;15;A01
201100059142;0;34;0;0;2;8;1;B01
201100059143;0;1;0;0;0;3;21;A01
201100059144;0;30;0;0;2;2;2;B01
201100059144;0;34;0;0;2;8;23;A01
201100059145;0;30;0;1;0;1;14;A01
201100059146;0;7;0;0;2;1;1;B01
201100059146;0;7;0;0;2;2;1;A01
201100059147;0;33;0;0;2;1;2;A01
201100059147;0;33;0;0;2;4;23;B01
201100059148;0;7;0;0;2;1;1;A01
201100059148;0;32;0;0;2;8;15;B01
201100059149;0;1;0;0;0;0;1;A01
201100059150;0;7;0;0;2;2;1;B01
201100059150;0;33;0;0;2;7;1;A01
201100059151;0;7;0;0;1;6;4;A01
201100059152;0;7;0;0;2;3;15;B01
201100059152;0;30;0;0;2;2;17;A01
201100059153;0;30;0;0;0;8;14;A01
201100059154;0;32;0;0;0;8;1;A01
201100059155;0;7;0;0;2;3;1;A01
201100059155;0;32;0;0;2;0;1;B01
201100059156;0;1;0;0;2;8;1;A01
201100059156;0;7;0;0;2;2;1;B01
201100059157;0;32;0;0;1;1;1;A01
201100059158;0;30;0;0;2;1;1;A01
201100059158;0;7;0;0;2;3;16;B01
201100059159;1;7;0;0;2;0;1;Z01
201100059159;0;32;0;0;2;1;1;A01
201100059160;0;33;0;8;2;0;18;A01
201100059161;0;32;0;0;2;1;1;A01
201100059161;0;7;0;0;2;5;1;B01
201100059162;0;7;0;0;2;3;10;B01
201100059162;0;30;0;0;2;1;5;A01
201100059163;0;7;0;0;2;1;2;A01
201100059163;0;7;0;0;2;4;23;B01
201100059164;0;7;0;0;2;4;23;B01
201100059164;0;32;0;0;2;1;2;A01
201100059165;0;1;0;0;2;2;5;A01
201100059165;0;7;0;0;2;2;1;B01
201100059166;0;7;0;0;2;2;1;A01
201100059166;0;33;0;0;2;1;1;B01
201100059167;0;1;0;0;2;6;7;B01
201100059167;0;10;0;0;2;2;16;A01
201100059168;0;32;0;0;2;8;15;B01
201100059168;0;33;0;0;2;8;15;A01
201100059169;0;10;0;0;2;6;13;B01
201100059169;0;7;0;0;2;1;17;A01
201100059170;0;7;0;0;2;2;16;A01
201100059170;0;31;0;0;2;3;1;B01
201100059171;0;30;0;12;0;2;14;A01
201100059172;0;7;0;0;2;1;1;B01
201100059172;0;32;0;0;2;8;1;A01
201100059173;0;31;0;0;2;0;1;B01
201100059173;0;3;0;0;2;5;1;A01
201100059174;0;1;0;0;2;8;7;B01
201100059174;0;37;1;0;2;7;17;A01
201100059175;0;1;0;0;0;0;1;A01
201100059176;0;7;0;0;1;3;1;A01
201100059177;0;7;0;0;1;4;4;A01
201100059178;0;32;0;0;0;8;1;A01
201100059179;0;30;0;0;2;4;16;B01
201100059179;0;32;0;0;2;4;7;A01
201100059180;0;7;0;0;1;3;1;A01
201100059181;0;7;0;0;2;3;9;A01
201100059181;0;32;0;0;2;3;16;B01
201100059182;0;1;0;0;2;6;1;C01
201100059182;1;10;0;0;2;9;18;Z01
201100059182;0;7;0;0;2;7;16;B01
201100059183;0;33;0;0;0;8;10;A01
201100059184;0;2;0;0;2;1;1;A01
201100059184;0;10;0;0;2;3;15;B01
201100059185;0;31;0;0;0;0;1;A01
201100059186;0;34;0;0;0;2;16;A01
201100059186;0;7;0;0;0;3;1;B01
201100059187;0;37;1;0;2;6;1;B01
201100059187;0;1;0;0;2;1;1;A01
201100059188;0;32;0;0;2;2;1;A01
201100059188;1;7;0;0;2;1;1;Z01
201100059189;0;30;0;0;2;6;1;B01
201100059189;0;7;0;0;2;2;1;A01
201100059190;0;33;0;0;2;8;17;A01
201100059190;0;7;0;0;2;6;1;B01
201100059191;0;7;0;0;2;3;10;A01
201100059191;0;30;0;0;2;1;1;B01
201100059192;0;7;0;0;2;1;2;A01
201100059192;0;7;0;0;2;4;23;B01
201100059193;0;32;0;0;2;1;1;B01
201100059193;0;7;0;0;2;6;1;A01
201100059194;0;33;0;0;0;7;21;A01
201100059195;0;33;0;0;2;1;2;A01
201100059195;0;7;0;0;2;4;2;B01
201100059196;0;30;0;0;2;2;17;A01
201100059196;0;7;0;0;2;3;15;B01
201100059197;0;30;0;1;0;1;1;A01
201100059198;0;2;0;14;0;1;13;A01
201100059199;0;7;0;0;2;1;2;A01
201100059199;0;7;0;0;2;4;23;B01
201100059200;0;3;0;0;2;1;1;A01
201100059200;0;7;0;0;2;2;10;B01
201100059201;0;7;0;0;1;2;15;A01
201100059202;0;2;0;0;0;0;2;A01
201100059203;0;7;0;11;0;1;15;A01
201100059204;0;32;0;0;2;4;23;B01
201100059204;0;10;0;0;2;1;2;A01
201100059205;0;7;0;0;1;1;1;A01
201100059206;0;30;0;0;1;7;17;A01
201100059207;0;7;0;0;2;6;2;A01
201100059207;0;37;3;0;2;3;2;C01
201100059207;0;33;0;0;2;1;2;B01
201100059208;1;7;0;0;1;7;1;Z01
201100059209;0;33;0;0;2;6;17;A01
201100059209;0;7;0;0;2;3;15;B01
201100059210;0;32;0;0;2;7;1;A01
201100059210;0;1;0;0;2;8;13;B01
201100059211;0;37;1;0;2;1;2;A01
201100059211;0;7;0;0;2;6;23;B01
201100059212;0;7;0;0;2;8;22;A01
201100059212;0;1;0;0;2;7;1;B01
201100059213;0;10;0;0;2;5;15;B01
201100059213;0;33;0;0;2;1;1;A01
201100059214;0;32;0;0;0;7;1;A01
201100059215;0;1;0;0;1;1;1;A01
201100059216;0;33;0;0;1;2;1;A01
201100059217;0;7;0;0;2;1;1;A01
201100059217;0;7;0;0;2;4;23;B01
201100059218;0;7;0;0;0;2;1;A01
201100059218;0;7;0;0;2;3;16;B01
201100059219;0;7;0;0;2;2;1;A01
201100059219;0;7;0;0;2;3;1;B01
201100059220;0;7;0;0;1;1;1;A01
201100059221;0;30;0;0;2;7;12;A01
201100059221;0;14;0;0;2;3;1;B01
201100059222;0;7;0;0;0;5;16;B01
201100059222;0;2;0;0;2;0;1;A01
201100059223;0;7;0;0;9;1;1;A01
201100059223;0;1;0;0;2;4;1;B01
201100059224;0;7;0;0;0;4;23;B01
201100059224;0;7;0;0;2;1;1;A01
201100059225;1;7;0;0;0;0;22;A01
201100059225;0;2;0;0;2;1;1;B01
201100059226;0;33;0;0;2;7;17;A01
201100059226;0;7;0;0;2;8;15;B01
201100059227;0;32;0;0;2;3;7;A01
201100059227;0;7;0;0;2;7;16;B01
201100059228;1;7;0;0;1;1;1;Z01
201100059229;0;7;0;0;2;3;15;A01
201100059229;0;34;0;0;2;7;1;B01
201100059230;0;7;0;0;1;1;16;A01
201100059231;0;7;0;0;2;8;15;A01
201100059231;0;33;0;0;2;7;1;B01
201100059232;0;32;0;0;0;4;23;B01
201100059232;0;7;0;0;2;2;1;A01
201100059233;0;10;0;0;1;4;4;A01
201100059234;0;2;0;0;2;1;1;A01
201100059234;0;7;0;0;2;2;1;B01
201100059235;0;30;0;0;2;3;18;A01
201100059235;0;7;0;0;2;2;16;B01
201100059236;0;1;0;0;0;0;1;A01
201100059237;0;30;0;0;2;1;2;A01
201100059237;0;7;0;0;2;4;23;B01
201100059238;1;7;0;0;2;0;13;Z01
201100059238;0;30;0;0;2;5;1;A01
201100059239;0;7;0;0;2;5;1;B01
201100059239;0;32;0;0;2;3;1;A01
201100059240;0;7;0;0;0;5;0;B01
201100059240;0;32;0;0;2;3;2;A01
201100059241;0;7;0;0;1;1;15;A01
201100059242;0;33;0;1;0;1;1;A01
201100059242;1;7;0;0;0;0;10;Z01
201100059243;0;2;0;0;2;2;1;B01
201100059243;0;32;0;0;2;3;10;A01
201100059244;0;7;0;0;1;2;1;A01
201100059245;0;1;0;0;1;7;1;A01
201100059246;0;1;0;0;2;1;1;B01
201100059246;0;7;0;0;2;8;22;A01
201100059247;0;7;0;0;1;1;16;A01
201100059248;0;7;0;0;2;3;15;A01
201100059248;0;34;0;0;2;2;17;B01
201100059249;0;38;1;0;0;6;16;A01
201100059249;0;34;0;0;2;2;16;B01
201100059250;0;7;0;0;2;3;13;A01
201100059250;0;32;0;0;2;2;17;B01
201100059251;0;38;1;0;1;0;1;A01
201100059252;0;33;0;0;0;1;1;B01
201100059252;0;7;0;0;0;2;15;A01
201100059253;1;30;0;0;1;1;15;Z01
201100059254;0;7;0;0;2;2;1;A01
201100059254;0;32;0;0;2;6;17;B01
201100059255;0;1;0;0;2;2;1;A01
201100059255;0;32;0;0;2;1;1;B01
201100059256;0;30;0;0;1;1;1;A01
201100059257;0;7;0;7;0;1;13;A01
201100059258;0;7;0;0;2;1;2;A01
201100059258;0;7;0;0;2;4;23;B01
201100059258;0;7;0;0;2;4;23;C01
201100059259;1;7;0;1;1;0;1;Z01
201100059260;0;32;0;0;2;7;1;A01
201100059260;0;7;0;0;2;2;15;B01
201100059261;0;7;0;0;2;1;2;A01
201100059261;0;7;0;0;2;4;23;B01
201100059262;0;32;0;0;2;1;1;A01
201100059262;0;7;0;0;1;4;23;B01
201100059263;0;1;0;0;2;8;23;B01
201100059263;0;7;0;0;9;7;1;A01
201100059264;0;33;0;0;2;1;1;A01
201100059264;0;7;0;0;2;3;16;B01
201100059265;0;7;0;11;0;3;13;A01
201100059266;0;1;0;1;0;1;1;B01
201100059266;0;10;0;0;9;8;22;A01
201100059267;0;32;0;0;1;8;1;A01
201100059267;0;7;0;0;0;8;1;B01
201100059268;0;7;0;0;2;1;9;A01
201100059268;0;2;0;0;2;1;1;B01
201100059269;0;7;0;0;2;1;1;A01
201100059269;0;7;0;0;2;7;1;B01
201100059270;0;30;0;12;0;2;21;A01
201100059271;0;33;0;0;2;1;18;A01
201100059271;0;7;0;0;2;5;14;B01
201100059272;0;7;0;0;2;1;7;A01
201100059272;0;7;0;7;2;2;1;B01
201100059273;0;7;0;0;2;4;2;B01
201100059273;0;7;0;0;2;1;2;A01
201100059274;0;34;0;0;2;2;2;B01
201100059274;0;7;0;0;2;8;22;A01
201100059275;0;32;0;0;2;1;15;B01
201100059275;0;33;0;0;2;3;1;A01
201100059276;0;7;0;0;2;2;1;B01
201100059276;0;7;0;0;2;5;15;A01
201100059277;0;32;0;0;0;1;1;A01
201100059278;0;33;0;9;0;1;1;A01
201100059279;0;32;0;0;2;8;1;B01
201100059279;0;7;0;0;2;1;16;A01
201100059280;0;7;0;1;2;2;22;A01
201100059280;0;32;0;1;9;1;1;B01
201100059281;0;32;0;0;0;7;1;A01
201100059282;0;7;0;0;2;2;9;A01
201100059282;0;32;0;0;2;2;1;B01
201100059283;0;30;0;0;2;1;1;B01
201100059283;0;7;0;0;2;8;22;A01
201100059284;0;10;0;0;1;3;15;A01
201100059285;0;33;0;0;2;1;1;B01
201100059285;0;7;0;0;2;2;10;A01
201100059286;0;7;0;0;2;3;1;A01
201100059286;0;7;0;0;2;2;1;B01
201100059287;0;30;0;0;0;1;1;A01
201100059288;0;7;0;0;2;4;2;B01
201100059288;0;7;0;0;2;1;2;A01
201100059289;0;30;0;0;0;2;1;A01
201100059290;0;33;0;0;2;3;1;B01
201100059290;0;7;0;0;2;2;1;A01
201100059291;0;10;0;0;1;4;4;A01
201100059292;0;7;0;0;2;3;15;B01
201100059292;0;30;0;0;2;1;17;A01
201100059293;0;32;0;0;2;1;1;A01
201100059293;0;7;0;0;2;5;23;B01
201100059294;0;32;0;0;2;8;1;B01
201100059294;0;7;0;0;2;1;15;A01
201100059295;0;7;0;1;0;3;1;A01
201100059295;0;7;0;0;0;8;24;B01
201100059296;0;7;0;0;1;1;1;A01
201100059297;0;30;0;0;0;8;21;A01
201100059298;0;1;0;0;1;1;1;A01
201100059299;0;7;0;0;1;1;16;A01
201100059300;0;7;0;0;2;4;23;B01
201100059300;0;7;0;0;2;1;2;A01
201100059300;0;7;0;0;2;7;23;C01
201100059301;0;32;0;0;0;0;1;A01
201100059302;0;10;0;0;2;1;2;A01
201100059302;0;32;0;0;2;4;2;B01
201100059303;0;7;0;0;1;1;16;A01
201100059304;0;7;0;0;2;4;23;B01
201100059304;0;30;0;0;2;1;2;A01
201100059305;0;31;0;1;2;3;1;B01
201100059305;0;7;0;0;2;3;15;A01
201100059306;0;7;0;0;2;1;1;A01
201100059306;0;7;0;0;0;4;1;B01
201100059306;0;14;0;0;2;1;1;C01
201100059307;0;7;0;0;2;2;16;B01
201100059307;0;33;0;0;2;3;1;A01
201100059308;0;32;0;0;1;7;1;A01
201100059309;0;32;0;0;1;1;15;A01
201100059310;0;13;0;0;1;7;16;A01
201100059311;0;32;0;0;2;1;1;A01
201100059311;0;7;0;0;2;3;1;B01
201100059312;0;7;0;0;2;3;11;A01
201100059312;0;32;0;0;2;7;1;B01
201100059313;0;33;0;12;0;5;14;A01
201100059314;0;32;0;0;2;8;7;A01
201100059314;0;7;0;0;2;2;16;B01
201100059315;0;7;0;0;2;4;2;B01
201100059315;0;7;0;0;2;1;2;A01
201100059316;1;7;0;0;2;0;16;Z01
201100059317;0;32;0;0;0;0;21;A01
201100059318;1;2;0;0;2;0;1;Z01
201100059318;0;34;0;0;2;0;1;A01
201100059319;0;7;0;0;1;3;15;A01
201100059320;0;32;0;0;0;7;1;A01
201100059321;0;1;0;0;2;8;18;A01
201100059321;0;32;0;0;2;7;1;B01
201100059322;0;30;0;0;2;1;1;B01
201100059322;0;7;0;0;2;2;15;A01
201100059323;0;7;0;0;2;3;15;B01
201100059323;0;34;0;0;2;1;5;A01
201100059324;0;34;0;0;2;0;18;A01
201100059324;0;7;0;0;2;0;16;B01
201100059325;0;30;0;0;0;0;1;A01
201100059326;0;10;0;0;1;3;16;A01
201100059327;0;33;0;0;0;1;21;A01
201100059328;0;30;0;1;0;0;14;A01
201100059329;1;7;0;0;1;4;4;Z01
201100059330;0;7;0;0;1;1;15;A01
201100059331;0;13;0;0;2;4;2;B01
201100059331;0;7;0;0;2;1;2;A01
201100059332;0;32;0;0;1;1;15;A01
201100059333;0;7;0;0;1;3;1;A01
201100059334;0;30;0;0;2;1;1;A01
201100059334;0;7;0;0;2;3;15;B01
201100059335;0;10;0;0;1;7;4;A01
201100059336;0;2;0;0;2;1;17;A01
201100059336;0;10;0;0;2;3;15;B01
201100059337;0;30;0;0;2;7;15;A01
201100059337;0;7;0;0;2;6;15;B01
201100059338;0;7;0;0;0;4;1;B01
201100059338;0;38;30;0;2;1;1;A01
201100059339;0;7;0;0;2;3;9;A01
201100059339;0;1;0;0;2;1;1;B01
201100059340;0;1;0;0;2;4;2;B01
201100059340;0;7;0;0;2;3;2;A01
201100059341;0;7;0;0;1;2;15;A01
201100059342;1;7;0;0;2;1;1;Z01
201100059342;0;7;0;0;2;8;1;A01
201100059343;0;7;0;0;2;7;15;A01
201100059343;0;7;0;0;2;1;1;B01
201100059344;0;30;0;12;1;1;1;A01
201100059345;0;32;0;0;1;2;1;A01
201100059346;0;7;0;0;1;1;15;A01
201100059347;0;32;0;0;2;1;1;A01
201100059347;0;7;0;0;2;3;9;B01
201100059348;0;7;0;0;2;3;1;B01
201100059348;0;7;0;8;2;2;1;A01
201100059349;0;7;0;0;1;1;1;A01
201100059350;0;30;0;0;2;2;1;B01
201100059350;0;7;0;0;2;8;22;A01
201100059350;0;7;0;0;2;7;1;C01
201100059351;0;10;0;0;1;3;15;A01
201100059352;1;34;0;0;1;8;1;Z01
201100059353;0;32;0;0;0;3;21;A01
201100059354;0;7;0;0;1;4;4;A01
201100059355;0;7;0;0;2;2;1;A01
201100059355;0;1;0;0;2;7;13;B01
201100059356;0;7;0;1;0;2;14;A01
201100059357;0;7;0;1;0;2;14;A01
201100059358;0;7;0;0;2;3;15;A01
201100059358;0;33;0;0;2;1;1;B01
201100059358;0;33;0;0;2;1;1;C01
201100059359;0;7;0;0;2;5;16;B01
201100059359;0;32;0;0;2;8;18;A01
201100059360;0;7;0;0;1;7;15;A01
201100059361;0;33;0;0;2;0;1;B01
201100059361;0;7;0;0;9;3;9;A01
201100059362;0;10;0;0;2;3;1;B01
201100059362;0;30;0;0;2;1;15;A01
201100059363;0;32;0;0;0;0;21;A01
201100059364;0;34;0;0;0;8;7;A01
201100059364;0;7;0;0;0;2;16;B01
201100059365;0;7;0;0;1;1;1;A01
201100059366;0;7;0;0;2;5;16;B01
201100059366;0;30;0;0;2;2;7;A01
201100059367;0;7;0;0;1;2;1;A01
201100059368;0;7;0;0;2;4;2;B01
201100059368;0;7;0;0;2;1;2;A01
201100059369;0;7;0;0;1;2;1;A01
201100059370;0;30;0;0;2;1;2;A01
201100059370;0;7;0;0;2;4;2;B01
201100059371;0;14;0;0;2;2;16;A01
201100059371;0;34;0;0;2;3;1;B01
201100059372;0;7;0;0;1;2;7;A01
201100059373;0;7;0;0;2;1;1;A01
201100059373;0;33;0;0;2;7;1;B01
201100059374;1;30;0;0;1;1;1;Z01
201100059375;1;7;0;0;1;0;7;Z01
201100059376;0;30;0;0;0;7;1;A01
201100059377;0;7;0;0;2;1;1;A01
201100059377;0;7;0;0;2;8;1;B01
201100059378;0;7;0;0;2;3;1;B01
201100059378;0;31;0;0;2;2;1;A01
201100059379;0;7;0;0;1;6;4;A01
201100059380;0;33;0;0;1;1;1;A01
201100059381;0;33;0;0;1;2;1;A01
201100059381;0;7;0;0;9;6;23;B01
201100059382;0;10;0;0;1;2;1;A01
201100059383;0;13;0;0;2;1;1;B01
201100059383;0;33;0;0;2;7;1;A01
201100059384;0;7;0;1;0;2;1;A01
201100059384;0;7;0;3;0;6;23;B01
201100059385;0;1;0;0;1;1;1;A01
201100059386;0;33;0;0;2;0;21;A01
201100059387;0;33;0;12;2;2;17;A01
201100059387;1;7;0;0;2;0;13;Z01
201100059388;0;33;0;0;1;2;1;A01
201100059389;0;34;0;0;2;1;7;A01
201100059389;0;7;0;0;2;3;15;B01
201100059390;0;7;0;0;2;2;1;A01
201100059391;0;30;0;0;0;2;17;A01
201100059391;0;7;0;0;2;2;15;B01
201100059392;0;30;0;0;0;0;0;A01
201100059393;0;34;0;9;0;2;18;A01
201100059394;0;10;0;0;1;1;15;A01
201100059395;0;32;0;0;0;2;1;B01
201100059395;0;1;0;0;2;1;5;A01
201100059396;0;32;0;0;2;2;1;B01
201100059396;0;7;0;0;2;3;11;A01
201100059397;0;1;0;0;0;0;1;B01
201100059397;1;2;0;0;0;0;1;Z01
201100059398;0;2;0;0;0;8;1;A01
201100059399;0;37;12;0;2;2;7;B01
201100059399;0;14;0;0;2;3;1;A01
201100059400;0;1;0;0;1;0;5;A01
201100059401;0;7;0;0;1;3;1;A01
201100059402;1;30;0;1;0;1;14;A01
201100059403;0;30;0;0;0;0;21;A01
201100059404;0;10;0;0;1;8;15;A01
201100059405;0;1;0;0;0;0;1;A01
201100059406;0;7;0;0;1;0;7;A01
201100059407;0;2;0;0;2;1;1;A01
201100059407;0;7;0;0;2;5;15;B01
201100059408;0;7;0;0;2;8;1;A01
201100059408;0;33;0;8;2;3;1;B01
201100059409;0;30;0;0;0;7;1;A01
201100059410;0;1;0;0;2;3;14;A01
201100059410;0;7;0;0;2;2;1;B01
201100059411;0;33;0;0;1;3;1;A01
201100059412;0;7;0;0;2;3;15;A01
201100059412;0;34;0;0;2;3;1;B01
201100059413;0;34;0;0;2;1;18;B01
201100059413;0;3;0;0;2;2;16;A01
201100059414;0;10;0;0;1;2;16;A01
201100059415;0;1;0;0;2;7;5;A01
201100059415;0;7;0;0;2;3;15;B01
201100059416;0;1;0;0;2;1;1;B01
201100059416;0;10;0;0;2;2;16;A01
201100059417;0;10;0;0;2;2;1;B01
201100059417;0;32;0;0;2;6;1;A01
201100059418;0;34;0;0;2;1;1;B01
201100059418;0;1;0;0;2;6;1;A01
201100059419;0;7;0;0;1;1;1;A01
201100059420;0;32;0;0;2;1;17;A01
201100059420;0;7;0;0;2;6;15;B01
201100059421;0;32;0;0;2;7;1;A01
201100059421;1;7;0;0;2;0;1;Z01
201100059422;0;34;0;0;1;1;1;A01
201100059423;0;32;0;0;1;1;1;A01
201100059424;0;7;0;0;1;0;1;A01
201100059425;0;31;0;0;0;0;21;A01
201100059426;0;33;0;0;2;5;17;B01
201100059426;0;7;0;0;2;3;15;A01
201100059427;0;7;0;1;1;3;4;A01
201100059428;0;1;0;0;2;8;1;B01
201100059428;0;2;0;0;2;1;1;A01
201100059429;0;10;0;0;1;4;20;A01
201100059430;0;33;0;0;0;0;1;A01
201100059431;0;10;0;0;0;6;2;B01
201100059431;0;1;0;0;2;1;2;A01
201100059432;0;32;0;0;1;1;1;A01
201100059433;0;32;0;0;2;2;1;A01
201100059433;0;7;0;0;2;2;15;B01
201100059434;0;2;0;0;0;0;1;A01
201100059435;0;30;0;0;0;8;18;A01
201100059435;0;7;0;0;0;2;16;B01
201100059436;0;7;0;0;2;3;15;B01
201100059436;0;30;0;0;2;7;8;A01
201100059437;0;32;0;0;0;1;1;A01
201100059437;0;7;0;0;0;7;15;B01
201100059438;0;33;0;0;1;7;1;A01
201100059439;0;32;0;0;1;1;1;A01
201100059440;0;7;0;0;0;3;15;B01
201100059440;0;33;0;0;0;8;1;A01
201100059441;0;33;0;0;2;7;1;B01
201100059441;0;7;0;0;2;1;1;A01
201100059442;0;30;0;0;2;6;1;A01
201100059442;1;10;0;0;0;0;14;Z01
201100059443;0;2;0;0;1;2;1;A01
201100059444;0;7;0;0;1;3;1;A01
201100059445;0;7;0;0;2;3;22;A01
201100059445;0;1;0;0;2;0;1;B01
201100059446;0;7;0;0;1;6;4;A01
201100059447;0;38;4;0;2;6;13;A01
201100059447;0;7;0;0;2;3;23;C01
201100059447;0;33;0;0;2;4;23;B01
201100059448;0;10;0;0;2;3;1;B01
201100059448;0;32;0;0;2;2;1;A01
201100059449;0;7;0;0;2;2;1;A01
201100059449;0;2;0;0;2;3;18;B01
201100059450;0;1;0;0;2;1;15;B01
201100059450;0;7;0;0;2;5;1;A01
201100059451;0;7;0;0;1;1;1;A01
201100059452;0;7;0;0;2;7;16;A01
201100059452;0;1;0;0;2;1;7;B01
201100059453;0;32;0;0;1;1;1;A01
201100059454;0;31;0;0;0;0;1;A01
201100059455;0;32;0;14;0;1;14;A01
201100059456;0;10;0;0;2;2;16;A01
201100059456;0;32;0;0;2;4;18;B01
201100059457;1;7;0;0;1;0;16;Z01
201100059458;0;32;0;0;2;7;1;B01
201100059458;0;7;0;0;2;8;22;A01
201100059459;0;30;0;0;2;3;18;A01
201100059459;0;7;0;0;2;2;16;B01
201100059460;0;31;0;0;0;0;1;A01
201100059461;0;33;0;0;2;3;1;B01
201100059461;0;33;0;0;2;2;1;A01
201100059462;0;7;0;0;2;4;23;B01
201100059462;0;7;0;0;2;1;2;A01
201100059463;0;32;0;0;2;1;18;A01
201100059463;0;7;0;0;2;5;16;B01
201100059464;0;32;0;14;0;1;21;A01
201100059465;0;1;0;14;0;1;11;A01
201100059466;0;30;0;0;1;0;1;A01
201100059467;0;7;0;0;2;1;2;A01
201100059467;0;7;0;0;2;4;2;B01
201100059468;0;13;0;0;1;2;14;A01
201100059469;0;10;0;0;2;4;23;B01
201100059469;0;7;0;0;2;9;23;A01
201100059469;1;14;0;0;2;0;2;Z01
201100059470;0;13;0;0;0;7;16;A01
201100059470;0;30;0;0;2;3;16;B01
201100059471;0;7;0;0;1;4;4;A01
201100059472;0;32;0;0;1;2;1;A01
201100059473;0;30;0;0;0;1;14;A01
201100059474;0;7;0;0;2;2;16;A01
201100059474;0;32;0;0;2;8;18;B01
201100059475;0;7;0;0;2;3;1;A01
201100059475;0;37;2;0;2;2;1;B01
201100059476;0;32;0;11;0;0;21;A01
201100059477;0;10;0;0;2;6;23;B01
201100059477;0;30;0;0;2;1;2;A01
201100059478;0;7;0;0;1;1;17;A01
201100059479;0;7;0;0;1;1;1;A01
201100059480;0;30;0;0;2;7;9;A01
201100059480;0;7;0;0;2;1;1;B01
201100059481;0;32;0;14;0;1;14;A01
201100059482;0;7;0;0;2;2;1;A01
201100059482;0;7;0;0;2;1;1;B01
201100059483;0;7;0;0;1;1;15;A01
201100059484;0;31;0;0;0;6;1;B01
201100059484;1;7;0;0;0;0;12;Z01
201100059485;0;7;0;0;2;2;0;B01
201100059485;0;7;0;0;0;8;15;A01
201100059486;0;7;0;0;2;3;9;A01
201100059486;0;30;0;0;2;1;1;B01
201100059487;1;7;0;0;0;6;1;Z01
201100059487;0;7;0;0;0;6;9;A01
201100059488;0;32;0;1;0;0;13;A01
201100059488;0;1;0;1;0;7;1;B01
201100059489;0;10;0;0;1;2;1;A01
201100059490;0;13;0;0;1;1;1;A01
201100059491;0;32;0;0;1;1;1;A01
201100059492;0;7;0;0;1;5;20;A01
201100059493;0;33;0;14;0;0;14;A01
201100059494;0;37;1;0;1;2;1;A01
201100059495;0;1;0;0;1;1;5;A01
201100059496;0;2;0;0;2;0;0;A01
201100059497;0;32;0;0;2;1;1;A01
201100059497;0;33;0;0;0;4;23;C01
201100059497;0;32;0;0;2;4;23;B01
201100059498;0;30;0;0;0;6;15;A01
201100059498;0;7;0;0;0;2;1;B01
201100059499;0;7;0;0;1;2;1;A01
201100059500;0;7;0;0;0;3;22;A01
201100059500;0;32;0;1;0;1;1;B01
201100059501;0;32;0;0;0;0;21;A01
201100059502;1;30;0;0;0;0;1;Z01
201100059503;0;31;0;0;0;8;1;A01
201100059504;0;7;0;15;0;1;9;A01
201100059505;0;7;0;0;1;3;15;A01
201100059506;0;32;0;0;2;3;1;B01
201100059506;0;33;0;0;2;2;16;A01
201100059507;0;10;0;0;1;4;4;A01
201100059508;0;7;0;0;0;7;12;A01
201100059508;0;33;0;0;0;8;1;B01