num_acc;senc;catv;occutc;obs;obsm;choc;manv;num_veh
201100059509;0;7;0;0;0;4;23;B01
201100059509;0;2;0;0;2;2;1;A01
201100059510;0;30;0;0;0;1;1;B01
201100059510;0;7;0;0;0;2;15;A01
201100059511;0;7;0;0;0;4;23;B01
201100059511;0;30;0;0;2;1;1;A01
201100059512;0;32;0;0;1;2;1;A01
201100059513;0;7;0;0;1;3;1;A01
201100059514;1;32;0;0;1;1;7;Z01
201100059515;0;7;0;0;2;4;23;B01
201100059515;0;30;0;0;2;1;1;A01
201100059516;0;32;0;0;1;2;1;A01
201100059517;0;32;0;0;1;2;1;A01
201100059518;0;30;0;0;0;7;7;A01
201100059519;0;1;0;0;2;5;18;A01
201100059519;0;7;0;0;2;7;16;B01
201100059520;0;7;0;0;2;2;16;B01
201100059520;0;30;0;0;2;8;7;A01
201100059521;0;32;0;0;2;4;23;B01
201100059521;0;37;25;0;2;3;2;A01
201100059522;0;7;0;0;2;5;16;B01
201100059522;0;31;0;0;2;1;2;A01
201100059523;0;33;0;0;2;7;7;A01
201100059523;0;7;0;0;2;7;16;B01
201100059524;0;32;0;0;2;1;1;B01
201100059524;0;30;0;0;2;3;15;A01
201100059525;0;7;0;0;1;4;4;A01
201100059526;0;34;0;0;2;2;1;A01
201100059526;0;7;0;0;0;6;23;B01
201100059527;0;7;0;0;1;3;1;A01
201100059528;1;2;0;0;1;1;7;Z01
201100059529;0;10;0;0;2;0;14;B01
201100059529;0;30;0;0;2;0;18;A01
201100059530;0;32;0;0;1;1;1;A01
201100059531;0;10;0;0;2;0;15;A01
201100059531;0;32;0;0;2;0;17;B01
201100059532;0;7;0;0;1;1;1;A01
201100059533;0;1;0;0;2;0;12;A01
201100059533;1;30;0;0;2;0;14;Z01
201100059534;0;32;0;0;0;3;1;A01
201100059535;1;7;0;0;1;0;1;Z01
201100059536;0;1;0;0;1;1;1;A01
201100059537;0;7;0;0;2;4;23;B01
201100059537;0;32;0;0;2;1;1;A01
201100059538;0;7;0;0;1;4;20;A01
201100059539;0;2;0;0;2;1;1;A01
201100059539;0;32;0;0;0;4;23;B01
201100059540;0;7;0;0;2;7;16;A01
201100059540;0;34;0;0;2;3;1;B01
201100059541;0;34;0;0;0;0;21;A01
201100059542;0;2;0;0;2;1;1;A01
201100059542;0;7;0;0;0;3;1;B01
201100059543;0;37;1;0;1;5;1;A01
201100059544;0;7;0;9;2;3;1;B01
201100059544;0;7;0;0;2;7;1;A01
201100059545;0;1;0;1;0;7;7;A01
201100059545;0;7;0;0;0;3;22;B01
201100059546;1;7;0;0;2;0;15;Z01
201100059546;0;30;0;0;2;0;7;A01
201100059547;0;33;0;0;0;0;21;A01
201100059548;0;30;0;0;1;7;1;A01
201100059549;0;30;0;0;1;0;21;A01
201100059550;0;33;0;0;0;0;1;A01
201100059551;0;7;0;0;2;5;1;B01
201100059551;0;30;0;0;2;1;1;A01
201100059552;0;33;0;0;1;1;5;A01
201100059553;0;1;0;0;2;1;1;B01
201100059553;0;7;0;0;2;5;22;A01
201100059554;0;7;0;0;2;4;2;B01
201100059554;0;7;0;0;2;1;2;A01
201100059555;0;7;0;1;2;2;7;B01
201100059555;0;10;0;0;2;3;11;A01
201100059556;0;32;0;0;2;2;1;A01
201100059556;0;7;0;0;2;1;1;B01
201100059557;0;32;0;0;2;8;18;A01
201100059557;0;14;0;0;2;7;16;B01
201100059558;0;2;0;0;1;1;14;A01
201100059559;0;7;0;0;2;8;1;B01
201100059559;0;2;0;0;2;1;1;A01
201100059560;0;32;0;0;2;7;1;B01
201100059560;0;7;0;0;2;1;1;A01
201100059561;0;7;0;0;1;1;1;A01
201100059562;0;31;0;0;2;0;1;B01
201100059562;0;7;0;0;2;0;12;A01
201100059563;0;7;0;0;1;2;8;A01
201100059564;0;7;0;0;2;2;16;B01
201100059564;0;33;0;0;2;3;18;A01
201100059565;0;7;0;0;1;0;4;A01
201100059566;0;32;0;0;1;1;1;A01
201100059567;0;7;0;0;2;4;16;B01
201100059567;0;7;0;0;2;3;2;A01
201100059568;0;1;0;0;1;1;1;A01
201100059569;0;2;0;0;2;1;13;A01
201100059569;0;7;0;0;2;3;1;B01
201100059570;0;7;0;0;1;2;7;A01
201100059571;0;33;0;14;0;1;1;A01
201100059572;0;7;0;0;1;2;1;A01
201100059573;0;32;0;0;2;1;1;B01
201100059573;0;7;0;0;2;3;15;A01
201100059574;0;30;0;0;2;1;1;B01
201100059574;0;10;0;0;2;3;15;A01
201100059575;0;2;0;0;2;8;13;A01
201100059575;0;7;0;0;2;7;1;B01
201100059576;0;30;0;0;0;8;1;A01
201100059577;1;2;0;0;1;0;1;Z01
201100059578;0;30;0;0;0;0;21;A01
201100059579;0;33;0;0;0;8;1;A01
201100059580;0;37;0;0;1;3;1;A01
201100059581;0;7;0;1;0;2;14;A01
201100059582;0;30;0;0;0;7;1;A01
201100059583;0;32;0;0;0;7;1;A01
201100059584;0;7;0;0;2;5;12;A01
201100059584;0;33;0;0;2;2;1;B01
201100059585;0;7;0;0;1;3;20;A01
201100059586;0;7;0;8;2;1;1;B01
201100059586;0;7;0;1;2;5;1;A01
201100059587;0;33;0;0;1;1;1;A01
201100059588;0;37;10;0;2;7;16;A01
201100059588;0;33;0;0;2;8;18;B01
201100059589;0;32;0;0;1;1;7;A01
201100059590;0;7;0;0;0;0;1;A01
201100059590;0;33;0;0;0;0;23;B01
201100059591;0;7;0;0;2;7;1;B01
201100059591;0;30;0;0;2;1;9;A01
201100059592;0;30;0;0;0;0;21;A01
201100059593;0;7;0;11;0;3;13;A01
201100059594;0;7;0;0;2;2;1;A01
201100059594;0;32;0;0;2;1;1;B01
201100059595;0;10;0;0;1;5;20;A01
201100059596;0;32;0;0;0;0;1;A01
201100059597;0;31;0;0;2;5;1;B01
201100059597;0;7;0;0;2;3;22;A01
201100059598;0;30;0;0;1;2;1;A01
201100059599;0;1;0;0;0;0;1;A01
201100059600;0;33;0;1;0;9;1;A01
201100059601;0;2;0;0;2;1;1;A01
201100059601;0;7;0;0;2;8;15;B01
201100059602;0;13;0;0;2;2;15;A01
201100059602;0;30;0;0;2;3;1;B01
201100059603;0;7;0;0;1;6;4;A01
201100059604;0;30;0;0;2;2;1;B01
201100059604;0;1;0;0;2;1;1;A01
201100059605;0;1;0;0;2;1;1;A01
201100059605;0;7;0;0;9;3;15;B01
201100059606;0;32;0;0;2;3;1;B01
201100059606;0;7;0;0;2;3;15;A01
201100059607;0;1;0;0;1;1;7;A01
201100059608;0;7;0;0;1;2;1;A01
201100059609;1;30;0;0;1;0;1;Z01
201100059610;0;32;0;0;2;1;1;C01
201100059610;0;7;0;0;2;8;1;B01
201100059610;0;7;0;0;2;7;22;A01
201100059611;0;1;0;0;2;3;7;B01
201100059611;0;7;0;0;2;1;16;A01
201100059612;0;33;0;0;0;0;1;A01
201100059613;0;10;0;0;1;2;1;A01
201100059614;0;30;0;0;0;1;0;A01
201100059615;0;10;0;0;1;4;4;A01
201100059616;0;33;0;0;2;1;1;A01
201100059616;1;30;0;0;2;7;1;Z01
201100059617;0;7;0;0;2;2;15;A01
201100059617;0;1;0;0;2;1;1;B01
201100059618;0;30;0;0;2;7;1;B01
201100059618;0;3;0;0;2;3;15;A01
201100059619;0;32;0;14;0;3;13;A01
201100059620;0;7;0;14;0;1;1;A01
201100059621;0;31;0;0;1;2;1;A01
201100059622;0;30;0;0;2;3;15;B01
201100059622;0;33;0;0;2;7;17;A01
201100059623;0;7;0;0;9;3;1;B01
201100059623;0;1;0;0;2;2;1;A01
201100059624;0;1;0;0;1;1;5;A01
201100059625;0;30;0;0;1;1;1;A01
201100059626;0;30;0;0;0;0;1;A01
201100059627;0;30;0;0;2;3;1;B01
201100059627;0;7;0;0;2;1;15;A01
201100059628;0;32;0;0;0;8;1;A01
201100059629;0;10;0;0;1;3;16;A01
201100059630;0;34;0;0;2;1;1;A01
201100059631;0;1;0;0;0;0;1;A01
201100059632;0;2;0;0;2;1;1;B01
201100059632;0;7;0;0;2;3;9;A01
201100059633;0;32;0;0;1;1;1;A01
201100059634;0;30;0;0;1;1;18;A01
201100059635;0;32;0;14;0;1;1;A01
201100059636;0;30;0;0;2;1;1;B01
201100059636;0;7;0;0;2;2;12;A01
201100059637;0;7;0;0;1;1;1;A01
201100059638;0;7;0;0;2;7;16;B01
201100059638;0;31;0;0;2;1;7;A01
201100059639;0;1;0;0;1;3;1;A01
201100059640;0;7;0;0;2;2;16;A01
201100059640;0;32;0;0;2;3;1;B01
201100059641;0;33;0;0;1;1;1;A01
201100059642;0;33;0;0;1;2;1;A01
201100059643;0;30;0;0;2;8;1;A01
201100059643;1;7;0;0;2;0;14;Z01
201100059644;0;33;0;0;1;1;1;A01
201100059645;0;7;0;0;2;7;22;A01
201100059645;0;1;0;0;2;1;18;B01
201100059646;0;33;0;0;1;8;1;A01
201100059647;0;7;0;1;0;2;1;A01
201100059648;0;7;0;0;2;1;2;A01
201100059648;0;7;0;0;2;4;23;B01
201100059649;0;32;0;0;0;2;21;A01
201100059650;0;32;0;0;0;0;5;A01
201100059651;0;34;0;0;2;1;1;B01
201100059651;0;7;0;0;2;7;15;A01
201100059652;0;30;0;12;0;0;15;A01
201100059653;0;10;0;11;0;1;1;A01
201100059654;0;7;0;0;0;5;1;B01
201100059654;0;33;0;0;0;0;1;A01
201100059655;0;7;0;0;2;8;1;B01
201100059655;0;30;0;0;0;1;1;A01
201100059656;0;7;0;0;2;2;15;A01
201100059656;0;33;0;0;2;1;1;B01
201100059657;0;32;0;0;2;2;1;B01
201100059657;0;7;0;0;2;3;23;C01
201100059657;0;7;0;0;2;3;9;A01
201100059658;0;32;0;0;2;2;17;B01
201100059658;0;7;0;0;2;3;15;A01
201100059659;0;7;0;0;2;8;1;B01
201100059659;0;34;0;0;2;1;1;A01
201100059660;0;2;0;0;1;7;1;A01
201100059661;0;7;0;0;0;6;15;B01
201100059661;0;31;0;0;2;1;15;A01
201100059662;0;7;0;0;1;7;1;A01
201100059663;0;33;0;0;1;1;1;A01
201100059664;0;7;0;0;1;2;1;A01
201100059665;0;7;0;0;0;1;5;A01
201100059665;0;33;0;0;2;1;1;B01
201100059666;0;7;0;0;1;3;1;A01
201100059667;0;1;0;0;1;1;5;A01
201100059668;0;34;0;0;2;0;21;A01
201100059669;0;7;0;0;2;8;1;B01
201100059669;0;7;0;0;2;7;14;A01
201100059669;0;1;0;0;2;8;1;C01
201100059670;0;7;0;0;2;7;16;A01
201100059670;0;37;3;0;2;3;7;B01
201100059671;1;1;0;0;1;0;1;Z01
201100059672;0;7;0;1;0;2;14;A01
201100059673;0;7;0;0;1;2;1;A01
201100059674;1;7;0;0;2;0;14;Z01
201100059674;0;30;0;8;2;1;1;A01
201100059675;0;34;0;14;0;1;14;A01
201100059676;0;7;0;0;2;3;15;A01
201100059676;0;1;0;0;2;2;1;B01
201100059677;0;7;0;0;2;7;9;B01
201100059677;0;33;0;0;2;3;1;A01
201100059678;0;7;0;0;2;3;15;A01
201100059678;0;1;0;0;2;3;1;B01
201100059679;0;30;0;0;0;0;21;A01
201100059680;0;30;0;14;0;1;7;A01
201100059681;0;7;0;0;2;8;22;A01
201100059681;0;14;0;0;2;7;1;B01
201100059682;0;32;0;0;2;7;17;A01
201100059682;0;7;0;0;2;8;13;B01
201100059683;0;30;0;0;2;1;1;A01
201100059683;0;7;0;0;2;3;7;B01
201100059684;0;33;0;0;2;7;1;A01
201100059684;0;7;0;0;2;8;22;B01
201100059685;0;10;0;0;2;1;9;A01
201100059685;0;7;0;0;2;4;4;B01
201100059686;0;7;0;0;2;3;15;B01
201100059686;0;30;0;0;2;1;1;A01
201100059687;0;31;0;0;0;0;1;A01
201100059688;0;33;0;0;2;1;1;A01
201100059688;0;7;0;0;2;3;16;B01
201100059689;0;10;0;0;2;2;10;A01
201100059689;0;32;0;0;2;1;1;B01
201100059690;0;7;0;0;2;1;20;B01
201100059690;0;34;0;0;2;2;17;A01
201100059691;0;34;0;0;2;3;18;A01
201100059691;0;7;0;0;2;2;16;B01
201100059692;0;7;0;0;9;5;16;A01
201100059692;0;1;0;0;2;1;1;B01
201100059693;0;1;0;0;0;0;1;A01
201100059694;0;32;0;0;2;1;18;A01
201100059694;0;7;0;0;2;2;16;B01
201100059695;0;7;0;0;1;3;1;A01
201100059696;0;33;0;0;1;7;1;A01
201100059697;0;7;0;0;2;2;15;A01
201100059697;0;32;0;0;2;3;1;B01
201100059698;0;33;0;0;0;0;21;A01
201100059699;0;2;0;0;2;1;1;B01
201100059699;0;10;0;0;2;2;10;A01
201100059700;0;33;0;0;0;0;1;B01
201100059700;1;10;0;0;0;0;11;Z01
201100059701;0;7;0;0;2;2;22;A01
201100059701;0;1;0;0;2;8;1;B01
201100059702;0;1;0;0;0;1;21;A01
201100059703;0;32;0;0;2;8;7;B01
201100059703;0;7;0;0;2;3;15;A01
201100059704;0;1;0;0;0;0;1;A01
201100059704;0;30;0;0;0;0;1;B01
201100059705;0;1;0;0;2;4;2;A01
201100059705;1;7;0;0;2;1;2;Z01
201100059706;0;7;0;0;2;2;16;A01
201100059706;0;2;0;0;2;8;1;B01
201100059707;0;7;0;8;0;3;1;A01
201100059708;0;34;0;0;0;0;1;A01
201100059709;0;7;0;0;0;8;9;A01
201100059709;0;30;0;0;2;1;1;B01
201100059710;1;1;0;0;2;1;5;Z01
201100059710;0;1;0;0;2;1;7;A01
201100059711;0;37;84;0;1;2;16;A01
201100059712;0;30;0;0;2;6;18;B01
201100059712;0;7;0;0;2;2;16;A01
201100059713;0;33;0;0;2;7;1;B01
201100059713;0;7;0;0;2;8;5;A01
201100059714;2;32;0;1;2;3;5;A01
201100059714;0;7;0;0;2;3;16;B01
201100059715;0;7;0;0;1;2;1;A01
201100059716;0;33;0;0;2;1;1;A01
201100059716;0;1;0;0;0;7;16;B01
201100059717;0;7;0;0;0;0;11;A01
201100059717;0;33;0;0;2;8;1;B01
201100059718;0;2;0;0;2;1;16;A01
201100059718;0;7;0;0;2;2;16;B01
201100059719;0;7;0;9;0;1;1;A01
201100059720;0;7;0;11;0;2;1;A01
201100059721;0;32;0;0;2;1;1;B01
201100059721;0;7;0;0;2;7;10;A01
201100059722;0;7;0;0;1;4;4;A01
201100059723;0;1;0;0;2;1;1;B01
201100059723;0;7;0;0;2;2;16;A01
201100059724;0;32;0;0;2;2;17;A01
201100059724;0;10;0;0;2;3;10;B01
201100059725;0;10;0;0;0;8;15;B01
201100059725;0;32;0;0;2;1;17;A01
201100059726;0;31;0;0;1;3;15;A01
201100059727;0;10;0;0;2;2;20;A01
201100059727;0;32;0;0;2;1;18;B01
201100059728;0;7;0;0;2;3;23;B01
201100059728;0;32;0;0;1;1;17;A01
201100059729;0;1;0;0;2;1;1;B01
201100059729;0;10;0;0;2;2;15;A01
201100059730;0;1;0;0;1;1;1;A01
201100059731;0;7;0;0;2;2;23;B01
201100059731;1;7;0;0;2;3;2;A01
201100059732;1;13;0;0;2;7;13;Z01
201100059732;0;2;0;0;2;7;17;A01
201100059733;0;30;0;0;2;7;1;B01
201100059733;0;7;0;0;2;2;11;A01
201100059734;0;7;0;15;2;6;1;A01
201100059734;1;7;0;0;2;0;15;Z01
201100059735;0;30;0;0;0;0;1;A01
201100059736;0;2;0;0;0;0;1;A01
201100059737;0;30;0;0;0;2;21;A01
201100059738;0;7;0;0;1;2;1;A01
201100059739;0;31;0;0;1;1;1;A01
201100059740;0;30;0;0;2;6;2;A01
201100059740;0;7;0;0;2;2;23;B01
201100059741;0;7;0;0;2;3;1;A01
201100059741;0;1;0;0;2;4;14;B01
201100059742;0;10;0;0;2;1;1;A01
201100059742;0;34;0;0;2;8;1;B01
201100059743;0;7;0;0;2;1;1;B01
201100059743;0;1;0;0;2;4;7;A01
201100059744;0;7;0;0;2;4;23;B01
201100059744;0;10;0;0;2;1;2;A01
201100059745;0;30;0;0;2;1;7;A01
201100059745;0;7;0;0;2;3;15;B01
201100059746;1;30;0;0;1;7;1;Z01
201100059747;0;3;0;0;2;3;9;A01
201100059747;1;33;0;0;2;1;1;Z01
201100059748;0;7;0;0;2;2;1;A01
201100059748;0;34;0;0;2;3;1;B01
201100059749;0;32;0;14;0;0;13;A01
201100059750;0;32;0;0;2;3;18;A01
201100059750;0;7;0;0;2;7;12;B01
201100059751;0;7;0;0;1;3;16;A01
201100059752;0;30;0;0;2;2;17;B01
201100059752;0;7;0;0;2;3;13;A01
201100059753;0;33;0;0;1;1;1;A01
201100059754;0;7;0;0;2;6;4;A01
201100059754;0;33;0;0;2;1;15;B01
201100059755;0;33;0;0;1;1;1;A01
201100059756;0;1;0;14;2;3;13;A01
201100059756;0;7;0;0;2;3;1;B01
201100059757;0;7;0;0;1;3;4;A01
201100059758;0;7;0;0;1;8;15;A01
201100059759;0;7;0;14;2;2;13;A01
201100059759;0;31;0;0;2;0;1;B01
201100059760;0;7;0;11;0;1;13;A01
201100059761;0;30;0;0;2;1;1;B01
201100059761;0;7;0;0;2;2;15;A01
201100059762;1;33;0;0;1;0;1;Z01
201100059763;0;7;0;0;1;3;17;A01
201100059764;0;7;0;0;2;2;16;A01
201100059764;0;34;0;0;2;1;1;B01
201100059765;0;32;0;0;1;1;1;A01
201100059766;0;37;1;0;1;2;7;A01
201100059767;0;2;0;0;1;1;1;A01
201100059768;0;32;0;0;2;2;16;A01
201100059768;0;33;0;0;2;3;1;B01
201100059769;0;31;0;0;2;1;1;A01
201100059769;0;30;0;0;2;5;15;B01
201100059770;0;1;0;14;2;3;2;A01
201100059770;0;7;0;0;2;7;23;B01
201100059771;1;7;0;0;2;0;14;Z01
201100059771;0;2;0;0;2;8;1;A01
201100059772;0;7;0;0;1;1;7;A01
201100059773;0;30;0;0;1;1;1;A01
201100059774;0;10;0;0;2;2;1;A01
201100059774;0;7;0;0;2;3;1;B01
201100059775;0;33;0;0;0;0;1;A01
201100059776;0;7;0;0;2;1;2;A01
201100059776;0;3;0;0;2;4;23;B01
201100059776;0;7;0;0;2;4;23;C01
201100059777;0;30;0;0;2;7;17;B01
201100059777;0;7;0;0;2;3;13;A01
201100059778;0;7;0;0;2;2;16;A01
201100059778;0;1;0;0;2;8;15;B01
201100059779;0;30;0;12;0;3;13;A01
201100059780;0;7;0;0;2;3;13;A01
201100059780;0;32;0;0;2;5;1;B01
201100059781;0;1;0;0;0;0;21;A01
201100059782;1;30;0;0;2;0;13;Z01
201100059782;0;1;0;0;2;4;1;A01
201100059783;0;1;0;0;2;3;1;B01
201100059783;0;30;0;0;2;3;15;A01
201100059784;0;2;0;0;0;0;1;A01
201100059785;0;2;0;0;0;7;23;B01
201100059785;1;7;0;0;2;3;1;A01
201100059786;0;7;0;0;1;1;16;A01
201100059787;0;30;0;0;0;1;1;B01
201100059787;0;7;0;0;0;1;15;A01
201100059788;0;30;0;0;2;7;17;A01
201100059788;0;7;0;0;2;3;10;B01
201100059789;0;7;0;0;2;3;1;B01
201100059789;0;2;0;0;2;1;1;A01
201100059790;0;32;0;0;0;2;1;A01
201100059791;0;33;0;0;1;1;1;A01
201100059792;0;7;0;0;0;2;1;A01
201100059793;0;33;0;0;2;1;1;B01
201100059793;0;7;0;0;2;2;10;A01
201100059794;0;32;0;0;0;1;1;A01
201100059795;0;30;0;0;0;0;12;A01
201100059796;0;7;0;0;0;5;23;B01
201100059796;0;30;0;0;2;1;1;A01
201100059797;0;30;0;14;0;1;1;A01
201100059798;0;30;0;0;2;3;18;A01
201100059798;0;7;0;0;2;7;1;B01
201100059799;0;32;0;0;1;1;21;A01
201100059800;0;7;0;0;2;7;12;A01
201100059800;0;33;0;0;2;3;1;B01
201100059801;0;30;0;0;0;7;1;A01
201100059802;1;7;0;0;1;0;9;Z01
201100059803;0;10;0;0;2;1;1;A01
201100059803;0;1;0;0;2;7;1;B01
201100059804;0;31;0;1;2;2;17;A01
201100059804;0;7;0;0;2;8;15;B01
201100059805;1;1;0;0;1;7;1;A01
201100059806;0;7;0;0;1;3;1;A01
201100059807;0;30;0;0;0;7;1;A01
201100059808;0;10;0;0;2;7;14;A01
201100059808;0;2;0;0;2;8;18;B01
201100059809;1;7;0;0;2;0;7;Z01
201100059809;0;33;0;0;2;7;16;A01
201100059810;0;32;0;0;2;8;9;B01
201100059810;0;7;0;0;2;8;9;A01
201100059810;0;10;0;0;2;3;1;C01
201100059811;0;1;0;0;2;4;13;B01
201100059811;0;2;0;0;2;1;17;A01
201100059812;0;7;0;0;2;5;16;A01
201100059812;0;30;0;0;2;6;1;B01
201100059813;0;30;0;0;0;1;21;A01
201100059814;0;7;0;0;2;2;17;A01
201100059814;0;1;0;0;2;8;7;B01
201100059815;0;7;0;14;0;3;1;A01
201100059816;0;7;0;0;2;8;23;B01
201100059816;0;7;0;7;2;1;13;A01
201100059817;0;34;0;15;2;1;1;A01
201100059817;0;7;0;0;2;7;14;B01
201100059818;0;37;10;0;1;6;7;A01
201100059819;0;30;0;0;2;7;1;A01
201100059819;1;7;0;0;2;0;13;Z01
201100059820;0;7;0;14;0;2;1;A01
201100059821;0;7;0;0;2;3;11;A01
201100059821;0;32;0;0;2;7;1;B01
201100059822;1;7;0;0;0;2;1;Z01
201100059822;0;10;0;0;0;8;1;A01
201100059823;0;7;0;9;0;1;1;A01
201100059824;0;7;0;9;2;8;7;A01
201100059824;0;7;0;0;2;2;16;B01
201100059825;0;2;0;0;0;0;1;A01
201100059826;0;7;0;0;2;2;23;A01
201100059826;0;2;0;0;2;8;1;B01
201100059827;0;34;0;0;2;1;2;A01
201100059827;0;7;0;0;2;4;23;B01
201100059828;0;7;0;11;0;3;14;A01
201100059829;0;32;0;0;2;0;1;B01
201100059829;0;10;0;0;2;0;10;A01
201100059830;0;7;0;11;0;3;14;A01
201100059831;0;7;0;0;2;3;1;A01
201100059831;0;1;0;0;2;5;1;B01
201100059832;0;30;0;0;1;1;18;A01
201100059833;0;30;0;0;2;1;5;A01
201100059833;0;31;0;0;2;1;1;B01
201100059834;0;7;0;11;0;1;14;A01
201100059835;0;1;0;0;2;1;7;A01
201100059835;0;7;0;0;2;3;16;B01
201100059836;0;2;0;1;2;1;7;A01
201100059836;0;7;0;0;2;2;16;B01
201100059837;0;2;0;0;2;4;15;A01
201100059837;0;7;0;0;2;2;1;B01
201100059838;0;32;0;11;0;1;14;A01
201100059839;0;10;0;0;0;0;10;A01
201100059839;0;33;0;1;0;9;1;B01
201100059840;0;32;0;0;1;3;7;A01
201100059841;0;7;0;0;2;2;16;A01
201100059841;0;30;0;0;2;1;7;B01
201100059842;0;7;0;0;2;4;23;B01
201100059842;0;32;0;0;2;1;1;A01
201100059843;0;34;0;0;2;2;1;B01
201100059843;0;7;0;8;0;3;11;A01
201100059844;0;33;0;0;2;8;16;B01
201100059844;0;10;0;0;2;2;14;A01
201100059845;0;7;0;0;2;2;9;A01
201100059845;0;34;0;0;2;8;1;B01
201100059846;0;7;0;0;2;3;9;A01
201100059846;0;32;0;0;2;1;1;B01
201100059847;0;2;0;0;2;2;1;B01
201100059847;0;10;0;0;2;2;13;A01
201100059848;0;1;0;0;1;1;1;A01
201100059849;0;37;3;0;2;2;17;A01
201100059849;0;7;0;0;2;3;13;B01
201100059850;1;10;0;0;1;4;4;Z01
201100059851;0;7;0;0;2;1;2;A01
201100059851;0;7;0;0;2;4;2;B01
201100059852;0;7;0;11;0;1;14;A01
201100059853;0;32;0;0;1;1;1;A01
201100059854;0;34;0;12;0;8;1;A01
201100059855;0;7;0;0;1;6;20;A01
201100059856;0;7;0;0;2;2;16;A01
201100059856;0;32;0;0;2;1;18;B01
201100059857;0;33;0;0;2;7;17;B01
201100059857;0;7;0;0;2;3;15;A01
201100059858;0;30;0;0;2;3;1;B01
201100059858;0;7;0;0;2;3;15;A01
201100059859;0;7;0;0;1;1;1;A01
201100059860;0;7;0;0;2;2;16;B01
201100059860;0;33;0;0;2;3;18;A01
201100059861;0;7;0;0;2;4;23;B01
201100059861;0;14;0;0;2;1;1;A01
201100059862;0;10;0;0;2;8;10;A01
201100059862;0;33;0;15;2;1;1;B01
201100059863;0;32;0;0;1;0;1;A01
201100059864;0;1;0;0;1;1;1;A01
201100059865;0;2;0;0;2;1;7;B01
201100059865;0;7;0;0;2;7;12;A01
201100059866;0;7;0;0;2;2;15;B01
201100059866;0;32;0;0;2;1;7;A01
201100059867;0;7;0;0;1;3;15;A01
201100059868;0;33;0;12;0;8;17;A01
201100059869;0;32;0;0;2;8;3;B01
201100059869;0;10;0;0;2;7;12;A01
201100059869;0;10;0;0;2;6;1;C01
201100059870;0;7;0;11;0;1;11;A01
201100059871;0;7;0;9;0;1;13;A01
201100059872;0;7;0;0;1;2;1;A01
201100059873;0;7;0;0;2;2;1;A01
201100059873;0;32;0;0;2;4;11;B01
201100059874;0;7;0;11;0;3;11;A01
201100059875;0;7;0;0;2;4;23;B01
201100059875;0;2;0;0;2;1;2;A01
201100059876;0;7;0;0;9;3;1;A01
201100059876;0;1;0;0;2;1;1;B01
201100059877;0;10;0;0;1;3;15;A01
201100059878;0;7;0;0;1;3;1;A01
201100059879;1;7;0;0;1;2;7;Z01
201100059880;0;10;0;0;1;3;1;A01
201100059881;0;1;0;1;0;1;1;B01
201100059881;0;7;0;0;2;2;22;A01
201100059882;0;7;0;11;0;1;14;A01
201100059883;0;7;0;14;0;8;14;A01
201100059884;0;7;0;0;2;7;1;A01
201100059884;0;7;0;0;2;1;1;B01
201100059885;0;7;0;0;2;1;2;A01
201100059885;0;10;0;0;2;9;23;B01
201100059885;0;7;0;0;2;4;23;C01
201100059886;0;7;0;0;2;2;1;B01
201100059886;0;7;0;0;2;7;1;A01
201100059887;0;10;0;0;2;3;1;B01
201100059887;0;7;0;0;2;3;15;A01
201100059888;0;32;0;0;0;0;17;A01
201100059889;0;33;0;0;1;3;1;A01
201100059890;0;1;0;0;2;4;17;B01
201100059890;0;30;0;0;2;1;12;A01
201100059891;0;32;0;0;2;1;18;A01
201100059891;0;10;0;0;2;2;16;B01
201100059892;0;7;0;0;2;8;10;A01
201100059892;0;32;0;0;2;1;17;B01
201100059893;0;1;0;0;2;1;1;B01
201100059893;0;7;0;0;2;3;22;A01
201100059894;0;7;0;0;2;7;14;A01
201100059894;0;32;0;0;2;1;1;B01
201100059895;0;30;0;0;2;2;17;B01
201100059895;0;7;0;0;2;3;15;A01
201100059896;0;1;0;0;2;4;2;B01
201100059896;0;7;0;0;2;4;2;A01
201100059897;0;31;0;0;1;1;1;A01
201100059898;0;34;0;0;1;2;1;A01
201100059899;0;30;0;0;2;1;1;B01
201100059899;0;7;0;0;2;2;1;A01
201100059900;0;1;0;0;1;1;1;A01
201100059901;0;7;0;0;2;4;23;B01
201100059901;0;10;0;0;2;3;2;A01
201100059901;0;7;0;0;2;0;23;C01
201100059902;0;33;0;1;0;1;13;A01
201100059903;0;7;0;0;1;3;1;A01
201100059904;0;32;0;0;0;3;1;A01
201100059905;0;7;0;0;2;1;1;A01
201100059905;0;7;0;1;2;6;1;B01
201100059906;0;7;0;0;1;2;1;A01
201100059907;0;10;0;0;1;4;4;A01
201100059908;0;32;0;0;2;1;1;B01
201100059908;0;7;0;0;0;2;15;A01
201100059909;0;32;0;0;0;0;1;A01
201100059910;0;7;0;0;0;8;9;A01
201100059911;0;7;0;0;2;3;9;A01
201100059911;0;33;0;0;2;1;1;B01
201100059912;0;30;0;14;0;1;21;A01
201100059913;0;1;0;0;2;2;1;A01
201100059913;0;7;0;0;2;8;22;B01
201100059914;0;30;0;0;1;0;1;A01