num_acc;senc;catv;occutc;obs;obsm;choc;manv;num_veh
201100059915;0;32;0;0;0;0;1;A01
201100059916;0;30;0;0;1;0;18;A01
201100059917;0;30;0;14;0;1;1;A01
201100059918;0;31;0;0;2;2;1;A01
201100059918;0;7;0;0;2;8;10;B01
201100059919;0;7;0;0;1;4;4;A01
201100059920;0;32;0;0;2;7;1;B01
201100059920;0;10;0;0;2;2;5;A01
201100059921;0;7;0;0;1;1;1;A01
201100059922;0;2;0;0;2;3;9;A01
201100059922;0;1;0;0;2;1;1;B01
201100059923;0;2;0;0;2;1;9;A01
201100059923;0;7;0;0;2;5;1;B01
201100059924;0;33;0;0;1;1;17;A01
201100059925;0;7;0;14;0;3;13;A01
201100059926;0;7;0;0;2;7;16;B01
201100059926;0;30;0;0;2;8;18;A01
201100059927;0;10;0;0;1;4;4;A01
201100059928;0;10;0;0;2;2;1;A01
201100059928;0;14;0;0;2;3;22;B01
201100059929;0;1;0;0;2;1;1;B01
201100059929;0;7;0;0;2;8;22;A01
201100059930;0;1;0;0;1;8;1;A01
201100059931;0;33;0;0;2;1;17;A01
201100059931;0;7;0;0;0;8;13;B01
201100059932;0;33;0;0;2;1;1;B01
201100059932;0;33;0;0;2;3;14;A01
201100059933;0;30;0;0;0;8;1;A01
201100059934;0;2;0;0;0;7;16;A01
201100059935;0;2;0;0;2;2;1;A01
201100059935;0;7;0;0;2;3;10;B01
201100059936;0;31;0;0;2;1;1;B01
201100059936;0;10;0;0;2;3;15;A01
201100059937;0;1;0;0;1;8;1;A01
201100059938;0;7;0;0;1;4;4;A01
201100059939;0;7;0;0;2;4;2;A01
201100059939;0;7;0;0;2;4;23;B01
201100059940;0;1;0;0;1;1;1;A01
201100059941;0;7;0;0;1;6;4;A01
201100059942;0;32;0;0;2;3;1;A01
201100059942;0;7;0;0;2;5;9;B01
201100059943;0;10;0;0;2;8;22;A01
201100059943;0;2;0;0;2;2;1;B01
201100059944;0;34;0;1;2;1;18;A01
201100059944;0;7;0;0;2;2;16;B01
201100059945;0;7;0;0;2;3;1;B01
201100059945;0;7;0;0;2;1;1;A01
201100059946;0;31;0;1;0;1;14;A01
201100059947;0;32;0;1;2;7;1;B01
201100059947;0;7;0;0;2;3;10;A01
201100059948;0;32;0;0;1;3;1;A01
201100059949;0;30;0;0;2;1;18;A01
201100059949;0;7;0;0;2;7;22;B01
201100059950;0;7;0;0;2;2;10;A01
201100059950;0;33;0;0;2;8;1;B01
201100059951;0;7;0;0;2;3;1;B01
201100059951;0;30;0;0;2;1;1;A01
201100059952;0;2;0;0;2;1;1;A01
201100059952;0;1;0;0;2;1;1;B01
201100059953;0;31;0;0;2;1;1;B01
201100059953;0;13;0;0;2;2;15;A01
201100059954;0;33;0;0;1;1;1;A01
201100059955;0;34;0;0;1;1;1;A01
201100059956;0;7;0;0;1;2;16;A01
201100059957;0;30;0;0;2;0;1;A01
201100059957;0;7;0;0;2;0;16;B01
201100059958;0;7;0;0;9;5;15;A01
201100059958;0;1;0;0;2;1;1;B01
201100059959;0;2;0;0;2;1;17;B01
201100059959;0;7;0;0;2;3;15;A01
201100059960;0;7;0;0;2;1;1;B01
201100059960;0;7;0;0;2;7;1;A01
201100059961;0;33;0;8;2;7;2;A01
201100059961;0;7;0;0;2;5;23;B01
201100059962;0;30;0;0;2;5;15;A01
201100059962;0;33;0;0;2;3;1;B01
201100059963;0;30;0;0;1;1;1;A01
201100059964;0;32;0;0;2;0;21;A01
201100059965;0;2;0;0;0;8;21;A01
201100059966;0;7;0;0;2;3;10;A01
201100059966;0;30;0;0;2;2;17;B01
201100059967;0;30;0;0;2;8;1;A01
201100059967;0;7;0;0;2;1;1;B01
201100059968;0;10;0;0;1;5;1;A01
201100059969;0;32;0;0;1;3;1;A01
201100059970;0;7;0;0;0;4;23;B01
201100059970;0;7;0;0;2;9;1;A01
201100059970;0;7;0;0;2;1;23;C01
201100059971;0;1;0;0;2;1;1;B01
201100059971;0;7;0;0;2;8;22;A01
201100059972;0;32;0;1;2;1;1;B01
201100059972;0;7;0;0;2;7;10;A01
201100059973;0;1;0;0;1;1;1;A01
201100059974;0;33;0;0;2;2;1;A01
201100059974;0;7;0;0;2;3;15;B01
201100059975;0;30;0;0;2;2;17;A01
201100059975;0;7;0;0;2;3;15;B01
201100059976;0;33;0;7;0;1;17;A01
201100059977;0;7;0;0;1;0;1;A01
201100059978;0;30;0;0;2;1;1;B01
201100059978;0;7;0;0;2;7;15;A01
201100059979;0;1;0;0;0;0;1;A01
201100059980;0;30;0;1;0;1;18;A01
201100059981;0;7;0;0;1;3;17;A01
201100059982;1;7;0;0;0;0;0;Z01
201100059982;0;2;0;0;2;8;0;B01
201100059983;0;10;0;0;2;1;15;A01
201100059983;0;7;0;0;2;3;1;B01
201100059984;0;33;0;0;2;3;17;B01
201100059984;0;7;0;0;2;8;15;A01
201100059985;0;30;0;0;2;1;1;B01
201100059985;0;10;0;0;2;8;22;A01
201100059986;0;37;10;0;2;2;2;A01
201100059986;0;7;0;0;2;5;23;C01
201100059986;0;7;0;0;2;5;23;B01
201100059987;0;30;0;0;2;7;1;A01
201100059987;1;7;0;0;2;8;9;Z01
201100059988;0;33;0;1;0;7;1;A01
201100059989;1;30;0;0;0;4;1;Z01
201100059989;0;1;0;0;0;4;1;B01
201100059990;0;33;0;0;0;1;1;A01
201100059991;0;2;0;0;2;5;16;A01
201100059991;0;7;0;0;2;1;1;B01
201100059992;0;1;0;0;0;0;1;A01
201100059993;0;30;0;0;1;3;1;A01
201100059994;0;32;0;0;2;1;1;B01
201100059994;0;7;0;0;0;6;10;A01
201100059995;0;7;0;0;0;0;9;A01
201100059995;0;32;0;0;0;0;1;B01
201100059996;0;33;0;0;2;7;1;B01
201100059996;0;7;0;0;0;3;9;A01
201100059997;0;32;0;12;0;3;18;A01
201100059998;0;7;0;0;1;3;1;A01
201100059999;0;7;0;0;1;2;16;A01
201100060000;0;30;0;0;2;1;1;A01
201100060000;0;7;0;0;2;5;1;B01
201100060001;0;30;0;0;2;2;17;B01
201100060001;0;10;0;0;2;3;13;A01
201100060002;0;1;0;0;2;1;2;A01
201100060002;0;7;0;0;2;4;2;B01
201100060003;1;7;0;0;1;6;4;Z01
201100060004;0;7;0;0;2;5;16;B01
201100060004;0;33;0;0;2;1;2;A01
201100060005;0;7;0;0;2;3;18;B01
201100060005;0;33;0;0;2;0;16;A01
201100060006;0;7;0;0;2;8;10;A01
201100060006;0;33;0;0;2;7;17;B01
201100060007;0;33;0;0;2;7;17;A01
201100060007;0;1;0;0;2;8;13;B01
201100060008;0;7;0;0;2;7;1;B01
201100060008;1;2;0;0;2;0;16;A01
201100060009;0;1;0;0;2;1;15;A01
201100060009;0;34;0;0;2;3;1;B01
201100060010;0;10;0;0;2;0;13;A01
201100060010;0;34;0;1;2;7;1;B01
201100060011;0;7;0;0;2;3;15;B01
201100060011;0;1;0;0;2;2;1;A01
201100060012;0;1;0;0;2;1;7;A01
201100060012;0;1;0;0;2;5;19;B01
201100060013;0;2;0;0;0;8;17;A01
201100060014;0;30;0;0;2;5;18;B01
201100060014;0;7;0;0;2;5;22;A01
201100060015;0;32;0;0;2;2;1;B01
201100060015;0;33;0;0;2;3;9;A01
201100060016;0;31;0;0;2;7;5;B01
201100060016;0;10;0;0;2;3;10;A01
201100060017;0;10;0;0;1;3;1;A01
201100060018;0;10;0;0;2;1;1;A01
201100060018;0;33;0;0;2;1;1;B01
201100060019;0;33;0;0;2;8;1;B01
201100060019;0;30;0;0;2;8;17;A01
201100060020;0;30;0;0;0;8;21;A01
201100060021;0;7;0;0;2;4;16;B01
201100060021;0;30;0;0;2;1;1;A01
201100060022;0;1;0;0;2;1;18;B01
201100060022;0;7;0;0;2;2;22;A01
201100060023;0;30;0;0;1;1;17;A01
201100060024;0;10;0;11;0;3;15;A01
201100060025;0;1;0;0;2;8;1;A01
201100060025;1;10;0;0;2;7;16;Z01
201100060026;0;32;0;0;2;3;1;A01
201100060026;1;33;0;0;2;0;13;Z01
201100060027;0;7;0;0;2;0;2;B01
201100060027;0;30;0;0;2;0;2;A01
201100060028;0;33;0;0;1;1;1;A01
201100060029;0;33;0;11;0;2;13;A01
201100060030;0;31;0;0;2;1;1;A01
201100060030;1;7;0;0;2;6;10;Z01
201100060031;0;10;0;9;0;1;14;A01
201100060032;0;1;0;0;2;6;10;A01
201100060032;0;30;0;0;2;1;1;B01
201100060033;0;30;0;0;1;1;1;A01
201100060034;0;32;0;0;0;1;1;A01
201100060035;0;30;0;0;0;0;1;A01
201100060036;0;7;0;0;2;8;1;B01
201100060036;0;30;0;0;2;2;1;A01
201100060037;0;34;0;0;1;1;1;A01
201100060038;0;31;0;0;0;7;1;A01
201100060039;0;10;0;0;2;6;15;B01
201100060039;0;30;0;1;2;9;17;A01
201100060040;0;7;0;8;2;2;15;A01
201100060040;0;33;0;0;2;1;1;B01
201100060041;0;7;0;0;2;1;1;A01
201100060041;0;33;0;0;0;4;1;B01
201100060042;0;32;0;0;2;1;18;A01
201100060042;0;7;0;0;2;2;16;B01
201100060043;0;10;0;0;9;3;15;A01
201100060043;0;1;0;0;2;2;1;B01
201100060044;0;32;0;0;2;4;1;B01
201100060044;0;7;0;0;2;0;9;A01
201100060044;0;32;0;0;2;1;1;C01
201100060045;0;32;0;0;0;0;1;A01
201100060046;0;7;0;0;2;1;1;A01
201100060046;0;33;0;0;0;4;23;B01
201100060047;0;7;0;0;1;8;1;A01
201100060048;0;7;0;0;2;3;15;B01
201100060048;0;30;0;0;2;9;5;A01
201100060049;0;7;0;0;2;1;1;A01
201100060049;0;7;0;0;2;2;15;B01
201100060050;0;7;0;9;2;1;2;A01
201100060050;0;7;0;0;2;4;23;B01
201100060051;1;30;0;0;2;0;13;Z01
201100060051;0;30;0;12;2;1;17;A01
201100060052;0;7;0;0;2;4;2;C01
201100060052;0;7;0;0;2;4;2;A01
201100060052;1;7;0;0;2;1;2;Z01
201100060052;0;7;0;0;2;4;2;B01
201100060053;0;30;0;1;0;7;14;A01
201100060054;0;1;0;0;2;3;1;A01
201100060054;0;7;0;0;2;3;22;B01
201100060055;0;7;0;0;2;1;1;A01
201100060055;0;1;0;0;2;1;15;B01
201100060056;0;7;0;0;2;1;1;A01
201100060056;0;7;0;0;2;3;1;B01
201100060057;0;7;0;0;2;2;1;A01
201100060057;0;1;0;0;2;4;23;B01
201100060058;0;32;0;1;2;2;14;A01
201100060058;0;7;0;0;2;2;1;B01
201100060059;0;10;0;0;0;3;22;A01
201100060059;0;1;0;1;0;2;1;B01
201100060060;0;1;0;0;0;0;21;A01
201100060061;0;30;0;0;9;0;1;A01
201100060062;0;7;0;0;2;2;15;A01
201100060062;0;30;0;0;2;1;18;B01
201100060063;0;32;0;0;2;8;18;B01
201100060063;0;7;0;0;2;7;16;A01
201100060064;0;32;0;0;1;2;1;A01
201100060065;0;30;0;0;2;2;17;A01
201100060065;0;7;0;0;2;6;15;B01
201100060066;0;34;0;0;1;3;1;A01
201100060067;0;2;0;0;2;1;17;A01
201100060067;0;7;0;0;0;8;15;B01
201100060068;0;32;0;0;0;0;17;A01
201100060069;0;2;0;0;2;8;18;B01
201100060069;0;7;0;0;2;2;16;A01
201100060070;0;32;0;0;1;0;1;A01
201100060071;0;32;0;0;2;0;21;A01
201100060072;0;7;0;0;2;3;1;A01
201100060072;0;7;0;0;2;1;1;B01
201100060073;0;30;0;0;1;1;1;A01
201100060074;0;32;0;0;0;1;1;A01
201100060075;0;2;0;0;1;3;1;A01
201100060076;0;7;0;0;9;1;1;B01
201100060076;0;1;0;0;2;7;15;A01
201100060077;0;32;0;0;2;1;1;A01
201100060077;0;7;0;0;2;7;15;B01
201100060078;0;2;0;0;2;1;18;A01
201100060078;0;7;0;0;2;7;1;B01
201100060079;0;2;0;0;2;1;1;B01
201100060079;0;7;0;0;2;7;15;A01
201100060080;0;32;0;0;2;7;23;A01
201100060080;1;30;0;0;2;7;23;Z01
201100060081;0;30;0;0;0;7;14;A01
201100060081;0;30;0;0;0;8;1;B01
201100060082;0;33;0;0;0;0;1;A01
201100060083;0;7;0;0;2;2;15;A01
201100060083;0;33;0;0;2;1;1;B01
201100060084;1;2;0;0;1;2;1;Z01
201100060085;0;7;0;0;2;8;22;A01
201100060085;0;1;0;1;0;2;1;B01
201100060086;1;30;0;0;0;0;1;Z01
201100060087;1;7;0;0;2;1;1;Z01
201100060087;0;2;0;0;2;7;1;A01
201100060088;0;10;0;0;2;3;13;A01
201100060088;0;33;0;0;2;2;23;B01
201100060089;0;1;0;1;2;3;1;A01
201100060089;0;7;0;0;2;6;23;B01
201100060090;0;7;0;0;0;2;15;B01
201100060090;0;32;0;0;4;3;15;A01
201100060091;0;30;0;0;9;0;21;A01
201100060092;0;7;0;0;5;1;15;B01
201100060092;0;30;0;0;2;1;17;A01
201100060093;0;7;0;0;2;3;1;B01
201100060093;0;32;0;0;2;1;1;A01
201100060094;0;33;0;0;2;1;1;B01
201100060094;0;7;0;0;2;2;1;A01
201100060095;0;30;0;0;1;2;1;A01
201100060096;0;37;0;0;1;7;1;A01
201100060097;0;1;0;0;1;1;1;A01
201100060098;0;7;0;0;2;1;2;A01
201100060098;0;1;0;0;2;4;2;B01
201100060099;0;32;0;0;1;1;1;A01
201100060100;0;32;0;0;0;0;1;A01
201100060101;0;31;0;0;2;0;1;A01
201100060101;0;7;0;0;2;3;22;B01
201100060102;0;7;0;0;2;3;15;A01
201100060102;0;33;0;0;2;7;17;B01
201100060103;0;1;0;0;2;2;18;B01
201100060103;0;10;0;0;2;7;22;A01
201100060104;0;1;0;0;2;2;1;B01
201100060104;0;7;0;0;2;3;22;A01
201100060105;0;10;0;0;1;8;16;A01
201100060106;0;1;0;0;1;1;1;A01
201100060107;0;32;0;1;2;8;18;A01
201100060107;0;7;0;0;2;7;16;B01
201100060108;0;1;0;0;2;1;1;B01
201100060108;0;13;0;0;2;8;22;A01
201100060109;0;1;0;0;2;1;1;A01
201100060109;1;7;0;0;2;0;4;Z01
201100060110;0;31;0;0;2;2;1;B01
201100060110;0;10;0;0;2;6;10;A01
201100060111;0;1;0;0;2;6;19;A01
201100060111;0;7;0;0;2;2;16;B01
201100060112;0;7;0;0;1;2;1;A01
201100060113;0;10;0;0;2;4;4;A01
201100060113;0;31;0;0;2;1;23;B01
201100060114;0;30;0;0;1;7;17;A01
201100060115;0;7;0;0;2;5;16;A01
201100060115;0;30;0;0;2;3;1;B01
201100060116;0;32;0;0;2;0;18;B01
201100060116;0;7;0;0;2;2;22;A01
201100060117;0;30;0;0;2;1;16;B01
201100060117;0;10;0;0;2;1;15;A01
201100060118;0;33;0;0;2;3;1;B01
201100060118;0;10;0;0;2;1;15;A01
201100060119;0;2;0;0;0;0;1;A01
201100060120;0;7;0;0;2;6;1;B01
201100060120;0;10;0;0;2;3;1;A01
201100060121;0;1;0;0;2;6;9;A01
201100060121;0;31;0;0;2;1;1;B01
201100060122;1;7;0;0;2;0;5;Z01
201100060122;0;30;0;0;2;0;1;A01
201100060123;0;7;0;0;2;2;23;A01
201100060123;0;32;0;0;2;1;18;B01
201100060124;0;2;0;0;0;7;1;A01
201100060125;0;7;0;0;2;2;1;C01
201100060125;0;33;0;0;2;1;2;A01
201100060125;0;33;0;0;2;0;2;B01
201100060126;0;7;0;1;2;7;1;A01
201100060126;0;7;0;0;2;3;1;B01
201100060127;0;7;0;0;2;8;9;B01
201100060127;0;32;0;0;2;2;1;A01
201100060128;0;2;0;0;0;0;1;A01
201100060129;1;7;0;0;2;2;1;Z01
201100060129;0;33;0;0;2;8;1;A01
201100060130;0;7;0;0;2;4;1;B01
201100060130;0;31;0;0;2;1;1;A01
201100060131;0;32;0;0;0;7;1;A01
201100060132;0;30;0;0;0;1;1;A01
201100060133;0;30;0;0;1;1;5;A01
201100060134;0;7;0;11;0;1;14;A01
201100060135;0;34;0;0;0;0;21;A01
201100060136;0;7;0;0;1;4;20;A01
201100060137;0;33;0;1;2;1;17;B01
201100060137;0;7;0;0;2;3;15;A01
201100060138;0;31;0;0;2;2;17;B01
201100060138;0;32;0;0;2;3;15;A01
201100060139;0;30;0;1;0;1;18;A01
201100060140;0;30;0;0;0;8;1;A01
201100060141;0;2;0;0;0;7;1;A01
201100060142;0;1;0;0;2;4;2;B01
201100060142;0;30;0;0;2;6;2;A01
201100060143;0;34;0;0;2;3;18;B01
201100060143;0;10;0;0;2;2;16;A01
201100060144;0;33;0;0;1;7;1;A01
201100060145;0;1;0;0;2;4;2;B01
201100060145;0;10;0;0;2;1;2;A01
201100060146;0;30;0;0;2;1;1;B01
201100060146;0;7;0;0;2;1;15;A01
201100060147;0;33;0;0;2;8;1;B01
201100060147;0;10;0;0;2;7;12;A01
201100060148;0;33;0;0;2;8;1;B01
201100060148;0;7;0;0;2;2;16;A01
201100060149;0;7;0;0;1;1;15;A01
201100060150;0;7;0;0;2;3;15;B01
201100060150;0;33;0;0;2;1;1;A01
201100060151;0;7;0;0;2;2;1;A01
201100060151;0;30;0;0;2;3;1;B01
201100060152;0;32;0;0;2;3;1;B01
201100060152;0;7;0;0;2;3;15;A01
201100060153;0;7;0;0;2;3;2;A01
201100060153;0;32;0;0;2;4;23;B01
201100060154;0;31;0;0;0;0;1;A01
201100060155;0;7;0;0;2;5;16;B01
201100060155;0;32;0;0;2;3;2;A01
201100060156;0;7;0;1;0;3;13;A01
201100060157;0;30;0;0;0;7;21;A01
201100060158;0;32;0;0;1;1;1;A01
201100060159;0;34;0;1;2;1;1;A01
201100060159;0;7;0;0;2;3;15;B01
201100060160;0;7;0;0;2;5;2;B01
201100060160;0;32;0;0;2;1;2;A01
201100060161;1;7;0;0;2;1;2;Z01
201100060161;0;7;0;0;2;4;2;A01
201100060162;0;10;0;0;2;2;2;A01
201100060162;0;34;0;1;2;4;2;B01
201100060163;0;7;0;0;1;7;17;A01
201100060164;0;7;0;0;2;0;10;A01
201100060164;0;30;0;0;2;0;1;B01
201100060165;0;7;0;0;2;5;15;A01
201100060165;0;32;0;0;2;5;1;B01
201100060166;0;7;0;1;0;3;15;A01
201100060167;0;7;0;0;0;2;1;A01
201100060167;0;30;0;0;2;1;16;B01
201100060168;0;30;0;0;2;1;17;B01
201100060168;0;7;0;0;2;3;10;A01
201100060169;0;7;0;0;0;2;1;A01
201100060170;0;34;0;0;2;1;1;B01
201100060170;0;7;0;0;2;2;1;A01
201100060171;0;33;0;0;2;1;1;B01
201100060171;0;7;0;0;2;7;15;A01
201100060172;0;30;0;0;1;8;1;A01
201100060173;0;2;0;0;2;0;17;A01
201100060173;1;2;0;0;0;0;15;Z01
201100060174;0;2;0;0;0;4;1;A01
201100060174;1;2;0;0;0;1;1;Z01
201100060175;0;32;0;0;0;8;21;A01
201100060176;0;32;0;0;2;7;1;A01
201100060176;0;1;0;0;2;1;16;B01
201100060177;0;32;0;0;2;1;1;B01
201100060177;0;10;0;0;2;3;10;A01
201100060178;0;1;0;0;2;8;18;B01
201100060178;0;7;0;0;2;2;12;A01
201100060179;0;1;0;0;2;1;1;B01
201100060179;0;10;0;0;2;1;15;A01
201100060180;0;32;0;0;1;2;1;A01
201100060181;0;30;0;0;2;5;1;B01
201100060181;0;30;0;0;2;1;1;A01
201100060182;0;7;0;0;9;5;4;A01
201100060182;0;1;0;0;2;1;1;B01
201100060183;0;32;0;1;0;1;1;A01
201100060183;0;7;0;0;0;8;22;B01
201100060184;0;30;0;0;0;0;1;A01
201100060185;0;7;0;0;0;3;13;A01
201100060185;0;31;0;0;2;7;17;B01
201100060186;0;1;0;0;2;3;15;A01
201100060186;1;32;0;0;2;1;17;Z01
201100060187;0;30;0;0;2;1;1;B01
201100060187;0;7;0;0;2;2;10;A01
201100060188;0;32;0;0;1;7;1;A01
201100060189;0;2;0;0;2;1;17;A01
201100060189;0;1;0;0;0;4;15;B01
201100060190;0;7;0;0;2;2;1;A01
201100060190;0;7;0;0;2;3;15;B01
201100060191;0;33;0;0;0;0;1;A01
201100060192;0;7;0;0;0;4;23;B01
201100060192;0;33;0;0;2;1;1;A01
201100060193;0;7;0;0;2;2;1;B01
201100060193;0;1;0;0;2;6;15;A01
201100060194;0;7;0;0;2;3;13;B01
201100060194;0;33;0;0;2;2;17;A01
201100060195;0;34;0;0;0;7;17;B01
201100060195;0;7;0;0;2;3;10;A01
201100060196;0;37;50;0;2;1;1;A01
201100060196;0;7;0;0;0;4;16;B01
201100060197;0;7;0;0;2;3;22;A01
201100060197;0;1;0;0;0;2;1;B01
201100060198;0;7;0;0;0;7;22;A01
201100060198;0;30;0;14;0;7;18;B01
201100060199;0;7;0;0;0;3;9;A01
201100060199;0;30;0;0;2;1;1;B01
201100060200;0;3;0;1;0;3;1;A01
201100060201;0;7;0;14;0;3;15;A01
201100060202;1;10;0;0;2;7;16;Z01
201100060202;0;1;0;0;2;3;16;A01
201100060203;0;1;0;0;2;0;23;B01
201100060203;0;7;0;0;2;2;7;A01
201100060204;0;7;0;0;1;3;1;A01
201100060205;0;7;0;0;2;3;15;B01
201100060205;0;32;0;0;2;3;17;A01
201100060206;0;32;0;0;1;1;1;A01
201100060207;0;7;0;0;2;3;1;B01
201100060207;0;32;0;0;2;7;1;A01
201100060208;0;1;0;0;1;2;5;A01
201100060209;0;32;0;0;0;2;1;A01
201100060210;0;10;0;0;2;8;22;A01
201100060210;0;1;0;0;2;1;1;B01
201100060211;0;7;0;0;2;3;1;A01
201100060211;0;33;0;0;2;8;1;B01
201100060212;0;32;0;0;0;0;1;A01
201100060213;0;10;0;0;2;2;4;A01
201100060213;0;32;0;0;2;1;9;B01
201100060214;0;32;0;0;0;1;1;A01
201100060215;1;31;0;0;1;7;1;Z01
201100060216;0;31;0;0;0;8;1;A01
201100060217;0;34;0;0;2;2;17;A01
201100060217;0;10;0;0;0;8;10;B01
201100060218;0;1;0;0;2;1;1;A01
201100060218;0;7;0;0;0;8;1;B01
201100060219;0;7;0;0;2;6;1;A01
201100060219;1;7;0;0;4;1;1;Z01
201100060220;0;30;0;1;0;1;1;A01
201100060221;0;7;0;0;1;2;16;A01
201100060222;1;32;0;1;1;7;1;Z01
201100060223;0;7;0;0;0;1;7;A01
201100060224;0;7;0;0;0;0;15;B01
201100060224;0;30;0;0;0;0;17;A01
201100060225;0;30;0;0;0;3;17;A01
201100060226;0;32;0;0;1;1;1;A01
201100060227;0;7;0;0;2;2;15;B01
201100060227;0;32;0;0;2;8;1;A01
201100060228;0;10;0;0;2;3;1;B01
201100060228;0;30;0;0;2;1;5;A01
201100060229;0;7;0;0;2;7;15;A01
201100060229;0;33;0;0;2;7;1;B01
201100060230;0;7;0;0;2;3;15;A01
201100060230;0;2;0;0;2;1;17;B01
201100060231;0;7;0;0;0;3;22;A01
201100060231;0;34;0;0;2;1;1;B01
201100060232;0;14;0;0;2;6;23;B01
201100060232;0;2;0;0;2;1;1;A01
201100060233;0;30;0;0;2;2;1;A01
201100060233;0;7;0;0;2;3;1;B01
201100060234;1;13;0;0;1;2;1;Z01
201100060235;0;30;0;0;1;1;16;A01
201100060236;0;1;0;0;2;1;1;A01
201100060236;1;10;0;0;2;5;14;Z01
201100060237;0;33;0;0;1;1;1;A01
201100060238;0;30;0;0;1;0;1;A01
201100060239;0;32;0;0;2;3;2;A01
201100060239;0;7;0;0;2;6;23;B01
201100060240;1;7;0;0;2;0;2;Z01
201100060240;0;1;0;0;2;8;2;A01
201100060241;0;30;0;0;1;1;1;A01
201100060242;0;10;0;0;1;8;15;A01
201100060243;0;32;0;0;0;0;21;A01
201100060244;0;1;0;0;1;1;1;A01
201100060245;0;10;0;0;2;2;1;B01
201100060245;0;10;0;0;2;6;22;A01
201100060246;0;1;0;0;1;1;1;A01
201100060247;0;2;0;8;0;3;1;A01
201100060248;0;33;0;0;1;3;1;A01
201100060249;0;31;0;12;0;3;1;A01
201100060250;0;30;0;0;0;3;1;A01
201100060251;0;34;0;0;2;7;1;B01
201100060251;0;1;0;0;2;1;16;A01
201100060252;0;7;0;0;2;3;10;A01
201100060252;0;33;0;0;2;2;17;B01
201100060253;0;32;0;0;0;1;1;A01
201100060254;0;32;0;0;1;1;1;A01
201100060255;0;13;0;0;2;4;4;B01
201100060255;0;7;0;0;2;1;16;A01
201100060256;0;7;0;0;2;3;10;A01
201100060256;0;33;0;0;2;1;1;B01
201100060257;0;30;0;0;1;2;1;A01
201100060258;0;7;0;0;2;3;1;B01
201100060258;0;7;0;0;2;1;1;A01
201100060259;0;7;0;0;2;7;1;B01
201100060259;0;7;0;0;2;1;1;A01
201100060260;0;1;0;0;0;0;21;A01
201100060261;0;7;0;0;2;8;22;A01
201100060261;0;1;0;0;2;2;1;B01
201100060262;0;30;0;0;0;8;1;A01
201100060263;0;31;0;8;2;3;1;A01
201100060263;0;7;0;0;2;8;16;B01
201100060264;0;30;0;0;2;3;1;A01
201100060264;1;7;0;0;2;2;16;Z01
201100060265;0;1;0;1;0;1;14;A01
201100060266;0;2;0;0;2;4;15;A01
201100060266;0;33;0;0;2;1;1;B01
201100060267;1;7;0;0;2;3;13;Z01
201100060267;0;33;0;0;2;2;17;A01
201100060268;0;34;0;0;2;1;1;A01
201100060268;0;7;0;0;0;5;11;B01
201100060269;0;7;0;0;2;6;23;B01
201100060269;0;7;0;0;2;1;2;A01
201100060270;0;32;0;0;1;1;1;A01
201100060271;0;30;0;0;2;8;15;B01
201100060271;0;32;0;0;2;2;17;A01
201100060272;0;10;0;0;2;3;1;B01
201100060272;0;33;0;0;2;1;1;A01
201100060273;0;34;0;0;1;1;1;A01
201100060274;0;2;0;9;0;1;1;A01
201100060275;0;1;0;0;2;4;1;B01
201100060275;0;7;0;0;2;4;16;A01
201100060276;0;32;0;0;2;3;2;A01
201100060276;0;7;0;0;2;5;23;B01
201100060277;0;33;0;0;0;8;21;A01
201100060278;0;1;0;0;2;7;1;A01
201100060278;1;7;0;0;2;0;1;Z01
201100060279;0;1;0;0;2;1;1;B01
201100060279;0;7;0;0;2;2;1;A01
201100060280;0;30;0;0;1;1;1;A01
201100060281;0;37;1;0;9;0;14;A01
201100060282;0;7;0;0;1;1;9;A01
201100060283;0;33;0;6;2;1;1;A01
201100060284;0;7;0;0;1;1;1;A01
201100060285;0;31;0;0;1;1;1;A01
201100060286;0;30;0;0;0;0;1;A01
201100060287;0;7;0;0;0;6;9;A01
201100060287;0;2;0;1;0;1;1;B01
201100060288;0;32;0;0;2;1;1;B01
201100060288;0;10;0;0;2;7;9;A01
201100060289;0;33;0;0;5;1;1;A01
201100060290;0;7;0;0;1;2;1;A01
201100060291;0;30;0;15;2;3;18;A01
201100060291;0;7;0;0;2;2;16;B01
201100060292;0;32;0;0;0;3;1;A01
201100060293;0;32;0;0;2;3;1;B01
201100060293;0;7;0;0;2;0;10;A01
201100060294;0;7;0;0;2;6;2;B01
201100060294;0;2;0;1;2;6;2;A01
201100060295;0;10;0;0;2;3;13;A01
201100060295;0;32;0;0;2;5;23;B01
201100060296;0;32;0;0;1;1;1;A01
201100060297;0;1;0;0;2;4;19;A01
201100060297;1;2;0;0;0;0;1;Z01
201100060298;0;1;0;0;2;0;1;B01
201100060298;0;32;0;0;2;0;1;A01
201100060299;0;30;0;0;2;1;2;A01
201100060299;0;7;0;0;2;5;23;B01
201100060300;0;30;0;0;2;7;17;A01
201100060300;0;7;0;0;2;1;15;B01
201100060301;0;7;0;0;1;4;4;A01
201100060302;0;7;0;0;1;3;1;A01
201100060303;0;30;0;1;0;0;14;A01
201100060304;1;33;0;0;1;1;17;Z01