num_acc;senc;catv;occutc;obs;obsm;choc;manv;num_veh
201100060305;0;32;0;0;1;1;1;A01
201100060306;0;1;0;0;0;8;21;A01
201100060307;2;7;0;0;2;0;16;Z01
201100060307;0;1;0;0;2;3;1;A01
201100060308;0;7;0;0;2;8;1;A01
201100060308;0;33;0;0;2;1;1;B01
201100060309;0;1;0;0;2;0;1;B01
201100060309;0;10;0;0;2;8;22;A01
201100060310;0;10;0;0;1;1;1;A01
201100060311;0;32;0;0;0;0;21;A01
201100060312;0;2;0;0;2;0;21;A01
201100060313;0;7;0;0;1;8;1;A01
201100060314;0;33;0;0;2;7;16;A01
201100060314;0;32;0;0;2;8;7;B01
201100060315;0;10;0;0;2;3;15;B01
201100060315;0;2;0;0;2;1;17;A01
201100060316;1;7;0;0;1;3;15;Z01
201100060317;0;7;0;0;2;3;15;B01
201100060317;0;33;0;0;2;7;17;A01
201100060318;2;7;0;0;1;1;1;Z01
201100060319;0;1;0;0;2;0;1;B01
201100060319;0;1;0;0;2;0;21;A01
201100060320;0;7;0;0;1;8;1;A01
201100060321;0;7;0;0;2;3;1;B01
201100060321;0;7;0;0;2;5;1;A01
201100060322;0;14;0;14;0;1;1;A01
201100060323;0;32;0;0;1;0;1;A01
201100060324;0;7;0;0;2;3;1;B01
201100060324;0;7;0;0;2;2;1;A01
201100060325;0;7;0;0;1;1;1;A01
201100060326;0;7;0;0;1;2;1;A01
201100060327;0;7;0;0;2;4;2;B01
201100060327;0;32;0;0;2;4;2;A01
201100060328;0;10;0;0;1;3;1;A01
201100060329;0;30;0;0;2;8;17;B01
201100060329;0;10;0;0;2;7;1;A01
201100060330;0;32;0;0;2;0;1;A01
201100060330;0;7;0;0;2;0;1;B01
201100060331;0;7;0;0;2;7;15;A01
201100060331;0;30;0;0;2;1;1;B01
201100060332;0;32;0;0;0;2;21;A01
201100060333;0;1;0;0;2;1;2;A01
201100060333;0;1;0;0;2;4;2;B01
201100060334;0;7;0;0;2;1;1;A01
201100060334;0;33;0;0;2;7;1;B01
201100060335;0;1;0;0;2;1;1;B01
201100060335;0;7;0;0;2;1;10;A01
201100060336;0;32;0;0;2;4;1;B01
201100060336;0;32;0;0;2;4;17;A01
201100060337;0;30;0;0;2;8;18;A01
201100060337;0;7;0;0;2;7;16;B01
201100060338;0;7;0;0;2;1;15;B01
201100060338;0;33;0;0;2;7;1;A01
201100060339;0;34;0;0;2;2;1;B01
201100060339;0;7;0;0;2;6;9;A01
201100060340;1;7;0;0;2;0;2;Z01
201100060340;0;7;0;0;2;4;2;A01
201100060341;0;7;0;8;2;1;2;B01
201100060341;0;10;0;1;2;1;2;A01
201100060342;0;7;0;0;2;6;1;B01
201100060342;0;30;0;0;2;1;1;A01
201100060343;0;7;0;0;1;7;1;A01
201100060344;0;13;0;0;2;3;22;A01
201100060344;0;37;0;0;2;2;17;B01
201100060345;0;2;0;0;1;2;17;A01
201100060346;0;7;0;0;1;2;17;A01
201100060347;0;33;0;0;2;1;17;A01
201100060347;0;7;0;0;2;6;15;B01
201100060348;0;33;0;0;2;1;5;A01
201100060348;0;34;0;0;2;8;1;B01
201100060349;0;30;0;13;0;0;1;A01
201100060349;0;15;0;0;2;6;1;B01
201100060350;0;7;0;0;0;5;2;B01
201100060350;0;2;0;0;2;1;2;A01
201100060351;0;7;0;0;2;2;17;A01
201100060351;0;34;0;0;2;6;1;B01
201100060352;0;32;0;0;2;1;1;A01
201100060352;0;7;0;0;2;2;15;B01
201100060353;0;10;0;0;1;5;16;A01
201100060354;0;10;0;0;2;7;22;A01
201100060354;0;33;0;0;2;3;18;B01
201100060355;0;33;0;0;0;0;1;A01
201100060356;0;7;0;0;0;8;17;B01
201100060356;0;30;0;0;2;3;15;A01
201100060357;0;37;3;0;2;3;7;B01
201100060357;0;7;0;0;2;7;16;A01
201100060358;0;7;0;0;1;1;1;A01
201100060359;0;30;0;0;2;6;18;B01
201100060359;0;7;0;0;2;2;16;A01
201100060360;0;7;0;0;0;3;22;A01
201100060360;0;1;0;1;2;1;1;B01
201100060361;0;7;0;0;1;2;15;A01
201100060362;0;7;0;0;2;2;12;B01
201100060362;0;33;0;0;2;8;1;A01
201100060363;0;3;0;0;1;1;1;A01
201100060364;0;32;0;0;2;7;11;B01
201100060364;0;7;0;0;2;8;17;A01
201100060365;0;30;0;0;2;1;17;B01
201100060365;0;7;0;0;2;3;15;A01
201100060366;0;33;0;0;2;1;1;B01
201100060366;0;7;0;0;2;2;10;A01
201100060367;0;34;0;0;0;8;21;A01
201100060368;0;7;0;0;2;1;1;B01
201100060368;0;7;0;0;2;5;1;A01
201100060369;0;7;0;0;2;6;15;B01
201100060369;0;33;0;0;2;8;1;A01
201100060370;0;33;0;0;2;2;17;A01
201100060370;0;7;0;0;2;3;20;B01
201100060371;0;7;0;0;2;4;23;B01
201100060371;0;32;0;0;2;1;1;A01
201100060372;0;7;0;0;2;5;23;C01
201100060372;0;7;0;0;2;1;2;A01
201100060372;0;7;0;0;2;4;23;B01
201100060373;0;7;0;0;2;1;2;A01
201100060373;0;10;0;0;2;1;2;B01
201100060373;0;7;0;0;2;4;2;C01
201100060374;0;10;0;0;1;3;15;A01
201100060375;0;31;0;0;2;8;1;B01
201100060375;0;7;0;0;2;3;15;A01
201100060376;0;7;0;0;2;1;1;B01
201100060376;0;7;0;0;2;3;9;A01
201100060377;0;7;0;0;1;2;15;A01
201100060378;0;7;0;0;2;3;15;A01
201100060378;0;33;0;0;2;8;1;B01
201100060379;0;7;0;0;1;2;1;A01
201100060380;0;34;0;0;1;1;15;A01
201100060381;0;33;0;0;2;1;1;B01
201100060381;0;14;0;0;2;4;13;A01
201100060382;0;33;0;11;0;1;5;A01
201100060383;0;7;0;0;2;0;22;A01
201100060383;0;1;0;0;2;0;1;B01
201100060384;0;7;0;0;2;3;15;B01
201100060384;0;30;0;0;2;1;17;A01
201100060385;1;7;0;0;2;0;16;Z01
201100060385;0;30;0;0;2;1;1;A01
201100060386;0;30;0;0;2;2;1;A01
201100060386;0;10;0;0;2;3;15;B01
201100060387;0;7;0;0;2;3;15;A01
201100060387;0;33;0;1;2;7;17;B01
201100060388;0;33;0;0;2;1;7;A01
201100060388;0;30;0;0;2;3;1;B01
201100060389;0;1;0;0;2;0;1;A01
201100060389;0;7;0;0;2;0;15;B01
201100060390;0;2;0;0;2;2;1;A01
201100060390;0;7;0;0;2;6;1;B01
201100060391;0;37;6;0;2;1;1;B01
201100060391;0;7;0;0;2;7;16;A01
201100060392;0;7;0;0;2;2;12;A01
201100060392;0;7;0;0;2;4;23;B01
201100060393;0;7;0;0;1;7;1;A01
201100060394;0;7;0;8;0;1;13;A01
201100060395;0;7;0;0;1;1;1;A01
201100060396;0;33;0;11;0;0;21;A01
201100060397;0;7;0;0;2;2;10;A01
201100060397;0;32;0;1;0;6;1;B01
201100060398;0;33;0;0;2;2;17;B01
201100060398;0;7;0;0;0;3;13;A01
201100060399;0;2;0;0;2;1;1;B01
201100060399;0;7;0;0;2;7;16;A01
201100060400;0;7;0;0;0;8;10;A01
201100060400;0;32;0;0;0;7;1;B01
201100060401;0;7;0;0;0;4;10;A01
201100060401;0;32;0;0;2;1;1;B01
201100060402;0;32;0;0;2;1;1;A01
201100060402;0;7;0;0;2;3;1;B01
201100060403;0;7;0;0;1;1;1;A01
201100060403;0;7;0;0;1;3;1;B01
201100060404;0;7;0;0;0;4;1;B01
201100060404;0;13;0;0;2;1;1;A01
201100060405;0;7;0;12;0;0;21;A01
201100060406;0;7;0;0;2;2;16;A01
201100060406;0;32;0;0;2;8;1;B01
201100060407;0;30;0;0;2;4;17;B01
201100060407;0;7;0;0;2;6;15;A01
201100060408;0;1;0;0;0;0;21;A01
201100060409;1;7;0;0;2;0;1;Z01
201100060409;0;30;0;0;2;8;1;A01
201100060410;0;33;0;0;2;1;1;B01
201100060410;0;7;0;0;2;8;10;A01
201100060411;0;7;0;0;2;6;13;B01
201100060411;0;33;0;0;2;1;1;A01
201100060412;0;7;0;0;2;3;10;A01
201100060412;0;32;0;0;2;2;17;B01
201100060413;0;33;0;0;1;8;17;A01
201100060414;0;14;0;0;2;1;2;A01
201100060414;0;30;0;0;2;4;23;B01
201100060415;0;10;0;0;2;3;10;A01
201100060415;0;30;0;0;2;7;1;B01
201100060416;0;7;0;0;9;5;4;A01
201100060416;0;1;0;0;0;4;19;B01
201100060417;0;7;0;0;1;4;23;B01
201100060417;0;37;28;0;2;1;1;A01
201100060418;0;2;0;0;1;2;1;A01
201100060419;0;7;0;0;2;8;15;A01
201100060419;0;33;0;0;2;1;17;B01
201100060420;0;7;0;0;2;5;1;B01
201100060420;0;33;0;0;2;1;3;A01
201100060421;0;7;0;0;2;1;2;A01
201100060421;0;7;0;0;2;4;2;B01
201100060422;0;7;0;4;2;6;15;B01
201100060422;0;30;0;0;2;2;17;A01
201100060423;0;10;0;1;0;3;1;A01
201100060424;0;7;0;0;1;7;16;A01
201100060425;0;7;0;0;2;1;15;A01
201100060425;0;32;0;0;2;3;1;B01
201100060426;0;32;0;0;0;0;1;A01
201100060427;0;1;0;15;0;1;21;A01
201100060428;0;32;0;0;2;1;1;A01
201100060428;0;7;0;0;2;6;9;B01
201100060429;0;7;0;0;1;3;1;A01
201100060430;0;1;0;0;2;7;1;B01
201100060430;0;33;0;0;2;1;12;A01
201100060431;0;33;0;0;2;3;21;A01
201100060431;0;7;0;0;2;5;23;B01
201100060432;0;7;0;0;2;6;23;B01
201100060432;0;30;0;0;2;1;17;A01
201100060433;0;7;0;0;2;8;15;B01
201100060433;0;33;0;0;2;7;17;A01
201100060434;0;1;0;0;0;0;21;A01
201100060435;0;32;0;12;0;1;1;A01
201100060436;0;7;0;0;1;2;1;A01
201100060437;0;2;0;1;0;2;1;A01
201100060438;0;10;0;4;0;2;14;A01
201100060439;0;7;0;0;2;5;14;A01
201100060439;0;7;0;0;2;1;1;B01
201100060440;0;34;0;0;2;1;1;A01
201100060440;0;7;0;0;2;3;1;B01
201100060441;0;30;0;0;2;1;18;A01
201100060441;0;7;0;0;2;2;14;B01
201100060442;0;7;0;0;2;1;15;A01
201100060442;0;1;0;0;2;3;1;B01
201100060443;0;33;0;0;0;0;17;A01
201100060444;0;7;0;0;2;2;14;A01
201100060444;0;1;0;0;2;3;18;B01
201100060445;0;32;0;0;1;2;1;A01
201100060446;0;10;0;0;2;1;2;A01
201100060446;0;7;0;0;2;4;2;B01
201100060446;0;7;0;0;2;4;2;C01
201100060447;0;33;0;8;2;6;1;A01
201100060447;1;10;0;0;2;2;14;Z01
201100060448;0;7;0;0;2;7;15;A01
201100060448;0;34;0;0;2;1;17;B01
201100060449;0;30;0;0;0;7;16;A01
201100060450;0;30;0;0;2;1;2;A01
201100060450;0;7;0;0;2;4;23;B01
201100060451;0;7;0;0;2;2;14;A01
201100060451;0;7;0;8;2;1;1;B01
201100060452;0;33;0;0;2;1;1;A01
201100060452;0;7;0;0;2;5;12;B01
201100060453;0;10;0;0;1;2;1;A01
201100060454;0;30;0;0;2;6;1;B01
201100060454;0;7;0;0;2;2;16;A01
201100060455;0;10;0;0;2;1;2;A01
201100060455;0;7;0;0;2;4;23;C01
201100060455;0;7;0;0;2;4;23;B01
201100060456;0;7;0;0;2;1;7;B01
201100060456;0;1;0;0;2;7;1;A01
201100060457;0;7;0;0;2;1;2;A01
201100060457;0;7;0;0;2;6;2;B01
201100060458;0;37;10;0;2;2;2;A01
201100060458;1;7;0;0;2;4;18;Z01
201100060459;0;7;0;0;2;8;1;B01
201100060459;0;7;0;0;2;2;1;A01
201100060460;0;10;0;7;0;1;21;A01
201100060461;0;30;0;0;1;2;17;A01
201100060462;0;33;0;0;2;1;17;B01
201100060462;0;7;0;0;2;3;13;A01
201100060463;0;7;0;0;1;3;1;A01
201100060464;1;30;0;0;2;0;16;Z01
201100060464;0;30;0;0;2;4;1;A01
201100060465;0;7;0;0;2;6;10;A01
201100060465;0;32;0;0;2;1;1;B01
201100060466;0;33;0;0;2;1;1;B01
201100060466;0;3;0;0;2;4;10;A01
201100060467;0;7;0;0;2;4;10;A01
201100060467;0;33;0;0;2;3;17;B01
201100060468;0;7;0;0;2;3;15;A01
201100060468;0;2;0;0;2;2;17;B01
201100060469;0;1;0;0;0;0;21;A01
201100060470;0;37;0;0;1;2;1;A01
201100060471;0;7;0;0;2;4;2;B01
201100060471;0;3;0;0;2;1;2;A01
201100060472;0;31;0;0;2;1;2;A01
201100060472;0;7;0;0;2;5;23;B01
201100060473;0;7;0;0;1;1;15;A01
201100060474;0;7;0;0;2;4;1;B01
201100060474;0;7;0;0;2;1;1;A01
201100060475;0;1;0;0;2;3;15;B01
201100060475;0;33;0;0;2;1;1;A01
201100060476;0;7;0;0;2;4;23;B01
201100060476;0;7;0;0;2;1;2;A01
201100060477;0;33;0;0;2;1;17;A01
201100060477;0;7;0;0;2;3;15;B01
201100060478;0;1;0;0;2;2;1;B01
201100060478;0;10;0;0;2;8;22;A01
201100060479;0;99;0;0;2;1;19;A01
201100060479;0;7;0;0;2;8;16;B01
201100060480;0;1;0;0;1;1;1;A01
201100060481;0;32;0;8;0;8;14;A01
201100060482;0;7;0;0;2;3;10;A01
201100060482;0;30;0;0;2;1;1;B01
201100060483;0;7;0;0;2;3;13;A01
201100060483;0;32;0;0;2;7;1;B01
201100060484;0;7;0;0;2;3;13;B01
201100060484;0;30;0;0;2;0;17;A01
201100060485;0;31;0;15;2;2;1;B01
201100060485;0;10;0;0;2;7;16;A01
201100060486;0;7;0;0;2;1;2;A01
201100060486;0;34;0;0;0;4;2;B01
201100060487;0;31;0;0;2;5;1;B01
201100060487;0;7;0;0;2;2;14;A01
201100060488;0;7;0;0;2;3;9;A01
201100060488;0;30;0;0;2;7;1;B01
201100060489;1;7;0;0;2;6;10;Z01
201100060489;0;32;0;0;2;2;1;A01
201100060490;0;33;0;0;2;2;1;A01
201100060490;1;13;0;0;0;0;16;Z01
201100060491;0;7;0;0;2;5;23;B01
201100060491;0;33;0;0;2;3;13;A01
201100060492;0;30;0;0;2;1;17;A01
201100060492;0;7;0;0;2;8;15;B01
201100060493;0;2;0;0;2;7;1;B01
201100060493;0;7;0;0;2;1;1;A01
201100060494;0;7;0;0;2;1;1;A01
201100060494;0;7;0;0;0;4;23;B01
201100060495;0;30;0;0;2;1;1;B01
201100060495;0;7;0;0;2;1;15;A01
201100060496;0;1;0;0;0;8;15;B01
201100060496;0;32;0;0;2;1;17;A01
201100060497;0;7;0;0;2;2;16;A01
201100060497;0;33;0;0;2;0;1;B01
201100060498;0;7;0;0;0;1;1;A01
201100060498;0;7;0;0;2;4;23;C01
201100060498;0;7;0;0;0;1;23;B01
201100060499;1;2;0;0;1;8;1;A01
201100060500;0;7;0;0;2;2;1;A01
201100060500;0;32;0;0;2;4;23;B01
201100060501;0;33;0;0;0;7;21;A01
201100060502;0;7;0;0;2;4;1;C01
201100060502;0;2;0;0;2;6;1;B01
201100060502;0;10;0;0;2;1;1;A01
201100060503;0;10;0;0;2;5;16;B01
201100060503;0;2;0;0;2;3;18;A01
201100060504;1;34;0;0;1;0;1;Z01
201100060505;0;7;0;1;0;8;22;A01
201100060505;0;1;0;0;0;7;17;B01
201100060506;0;32;0;0;2;7;1;A01
201100060506;0;7;0;0;2;3;9;B01
201100060507;0;34;0;0;1;1;17;A01
201100060508;0;33;0;0;2;8;1;B01
201100060508;0;7;0;0;2;7;15;A01
201100060509;0;37;0;0;1;2;1;A01
201100060510;0;1;0;0;0;0;21;A01
201100060511;0;7;0;0;2;4;1;B01
201100060511;0;7;0;0;2;1;1;A01
201100060512;0;30;0;0;0;0;16;A01
201100060513;0;7;0;0;1;3;1;A01
201100060514;0;1;0;0;2;3;15;A01
201100060514;0;34;0;0;2;2;1;B01
201100060515;0;32;0;0;2;7;15;A01
201100060515;0;30;0;0;2;1;1;B01
201100060516;0;7;0;0;0;0;15;B01
201100060516;0;33;0;0;0;0;17;A01
201100060517;0;30;0;0;0;0;21;A01
201100060518;0;7;0;0;1;3;10;A01
201100060519;0;30;0;0;2;3;9;A01
201100060519;0;32;0;0;2;8;1;B01
201100060520;0;30;0;0;0;0;1;B01
201100060520;0;7;0;0;0;0;10;A01
201100060521;0;7;0;0;1;1;1;A01
201100060522;0;7;0;0;1;1;1;A01
201100060523;0;31;0;0;0;0;1;A01
201100060524;0;7;0;0;1;2;1;A01
201100060525;0;34;0;0;2;1;1;A01
201100060525;0;7;0;0;2;3;1;B01
201100060526;0;7;0;0;2;3;1;B01
201100060526;0;7;0;0;2;2;1;A01
201100060527;0;32;0;0;2;7;2;A01
201100060527;0;7;0;0;2;5;2;B01
201100060528;0;31;0;1;0;3;13;A01
201100060529;0;32;0;0;2;2;17;A01
201100060529;0;7;0;0;2;8;15;B01
201100060530;0;7;0;0;2;2;1;A01
201100060530;0;7;0;0;2;2;1;B01
201100060531;0;7;0;0;2;4;4;B01
201100060531;0;33;0;0;2;7;5;A01
201100060532;0;7;0;0;2;1;2;A01
201100060532;0;7;0;0;2;4;2;B01
201100060533;0;33;0;0;2;8;1;B01
201100060533;0;7;0;0;2;1;15;A01
201100060534;0;7;0;1;2;3;15;A01
201100060534;0;34;0;0;2;8;17;B01
201100060535;0;32;0;0;1;1;17;A01
201100060536;0;30;0;0;2;1;18;A01
201100060536;0;7;0;0;2;3;15;B01
201100060537;0;37;2;0;2;8;7;B01
201100060537;0;1;0;0;2;7;17;A01
201100060538;0;33;0;0;2;7;1;B01
201100060538;0;10;0;0;2;6;13;A01
201100060539;0;7;0;2;0;3;15;A01
201100060540;0;7;0;0;2;7;1;B01
201100060540;0;1;0;0;2;8;19;A01
201100060541;0;30;0;0;1;1;1;A01
201100060542;0;7;0;0;2;4;23;C01
201100060542;0;10;0;0;2;1;2;A01
201100060542;0;7;0;0;2;4;23;B01
201100060543;0;7;0;0;2;2;15;A01
201100060543;2;30;0;0;2;0;1;Z01
201100060544;0;7;0;1;0;1;14;A01
201100060545;0;2;0;0;2;4;16;B01
201100060545;0;14;0;0;2;6;13;A01
201100060546;0;30;0;0;2;1;17;A01
201100060546;0;7;0;0;2;3;1;B01
201100060547;0;32;0;0;2;8;1;B01
201100060547;0;10;0;0;2;2;12;A01
201100060548;0;7;0;0;2;2;10;B01
201100060548;0;32;0;0;2;6;1;A01
201100060549;0;7;0;0;2;6;23;C01
201100060549;0;7;0;0;2;3;1;A01
201100060549;0;30;0;0;2;6;1;B01
201100060550;0;34;0;14;0;3;14;A01
201100060551;0;30;0;0;1;2;1;A01
201100060552;0;34;0;0;2;8;1;B01
201100060552;0;7;0;0;2;7;16;A01
201100060553;0;7;0;0;2;8;10;A01
201100060553;0;32;0;0;2;1;1;B01
201100060554;1;33;0;0;0;1;1;A01
201100060555;0;7;0;0;2;8;15;A01
201100060555;0;32;0;0;2;7;1;B01
201100060556;0;32;0;0;1;1;1;A01
201100060557;0;7;0;0;2;1;16;A01
201100060557;0;1;0;0;2;1;1;B01
201100060558;0;30;0;0;2;8;1;B01
201100060558;0;7;0;0;2;3;1;A01
201100060559;0;7;0;0;2;4;2;B01
201100060559;0;10;0;0;2;1;2;A01
201100060560;0;7;0;0;2;1;2;A01
201100060560;0;2;0;0;2;4;2;B01
201100060561;0;7;0;0;1;1;1;A01
201100060562;0;30;0;1;0;1;14;A01
201100060563;0;7;0;0;2;1;1;A01
201100060563;0;7;0;0;2;4;11;B01
201100060564;0;10;0;0;2;8;13;A01
201100060564;0;33;0;0;2;7;1;B01
201100060565;0;32;0;0;2;6;23;B01
201100060565;0;7;0;0;2;3;2;A01
201100060566;0;33;0;0;0;0;1;A01
201100060567;0;34;0;14;0;0;1;A01
201100060568;0;7;0;0;2;5;16;A01
201100060568;0;1;0;0;2;1;1;B01
201100060569;0;32;0;14;0;0;14;A01
201100060570;0;7;0;0;2;4;13;A01
201100060570;0;33;0;0;2;3;1;B01
201100060571;0;1;0;12;0;1;13;A01
201100060572;0;33;0;0;2;2;1;B01
201100060572;0;7;0;0;2;8;10;A01
201100060573;0;32;0;0;2;1;1;B01
201100060573;0;10;0;0;2;6;9;A01
201100060574;0;7;0;0;2;2;16;B01
201100060574;0;31;0;0;2;1;18;A01
201100060575;0;7;0;0;2;3;9;A01
201100060575;0;2;0;0;2;7;1;B01
201100060576;0;33;0;0;2;1;1;B01
201100060576;0;7;0;0;2;3;10;A01
201100060577;0;7;0;0;2;5;1;B01
201100060577;0;10;0;0;2;1;11;A01
201100060577;0;7;0;0;2;6;23;C01
201100060578;0;1;0;10;0;1;13;A01
201100060579;0;7;0;0;2;1;1;A01
201100060579;0;7;0;0;2;5;23;B01
201100060580;0;33;0;0;1;4;1;A01
201100060581;0;10;0;6;0;1;16;A01
201100060582;0;7;0;12;2;3;1;A01
201100060582;0;7;0;0;2;7;12;B01
201100060583;0;7;0;7;1;3;1;A01
201100060584;0;7;0;0;2;1;1;B01
201100060584;0;7;0;0;2;3;13;A01
201100060585;0;32;0;0;2;1;17;B01
201100060585;0;10;0;0;2;3;9;A01
201100060586;0;7;0;0;1;2;15;A01
201100060587;0;33;0;0;2;1;2;A01
201100060587;0;7;0;0;2;4;2;B01
201100060588;0;7;0;0;2;3;2;A01
201100060588;0;7;0;0;2;5;2;B01
201100060589;0;33;0;0;2;8;1;B01
201100060589;0;7;0;0;2;2;1;A01
201100060590;0;7;0;0;2;1;15;A01
201100060590;0;34;0;0;2;1;1;B01
201100060591;0;7;0;0;2;5;2;B01
201100060591;0;7;0;0;2;3;2;A01
201100060592;0;32;0;0;2;7;17;A01
201100060592;0;7;0;0;2;3;15;B01
201100060593;0;31;0;0;2;1;1;B01
201100060593;0;7;0;0;2;3;9;A01
201100060594;0;7;0;0;2;5;2;B01
201100060594;0;33;0;0;2;0;2;A01
201100060595;0;30;0;1;0;1;14;A01
201100060596;0;10;0;0;1;1;16;A01
201100060597;1;1;0;0;2;4;14;Z01
201100060597;0;1;0;0;2;1;1;A01
201100060598;0;30;0;0;0;8;1;A01
201100060599;0;14;0;0;2;2;1;A01
201100060599;0;7;0;0;2;3;1;B01
201100060600;0;30;0;0;2;0;18;A01
201100060600;0;7;0;0;2;5;1;B01
201100060601;0;1;0;0;2;3;1;A01
201100060601;0;1;0;0;2;7;10;B01
201100060602;0;7;0;0;2;2;15;A01
201100060602;0;7;0;0;2;3;1;B01
201100060603;0;10;0;0;2;8;11;A01
201100060603;0;32;0;0;2;7;1;B01
201100060604;0;37;0;0;1;7;1;A01
201100060605;0;7;0;0;1;4;4;A01
201100060606;0;33;0;0;2;1;1;B01
201100060606;0;7;0;0;2;2;15;A01
201100060607;0;30;0;0;2;1;2;A01
201100060607;0;7;0;0;2;4;23;B01
201100060608;0;7;0;0;2;7;15;A01
201100060608;0;30;0;0;2;1;1;B01
201100060609;0;10;0;0;2;6;20;A01
201100060609;0;32;0;0;2;1;17;B01
201100060610;1;7;0;0;2;8;1;Z01
201100060610;0;33;0;0;2;7;23;A01
201100060610;0;7;0;0;2;6;1;B01
201100060611;0;34;0;0;2;7;3;B01
201100060611;0;7;0;0;2;6;22;A01
201100060612;0;7;0;0;2;6;23;E01
201100060612;0;10;0;0;2;3;2;A01
201100060612;0;33;0;0;2;1;1;C01
201100060612;0;7;0;0;2;8;23;D01
201100060612;0;33;0;0;2;4;2;B01
201100060613;0;10;0;0;2;8;9;B01
201100060613;0;34;0;0;2;1;1;A01
201100060614;0;7;0;0;2;3;1;A01
201100060614;0;32;0;0;2;4;23;B01
201100060615;0;32;0;0;0;0;21;A01
201100060616;0;34;0;0;0;7;1;B01
201100060616;0;34;0;0;0;9;1;A01
201100060617;0;7;0;0;2;6;10;A01
201100060617;0;31;0;0;2;1;1;B01
201100060618;0;7;0;0;2;1;15;A01
201100060618;0;30;0;0;2;1;1;B01
201100060619;0;32;0;0;2;1;1;A01
201100060619;0;7;0;0;2;6;16;B01
201100060620;0;7;0;0;2;8;15;A01
201100060620;0;33;0;0;2;7;17;B01
201100060621;0;1;0;0;2;4;10;B01
201100060621;0;30;0;0;2;1;1;A01
201100060622;0;7;0;0;2;7;1;A01
201100060622;0;7;0;0;2;1;1;B01
201100060623;0;7;0;0;1;4;4;A01
201100060624;0;7;0;0;1;1;1;A01
201100060625;0;2;0;0;2;1;1;A01
201100060625;0;33;0;0;2;4;23;B01
201100060626;0;1;0;1;0;1;1;B01
201100060626;0;7;0;0;9;3;22;A01
201100060627;0;1;0;0;2;1;2;C01
201100060627;0;1;0;0;2;1;2;B01
201100060627;0;1;0;0;2;6;2;A01
201100060628;0;10;0;0;2;3;22;A01
201100060628;0;1;0;0;2;7;1;B01
201100060629;0;32;0;0;9;1;1;A01
201100060630;0;37;15;0;2;0;21;B01
201100060631;0;32;0;0;2;1;1;A01
201100060631;0;7;0;0;2;8;10;B01
201100060632;0;38;1;0;2;3;1;B01
201100060632;0;2;0;0;2;2;1;A01
201100060633;0;7;0;0;2;1;1;B01
201100060633;0;32;0;0;2;1;1;A01
201100060634;0;32;0;0;2;7;1;B01
201100060634;0;7;0;0;2;3;1;A01
201100060635;0;7;0;0;2;2;1;A01
201100060635;0;1;0;0;2;4;11;B01
201100060636;0;2;0;0;0;8;15;A01
201100060637;0;7;0;0;0;5;23;B01
201100060637;0;33;0;0;2;7;21;A01
201100060638;0;2;0;0;2;1;17;A01
201100060638;0;33;0;0;2;8;15;B01
201100060639;0;32;0;0;2;1;1;B01
201100060639;0;7;0;0;2;8;4;A01
201100060640;0;7;0;0;0;4;1;B01
201100060640;0;7;0;0;2;4;1;A01
201100060641;0;7;0;0;2;2;15;A01
201100060641;0;1;0;0;2;3;1;B01
201100060642;0;32;0;0;2;7;1;A01
201100060642;0;7;0;0;2;8;16;B01
201100060643;2;7;0;0;0;9;16;A01
201100060644;0;32;0;0;2;5;17;B01
201100060644;0;7;0;0;2;3;10;A01
201100060645;0;7;0;0;1;3;15;A01
201100060646;0;2;0;1;2;1;17;B01
201100060646;0;7;0;0;2;8;22;A01
201100060646;0;7;0;0;2;3;1;C01
201100060647;0;1;0;0;2;1;1;B01
201100060647;0;1;0;0;2;3;0;A01
201100060648;0;2;0;1;2;8;16;B01
201100060648;0;30;0;0;2;1;2;A01
201100060649;0;30;0;0;1;2;1;A01
201100060650;0;7;0;0;1;1;1;A01
201100060651;0;31;0;0;2;0;1;A01
201100060651;0;31;0;0;2;8;1;B01
201100060652;0;30;0;0;2;2;5;A01
201100060652;0;7;0;0;2;3;13;B01
201100060653;0;32;0;0;5;8;1;A01
201100060654;0;2;0;0;2;0;17;A01
201100060654;0;7;0;0;2;0;15;B01
201100060655;0;2;0;0;2;1;1;B01
201100060655;0;3;0;0;2;2;15;A01
201100060656;0;33;0;12;0;8;1;A01
201100060657;0;1;0;0;2;1;1;B01
201100060657;0;7;0;0;2;2;16;A01
201100060658;0;34;0;0;2;2;17;A01
201100060658;0;37;1;0;2;3;1;B01
201100060659;0;7;0;0;0;2;22;A01
201100060659;0;1;0;1;0;1;1;B01
201100060660;0;32;0;0;0;4;23;B01
201100060660;0;7;0;0;2;1;15;A01
201100060661;0;7;0;0;2;8;15;B01
201100060661;0;32;0;0;2;1;17;A01
201100060662;0;7;0;0;2;1;1;B01
201100060662;0;7;0;0;2;2;1;A01
201100060662;0;7;0;0;2;3;1;C01
201100060663;0;2;0;0;0;2;17;B01
201100060663;0;7;0;0;0;3;13;A01
201100060664;0;1;0;0;0;2;1;A01
201100060665;0;2;0;0;2;1;1;B01
201100060665;0;7;0;0;2;3;10;A01