num_acc;senc;catv;occutc;obs;obsm;choc;manv;num_veh
201100060666;1;34;0;0;1;1;1;Z01
201100060667;0;7;0;0;2;3;22;A01
201100060667;0;30;0;0;2;7;17;B01
201100060668;0;7;0;8;0;2;1;A01
201100060669;0;1;0;0;9;4;14;A01
201100060669;0;1;0;0;2;1;1;B01
201100060670;0;7;0;0;2;3;1;B01
201100060670;0;32;0;0;2;1;5;A01
201100060671;0;1;0;0;2;1;1;B01
201100060671;0;7;0;0;2;8;9;A01
201100060672;0;33;0;0;0;7;1;A01
201100060673;0;7;0;0;2;8;15;A01
201100060673;0;33;0;0;2;0;15;B01
201100060674;0;7;0;0;1;2;15;A01
201100060675;0;15;0;0;1;3;1;A01
201100060676;0;33;0;0;2;2;1;A01
201100060676;1;7;0;0;2;8;11;Z01
201100060677;0;30;0;12;0;2;1;A01
201100060678;0;7;0;0;2;3;13;A01
201100060678;0;33;0;0;2;8;17;B01
201100060679;0;10;0;0;2;3;15;A01
201100060679;0;33;0;0;2;2;17;B01
201100060680;0;33;0;0;2;1;2;A01
201100060680;0;10;0;0;2;4;2;B01
201100060681;0;33;0;0;0;0;21;A01
201100060682;0;10;0;0;1;1;1;A01
201100060683;0;7;0;0;2;4;23;C01
201100060683;0;7;0;0;2;2;2;D01
201100060683;0;7;0;14;2;4;23;B01
201100060683;0;7;0;0;2;1;2;A01
201100060684;0;7;0;0;2;4;24;B01
201100060684;0;33;0;0;2;4;2;A01
201100060684;0;10;0;0;2;4;1;C01
201100060684;1;7;0;1;2;1;2;Z01
201100060685;0;7;0;0;2;9;1;B01
201100060685;0;7;0;0;2;1;1;A01
201100060686;0;32;0;0;2;1;1;B01
201100060686;0;7;0;0;2;5;1;A01
201100060687;0;2;0;0;0;1;1;A01
201100060688;0;32;0;0;2;1;1;B01
201100060688;0;7;0;0;2;6;15;A01
201100060689;0;1;0;0;1;5;1;A01
201100060690;0;2;0;1;0;1;21;A01
201100060691;0;2;0;14;0;0;21;A01
201100060692;0;10;0;0;2;7;16;B01
201100060692;0;30;0;0;2;8;1;A01
201100060693;0;1;0;0;2;1;1;B01
201100060693;0;1;0;0;2;1;9;A01
201100060694;0;33;0;0;1;2;1;A01
201100060695;0;10;0;0;2;3;2;A01
201100060695;0;7;0;0;2;5;2;B01
201100060696;1;1;0;0;2;0;15;Z01
201100060696;0;1;0;0;2;7;17;A01
201100060697;0;33;0;0;2;1;1;B01
201100060697;0;7;0;0;2;2;15;A01
201100060698;0;32;0;0;2;8;2;B01
201100060698;0;7;0;0;2;1;2;A01
201100060699;0;32;0;0;1;1;1;A01
201100060700;0;7;0;0;1;2;1;A01
201100060701;0;32;0;0;0;0;1;A01
201100060702;0;10;0;0;1;2;9;A01
201100060703;0;7;0;0;1;3;1;A01
201100060704;0;2;0;0;2;1;17;B01
201100060704;0;7;0;0;2;6;10;A01
201100060705;0;7;0;0;2;4;1;C01
201100060705;0;7;0;0;2;4;1;B01
201100060705;0;10;0;0;2;1;1;A01
201100060706;0;2;0;0;2;2;17;B01
201100060706;0;7;0;0;2;8;10;A01
201100060707;0;7;0;0;2;1;1;B01
201100060707;0;7;0;0;2;2;1;A01
201100060708;0;7;0;0;2;8;15;B01
201100060708;0;34;0;0;2;7;17;A01
201100060709;0;7;0;0;0;4;1;C01
201100060709;0;7;0;0;0;1;1;A01
201100060709;0;7;0;0;0;4;1;B01
201100060710;0;30;0;0;0;7;21;A01
201100060711;0;7;0;0;2;1;2;A01
201100060711;0;1;0;0;2;4;2;B01
201100060712;0;1;0;0;1;1;1;A01
201100060713;0;7;0;0;1;1;1;A01
201100060714;0;10;0;0;2;3;10;A01
201100060714;0;32;0;0;2;2;17;B01
201100060715;0;7;0;0;2;3;1;B01
201100060715;0;2;0;0;2;1;1;A01
201100060716;0;1;0;0;2;1;19;B01
201100060716;0;7;0;0;2;2;1;A01
201100060717;0;33;0;7;0;1;1;A01
201100060718;0;1;0;0;2;1;13;A01
201100060718;0;1;0;0;2;1;1;B01
201100060719;0;7;0;0;2;2;15;A01
201100060719;0;31;0;0;2;1;1;B01
201100060720;0;1;0;1;2;4;1;B01
201100060720;0;10;0;0;2;1;17;A01
201100060721;0;32;0;0;2;2;17;A01
201100060721;0;7;0;0;2;8;15;B01
201100060722;0;1;0;0;0;0;21;A01
201100060723;0;2;0;1;0;2;17;A01
201100060723;1;7;0;1;0;2;24;Z01
201100060724;0;33;0;0;2;1;17;B01
201100060724;0;7;0;0;0;3;20;A01
201100060725;0;7;0;0;1;1;15;A01
201100060726;0;31;0;11;0;1;1;A01
201100060727;0;2;0;0;0;7;1;A01
201100060728;0;7;0;0;1;2;9;A01
201100060729;0;32;0;0;2;8;21;A01
201100060730;0;30;0;0;2;8;1;B01
201100060730;0;7;0;0;2;5;14;A01
201100060731;0;7;0;0;2;5;15;A01
201100060731;0;32;0;0;2;1;1;B01
201100060732;0;1;0;0;2;3;1;B01
201100060732;0;7;0;0;9;2;15;A01
201100060733;0;7;0;0;1;2;16;A01
201100060734;0;1;0;0;0;1;1;A01
201100060735;0;31;0;0;2;1;1;B01
201100060735;0;7;0;0;2;2;15;A01
201100060736;0;7;0;0;2;3;12;A01
201100060736;0;2;0;0;2;4;11;B01
201100060737;0;1;0;1;2;4;1;A01
201100060738;0;7;0;0;2;1;2;A01
201100060738;0;7;0;0;2;4;23;D01
201100060738;0;7;0;0;2;9;23;C01
201100060738;0;7;0;0;2;5;23;B01
201100060739;0;7;0;0;2;3;1;B01
201100060739;0;2;0;0;2;1;17;A01
201100060740;0;7;0;14;0;1;13;A01
201100060741;0;32;0;0;0;7;21;A01
201100060742;0;32;0;0;2;0;2;A01
201100060742;1;7;0;0;2;4;23;Z01
201100060743;0;7;0;0;1;1;1;A01
201100060744;0;7;0;2;0;1;10;A01
201100060745;0;30;0;0;1;1;17;A01
201100060746;0;7;0;0;2;7;1;A01
201100060746;0;32;0;0;2;1;1;B01
201100060747;0;32;0;0;0;0;1;A01
201100060748;0;7;0;0;1;7;16;A01
201100060749;0;34;0;0;1;2;1;A01
201100060750;0;7;0;0;2;7;1;B01
201100060750;0;2;0;0;2;3;9;A01
201100060751;0;7;0;0;2;1;1;A01
201100060751;0;1;0;0;2;7;1;B01
201100060752;1;10;0;0;1;0;1;Z01
201100060753;0;2;0;0;2;8;14;A01
201100060753;0;7;0;0;2;2;1;B01
201100060754;0;32;0;0;2;1;1;B01
201100060754;0;7;0;0;2;2;15;A01
201100060755;0;7;0;0;2;3;15;B01
201100060755;0;33;0;0;2;7;1;A01
201100060756;0;30;0;0;2;1;15;A01
201100060756;0;7;0;0;2;3;1;B01
201100060757;0;32;0;0;2;1;1;A01
201100060757;0;7;0;0;2;8;13;B01
201100060758;0;32;0;0;2;1;1;B01
201100060758;0;7;0;0;2;2;15;A01
201100060759;0;7;0;0;2;8;10;A01
201100060759;0;33;0;0;2;1;1;B01
201100060760;0;30;0;0;2;8;1;B01
201100060760;0;7;0;0;2;2;16;A01
201100060761;0;7;0;0;2;1;15;A01
201100060761;2;7;0;0;2;1;1;Z01
201100060762;0;7;0;7;0;1;1;A01
201100060763;0;2;0;0;2;1;16;B01
201100060763;0;7;0;0;2;5;16;A01
201100060764;0;10;0;0;0;4;23;B01
201100060764;0;33;0;0;0;1;1;A01
201100060765;0;7;0;0;0;0;11;A01
201100060765;0;32;0;0;0;0;1;B01
201100060766;0;10;0;0;1;1;1;A01
201100060767;0;30;0;0;1;1;1;A01
201100060768;0;7;0;0;1;1;1;A01
201100060769;0;32;0;9;0;3;2;A01
201100060770;0;32;0;0;1;1;17;A01
201100060771;0;7;0;4;2;2;13;A01
201100060771;0;7;0;14;2;6;1;B01
201100060772;0;7;0;0;1;0;1;A01
201100060773;0;7;0;0;1;1;1;A01
201100060774;0;32;0;0;2;2;19;B01
201100060774;0;7;0;0;2;6;16;A01
201100060775;0;7;0;0;1;1;15;A01
201100060776;0;32;0;14;0;8;13;A01
201100060777;0;7;0;0;2;3;15;A01
201100060777;0;33;0;0;2;2;1;B01
201100060778;0;7;0;0;1;3;1;A01
201100060779;0;7;0;0;2;3;1;C01
201100060779;0;33;0;0;2;3;2;A01
201100060779;0;7;0;0;2;5;2;B01
201100060780;0;31;0;0;0;3;1;A01
201100060781;0;7;0;0;2;2;15;A01
201100060781;0;7;0;0;2;3;1;B01
201100060782;0;7;0;0;1;3;9;A01
201100060783;0;7;0;0;1;8;1;A01
201100060784;0;33;0;0;2;4;23;B01
201100060784;0;7;0;0;2;1;2;A01
201100060785;0;7;0;0;1;4;4;A01
201100060786;0;10;0;0;1;1;1;A01
201100060787;0;31;0;0;2;1;2;A01
201100060787;0;7;0;0;2;4;2;B01
201100060788;0;7;0;0;2;2;15;A01
201100060788;0;2;0;0;2;1;1;B01
201100060789;0;7;0;0;1;6;4;A01
201100060790;0;1;0;0;1;1;1;A01
201100060791;0;2;0;1;2;8;1;B01
201100060791;0;10;0;0;2;7;12;A01
201100060792;0;10;0;0;2;2;15;A01
201100060792;0;34;0;0;2;3;1;B01
201100060793;0;7;0;1;0;2;14;A01
201100060794;0;33;0;0;1;0;1;A01
201100060795;0;1;0;0;2;7;19;A01
201100060795;0;33;0;0;9;1;1;B01
201100060796;0;33;0;1;0;8;21;A01
201100060797;0;33;0;0;0;0;1;A01
201100060798;0;30;0;0;2;1;16;A01
201100060798;0;7;0;0;2;2;1;B01
201100060799;0;7;0;0;2;3;1;B01
201100060799;0;1;0;0;2;8;9;A01
201100060800;1;32;0;0;1;0;1;Z01
201100060801;0;33;0;0;2;1;17;A01
201100060801;0;7;0;0;0;6;20;B01
201100060802;0;33;0;0;0;0;21;A01
201100060803;1;1;0;0;2;1;19;Z01
201100060803;0;7;0;0;2;3;1;A01
201100060804;0;10;0;0;1;1;16;A01
201100060805;0;2;0;0;0;0;1;A01
201100060806;0;7;0;7;0;0;13;A01
201100060807;0;7;0;0;2;8;9;A01
201100060807;0;2;0;0;2;1;1;B01
201100060808;0;7;0;0;1;7;7;A01
201100060809;0;7;0;0;2;2;10;A01
201100060809;0;30;0;0;2;1;1;B01
201100060810;0;7;0;0;1;3;1;A01
201100060811;0;7;0;0;2;1;1;B01
201100060811;0;7;0;0;2;6;23;C01
201100060811;0;7;0;0;2;9;1;A01
201100060812;0;1;0;0;2;8;1;B01
201100060812;0;7;0;0;2;2;17;A01
201100060813;0;7;0;0;2;1;15;A01
201100060813;0;7;0;0;2;3;1;B01
201100060814;0;7;0;0;2;3;9;A01
201100060814;0;32;0;0;2;1;1;B01
201100060815;0;7;0;0;1;2;1;A01
201100060816;0;7;0;9;0;9;1;A01
201100060817;0;10;0;0;1;1;7;A01
201100060818;0;7;0;11;0;3;13;A01
201100060819;0;34;0;0;2;1;2;B01
201100060819;0;7;0;0;2;6;2;A01
201100060820;0;7;0;0;1;1;1;A01
201100060821;0;32;0;0;1;1;1;A01
201100060822;0;30;0;0;0;0;1;A01
201100060823;0;7;0;0;2;6;10;A01
201100060823;0;30;0;0;2;1;1;B01
201100060824;0;2;0;0;1;1;1;A01
201100060825;0;7;0;0;1;7;1;A01
201100060826;0;30;0;0;2;8;1;B01
201100060826;0;7;0;0;2;1;15;A01
201100060827;0;2;0;0;1;3;17;A01
201100060828;0;37;1;0;2;1;1;B01
201100060828;0;7;0;0;2;4;17;A01
201100060829;0;33;0;1;2;1;1;B01
201100060829;0;7;0;0;2;2;9;A01
201100060830;0;7;0;0;2;6;23;B01
201100060830;0;7;0;0;2;2;2;A01
201100060831;0;32;0;0;2;1;2;B01
201100060831;0;30;0;0;2;1;15;A01
201100060832;0;7;0;0;1;3;16;A01
201100060833;0;33;0;0;0;4;23;A01
201100060833;1;7;0;0;2;1;1;Z01
201100060834;0;7;0;0;2;2;16;A01
201100060834;0;33;0;0;2;8;13;B01
201100060835;0;33;0;0;2;2;21;B01
201100060835;0;10;0;0;2;0;14;A01
201100060836;0;32;0;0;0;0;21;A01
201100060837;0;30;0;0;0;0;21;A01
201100060838;0;2;0;12;0;1;14;A01
201100060839;0;33;0;0;2;3;1;B01
201100060839;0;10;0;0;2;2;15;A01
201100060840;0;30;0;0;0;0;21;A01
201100060841;0;7;0;0;2;3;1;A01
201100060841;0;1;0;0;2;4;15;B01
201100060842;0;33;0;0;0;8;21;A01
201100060843;0;33;0;0;0;8;1;A01
201100060844;1;7;0;0;1;0;1;Z01
201100060845;0;34;0;0;2;0;2;A01
201100060846;0;32;0;0;2;1;1;A01
201100060846;0;1;0;0;2;0;19;B01
201100060847;0;32;0;0;0;2;3;A01
201100060848;0;3;0;0;1;1;15;A01
201100060849;0;1;0;0;1;1;1;A01
201100060850;0;32;0;0;1;3;16;A01
201100060851;0;31;0;0;0;7;16;A01
201100060852;0;7;0;0;2;3;1;C01
201100060852;0;7;0;0;2;6;1;A01
201100060852;0;7;0;0;2;6;23;B01
201100060853;0;30;0;0;1;1;1;A01
201100060854;0;7;0;0;2;2;11;A01
201100060854;0;32;0;0;2;2;1;B01
201100060855;0;10;0;0;2;4;23;B01
201100060855;0;30;0;0;2;4;2;A01
201100060856;0;7;0;0;0;1;0;A01
201100060856;0;1;0;0;1;7;0;B01
201100060857;0;30;0;1;1;8;21;A01
201100060858;0;1;0;0;0;0;1;A01
201100060859;0;7;0;0;2;3;11;A01
201100060859;0;14;0;0;2;2;1;B01
201100060860;0;7;0;0;2;7;9;A01
201100060860;0;32;0;0;2;1;1;B01
201100060861;0;1;0;0;2;4;3;A01
201100060861;0;7;0;0;2;4;23;B01
201100060862;0;2;0;0;0;7;1;A01
201100060863;0;10;0;8;0;5;1;A01
201100060864;0;7;0;0;1;2;1;A01
201100060865;0;33;0;0;1;1;1;A01
201100060866;0;7;0;0;2;2;1;B01
201100060866;0;1;0;0;2;1;1;A01
201100060867;0;33;0;0;0;5;21;A01
201100060868;0;7;0;0;2;3;2;A01
201100060868;0;1;0;0;2;3;2;B01
201100060869;0;1;0;0;0;0;1;A01
201100060870;0;33;0;0;2;1;1;A01
201100060870;0;7;0;0;2;3;15;B01
201100060871;0;7;0;0;1;2;1;A01
201100060872;0;32;0;0;2;1;2;A01
201100060872;0;7;0;0;2;3;2;B01
201100060873;0;7;0;0;1;1;1;A01
201100060874;0;30;0;0;1;1;18;A01
201100060875;0;33;0;0;2;4;17;B01
201100060875;0;1;0;0;2;0;13;A01
201100060876;0;7;0;0;2;5;1;A01
201100060876;0;30;0;0;2;8;1;B01
201100060877;0;7;0;0;1;2;1;A01
201100060878;0;7;0;0;2;1;15;A01
201100060878;0;33;0;0;2;1;1;B01
201100060879;0;2;0;0;0;6;23;B01
201100060879;0;2;0;0;2;2;1;A01
201100060880;0;34;0;6;0;1;1;A01
201100060881;0;7;0;0;1;2;1;A01
201100060882;0;2;0;0;9;1;1;A01
201100060883;0;7;0;0;2;7;1;A01
201100060883;0;7;0;0;2;2;1;B01
201100060884;0;7;0;0;2;7;13;A01
201100060884;0;32;0;0;2;3;17;B01
201100060885;0;7;0;0;2;8;22;B01
201100060885;0;10;0;0;2;2;1;C01
201100060885;0;33;0;0;2;2;3;A01
201100060886;0;1;0;0;0;2;21;A01
201100060887;0;7;0;8;0;1;14;A01
201100060888;0;30;0;0;2;2;1;B01
201100060888;0;7;0;0;2;3;15;A01
201100060889;0;2;0;0;0;8;1;A01
201100060890;0;7;0;7;0;1;1;A01
201100060891;0;7;0;0;1;3;1;A01
201100060892;0;32;0;0;0;0;1;A01
201100060893;0;7;0;0;1;2;1;A01
201100060894;0;30;0;0;2;1;2;A01
201100060894;0;7;0;0;2;4;2;B01
201100060895;0;10;0;0;2;1;15;A01
201100060895;0;7;0;0;2;1;1;B01
201100060896;0;7;0;0;2;0;1;B01
201100060896;0;30;0;0;2;1;1;A01
201100060897;1;7;0;0;2;3;1;Z01
201100060897;0;30;0;0;2;3;1;A01
201100060898;0;30;0;0;2;8;1;B01
201100060898;0;7;0;0;2;1;15;A01
201100060899;0;7;0;0;1;1;1;A01
201100060900;0;7;0;0;1;2;15;A01
201100060901;0;10;0;0;2;1;2;A01
201100060901;0;7;0;0;2;4;23;B01
201100060901;0;7;0;0;2;4;23;C01
201100060902;0;1;0;0;2;1;1;B01
201100060902;0;7;0;0;2;0;22;A01
201100060903;0;7;0;0;2;6;24;B01
201100060903;0;10;0;1;2;9;14;A01
201100060904;0;30;0;0;0;7;1;A01
201100060905;0;7;0;0;2;2;1;B01
201100060905;0;7;0;0;2;5;10;A01
201100060906;0;7;0;0;2;4;23;B01
201100060906;0;37;95;0;2;1;2;A01
201100060907;1;7;0;0;1;0;1;Z01
201100060908;0;7;0;0;2;3;15;B01
201100060908;0;33;0;0;2;2;17;A01
201100060909;0;7;0;0;2;3;10;A01
201100060909;0;32;0;0;2;1;5;B01
201100060910;0;30;0;0;1;1;1;A01
201100060911;0;7;0;0;2;2;15;A01
201100060911;0;33;0;0;2;3;1;B01
201100060912;0;1;0;0;2;1;2;A01
201100060912;0;7;0;0;2;4;2;B01
201100060913;0;7;0;0;1;3;1;A01
201100060914;0;7;0;0;2;6;2;B01
201100060914;0;7;0;0;2;2;2;A01
201100060915;0;7;0;0;1;3;1;A01
201100060916;0;7;0;0;0;0;9;C01
201100060916;0;33;0;0;2;1;1;A01
201100060916;0;7;0;0;2;6;23;B01
201100060917;0;7;0;0;0;6;23;B01
201100060917;0;33;0;0;2;1;1;A01
201100060918;0;7;0;0;1;3;1;A01
201100060919;0;1;0;0;1;1;1;A01
201100060920;0;1;0;0;1;1;1;A01
201100060921;1;7;0;0;2;0;9;Z01
201100060921;0;1;0;0;2;5;1;A01
201100060922;0;10;0;0;1;2;16;A01
201100060923;0;7;0;0;2;7;15;A01
201100060923;0;2;0;0;0;8;1;B01
201100060924;0;7;0;0;0;8;22;A01
201100060924;0;33;0;0;2;7;17;B01
201100060925;0;10;0;0;2;8;13;A01
201100060925;0;7;0;0;2;5;23;D01
201100060925;0;7;0;0;2;7;2;B01
201100060925;0;7;0;0;2;1;23;C01
201100060926;0;1;0;0;2;2;1;A01
201100060926;0;7;0;0;2;3;9;B01
201100060927;0;32;0;0;1;1;17;A01
201100060928;0;30;0;0;1;1;17;A01
201100060929;0;7;0;0;1;6;4;A01
201100060930;0;7;0;0;2;8;1;A01
201100060930;0;10;0;0;2;1;1;B01
201100060931;0;7;0;0;2;6;2;A01
201100060931;0;33;0;0;2;1;2;B01
201100060932;0;7;0;0;1;1;15;A01
201100060933;0;7;0;0;2;8;15;B01
201100060933;0;30;0;0;2;8;5;A01
201100060934;0;2;0;0;0;3;1;A01
201100060935;0;7;0;0;2;3;15;A01
201100060935;0;1;0;0;2;1;1;B01
201100060936;0;7;0;0;1;2;1;A01
201100060937;0;7;0;0;2;1;2;A01
201100060937;0;7;0;0;2;4;23;C01
201100060937;0;7;0;0;2;4;23;B01
201100060938;0;37;1;0;2;6;7;B01
201100060938;0;32;0;0;2;1;1;A01
201100060939;0;1;0;0;0;0;1;A01
201100060940;0;7;0;0;1;1;15;A01
201100060941;0;7;0;0;2;2;16;A01
201100060941;0;30;0;0;2;3;1;B01
201100060942;0;7;0;1;0;1;1;A01
201100060942;0;37;1;1;2;6;23;B01
201100060943;1;7;0;0;0;0;1;Z01
201100060943;0;31;0;0;2;3;1;A01
201100060943;0;7;0;0;2;5;23;B01
201100060944;0;7;0;0;2;2;1;A01
201100060944;0;33;0;0;0;4;23;B01
201100060945;0;30;0;0;0;5;1;A01
201100060946;0;34;0;0;2;3;1;B01
201100060946;0;1;0;0;2;7;1;A01
201100060947;0;7;0;0;1;1;1;A01
201100060948;0;2;0;0;1;2;21;A01
201100060949;0;7;0;0;2;1;2;A01
201100060949;0;7;0;0;0;4;23;B01
201100060950;0;33;0;0;0;0;1;A01
201100060951;0;2;0;14;0;1;1;A01
201100060952;0;30;0;8;0;0;1;A01
201100060953;0;7;0;0;1;4;4;A01
201100060954;0;30;0;0;2;7;17;A01
201100060954;1;10;0;0;2;3;15;Z01
201100060955;0;7;0;0;2;7;15;A01
201100060955;0;33;0;0;2;3;1;B01
201100060956;0;2;0;0;2;3;7;B01
201100060956;0;7;0;0;0;2;15;A01
201100060957;0;1;0;0;2;2;1;B01
201100060957;0;7;0;0;2;2;22;A01
201100060958;0;7;0;0;2;3;15;A01
201100060958;0;2;0;0;2;7;17;B01
201100060959;0;7;0;0;0;5;1;C01
201100060959;0;7;0;0;0;6;23;B01
201100060959;0;33;0;0;2;0;1;A01
201100060960;0;10;0;0;0;7;1;A01
201100060960;0;32;0;0;0;1;1;B01
201100060961;0;2;0;0;2;8;17;A01
201100060962;0;7;0;0;2;6;15;A01
201100060962;0;33;0;0;2;5;17;B01
201100060963;0;10;0;0;2;6;1;B01
201100060963;0;30;0;0;2;1;1;A01
201100060964;0;7;0;5;0;3;1;A01
201100060965;0;7;0;0;2;1;15;A01
201100060965;0;7;0;0;2;3;1;B01
201100060966;0;32;0;0;0;0;21;A01
201100060967;0;7;0;0;2;1;15;B01
201100060967;0;7;0;0;2;2;1;A01
201100060968;0;7;0;0;2;7;1;A01
201100060968;0;1;0;0;2;8;19;B01
201100060969;0;14;0;0;2;4;1;D01
201100060969;0;7;0;0;2;4;1;C01
201100060969;0;14;0;0;2;4;1;B01
201100060969;0;14;0;1;2;1;1;A01
201100060970;0;32;0;0;0;8;1;A01
201100060971;0;30;0;0;2;1;17;A01
201100060971;1;7;0;0;2;3;13;Z01
201100060972;0;7;0;0;2;8;16;B01
201100060972;0;1;0;0;2;1;1;A01
201100060973;0;7;0;4;0;1;13;A01
201100060974;0;10;0;0;2;2;15;A01
201100060974;0;7;0;0;2;3;1;B01
201100060975;0;15;0;0;2;6;13;A01
201100060975;0;34;0;0;2;3;15;B01
201100060976;0;7;0;0;2;8;22;B01
201100060976;0;7;0;0;2;2;1;A01
201100060977;0;33;0;0;2;8;1;A01
201100060977;0;13;0;0;2;3;10;B01
201100060978;0;30;0;0;2;3;18;B01
201100060978;0;7;0;0;2;7;12;A01
201100060979;0;32;0;0;1;8;1;A01
201100060980;0;33;0;0;2;8;18;B01
201100060980;0;10;0;0;2;2;1;A01
201100060981;0;10;0;0;2;5;15;A01
201100060981;0;37;25;0;2;2;1;B01
201100060982;0;7;0;0;2;8;15;A01
201100060982;0;33;0;0;2;2;1;B01
201100060983;0;37;0;0;1;1;7;A01
201100060984;0;7;0;0;1;2;7;A01
201100060985;0;2;0;0;2;7;14;A01
201100060985;0;7;0;0;2;3;1;B01
201100060986;0;7;0;0;1;0;20;A01
201100060987;0;1;0;0;0;0;1;A01
201100060988;0;30;0;0;2;8;1;B01
201100060988;0;10;0;0;2;2;14;A01
201100060989;0;7;0;1;0;2;14;A01
201100060990;0;7;0;0;1;1;1;A01
201100060991;0;7;0;0;1;1;9;A01
201100060992;0;32;0;1;0;3;14;A01
201100060993;0;32;0;0;2;1;2;A01
201100060993;0;13;0;0;2;7;1;C01
201100060993;0;7;0;0;2;6;2;B01
201100060994;0;30;0;0;0;8;1;A01
201100060995;0;14;0;0;2;1;2;A01
201100060995;0;7;0;0;2;4;23;B01
201100060996;0;37;1;0;1;2;7;A01
201100060997;0;2;0;0;2;1;1;A01
201100060997;0;7;0;0;2;5;15;B01
201100060998;0;7;0;0;2;2;15;B01
201100060998;0;7;0;1;2;9;1;A01
201100060999;0;2;0;0;0;8;1;A01
201100061000;0;30;0;0;0;0;16;A01
201100061001;0;33;0;0;1;2;1;A01
201100061002;0;30;0;0;0;0;1;A01
201100061003;0;30;0;0;2;8;1;A01
201100061003;1;7;0;0;2;1;15;Z01
201100061004;0;7;0;0;2;1;23;C01
201100061004;0;30;0;0;2;1;18;B01
201100061004;0;7;0;0;2;7;1;A01
201100061005;0;7;0;0;2;6;9;A01
201100061005;0;31;0;0;2;0;1;B01
201100061006;0;7;0;1;0;2;21;A01
201100061007;0;10;0;0;2;7;10;A01
201100061007;0;30;0;0;2;1;1;B01
201100061008;0;33;0;0;2;7;17;A01
201100061008;0;7;0;0;2;8;13;B01
201100061009;0;33;0;0;2;1;2;A01
201100061009;0;7;0;0;2;4;23;B01
201100061010;0;7;0;0;2;1;2;A01
201100061010;0;7;0;0;2;4;23;C01
201100061010;0;7;0;0;2;1;2;B01
201100061011;0;30;0;0;1;1;1;A01
201100061012;0;30;0;0;2;4;23;B01
201100061012;0;7;0;0;2;1;2;A01
201100061013;0;7;0;0;2;4;1;C01
201100061013;0;7;0;0;2;4;1;D01
201100061013;0;33;0;0;2;4;23;B01
201100061013;0;7;0;1;2;4;1;A01
201100061014;0;1;0;0;2;4;1;B01
201100061014;0;13;0;0;2;5;22;A01
201100061015;0;32;0;0;0;8;1;A01
201100061016;0;30;0;0;0;0;15;A01
201100061017;0;30;0;0;2;1;18;A01
201100061017;0;7;0;0;2;5;16;B01
201100061018;0;7;0;0;2;2;1;A01
201100061018;0;7;0;0;2;3;15;B01
201100061019;0;1;0;0;2;1;15;A01
201100061019;0;32;0;0;2;1;1;B01
201100061020;0;14;0;6;0;1;1;A01
201100061021;0;7;0;12;0;1;1;A01
201100061022;0;2;0;0;2;3;1;B01
201100061022;0;7;0;0;2;2;15;A01
201100061023;0;30;0;0;0;5;16;B01
201100061023;0;7;0;0;0;5;16;A01
201100061024;0;31;0;12;2;2;1;A01
201100061024;0;7;0;0;2;3;15;B01
201100061025;0;30;0;0;2;8;1;B01
201100061025;0;7;0;0;2;7;16;A01
201100061026;0;7;0;0;0;6;23;B01
201100061026;0;7;0;0;0;2;1;A01
201100061027;0;7;0;4;0;2;21;A01
201100061028;0;32;0;0;1;2;1;A01
201100061029;0;32;0;0;0;0;1;A01
201100061030;0;7;0;0;1;3;1;A01
201100061031;0;1;0;0;2;1;7;B01
201100061031;0;7;0;0;2;2;15;A01
201100061032;0;32;0;0;2;1;1;B01
201100061032;0;7;0;0;2;7;10;A01
201100061033;0;7;0;0;1;3;1;A01
201100061034;0;7;0;0;0;2;15;B01
201100061034;0;32;0;0;0;1;1;A01
201100061035;0;7;0;0;1;2;16;A01
201100061036;0;7;0;0;1;2;15;A01
201100061037;0;7;0;1;0;2;1;A01
201100061038;0;30;0;0;2;2;17;B01
201100061038;0;7;0;0;2;3;13;A01
201100061039;0;7;0;0;2;3;10;A01
201100061039;0;30;0;0;2;1;1;B01
201100061040;0;30;0;0;0;5;1;B01
201100061040;0;7;0;0;0;3;16;A01
201100061041;0;10;0;0;2;5;1;A01
201100061041;0;33;0;0;2;1;1;B01
201100061042;0;7;0;0;2;5;23;B01
201100061042;0;7;0;0;2;3;2;A01
201100061043;0;7;0;0;1;7;1;A01
201100061044;0;30;0;0;1;1;1;A01
201100061045;0;32;0;0;1;1;1;A01
201100061046;0;7;0;0;1;1;1;A01
201100061047;0;2;0;0;0;3;1;A01
201100061048;0;7;0;0;1;2;1;A01
201100061049;1;7;0;0;1;0;16;Z01
201100061050;0;37;50;0;1;2;1;A01
201100061051;0;7;0;0;2;5;16;B01
201100061051;0;32;0;0;2;8;7;A01
201100061052;0;7;0;0;0;2;15;B01
201100061052;0;2;0;0;2;3;18;A01
201100061053;0;30;0;0;2;1;1;B01
201100061053;0;30;0;0;2;7;15;A01
201100061054;0;32;0;0;0;3;1;A01
201100061055;1;7;0;0;2;4;4;Z01
201100061055;0;32;0;0;2;1;2;A01
201100061056;0;30;0;0;2;1;1;B01
201100061056;0;7;0;0;2;8;1;A01
201100061057;0;31;0;0;2;0;23;B01
201100061057;0;10;0;0;2;0;13;A01
201100061058;0;33;0;0;2;2;1;A01
201100061058;0;7;0;0;2;6;15;B01
201100061059;0;30;0;0;0;0;1;A01
201100061060;0;7;0;1;2;5;1;B01