num_acc;senc;catv;occutc;obs;obsm;choc;manv;num_veh
201100061060;0;37;1;0;2;2;1;A01
201100061061;0;7;0;0;2;2;16;B01
201100061061;0;33;0;0;2;3;18;A01
201100061062;0;2;0;0;2;2;17;A01
201100061062;0;37;1;0;2;3;1;B01
201100061063;0;31;0;0;0;2;1;B01
201100061063;0;7;0;0;0;3;9;A01
201100061064;0;33;0;0;1;2;17;A01
201100061065;0;30;0;0;2;2;1;A01
201100061065;0;7;0;0;2;1;15;B01
201100061066;0;32;0;0;0;8;1;A01
201100061067;0;1;0;0;1;1;1;A01
201100061068;0;33;0;0;0;0;21;A01
201100061069;0;7;0;0;2;2;16;A01
201100061069;0;1;0;0;2;3;7;B01
201100061070;0;7;0;0;2;6;23;B01
201100061070;0;7;0;0;2;3;2;A01
201100061071;0;37;0;0;1;2;1;A01
201100061072;0;7;0;0;2;2;9;A01
201100061072;0;33;0;0;2;7;1;B01
201100061073;0;10;0;0;2;2;2;A01
201100061073;0;33;0;0;2;1;2;B01
201100061074;0;7;0;0;2;3;15;A01
201100061074;0;30;0;0;2;8;1;B01
201100061075;0;32;0;0;0;0;21;A01
201100061076;0;34;0;0;2;2;2;A01
201100061076;0;7;0;0;2;6;15;B01
201100061077;0;7;0;0;2;7;15;A01
201100061077;0;33;0;0;2;1;7;B01
201100061078;0;7;0;0;1;1;1;A01
201100061079;0;32;0;0;0;0;1;A01
201100061080;0;34;0;0;1;2;17;A01
201100061081;0;7;0;0;2;2;1;A01
201100061081;0;33;0;0;2;2;1;B01
201100061082;0;10;0;0;2;2;5;A01
201100061082;0;7;0;0;2;8;15;B01
201100061083;0;32;0;0;2;7;17;A01
201100061083;0;7;0;0;2;8;15;B01
201100061084;0;32;0;0;1;2;1;A01
201100061085;0;7;0;0;1;2;15;A01
201100061086;0;34;0;0;2;2;17;A01
201100061086;0;7;0;0;2;3;15;B01
201100061087;0;33;0;0;0;2;1;B01
201100061087;0;7;0;0;2;4;11;A01
201100061088;0;30;0;0;2;2;1;B01
201100061088;0;7;0;0;2;3;13;A01
201100061089;0;34;0;0;0;6;1;B01
201100061089;0;10;0;0;0;3;15;A01
201100061090;0;33;0;0;2;2;17;A01
201100061090;0;7;0;0;0;5;15;B01
201100061091;0;7;0;0;2;1;15;B01
201100061091;0;32;0;0;2;1;16;A01
201100061092;0;34;0;0;1;5;1;A01
201100061093;0;7;0;0;2;1;15;A01
201100061093;0;32;0;0;2;8;7;B01
201100061094;0;30;0;0;0;0;1;A01
201100061095;0;7;0;0;2;3;22;A01
201100061095;0;1;0;0;2;2;1;B01
201100061096;0;33;0;0;1;3;1;A01
201100061097;0;30;0;0;1;1;1;A01
201100061098;0;7;0;0;1;1;1;A01
201100061099;0;1;0;0;2;2;1;B01
201100061099;0;7;0;0;9;3;9;A01
201100061100;0;7;0;0;9;2;15;A01
201100061100;0;1;0;0;2;2;1;B01
201100061101;0;31;0;0;0;0;21;A01
201100061102;0;7;0;0;1;2;16;A01
201100061103;0;31;0;0;2;6;21;A01
201100061104;0;30;0;0;1;0;21;A01
201100061105;1;7;0;0;2;0;1;Z01
201100061105;0;30;0;0;2;1;13;A01
201100061106;0;2;0;0;1;1;1;A01
201100061107;0;30;0;0;0;0;1;A01
201100061108;1;7;0;0;2;3;16;Z01
201100061108;0;32;0;0;2;7;23;A01
201100061109;0;30;0;0;1;1;1;A01
201100061110;0;7;0;0;2;3;5;A01
201100061110;0;32;0;0;2;9;1;B01
201100061111;0;10;0;0;1;4;4;A01
201100061112;0;7;0;0;1;3;1;A01
201100061113;0;33;0;12;0;8;1;A01
201100061114;0;31;0;0;2;1;1;B01
201100061114;0;7;0;0;2;3;15;A01
201100061115;0;7;0;0;2;7;22;A01
201100061115;0;1;0;0;2;8;18;B01
201100061116;0;2;0;0;2;1;5;A01
201100061116;0;7;0;0;2;1;15;B01
201100061117;0;7;0;0;1;5;4;A01
201100061118;1;7;0;0;1;4;4;Z01
201100061119;0;32;0;0;0;8;1;A01
201100061120;0;32;0;0;1;1;1;A01
201100061121;0;10;0;0;2;3;16;C01
201100061121;0;7;0;0;2;2;2;A01
201100061121;0;10;0;0;2;6;2;B01
201100061122;0;31;0;0;0;8;21;A01
201100061123;0;7;0;0;2;8;10;A01
201100061123;0;32;0;0;2;7;1;B01
201100061124;0;32;0;0;2;1;1;B01
201100061124;0;7;0;0;2;3;9;A01
201100061125;0;7;0;0;2;2;10;A01
201100061125;0;10;0;0;2;3;1;B01
201100061126;0;7;0;0;2;3;2;A01
201100061126;0;32;0;0;2;4;2;B01
201100061127;0;7;0;0;1;1;0;A01
201100061128;0;33;0;0;0;1;1;A01
201100061129;0;7;0;0;2;5;15;A01
201100061129;0;7;0;0;2;1;1;B01
201100061130;0;2;0;0;0;3;1;A01
201100061131;0;34;0;0;1;1;1;A01
201100061132;0;32;0;0;2;1;17;B01
201100061132;0;7;0;0;2;8;10;A01
201100061133;0;32;0;0;2;7;17;B01
201100061133;0;7;0;0;2;8;13;A01
201100061134;0;7;0;0;1;2;15;A01
201100061135;0;30;0;0;2;1;1;B01
201100061135;0;7;0;0;2;2;15;A01
201100061136;0;1;0;1;0;3;14;A01
201100061137;0;7;0;0;1;7;1;A01
201100061138;0;7;0;0;2;1;2;A01
201100061138;0;7;0;0;2;4;23;B01
201100061139;0;33;0;0;2;3;1;B01
201100061139;0;7;0;0;2;3;15;A01
201100061140;0;7;0;0;2;1;1;B01
201100061140;0;7;0;0;2;2;15;A01
201100061141;0;32;0;0;2;1;1;A01
201100061141;0;7;0;0;2;2;15;B01
201100061142;0;32;0;0;1;1;17;A01
201100061143;0;7;0;14;0;1;13;A01
201100061144;0;32;0;0;2;8;1;B01
201100061144;0;7;0;0;2;5;16;A01
201100061145;0;32;0;0;1;1;16;A01
201100061146;0;31;0;0;2;3;14;A01
201100061146;0;7;0;0;2;5;23;B01
201100061147;0;7;0;0;2;0;1;A01
201100061147;0;7;0;0;2;0;1;B01
201100061148;0;30;0;0;0;7;1;A01
201100061149;0;7;0;0;1;1;1;A01
201100061150;0;34;0;0;0;0;1;A01
201100061151;0;7;0;0;1;1;17;A01
201100061152;0;7;0;0;2;7;16;A01
201100061152;0;30;0;0;2;8;1;B01
201100061153;0;32;0;0;2;7;1;A01
201100061153;0;7;0;0;2;3;16;B01
201100061154;0;32;0;0;0;8;1;A01
201100061155;0;2;0;1;0;0;21;A01
201100061156;0;7;0;0;1;4;20;A01
201100061157;0;32;0;0;1;0;1;A01
201100061158;0;7;0;0;2;3;2;A01
201100061158;0;7;0;0;2;5;23;B01
201100061158;0;7;0;0;2;4;23;C01
201100061159;0;34;0;8;2;2;1;B01
201100061159;0;10;0;0;2;1;1;A01
201100061160;0;2;0;0;1;1;1;A01
201100061161;0;2;0;0;2;1;1;A01
201100061161;0;7;0;0;0;4;23;B01
201100061162;0;2;0;0;1;1;1;A01
201100061163;0;7;0;1;1;1;14;A01
201100061164;0;7;0;0;2;3;1;A01
201100061164;0;10;0;0;2;2;1;B01
201100061165;0;7;0;0;2;3;11;A01
201100061165;0;33;0;0;2;7;1;B01
201100061166;0;7;0;0;1;3;1;A01
201100061167;0;7;0;0;2;0;14;A01
201100061167;0;32;0;0;0;8;1;B01
201100061168;0;1;0;0;2;2;1;B01
201100061168;0;7;0;0;2;3;22;A01
201100061169;0;7;0;6;2;3;1;B01
201100061169;0;7;0;0;2;2;16;A01
201100061170;0;32;0;0;2;1;1;B01
201100061170;0;7;0;0;2;3;1;A01
201100061171;0;10;0;0;1;3;16;A01
201100061172;0;7;0;0;1;3;4;A01
201100061173;0;7;0;0;1;2;1;A01
201100061174;0;7;0;0;1;2;17;A01
201100061175;0;7;0;0;1;1;1;A01
201100061176;0;33;0;0;2;8;1;B01
201100061176;0;7;0;0;2;2;15;A01
201100061177;0;32;0;0;1;2;1;A01
201100061178;0;7;0;0;1;3;17;A01
201100061179;0;7;0;0;1;2;1;A01
201100061180;0;2;0;0;2;3;1;B01
201100061180;0;7;0;0;2;3;22;A01
201100061181;0;7;0;6;2;7;1;A01
201100061181;0;7;0;0;2;1;1;B01
201100061182;0;2;0;0;1;1;17;A01
201100061183;0;34;0;0;2;1;1;B01
201100061183;0;10;0;0;2;7;1;A01
201100061184;0;7;0;0;1;1;15;A01
201100061185;0;33;0;0;0;8;1;A01
201100061186;0;32;0;0;2;1;1;B01
201100061186;0;7;0;0;2;2;16;A01
201100061187;0;7;0;0;2;2;16;A01
201100061187;0;1;0;0;2;6;7;B01
201100061188;0;1;0;0;2;7;7;B01
201100061188;0;2;0;0;2;8;18;A01
201100061189;0;7;0;0;0;2;16;A01
201100061189;0;1;0;0;2;1;1;B01
201100061190;0;10;0;0;2;7;16;B01
201100061190;0;32;0;0;2;3;7;A01
201100061191;0;1;0;0;0;0;21;A01
201100061192;0;32;0;0;2;3;1;B01
201100061192;0;7;0;0;2;3;15;A01
201100061193;0;14;0;0;2;3;1;A01
201100061193;0;2;0;0;2;6;1;B01
201100061194;0;7;0;0;2;1;1;A01
201100061194;0;7;0;0;0;4;1;B01
201100061195;0;7;0;0;1;3;15;A01
201100061196;0;32;0;0;1;1;1;A01
201100061197;0;7;0;0;2;6;11;B01
201100061197;0;32;0;0;2;1;3;A01
201100061198;0;7;0;0;1;1;16;A01
201100061199;0;34;0;8;2;2;17;B01
201100061199;0;7;0;0;2;3;10;A01
201100061200;0;10;0;0;2;8;1;B01
201100061200;0;7;0;0;2;3;13;A01
201100061201;0;1;0;0;2;3;1;B01
201100061201;0;7;0;0;2;1;16;A01
201100061202;0;33;0;0;2;1;1;B01
201100061202;0;7;0;0;2;1;15;A01
201100061203;0;32;0;0;2;1;7;A01
201100061203;0;10;0;0;2;7;16;B01
201100061204;0;33;0;0;0;3;21;A01
201100061205;0;7;0;0;2;2;16;A01
201100061205;0;1;0;0;2;0;7;B01
201100061206;0;34;0;0;2;3;19;A01
201100061206;0;7;0;0;2;2;1;B01
201100061207;0;7;0;0;1;2;1;A01
201100061208;0;34;0;0;2;4;23;B01
201100061208;0;7;0;0;2;1;1;A01
201100061209;0;34;0;0;2;2;17;B01
201100061209;0;7;0;0;2;3;15;A01
201100061210;0;30;0;0;2;6;18;A01
201100061210;0;37;1;0;2;7;16;B01
201100061211;0;33;0;0;2;2;17;B01
201100061211;0;7;0;0;2;8;13;A01
201100061212;0;33;0;0;2;1;1;B01
201100061212;0;7;0;0;2;8;1;A01
201100061213;0;7;0;0;1;1;15;A01
201100061214;0;30;0;15;0;1;7;A01
201100061215;0;7;0;0;2;1;15;A01
201100061215;0;7;0;2;0;1;1;B01
201100061216;0;7;0;0;0;3;1;B01
201100061216;0;32;0;0;0;1;15;A01
201100061217;0;33;0;0;2;4;23;B01
201100061217;0;7;0;0;2;2;13;A01
201100061218;0;7;0;14;0;1;14;A01
201100061219;0;7;0;1;1;4;20;A01
201100061220;0;7;0;0;2;2;15;A01
201100061220;0;33;0;0;2;3;1;B01
201100061221;0;31;0;0;2;1;13;A01
201100061221;0;30;0;0;2;1;1;B01
201100061222;0;32;0;0;1;1;1;A01
201100061223;0;7;0;0;2;2;15;A01
201100061223;0;33;0;0;2;1;1;B01
201100061224;0;7;0;0;1;3;1;A01
201100061225;0;7;0;0;0;7;12;A01
201100061225;0;33;0;0;2;8;1;B01
201100061226;0;2;0;0;2;7;17;A01
201100061226;0;7;0;0;2;8;15;B01
201100061227;0;7;0;0;1;3;1;A01
201100061228;0;13;0;0;1;3;15;A01
201100061229;0;7;0;0;2;1;9;A01
201100061229;0;1;0;0;2;8;1;B01
201100061230;0;32;0;0;1;1;17;A01
201100061231;0;7;0;1;0;2;14;A01
201100061232;0;7;0;0;1;1;16;A01
201100061233;0;7;0;0;1;3;1;A01
201100061234;0;7;0;0;2;3;22;A01
201100061234;0;1;0;0;2;7;1;B01
201100061235;0;7;0;0;2;1;9;A01
201100061235;0;1;0;0;2;8;1;B01
201100061236;0;7;0;0;1;3;1;A01
201100061237;0;1;0;0;2;1;1;B01
201100061237;0;7;0;0;2;8;22;A01
201100061238;0;2;0;0;1;0;15;A01
201100061239;0;32;0;1;2;4;2;A01
201100061239;1;7;0;0;2;1;2;Z01
201100061240;0;31;0;0;1;2;1;A01
201100061241;0;32;0;0;2;7;1;B01
201100061241;0;10;0;0;2;3;22;A01
201100061242;0;37;1;0;2;3;7;B01
201100061242;0;7;0;0;2;5;16;A01
201100061243;0;3;0;0;2;9;1;A01
201100061243;0;7;0;0;2;1;15;B01
201100061244;0;7;0;0;2;1;2;A01
201100061244;0;33;0;0;2;4;2;B01
201100061245;0;7;0;0;1;3;1;A01
201100061246;0;7;0;0;1;1;1;A01
201100061247;0;7;0;0;2;3;1;A01
201100061247;0;33;0;0;2;1;1;B01
201100061248;0;7;0;0;2;1;2;A01
201100061248;0;7;0;0;2;4;23;B01
201100061249;0;32;0;0;2;3;1;A01
201100061249;0;7;0;0;2;8;23;B01
201100061250;0;2;0;0;1;1;1;A01
201100061251;0;33;0;6;2;1;17;A01
201100061251;1;7;0;0;2;3;15;B01
201100061252;0;7;0;0;1;1;7;A01
201100061253;0;7;0;0;1;2;1;A01
201100061254;0;7;0;0;2;7;10;A01
201100061254;0;1;0;0;2;7;1;B01
201100061255;0;7;0;0;2;6;2;B01
201100061255;0;7;0;0;2;1;2;A01
201100061256;0;1;0;0;1;1;1;A01
201100061257;0;33;0;0;2;1;1;A01
201100061257;0;7;0;0;2;4;23;B01
201100061257;0;7;0;0;2;1;23;C01
201100061258;0;32;0;0;2;0;13;A01
201100061258;0;1;0;0;2;0;11;B01
201100061259;0;30;0;0;1;1;17;A01
201100061260;0;30;0;0;2;1;15;A01
201100061260;0;1;0;0;2;8;1;B01
201100061261;0;1;0;0;1;1;1;A01
201100061262;0;7;0;0;2;3;1;A01
201100061262;0;1;0;1;0;8;19;B01
201100061263;0;34;0;0;0;0;16;A01
201100061264;0;30;0;1;0;1;14;A01
201100061265;0;37;2;14;2;2;16;A01
201100061265;1;3;0;0;2;0;1;Z01
201100061266;0;7;0;0;2;2;15;A01
201100061266;0;1;0;0;2;1;1;B01
201100061267;0;33;0;0;0;0;1;A01
201100061268;0;2;0;0;0;0;1;A01
201100061269;0;33;0;0;1;1;1;A01
201100061270;0;30;0;0;2;8;1;B01
201100061270;0;7;0;0;2;1;1;A01
201100061271;0;34;0;0;1;1;17;A01
201100061272;0;1;0;0;2;1;1;C01
201100061272;0;1;0;0;2;0;1;D01
201100061272;0;7;0;8;2;2;1;A01
201100061272;0;7;0;0;2;4;23;B01
201100061273;0;33;0;4;0;1;13;A01
201100061274;1;7;0;0;2;0;1;Z01
201100061274;0;30;0;0;2;1;1;A01
201100061275;0;30;0;14;0;1;21;A01
201100061276;0;7;0;0;2;1;1;A01
201100061276;0;33;0;0;2;1;17;B01
201100061277;0;7;0;0;2;1;1;A01
201100061277;0;33;0;0;0;4;23;B01
201100061278;0;7;0;0;0;4;16;A01
201100061278;0;38;1;0;0;2;1;B01
201100061279;0;7;0;0;1;5;16;A01
201100061280;0;33;0;0;2;6;17;A01
201100061280;0;7;0;0;2;3;15;B01
201100061281;0;30;0;0;2;1;1;A01
201100061281;0;30;0;0;2;0;1;B01
201100061282;0;1;0;0;0;4;1;A01
201100061282;0;32;0;0;0;4;23;B01
201100061283;1;7;0;0;0;0;0;Z01
201100061284;1;7;0;0;2;5;16;Z01
201100061284;0;34;0;0;2;5;1;B01
201100061285;0;7;0;0;9;6;23;B01
201100061285;0;1;0;0;2;1;1;A01
201100061286;0;31;0;0;0;0;21;A01
201100061287;0;32;0;0;0;8;21;A01
201100061288;1;7;0;0;1;1;1;Z01
201100061289;0;7;0;0;2;3;15;B01
201100061289;0;31;0;0;2;1;5;A01
201100061290;0;32;0;0;1;1;17;A01
201100061291;0;7;0;0;2;2;16;A01
201100061291;0;33;0;0;2;8;1;B01
201100061292;0;7;0;0;2;5;12;A01
201100061292;0;33;0;0;2;3;3;B01
201100061293;0;2;0;0;2;2;1;A01
201100061293;0;7;0;0;2;3;1;B01
201100061294;0;33;0;0;2;7;17;B01
201100061294;0;7;0;1;2;8;11;A01
201100061294;0;7;0;0;2;8;1;C01
201100061295;0;33;0;14;0;7;1;A01
201100061296;0;7;0;0;2;4;1;B01
201100061296;0;32;0;0;2;1;1;A01
201100061297;0;7;0;0;2;6;2;B01
201100061297;0;33;0;0;2;2;2;A01
201100061298;0;7;0;0;2;8;13;A01
201100061298;0;14;0;0;2;1;1;B01
201100061299;0;7;0;0;2;2;15;A01
201100061299;0;32;0;0;2;2;7;B01
201100061300;0;7;0;0;1;5;1;A01
201100061301;0;32;0;0;0;0;21;A01
201100061302;0;7;0;0;1;2;7;A01
201100061303;0;7;0;0;2;3;15;B01
201100061303;0;31;0;0;2;2;1;A01
201100061304;0;33;0;0;2;8;7;B01
201100061304;0;7;0;0;2;2;14;A01
201100061305;0;7;0;0;2;6;1;B01
201100061305;0;7;0;0;2;1;1;A01
201100061306;0;33;0;1;0;1;21;A01
201100061307;0;7;0;0;2;5;2;B01
201100061307;0;30;0;0;2;3;2;A01
201100061308;0;7;0;0;2;8;22;A01
201100061308;0;1;0;0;2;3;1;B01
201100061309;0;30;0;0;2;1;2;A01
201100061309;0;7;0;0;2;4;2;B01
201100061310;0;1;0;0;2;8;19;A01
201100061310;1;7;0;0;2;1;1;Z01
201100061311;0;10;0;0;2;2;16;B01
201100061311;0;33;0;0;2;8;7;A01
201100061312;0;7;0;0;1;3;18;A01
201100061313;0;2;0;0;0;0;1;A01
201100061314;0;10;0;0;1;1;1;A01
201100061315;0;10;0;0;1;1;1;A01
201100061316;0;30;0;12;0;1;16;A01
201100061317;0;7;0;0;2;1;1;B01
201100061317;0;7;0;0;2;7;16;A01
201100061318;0;7;0;0;1;1;15;A01
201100061319;0;7;0;0;2;3;1;B01
201100061319;0;32;0;0;2;7;1;A01
201100061320;0;7;0;0;2;5;15;A01
201100061320;0;10;0;0;2;5;1;B01
201100061321;0;7;0;0;1;1;1;A01
201100061322;0;1;0;0;0;0;1;A01
201100061323;0;1;0;0;2;8;1;B01
201100061323;0;7;0;0;2;7;22;A01
201100061324;0;7;0;0;2;3;15;B01
201100061324;0;2;0;0;2;8;17;A01
201100061325;0;37;2;0;2;3;7;B01
201100061325;0;7;0;0;2;5;16;A01
201100061326;0;10;0;0;0;2;16;A01
201100061327;0;7;0;0;2;1;15;A01
201100061327;0;2;0;0;2;8;1;B01
201100061328;0;1;0;12;2;1;12;B01
201100061328;0;34;0;0;2;2;18;A01
201100061329;0;7;0;0;2;2;17;A01
201100061329;0;7;0;0;2;5;1;B01
201100061329;0;30;0;0;2;8;1;C01
201100061330;0;7;0;0;2;8;22;A01
201100061330;0;32;0;0;2;0;1;B01
201100061331;0;7;0;0;1;1;1;A01
201100061332;0;7;0;0;2;2;1;A01
201100061332;0;30;0;0;2;1;1;B01
201100061333;0;33;0;0;2;4;1;B01
201100061333;0;10;0;0;2;3;15;A01
201100061334;0;33;0;0;0;0;1;A01
201100061335;0;30;0;0;2;3;2;A01
201100061335;0;32;0;0;2;4;2;B01
201100061336;0;1;0;0;2;3;13;B01
201100061336;0;7;0;0;2;7;17;A01
201100061337;0;10;0;0;2;2;10;A01
201100061337;0;37;1;0;2;3;7;B01
201100061338;0;7;0;0;2;5;20;B01
201100061338;0;32;0;0;2;1;1;A01
201100061339;0;7;0;0;2;3;1;B01
201100061339;0;2;0;0;2;1;1;A01
201100061340;0;1;0;0;2;1;16;B01
201100061340;0;7;0;0;2;1;15;A01
201100061341;0;13;0;0;2;7;12;A01
201100061341;0;32;0;0;2;8;1;B01
201100061342;0;7;0;0;1;1;1;A01
201100061343;0;33;0;0;1;3;1;A01
201100061344;0;2;0;0;2;1;1;A01
201100061344;0;7;0;0;2;3;1;B01
201100061345;0;10;0;0;2;8;15;A01
201100061345;0;32;0;0;2;1;17;B01
201100061346;0;7;0;0;2;4;23;B01
201100061346;0;7;0;0;2;1;2;A01
201100061346;0;7;0;0;2;4;23;C01
201100061346;0;7;0;0;2;4;23;D01
201100061347;0;7;0;0;1;3;16;A01
201100061348;0;33;0;0;1;1;1;A01
201100061349;0;32;0;0;0;1;18;A01
201100061349;0;7;0;0;2;2;16;B01
201100061350;0;7;0;0;1;2;15;A01
201100061351;0;7;0;0;2;2;16;A01
201100061351;0;33;0;0;2;3;1;B01
201100061352;0;2;0;0;2;1;17;A01
201100061352;0;7;0;0;2;8;15;B01
201100061353;1;7;0;0;1;3;1;Z01
201100061354;0;1;0;0;2;7;1;A01
201100061354;0;7;0;0;2;3;1;B01
201100061355;0;32;0;0;1;2;17;A01
201100061356;0;7;0;0;1;7;16;A01
201100061357;0;7;0;0;0;1;15;A01
201100061357;0;1;0;0;0;7;19;B01
201100061358;1;7;0;0;1;1;16;Z01
201100061359;1;7;0;0;2;8;22;Z01
201100061359;0;1;0;0;2;1;1;A01
201100061360;0;30;0;0;2;2;9;A01
201100061360;0;7;0;0;2;2;1;B01
201100061361;0;33;0;0;2;8;1;A01
201100061361;1;14;0;0;2;7;16;Z01
201100061362;0;7;0;0;1;1;15;A01
201100061363;0;7;0;0;1;3;9;A01
201100061364;0;7;0;0;1;6;4;A01
201100061365;0;7;0;0;2;2;16;A01
201100061365;0;1;0;0;2;1;1;B01
201100061366;0;7;0;0;1;0;7;A01
201100061367;0;7;0;0;2;5;1;B01
201100061367;0;34;0;0;2;7;18;A01
201100061368;0;7;0;0;2;4;23;B01
201100061368;0;7;0;0;2;1;2;A01
201100061369;0;7;0;0;2;3;15;A01
201100061369;0;33;0;11;2;8;17;B01
201100061370;0;7;0;0;1;2;7;A01
201100061371;0;7;0;0;0;4;23;A01
201100061371;0;13;0;0;2;1;1;B01
201100061372;0;7;0;0;2;3;10;A01
201100061372;0;33;0;0;2;2;1;B01
201100061373;0;7;0;0;0;4;23;B01
201100061373;0;32;0;0;2;1;1;A01
201100061374;0;7;0;0;2;2;15;A01
201100061374;0;30;0;0;2;1;1;B01
201100061375;0;7;0;0;0;5;16;A01
201100061375;0;1;0;0;2;1;15;B01
201100061376;0;32;0;0;1;1;1;A01
201100061377;1;7;0;0;1;1;1;Z01
201100061378;0;10;0;0;2;7;15;A01
201100061378;0;32;0;0;2;3;1;B01
201100061379;0;31;0;0;0;0;21;A01
201100061380;0;7;0;0;1;1;15;A01
201100061381;0;7;0;0;2;8;2;A01
201100061381;0;13;0;0;2;2;2;B01
201100061382;0;32;0;0;0;0;1;A01
201100061383;0;32;0;0;2;8;1;B01
201100061383;0;7;0;0;2;2;15;A01
201100061384;0;10;0;0;1;2;15;A01
201100061385;0;10;0;1;1;5;1;A01
201100061386;0;7;0;0;2;3;13;A01
201100061386;0;32;0;0;2;7;1;B01
201100061387;0;10;0;0;2;1;2;A01
201100061387;0;7;0;0;2;4;23;B01
201100061388;0;7;0;0;2;3;13;A01
201100061388;0;31;0;0;2;7;1;B01
201100061389;1;7;0;0;1;0;1;Z01
201100061390;0;30;0;0;2;2;15;A01
201100061390;0;7;0;0;2;1;1;B01
201100061391;0;7;0;11;0;1;15;A01
201100061392;0;32;0;0;2;0;21;A01
201100061393;0;33;0;0;2;2;17;B01
201100061393;0;7;0;0;2;3;15;A01
201100061394;0;7;0;0;2;0;15;A01
201100061394;0;30;0;0;2;0;1;B01
201100061395;0;32;0;0;2;1;2;B01
201100061395;0;7;0;0;2;4;23;A01
201100061396;0;33;0;1;0;8;13;A01
201100061397;0;7;0;0;1;4;4;A01
201100061398;0;2;0;0;0;0;1;A01
201100061399;0;32;0;0;2;8;10;A01
201100061399;0;7;0;0;2;2;1;B01
201100061400;0;7;0;0;2;3;1;A01
201100061400;0;7;0;0;2;1;1;B01
201100061401;0;32;0;0;2;0;1;A01
201100061401;0;7;0;0;2;0;14;B01
201100061402;0;7;0;0;9;5;23;B01
201100061402;0;32;0;0;2;1;1;A01
201100061403;0;7;0;0;2;8;1;B01
201100061403;0;2;0;0;2;1;1;A01
201100061404;0;32;0;0;2;1;1;B01
201100061404;0;10;0;0;2;7;10;A01
201100061405;0;7;0;0;1;7;1;A01
201100061406;0;7;0;0;0;1;15;A01
201100061406;0;1;0;0;0;1;1;B01
201100061407;0;30;0;0;2;1;1;A01
201100061407;1;7;0;0;2;1;13;Z01
201100061408;0;33;0;0;2;7;17;A01
201100061408;0;7;0;0;2;2;15;B01
201100061409;0;7;0;0;2;2;12;A01
201100061409;0;32;0;0;2;8;1;B01
201100061410;0;7;0;0;1;1;16;A01
201100061411;0;30;0;0;2;1;1;B01
201100061411;0;7;0;0;2;2;15;A01
201100061412;0;34;0;0;2;0;12;A01
201100061412;0;30;0;0;2;0;18;B01
201100061413;0;7;0;0;2;8;1;B01
201100061413;0;30;0;0;2;1;15;A01
201100061414;0;7;0;6;2;9;1;A01
201100061414;0;7;0;0;2;2;15;B01
201100061415;0;32;0;8;1;2;1;A01
201100061416;0;7;0;0;2;7;1;B01
201100061416;0;7;0;0;2;8;1;A01
201100061417;0;7;0;0;2;4;2;B01
201100061417;0;7;0;0;2;1;2;A01
201100061418;0;7;0;4;0;1;14;A01
201100061419;0;7;0;0;0;7;16;B01
201100061419;0;33;0;0;2;3;18;A01
201100061420;1;13;0;0;0;0;1;Z01
201100061421;0;30;0;0;2;2;1;B01
201100061421;0;7;0;0;2;3;15;A01
201100061422;0;40;0;0;1;2;1;A01
201100061423;1;7;0;0;1;1;16;Z01
201100061424;0;7;0;0;0;1;1;B01
201100061424;0;7;0;0;0;2;4;A01
201100061425;0;7;0;0;2;4;23;C01
201100061425;0;7;0;0;2;1;23;B01
201100061425;0;7;0;0;2;1;1;A01
201100061426;0;7;0;0;2;3;11;A01
201100061426;0;2;0;0;2;2;1;B01
201100061427;0;32;0;0;1;1;1;A01
201100061428;0;33;0;12;0;0;14;A01
201100061429;0;30;0;0;0;0;1;A01
201100061430;0;7;0;6;2;1;1;A01
201100061430;0;7;0;0;2;1;1;B01
201100061431;0;2;0;1;0;1;10;A01
201100061432;0;31;0;0;0;0;21;A01
201100061433;0;10;0;0;1;4;4;A01
201100061434;0;7;0;0;2;2;16;B01
201100061434;0;33;0;0;2;3;18;A01
201100061435;0;32;0;0;2;1;17;A01
201100061435;0;7;0;0;2;6;15;B01
201100061436;0;30;0;0;2;1;1;B01
201100061436;0;7;0;0;2;5;1;A01
201100061437;0;37;46;0;2;5;23;C01
201100061437;0;10;0;0;2;1;2;A01
201100061437;0;7;0;0;2;4;23;B01
201100061438;0;10;0;0;2;1;15;A01
201100061438;0;30;0;0;2;3;1;B01
201100061439;0;7;0;0;1;2;1;A01
201100061440;0;7;0;0;2;2;15;A01
201100061440;0;30;0;0;2;1;1;B01
201100061441;0;10;0;0;2;2;9;A01
201100061441;0;30;0;0;2;6;1;B01
201100061442;0;30;0;0;2;3;18;A01
201100061442;0;7;0;0;2;5;16;B01
201100061443;0;7;0;0;2;1;15;A01
201100061443;0;2;0;0;2;1;1;B01
201100061444;0;1;0;0;2;2;1;A01
201100061444;1;7;0;0;2;0;22;Z01
201100061445;0;10;0;0;1;4;4;A01
201100061446;0;7;0;0;1;5;5;A01
201100061447;1;30;0;0;1;8;1;Z01
201100061448;0;7;0;0;1;1;1;A01
201100061449;0;7;0;0;2;1;15;B01
201100061449;0;30;0;0;2;1;1;A01
201100061450;0;7;0;0;1;2;1;A01
201100061451;0;7;0;0;1;1;1;A01
201100061452;0;7;0;0;1;3;1;A01
201100061453;0;1;0;0;1;1;16;A01
201100061454;0;7;0;0;0;8;1;B01
201100061454;1;7;0;0;2;1;1;Z01