num_acc;senc;catv;occutc;obs;obsm;choc;manv;num_veh
201100061455;0;2;0;0;2;8;1;A01
201100061455;0;14;0;0;2;7;14;B01
201100061456;0;31;0;0;1;1;17;A01
201100061457;0;10;0;0;2;8;13;A01
201100061457;0;30;0;0;2;7;17;B01
201100061458;0;7;0;0;1;2;1;A01
201100061459;0;30;0;0;1;1;17;A01
201100061460;0;33;0;0;2;6;1;B01
201100061460;0;7;0;0;2;5;14;A01
201100061461;0;7;0;0;2;7;16;A01
201100061461;0;30;0;0;2;8;1;B01
201100061462;0;1;0;0;1;1;1;A01
201100061463;0;7;0;0;2;3;1;B01
201100061463;0;7;0;0;2;1;1;A01
201100061464;0;7;0;0;1;2;1;A01
201100061465;0;13;0;0;1;2;16;A01
201100061466;0;32;0;0;0;7;1;A01
201100061467;0;1;0;0;1;1;1;A01
201100061468;0;7;0;0;1;7;1;A01
201100061469;0;7;0;0;2;3;2;A01
201100061469;0;7;0;0;2;2;23;B01
201100061470;0;30;0;0;2;7;1;A01
201100061470;0;33;0;0;2;1;1;B01
201100061471;0;7;0;0;1;4;4;A01
201100061472;0;3;0;0;2;8;10;A01
201100061472;0;10;0;0;2;2;1;B01
201100061473;0;33;0;0;2;4;23;B01
201100061473;0;7;0;0;2;1;2;A01
201100061474;0;1;0;0;2;7;17;A01
201100061474;0;7;0;0;2;3;1;B01
201100061475;0;7;0;0;2;2;16;B01
201100061475;0;30;0;0;2;3;18;A01
201100061476;0;32;0;0;0;7;1;A01
201100061477;0;37;0;0;1;1;1;A01
201100061478;0;7;0;0;1;3;1;A01
201100061479;0;33;0;0;2;3;1;A01
201100061479;0;7;0;0;2;3;1;B01
201100061480;0;1;0;0;2;1;15;B01
201100061480;0;7;0;0;2;1;17;A01
201100061481;1;7;0;0;2;0;22;Z01
201100061481;0;1;0;0;2;0;1;A01
201100061482;0;30;0;0;2;2;1;A01
201100061482;0;7;0;0;2;1;15;B01
201100061483;0;7;0;0;2;2;15;A01
201100061483;0;32;0;0;2;1;1;B01
201100061484;0;7;0;0;2;1;15;B01
201100061484;0;1;0;0;2;0;19;A01
201100061485;0;7;0;0;2;4;23;D01
201100061485;0;7;0;0;2;4;23;C01
201100061485;0;7;0;0;2;4;23;B01
201100061485;0;7;0;0;2;1;2;A01
201100061486;0;7;0;0;1;1;1;A01
201100061487;0;30;0;0;2;1;17;A01
201100061487;0;7;0;0;2;8;15;B01
201100061488;0;7;0;0;2;2;16;B01
201100061488;0;32;0;0;2;3;7;A01
201100061489;0;33;0;0;0;1;1;A01
201100061490;1;30;0;0;1;0;1;Z01
201100061491;0;30;0;0;1;1;17;A01
201100061492;0;7;0;0;2;3;22;B01
201100061492;0;14;0;0;2;7;1;A01
201100061493;0;7;0;0;2;2;12;A01
201100061493;0;1;0;0;2;3;1;B01
201100061494;0;7;0;0;2;8;22;A01
201100061494;0;33;0;0;2;7;1;B01
201100061495;0;7;0;0;1;2;15;A01
201100061496;0;7;0;0;2;8;10;A01
201100061496;0;33;0;0;2;1;1;B01
201100061497;0;33;0;0;1;1;1;A01
201100061498;0;32;0;0;2;1;1;A01
201100061498;0;7;0;0;2;3;15;B01
201100061499;0;30;0;0;1;1;1;A01
201100061500;0;30;0;0;2;1;1;A01
201100061500;0;30;0;0;2;4;12;B01
201100061501;1;32;0;0;0;0;1;Z01
201100061502;0;30;0;0;1;1;18;A01
201100061503;0;1;0;0;2;1;1;C01
201100061503;0;32;0;0;2;2;16;A01
201100061503;0;30;0;0;2;8;1;B01
201100061504;0;1;0;0;2;1;1;A01
201100061504;0;7;0;0;2;3;1;B01
201100061505;0;31;0;0;2;8;18;B01
201100061505;0;10;0;0;2;7;22;A01
201100061506;0;32;0;0;2;8;1;B01
201100061506;0;10;0;0;2;2;15;A01
201100061507;0;7;0;0;1;2;1;A01
201100061508;0;7;0;0;2;2;12;A01
201100061508;0;33;0;0;2;8;18;B01
201100061509;0;7;0;0;1;1;1;A01
201100061510;0;7;0;0;2;2;14;A01
201100061510;0;32;0;0;2;7;1;B01
201100061511;0;31;0;0;0;0;21;A01
201100061512;0;7;0;0;1;3;9;A01
201100061513;0;33;0;0;1;1;1;A01
201100061514;0;7;0;0;1;2;1;A01
201100061515;0;7;0;0;2;3;1;B01
201100061515;0;7;0;1;2;1;1;A01
201100061516;0;30;0;0;1;1;1;A01
201100061517;0;33;0;0;1;1;1;A01
201100061518;0;7;0;0;1;5;1;A01
201100061519;0;10;0;0;1;2;14;A01
201100061520;0;30;0;0;1;1;1;A01
201100061521;0;33;0;0;2;3;18;A01
201100061521;0;7;0;0;2;2;23;B01
201100061522;0;7;0;0;2;5;14;B01
201100061522;0;34;0;0;2;3;1;A01
201100061523;0;30;0;0;2;1;1;B01
201100061523;0;7;0;0;2;7;15;A01
201100061524;0;34;0;11;0;3;13;A01
201100061525;0;30;0;14;0;1;1;A01
201100061526;0;7;0;7;0;8;13;A01
201100061527;0;33;0;0;1;1;1;A01
201100061528;0;7;0;0;1;5;1;A01
201100061529;0;3;0;0;1;3;7;A01
201100061530;0;32;0;0;2;3;1;A01
201100061530;0;7;0;0;2;1;15;B01
201100061531;0;7;0;0;2;4;23;C01
201100061531;0;7;0;0;2;8;22;B01
201100061531;0;32;0;0;2;7;3;A01
201100061532;0;31;0;0;0;0;1;A01
201100061533;0;7;0;0;2;1;1;B01
201100061533;0;30;0;0;2;9;1;A01
201100061534;0;7;0;15;0;1;21;A01
201100061535;0;10;0;0;1;1;7;A01
201100061536;0;1;0;0;1;1;16;A01
201100061537;0;32;0;0;2;1;2;A01
201100061537;0;7;0;0;2;4;2;B01
201100061538;0;7;0;0;1;1;1;A01
201100061539;0;7;0;0;2;6;11;A01
201100061539;0;33;0;0;2;1;3;B01
201100061540;0;32;0;0;2;3;1;B01
201100061540;0;7;0;0;2;1;15;A01
201100061541;0;10;0;0;2;3;13;A01
201100061541;0;33;0;0;2;1;17;B01
201100061542;0;7;0;0;2;1;1;B01
201100061542;0;7;0;11;2;7;1;A01
201100061543;0;7;0;0;2;0;1;B01
201100061543;0;33;0;0;2;6;15;A01
201100061544;0;7;0;0;2;3;15;A01
201100061544;0;30;0;0;2;7;1;B01
201100061545;0;30;0;0;2;8;1;B01
201100061545;0;7;0;0;2;7;16;A01
201100061546;0;10;0;0;2;1;2;A01
201100061546;0;7;0;0;2;4;2;B01
201100061547;0;7;0;0;2;1;2;A01
201100061547;0;7;0;0;2;4;23;C01
201100061547;0;7;0;0;2;4;23;B01
201100061548;0;1;0;0;0;0;21;A01
201100061549;0;7;0;0;2;3;22;A01
201100061549;0;1;0;1;0;0;1;B01
201100061550;0;33;0;0;2;3;1;B01
201100061550;0;7;0;0;2;2;15;A01
201100061551;0;30;0;0;1;1;1;A01
201100061552;0;33;0;0;2;1;17;A01
201100061552;0;7;0;0;2;3;15;B01
201100061553;0;37;20;0;2;8;7;B01
201100061553;0;1;0;0;2;7;14;A01
201100061554;0;30;0;12;0;1;14;A01
201100061555;0;1;0;0;2;8;19;B01
201100061555;0;10;0;0;2;1;15;A01
201100061556;0;2;0;0;1;1;1;A01
201100061557;0;31;0;0;2;7;1;B01
201100061557;0;7;0;0;2;8;1;A01
201100061558;0;7;0;0;2;0;14;B01
201100061558;0;32;0;0;2;0;18;A01
201100061559;0;33;0;0;2;7;17;B01
201100061559;0;10;0;0;2;8;15;A01
201100061560;0;7;0;0;1;1;1;A01
201100061561;0;7;0;0;2;2;1;A01
201100061561;0;31;0;0;2;4;3;B01
201100061562;0;7;0;0;2;2;15;A01
201100061562;0;31;0;0;2;1;1;B01
201100061563;0;7;0;4;0;8;13;A01
201100061564;0;33;0;0;2;5;1;A01
201100061564;0;7;0;0;2;3;15;B01
201100061565;0;7;0;0;2;4;20;B01
201100061565;0;1;0;0;2;1;1;A01
201100061566;0;30;0;0;2;2;1;B01
201100061566;0;7;0;0;2;3;1;A01
201100061567;0;30;0;0;2;0;17;A01
201100061567;0;7;0;0;2;3;15;B01
201100061568;0;32;0;0;0;1;1;A01
201100061569;0;10;0;0;1;5;15;A01
201100061570;0;7;0;0;2;2;15;A01
201100061570;0;30;0;1;2;0;1;B01
201100061571;0;7;0;0;1;7;1;A01
201100061572;0;10;0;0;2;4;4;A01
201100061572;0;31;0;0;2;1;15;B01
201100061573;0;32;0;0;2;1;17;A01
201100061573;0;10;0;0;2;3;1;B01
201100061574;0;33;0;0;0;0;1;A01
201100061575;0;31;0;0;0;7;1;A01
201100061576;0;10;0;0;2;1;1;B01
201100061576;0;7;0;15;2;7;1;A01
201100061577;0;10;0;0;2;1;2;A01
201100061577;0;31;0;0;2;4;23;B01
201100061578;0;7;0;0;1;2;1;A01
201100061579;0;7;0;0;2;1;1;B01
201100061579;0;7;0;0;2;7;1;A01
201100061580;0;10;0;0;2;2;9;A01
201100061580;0;32;0;0;2;3;1;B01
201100061581;0;7;0;7;0;3;13;A01
201100061582;0;2;0;0;2;3;1;B01
201100061582;0;7;0;0;2;2;15;A01
201100061583;0;7;0;0;2;7;16;B01
201100061583;0;32;0;0;2;1;7;A01
201100061584;0;32;0;0;0;0;1;A01
201100061585;0;33;0;0;2;3;15;A01
201100061585;0;7;0;0;2;2;1;B01
201100061586;0;10;0;0;2;2;15;A01
201100061586;0;32;0;0;2;1;1;B01
201100061587;0;7;0;0;2;2;16;A01
201100061587;0;30;0;0;2;3;1;B01
201100061588;0;7;0;0;2;4;2;B01
201100061588;0;13;0;0;2;1;2;A01
201100061588;0;32;0;0;2;4;2;C01
201100061589;0;30;0;0;1;3;16;A01
201100061590;0;32;0;0;2;6;18;A01
201100061590;0;14;0;0;2;2;16;B01
201100061591;0;34;0;0;2;1;3;A01
201100061591;0;7;0;0;2;5;12;B01
201100061592;0;30;0;0;1;1;1;A01
201100061593;0;2;0;0;2;1;1;A01
201100061593;0;1;0;0;0;4;15;B01
201100061594;1;30;0;0;1;0;1;Z01
201100061595;0;7;0;0;1;2;15;A01
201100061596;1;30;0;0;1;1;17;Z01
201100061597;0;7;0;0;2;3;1;B01
201100061597;0;1;0;0;2;1;1;A01
201100061598;0;7;0;0;2;3;15;A01
201100061598;0;32;0;0;2;1;1;B01
201100061599;0;34;0;0;2;1;17;A01
201100061599;0;7;0;0;2;8;15;B01
201100061600;0;1;0;0;2;1;1;A01
201100061601;0;7;0;0;2;4;23;C01
201100061601;0;7;0;0;0;1;1;A01
201100061601;0;7;0;0;2;4;23;B01
201100061602;0;7;0;0;1;2;1;A01
201100061603;0;7;0;0;2;8;22;A01
201100061603;0;1;0;0;2;1;1;B01
201100061604;0;7;0;0;2;5;16;B01
201100061604;0;33;0;0;2;1;7;A01
201100061605;0;7;0;0;0;3;10;A01
201100061605;0;30;0;0;2;1;17;B01
201100061606;0;30;0;0;1;2;1;A01
201100061607;0;30;0;0;2;8;1;A01
201100061607;1;7;0;0;2;7;13;Z01
201100061608;0;10;0;0;2;8;22;A01
201100061608;0;32;0;0;2;2;1;B01
201100061609;0;7;0;0;1;4;20;A01
201100061610;0;7;0;0;1;3;1;A01
201100061611;0;7;0;0;2;4;23;B01
201100061611;0;7;0;0;2;4;23;C01
201100061611;0;7;0;0;2;4;23;D01
201100061611;0;7;0;0;2;1;1;A01
201100061612;0;7;0;0;2;2;1;A01
201100061612;0;7;0;0;2;3;1;B01
201100061613;0;1;0;0;2;1;1;A01
201100061613;0;33;0;0;2;3;1;B01
201100061614;0;7;0;0;1;4;4;A01
201100061615;1;7;0;0;2;8;11;Z01
201100061615;0;30;0;0;2;7;1;A01
201100061615;0;10;0;0;2;2;1;B01
201100061616;0;13;0;0;1;2;1;A01
201100061617;0;2;0;0;2;1;2;A01
201100061617;0;7;0;0;0;5;2;B01
201100061618;0;30;0;0;2;1;1;A01
201100061618;0;7;0;0;2;2;14;B01
201100061619;0;7;0;0;1;4;4;A01
201100061620;0;7;0;0;2;1;15;A01
201100061620;0;7;0;0;2;6;1;B01
201100061621;0;30;0;0;2;7;1;B01
201100061621;0;2;0;12;2;8;1;A01
201100061622;0;7;0;0;2;2;1;B01
201100061622;0;33;0;0;2;4;13;A01
201100061623;0;1;0;0;2;1;21;A01
201100061624;0;7;0;0;1;3;1;A01
201100061625;0;7;0;0;2;7;17;A01
201100061625;0;30;0;0;2;8;1;B01
201100061626;0;10;0;0;1;4;4;A01
201100061627;0;33;0;0;0;1;21;A01
201100061628;0;2;0;0;2;1;1;B01
201100061628;0;7;0;0;2;8;22;A01
201100061629;0;7;0;0;2;0;13;A01
201100061629;0;32;0;0;2;0;23;B01
201100061630;0;7;0;0;1;2;1;A01
201100061631;0;7;0;0;2;4;23;B01
201100061631;0;7;0;0;2;1;2;A01
201100061632;0;34;0;0;1;3;1;A01
201100061633;0;7;0;0;2;0;22;A01
201100061633;0;1;0;0;2;1;2;B01
201100061634;0;7;0;0;2;2;1;A01
201100061634;0;30;0;0;2;1;1;B01
201100061635;0;32;0;0;2;0;1;B01
201100061635;0;7;0;0;2;0;14;A01
201100061636;0;1;0;0;2;1;1;A01
201100061636;0;7;0;0;2;4;17;B01
201100061637;0;7;0;0;2;2;10;A01
201100061637;0;34;0;0;2;1;1;B01
201100061638;0;10;0;0;1;5;4;A01
201100061639;0;34;0;0;1;1;1;A01
201100061640;0;7;0;0;1;1;1;A01
201100061641;0;33;0;0;2;5;2;B01
201100061641;0;30;0;0;2;1;2;A01
201100061642;0;37;1;0;1;2;15;A01
201100061643;0;34;0;0;0;7;1;A01
201100061644;0;7;0;0;2;4;23;C01
201100061644;0;7;0;0;2;1;2;A01
201100061644;0;7;0;0;2;4;23;B01
201100061645;0;7;0;0;1;4;4;A01
201100061646;0;7;0;0;1;1;16;A01
201100061647;0;1;0;8;0;0;21;A01
201100061648;0;7;0;0;2;8;1;A01
201100061648;0;31;0;0;2;2;17;B01
201100061649;0;7;0;0;2;1;1;B01
201100061649;0;7;0;0;2;7;1;A01
201100061650;0;10;0;0;1;6;1;A01
201100061651;0;1;0;0;2;2;1;B01
201100061651;0;7;0;0;2;6;22;A01
201100061652;0;7;0;0;2;5;15;B01
201100061652;0;34;0;0;2;5;1;A01
201100061653;0;1;0;0;1;1;1;A01
201100061654;1;1;0;0;1;1;5;Z01
201100061655;0;7;0;0;1;2;1;A01
201100061656;0;10;0;0;2;8;15;B01
201100061656;0;33;0;0;2;2;17;A01
201100061657;0;7;0;11;0;1;15;A01
201100061658;0;7;0;0;2;7;15;A01
201100061658;0;30;0;0;2;1;1;B01
201100061659;0;10;0;0;1;2;15;A01
201100061660;0;33;0;0;2;7;23;C01
201100061660;0;32;0;0;2;1;2;A01
201100061660;0;7;0;0;2;6;23;B01
201100061661;0;32;0;0;2;1;1;B01
201100061661;0;7;0;0;2;3;9;A01
201100061662;0;7;0;0;2;3;1;B01
201100061662;0;7;0;0;2;2;5;A01
201100061663;0;7;0;0;1;3;1;A01
201100061664;0;1;0;0;2;1;1;A01
201100061664;0;10;0;0;2;2;16;B01
201100061665;0;7;0;0;1;3;1;A01
201100061666;0;30;0;14;0;1;1;A01
201100061667;0;33;0;0;2;3;1;B01
201100061667;0;7;0;0;2;7;10;A01
201100061668;0;7;0;0;2;1;1;A01
201100061668;0;7;0;0;2;8;1;B01
201100061669;0;7;0;0;2;4;23;B01
201100061669;0;10;0;0;2;1;2;A01
201100061670;0;1;0;0;2;7;1;A01
201100061670;0;7;0;0;2;1;1;B01
201100061671;0;33;0;0;2;1;1;B01
201100061671;0;7;0;0;2;5;15;A01
201100061672;0;7;0;0;1;1;1;A01
201100061673;0;1;0;0;2;0;23;B01
201100061673;0;7;0;0;2;0;2;A01
201100061674;0;7;0;0;1;3;1;A01
201100061675;0;1;0;0;2;0;1;B01
201100061675;0;7;0;0;2;2;14;A01
201100061676;0;31;0;0;0;8;1;A01
201100061677;0;7;0;0;2;5;1;B01
201100061677;0;1;0;0;2;3;13;A01
201100061678;0;30;0;0;0;0;1;A01
201100061679;0;37;50;0;1;2;1;A01
201100061680;0;32;0;0;1;3;1;A01
201100061681;0;7;0;14;0;3;13;A01
201100061682;0;7;0;0;2;0;15;A01
201100061682;0;1;0;0;2;7;1;B01
201100061683;0;1;0;0;0;1;1;A01
201100061684;0;7;0;0;2;3;1;A01
201100061684;0;30;0;11;2;7;1;B01
201100061684;0;2;0;0;2;7;1;C01
201100061685;0;34;0;0;1;7;7;A01
201100061686;0;34;0;0;2;1;2;A01
201100061686;0;7;0;0;2;2;20;B01
201100061687;0;2;0;0;2;7;17;B01
201100061687;0;7;0;0;2;3;13;A01
201100061688;1;10;0;0;1;0;1;Z01
201100061689;0;1;0;14;0;2;12;A01
201100061690;0;34;0;0;2;1;1;A01
201100061690;0;33;0;0;2;3;1;B01
201100061691;0;7;0;0;1;1;1;A01
201100061692;0;7;0;0;2;3;11;A01
201100061692;0;32;0;0;2;2;17;B01
201100061693;0;7;0;0;1;1;15;A01
201100061694;0;30;0;0;2;7;1;A01
201100061694;0;7;0;0;2;1;15;B01
201100061695;0;7;0;0;1;2;1;A01
201100061696;0;7;0;0;2;8;1;B01
201100061696;0;30;0;0;2;2;14;A01
201100061697;0;32;0;0;1;1;7;A01
201100061698;0;7;0;0;1;1;1;A01
201100061699;0;1;0;0;2;4;13;B01
201100061699;0;37;10;0;2;5;17;A01
201100061700;0;32;0;0;2;1;1;A01
201100061700;0;7;0;0;0;4;1;B01
201100061701;0;7;0;0;2;2;9;A01
201100061701;0;33;0;0;2;1;1;B01
201100061702;0;2;0;0;1;1;1;A01
201100061703;0;33;0;1;0;1;1;A01
201100061704;0;1;0;0;2;0;1;B01
201100061704;0;10;0;0;2;2;14;A01
201100061705;0;30;0;0;0;5;12;A01
201100061705;0;32;0;0;2;2;1;B01
201100061706;0;7;0;0;1;1;1;A01
201100061707;0;33;0;0;2;1;1;B01
201100061707;0;7;0;0;2;2;1;A01
201100061708;0;7;0;0;1;0;15;A01
201100061709;0;7;0;0;1;3;15;A01
201100061710;0;7;0;0;2;4;20;B01
201100061710;0;10;0;0;2;1;1;A01
201100061711;0;1;0;0;2;7;20;A01
201100061711;0;1;0;0;2;8;18;B01
201100061712;0;32;0;12;2;8;17;B01
201100061712;0;7;0;0;2;8;22;A01
201100061713;0;10;0;0;1;3;1;A01
201100061714;0;7;0;0;1;1;1;A01
201100061715;0;32;0;0;2;1;17;B01
201100061715;0;7;0;0;2;3;15;A01
201100061716;0;32;0;0;2;1;1;A01
201100061716;0;7;0;0;0;5;20;B01
201100061717;0;30;0;0;2;1;17;A01
201100061717;0;7;0;0;2;1;15;B01
201100061718;0;33;0;14;0;0;1;A01
201100061719;0;10;0;0;1;3;1;A01
201100061720;0;7;0;1;0;3;22;A01
201100061720;0;30;0;0;0;0;1;B01
201100061721;0;2;0;1;0;0;21;A01
201100061722;0;7;0;0;2;4;4;A01
201100061722;0;7;0;0;2;8;1;B01
201100061723;0;7;0;0;1;3;1;A01
201100061724;0;2;0;0;2;3;15;B01
201100061724;0;33;0;0;2;0;17;A01
201100061725;0;7;0;0;1;4;4;A01
201100061726;0;7;0;0;1;2;1;A01
201100061727;0;30;0;1;2;7;1;C01
201100061727;0;32;0;0;2;7;1;B01
201100061727;0;7;0;0;2;3;16;A01
201100061728;0;30;0;0;2;8;1;B01
201100061728;0;7;0;0;2;2;15;A01
201100061729;0;30;0;1;0;9;14;A01
201100061730;0;7;0;0;2;4;2;B01
201100061730;0;10;0;0;2;1;2;A01
201100061731;0;33;0;0;1;1;1;A01
201100061732;0;7;0;0;2;3;9;A01
201100061732;0;30;0;0;2;3;1;B01
201100061733;0;32;0;0;5;0;21;A01
201100061734;0;2;0;0;1;1;1;A01
201100061735;0;32;0;0;2;1;17;A01
201100061735;0;7;0;0;2;8;15;B01
201100061736;0;7;0;0;2;2;1;B01
201100061736;0;30;0;0;2;3;13;A01
201100061736;0;7;0;0;2;5;23;C01
201100061737;0;1;0;0;2;1;1;B01
201100061737;0;7;0;0;2;1;15;A01
201100061738;0;1;0;0;2;1;1;B01
201100061738;0;7;0;0;2;8;22;A01
201100061739;0;32;0;0;1;1;17;A01
201100061740;0;7;0;0;1;5;16;A01
201100061741;0;7;0;0;1;1;1;A01
201100061742;1;30;0;0;1;1;1;Z01
201100061743;0;33;0;0;0;0;1;A01
201100061744;0;7;0;0;1;6;4;A01
201100061745;1;30;0;0;1;1;1;Z01
201100061746;0;30;0;0;2;2;16;B01
201100061746;0;7;0;0;2;3;14;A01
201100061747;2;32;0;0;1;1;1;Z01
201100061748;0;1;0;0;1;2;21;A01
201100061749;0;1;0;0;2;4;1;B01
201100061749;0;2;0;0;2;1;1;A01
201100061750;0;7;0;0;2;3;15;A01
201100061750;0;30;0;0;2;2;17;B01
201100061751;0;30;0;1;2;1;1;B01
201100061751;0;7;0;0;2;1;15;A01
201100061752;0;7;0;0;1;4;20;A01
201100061753;0;7;0;0;1;1;16;A01
201100061754;0;32;0;0;1;3;1;A01
201100061755;0;7;0;0;1;2;1;A01
201100061756;0;10;0;0;2;5;4;A01
201100061756;0;1;0;0;2;1;1;B01
201100061757;0;7;0;0;1;1;15;A01
201100061758;0;7;0;0;1;2;1;A01
201100061759;0;34;0;1;0;7;21;A01
201100061760;0;1;0;0;0;0;1;A01
201100061761;0;7;0;0;2;8;22;A01
201100061761;0;32;0;0;2;2;1;B01
201100061762;0;7;0;0;2;5;14;A01
201100061762;0;33;0;0;2;3;1;B01
201100061763;0;7;0;0;1;2;1;A01
201100061764;0;32;0;0;2;8;15;A01
201100061764;0;7;0;0;2;1;1;B01
201100061765;0;33;0;0;2;1;1;C01
201100061765;0;7;0;0;2;3;1;B01
201100061765;0;17;0;0;2;2;16;A01
201100061766;0;33;0;0;2;2;17;A01
201100061766;0;7;0;1;2;3;15;B01
201100061767;0;7;0;0;2;7;22;A01
201100061767;0;1;0;0;2;1;1;B01
201100061768;0;7;0;0;2;8;15;B01
201100061768;0;33;0;0;2;1;1;A01
201100061769;0;7;0;0;1;4;4;A01
201100061770;0;31;0;0;0;7;1;A01
201100061771;0;7;0;0;2;1;15;A01
201100061771;0;7;0;0;2;8;1;B01
201100061772;0;32;0;0;0;2;21;A01
201100061773;0;31;0;0;2;2;7;B01
201100061773;0;7;0;0;2;2;15;A01
201100061774;0;7;0;0;2;3;15;A01
201100061774;0;7;0;0;2;5;1;B01
201100061775;0;30;0;0;1;1;17;A01
201100061776;0;31;0;0;2;3;1;B01
201100061776;0;10;0;0;2;2;1;A01
201100061777;0;30;0;0;1;1;1;A01
201100061778;0;32;0;0;2;8;1;B01
201100061778;0;7;0;0;2;2;16;A01
201100061779;0;2;0;0;0;1;1;A01
201100061780;0;31;0;0;0;7;1;A01
201100061781;0;2;0;0;0;7;1;A01
201100061782;0;30;0;0;2;7;1;B01
201100061782;0;7;0;0;2;8;13;A01
201100061783;0;15;0;0;2;6;0;B01
201100061783;0;7;0;1;0;1;1;A01
201100061784;0;32;0;12;0;2;14;A01
201100061785;0;7;0;0;2;2;15;A01
201100061785;0;33;0;0;2;8;1;B01
201100061786;0;1;0;0;1;1;1;A01
201100061787;0;10;0;0;1;1;15;A01
201100061788;0;7;0;0;0;0;16;B01
201100061788;2;2;0;0;2;0;18;A01
201100061789;0;7;0;0;1;2;1;A01
201100061790;0;7;0;0;2;2;12;A01
201100061790;0;30;0;0;2;3;1;B01
201100061791;0;1;0;15;0;1;1;A01
201100061792;0;32;0;0;2;1;7;A01
201100061793;0;1;0;14;0;1;17;A01
201100061794;0;30;0;0;2;1;1;A01
201100061794;1;32;0;0;2;1;1;Z01
201100061795;0;7;0;0;2;3;1;B01
201100061795;0;32;0;0;2;1;13;A01
201100061796;0;30;0;0;0;0;1;A01
201100061797;0;7;0;0;2;1;2;A01
201100061797;0;7;0;0;2;4;23;B01
201100061798;0;7;0;0;2;3;22;B01
201100061798;0;1;0;0;2;1;1;A01
201100061799;0;7;0;0;1;2;15;A01
201100061800;0;7;0;0;1;2;15;A01
201100061801;1;7;0;0;1;8;1;Z01
201100061802;0;7;0;0;2;4;4;A01
201100061802;0;30;0;0;2;3;9;B01
201100061803;0;32;0;0;2;5;15;A01
201100061803;0;33;0;0;2;1;1;B01
201100061804;0;2;0;0;2;1;15;A01
201100061804;0;7;0;0;2;8;1;B01
201100061805;0;7;0;0;1;1;17;A01
201100061806;0;7;0;12;2;3;1;B01
201100061806;0;7;0;0;2;2;15;A01
201100061807;0;34;0;0;2;5;23;A01
201100061807;1;10;0;0;2;0;13;Z01
201100061808;0;7;0;1;2;4;23;A01
201100061808;2;7;0;0;2;1;2;Z01
201100061809;0;7;0;0;1;1;1;A01
201100061810;0;7;0;0;0;1;0;A01
201100061811;0;10;0;0;2;6;4;A01
201100061811;0;34;0;0;2;3;1;B01
201100061812;0;7;0;0;2;8;10;A01
201100061812;0;31;0;0;2;8;1;B01
201100061813;0;7;0;0;1;1;16;A01
201100061814;0;7;0;0;0;8;22;A01
201100061814;0;1;0;0;0;1;1;B01
201100061815;0;37;3;0;1;3;15;A01
201100061816;0;32;0;0;1;1;1;A01
201100061817;0;2;0;0;0;8;21;A01
201100061818;0;7;0;0;1;2;1;A01
201100061819;0;32;0;0;2;1;1;A01
201100061819;0;10;0;0;2;3;9;B01
201100061820;0;33;0;0;2;8;16;A01
201100061820;0;7;0;0;2;3;1;B01
201100061821;0;30;0;0;1;0;1;A01
201100061822;0;7;0;0;1;2;15;A01
201100061823;0;30;0;0;1;1;1;A01
201100061824;0;7;0;0;1;2;16;A01
201100061825;0;30;0;0;0;2;16;A01
201100061826;0;7;0;0;1;4;4;A01
201100061827;0;7;0;0;2;3;13;A01
201100061827;0;1;0;0;2;5;1;B01
201100061828;0;33;0;0;2;0;1;B01
201100061828;0;7;0;0;2;3;15;A01
201100061829;0;13;0;0;1;4;4;A01
201100061830;0;7;0;0;1;3;1;A01
201100061831;0;32;0;0;0;0;1;A01
201100061832;0;10;0;0;2;3;11;A01
201100061832;0;32;0;0;2;7;23;B01
201100061833;0;30;0;0;1;1;1;A01
201100061834;0;32;0;0;1;1;16;A01
201100061835;0;32;0;0;1;1;1;A01
201100061836;0;7;0;0;1;2;15;A01
201100061837;0;7;0;0;2;6;15;B01
201100061837;0;30;0;0;2;1;17;A01
201100061838;0;7;0;0;2;7;1;B01
201100061838;0;30;0;0;2;1;1;A01
201100061839;0;32;0;0;2;1;1;B01
201100061839;0;7;0;0;2;5;14;A01
201100061840;0;7;0;0;2;3;15;B01
201100061840;0;33;0;0;2;7;1;A01
201100061841;0;7;0;0;1;2;16;A01
201100061842;0;7;0;0;1;4;4;A01
201100061843;0;7;0;0;2;3;9;B01
201100061843;0;33;0;0;2;8;1;A01
201100061844;0;7;0;0;2;1;2;A01
201100061844;0;7;0;0;2;4;2;B01
201100061845;0;7;0;0;2;1;10;A01
201100061845;0;33;0;0;2;1;2;B01
201100061846;0;1;0;0;0;1;1;A01
201100061847;0;30;0;0;0;8;15;A01
201100061848;0;30;0;12;0;1;13;A01
201100061849;1;7;0;0;2;0;13;Z01
201100061849;0;34;0;0;2;2;1;A01
201100061850;0;7;0;0;2;3;2;A01
201100061850;0;33;0;0;2;4;23;B01
201100061851;0;10;0;0;2;1;1;A01
201100061851;0;1;0;0;2;0;14;B01
201100061852;0;7;0;0;2;3;17;A01
201100061852;0;7;0;0;2;3;1;B01
201100061853;0;7;0;0;1;1;1;A01
201100061854;0;7;0;0;1;2;15;A01
201100061855;0;30;0;0;2;8;1;B01
201100061855;0;7;0;0;2;7;16;A01
201100061856;0;30;0;14;0;0;13;A01
201100061857;0;7;0;0;2;2;1;A01