num_acc;senc;catv;occutc;obs;obsm;choc;manv;num_veh
201100061857;0;32;0;0;2;3;1;B01
201100061858;0;7;0;0;2;2;2;A01
201100061858;0;7;0;0;2;6;23;B01
201100061859;0;2;0;0;1;1;1;A01
201100061860;0;30;0;0;0;0;1;A01
201100061861;0;31;0;0;1;1;1;A01
201100061862;0;33;0;0;0;7;21;A01
201100061863;0;2;0;0;2;8;15;A01
201100061863;0;10;0;0;2;5;23;B01
201100061864;0;3;0;0;2;8;15;A01
201100061864;0;33;0;0;2;7;17;B01
201100061865;0;7;0;0;1;3;15;A01
201100061866;0;32;0;0;0;7;1;A01
201100061867;0;7;0;0;2;6;4;B01
201100061867;0;32;0;0;2;2;15;A01
201100061868;0;7;0;0;1;7;16;A01
201100061869;0;7;0;0;2;2;16;A01
201100061869;0;2;0;0;2;8;1;B01
201100061870;0;32;0;0;2;8;13;A01
201100061870;0;14;0;0;2;7;1;B01
201100061871;0;33;0;0;2;8;1;A01
201100061871;1;7;0;0;2;1;15;Z01
201100061872;0;7;0;0;2;2;1;A01
201100061872;1;2;0;0;2;1;13;Z01
201100061873;0;7;0;0;0;3;15;A01
201100061873;0;2;0;0;0;7;17;B01
201100061874;0;7;0;0;1;2;15;A01
201100061875;0;30;0;0;2;1;1;B01
201100061875;0;7;0;0;2;8;11;A01
201100061876;0;7;0;0;1;2;1;A01
201100061877;0;7;0;0;2;4;2;B01
201100061877;0;7;0;0;2;1;2;A01
201100061878;0;7;0;0;1;4;4;A01
201100061879;0;32;0;0;2;8;13;A01
201100061879;0;7;0;0;2;5;1;B01
201100061880;0;31;0;12;2;3;1;B01
201100061880;0;7;0;0;2;2;13;A01
201100061881;0;7;0;1;2;1;1;A01
201100061881;0;7;0;0;2;2;1;B01
201100061882;0;7;0;0;2;8;13;A01
201100061882;0;2;0;0;2;1;17;B01
201100061883;0;10;0;1;2;0;1;A01
201100061883;0;7;0;0;2;1;1;B01
201100061884;0;14;0;0;1;3;15;A01
201100061885;0;33;0;0;2;2;1;B01
201100061885;0;7;0;0;2;1;15;A01
201100061886;0;7;0;0;1;3;1;A01
201100061887;0;7;0;4;0;3;1;A01
201100061888;0;30;0;0;1;3;9;A01
201100061889;0;7;0;0;1;1;1;A01
201100061890;0;31;0;0;2;1;1;B01
201100061890;0;7;0;0;2;6;15;A01
201100061891;0;34;0;14;0;1;13;A01
201100061892;0;7;0;0;1;5;4;A01
201100061893;0;32;0;0;0;0;1;A01
201100061894;0;32;0;0;2;2;2;A01
201100061894;0;7;0;0;2;6;2;B01
201100061895;0;7;0;0;2;5;1;C01
201100061895;0;33;0;0;2;5;1;B01
201100061895;0;7;0;0;2;1;1;A01
201100061896;0;1;0;0;0;1;1;A01
201100061897;0;10;0;0;1;6;4;A01
201100061898;0;7;0;0;1;2;16;A01
201100061899;0;33;0;1;0;8;14;A01
201100061900;0;7;0;0;2;5;23;C01
201100061900;0;3;0;0;2;8;24;B01
201100061900;0;7;0;2;2;1;16;A01
201100061901;0;30;0;0;2;1;1;B01
201100061901;0;7;0;0;2;8;15;A01
201100061902;0;7;0;7;0;3;15;A01
201100061903;0;33;0;0;0;7;1;A01
201100061904;0;7;0;0;2;1;2;A01
201100061904;0;32;0;0;2;4;2;B01
201100061905;1;34;0;0;1;0;1;Z01
201100061906;0;7;0;0;2;7;15;A01
201100061906;0;31;0;0;2;1;1;B01
201100061907;0;30;0;0;0;8;1;A01
201100061908;0;32;0;0;2;0;13;B01
201100061908;0;7;0;0;2;2;1;A01
201100061909;1;33;0;0;1;5;1;A01
201100061910;0;7;0;0;2;8;13;A01
201100061910;0;32;0;0;2;7;17;B01
201100061911;0;7;0;0;2;4;23;B01
201100061911;0;7;0;0;2;1;2;A01
201100061912;0;32;0;0;1;1;1;A01
201100061913;0;7;0;0;0;6;1;C01
201100061913;0;7;0;0;2;5;12;A01
201100061913;0;33;0;0;2;9;3;B01
201100061914;0;32;0;0;2;8;17;A01
201100061914;0;7;0;1;2;8;15;B01
201100061915;0;1;0;0;2;8;18;A01
201100061915;0;10;0;0;2;7;16;B01
201100061916;0;13;0;0;2;4;7;B01
201100061916;0;37;15;0;2;5;17;A01
201100061917;0;7;0;0;2;1;2;A01
201100061917;0;7;0;0;2;4;2;B01
201100061918;0;7;0;0;2;7;16;B01
201100061918;0;32;0;0;2;8;1;A01
201100061919;0;1;0;0;0;9;1;A01
201100061920;0;7;0;0;2;7;22;A01
201100061920;0;30;0;0;2;8;1;B01
201100061921;0;7;0;0;1;1;16;A01
201100061922;0;32;0;0;2;8;1;A01
201100061922;1;7;0;0;2;1;1;Z01
201100061923;0;7;0;1;2;3;10;A01
201100061923;0;33;0;0;2;1;17;B01
201100061924;0;7;0;0;1;3;1;A01
201100061925;0;32;0;0;2;3;15;A01
201100061925;0;33;0;0;2;7;1;B01
201100061926;0;7;0;0;1;7;4;A01
201100061927;0;7;0;0;2;2;24;B01
201100061927;0;32;0;1;0;1;1;A01
201100061928;0;1;0;0;0;8;1;A01
201100061928;0;1;0;0;0;0;1;B01
201100061929;0;30;0;0;0;1;1;A01
201100061930;0;33;0;14;0;1;1;B01
201100061930;0;7;0;0;2;1;15;A01
201100061931;1;32;0;0;2;1;1;Z01
201100061931;0;32;0;0;2;4;23;A01
201100061931;0;34;0;0;0;6;23;B01
201100061932;0;1;0;1;0;1;1;B01
201100061932;0;7;0;0;9;0;22;A01
201100061933;0;7;0;0;2;1;1;B01
201100061933;0;32;0;0;2;8;9;A01
201100061934;0;7;0;0;1;1;1;A01
201100061935;0;1;0;0;2;8;19;A01
201100061935;0;33;0;0;2;3;1;B01
201100061936;0;33;0;0;2;7;17;B01
201100061936;0;7;0;0;2;3;15;A01
201100061937;0;30;0;0;1;4;1;A01
201100061938;0;7;0;0;2;1;2;A01
201100061938;0;7;0;0;2;4;2;B01
201100061939;1;30;0;0;1;1;1;Z01
201100061940;0;30;0;0;1;2;1;A01
201100061941;0;7;0;0;2;3;1;D01
201100061941;0;7;0;0;2;9;1;B01
201100061941;0;10;0;0;2;9;1;C01
201100061941;0;7;0;0;2;1;1;A01
201100061942;0;2;0;0;1;1;1;A01
201100061943;0;7;0;0;2;1;1;B01
201100061943;0;7;0;1;2;3;1;A01
201100061944;0;32;0;0;2;7;1;B01
201100061944;0;7;0;0;2;3;13;A01
201100061945;0;7;0;0;1;6;4;A01
201100061946;0;10;0;0;1;5;16;A01
201100061947;0;7;0;0;2;6;15;B01
201100061947;0;30;0;0;2;1;1;A01
201100061948;0;30;0;0;1;1;1;A01
201100061949;0;7;0;0;1;2;1;A01
201100061950;0;7;0;0;0;5;1;C01
201100061950;0;7;0;0;2;2;15;A01
201100061950;0;33;0;0;2;7;1;B01
201100061951;0;7;0;0;2;3;15;B01
201100061951;0;32;0;0;2;7;5;A01
201100061952;0;33;0;0;0;0;1;A01
201100061953;0;33;0;0;0;7;1;A01
201100061954;0;30;0;1;0;8;21;A01
201100061955;0;7;0;0;2;2;1;C01
201100061955;0;7;0;0;2;3;1;B01
201100061955;0;7;0;0;2;7;1;A01
201100061956;0;33;0;0;2;3;1;B01
201100061956;0;10;0;0;2;2;1;A01
201100061957;0;7;0;0;2;1;2;A01
201100061957;0;33;0;0;2;4;2;B01
201100061958;0;1;0;0;2;1;5;A01
201100061958;0;34;0;0;2;1;17;B01
201100061959;0;10;0;0;2;6;13;B01
201100061959;0;32;0;0;2;1;3;A01
201100061960;1;7;0;0;1;0;1;Z01
201100061961;0;32;0;0;2;1;21;A01
201100061962;0;31;0;0;1;1;5;A01
201100061963;0;7;0;0;1;2;1;A01
201100061964;0;32;0;0;1;1;1;A01
201100061965;0;7;0;0;2;1;2;A01
201100061965;0;7;0;0;2;4;23;B01
201100061966;0;7;0;0;2;6;10;A01
201100061966;0;2;0;0;2;1;1;B01
201100061967;0;10;0;0;1;4;4;A01
201100061968;0;7;0;0;1;2;1;A01
201100061969;0;33;0;0;2;3;16;B01
201100061969;0;7;0;0;2;7;10;A01
201100061970;0;7;0;0;1;3;1;A01
201100061971;0;30;0;1;0;2;1;A01
201100061971;0;7;0;1;0;6;20;B01
201100061972;1;1;0;0;1;1;1;Z01
201100061973;0;1;0;0;0;1;1;A01
201100061974;0;1;0;0;0;1;1;A01
201100061975;0;10;0;0;2;2;2;A01
201100061975;0;1;0;0;2;4;2;B01
201100061976;0;7;0;4;2;5;1;A01
201100061976;1;17;0;0;2;0;13;Z01
201100061976;0;7;0;0;2;2;1;B01
201100061977;0;2;0;0;0;0;1;A01
201100061978;0;7;0;0;2;2;1;A01
201100061978;0;7;0;0;2;6;16;B01
201100061979;0;10;0;0;2;6;10;A01
201100061979;0;33;0;0;2;1;1;B01
201100061980;0;34;0;1;2;3;17;B01
201100061980;0;7;0;0;2;8;22;A01
201100061981;0;2;0;0;1;1;16;A01
201100061982;0;37;1;0;2;2;1;B01
201100061982;0;2;0;0;2;8;10;A01
201100061983;0;7;0;0;0;1;1;A01
201100061983;0;7;0;0;0;8;15;B01
201100061984;0;7;0;0;2;2;12;A01
201100061984;0;34;0;0;2;8;18;B01
201100061985;0;7;0;1;0;2;1;A01
201100061986;0;1;0;0;2;1;2;A01
201100061986;0;1;0;0;2;4;2;B01
201100061987;0;33;0;0;2;8;1;B01
201100061987;0;7;0;0;2;6;10;A01
201100061988;0;7;0;0;2;3;22;A01
201100061988;0;1;0;0;2;1;17;B01
201100061989;0;34;0;0;2;7;17;A01
201100061989;0;7;0;0;2;3;13;B01
201100061990;0;10;0;0;2;3;13;A01
201100061990;0;33;0;12;2;2;17;B01
201100061991;0;7;0;0;1;4;4;A01
201100061992;0;7;0;0;2;4;2;D01
201100061992;0;7;0;0;2;1;2;C01
201100061992;0;10;0;0;2;1;2;E01
201100061992;0;7;0;0;2;1;2;B01
201100061992;0;7;0;0;2;4;2;A01
201100061993;0;30;0;0;0;7;1;A01
201100061994;0;7;0;0;2;3;10;B01
201100061994;0;32;0;0;2;7;1;A01
201100061995;0;37;35;0;1;2;1;A01
201100061996;0;7;0;0;2;1;2;A01
201100061996;0;7;0;0;2;5;23;B01
201100061997;0;7;0;0;2;6;1;A01
201100061997;1;7;0;0;2;1;1;Z01
201100061998;0;1;0;0;0;2;1;A01
201100061999;0;3;0;0;2;1;2;A01
201100061999;0;7;0;0;2;4;23;B01
201100062000;0;7;0;0;2;4;2;B01
201100062000;0;7;0;0;2;4;2;C01
201100062000;0;10;0;0;2;1;2;A01
201100062001;0;1;0;0;2;2;1;B01
201100062001;0;10;0;0;2;3;15;A01
201100062002;0;33;0;0;0;7;1;A01
201100062003;0;7;0;0;2;3;13;A01
201100062003;0;32;0;0;2;7;17;B01
201100062004;0;7;0;8;0;1;15;A01
201100062005;0;34;0;0;1;3;1;A01
201100062006;0;7;0;0;2;4;1;C01
201100062006;0;33;0;0;2;2;3;A01
201100062006;0;7;0;0;2;8;13;B01
201100062007;0;7;0;0;2;8;15;A01
201100062007;0;31;0;0;2;2;17;B01
201100062008;0;30;0;0;0;0;15;A01
201100062009;0;7;0;4;0;1;14;A01
201100062010;0;7;0;0;2;3;1;A01
201100062010;0;10;0;0;2;1;1;B01
201100062011;0;1;0;0;2;1;7;B01
201100062011;0;1;0;0;2;7;14;A01
201100062012;0;7;0;9;2;4;24;B01
201100062012;0;7;0;1;2;1;14;A01
201100062013;0;7;0;0;1;4;4;A01
201100062014;0;7;0;0;2;1;1;A01
201100062014;0;34;0;0;2;3;1;B01
201100062015;0;30;0;0;1;1;18;A01
201100062016;1;7;0;0;2;0;12;Z01
201100062016;0;33;0;0;2;1;1;A01
201100062016;0;33;0;0;2;4;1;B01
201100062017;0;7;0;0;2;3;10;A01
201100062017;0;32;0;0;2;1;1;B01
201100062018;1;7;0;0;1;1;1;Z01
201100062019;0;30;0;0;2;1;1;A01
201100062019;0;7;0;0;0;6;23;B01
201100062020;0;32;0;0;0;7;17;B01
201100062020;0;7;0;0;2;3;15;A01
201100062021;0;33;0;0;0;0;1;A01
201100062022;0;7;0;0;2;3;1;A01
201100062022;0;34;0;0;0;4;1;B01
201100062023;0;10;0;0;0;3;10;A01
201100062023;0;7;0;0;0;3;1;B01
201100062024;2;7;0;11;0;1;13;Z01
201100062025;0;33;0;7;0;7;21;A01
201100062026;0;7;0;0;2;3;1;B01
201100062026;0;33;0;0;2;5;14;A01
201100062027;0;32;0;0;2;1;1;B01
201100062027;0;10;0;0;2;2;15;A01
201100062028;0;7;0;0;2;2;10;A01
201100062028;0;1;0;0;2;1;1;B01
201100062029;0;7;0;0;1;1;1;A01
201100062030;0;10;0;0;2;3;1;A01
201100062030;0;32;0;0;2;4;23;B01
201100062031;0;13;0;0;2;6;13;A01
201100062031;0;31;0;0;2;7;16;B01
201100062032;0;7;0;0;2;1;1;A01
201100062032;0;7;0;0;2;5;23;B01
201100062033;0;34;0;0;2;1;1;A01
201100062033;2;7;0;0;2;2;1;Z01
201100062034;0;7;0;0;2;2;1;A01
201100062034;0;30;0;0;2;3;1;B01
201100062035;0;10;0;1;0;1;14;A01
201100062036;0;30;0;0;2;2;15;A01
201100062036;0;7;0;0;2;3;1;B01
201100062037;0;33;0;0;2;1;2;A01
201100062037;0;7;0;0;2;4;2;B01
201100062038;0;34;0;0;2;7;1;B01
201100062038;0;7;0;0;2;5;15;A01
201100062039;0;32;0;0;2;5;1;A01
201100062039;1;7;0;0;2;0;13;Z01
201100062040;0;33;0;0;2;7;1;A01
201100062040;0;7;0;0;2;3;1;B01
201100062041;0;10;0;0;1;2;15;A01
201100062042;0;32;0;0;9;0;1;A01
201100062043;0;1;0;0;1;8;1;A01
201100062044;0;32;0;0;2;8;1;A01
201100062044;0;7;0;0;2;1;1;B01
201100062045;0;32;0;0;0;7;1;A01
201100062046;0;34;0;0;2;7;2;A01
201100062046;0;7;0;0;2;6;23;B01
201100062047;0;33;0;0;2;8;21;A01
201100062048;0;30;0;0;1;1;1;A01
201100062049;0;7;0;0;2;6;10;B01
201100062049;0;33;0;0;2;7;1;A01
201100062050;0;7;0;0;2;2;1;B01
201100062050;0;32;0;0;2;1;1;A01
201100062051;0;7;0;7;0;3;10;A01
201100062052;0;2;0;12;0;1;13;A01
201100062053;0;7;0;0;2;1;15;A01
201100062053;0;33;0;0;2;3;1;B01
201100062054;0;7;0;0;2;4;23;D01
201100062054;0;7;0;0;2;1;1;A01
201100062054;0;7;0;0;2;4;23;B01
201100062054;0;7;0;0;2;4;23;C01
201100062055;0;33;0;0;0;5;16;A01
201100062055;0;7;0;0;0;3;15;B01
201100062056;0;7;0;0;2;5;22;A01
201100062056;0;32;0;14;0;8;1;B01
201100062057;0;7;0;0;2;3;15;B01
201100062057;0;33;0;0;2;1;1;A01
201100062058;0;1;0;0;2;7;1;B01
201100062058;0;7;0;0;2;3;22;A01
201100062059;1;7;0;0;2;0;16;Z01
201100062059;0;2;0;0;2;8;1;B01
201100062060;0;7;0;0;2;3;10;A01
201100062060;0;34;0;0;2;5;17;B01
201100062061;0;7;0;0;0;4;23;B01
201100062061;0;7;0;0;2;1;1;A01
201100062062;0;30;0;0;1;1;5;A01
201100062063;0;32;0;0;1;1;1;A01
201100062064;0;7;0;0;2;4;1;B01
201100062064;0;38;1;0;2;1;1;A01
201100062065;0;7;0;0;0;4;23;B01
201100062065;0;7;0;0;2;1;1;A01
201100062066;0;33;0;0;0;0;21;A01
201100062067;0;7;0;0;0;2;16;B01
201100062067;0;2;0;0;2;1;18;A01
201100062068;0;2;0;0;2;2;17;A01
201100062068;0;7;0;0;2;8;10;B01
201100062069;1;7;0;0;1;1;1;Z01
201100062070;1;7;0;0;2;0;16;Z01
201100062070;0;30;0;1;2;9;1;B01
201100062071;0;7;0;0;0;3;16;B01
201100062071;0;2;0;0;0;5;1;A01
201100062072;0;1;0;0;2;4;1;A01
201100062072;1;7;0;0;2;2;15;Z01
201100062073;0;30;0;0;0;0;1;A01
201100062074;0;33;0;0;2;8;3;A01
201100062074;0;7;0;0;2;4;23;C01
201100062074;0;7;0;0;2;7;12;B01
201100062075;0;7;0;15;0;1;1;A01
201100062076;0;32;0;0;2;1;17;A01
201100062076;0;7;0;0;2;3;15;B01
201100062077;0;7;0;1;0;1;9;A01
201100062078;0;34;0;0;0;4;15;B01
201100062078;0;7;0;0;2;1;1;A01
201100062079;0;7;0;0;2;1;1;A01
201100062079;0;7;0;0;0;4;1;B01
201100062080;0;7;0;0;2;8;1;A01
201100062080;0;33;0;0;2;7;17;B01
201100062081;0;7;0;0;2;1;15;A01
201100062081;0;33;0;0;0;1;1;B01
201100062082;0;7;0;0;0;4;23;B01
201100062082;0;7;0;0;2;1;1;A01
201100062083;0;33;0;11;0;1;1;A01
201100062084;0;32;0;1;0;0;1;B01
201100062084;0;7;0;0;0;5;9;A01
201100062085;0;7;0;0;0;5;10;A01
201100062085;0;32;0;0;2;8;1;B01
201100062086;0;1;0;1;2;1;0;A01
201100062087;0;10;0;0;1;1;15;A01
201100062088;0;7;0;0;9;1;1;A01
201100062089;0;30;0;0;0;0;16;A01
201100062090;0;2;0;1;0;8;1;A01
201100062091;0;7;0;0;2;4;23;B01
201100062091;0;30;0;0;2;1;1;A01
201100062092;0;30;0;0;0;0;1;A01
201100062093;0;7;0;0;1;3;15;A01
201100062094;0;7;0;0;0;0;1;A01
201100062095;0;34;0;0;2;2;1;B01
201100062095;0;7;0;0;2;3;10;A01
201100062096;0;30;0;0;2;1;1;B01
201100062096;0;7;0;0;2;6;10;A01
201100062097;0;1;0;0;2;8;1;A01
201100062097;1;7;0;0;2;0;7;Z01
201100062098;0;7;0;0;0;2;10;A01
201100062098;0;33;0;0;0;1;1;B01
201100062099;0;33;0;0;2;1;1;A01
201100062099;1;7;0;0;2;6;1;Z01
201100062100;0;2;0;0;1;1;1;A01
201100062101;0;7;0;0;2;3;15;A01
201100062101;0;30;0;0;2;2;1;B01
201100062102;0;30;0;0;0;7;1;A01
201100062103;0;30;0;0;2;0;19;A01
201100062103;0;7;0;0;2;3;1;B01
201100062104;0;10;0;0;9;3;13;A01
201100062104;0;1;0;0;2;7;1;B01
201100062105;1;30;0;0;1;1;16;Z01
201100062106;0;31;0;0;1;2;1;A01
201100062107;0;33;0;0;2;1;17;B01
201100062107;0;7;0;0;0;3;23;C01
201100062107;0;1;0;0;0;3;15;A01
201100062108;0;7;0;0;0;3;13;A01
201100062108;0;32;0;0;0;8;17;B01
201100062109;0;32;0;0;0;0;1;A01
201100062110;0;32;0;0;1;8;18;A01
201100062110;0;10;0;0;2;2;16;B01
201100062111;0;1;0;0;2;6;13;B01
201100062111;0;1;0;0;2;2;1;A01
201100062112;0;7;0;0;1;2;17;A01
201100062113;0;7;0;0;2;1;1;A01
201100062113;0;14;0;0;2;5;23;B01
201100062114;0;33;0;0;2;8;18;A01
201100062114;0;7;0;0;2;2;16;B01
201100062115;0;7;0;0;2;1;1;A01
201100062115;0;7;0;0;2;4;1;B01
201100062116;0;7;0;9;0;1;20;A01
201100062117;0;32;0;0;2;3;1;B01
201100062117;0;32;0;0;2;7;14;A01
201100062118;0;33;0;0;1;2;1;A01
201100062119;0;32;0;0;2;4;23;B01
201100062119;0;30;0;0;2;1;2;A01
201100062120;0;7;0;0;1;6;4;A01
201100062121;0;7;0;0;2;8;23;C01
201100062121;0;30;0;0;2;7;3;A01
201100062121;0;7;0;0;2;7;23;B01
201100062122;0;1;0;0;2;1;1;B01
201100062122;0;7;0;0;2;4;4;A01
201100062123;0;30;0;0;1;6;1;A01
201100062124;0;10;0;0;2;2;15;A01
201100062124;0;32;0;0;2;1;1;B01
201100062125;0;7;0;0;2;2;16;A01
201100062125;0;2;0;0;2;3;18;B01
201100062126;0;34;0;0;0;7;1;A01
201100062127;0;7;0;1;0;2;13;A01
201100062128;0;10;0;0;2;1;15;A01
201100062128;0;32;0;0;2;8;1;B01
201100062129;0;10;0;0;2;5;4;A01
201100062129;0;34;0;0;2;1;1;B01
201100062130;0;38;1;0;2;2;17;B01
201100062130;0;1;0;0;2;8;13;A01
201100062131;0;10;0;0;2;3;10;A01
201100062131;0;32;0;0;2;1;17;B01
201100062132;0;31;0;1;0;1;16;A01
201100062133;0;2;0;0;1;7;1;A01
201100062134;0;7;0;0;2;2;1;B01
201100062134;0;7;0;0;2;2;15;A01
201100062135;0;7;0;0;2;4;2;B01
201100062135;0;10;0;0;2;1;2;A01
201100062136;0;10;0;0;2;7;16;B01
201100062136;0;33;0;0;2;7;18;A01
201100062137;0;7;0;0;2;1;1;B01
201100062137;0;7;0;0;2;6;1;A01
201100062138;0;1;0;0;0;0;1;A01
201100062139;0;7;0;0;2;3;1;A01
201100062139;0;32;0;0;2;7;1;B01
201100062140;0;37;1;0;2;2;1;B01
201100062140;0;7;0;0;2;3;1;A01
201100062141;0;31;0;0;0;0;7;A01
201100062142;0;31;0;0;2;1;3;A01
201100062142;0;7;0;0;2;6;11;B01
201100062143;0;33;0;0;2;7;3;A01
201100062143;1;7;0;0;2;8;11;Z01
201100062144;0;14;0;6;0;1;1;A01
201100062145;0;3;0;0;2;3;9;A01
201100062145;0;31;0;0;2;2;1;B01
201100062146;0;7;0;0;2;5;1;B01
201100062146;0;30;0;0;2;3;11;A01
201100062147;0;32;0;0;0;0;1;A01
201100062148;0;31;0;0;0;7;1;A01
201100062149;0;32;0;0;0;7;21;A01
201100062150;0;7;0;0;2;2;1;A01
201100062150;0;7;0;0;2;3;22;B01
201100062151;0;7;0;0;2;1;1;B01
201100062151;0;7;0;0;2;5;1;C01
201100062151;0;7;0;0;2;2;15;A01
201100062152;0;7;0;7;0;6;13;A01
201100062153;0;30;0;0;0;7;21;A01
201100062154;0;7;0;0;1;2;1;A01
201100062155;0;7;0;8;0;1;15;A01
201100062156;0;32;0;0;2;4;23;B01
201100062156;0;7;0;14;0;1;15;A01
201100062157;0;7;0;8;2;3;1;B01
201100062157;0;7;0;0;2;2;16;A01
201100062158;0;30;0;8;0;1;5;A01
201100062159;0;13;0;0;2;6;23;B01
201100062159;0;32;0;0;2;1;2;A01
201100062160;0;1;0;0;2;6;2;A01
201100062160;1;7;0;0;2;2;2;Z01
201100062161;0;7;0;0;1;2;16;A01
201100062162;0;1;0;0;1;1;1;A01
201100062163;0;7;0;8;2;7;1;A01
201100062163;0;7;0;0;2;1;1;B01
201100062164;0;30;0;0;2;1;1;A01
201100062164;0;30;0;0;2;4;15;B01
201100062165;0;7;0;8;0;1;14;A01
201100062166;0;7;0;0;1;7;1;A01
201100062167;1;10;0;0;1;2;1;Z01
201100062168;0;37;1;0;1;1;1;A01
201100062169;0;32;0;0;2;7;1;B01
201100062169;0;10;0;0;2;8;10;A01
201100062170;0;7;0;0;2;2;16;B01
201100062170;0;2;0;0;2;8;18;A01
201100062171;0;7;0;0;2;3;2;A01
201100062171;0;33;0;0;2;5;23;B01
201100062172;1;7;0;0;2;8;16;Z01
201100062172;0;31;0;0;2;8;1;A01
201100062173;0;7;0;1;0;2;1;A01
201100062174;0;33;0;1;2;1;1;B01
201100062174;0;7;0;0;2;2;9;A01
201100062175;0;34;0;0;0;0;21;A01
201100062176;0;32;0;0;2;7;2;B01
201100062176;0;7;0;0;2;2;2;A01
201100062177;0;7;0;0;2;2;14;A01
201100062177;0;1;0;0;2;3;1;B01
201100062178;0;7;0;0;1;1;15;A01
201100062179;0;7;0;1;0;0;16;A01
201100062180;0;7;0;0;1;1;1;A01
201100062181;0;7;0;0;2;3;18;A01
201100062181;0;30;0;0;2;5;16;B01
201100062182;0;7;0;0;2;3;10;A01
201100062182;0;34;0;0;2;1;1;B01
201100062183;0;32;0;0;2;3;2;A01
201100062183;0;7;0;0;2;4;15;C01
201100062183;0;33;0;0;2;7;2;B01
201100062184;0;33;0;0;0;0;1;A01
201100062185;0;2;0;15;0;1;1;A01
201100062186;0;7;0;0;2;5;2;B01
201100062186;1;7;0;0;2;4;2;Z01
201100062186;0;32;0;0;2;5;2;A01
201100062187;0;37;0;0;1;1;1;A01
201100062188;0;7;0;0;2;3;9;A01
201100062188;0;7;0;0;2;2;1;B01
201100062189;0;34;0;0;0;0;21;A01
201100062190;0;7;0;0;2;3;13;A01
201100062190;0;32;0;0;2;6;1;B01
201100062191;0;7;0;0;2;7;16;B01
201100062191;0;32;0;0;2;1;7;A01
201100062192;0;7;0;0;2;8;11;A01
201100062192;0;15;0;0;2;2;1;B01
201100062193;0;1;0;0;2;6;15;B01
201100062193;0;7;0;0;2;7;17;A01
201100062194;0;33;0;0;2;4;23;B01
201100062194;0;10;0;0;2;1;2;A01
201100062195;0;32;0;0;1;1;1;A01
201100062196;0;32;0;0;2;1;2;A01
201100062196;0;7;0;0;2;6;2;B01
201100062197;0;7;0;0;2;1;12;A01
201100062197;0;1;0;0;2;4;11;B01
201100062198;0;7;0;0;2;5;1;C01
201100062198;0;30;0;1;0;1;1;B01
201100062198;0;7;0;1;0;8;22;A01
201100062199;1;30;0;0;1;0;1;Z01
201100062200;0;7;0;0;2;2;1;A01
201100062200;1;7;0;0;2;1;10;Z01
201100062201;0;7;0;0;2;4;23;B01
201100062201;0;7;0;0;2;1;2;A01
201100062202;0;30;0;0;2;1;1;B01
201100062202;0;7;0;0;2;2;10;A01
201100062203;0;7;0;0;9;0;1;A01
201100062203;0;1;0;0;2;8;18;B01
201100062204;0;7;0;0;2;1;2;A01
201100062204;0;31;0;0;2;4;23;B01
201100062205;0;7;0;1;2;1;14;A01
201100062206;0;7;0;0;2;2;1;A01
201100062206;0;2;0;0;2;1;1;B01
201100062207;0;30;0;0;1;7;5;A01
201100062208;0;7;0;0;1;0;1;A01
201100062209;0;7;0;0;1;2;16;A01
201100062210;0;2;0;0;2;7;17;B01
201100062210;0;7;0;0;2;3;15;A01
201100062211;0;33;0;0;2;1;1;A01
201100062211;0;7;0;0;2;4;23;B01
201100062212;0;7;0;0;2;4;11;B01
201100062212;0;10;0;0;2;1;1;A01
201100062213;1;7;0;0;2;1;10;Z01
201100062213;0;7;0;0;2;4;0;A01
201100062214;0;30;0;12;0;7;1;A01
201100062215;0;33;0;0;0;4;1;A01
201100062216;0;7;0;0;2;8;10;B01
201100062216;0;30;0;0;2;1;17;A01
201100062217;0;7;0;1;0;3;1;A01
201100062218;0;30;0;0;0;1;1;A01
201100062219;0;10;0;0;0;4;23;B01
201100062219;0;2;0;0;2;1;1;A01
201100062220;0;7;0;0;2;2;1;A01
201100062220;0;32;0;0;2;8;1;B01
201100062221;0;7;0;0;1;8;1;A01
201100062222;1;7;0;0;1;1;1;Z01
201100062223;0;7;0;0;2;2;1;A01
201100062223;0;32;0;0;2;6;1;B01
201100062224;0;34;0;0;1;1;1;A01
201100062225;0;7;0;0;2;2;15;B01
201100062225;0;7;0;0;2;3;1;A01
201100062226;0;1;0;0;0;0;1;A01
201100062227;0;30;0;0;0;1;1;A01
201100062227;0;32;0;0;2;7;23;B01
201100062228;0;7;0;0;1;3;1;A01
201100062229;0;34;0;0;1;1;18;A01
201100062230;0;7;0;0;2;2;14;A01
201100062230;0;1;0;0;2;8;1;B01
201100062231;0;7;0;0;2;3;15;A01
201100062231;0;1;0;0;2;1;17;B01
201100062232;0;33;0;0;2;1;18;A01
201100062232;0;7;0;0;2;2;12;B01
201100062233;0;30;0;0;0;8;1;A01
201100062234;0;7;0;0;2;1;1;A01
201100062234;0;7;0;0;0;4;23;B01
201100062235;0;7;0;0;2;1;11;A01
201100062235;0;32;0;0;2;4;23;B01
201100062236;0;33;0;1;0;1;1;A01
201100062237;0;30;0;0;1;1;1;A01
201100062238;0;7;0;0;2;5;1;C01
201100062238;0;34;0;0;2;8;1;B01