num_acc;senc;catv;occutc;obs;obsm;choc;manv;num_veh
201100062238;0;33;0;0;2;1;18;A01
201100062239;0;32;0;0;2;7;17;B01
201100062239;0;7;0;0;2;3;10;A01
201100062240;0;7;0;0;2;3;11;A01
201100062240;0;32;0;0;2;2;1;B01
201100062241;0;32;0;0;1;3;1;A01
201100062242;0;30;0;0;2;3;21;A01
201100062243;0;33;0;0;2;1;1;B01
201100062243;0;7;0;0;2;8;10;A01
201100062244;0;32;0;0;2;4;1;B01
201100062244;0;7;0;0;2;1;1;A01
201100062245;0;10;0;0;2;2;16;A01
201100062245;0;30;0;0;2;1;1;B01
201100062246;0;7;0;0;9;3;16;A01
201100062246;0;1;0;0;2;3;19;B01
201100062247;0;7;0;0;1;0;1;A01
201100062248;0;7;0;0;1;1;1;A01
201100062249;0;2;0;0;0;0;16;A01
201100062250;0;33;0;0;2;0;2;B01
201100062250;0;33;0;0;2;8;2;A01
201100062251;0;30;0;0;0;7;1;A01
201100062252;0;32;0;0;0;8;21;A01
201100062253;0;7;0;0;0;0;9;A01
201100062253;0;32;0;0;2;7;1;B01
201100062254;0;1;0;0;0;0;21;A01
201100062255;0;33;0;0;2;1;1;A01
201100062255;0;7;0;0;2;6;11;B01
201100062256;0;7;0;0;2;4;2;C01
201100062256;0;7;0;0;2;1;2;A01
201100062256;0;7;0;0;2;4;2;B01
201100062257;0;7;0;0;2;4;1;C01
201100062257;0;7;0;0;2;4;1;B01
201100062257;0;7;0;0;2;1;11;A01
201100062258;0;30;0;0;0;1;1;A01
201100062259;0;31;0;0;0;1;1;A01
201100062260;0;7;0;0;2;3;13;B01
201100062260;0;33;0;0;2;2;17;A01
201100062261;0;7;0;0;2;5;23;B01
201100062261;0;32;0;0;2;1;2;A01
201100062262;0;7;0;0;2;4;2;C01
201100062262;0;7;0;0;2;4;2;B01
201100062262;0;7;0;0;2;1;2;A01
201100062263;0;33;0;0;1;1;17;A01
201100062264;0;10;0;0;2;2;2;C01
201100062264;0;7;0;0;2;6;23;B01
201100062264;0;7;0;1;2;9;13;A01
201100062265;0;7;0;0;2;2;15;B01
201100062265;0;33;0;0;2;2;1;A01
201100062266;0;7;0;0;2;6;23;B01
201100062266;1;10;0;0;2;0;16;Z01
201100062266;0;33;0;0;2;2;1;A01
201100062267;0;31;0;0;2;3;17;B01
201100062267;0;7;0;1;2;3;13;A01
201100062268;0;7;0;0;2;3;15;A01
201100062268;0;34;0;1;2;1;1;B01
201100062269;0;7;0;0;2;3;2;A01
201100062269;0;33;0;0;2;7;23;B01
201100062270;0;10;0;0;2;8;15;B01
201100062270;0;33;0;0;2;2;17;A01
201100062271;0;32;0;0;2;1;1;B01
201100062271;0;7;0;0;2;3;9;A01
201100062272;0;33;0;0;2;1;1;B01
201100062272;0;7;0;0;2;5;1;A01
201100062273;0;7;0;0;1;4;4;A01
201100062274;0;7;0;0;1;7;1;A01
201100062275;0;32;0;0;0;7;21;A01
201100062276;0;7;0;0;2;1;2;A01
201100062276;0;10;0;0;2;4;2;B01
201100062277;0;7;0;0;1;2;1;A01
201100062278;0;7;0;0;2;7;9;A01
201100062278;0;33;0;0;2;3;7;B01
201100062279;0;1;0;0;0;0;21;A01
201100062280;0;7;0;0;1;4;4;A01
201100062281;0;32;0;0;0;7;1;A01
201100062282;0;1;0;0;2;4;1;B01
201100062282;0;7;0;0;2;1;1;A01
201100062283;0;1;0;0;0;8;1;A01
201100062284;0;1;0;0;1;1;1;A01
201100062285;0;7;0;0;2;6;1;B01
201100062285;0;33;0;0;2;3;12;A01
201100062286;0;30;0;1;2;1;14;A01
201100062287;0;30;0;0;0;0;21;A01
201100062288;0;1;0;0;0;0;1;A01
201100062289;0;7;0;0;2;1;2;A01
201100062289;0;7;0;0;2;4;23;B01
201100062290;0;7;0;0;2;7;16;A01
201100062290;0;7;0;12;2;3;1;B01
201100062291;0;32;0;0;2;0;21;A01
201100062292;0;7;0;0;1;2;1;A01
201100062293;0;7;0;1;0;2;1;A01
201100062294;0;32;0;0;2;7;1;A01
201100062294;0;7;0;0;0;5;23;B01
201100062295;0;7;0;0;2;9;23;C01
201100062295;0;10;0;0;2;1;1;A01
201100062295;0;7;0;0;2;9;23;B01
201100062295;0;7;0;0;0;0;23;D01
201100062296;0;7;0;0;2;3;15;A01
201100062296;0;2;0;0;2;2;17;B01
201100062297;0;7;0;0;2;4;23;B01
201100062297;0;10;0;0;2;4;1;A01
201100062298;0;31;0;0;2;1;1;A01
201100062298;0;33;0;0;2;6;23;B01
201100062299;0;7;0;0;2;2;1;A01
201100062299;0;30;0;0;2;1;1;B01
201100062300;0;33;0;0;2;0;1;B01
201100062300;0;7;0;0;2;0;1;A01
201100062301;0;1;0;0;1;1;21;A01
201100062302;0;7;0;0;2;3;1;B01
201100062302;0;2;0;0;2;1;1;A01
201100062303;0;34;0;0;2;2;1;A01
201100062303;0;7;0;0;2;5;1;B01
201100062304;0;33;0;0;2;7;1;B01
201100062304;0;7;0;0;2;1;1;A01
201100062305;0;7;0;0;2;3;9;B01
201100062305;0;33;0;0;2;8;1;A01
201100062306;0;30;0;0;0;3;21;A01
201100062307;0;31;0;0;2;7;17;A01
201100062307;0;33;0;0;2;8;23;B01
201100062308;0;7;0;0;2;3;13;A01
201100062308;0;30;0;0;2;5;1;B01
201100062309;0;10;0;0;2;4;23;B01
201100062309;0;30;0;0;2;1;2;A01
201100062310;0;10;0;0;2;7;16;A01
201100062310;0;31;0;0;2;1;1;B01
201100062311;1;7;0;0;2;1;2;Z01
201100062311;0;7;0;0;2;4;23;A01
201100062312;0;30;0;0;2;3;18;B01
201100062312;0;7;0;0;2;2;16;A01
201100062313;0;7;0;0;1;3;1;A01
201100062314;0;7;0;0;1;2;15;A01
201100062315;0;7;0;0;2;5;1;C01
201100062315;0;7;0;0;2;0;1;B01
201100062315;0;33;0;0;2;0;18;A01
201100062316;0;7;0;0;2;8;9;B01
201100062316;0;33;0;0;2;1;1;A01
201100062317;1;37;1;1;1;0;15;Z01
201100062318;0;7;0;0;2;6;15;A01
201100062318;0;32;0;0;2;1;17;B01
201100062319;0;7;0;0;2;2;12;B01
201100062319;0;30;0;0;2;8;1;A01
201100062320;0;32;0;0;0;7;21;A01
201100062321;0;7;0;0;1;4;20;A01
201100062322;0;10;0;0;2;6;4;B01
201100062322;0;30;0;0;2;5;17;A01
201100062323;0;7;0;0;1;7;1;A01
201100062324;0;2;0;8;0;2;1;A01
201100062325;0;31;0;0;2;8;1;A01
201100062325;1;7;0;0;2;0;16;Z01
201100062326;0;7;0;0;2;3;9;A01
201100062326;0;2;0;0;2;7;1;B01
201100062327;0;1;0;0;2;3;13;A01
201100062327;0;37;1;0;9;5;17;B01
201100062328;0;7;0;14;0;3;1;A01
201100062328;1;10;0;0;0;0;12;Z01
201100062329;0;2;0;12;0;1;1;A01
201100062330;0;30;0;0;1;1;18;A01
201100062331;0;34;0;0;0;4;23;B01
201100062331;0;34;0;0;2;1;1;A01
201100062332;0;30;0;11;0;3;13;A01
201100062333;0;33;0;0;1;3;1;A01
201100062334;0;32;0;0;1;1;1;A01
201100062335;0;7;0;0;1;2;1;A01
201100062336;0;32;0;0;0;0;1;A01
201100062337;1;7;0;0;0;0;1;Z01
201100062337;0;30;0;0;0;5;1;A01
201100062338;0;32;0;0;2;1;16;A01
201100062338;0;7;0;0;2;3;1;B01
201100062339;0;7;0;0;2;3;10;A01
201100062339;0;33;0;1;2;1;17;B01
201100062340;0;30;0;0;2;1;21;A01
201100062340;1;7;0;0;0;0;1;Z01
201100062341;0;32;0;0;2;1;17;A01
201100062341;0;7;0;0;0;8;15;B01
201100062342;0;10;0;0;2;2;14;B01
201100062342;0;33;0;0;2;8;3;A01
201100062343;0;7;0;0;2;7;1;B01
201100062343;0;33;0;0;2;8;1;A01
201100062344;0;32;0;0;2;1;17;B01
201100062344;0;7;0;0;2;3;10;A01
201100062345;0;10;0;0;2;7;16;A01
201100062345;0;7;0;0;2;3;16;B01
201100062346;0;32;0;0;0;8;13;A01
201100062347;0;33;0;0;0;8;1;A01
201100062348;0;32;0;0;2;1;1;B01
201100062348;0;7;0;0;2;5;15;A01
201100062349;0;32;0;0;2;7;1;A01
201100062349;0;7;0;0;2;0;15;B01
201100062350;0;30;0;0;0;7;1;A01
201100062351;0;30;0;0;2;8;1;A01
201100062351;1;7;0;0;2;2;1;Z01
201100062352;0;32;0;0;2;8;15;B01
201100062352;0;7;0;0;2;2;17;A01
201100062353;0;33;0;0;1;0;1;A01
201100062354;0;7;0;0;2;6;23;A01
201100062354;0;33;0;0;2;1;2;B01
201100062355;0;7;0;0;2;3;9;B01
201100062355;0;32;0;0;2;1;17;A01
201100062356;0;7;0;15;0;1;14;A01
201100062357;0;7;0;0;1;7;1;A01
201100062358;0;32;0;0;1;1;5;A01
201100062359;0;7;0;0;1;3;16;A01
201100062360;0;7;0;0;2;3;23;B01
201100062360;0;7;0;0;2;2;2;A01
201100062361;0;30;0;0;2;7;1;A01
201100062361;0;7;0;0;2;1;1;B01
201100062362;0;7;0;0;2;1;16;A01
201100062362;0;1;0;0;2;8;1;B01
201100062363;0;7;0;0;2;2;12;B01
201100062363;0;34;0;0;2;7;18;A01
201100062364;0;30;0;0;0;0;1;A01
201100062365;0;31;0;0;0;7;16;A01
201100062366;0;7;0;0;2;1;23;B01
201100062366;0;7;0;0;2;1;2;A01
201100062367;0;7;0;0;2;3;10;A01
201100062367;0;31;0;0;2;1;1;B01
201100062368;0;32;0;8;2;1;1;A01
201100062368;1;7;0;0;2;0;17;Z01
201100062369;0;7;0;15;0;3;1;A01
201100062370;0;10;0;0;1;2;1;A01
201100062371;0;32;0;0;2;8;21;A01
201100062372;0;10;0;0;0;4;23;B01
201100062372;0;7;0;0;2;1;1;A01
201100062373;0;7;0;0;2;2;12;A01
201100062373;0;34;0;0;2;8;1;B01
201100062373;0;10;0;0;0;0;1;C01
201100062374;0;7;0;0;2;1;2;A01
201100062374;0;7;0;0;2;4;2;B01
201100062375;0;31;0;0;2;7;1;A01
201100062375;1;31;0;0;2;0;1;Z01
201100062376;0;7;0;0;2;4;1;B01
201100062376;0;7;0;0;2;1;1;A01
201100062377;0;33;0;0;0;8;21;A01
201100062378;0;7;0;1;0;1;15;A01
201100062379;0;7;0;0;2;3;1;B01
201100062379;0;32;0;0;2;3;14;A01
201100062380;0;7;0;0;2;4;23;B01
201100062380;0;30;0;0;2;1;2;A01
201100062381;0;7;0;0;1;1;1;A01
201100062382;1;7;0;0;2;0;2;Z01
201100062382;0;32;0;0;2;4;23;A01
201100062383;0;7;0;0;2;0;13;A01
201100062383;0;7;0;0;2;6;2;C01
201100062383;0;7;0;0;2;1;2;B01
201100062384;0;1;0;0;1;1;1;A01
201100062385;0;1;0;0;2;1;1;B01
201100062385;0;14;0;0;2;8;22;A01
201100062386;0;2;0;0;1;1;17;A01
201100062387;1;7;0;0;1;1;15;Z01
201100062388;0;31;0;0;2;4;1;A01
201100062388;1;7;0;0;2;1;1;Z01
201100062389;0;7;0;0;2;2;15;A01
201100062389;0;30;0;0;2;1;1;B01
201100062390;0;7;0;0;1;2;1;A01
201100062391;0;7;0;12;0;2;14;A01
201100062392;0;7;0;0;2;6;1;B01
201100062392;0;14;0;0;2;2;12;A01
201100062393;0;14;0;0;2;1;2;A01
201100062393;0;7;0;0;2;4;2;B01
201100062394;0;32;0;0;2;8;1;B01
201100062394;0;7;0;0;2;2;14;A01
201100062395;0;7;0;0;2;1;10;B01
201100062395;0;7;0;0;2;3;1;A01
201100062396;0;30;0;1;0;1;1;A01
201100062397;0;7;0;0;2;7;1;C01
201100062397;0;1;0;0;2;1;1;B01
201100062397;0;7;0;0;2;8;22;A01
201100062398;0;7;0;0;2;4;23;C01
201100062398;0;7;0;0;2;1;1;A01
201100062398;0;37;1;0;2;8;1;D01
201100062398;0;2;0;0;2;9;23;B01
201100062399;0;7;0;0;2;1;1;B01
201100062399;0;7;0;0;2;2;10;A01
201100062400;0;34;0;0;2;5;1;B01
201100062400;0;7;0;0;2;2;15;A01
201100062401;0;7;0;0;1;1;1;A01
201100062402;0;7;0;0;2;2;1;B01
201100062402;0;32;0;0;2;2;1;A01
201100062403;0;34;0;0;2;1;1;A01
201100062403;0;7;0;0;2;2;1;B01
201100062404;0;7;0;0;2;8;10;B01
201100062404;0;30;0;0;2;1;2;A01
201100062405;0;32;0;0;1;3;17;A01
201100062406;0;1;0;0;2;0;16;A01
201100062406;1;33;0;0;2;0;2;Z01
201100062407;0;7;0;0;1;3;1;A01
201100062408;0;20;0;0;2;2;15;A01
201100062408;0;34;0;0;2;1;1;B01
201100062409;0;7;0;0;1;1;15;A01
201100062410;0;10;0;0;1;3;1;A01
201100062411;0;33;0;0;2;8;1;A01
201100062411;1;7;0;0;2;7;12;Z01
201100062412;1;7;0;0;1;0;1;Z01
201100062413;0;33;0;0;1;1;1;A01
201100062414;0;7;0;0;0;7;1;A01
201100062414;0;33;0;0;0;1;1;B01
201100062415;0;37;20;0;2;1;15;A01
201100062415;0;32;0;0;2;3;1;B01
201100062416;1;7;0;0;1;1;1;Z01
201100062417;0;7;0;0;1;2;1;A01
201100062418;0;7;0;0;2;2;15;B01
201100062418;0;33;0;0;2;2;1;A01
201100062419;0;7;0;0;1;4;4;A01
201100062420;0;31;0;0;2;1;1;B01
201100062420;0;7;0;0;2;7;1;A01
201100062421;0;32;0;0;1;1;17;A01
201100062422;0;7;0;0;2;1;15;B01
201100062422;0;32;0;0;2;1;1;A01
201100062423;0;30;0;0;2;1;1;A01
201100062423;0;7;0;0;2;5;16;B01
201100062424;0;2;0;0;2;3;1;A01
201100062424;1;7;0;0;2;0;16;Z01
201100062425;0;33;0;0;0;9;17;B01
201100062425;0;7;0;0;0;8;15;A01
201100062426;0;10;0;0;2;2;2;A01
201100062426;0;7;0;0;2;4;23;B01
201100062427;0;7;0;0;2;6;1;B01
201100062427;0;33;0;0;2;1;14;A01
201100062428;0;30;0;0;0;0;1;A01
201100062429;1;33;0;0;2;4;18;Z01
201100062429;0;2;0;0;2;2;1;A01
201100062430;0;30;0;0;2;4;23;A01
201100062430;1;7;0;0;2;4;2;Z01
201100062431;0;33;0;1;2;1;1;B01
201100062431;0;7;0;0;2;5;9;A01
201100062432;0;32;0;0;2;2;15;A01
201100062432;1;10;0;0;2;3;1;Z01
201100062433;0;7;0;0;1;2;16;A01
201100062434;0;7;0;0;2;5;1;A01
201100062434;0;30;0;0;2;1;17;B01
201100062435;0;10;0;0;1;3;1;A01
201100062436;0;31;0;0;2;2;3;A01
201100062436;0;7;0;0;2;3;17;B01
201100062436;0;7;0;0;2;3;1;C01
201100062437;0;30;0;0;2;0;17;B01
201100062437;0;7;0;0;2;6;13;A01
201100062438;0;34;0;0;2;1;2;B01
201100062438;0;10;0;0;2;4;4;A01
201100062439;0;30;0;0;0;0;1;A01
201100062440;0;7;0;0;2;1;2;A01
201100062440;0;10;0;0;2;4;2;B01
201100062441;0;7;0;0;1;1;1;A01
201100062442;0;7;0;0;1;1;4;A01
201100062443;0;2;0;0;2;1;1;A01
201100062443;0;7;0;0;2;6;15;B01
201100062444;0;7;0;0;2;3;13;B01
201100062444;0;32;0;0;2;2;17;A01
201100062445;0;34;0;0;2;1;18;A01
201100062445;0;7;0;0;0;5;14;B01
201100062446;0;7;0;0;0;2;9;A01
201100062447;0;7;0;0;2;8;10;A01
201100062447;0;33;0;0;2;1;17;B01
201100062448;0;32;0;0;2;2;1;A01
201100062448;0;10;0;0;2;3;1;B01
201100062449;0;7;0;0;2;6;13;B01
201100062449;0;30;0;0;2;2;5;A01
201100062450;0;10;0;0;1;4;4;A01
201100062451;0;14;0;0;2;5;14;B01
201100062451;0;33;0;0;2;8;18;A01
201100062452;0;10;0;0;2;3;1;B01
201100062452;0;2;0;0;2;1;17;A01
201100062453;0;7;0;0;2;2;16;A01
201100062453;0;31;0;0;2;8;7;B01
201100062454;0;3;0;6;0;1;13;A01
201100062455;0;2;0;0;0;0;21;A01
201100062456;0;33;0;0;2;7;21;A01
201100062457;0;7;0;9;0;3;0;A01
201100062458;0;7;0;0;0;3;15;A01
201100062458;0;32;0;0;2;6;1;B01
201100062459;0;2;0;0;2;1;1;A01
201100062459;1;7;0;0;0;3;9;Z01
201100062460;0;31;0;0;0;1;1;A01
201100062460;1;7;0;0;0;5;4;Z01
201100062461;0;32;0;0;1;0;17;A01
201100062462;0;7;0;0;2;3;15;A01
201100062462;0;30;0;0;2;5;17;B01
201100062463;0;7;0;0;2;2;1;A01
201100062463;0;32;0;0;2;8;15;B01
201100062464;0;2;0;7;0;1;13;A01
201100062465;0;7;0;0;2;1;9;B01
201100062465;0;7;0;0;2;1;1;A01
201100062466;0;7;0;0;0;3;1;B01
201100062466;0;2;0;0;2;1;1;A01
201100062467;0;10;0;0;2;6;1;A01
201100062467;0;32;0;0;2;1;1;B01
201100062468;0;2;0;0;2;8;15;A01
201100062468;0;10;0;0;2;2;1;B01
201100062469;0;33;0;0;1;1;1;A01
201100062470;0;7;0;2;0;3;13;A01
201100062471;0;7;0;15;0;1;14;A01
201100062472;0;7;0;0;1;5;4;A01
201100062473;0;7;0;0;2;6;2;B01
201100062473;0;7;0;15;2;1;2;A01
201100062474;0;7;0;0;2;3;1;A01
201100062474;0;33;0;0;2;1;1;B01
201100062475;0;38;41;0;2;2;7;A01
201100062475;0;37;15;0;2;3;15;B01
201100062476;0;13;0;0;0;8;22;A01
201100062476;0;30;0;1;0;2;1;B01
201100062477;0;34;0;0;2;3;11;A01
201100062477;0;34;0;0;2;1;7;B01
201100062478;0;30;0;0;2;1;17;A01
201100062479;1;33;0;0;1;1;7;Z01
201100062480;0;7;0;0;2;4;23;B01
201100062480;0;7;0;0;2;1;1;A01
201100062481;0;2;0;0;0;0;21;A01
201100062482;0;7;0;0;2;5;2;A01
201100062482;1;7;0;0;2;3;2;Z01
201100062483;0;32;0;0;1;1;1;A01
201100062484;0;7;0;0;2;0;23;D01
201100062484;0;7;0;0;2;4;23;C01
201100062484;0;7;0;0;2;4;23;B01
201100062484;0;38;1;0;2;2;2;A01
201100062485;0;10;0;0;2;3;9;A01
201100062485;0;33;0;0;2;2;1;B01
201100062486;0;7;0;0;2;2;1;A01
201100062486;0;33;0;0;2;1;1;B01
201100062487;0;7;0;0;1;4;4;A01
201100062488;0;7;0;0;2;3;15;A01
201100062488;0;2;0;0;2;1;1;B01
201100062489;0;7;0;0;1;4;20;A01
201100062490;0;31;0;0;2;1;1;A01
201100062490;0;10;0;0;2;7;1;B01
201100062491;0;1;0;0;9;3;13;B01
201100062491;0;30;0;0;9;0;17;A01
201100062492;1;32;0;0;1;1;1;Z01
201100062493;0;30;0;14;0;0;1;A01
201100062494;0;33;0;1;2;4;1;B01
201100062494;0;10;0;0;2;3;1;A01
201100062495;0;10;0;0;1;2;17;A01
201100062496;0;2;0;0;0;2;17;B01
201100062496;0;7;0;0;0;3;15;A01
201100062497;0;7;0;0;2;7;17;A01
201100062497;0;33;0;0;2;3;1;B01
201100062498;0;7;0;0;2;2;1;A01
201100062498;0;2;0;0;2;3;1;B01
201100062499;0;30;0;0;2;1;18;A01
201100062499;0;7;0;0;2;7;16;B01
201100062500;0;15;0;0;2;4;1;B01
201100062500;0;30;0;0;2;1;1;A01
201100062500;0;34;0;0;0;0;1;C01
201100062501;0;31;0;0;2;8;15;A01
201100062502;0;1;0;1;0;1;1;B01
201100062502;0;7;0;0;9;0;22;A01
201100062503;0;7;0;0;2;3;13;A01
201100062503;0;34;0;0;9;2;17;B01
201100062504;0;7;0;0;2;3;1;B01
201100062504;0;2;0;0;2;1;1;A01
201100062505;0;10;0;0;2;3;22;B01
201100062505;0;1;0;0;2;0;1;A01
201100062506;0;7;0;0;2;5;16;B01
201100062506;0;33;0;0;2;1;18;A01
201100062507;0;7;0;8;2;3;1;A01
201100062507;0;10;0;8;2;2;1;B01
201100062507;1;7;0;0;2;0;16;Z01
201100062508;1;7;0;0;2;0;14;Z01
201100062508;0;32;0;0;2;0;1;A01
201100062509;0;7;0;11;0;0;13;A01
201100062510;0;3;0;0;2;8;9;A01
201100062510;0;33;0;0;2;1;1;B01
201100062511;1;7;0;0;2;3;22;Z01
201100062511;0;1;0;0;2;1;7;A01
201100062512;0;1;0;0;2;4;16;A01
201100062512;0;7;0;0;2;2;1;B01
201100062513;0;37;0;0;1;2;7;A01
201100062514;0;7;0;0;2;1;1;B01
201100062514;0;2;0;0;2;3;1;A01
201100062515;0;7;0;0;2;4;23;B01
201100062515;0;7;0;0;2;1;2;A01
201100062516;0;7;0;0;2;4;23;A01
201100062516;1;7;0;0;2;1;2;Z01
201100062517;0;7;0;0;2;2;9;B01
201100062517;0;10;0;1;2;1;1;A01
201100062518;0;7;0;0;2;5;15;B01
201100062518;0;31;0;0;2;1;1;A01
201100062519;0;7;0;0;2;8;10;A01
201100062519;0;2;0;0;2;1;5;B01
201100062520;0;10;0;0;2;8;10;A01
201100062520;0;2;0;0;2;1;1;B01
201100062521;0;32;0;0;2;8;1;B01
201100062521;0;7;0;0;2;3;15;A01
201100062522;0;7;0;0;1;2;13;A01
201100062523;0;30;0;12;0;2;14;A01
201100062524;0;2;0;0;2;1;1;A01
201100062524;0;7;0;0;2;3;15;B01
201100062525;0;31;0;0;2;8;1;A01
201100062525;0;10;0;0;2;8;15;B01
201100062526;0;7;0;0;2;7;2;E01
201100062526;0;7;0;1;2;9;2;A01
201100062526;0;7;0;0;2;4;2;I02
201100062526;0;7;0;0;2;3;2;H02
201100062526;0;7;0;0;2;2;2;B02
201100062526;0;7;0;0;0;5;2;G02
201100062526;0;7;0;0;2;3;2;J02
201100062526;0;7;0;0;2;4;2;F01
201100062526;0;7;0;0;2;4;23;D01
201100062526;0;7;0;0;2;4;23;C01
201100062527;0;7;0;0;1;1;1;A01
201100062528;0;34;0;0;2;4;23;A01
201100062528;1;10;0;0;2;1;2;Z01
201100062529;0;7;0;0;2;3;13;A01
201100062529;0;33;0;0;2;8;1;B01
201100062530;0;30;0;0;2;1;1;B01
201100062530;0;1;0;0;2;3;9;A01
201100062531;0;1;0;0;2;1;17;B01
201100062531;0;7;0;0;2;3;15;A01
201100062532;0;7;0;0;2;4;2;A01
201100062532;0;34;0;0;2;1;2;B01
201100062533;0;31;0;11;0;0;14;A01
201100062534;0;33;0;0;2;1;17;A01
201100062534;0;7;0;0;2;8;13;B01
201100062535;0;7;0;0;2;8;11;A01
201100062535;0;2;0;0;2;7;17;B01
201100062536;0;13;0;0;2;2;1;B01
201100062536;0;7;0;0;2;8;11;A01
201100062537;0;32;0;0;1;1;1;A01
201100062538;0;33;0;0;2;1;2;A01
201100062538;0;7;0;0;2;4;1;B01
201100062539;0;30;0;0;2;3;7;A01
201100062539;0;10;0;0;2;2;16;B01
201100062540;0;32;0;0;0;7;21;A01
201100062541;0;30;0;0;2;0;1;A01
201100062541;0;7;0;0;2;1;1;B01
201100062542;0;7;0;0;2;6;15;B01
201100062542;0;32;0;0;2;3;17;A01
201100062543;0;34;0;0;2;7;1;A01
201100062543;0;7;0;0;2;1;15;B01
201100062544;0;10;0;0;2;8;10;A01
201100062544;0;33;0;0;2;0;1;B01
201100062545;0;32;0;8;1;2;1;A01
201100062546;0;7;0;0;2;8;1;B01
201100062546;0;10;0;0;2;1;15;A01
201100062547;0;37;1;0;1;5;7;A01
201100062548;0;7;0;1;0;8;13;A01
201100062548;0;32;0;0;2;7;17;B01
201100062549;0;10;0;0;1;1;1;A01
201100062550;0;7;0;0;2;1;2;A01
201100062550;0;1;0;0;2;4;16;B01
201100062551;0;7;0;0;2;1;2;A01
201100062551;0;7;0;0;2;4;23;B01
201100062552;0;7;0;0;2;6;22;B01
201100062552;0;32;0;1;0;3;17;A01
201100062553;0;7;0;0;2;5;15;A01
201100062553;0;32;0;0;2;3;1;B01
201100062554;0;7;0;0;2;3;2;A01
201100062554;0;32;0;0;2;4;23;B01
201100062555;0;10;0;0;1;2;1;A01
201100062556;2;2;0;0;1;9;1;Z01
201100062557;0;7;0;0;2;1;1;A01
201100062557;0;1;0;0;2;8;19;B01
201100062558;0;34;0;1;1;1;1;A01
201100062559;0;1;0;0;2;1;1;A01
201100062559;0;7;0;0;2;3;22;B01
201100062560;0;1;0;12;2;8;2;B01
201100062560;0;7;0;0;2;2;2;A01
201100062561;0;31;0;0;2;1;1;A01
201100062561;1;7;0;0;2;3;10;Z01
201100062562;0;7;0;0;2;1;2;B01
201100062562;0;32;0;0;2;4;23;A01
201100062563;0;30;0;0;0;7;21;A01
201100062564;0;7;0;0;2;2;1;A01
201100062564;0;33;0;0;2;8;1;B01
201100062565;0;7;0;8;0;1;1;A01
201100062566;0;7;0;0;1;2;20;A01
201100062567;0;1;0;0;2;1;15;A01
201100062567;0;33;0;0;0;3;1;B01
201100062568;0;2;0;15;0;1;1;A01
201100062569;0;7;0;0;2;2;1;B01
201100062569;0;7;0;0;2;1;1;A01
201100062570;0;32;0;0;2;3;7;A01
201100062570;0;7;0;0;2;2;15;B01
201100062571;0;14;0;0;2;2;1;A01
201100062571;0;2;0;0;2;4;18;B01
201100062572;0;7;0;0;2;1;1;A01
201100062572;0;31;0;0;2;7;1;B01
201100062573;0;7;0;0;2;2;12;A01
201100062573;0;2;0;0;2;8;18;B01
201100062574;0;1;0;0;2;7;0;B01
201100062574;0;1;0;0;2;1;0;A01
201100062575;0;1;0;0;1;1;1;A01
201100062576;0;7;0;0;0;7;22;A01
201100062576;0;33;0;0;2;8;18;B01
201100062577;0;7;0;0;2;2;1;A01
201100062577;0;7;0;0;2;8;10;B01
201100062578;0;30;0;0;0;8;1;A01
201100062579;0;34;0;0;0;3;17;B01
201100062579;0;3;0;0;2;3;15;A01
201100062580;0;30;0;0;2;1;1;B01
201100062580;0;7;0;0;2;2;15;A01
201100062581;0;7;0;0;0;6;15;A01
201100062581;0;14;0;0;2;2;15;B01
201100062582;0;7;0;0;1;6;4;A01
201100062583;0;7;0;0;2;3;15;A01
201100062583;0;33;0;0;2;1;1;B01
201100062584;0;30;0;0;2;8;11;B01
201100062584;0;7;0;0;2;8;12;A01
201100062585;0;1;0;1;0;2;21;A01
201100062586;0;32;0;0;2;2;11;B01
201100062586;0;7;0;0;2;3;1;A01
201100062587;0;33;0;0;2;8;3;A01
201100062587;0;7;0;0;2;5;1;B01
201100062588;0;33;0;0;2;3;1;B01
201100062588;0;7;0;0;2;1;15;A01
201100062589;0;1;0;0;0;8;7;A01
201100062589;1;10;0;0;9;0;1;Z01
201100062590;0;7;0;0;2;3;15;A01
201100062590;0;30;0;0;2;2;17;B01
201100062591;0;30;0;0;2;2;1;B01
201100062591;0;1;0;0;0;3;15;A01
201100062592;0;32;0;0;0;7;1;A01
201100062593;0;34;0;0;2;8;1;B01
201100062593;0;7;0;0;2;5;15;A01
201100062594;0;31;0;0;2;7;1;A01
201100062594;0;10;0;0;2;1;15;B01
201100062595;0;30;0;0;0;0;21;A01
201100062596;0;7;0;0;2;3;15;A01
201100062596;0;7;0;0;2;1;1;B01
201100062597;0;7;0;0;2;2;16;A01
201100062597;0;1;0;0;2;6;7;B01
201100062598;0;30;0;0;0;1;21;A01
201100062599;0;7;0;0;1;3;1;A01
201100062600;0;1;0;0;0;0;1;A01
201100062601;0;7;0;0;2;2;16;A01
201100062601;0;34;0;0;2;3;1;B01
201100062602;0;7;0;0;2;3;15;A01
201100062602;0;31;0;0;2;8;1;B01
201100062603;0;33;0;8;2;1;1;B01
201100062603;0;10;0;0;2;1;1;A01