num_acc;senc;catv;occutc;obs;obsm;choc;manv;num_veh
201100062604;0;7;0;0;2;3;22;A01
201100062604;0;1;0;0;2;1;1;B01
201100062605;0;34;0;0;2;0;17;A01
201100062605;0;7;0;0;2;3;15;B01
201100062606;0;7;0;0;2;1;1;A01
201100062606;0;7;0;0;2;1;15;B01
201100062607;0;32;0;0;2;1;2;A01
201100062607;0;31;0;0;2;4;23;B01
201100062608;1;7;0;0;1;1;1;Z01
201100062609;0;31;0;0;2;1;5;A01
201100062609;0;7;0;0;2;3;1;B01
201100062610;0;1;0;0;2;1;2;A01
201100062610;0;7;0;0;2;4;23;B01
201100062611;0;33;0;0;2;8;1;B01
201100062611;0;7;0;0;2;3;15;A01
201100062612;0;34;0;0;0;1;18;A01
201100062613;0;7;0;0;2;3;10;A01
201100062613;0;33;0;0;2;1;1;B01
201100062614;0;33;0;0;2;3;1;B01
201100062614;0;38;47;0;2;3;15;A01
201100062615;0;10;0;0;1;3;15;A01
201100062616;0;7;0;0;1;1;1;A01
201100062617;0;30;0;0;2;1;15;A01
201100062617;0;33;0;1;2;8;1;B01
201100062618;0;7;0;0;2;2;16;A01
201100062618;0;32;0;0;2;3;1;B01
201100062619;0;7;0;0;2;3;9;A01
201100062619;0;34;0;0;2;1;17;B01
201100062620;0;32;0;11;0;3;13;A01
201100062621;0;7;0;0;2;2;1;B01
201100062621;0;2;0;0;2;2;15;A01
201100062622;0;7;0;0;2;8;1;A01
201100062622;0;31;0;0;2;7;1;B01
201100062623;0;10;0;0;1;4;4;A01
201100062624;0;7;0;0;2;1;2;A01
201100062624;0;7;0;0;2;5;2;B01
201100062625;0;7;0;0;2;2;1;B01
201100062625;0;33;0;1;2;7;1;A01
201100062626;0;1;0;0;2;8;7;B01
201100062626;0;7;0;0;2;1;15;A01
201100062627;0;30;0;0;2;2;1;A01
201100062627;0;7;0;0;2;2;15;B01
201100062628;0;1;0;0;2;1;1;A01
201100062628;0;7;0;0;2;2;22;B01
201100062629;0;30;0;0;2;3;7;B01
201100062629;0;7;0;0;2;2;16;A01
201100062630;1;7;0;0;1;1;1;Z01
201100062631;0;34;0;0;0;0;21;A01
201100062632;1;30;0;0;2;1;5;Z01
201100062632;0;31;0;0;2;0;1;A01
201100062633;0;7;0;0;1;1;1;A01
201100062634;0;7;0;0;1;1;1;A01
201100062635;0;1;0;0;2;3;1;B01
201100062635;0;7;0;0;2;2;15;A01
201100062636;0;7;0;0;2;4;1;B01
201100062636;0;7;0;0;2;0;9;A01
201100062636;0;7;0;0;2;1;1;C01
201100062637;0;1;0;0;2;1;1;B01
201100062637;0;7;0;0;2;2;15;A01
201100062638;0;30;0;0;2;1;1;A01
201100062638;0;7;0;0;2;1;1;B01
201100062639;0;7;0;0;2;2;16;A01
201100062639;0;30;0;0;2;8;1;B01
201100062640;0;33;0;0;2;3;1;A01
201100062640;0;7;0;0;2;2;16;B01
201100062641;0;32;0;0;0;0;1;A01
201100062642;0;7;0;11;0;3;13;A01
201100062643;0;7;0;0;2;4;23;C01
201100062643;0;10;0;0;2;1;2;A01
201100062643;0;10;0;0;2;4;23;B01
201100062644;0;34;0;0;1;2;1;A01
201100062645;0;7;0;0;2;3;1;B01
201100062645;0;32;0;0;2;7;1;A01
201100062646;0;33;0;1;2;2;14;A01
201100062646;0;7;0;0;2;6;24;B01
201100062647;0;33;0;1;2;8;18;A01
201100062647;0;10;0;0;2;2;1;B01
201100062648;0;7;0;0;2;2;23;B01
201100062648;0;13;0;0;2;4;24;C01
201100062648;0;33;0;0;2;3;1;A01
201100062649;0;7;0;0;1;2;1;A01
201100062650;0;7;0;0;2;2;1;A01
201100062650;0;32;0;0;2;3;13;B01
201100062651;0;32;0;0;1;1;1;A01
201100062652;0;7;0;0;1;6;16;A01
201100062653;0;33;0;0;2;8;1;B01
201100062653;0;7;0;0;2;7;12;A01
201100062654;0;7;0;0;1;4;4;A01
201100062655;0;32;0;0;1;1;18;A01
201100062656;0;7;0;0;2;8;2;C01
201100062656;0;7;0;0;2;8;2;B01
201100062656;0;33;0;0;2;7;3;A01
201100062657;0;2;0;11;2;4;1;A01
201100062657;1;7;0;0;2;1;1;Z01
201100062658;0;30;0;0;0;8;1;A01
201100062659;0;7;0;0;2;7;1;B01
201100062659;0;10;0;0;2;1;1;A01
201100062660;0;1;0;0;2;1;19;A01
201100062660;0;30;0;0;2;1;16;B01
201100062661;0;34;0;0;2;1;5;A01
201100062661;0;32;0;0;2;1;1;B01
201100062662;0;33;0;0;1;1;1;A01
201100062663;0;7;0;0;2;3;10;A01
201100062663;0;33;0;0;2;2;17;B01
201100062664;1;10;0;0;1;2;1;Z01
201100062665;0;30;0;0;0;7;1;A01
201100062666;0;2;0;9;0;1;1;A01
201100062667;0;30;0;0;2;8;2;A01
201100062667;0;7;0;0;2;8;23;B01
201100062668;0;7;0;0;0;1;1;A01
201100062668;0;7;0;0;0;4;23;B01
201100062669;0;7;0;0;2;1;16;B01
201100062669;0;32;0;0;2;7;1;A01
201100062670;0;30;0;0;0;1;1;A01
201100062670;0;7;0;0;0;6;1;B01
201100062671;1;2;0;0;1;0;5;Z01
201100062672;0;34;0;0;2;7;1;B01
201100062672;0;7;0;0;2;3;9;A01
201100062673;0;32;0;0;2;5;23;B01
201100062673;0;13;0;0;2;1;1;A01
201100062674;0;32;0;0;2;4;23;B01
201100062674;0;7;0;0;2;1;1;A01
201100062675;0;30;0;0;2;1;1;A01
201100062675;0;7;0;0;2;8;1;B01
201100062676;0;7;0;0;2;2;1;B01
201100062676;0;31;0;0;2;7;19;C01
201100062676;0;7;0;0;2;2;1;A01
201100062677;0;7;0;0;2;3;15;B01
201100062677;0;32;0;0;2;2;1;A01
201100062678;0;14;0;0;2;2;16;A01
201100062678;0;2;0;0;2;3;1;B01
201100062679;0;10;0;0;0;7;1;A01
201100062680;0;10;0;0;1;6;4;A01
201100062681;0;7;0;0;2;2;1;A01
201100062681;0;34;0;0;2;7;1;B01
201100062682;0;33;0;0;0;7;21;A01
201100062683;0;33;0;14;0;8;1;A01
201100062684;0;7;0;1;2;3;15;A01
201100062684;0;31;0;0;0;8;17;B01
201100062685;0;7;0;0;1;1;1;A01
201100062686;0;7;0;3;0;4;4;A01
201100062687;0;7;0;0;2;3;1;A01
201100062687;0;32;0;0;2;5;23;B01
201100062688;1;30;0;0;1;8;1;Z01
201100062689;0;7;0;0;1;1;1;A01
201100062690;0;33;0;0;2;5;1;A01
201100062690;0;7;0;0;0;1;23;B01
201100062691;0;7;0;0;0;6;15;B01
201100062691;0;32;0;0;0;2;17;A01
201100062692;0;32;0;0;2;3;16;B01
201100062692;0;7;0;0;0;7;1;A01
201100062693;0;7;0;0;1;4;4;A01
201100062694;0;7;0;0;2;3;15;B01
201100062694;0;32;0;0;2;2;17;A01
201100062695;0;7;0;0;2;1;15;A01
201100062695;0;30;0;0;2;1;16;B01
201100062696;0;7;0;0;2;2;16;B01
201100062696;0;32;0;0;2;3;7;A01
201100062697;0;30;0;0;1;1;17;A01
201100062698;0;7;0;0;2;8;15;A01
201100062698;0;32;0;0;2;2;1;B01
201100062699;0;34;0;0;2;5;17;B01
201100062699;0;30;0;0;2;3;15;A01
201100062700;0;14;0;1;1;7;1;A01
201100062701;0;7;0;0;2;3;10;A01
201100062701;0;32;0;0;2;2;17;B01
201100062702;0;30;0;0;0;0;1;A01
201100062703;0;7;0;0;1;4;23;B01
201100062703;0;32;0;0;2;1;1;A01
201100062704;0;10;0;0;1;1;15;A01
201100062705;0;2;0;0;2;8;9;A01
201100062705;0;7;0;0;2;2;16;B01
201100062706;0;30;0;0;2;1;17;A01
201100062706;0;7;0;0;2;3;15;B01
201100062707;1;7;0;0;2;0;17;Z01
201100062707;0;2;0;1;9;1;1;A01
201100062708;0;7;0;0;2;8;22;A01
201100062708;0;1;0;0;2;2;1;B01
201100062709;0;7;0;0;1;6;4;A01
201100062710;0;32;0;0;2;8;1;B01
201100062710;0;7;0;0;2;1;15;A01
201100062711;0;7;0;0;0;4;1;B01
201100062711;0;1;0;0;0;1;1;A01
201100062712;1;7;0;0;2;3;1;Z01
201100062712;0;2;0;0;2;1;17;A01
201100062713;0;34;0;0;2;8;15;A01
201100062713;0;7;0;0;0;2;17;B01
201100062714;0;7;0;1;2;1;1;A01
201100062714;0;7;0;0;2;2;1;B01
201100062715;0;1;0;0;2;3;1;B01
201100062715;0;7;0;0;2;1;9;A01
201100062716;0;1;0;0;2;7;1;B01
201100062716;0;7;0;0;2;7;22;A01
201100062717;0;7;0;12;0;2;15;A01
201100062718;0;7;0;0;1;5;4;A01
201100062719;0;38;1;0;2;6;4;A01
201100062719;0;33;0;0;2;7;23;B01
201100062720;0;33;0;0;0;9;1;A01
201100062721;0;30;0;0;2;1;2;A01
201100062721;0;30;0;0;2;4;2;B01
201100062722;0;7;0;0;2;3;23;C01
201100062722;0;7;0;0;2;7;1;B01
201100062722;0;7;0;1;2;3;5;A01
201100062723;0;7;0;0;1;7;1;A01
201100062724;0;10;0;0;2;0;15;A01
201100062724;0;31;0;0;2;8;17;B01
201100062725;0;7;0;0;2;5;2;B01
201100062725;0;7;0;0;2;3;2;A01
201100062726;0;34;0;0;2;1;1;B01
201100062726;0;7;0;0;2;6;10;A01
201100062727;0;32;0;0;2;1;1;B01
201100062727;0;7;0;0;2;2;15;A01
201100062728;0;32;0;0;2;3;16;A01
201100062728;0;33;0;0;2;5;16;B01
201100062729;0;7;0;0;2;6;10;A01
201100062729;0;33;0;0;2;1;1;B01
201100062730;0;7;0;0;2;3;15;A01
201100062730;0;2;0;0;2;1;17;B01
201100062731;0;7;0;0;2;8;10;B01
201100062731;0;30;0;0;2;5;1;A01
201100062732;0;33;0;0;2;2;7;B01
201100062732;0;32;0;0;2;3;17;A01
201100062733;0;7;0;0;2;8;10;A01
201100062733;0;32;0;0;2;2;1;B01
201100062734;0;10;0;0;1;3;15;A01
201100062735;0;32;0;0;2;8;1;B01
201100062735;0;7;0;0;2;2;1;A01
201100062736;0;7;0;0;1;1;16;A01
201100062737;0;14;0;15;2;9;5;A01
201100062737;0;7;0;0;2;6;23;B01
201100062738;0;2;0;0;1;1;1;A01
201100062739;0;7;0;0;2;5;23;C01
201100062739;0;31;0;1;0;1;1;A01
201100062739;0;7;0;0;2;2;22;B01
201100062740;0;10;0;0;2;3;1;A01
201100062740;0;7;0;0;2;1;1;B01
201100062741;0;7;0;0;0;6;15;B01
201100062741;0;34;0;0;2;2;1;A01
201100062742;0;2;0;0;2;1;1;A01
201100062742;0;7;0;0;2;8;9;B01
201100062743;0;33;0;0;2;8;1;A01
201100062743;1;7;0;0;2;2;16;Z01
201100062744;0;32;0;0;2;7;17;B01
201100062744;0;7;0;0;2;8;22;A01
201100062745;0;30;0;1;1;7;14;A01
201100062746;0;7;0;0;2;0;1;A01
201100062746;0;7;0;0;2;2;16;B01
201100062747;0;2;0;0;2;4;23;B01
201100062747;0;30;0;0;2;1;2;A01
201100062748;0;32;0;0;2;1;1;B01
201100062748;0;7;0;0;2;3;10;A01
201100062749;0;7;0;0;2;3;15;B01
201100062749;0;34;0;0;2;1;1;A01
201100062750;0;7;0;0;1;3;15;A01
201100062751;0;7;0;0;1;2;1;A01
201100062752;0;33;0;0;0;0;1;A01
201100062753;0;7;0;0;0;2;10;A01
201100062753;0;37;0;0;2;3;7;B01
201100062753;0;33;0;0;0;2;9;C01
201100062754;1;7;0;0;1;1;1;Z01
201100062755;0;31;0;0;2;0;1;A01
201100062755;0;7;0;0;2;0;16;B01
201100062756;0;30;0;0;2;1;1;A01
201100062756;0;32;0;0;2;8;1;B01
201100062757;0;7;0;0;2;2;15;A01
201100062757;0;2;0;0;2;8;1;B01
201100062758;0;32;0;0;2;1;1;A01
201100062758;1;7;0;0;2;5;15;Z01
201100062759;0;7;0;0;2;7;14;B01
201100062759;0;31;0;0;2;8;16;A01
201100062760;0;34;0;0;2;1;7;B01
201100062760;0;7;0;0;2;1;15;A01
201100062761;0;30;0;0;2;1;17;B01
201100062761;0;7;0;0;2;3;15;A01
201100062762;0;32;0;0;1;0;17;A01
201100062763;0;32;0;0;0;0;1;A01
201100062764;0;32;0;0;2;1;1;A01
201100062764;0;10;0;0;2;3;15;B01
201100062765;0;34;0;0;2;3;18;A01
201100062765;0;7;0;0;2;7;16;B01
201100062766;0;7;0;0;2;3;15;B01
201100062766;0;31;0;0;2;1;1;A01
201100062767;0;7;0;0;1;2;1;A01
201100062768;0;33;0;0;2;1;1;B01
201100062768;0;7;0;0;2;3;10;A01
201100062769;0;7;0;1;2;9;1;A01
201100062769;0;7;0;0;2;1;1;B01
201100062770;0;33;0;0;2;1;1;B01
201100062770;0;7;0;0;2;3;15;A01
201100062771;0;7;0;1;0;2;1;A01
201100062772;0;7;0;11;0;3;13;A01
201100062773;0;32;0;1;0;0;21;A01
201100062774;0;32;0;0;1;1;1;A01
201100062775;0;30;0;0;2;1;2;A01
201100062775;0;7;0;0;2;6;20;B01
201100062776;0;7;0;0;2;6;1;B01
201100062776;0;30;0;0;2;9;17;A01
201100062776;2;7;0;0;2;3;13;Z01
201100062777;0;2;0;0;2;3;7;A01
201100062777;0;7;0;0;2;7;14;B01
201100062778;0;37;20;0;2;3;7;A01
201100062778;0;10;0;0;2;8;16;B01
201100062779;0;10;0;0;2;6;4;A01
201100062779;0;33;0;0;2;5;1;B01
201100062780;0;7;0;0;2;2;9;A01
201100062780;0;32;0;0;2;2;17;B01
201100062781;0;34;0;0;2;8;13;A01
201100062781;0;7;0;0;2;2;1;B01
201100062782;0;30;0;0;1;8;17;A01
201100062783;0;31;0;0;2;4;23;B01
201100062783;0;10;0;0;2;3;2;A01
201100062784;0;7;0;0;1;1;15;A01
201100062785;0;32;0;0;1;1;1;A01
201100062786;0;7;0;11;0;6;13;A01
201100062787;0;7;0;0;1;1;15;A01
201100062788;0;32;0;11;0;1;1;A01
201100062789;0;7;0;0;2;3;15;B01
201100062789;0;31;0;0;2;3;1;A01
201100062790;0;7;0;0;1;8;1;A01
201100062791;0;7;0;0;2;1;15;A01
201100062791;0;30;0;0;2;8;1;B01
201100062792;0;33;0;0;2;1;2;A01
201100062792;0;7;0;0;2;6;23;B01
201100062793;1;33;0;0;1;0;1;Z01
201100062794;0;7;0;1;0;2;1;A01
201100062795;0;7;0;0;2;7;1;A01
201100062795;0;7;0;1;2;8;1;B01
201100062796;0;7;0;0;2;8;9;A01
201100062796;0;14;0;0;2;1;1;B01
201100062797;0;30;0;0;2;1;1;A01
201100062797;0;7;0;0;2;8;15;B01
201100062798;0;7;0;0;2;0;1;A01
201100062798;1;7;0;0;2;0;17;Z01
201100062799;0;30;0;0;2;1;5;A01
201100062799;0;7;0;0;2;3;15;B01
201100062800;0;7;0;0;0;5;1;A01
201100062800;0;32;0;0;2;8;1;B01
201100062801;0;7;0;0;1;3;1;A01
201100062802;0;7;0;12;0;1;15;A01
201100062803;0;7;0;8;0;2;5;A01
201100062804;0;10;0;0;1;4;20;A01
201100062805;0;7;0;8;1;0;14;A01
201100062806;0;2;0;0;1;1;1;A01
201100062807;0;7;0;0;1;1;1;A01
201100062808;0;7;0;0;1;4;4;A01
201100062809;0;30;0;0;1;1;1;A01
201100062810;0;7;0;0;1;7;1;A01
201100062811;0;2;0;1;0;1;21;A01
201100062812;0;30;0;0;1;1;1;A01
201100062813;0;7;0;0;2;2;1;A01
201100062813;0;7;0;0;2;3;1;B01
201100062814;0;7;0;0;9;3;1;A01
201100062815;0;7;0;0;2;3;15;A01
201100062815;0;33;0;0;2;6;1;B01
201100062816;0;7;0;0;2;2;10;A01
201100062816;0;32;0;0;2;1;1;B01
201100062817;0;34;0;0;1;1;1;A01
201100062818;0;7;0;0;1;3;15;A01
201100062819;0;7;0;0;1;5;1;A01
201100062820;0;7;0;0;1;2;7;A01
201100062821;0;7;0;0;2;1;1;A01
201100062821;0;7;0;0;2;6;16;B01
201100062822;0;30;0;0;1;2;1;A01
201100062823;0;7;0;0;2;2;16;B01
201100062823;0;30;0;0;2;3;7;A01
201100062824;0;10;0;0;1;2;1;A01
201100062825;0;32;0;11;0;8;21;A01
201100062826;0;7;0;0;1;2;17;A01
201100062827;0;37;32;0;2;3;7;B01
201100062827;0;10;0;0;2;5;16;A01
201100062828;0;7;0;0;0;8;22;A01
201100062828;0;1;0;0;0;1;7;B01
201100062829;0;2;0;0;2;1;1;B01
201100062829;0;7;0;0;2;3;9;A01
201100062830;0;7;0;0;2;3;15;B01
201100062830;0;37;30;0;2;2;1;A01
201100062831;0;7;0;8;2;9;1;B01
201100062831;0;7;0;0;2;7;9;A01
201100062832;0;10;0;0;2;4;10;A01
201100062832;0;34;0;0;2;1;1;B01
201100062833;0;7;0;0;1;3;1;A01
201100062834;0;33;0;0;2;2;1;B01
201100062834;0;7;0;0;2;3;10;A01
201100062835;0;7;0;0;2;4;20;B01
201100062835;0;7;0;0;2;1;2;A01
201100062836;0;30;0;0;0;0;16;B01
201100062836;0;31;0;0;0;0;12;A01
201100062837;0;31;0;0;1;8;1;A01
201100062838;0;32;0;0;2;8;1;A01
201100062838;0;7;0;0;2;3;15;B01
201100062839;0;7;0;0;1;2;7;A01
201100062840;0;7;0;0;2;6;4;A01
201100062840;0;30;0;0;2;1;1;B01
201100062841;0;7;0;11;0;1;1;A01
201100062842;0;7;0;0;1;3;1;A01
201100062843;0;7;0;0;2;7;15;A01
201100062843;0;33;0;0;2;1;1;B01
201100062844;0;37;1;0;0;8;15;A01
201100062845;0;2;0;0;2;1;17;B01
201100062845;1;10;0;0;2;0;13;A01
201100062846;0;32;0;8;0;1;1;A01
201100062847;0;7;0;11;0;3;14;A01
201100062848;0;7;0;0;2;1;1;A01
201100062848;0;7;0;0;2;7;1;B01
201100062849;0;37;1;0;1;3;7;A01
201100062850;0;33;0;0;1;1;1;A01
201100062851;1;7;0;0;1;0;1;Z01
201100062852;0;32;0;0;2;3;1;B01
201100062852;0;7;0;0;2;1;1;A01
201100062853;0;7;0;0;2;7;1;A01
201100062853;0;7;0;0;2;1;1;B01
201100062854;0;34;0;0;2;5;3;B01
201100062854;0;10;0;0;2;5;23;C01
201100062854;0;7;0;0;2;3;7;A01
201100062855;0;7;0;0;2;1;15;B01
201100062855;0;33;0;0;2;8;7;A01
201100062856;0;7;0;0;2;3;1;B01
201100062856;0;30;0;0;2;2;17;A01
201100062857;0;37;50;0;1;2;7;A01
201100062858;0;7;0;0;2;1;1;B01
201100062858;1;7;0;0;2;1;13;Z01
201100062858;0;33;0;0;2;1;17;A01
201100062859;0;10;0;0;1;3;1;A01
201100062860;0;10;0;0;1;1;15;A01
201100062861;0;37;0;0;1;5;1;A01
201100062862;0;30;0;0;2;1;5;A01
201100062862;0;7;0;0;2;2;10;B01
201100062863;0;31;0;0;1;1;1;A01
201100062864;0;10;0;0;1;3;1;A01
201100062865;0;7;0;0;0;2;1;A01
201100062866;0;10;0;1;0;2;17;A01
201100062867;0;30;0;0;1;7;1;A01
201100062868;0;7;0;0;2;3;1;B01
201100062868;0;2;0;0;2;1;1;A01
201100062869;0;30;0;0;1;1;1;A01
201100062870;1;7;0;1;2;1;5;A01
201100062870;0;32;0;0;2;1;1;B01
201100062871;0;1;0;0;2;3;12;B01
201100062871;0;7;0;0;2;2;7;A01
201100062872;0;2;0;0;0;0;1;A01
201100062873;0;31;0;0;2;1;1;B01
201100062873;0;7;0;0;2;2;1;A01
201100062874;0;34;0;0;2;2;17;B01
201100062874;0;7;0;0;2;3;10;A01
201100062875;0;1;0;0;0;0;7;A01
201100062876;0;37;10;0;9;1;1;A01
201100062876;0;1;0;0;2;0;13;B01
201100062877;0;10;0;0;2;6;16;B01
201100062877;0;30;0;0;2;1;2;A01
201100062878;0;1;0;0;2;0;1;B01
201100062878;0;7;0;0;2;3;22;A01
201100062879;2;32;0;0;2;8;1;A01
201100062879;1;7;0;0;0;0;12;B01
201100062880;0;7;0;0;0;3;2;A01
201100062881;0;7;0;0;2;2;16;A01
201100062881;0;33;0;0;2;1;7;B01
201100062882;0;7;0;0;1;0;1;A01
201100062883;0;7;0;0;0;2;15;B01
201100062883;0;2;0;0;2;1;1;A01
201100062884;0;3;0;0;2;3;15;B01
201100062884;0;31;0;0;2;2;17;A01
201100062885;0;7;0;0;2;3;11;A01
201100062885;0;33;0;0;2;2;1;B01
201100062886;0;33;0;0;1;1;1;A01
201100062887;0;7;0;0;0;5;23;B01
201100062887;0;30;0;0;2;1;1;A01
201100062888;0;7;0;0;1;3;1;A01
201100062889;0;7;0;0;2;3;15;A01
201100062889;0;1;0;0;2;2;16;B01
201100062890;0;10;0;0;2;4;23;B01
201100062890;0;7;0;0;2;0;2;A01
201100062891;0;7;0;0;1;3;1;A01
201100062892;1;7;0;0;1;0;15;Z01
201100062893;0;30;0;0;0;8;18;A01
201100062893;0;7;0;0;0;7;16;B01
201100062894;0;33;0;0;2;7;1;B01
201100062894;0;7;0;0;2;2;1;A01
201100062895;0;33;0;0;1;3;1;A01
201100062896;0;32;0;0;1;1;1;A01
201100062897;0;37;1;0;1;7;7;A01
201100062898;0;7;0;3;2;6;11;B01
201100062898;0;10;0;0;2;2;1;A01
201100062899;0;33;0;0;1;3;16;A01
201100062900;0;7;0;0;2;4;23;C01
201100062900;0;33;0;0;2;4;23;B01
201100062900;0;13;0;0;2;1;2;A01
201100062901;0;7;0;0;2;2;16;A01
201100062901;0;30;0;0;2;3;1;B01
201100062902;0;7;0;0;2;1;2;A01
201100062902;0;7;0;0;2;6;24;B01
201100062903;0;32;0;0;5;1;1;A01
201100062904;0;10;0;0;1;1;16;A01
201100062905;0;33;0;0;2;1;1;A01
201100062905;0;7;0;0;2;3;1;B01
201100062906;0;33;0;0;2;1;2;A01
201100062906;0;10;0;0;2;4;16;B01
201100062907;0;10;0;0;2;2;16;A01
201100062907;0;10;0;0;2;3;1;B01
201100062908;1;10;0;0;1;2;1;Z01
201100062909;0;30;0;0;0;8;21;A01
201100062910;0;7;0;0;2;8;9;A01
201100062910;0;30;0;0;2;1;1;B01
201100062911;0;33;0;0;2;7;1;A01
201100062911;1;7;0;0;2;0;9;Z01
201100062912;0;34;0;0;2;4;23;B01
201100062912;0;7;0;0;2;1;2;A01
201100062913;0;30;0;0;2;1;1;B01
201100062913;0;7;0;0;2;2;15;A01
201100062914;0;30;0;0;1;1;1;A01
201100062915;0;7;0;0;1;2;1;A01
201100062916;0;1;0;0;2;2;15;A01
201100062916;0;33;0;0;2;1;1;B01
201100062917;1;10;0;0;1;0;1;Z01
201100062918;0;7;0;0;1;3;1;A01
201100062919;0;7;0;0;1;2;1;A01
201100062920;1;7;0;0;2;1;2;Z01
201100062920;0;30;0;0;2;4;2;A01
201100062921;0;7;0;0;2;1;15;A01
201100062921;0;7;0;0;2;3;1;B01
201100062922;0;7;0;0;1;2;1;A01
201100062923;1;7;0;0;1;0;1;Z01
201100062924;0;1;0;0;2;8;1;B01
201100062924;0;37;70;0;2;7;17;A01
201100062925;0;7;0;0;2;3;13;A01
201100062925;0;32;0;0;2;7;17;B01
201100062926;0;32;0;0;2;1;1;A01
201100062926;0;37;1;0;2;2;10;B01
201100062927;0;2;0;1;0;1;16;A01
201100062928;0;33;0;0;1;1;1;A01
201100062929;0;7;0;0;1;3;15;A01
201100062930;0;37;14;0;1;2;1;A01
201100062931;0;10;0;0;1;4;4;A01
201100062932;0;7;0;0;1;2;1;A01
201100062933;0;30;0;0;2;1;2;A01
201100062933;0;7;0;0;2;5;16;B01
201100062934;0;32;0;0;1;2;1;A01
201100062935;0;32;0;0;2;4;23;B01
201100062935;0;7;0;0;2;1;2;A01
201100062936;0;7;0;0;1;2;1;A01
201100062937;0;30;0;0;2;1;1;A01
201100062937;0;7;0;0;2;3;9;B01
201100062938;0;10;0;0;2;8;1;A01
201100062938;0;30;0;0;2;1;1;B01
201100062939;1;7;0;0;2;0;18;Z01
201100062939;0;2;0;0;2;7;14;A01
201100062940;0;7;0;0;2;2;16;A01
201100062940;0;7;0;0;2;3;1;B01
201100062941;0;7;0;0;2;3;10;A01
201100062941;1;32;0;0;2;2;1;B01
201100062942;0;32;0;0;1;1;1;A01
201100062943;0;1;0;0;1;1;7;A01
201100062944;0;7;0;0;2;2;1;A01
201100062944;0;32;0;0;2;6;15;B01
201100062945;0;7;0;0;2;3;9;A01
201100062945;0;33;0;0;2;1;1;B01
201100062946;0;10;0;0;1;1;1;A01
201100062947;0;7;0;0;1;1;7;A01
201100062948;0;7;0;0;2;2;16;A01
201100062948;0;30;0;0;2;1;18;B01
201100062949;1;32;0;0;1;2;1;Z01
201100062950;0;37;1;15;0;5;15;A01
201100062951;1;7;0;0;0;0;15;Z01
201100062952;0;33;0;0;2;8;18;B01
201100062952;0;7;0;0;2;7;12;A01
201100062953;1;30;0;0;1;1;1;Z01
201100062954;0;30;0;0;2;1;9;A01
201100062954;0;7;0;0;0;3;1;B01
201100062955;0;32;0;1;1;1;1;A01
201100062956;0;7;0;0;1;1;16;A01
201100062957;0;7;0;0;1;6;1;A01
201100062958;0;7;0;0;2;1;1;A01
201100062958;0;7;0;0;2;4;23;B01
201100062958;0;7;0;0;0;4;23;C01
201100062959;0;33;0;0;2;1;17;B01
201100062959;1;7;0;0;2;3;15;A01
201100062960;0;32;0;0;2;3;1;B01
201100062960;0;30;0;0;2;2;1;A01
201100062961;0;7;0;0;1;6;4;A01
201100062962;0;10;0;0;0;6;1;B01
201100062962;0;30;0;0;0;1;1;A01
201100062963;0;33;0;0;1;1;2;A01
201100062964;0;7;0;15;9;1;14;A01
201100062965;0;7;0;0;2;3;15;A01
201100062965;0;2;0;0;2;2;17;B01
201100062966;0;7;0;0;0;2;15;A01
201100062966;0;33;0;0;0;8;1;B01
201100062967;1;7;0;0;0;0;15;Z01
201100062967;0;2;0;0;2;8;1;B01
201100062968;0;33;0;0;2;1;1;B01
201100062968;0;7;0;0;2;3;15;A01
201100062969;0;7;0;0;2;4;23;B01
201100062969;0;7;0;0;2;4;23;C01
201100062969;0;7;0;0;2;4;23;D01
201100062969;0;7;0;0;2;1;1;A01
201100062970;0;7;0;0;2;1;16;A01
201100062970;0;7;0;0;0;4;15;B01
201100062971;0;10;0;0;2;2;1;B01
201100062971;0;7;0;1;2;8;16;A01
201100062971;0;10;0;0;0;3;16;C01
201100062972;0;7;0;0;1;4;20;A01
201100062973;0;7;0;0;0;2;1;A01
201100062974;0;33;0;0;2;8;1;B01
201100062974;0;7;0;0;2;7;12;A01
201100062975;1;30;0;0;0;0;1;Z01
201100062976;0;33;0;0;2;2;1;A01
201100062976;0;7;0;0;2;3;1;B01
201100062977;0;30;0;0;2;1;9;A01
201100062977;1;7;0;0;2;1;1;Z01
201100062978;0;30;0;0;1;3;1;A01
201100062979;0;7;0;0;2;1;15;B01
201100062979;0;30;0;0;2;8;7;A01
201100062980;0;7;0;0;1;1;1;A01
201100062981;0;7;0;0;2;8;23;B01
201100062981;0;33;0;0;2;0;2;A01
201100062982;0;1;0;0;2;1;15;A01
201100062982;0;7;0;0;2;1;16;B01
201100062983;0;7;0;14;0;1;1;A01
201100062984;0;32;0;0;2;1;1;B01
201100062984;0;7;0;0;2;6;10;A01
201100062985;0;30;0;12;1;1;1;A01
201100062986;0;7;0;0;2;8;15;B01
201100062986;0;33;0;0;2;7;17;A01
201100062987;0;7;0;11;0;9;14;A01
201100062988;0;1;0;1;0;3;17;A01
201100062989;0;30;0;0;0;2;21;A01
201100062990;0;7;0;0;2;3;22;B01
201100062990;0;32;0;0;2;2;17;A01
201100062991;0;7;0;0;2;1;1;A01