num_acc;senc;catv;occutc;obs;obsm;choc;manv;num_veh
201100062991;0;7;0;0;2;4;1;C01
201100062991;0;7;0;0;2;2;1;B01
201100062992;0;10;0;0;2;3;1;B01
201100062992;0;7;0;0;2;2;1;A01
201100062993;0;7;0;0;2;1;15;A01
201100062993;0;34;0;0;2;3;1;B01
201100062994;1;7;0;0;2;3;15;Z01
201100062994;0;34;0;0;2;1;1;A01
201100062995;0;7;0;7;0;1;13;A01
201100062996;0;7;0;0;1;1;1;A01
201100062997;0;7;0;0;2;1;15;B01
201100062997;0;30;0;0;2;8;7;A01
201100062998;0;7;0;0;2;2;15;A01
201100062998;0;34;0;0;2;1;7;B01
201100062999;0;32;0;0;2;2;1;B01
201100062999;0;10;0;0;2;3;10;A01
201100063000;0;10;0;0;1;1;7;A01
201100063001;0;7;0;0;2;4;23;B01
201100063001;0;7;0;0;2;1;2;A01
201100063002;0;38;0;0;2;3;15;B01
201100063002;0;30;0;0;2;7;7;A01
201100063003;0;10;0;0;1;4;4;A01
201100063004;0;32;0;0;2;8;1;B01
201100063004;0;7;0;0;2;1;10;A01
201100063005;0;30;0;0;1;3;1;A01
201100063006;0;7;0;0;2;7;15;A01
201100063006;0;7;0;0;2;7;1;B01
201100063006;0;10;0;0;2;1;1;C01
201100063007;1;2;0;0;2;2;1;Z01
201100063007;0;7;0;0;2;1;23;B01
201100063007;0;7;0;1;2;1;1;A01
201100063008;0;33;0;0;2;8;1;B01
201100063008;0;7;0;0;2;3;15;A01
201100063009;0;13;0;0;2;5;4;A01
201100063009;0;33;0;0;2;1;23;B01
201100063010;0;32;0;0;2;1;1;A01
201100063010;0;32;0;0;2;3;1;B01
201100063011;0;1;0;1;0;9;13;A01
201100063012;0;10;0;0;2;2;1;A01
201100063012;0;32;0;0;2;1;1;B01
201100063013;0;30;0;0;2;0;1;A01
201100063013;1;7;0;0;2;0;14;Z01
201100063014;0;2;0;0;2;1;1;B01
201100063014;0;7;0;0;2;3;10;A01
201100063015;0;7;0;0;2;1;1;A01
201100063015;0;7;0;0;2;8;1;B01
201100063016;0;7;0;0;1;3;1;A01
201100063017;0;32;0;0;2;1;17;B01
201100063017;0;10;0;0;2;3;15;A01
201100063018;0;32;0;0;2;2;5;A01
201100063018;0;7;0;0;2;3;13;B01
201100063019;0;1;0;0;1;3;1;A01
201100063020;0;7;0;0;2;8;13;A01
201100063020;0;30;0;0;2;1;5;B01
201100063021;0;7;0;1;0;2;14;A01
201100063022;0;10;0;0;2;3;15;A01
201100063022;0;32;0;0;2;1;1;B01
201100063023;0;30;0;0;2;2;1;A01
201100063023;1;33;0;0;0;3;1;Z01
201100063024;0;2;0;0;2;1;1;A01
201100063025;0;7;0;0;2;1;15;B01
201100063025;0;30;0;0;2;0;1;A01
201100063026;0;7;0;0;1;1;1;A01
201100063027;0;32;0;0;0;1;1;A01
201100063028;0;33;0;0;2;1;7;B01
201100063028;0;7;0;0;2;1;15;A01
201100063029;0;10;0;0;1;3;15;A01
201100063030;0;30;0;0;2;1;2;A01
201100063030;0;7;0;0;2;4;2;B01
201100063031;1;30;0;0;1;0;1;Z01
201100063032;0;32;0;0;2;7;17;A01
201100063032;0;10;0;0;2;3;15;B01
201100063033;0;1;0;0;1;1;1;A01
201100063034;0;1;0;8;0;2;14;A01
201100063035;0;3;0;0;2;2;22;A01
201100063035;0;31;0;0;2;3;18;B01
201100063036;0;7;0;0;1;1;15;A01
201100063037;0;7;0;0;1;1;1;A01
201100063038;1;30;0;0;1;1;7;Z01
201100063039;0;7;0;0;2;0;1;B01
201100063039;0;7;0;0;2;1;1;A01
201100063039;0;7;0;0;2;0;1;C01
201100063039;0;7;0;0;0;4;1;D01
201100063040;0;7;0;0;2;6;11;B01
201100063040;0;32;0;0;2;2;1;A01
201100063041;0;30;0;0;2;1;1;A01
201100063041;0;7;0;0;2;5;16;B01
201100063042;0;7;0;0;1;1;15;A01
201100063043;0;10;0;0;0;3;1;B01
201100063043;0;30;0;0;0;5;14;A01
201100063044;1;7;0;1;2;0;1;B01
201100063044;0;34;0;0;2;8;1;A01
201100063045;0;33;0;0;2;2;17;A01
201100063045;0;7;0;0;2;3;10;B01
201100063046;0;32;0;14;2;3;1;A01
201100063047;0;7;0;0;1;2;1;A01
201100063048;0;7;0;0;0;4;9;A01
201100063048;0;7;0;0;0;1;1;B01
201100063049;0;7;0;0;0;5;15;A01
201100063049;0;1;0;0;0;1;1;B01
201100063050;0;32;0;0;2;1;17;A01
201100063050;0;7;0;0;2;3;11;B01
201100063051;0;7;0;0;0;0;10;B01
201100063051;0;7;0;0;2;8;1;A01
201100063052;0;1;0;1;0;1;14;A01
201100063053;0;7;0;0;2;3;10;A01
201100063053;0;32;0;0;2;7;17;B01
201100063054;0;7;0;0;1;2;1;A01
201100063055;1;34;0;0;2;0;15;Z01
201100063055;0;34;0;0;2;3;1;A01
201100063056;1;10;0;0;1;3;1;Z01
201100063057;0;30;0;0;2;1;1;A01
201100063057;1;10;0;0;0;0;23;Z01
201100063058;0;7;0;0;1;0;15;A01
201100063059;0;7;0;0;9;6;10;A01
201100063059;0;32;0;0;2;2;1;B01
201100063060;0;37;0;0;1;5;1;A01
201100063061;1;7;0;0;0;0;1;A01
201100063062;0;33;0;0;1;2;2;A01
201100063063;0;10;0;0;2;2;1;A01
201100063063;0;32;0;0;2;1;1;B01
201100063064;0;7;0;0;1;2;1;A01
201100063065;0;7;0;0;2;7;1;B01
201100063065;0;7;0;0;2;1;1;A01
201100063066;0;32;0;0;1;1;0;A01
201100063067;0;10;0;0;2;3;10;A01
201100063067;0;32;0;2;2;2;5;B01
201100063068;0;2;0;0;2;8;23;A01
201100063068;1;14;0;0;2;7;15;Z01
201100063069;0;7;0;0;2;1;23;B01
201100063069;0;7;0;0;2;1;2;A01
201100063070;0;1;0;0;1;1;1;A01
201100063071;1;7;0;0;0;1;16;Z01
201100063071;0;32;0;0;0;2;1;B01
201100063072;0;7;0;0;2;3;1;B01
201100063072;0;7;0;0;2;3;13;A01
201100063073;0;32;0;0;2;2;1;B01
201100063073;0;7;0;0;2;2;1;A01
201100063074;0;7;0;0;0;4;4;A01
201100063075;0;7;0;0;0;3;1;A01
201100063076;0;7;0;0;2;8;10;A01
201100063076;0;33;0;0;2;1;1;B01
201100063077;0;30;0;0;1;2;1;A01
201100063078;0;10;0;0;2;7;16;A01
201100063078;0;1;0;0;2;1;1;B01
201100063079;0;30;0;0;2;1;1;A01
201100063079;0;37;0;0;0;4;1;B01
201100063080;0;7;0;0;2;2;9;B01
201100063080;0;33;0;0;2;1;5;A01
201100063081;0;32;0;0;2;1;5;A01
201100063081;0;7;0;0;2;8;1;B01
201100063082;0;7;0;0;2;2;16;B01
201100063082;0;31;0;0;2;8;18;A01
201100063083;1;30;0;0;2;0;15;Z01
201100063083;0;32;0;0;2;7;1;A01
201100063084;0;13;0;15;1;6;16;A01
201100063085;0;7;0;0;2;4;2;A01
201100063085;0;7;0;0;2;1;2;B01
201100063086;0;34;0;0;2;1;7;A01
201100063086;0;7;0;0;2;3;23;B01
201100063087;0;13;0;0;2;4;22;A01
201100063087;0;1;0;0;2;1;1;B01
201100063088;0;30;0;0;2;3;1;B01
201100063088;0;3;0;0;2;1;15;A01
201100063089;0;32;0;0;2;8;21;A01
201100063089;0;37;50;0;2;7;7;B01
201100063090;0;38;1;0;2;2;16;B01
201100063090;0;7;0;0;2;8;18;A01
201100063091;0;30;0;14;0;0;14;A01
201100063092;0;7;0;0;0;2;1;A01
201100063092;0;10;0;0;0;6;23;B01
201100063093;0;30;0;0;2;8;1;B01
201100063093;0;7;0;0;2;1;4;A01
201100063094;0;30;0;0;2;3;18;B01
201100063094;0;7;0;0;2;4;14;A01
201100063095;0;10;0;0;1;2;1;A01
201100063096;0;34;0;0;1;1;1;A01
201100063097;0;10;0;0;2;0;15;A01
201100063097;0;32;0;0;2;0;1;B01
201100063098;0;7;0;0;2;2;1;B01
201100063098;0;32;0;0;2;3;1;A01
201100063099;0;7;0;0;1;2;1;A01
201100063100;0;1;0;0;2;4;2;A01
201100063100;0;31;0;0;2;4;2;B01
201100063101;1;7;0;0;1;0;1;Z01
201100063102;0;7;0;0;1;1;1;A01
201100063103;0;30;0;0;1;1;17;A01
201100063104;0;2;0;0;1;1;0;A01
201100063105;0;7;0;0;1;3;1;A01
201100063106;0;7;0;0;2;2;7;A01
201100063106;0;7;0;8;2;5;15;B01
201100063107;0;33;0;0;2;2;1;B01
201100063107;0;7;0;0;2;3;13;A01
201100063108;0;7;0;0;2;2;1;A01
201100063108;0;30;0;0;2;3;1;B01
201100063109;0;7;0;0;2;3;13;A01
201100063109;0;32;0;0;2;1;17;B01
201100063110;0;37;0;0;1;7;7;A01
201100063111;0;10;0;0;2;2;2;B01
201100063111;0;33;0;0;2;4;23;A01
201100063112;0;2;0;8;1;2;1;A01
201100063113;0;10;0;0;1;2;1;A01
201100063114;0;7;0;0;1;3;16;A01
201100063115;0;33;0;0;2;7;3;B01
201100063115;0;7;0;0;2;3;11;A01
201100063116;0;34;0;1;2;3;3;A01
201100063116;0;37;1;0;2;2;14;B01
201100063117;0;7;0;0;2;2;1;B01
201100063117;0;32;0;0;2;1;1;A01
201100063118;0;7;0;0;1;7;1;A01
201100063119;1;7;0;0;1;0;16;Z01
201100063120;0;33;0;0;1;1;1;A01
201100063121;0;2;0;0;2;0;1;B01
201100063121;0;7;0;0;2;3;1;A01
201100063122;1;13;0;0;2;3;9;Z01
201100063122;0;30;0;0;2;2;1;A01
201100063123;0;7;0;0;1;4;4;A01
201100063124;0;7;0;0;1;7;1;A01
201100063125;0;30;0;0;1;1;15;A01
201100063126;0;30;0;0;2;3;18;A01
201100063126;0;7;0;0;2;3;16;B01
201100063127;0;2;0;0;1;1;1;A01
201100063128;0;32;0;0;0;3;15;A01
201100063129;0;32;0;0;2;1;1;B01
201100063129;0;7;0;0;2;3;15;A01
201100063130;0;7;0;0;0;4;23;B01
201100063130;0;30;0;0;0;1;1;A01
201100063131;0;33;0;0;2;1;1;A01
201100063131;0;7;0;0;0;5;23;B01
201100063132;0;33;0;0;0;0;1;A01
201100063133;0;14;0;0;2;1;1;A01
201100063133;0;7;0;0;2;8;15;B01
201100063134;0;7;0;1;2;8;23;A01
201100063134;0;13;0;0;2;4;4;B01
201100063134;0;37;1;0;2;1;1;C01
201100063135;1;30;0;0;0;0;7;A01
201100063136;0;32;0;0;2;7;17;A01
201100063136;0;7;0;0;2;3;13;B01
201100063137;0;7;0;0;2;7;16;A01
201100063137;0;33;0;0;2;8;16;B01
201100063138;0;7;0;0;1;4;4;A01
201100063139;0;7;0;0;2;2;22;A01
201100063139;0;30;0;0;2;3;1;B01
201100063140;0;7;0;0;2;6;23;B01
201100063140;0;2;0;0;2;2;1;A01
201100063141;0;7;0;0;0;3;9;A01
201100063141;0;1;0;0;2;1;17;B01
201100063142;0;7;0;0;2;4;23;E01
201100063142;0;7;0;0;2;1;2;A01
201100063142;0;7;0;0;2;4;23;D01
201100063142;0;7;0;0;2;4;23;C01
201100063142;0;7;0;0;2;4;23;B01
201100063143;0;31;0;0;2;0;1;A01
201100063143;1;7;0;0;2;0;10;Z01
201100063144;0;7;0;0;2;1;1;A01
201100063144;0;34;0;1;2;3;1;B01
201100063145;0;37;1;0;1;3;15;A01
201100063146;0;7;0;0;2;4;23;C01
201100063146;0;7;0;0;2;1;2;A01
201100063146;0;7;0;0;2;1;23;B01
201100063147;0;1;0;0;2;7;18;A01
201100063147;2;7;0;0;2;7;22;Z01
201100063148;0;2;0;0;2;6;1;A01
201100063148;0;7;0;0;0;6;23;B01
201100063149;0;7;0;0;2;6;11;A01
201100063149;0;31;0;0;2;1;1;B01
201100063150;0;32;0;0;1;1;1;A01
201100063151;0;33;0;0;2;1;1;B01
201100063151;0;7;0;0;2;2;15;A01
201100063152;0;7;0;0;1;1;1;A01
201100063153;0;10;0;0;2;2;15;A01
201100063153;0;33;0;1;2;1;1;B01
201100063154;0;7;0;0;1;2;17;A01
201100063155;0;7;0;0;1;0;1;A01
201100063156;0;7;0;1;0;3;13;A01
201100063157;0;7;0;0;2;0;13;A01
201100063157;0;33;0;0;2;7;1;B01
201100063158;0;7;0;0;1;3;1;A01
201100063159;0;31;0;0;2;1;1;B01
201100063159;0;7;0;0;2;2;15;A01
201100063160;0;30;0;0;1;1;1;A01
201100063161;0;7;0;0;2;3;9;A01
201100063161;0;10;0;0;2;2;1;B01
201100063162;0;7;0;0;2;1;15;A01
201100063162;0;30;0;0;2;8;1;B01
201100063163;0;32;0;0;1;3;1;A01
201100063164;0;7;0;0;2;4;1;B01
201100063164;0;7;0;0;2;3;1;A01
201100063164;0;7;0;0;2;3;1;C01
201100063165;0;33;0;0;1;1;1;A01
201100063166;0;7;0;0;2;2;1;A01
201100063166;0;32;0;0;2;3;1;B01
201100063167;0;31;0;0;2;8;1;B01
201100063167;0;7;0;0;2;2;1;A01
201100063168;0;7;0;0;0;3;15;A01
201100063168;0;32;0;0;0;1;17;B01
201100063169;0;32;0;1;1;0;1;A01
201100063170;0;32;0;0;1;1;1;A01
201100063171;0;32;0;0;1;1;1;A01
201100063172;0;30;0;0;1;1;1;A01
201100063173;0;7;0;0;1;2;1;A01
201100063174;0;7;0;0;1;3;15;A01
201100063175;0;7;0;0;2;1;15;A01
201100063175;0;33;0;0;2;8;7;B01
201100063176;0;7;0;0;2;2;1;B01
201100063176;0;7;0;0;2;3;9;A01
201100063177;0;7;0;0;1;7;7;A01
201100063178;0;34;0;0;2;7;1;B01
201100063178;0;10;0;0;2;8;15;A01
201100063179;0;7;0;0;1;3;15;A01
201100063180;0;31;0;0;1;1;1;A01
201100063181;0;7;0;0;2;3;15;B01
201100063181;0;30;0;0;2;1;1;A01
201100063182;0;7;0;0;1;3;1;A01
201100063183;0;7;0;0;1;2;1;A01
201100063184;0;30;0;0;2;0;2;B01
201100063184;0;7;0;0;2;1;2;A01
201100063185;0;32;0;1;0;2;14;A01
201100063186;0;30;0;0;0;7;15;A01
201100063187;0;7;0;0;2;0;15;A01
201100063187;0;32;0;0;2;0;1;B01
201100063188;0;10;0;0;2;3;1;B01
201100063188;0;7;0;6;2;2;1;A01
201100063189;0;31;0;0;1;1;1;A01
201100063190;0;7;0;0;2;7;16;A01
201100063190;0;1;0;0;2;1;1;B01
201100063191;0;7;0;0;1;1;15;A01
201100063192;1;7;0;0;1;2;1;Z01
201100063193;0;10;0;14;0;9;14;A01
201100063194;0;32;0;0;2;2;1;B01
201100063194;0;7;0;0;2;3;15;A01
201100063195;0;10;0;7;0;1;14;A01
201100063196;0;10;0;0;1;1;15;A01
201100063197;0;10;0;0;1;2;1;A01
201100063198;0;7;0;0;2;3;15;A01
201100063198;0;32;0;0;2;2;1;B01
201100063199;0;32;0;0;1;8;1;A01
201100063200;0;7;0;0;1;3;1;A01
201100063201;0;30;0;0;2;3;1;B01
201100063201;0;7;0;0;2;2;17;A01
201100063202;0;10;0;0;2;6;23;C01
201100063202;0;32;0;0;2;1;17;A01
201100063202;0;7;0;0;2;2;23;B01
201100063203;0;30;0;0;2;5;17;B01
201100063203;0;7;0;0;2;3;11;A01
201100063204;0;7;0;0;1;1;1;A01
201100063205;1;7;0;0;2;8;9;Z01
201100063205;0;2;0;0;2;1;1;A01
201100063206;0;7;0;0;1;1;1;A01
201100063207;0;7;0;0;0;4;23;A01
201100063207;0;7;0;0;0;1;1;B01
201100063208;0;30;0;0;0;2;16;A01
201100063209;0;32;0;0;0;7;1;A01
201100063210;0;32;0;0;2;1;17;B01
201100063210;0;10;0;0;2;3;9;A01
201100063211;0;7;0;0;1;2;1;A01
201100063212;0;33;0;14;0;8;1;A01
201100063213;0;7;0;0;1;5;1;A01
201100063214;0;7;0;0;1;2;1;A01
201100063215;0;33;0;0;1;2;17;A01
201100063216;0;7;0;0;2;4;2;C01
201100063216;0;7;0;0;2;4;2;B01
201100063216;0;7;0;0;2;1;2;A01
201100063217;0;2;0;1;0;1;14;A01
201100063218;0;7;0;0;1;1;1;A01
201100063219;0;7;0;0;2;3;1;B01
201100063219;0;7;0;0;2;6;10;A01
201100063220;1;33;0;0;2;0;13;Z01
201100063220;0;2;0;0;2;2;17;A01
201100063221;0;7;0;0;1;1;15;A01
201100063222;0;7;0;0;2;4;2;B01
201100063222;0;7;0;0;2;1;2;A01
201100063223;0;7;0;15;1;3;16;A01
201100063224;0;7;0;0;1;1;1;A01
201100063225;0;7;0;0;1;3;1;A01
201100063226;0;7;0;0;2;2;12;A01
201100063226;0;7;0;0;2;3;1;B01
201100063227;0;30;0;0;2;1;1;B01
201100063227;0;7;0;0;2;3;1;A01
201100063228;0;10;0;0;2;1;1;A01
201100063228;0;10;0;0;0;4;23;B01
201100063229;2;7;0;0;1;3;1;A01
201100063230;0;7;0;0;1;1;1;A01
201100063231;0;32;0;0;2;2;1;B01
201100063231;0;7;0;0;2;1;1;A01
201100063232;0;17;0;0;2;5;1;B01
201100063232;0;7;0;0;2;3;13;A01
201100063233;0;33;0;1;0;2;1;A01
201100063234;0;7;0;0;2;2;15;A01
201100063234;0;7;0;0;2;1;1;B01
201100063235;0;7;0;0;2;2;1;A01
201100063235;0;32;0;0;0;8;1;B01
201100063236;1;30;0;0;1;0;1;Z01
201100063237;1;7;0;0;2;7;17;A01
201100063237;0;1;0;0;2;8;1;B01
201100063238;0;32;0;0;9;8;1;A01
201100063238;0;1;0;0;2;8;19;B01
201100063239;0;7;0;0;2;8;15;B01
201100063239;0;33;0;0;2;7;17;A01
201100063240;0;7;0;0;2;3;1;B01
201100063240;0;33;0;1;2;7;17;A01
201100063241;0;31;0;0;1;2;1;A01
201100063242;0;7;0;0;2;3;15;A01
201100063242;0;31;0;0;2;7;17;B01
201100063242;0;33;0;0;2;1;1;C01
201100063243;0;30;0;0;2;2;1;B01
201100063243;0;7;0;0;2;2;16;A01
201100063244;0;2;0;0;0;0;1;A01
201100063245;0;7;0;0;1;1;1;A01
201100063246;0;10;0;0;2;6;2;B01
201100063246;0;37;10;0;2;2;2;A01
201100063247;0;32;0;12;0;0;18;A01
201100063248;0;30;0;0;1;1;1;A01
201100063249;0;7;0;0;1;1;1;A01
201100063250;0;30;0;0;2;7;13;A01
201100063250;0;1;0;0;2;8;17;B01
201100063251;0;31;0;0;1;4;1;A01
201100063252;0;7;0;0;2;8;15;B01
201100063252;0;32;0;0;2;1;17;A01
201100063253;0;7;0;0;1;1;7;A01
201100063254;0;7;0;0;2;3;10;A01
201100063254;0;31;0;0;2;3;1;B01
201100063255;0;7;0;0;2;2;10;A01
201100063255;0;2;0;0;2;1;1;B01
201100063256;0;7;0;0;1;4;1;A01
201100063257;0;34;0;0;2;1;17;A01
201100063257;0;7;0;0;2;6;15;B01
201100063258;1;30;0;0;2;0;21;A01
201100063259;0;7;0;0;1;4;4;A01
201100063260;0;7;0;0;1;2;1;A01
201100063261;0;7;0;0;0;2;16;B01
201100063261;0;30;0;0;2;3;18;A01
201100063262;0;37;0;0;1;2;1;A01
201100063263;0;31;0;0;1;1;1;A01
201100063264;0;32;0;0;2;2;1;A01
201100063264;0;7;0;0;2;3;15;B01
201100063265;1;30;0;0;1;0;1;Z01
201100063266;0;7;0;0;1;3;1;A01
201100063267;0;7;0;0;2;3;15;A01
201100063267;0;33;0;0;2;2;17;B01
201100063268;0;33;0;0;0;0;21;A01
201100063269;0;2;0;0;2;1;21;A01
201100063269;0;7;0;0;2;6;1;B01
201100063270;0;34;0;0;2;3;1;B01
201100063270;0;7;0;0;2;5;14;A01
201100063271;0;32;0;0;2;7;17;B01
201100063271;0;7;0;0;2;3;15;A01
201100063272;0;32;0;0;1;0;1;A01
201100063273;0;7;0;0;2;2;2;A01
201100063273;0;7;0;0;2;6;2;B01
201100063274;0;7;0;0;2;3;15;A01
201100063274;0;30;0;0;2;2;17;B01
201100063275;0;33;0;0;2;1;1;B01
201100063275;0;7;0;0;2;3;15;A01
201100063276;0;13;0;0;2;7;22;A01
201100063276;0;1;0;1;0;1;1;B01
201100063277;0;7;0;0;1;2;1;A01
201100063278;0;7;0;0;2;4;23;D01
201100063278;0;7;0;0;2;1;1;A01
201100063278;0;7;0;0;2;9;23;B01
201100063278;0;7;0;3;2;9;23;C01
201100063279;0;34;0;0;0;8;1;A01
201100063280;1;7;0;0;2;0;13;Z01
201100063280;0;33;0;0;2;8;1;A01
201100063281;1;7;0;0;2;1;1;Z01
201100063281;0;30;0;0;2;7;15;A01
201100063282;0;7;0;0;1;1;1;A01
201100063283;0;32;0;0;1;1;1;A01
201100063284;0;7;0;0;2;7;16;A01
201100063284;0;1;0;0;2;8;1;B01
201100063285;0;7;0;0;2;1;2;A01
201100063285;0;33;0;0;2;4;23;B01
201100063286;1;34;0;0;2;2;14;Z01
201100063286;0;32;0;0;2;3;1;A01
201100063287;0;7;0;0;2;3;9;B01
201100063287;0;33;0;0;2;1;17;A01
201100063288;0;7;0;0;1;1;1;A01
201100063289;0;32;0;0;2;4;18;B01
201100063289;0;7;0;0;2;1;1;A01
201100063290;0;7;0;0;2;5;1;A01
201100063290;0;34;0;0;2;8;1;B01
201100063291;0;7;0;14;0;1;13;A01
201100063292;0;7;0;0;2;3;22;A01
201100063292;0;32;0;0;2;1;5;B01
201100063293;0;7;0;0;2;4;22;A01
201100063293;0;7;0;0;2;0;2;B01
201100063293;0;33;0;0;2;2;1;C01
201100063294;2;7;0;8;0;9;14;Z01
201100063295;1;2;0;0;1;0;1;Z01
201100063296;0;7;0;0;2;2;1;B01
201100063296;0;32;0;0;2;8;18;A01
201100063297;0;30;0;0;0;1;1;A01
201100063298;0;7;0;0;1;2;1;A01
201100063299;0;30;0;0;2;1;2;A01
201100063299;0;10;0;0;2;0;15;B01
201100063300;0;7;0;0;2;3;9;A01
201100063300;0;32;0;0;2;1;1;B01
201100063301;0;7;0;0;1;3;9;A01
201100063302;0;30;0;0;2;3;18;A01
201100063302;0;7;0;0;2;2;16;B01
201100063303;0;7;0;0;1;1;15;A01
201100063304;0;1;0;0;2;1;15;A01
201100063304;0;7;0;0;2;3;1;B01
201100063305;0;1;0;0;2;4;1;B01
201100063305;0;10;0;0;9;2;11;A01
201100063306;0;31;0;0;1;1;16;A01
201100063307;0;34;0;0;2;1;2;B01
201100063307;0;7;0;0;2;5;4;A01
201100063308;0;32;0;0;2;1;1;B01
201100063308;0;7;0;0;2;2;9;A01
201100063309;0;7;0;0;1;3;1;A01
201100063310;0;1;0;0;2;1;1;B01
201100063310;0;7;0;0;2;2;1;A01
201100063311;0;7;0;1;0;2;14;A01
201100063312;1;30;0;0;2;1;17;Z01
201100063312;0;10;0;0;2;8;13;A01
201100063313;0;7;0;0;2;8;9;A01
201100063313;0;1;0;0;2;1;1;B01
201100063314;0;32;0;0;2;9;1;B01
201100063314;0;7;0;0;2;6;1;A01
201100063315;0;7;0;0;1;1;1;A01
201100063316;0;37;1;0;2;3;15;B01
201100063316;0;2;0;0;2;1;1;A01
201100063317;0;7;0;0;2;6;23;A01
201100063317;0;2;0;0;2;1;5;B01
201100063318;1;7;0;0;1;1;1;Z01
201100063319;0;7;0;0;1;1;1;A01
201100063320;0;7;0;0;1;1;1;A01
201100063321;0;33;0;0;2;2;17;B01
201100063321;0;7;0;0;2;3;13;A01
201100063322;0;32;0;14;0;3;1;A01
201100063323;0;7;0;0;2;2;9;B01
201100063323;0;2;0;0;2;1;1;A01
201100063324;0;7;0;0;1;2;16;A01
201100063325;0;7;0;0;1;3;1;A01
201100063326;0;7;0;0;1;1;1;A01
201100063327;0;7;0;0;2;4;14;A01
201100063327;0;3;0;0;2;1;1;B01
201100063328;0;32;0;0;1;2;1;A01
201100063329;0;10;0;0;1;1;1;A01
201100063330;0;34;0;0;2;1;1;A01
201100063330;0;1;0;0;2;4;19;B01
201100063331;0;7;0;0;1;2;1;A01
201100063332;0;32;0;0;2;0;23;B01
201100063332;0;10;0;0;2;1;2;A01
201100063333;1;7;0;0;1;1;1;Z01
201100063334;0;2;0;1;0;0;21;A01
201100063335;0;14;0;0;0;3;16;A01
201100063335;0;1;0;0;2;7;16;B01
201100063336;0;32;0;0;1;1;1;A01
201100063337;0;7;0;0;2;8;23;A01
201100063337;0;32;0;0;2;7;1;B01
201100063338;0;32;0;0;0;0;1;A01
201100063339;0;10;0;0;1;4;4;A01
201100063340;1;7;0;0;2;5;15;A01
201100063340;0;32;0;0;2;1;1;B01
201100063341;1;30;0;0;0;0;9;Z01
201100063341;0;37;1;0;2;6;1;C01
201100063341;0;2;0;0;2;1;1;B01
201100063342;0;7;0;0;0;2;22;B01
201100063342;0;30;0;0;0;0;1;A01
201100063343;0;30;0;0;2;2;17;B01
201100063343;0;10;0;0;2;3;13;A01
201100063344;0;30;0;0;2;1;10;A01
201100063344;0;7;0;0;2;8;16;B01
201100063345;0;33;0;0;2;8;1;B01
201100063345;0;7;0;0;2;1;15;A01
201100063346;0;7;0;0;1;2;1;A01
201100063347;0;2;0;0;0;8;15;A01
201100063348;0;7;0;0;1;1;1;A01
201100063349;0;7;0;0;2;8;9;A01
201100063349;0;7;0;0;2;1;1;B01
201100063350;0;32;0;0;2;1;17;A01
201100063350;0;32;0;0;2;8;15;B01
201100063351;0;7;0;0;2;2;1;B01
201100063351;0;7;0;1;2;3;9;A01
201100063352;0;7;0;0;1;3;10;A01
201100063352;0;30;0;0;2;1;1;B01
201100063353;0;7;0;0;1;7;1;A01
201100063354;1;32;0;0;1;1;1;Z01
201100063355;0;7;0;0;2;7;16;B01
201100063355;0;2;0;0;2;3;18;A01
201100063356;0;7;0;0;1;3;1;A01
201100063357;0;30;0;0;0;0;1;A01
201100063358;0;32;0;0;2;1;1;B01
201100063358;0;7;0;0;2;4;1;A01
201100063359;0;7;0;0;0;3;22;A01
201100063359;0;34;0;1;0;2;17;B01
201100063360;0;7;0;0;2;8;10;A01
201100063360;0;32;0;0;2;7;1;B01
201100063361;0;30;0;0;2;7;1;A01
201100063361;0;1;0;0;2;8;1;B01
201100063362;0;7;0;0;2;1;9;A01
201100063362;0;1;0;0;2;8;1;B01
201100063363;0;7;0;0;2;1;15;B01
201100063363;0;7;0;0;2;1;1;A01
201100063364;0;7;0;0;1;7;1;A01
201100063365;0;7;0;1;1;3;13;A01
201100063366;0;13;0;0;1;4;4;A01
201100063367;0;33;0;0;1;1;1;A01
201100063368;0;7;0;0;2;4;15;A01
201100063368;0;33;0;6;2;2;1;B01
201100063369;0;7;0;0;2;1;9;A01
201100063369;0;2;0;0;2;1;1;B01
201100063370;0;7;0;0;2;2;16;A01
201100063370;0;2;0;0;2;3;18;B01
201100063371;0;30;0;0;0;0;21;A01
201100063372;0;7;0;0;2;1;1;B01
201100063372;0;2;0;0;2;1;13;A01
201100063373;0;7;0;8;2;2;15;A01
201100063373;0;10;0;1;2;6;1;B01
201100063374;0;37;0;0;0;0;21;A01
201100063375;0;10;0;0;1;1;16;A01
201100063376;0;1;0;0;0;0;13;A01
201100063377;0;30;0;0;2;1;1;B01
201100063377;0;7;0;0;2;2;16;A01
201100063378;0;7;0;0;2;4;23;C01
201100063378;0;7;0;0;2;4;23;B01
201100063378;0;7;0;0;2;1;2;A01
201100063379;0;31;0;0;2;3;1;B01
201100063379;0;7;0;0;2;2;9;A01
201100063380;0;7;0;0;2;3;15;A01
201100063380;0;32;0;0;2;2;17;B01
201100063381;1;2;0;0;1;0;1;Z01
201100063382;0;2;0;0;2;1;1;B01
201100063382;0;7;0;0;2;2;15;A01
201100063383;0;30;0;0;2;1;1;B01
201100063383;0;7;0;0;2;7;10;A01