num_acc;senc;catv;occutc;obs;obsm;choc;manv;num_veh
201100063384;0;30;0;0;1;1;1;A01
201100063385;0;34;0;0;0;0;1;A01
201100063386;0;31;0;1;1;2;1;A01
201100063387;0;33;0;0;0;4;1;B01
201100063387;1;7;0;0;2;1;1;Z01
201100063388;1;2;0;0;9;7;1;Z01
201100063388;0;1;0;0;2;8;1;B01
201100063389;0;2;0;0;1;1;1;A01
201100063390;0;1;0;0;2;1;9;A01
201100063390;0;2;0;0;2;8;1;B01
201100063391;0;7;0;0;2;3;1;A01
201100063391;0;10;0;0;2;1;15;B01
201100063392;0;1;0;0;2;4;2;B01
201100063392;0;7;0;0;2;1;2;A01
201100063393;0;32;0;0;1;1;1;A01
201100063394;0;10;0;0;2;2;12;A01
201100063394;0;2;0;0;2;3;1;B01
201100063395;0;7;0;0;2;3;10;B01
201100063395;0;30;0;0;2;7;17;A01
201100063396;0;7;0;0;2;3;15;B01
201100063396;0;1;0;0;2;0;1;A01
201100063397;0;2;0;0;1;1;1;A01
201100063398;0;1;0;0;2;1;1;B01
201100063398;0;7;0;0;2;5;16;A01
201100063399;0;32;0;0;2;1;18;B01
201100063399;0;7;0;0;2;5;16;A01
201100063400;0;7;0;0;2;5;16;A01
201100063400;0;32;0;0;2;1;1;B01
201100063401;0;7;0;0;1;6;4;A01
201100063402;0;7;0;0;2;5;23;B01
201100063402;0;32;0;0;2;3;2;A01
201100063403;0;7;0;0;2;1;1;A01
201100063403;0;30;0;0;2;7;1;B01
201100063404;0;7;0;0;2;4;23;B01
201100063404;0;7;0;0;2;1;2;A01
201100063405;0;33;0;0;1;3;1;A01
201100063406;0;7;0;0;2;3;22;A01
201100063406;0;1;0;0;2;1;1;B01
201100063407;0;7;0;0;2;6;13;B01
201100063407;0;33;0;0;2;7;17;A01
201100063408;0;14;0;0;2;2;16;A01
201100063408;0;2;0;0;2;3;18;B01
201100063409;0;30;0;0;2;7;1;A01
201100063409;1;7;0;0;0;3;15;Z01
201100063410;0;7;0;0;2;6;1;B01
201100063410;0;2;0;0;2;1;1;A01
201100063411;0;32;0;0;1;6;1;A01
201100063412;0;7;0;0;1;8;16;A01
201100063413;0;33;0;0;2;8;18;A01
201100063413;0;7;0;0;2;2;16;B01
201100063414;0;7;0;0;1;3;1;A01
201100063415;0;32;0;1;0;1;13;A01
201100063416;0;30;0;0;2;0;2;A01
201100063416;0;7;0;0;2;0;23;B01
201100063417;0;2;0;1;0;6;13;A01
201100063418;0;32;0;4;1;8;1;A01
201100063419;0;2;0;0;2;8;17;B01
201100063419;0;7;0;0;2;8;13;A01
201100063420;0;30;0;0;1;1;1;A01
201100063421;0;32;0;0;2;7;2;A01
201100063421;1;7;0;0;2;0;4;Z01
201100063422;0;1;0;0;0;0;1;A01
201100063423;0;1;0;0;2;3;1;A01
201100063423;0;1;0;0;2;1;19;B01
201100063424;0;7;0;0;2;4;23;B01
201100063424;0;7;0;0;2;1;1;A01
201100063425;0;32;0;0;0;3;1;A01
201100063426;0;7;0;0;2;0;9;B01
201100063426;0;32;0;0;2;7;1;A01
201100063427;0;32;0;0;1;2;1;A01
201100063428;0;7;0;1;0;2;14;A01
201100063429;0;2;0;0;2;1;17;A01
201100063429;0;7;0;0;2;4;11;B01
201100063430;0;34;0;0;0;7;1;B01
201100063430;0;33;0;0;2;8;1;A01
201100063431;0;2;0;0;0;1;16;A01
201100063431;0;10;0;0;0;0;1;B01
201100063432;0;30;0;0;0;0;1;A01
201100063433;0;7;0;0;2;3;1;B01
201100063433;0;3;0;0;2;2;1;A01
201100063434;0;33;0;0;1;1;1;A01
201100063435;0;1;0;0;2;3;1;A01
201100063435;1;7;0;0;2;2;22;Z01
201100063436;0;32;0;0;2;1;2;A01
201100063436;0;7;0;0;2;6;23;B01
201100063437;1;7;0;0;1;0;16;Z01
201100063438;0;7;0;0;2;1;13;A01
201100063438;0;7;0;0;2;3;1;B01
201100063439;0;32;0;0;0;0;1;A01
201100063440;0;31;0;1;0;0;21;A01
201100063441;0;7;0;0;0;6;22;A01
201100063441;0;2;0;0;2;2;17;B01
201100063442;1;30;0;0;1;1;1;Z01
201100063443;0;1;0;0;1;1;2;A01
201100063444;0;30;0;0;1;0;1;A01
201100063445;0;33;0;0;0;0;21;A01
201100063446;0;33;0;0;2;7;1;C01
201100063446;0;7;0;0;2;8;11;B01
201100063446;0;10;0;0;2;0;23;A01
201100063447;0;7;0;0;2;5;1;B01
201100063447;0;1;0;0;2;2;18;A01
201100063448;0;1;0;0;2;4;13;B01
201100063448;0;31;0;0;2;1;1;A01
201100063449;0;2;0;1;2;4;18;A01
201100063449;0;7;0;0;2;1;1;B01
201100063450;0;2;0;0;0;0;1;A01
201100063451;0;33;0;0;2;2;1;B01
201100063451;0;7;0;0;2;3;11;A01
201100063452;0;34;0;0;0;2;17;B01
201100063452;0;7;0;0;0;3;15;A01
201100063453;0;7;0;0;1;4;4;A01
201100063454;0;2;0;14;2;3;18;A01
201100063454;0;14;0;0;2;5;16;B01
201100063455;0;7;0;0;2;3;23;C01
201100063455;0;32;0;0;2;7;1;A01
201100063455;0;7;0;0;2;2;9;B01
201100063456;0;7;0;0;2;3;15;A01
201100063456;0;1;0;0;2;1;1;B01
201100063457;0;2;0;0;1;1;1;A01
201100063458;0;7;0;0;1;4;20;A01
201100063459;0;7;0;0;2;3;5;A01
201100063459;0;7;0;0;2;3;1;B01
201100063460;0;10;0;0;0;8;1;A01
201100063460;0;1;0;0;0;5;16;B01
201100063461;0;32;0;0;0;8;17;B01
201100063461;0;7;0;0;2;3;10;A01
201100063462;1;7;0;0;2;1;1;Z01
201100063462;0;1;0;0;2;4;11;A01
201100063463;0;31;0;0;2;6;2;A01
201100063463;1;7;0;0;2;1;2;Z01
201100063464;0;14;0;0;1;4;9;A01
201100063465;0;32;0;0;2;2;17;A01
201100063465;0;7;0;0;2;6;13;B01
201100063466;0;32;0;0;2;6;9;A01
201100063466;0;30;0;0;2;7;1;B01
201100063467;0;7;0;0;2;0;22;A01
201100063467;0;32;0;1;2;0;1;B01
201100063468;0;30;0;0;2;1;2;B01
201100063468;0;7;0;0;2;4;23;A01
201100063469;0;7;0;14;0;1;1;A01
201100063469;0;7;0;0;2;4;23;B01
201100063470;0;7;0;0;2;2;12;A01
201100063470;0;1;0;0;0;4;12;B01
201100063471;0;2;0;15;2;7;17;B01
201100063471;0;10;0;0;2;6;15;A01
201100063472;0;33;0;0;9;0;21;A01
201100063473;0;30;0;0;2;2;2;A01
201100063473;0;7;0;0;2;6;20;B01
201100063474;0;33;0;0;0;1;1;A01
201100063475;0;7;0;11;0;9;21;A01
201100063476;0;32;0;0;0;0;1;A01
201100063477;0;34;0;0;1;2;5;A01
201100063478;1;7;0;0;2;6;4;Z01
201100063478;0;7;0;0;2;2;23;A01
201100063479;0;13;0;0;2;5;1;B01
201100063479;0;32;0;0;2;6;18;A01
201100063480;0;32;0;0;2;4;23;A01
201100063480;1;7;0;0;2;0;2;Z01
201100063481;0;30;0;0;0;0;21;A01
201100063482;0;32;0;0;2;2;17;A01
201100063482;0;10;0;0;2;3;15;B01
201100063483;0;30;0;0;1;0;1;A01
201100063484;0;2;0;0;0;1;1;B01
201100063484;0;7;0;0;0;2;10;A01
201100063485;0;32;0;0;0;0;1;A01
201100063486;0;32;0;0;2;2;17;B01
201100063486;0;10;0;0;2;3;10;A01
201100063487;0;2;0;2;0;3;21;A01
201100063488;0;7;0;0;0;0;1;A01
201100063489;0;2;0;0;2;1;1;B01
201100063489;0;7;0;0;2;3;10;A01
201100063490;0;32;0;0;2;1;3;A01
201100063490;0;1;0;0;2;8;19;B01
201100063491;0;32;0;1;0;2;1;A01
201100063492;0;2;0;0;1;1;1;A01
201100063493;0;32;0;0;0;0;21;A01
201100063494;0;30;0;0;2;8;1;B01
201100063494;0;10;0;0;2;2;1;A01
201100063495;0;7;0;0;2;1;2;A01
201100063495;0;7;0;0;2;4;2;B01
201100063496;0;7;0;0;1;3;1;A01
201100063497;0;2;0;0;0;0;1;A01
201100063498;0;7;0;0;2;1;9;A01
201100063498;0;7;0;1;2;3;1;B01
201100063499;0;34;0;0;2;1;1;B01
201100063499;0;1;0;0;2;4;9;A01
201100063500;0;2;0;0;0;3;21;A01
201100063501;0;7;0;0;1;3;9;A01
201100063502;1;7;0;0;1;3;5;Z01
201100063503;0;7;0;0;2;3;15;A01
201100063503;0;32;0;0;2;8;1;B01
201100063504;1;10;0;0;1;2;16;Z01
201100063505;0;10;0;0;1;3;1;A01
201100063506;0;7;0;0;1;1;1;A01
201100063507;0;32;0;0;1;3;1;A01
201100063508;0;1;0;0;2;0;2;A01
201100063508;1;7;0;0;2;0;2;Z01
201100063509;0;7;0;0;2;4;23;B01
201100063509;0;7;0;0;2;1;2;A01
201100063509;0;7;0;0;2;2;1;C01
201100063510;0;32;0;0;2;1;1;B01
201100063510;0;7;0;0;2;2;15;A01
201100063511;0;7;0;0;2;2;10;A01
201100063511;0;30;0;0;2;3;1;B01
201100063512;0;10;0;0;2;3;1;A01
201100063512;0;32;0;1;2;1;1;B01
201100063513;0;10;0;0;1;2;16;A01
201100063514;0;10;0;0;1;1;15;A01
201100063515;0;32;0;0;2;1;17;B01
201100063515;0;7;0;0;2;8;13;A01
201100063516;0;7;0;0;2;8;10;A01
201100063516;1;10;0;0;2;2;5;Z01
201100063517;0;7;0;0;2;1;9;A01
201100063517;0;32;0;0;2;1;1;B01
201100063518;0;10;0;0;1;1;16;A01
201100063519;0;7;0;0;1;1;15;A01
201100063520;0;30;0;0;0;0;1;A01
201100063521;0;7;0;0;2;2;1;A01
201100063521;0;30;0;0;2;4;1;B01
201100063522;0;7;0;0;1;2;1;A01
201100063523;0;33;0;0;2;4;1;B01
201100063523;0;7;0;0;2;1;1;A01
201100063524;0;7;0;0;2;4;1;B01
201100063524;0;2;0;0;2;1;1;A01
201100063525;0;32;0;0;0;0;1;A01
201100063526;0;7;0;0;1;2;1;A01
201100063527;0;37;0;0;1;3;7;A01
201100063528;0;1;0;0;0;0;16;A01
201100063529;0;34;0;0;0;0;1;A01
201100063530;0;3;0;11;0;1;13;A01
201100063531;0;10;0;0;2;3;22;A01
201100063531;0;1;0;0;2;2;1;B01
201100063532;0;7;0;0;2;8;1;A01
201100063532;0;32;0;0;2;7;1;B01
201100063533;0;30;0;0;0;8;1;A01
201100063534;0;3;0;0;2;2;1;B01
201100063534;0;10;0;0;2;5;1;C01
201100063534;0;7;0;7;2;2;1;A01
201100063535;0;7;0;0;2;1;1;A01
201100063535;0;7;0;1;2;7;1;B01
201100063536;0;7;0;0;1;5;15;A01
201100063537;2;7;0;0;1;1;1;Z01
201100063538;0;7;0;0;1;6;20;A01
201100063539;1;2;0;0;1;1;1;Z01
201100063540;0;2;0;0;1;8;1;A01
201100063541;0;7;0;0;2;2;5;A01
201100063541;0;10;0;0;2;5;1;B01
201100063542;0;7;0;0;1;3;1;A01
201100063543;0;7;0;0;2;6;23;B01
201100063543;0;7;0;0;2;2;17;A01
201100063544;0;7;0;0;1;1;15;A01
201100063545;0;30;0;0;1;1;1;A01
201100063546;0;2;0;0;1;3;1;A01
201100063547;1;7;0;0;2;5;14;Z01
201100063547;0;32;0;0;2;3;1;A01
201100063548;0;30;0;0;1;1;1;A01
201100063549;0;7;0;0;2;7;16;B01
201100063549;0;30;0;0;2;3;7;A01
201100063550;0;32;0;12;0;1;14;A01
201100063551;1;7;0;0;1;0;1;Z01
201100063552;0;7;0;0;0;2;15;A01
201100063552;0;2;0;0;2;1;1;B01
201100063553;1;32;0;0;1;2;1;Z01
201100063554;0;30;0;0;0;7;15;A01
201100063554;0;7;0;0;2;1;1;B01
201100063555;0;34;0;0;1;1;15;A01
201100063556;0;32;0;0;2;8;1;B01
201100063556;0;7;0;0;2;3;15;A01
201100063557;0;30;0;0;0;0;21;A01
201100063558;0;2;0;0;0;0;1;A01
201100063559;0;7;0;0;2;4;2;A01
201100063559;1;7;0;0;2;1;2;Z01
201100063560;0;7;0;0;1;3;1;A01
201100063561;0;33;0;0;2;3;2;A01
201100063561;0;10;0;0;2;5;2;B01
201100063562;0;7;0;0;1;7;1;A01
201100063563;0;32;0;0;0;8;15;A01
201100063564;0;7;0;0;1;5;4;A01
201100063565;0;7;0;0;1;3;1;A01
201100063566;0;2;0;0;2;4;23;B01
201100063566;0;10;0;0;2;1;2;A01
201100063567;0;7;0;0;2;0;1;A01
201100063567;0;31;0;0;2;0;1;B01
201100063568;0;7;0;0;2;3;9;B01
201100063568;0;30;0;0;2;3;1;A01
201100063569;0;7;0;0;2;6;10;A01
201100063569;0;2;0;0;2;1;1;B01
201100063570;0;1;0;0;1;0;1;A01
201100063571;0;10;0;0;0;5;17;A01
201100063571;0;1;0;0;0;8;1;B01
201100063572;0;30;0;0;2;1;1;B01
201100063572;0;7;0;0;2;2;15;A01
201100063573;0;34;0;0;0;1;1;A01
201100063574;0;30;0;0;2;1;15;B01
201100063574;1;7;0;0;2;1;1;Z01
201100063575;0;7;0;1;2;2;1;A01
201100063575;0;7;0;0;2;6;4;B01
201100063576;0;30;0;0;2;0;1;B01
201100063576;0;7;0;0;2;2;1;A01
201100063577;0;7;0;0;2;7;1;A01
201100063577;0;2;0;0;2;9;1;B01
201100063578;0;2;0;0;2;1;1;A01
201100063578;0;10;0;0;2;2;16;B01
201100063579;0;32;0;0;1;3;1;A01
201100063580;0;30;0;0;2;7;17;A01
201100063580;0;7;0;0;2;3;15;B01
201100063581;0;7;0;0;2;2;1;A01
201100063581;0;30;0;0;2;1;1;B01
201100063582;0;10;0;0;2;6;1;B01
201100063582;0;7;0;0;2;2;14;A01
201100063583;0;7;0;0;1;5;1;A01
201100063584;1;7;0;0;1;0;1;Z01
201100063585;0;33;0;0;2;1;1;B01
201100063585;0;7;0;0;2;2;1;A01
201100063586;0;34;0;0;2;3;1;B01
201100063586;1;34;0;0;2;0;13;Z01
201100063587;0;7;0;0;2;8;22;A01
201100063587;0;2;0;0;2;2;17;B01
201100063588;0;7;0;0;2;3;1;B01
201100063588;0;30;0;0;2;1;1;A01
201100063589;0;32;0;0;1;1;1;A01
201100063590;0;7;0;0;2;1;1;B01
201100063590;0;7;0;0;2;2;1;A01
201100063591;0;7;0;0;1;2;1;A01
201100063592;0;14;0;0;1;3;1;A01
201100063593;0;1;0;0;2;1;3;A01
201100063593;0;7;0;0;9;7;15;B01
201100063594;0;7;0;0;2;3;13;A01
201100063594;0;30;0;0;2;2;17;B01
201100063595;0;1;0;0;0;0;7;A01
201100063596;0;7;0;0;2;7;14;A01
201100063596;0;32;0;0;2;3;1;B01
201100063597;0;1;0;0;1;1;1;A01
201100063598;0;7;0;0;1;3;1;A01
201100063599;1;7;0;0;1;0;1;Z01
201100063600;0;7;0;0;2;1;15;A01
201100063600;0;31;0;0;2;8;1;B01
201100063601;0;7;0;0;2;8;1;B01
201100063601;0;7;0;0;2;1;1;A01
201100063602;0;2;0;0;1;8;17;A01
201100063603;0;7;0;0;2;8;13;A01
201100063603;0;2;0;1;2;7;17;B01
201100063604;0;7;0;0;1;4;4;A01
201100063605;0;32;0;0;1;2;1;A01
201100063606;0;33;0;0;0;0;1;A01
201100063607;0;33;0;0;1;1;1;A01
201100063608;0;1;0;0;1;1;1;A01
201100063609;0;7;0;0;2;3;1;B01
201100063609;0;30;0;1;2;2;14;A01
201100063610;0;7;0;0;2;1;1;A01
201100063610;0;7;0;0;0;4;23;B01
201100063611;1;7;0;0;2;0;1;Z01
201100063611;1;33;0;0;2;8;1;A01
201100063612;0;34;0;0;1;2;3;A01
201100063613;0;7;0;0;1;1;1;A01
201100063614;1;10;0;0;1;7;15;Z01
201100063615;0;7;0;0;1;1;15;A01
201100063616;0;1;0;0;1;1;1;A01
201100063617;0;7;0;0;2;3;9;A01
201100063617;0;33;0;0;2;7;1;B01
201100063618;0;7;0;0;2;3;13;A01
201100063618;0;32;0;0;2;7;17;B01
201100063619;0;7;0;1;0;2;1;A01
201100063620;0;10;0;0;0;2;16;A01
201100063620;0;33;0;0;0;8;16;B01
201100063621;0;7;0;0;1;0;1;A01
201100063622;0;7;0;0;2;3;13;A01
201100063622;0;33;0;0;2;2;1;B01
201100063623;0;7;0;0;2;0;9;A01
201100063623;0;32;0;0;2;3;1;B01
201100063624;0;7;0;0;2;6;15;B01
201100063624;0;32;0;0;2;1;17;A01
201100063625;0;7;0;0;1;7;1;A01
201100063626;0;10;0;0;2;1;1;A01
201100063626;0;7;0;0;2;5;1;B01
201100063627;0;7;0;0;1;3;1;A01
201100063628;0;13;0;0;2;2;1;A01
201100063628;0;31;0;0;2;3;16;B01
201100063629;0;1;0;0;1;1;7;A01
201100063630;0;7;0;0;1;3;1;A01
201100063631;0;32;0;0;2;8;1;B01
201100063631;0;7;0;0;2;3;15;A01
201100063632;0;7;0;0;2;7;15;A01
201100063632;0;32;0;0;2;1;1;B01
201100063633;0;30;0;0;0;0;1;A01
201100063634;0;7;0;0;2;1;5;B01
201100063634;0;7;0;0;2;1;1;A01
201100063635;0;7;0;0;2;8;1;B01
201100063635;0;7;0;0;2;1;1;A01
201100063636;1;7;0;0;2;0;15;Z01
201100063636;0;7;0;0;2;8;16;B01
201100063636;0;7;0;0;2;3;24;A01
201100063637;0;13;0;0;2;3;22;A01
201100063637;0;1;0;0;2;1;1;B01
201100063638;0;1;0;0;5;1;1;A01
201100063639;0;31;0;0;2;7;1;A01
201100063639;1;7;0;0;2;8;1;Z01
201100063640;0;7;0;0;1;2;1;A01
201100063641;0;7;0;0;2;3;15;A01
201100063641;0;33;0;0;2;2;1;B01
201100063642;0;30;0;0;1;1;1;A01
201100063643;0;33;0;0;2;8;1;A01
201100063643;1;7;0;0;2;0;10;Z01
201100063644;0;7;0;0;1;7;1;A01
201100063645;0;7;0;0;2;2;1;A01
201100063645;0;32;0;0;2;3;1;B01
201100063646;0;1;0;0;1;1;1;A01
201100063647;0;30;0;0;1;8;17;A01
201100063648;0;30;0;1;0;1;14;A01
201100063649;0;31;0;0;1;1;1;A01
201100063650;0;10;0;0;1;1;1;A01
201100063651;0;32;0;0;0;7;15;A01
201100063652;1;30;0;0;1;0;17;Z01
201100063653;0;30;0;0;2;1;1;C01
201100063653;0;10;0;0;2;3;15;A01
201100063653;0;33;0;0;2;0;1;B01
201100063654;1;30;0;0;1;0;5;Z01
201100063655;0;30;0;0;2;1;1;B01
201100063655;0;7;0;0;2;3;22;A01
201100063656;1;30;0;0;1;0;1;Z01
201100063657;0;34;0;0;0;0;21;A01
201100063658;0;7;0;0;2;3;1;B01
201100063658;0;34;0;0;2;5;1;A01
201100063659;0;13;0;0;2;1;1;B01
201100063659;1;7;0;0;2;3;13;Z01
201100063659;0;30;0;0;2;1;17;A01
201100063660;0;7;0;0;0;7;1;A01
201100063660;0;33;0;0;0;1;1;B01
201100063661;0;7;0;0;0;6;1;C01
201100063661;0;33;0;0;2;3;15;B01
201100063661;0;30;0;0;2;1;1;A01
201100063662;0;32;0;0;2;8;1;A01
201100063662;0;7;0;0;2;5;23;B01
201100063663;0;7;0;0;2;5;23;A01
201100063663;1;10;0;0;2;3;2;B01
201100063664;0;30;0;0;2;8;2;A01
201100063664;0;7;0;0;2;5;2;B01
201100063665;0;7;0;0;1;1;16;A01
201100063666;0;2;0;0;2;1;18;B01
201100063666;0;7;0;0;2;2;16;A01
201100063667;0;1;0;0;2;8;1;B01
201100063667;0;7;0;0;9;3;1;A01
201100063668;0;2;0;0;0;0;9;A01
201100063669;0;7;0;0;2;4;23;A01
201100063669;1;7;0;0;2;1;2;Z01
201100063670;0;34;0;0;2;1;1;B01
201100063670;0;7;0;0;2;0;10;A01
201100063671;0;34;0;1;0;1;21;A01
201100063672;0;7;0;0;2;4;2;B01
201100063672;0;30;0;0;2;1;23;A01
201100063673;0;7;0;1;0;1;1;A01
201100063674;0;32;0;0;1;7;1;A01
201100063675;0;10;0;0;0;8;15;A01
201100063675;0;32;0;0;2;7;17;B01
201100063676;0;10;0;0;1;4;4;A01
201100063677;0;7;0;0;0;5;1;B01
201100063677;0;7;0;0;2;3;14;A01
201100063678;0;7;0;0;1;1;1;A01
201100063679;0;1;0;14;0;0;1;A01
201100063680;0;32;0;0;2;7;1;B01
201100063680;0;7;0;0;2;5;15;A01
201100063681;0;7;0;0;2;2;16;A01
201100063681;0;30;0;0;2;1;18;B01
201100063682;0;7;0;0;0;1;1;A01
201100063682;0;10;0;0;0;4;23;B01
201100063683;0;30;0;0;2;1;9;A01
201100063683;0;32;0;0;2;2;17;B01
201100063684;0;7;0;0;0;4;23;B01
201100063684;0;32;0;0;2;1;1;A01
201100063685;0;33;0;0;0;0;23;B01
201100063685;0;10;0;0;9;0;17;A01
201100063686;0;32;0;0;1;1;1;A01
201100063687;0;30;0;0;2;8;16;A01
201100063688;0;7;0;0;0;2;1;A01
201100063689;0;30;0;0;1;1;1;A01
201100063690;0;10;0;0;2;1;17;A01
201100063690;0;32;0;0;0;1;1;B01
201100063691;0;32;0;0;0;0;21;A01
201100063692;0;1;0;0;2;1;5;A01
201100063692;1;10;0;0;2;1;15;Z01
201100063693;0;7;0;14;0;7;10;A01
201100063693;0;32;0;14;0;7;17;B01
201100063694;0;7;0;0;0;5;1;B01
201100063694;0;32;0;0;0;5;1;A01
201100063695;0;7;0;0;2;3;15;A01
201100063695;0;2;0;0;2;1;1;B01
201100063696;0;30;0;0;1;1;17;A01
201100063697;0;7;0;8;0;3;1;A01
201100063698;0;7;0;0;1;2;1;A01
201100063699;0;7;0;0;2;3;22;A01
201100063699;0;7;0;1;0;2;17;B01
201100063700;0;32;0;0;1;1;1;A01
201100063701;0;30;0;0;1;1;17;A01
201100063702;0;30;0;0;2;0;1;B01
201100063702;0;7;0;0;2;0;1;A01
201100063703;0;7;0;0;2;3;15;B01
201100063703;0;31;0;0;2;3;17;A01
201100063704;1;7;0;0;1;1;1;Z01
201100063705;0;7;0;0;1;7;1;A01
201100063706;0;30;0;15;2;2;2;A01
201100063706;0;30;0;15;2;2;2;B01
201100063707;0;1;0;15;2;3;18;B01
201100063707;0;7;0;0;2;7;1;A01
201100063708;0;32;0;14;0;2;14;A01
201100063709;0;32;0;0;1;1;1;A01
201100063710;0;31;0;0;0;2;1;A01
201100063711;0;30;0;0;1;1;1;A01
201100063712;0;7;0;6;0;1;13;A01
201100063713;0;7;0;0;2;5;15;A01
201100063713;0;33;0;0;2;1;1;B01
201100063714;0;7;0;0;2;2;1;A01
201100063714;0;7;0;0;2;3;1;B01
201100063715;0;34;0;0;2;6;17;A01
201100063715;0;14;0;0;2;6;1;B01
201100063716;0;2;0;0;0;2;1;A01
201100063717;0;2;0;0;2;2;17;A01
201100063717;0;7;0;0;2;3;15;B01
201100063718;0;7;0;0;2;2;9;A01
201100063718;0;1;0;0;2;8;1;B01
201100063719;0;2;0;8;0;1;13;A01
201100063720;0;7;0;0;1;2;1;A01
201100063721;0;7;0;0;2;4;23;A01
201100063721;0;37;1;0;2;4;2;B01
201100063722;0;7;0;0;2;7;15;A01
201100063722;0;34;0;0;2;7;1;B01
201100063723;0;7;0;0;2;3;22;A01
201100063723;0;7;0;0;2;7;1;C01
201100063723;0;1;0;0;2;3;1;B01
201100063724;0;7;0;0;1;3;1;A01
201100063725;0;30;0;0;1;1;5;A01
201100063726;0;30;0;0;2;0;15;A01
201100063726;0;2;0;0;2;0;15;B01
201100063727;0;30;0;0;2;1;1;B01
201100063727;0;7;0;0;2;7;15;A01
201100063728;0;33;0;0;2;7;1;A01
201100063728;1;7;0;0;2;2;15;Z01
201100063729;1;7;0;0;1;1;1;Z01
201100063730;0;1;0;0;0;0;1;A01
201100063731;0;7;0;0;2;1;2;A01
201100063731;0;7;0;0;2;4;2;B01
201100063732;0;7;0;0;2;5;16;B01
201100063732;0;30;0;0;2;3;18;A01
201100063733;0;30;0;0;0;7;1;A01
201100063734;0;7;0;0;1;1;1;A01
201100063735;0;1;0;6;0;1;14;A01
201100063736;0;33;0;0;2;1;1;B01
201100063736;0;7;0;0;2;8;15;A01
201100063737;0;7;0;0;2;5;1;B01
201100063737;0;2;0;0;2;2;3;A01
201100063738;0;1;0;0;2;1;1;B01
201100063738;0;7;0;0;2;1;15;A01
201100063739;0;7;0;1;0;2;14;A01
201100063740;0;30;0;14;2;2;2;A01
201100063740;0;7;0;0;2;6;23;B01
201100063741;0;10;0;0;1;4;4;A01
201100063742;0;7;0;0;2;7;15;A01
201100063742;0;30;0;0;2;7;1;B01
201100063743;0;34;0;0;2;1;1;B01
201100063743;0;7;0;0;2;1;15;A01
201100063744;0;7;0;0;2;2;15;A01
201100063744;0;30;0;0;2;7;1;B01
201100063745;0;31;0;0;0;8;1;A01
201100063746;0;30;0;0;2;0;21;A01
201100063747;0;2;0;0;2;0;21;A01
201100063748;0;33;0;0;0;8;1;A01
201100063749;0;30;0;0;0;0;1;A01
201100063750;1;7;0;0;1;3;1;A01
201100063751;0;32;0;0;1;3;1;A01
201100063752;0;2;0;0;2;1;1;A01
201100063752;0;7;0;0;2;1;15;B01
201100063753;0;7;0;0;1;1;16;A01
201100063754;0;10;0;0;2;2;16;A01
201100063754;0;7;0;0;2;3;1;B01
201100063755;0;7;0;0;9;8;15;A01
201100063755;0;1;0;0;2;1;1;B01
201100063756;0;33;0;0;1;1;17;A01
201100063757;0;1;0;0;2;3;15;A01
201100063757;1;7;0;0;2;2;17;Z01
201100063758;0;33;0;0;0;8;12;A01
201100063758;0;30;0;0;2;1;1;B01
201100063759;0;32;0;0;2;3;1;B01
201100063759;0;7;0;0;2;8;15;A01
201100063760;0;7;0;1;0;2;1;A01
201100063761;0;1;0;0;2;1;1;B01
201100063761;0;7;0;0;2;0;22;A01
201100063762;0;10;0;0;2;3;1;B01
201100063762;0;7;0;0;2;7;1;A01
201100063763;0;7;0;0;1;5;1;A01
201100063764;0;7;0;0;0;4;23;B01
201100063764;0;7;0;0;0;1;1;A01
201100063765;0;7;0;0;1;1;15;A01
201100063766;0;32;0;0;2;2;1;B01
201100063766;0;7;0;0;0;1;15;A01
201100063767;0;7;0;0;0;2;22;A01
201100063767;0;32;0;0;0;3;18;B01
201100063768;0;10;0;0;0;2;10;A01
201100063768;0;33;0;0;2;1;1;B01
201100063769;0;1;0;0;1;1;1;A01
201100063770;0;1;0;0;2;8;19;B01
201100063770;0;32;0;0;2;2;1;A01
201100063771;0;33;0;0;0;0;21;A01
201100063772;0;7;0;0;1;4;4;A01
201100063773;0;30;0;0;0;2;1;A01
201100063774;0;10;0;0;2;2;14;A01
201100063774;0;7;0;0;2;6;23;B01
201100063775;0;33;0;0;2;1;1;A01
201100063775;0;7;0;0;2;3;23;C01
201100063775;0;7;0;0;2;1;1;B01
201100063776;0;34;0;0;2;9;17;A01
201100063776;0;7;0;0;2;3;23;C01
201100063776;0;7;0;0;2;3;23;B01
201100063777;0;10;0;0;2;2;1;A01
201100063777;0;7;0;0;2;4;23;B01
201100063778;2;7;0;0;2;2;2;Z01
201100063778;0;7;0;0;2;8;2;A01
201100063779;0;7;0;0;2;1;1;A01
201100063779;0;34;0;0;2;4;23;B01
201100063780;0;34;0;0;2;1;1;A01
201100063780;0;7;0;0;2;3;1;B01
201100063781;0;7;0;0;2;5;1;A01
201100063781;0;30;0;0;2;8;1;B01
201100063782;0;3;0;0;2;1;17;A01
201100063782;0;30;0;0;2;1;1;B01
201100063783;0;10;0;0;1;2;5;A01
201100063784;0;10;0;0;1;1;1;A01
201100063785;0;36;0;0;1;1;15;A01
201100063786;0;32;0;0;1;1;1;A01
201100063787;0;7;0;0;2;3;15;A01
201100063787;0;30;0;0;2;1;17;B01