num_acc;senc;catv;occutc;obs;obsm;choc;manv;num_veh
201100063788;0;7;0;0;2;6;11;A01
201100063788;0;31;0;0;2;8;1;B01
201100063789;0;7;0;0;2;3;9;A01
201100063789;0;1;0;0;2;2;1;B01
201100063790;0;7;0;0;2;1;1;B01
201100063790;0;7;0;12;2;5;1;A01
201100063791;1;30;0;0;1;0;1;Z01
201100063792;0;30;0;1;0;0;14;A01
201100063793;0;7;0;0;2;5;16;B01
201100063793;0;30;0;0;2;1;18;A01
201100063794;0;7;0;0;2;2;15;A01
201100063794;0;30;0;0;2;0;1;B01
201100063795;0;7;0;0;1;3;1;A01
201100063796;0;7;0;1;0;2;1;A01
201100063796;0;32;0;1;0;3;1;B01
201100063797;0;7;0;0;2;8;1;B01
201100063797;0;32;0;0;2;1;1;A01
201100063798;0;7;0;0;2;1;15;A01
201100063798;0;37;2;0;2;3;1;B01
201100063799;0;7;0;0;2;3;15;B01
201100063799;0;7;0;0;2;1;1;A01
201100063800;0;32;0;0;2;8;17;A01
201100063800;0;13;0;0;9;2;15;B01
201100063801;0;32;0;0;1;1;1;A01
201100063802;0;32;0;0;1;1;1;A01
201100063803;0;31;0;0;2;7;16;A01
201100063803;0;37;1;0;2;6;7;B01
201100063804;0;1;0;0;1;1;17;A01
201100063805;0;7;0;0;2;3;10;A01
201100063805;0;32;0;0;2;3;1;B01
201100063806;0;33;0;0;2;1;2;A01
201100063806;0;7;0;0;2;4;23;B01
201100063807;0;7;0;0;2;1;15;B01
201100063807;0;33;0;0;2;1;1;A01
201100063808;0;37;0;0;2;3;1;A01
201100063808;0;33;0;0;2;5;1;B01
201100063809;0;7;0;0;1;1;1;A01
201100063810;0;34;0;0;1;3;1;A01
201100063811;0;34;0;0;1;1;1;A01
201100063812;0;1;0;0;2;1;1;A01
201100063812;1;30;0;0;9;0;5;Z01
201100063813;1;7;0;0;1;1;2;A01
201100063814;0;1;0;0;2;1;1;B01
201100063814;0;7;0;0;2;3;15;A01
201100063815;0;7;0;14;2;7;15;B01
201100063815;0;7;0;0;2;1;1;A01
201100063816;0;32;0;0;2;4;2;A01
201100063816;1;7;0;0;2;1;2;Z01
201100063817;0;2;0;0;2;1;17;A01
201100063817;0;7;0;0;2;8;15;B01
201100063818;0;7;0;0;2;1;9;B01
201100063818;0;34;0;0;2;2;17;A01
201100063819;0;7;0;0;2;1;15;B01
201100063819;0;32;0;0;2;1;1;A01
201100063820;0;7;0;0;1;2;16;A01
201100063821;0;7;0;1;0;1;14;A01
201100063822;0;7;0;0;2;1;1;A01
201100063822;0;7;0;0;2;8;1;B01
201100063823;0;32;0;0;2;1;1;A01
201100063823;0;1;0;0;2;1;9;B01
201100063824;0;1;0;0;2;1;2;A01
201100063824;0;7;0;0;2;6;23;B01
201100063825;0;32;0;0;1;1;1;A01
201100063826;0;10;0;1;2;2;9;A01
201100063826;0;7;0;1;2;3;1;B01
201100063827;0;32;0;0;0;3;1;B01
201100063827;0;7;0;1;0;2;10;A01
201100063828;0;7;0;0;1;2;1;A01
201100063829;0;7;0;0;1;2;1;A01
201100063830;0;33;0;0;1;1;1;A01
201100063831;0;30;0;0;0;0;21;A01
201100063832;0;32;0;15;1;1;1;A01
201100063833;0;7;0;0;1;1;1;A01
201100063834;0;7;0;0;1;1;1;A01
201100063835;0;31;0;0;1;1;1;A01
201100063836;0;32;0;0;1;1;1;A01
201100063837;1;10;0;0;0;0;1;Z01
201100063838;0;2;0;0;0;1;18;A01
201100063839;0;7;0;0;1;1;1;A01
201100063840;0;7;0;0;1;2;1;A01
201100063841;0;7;0;0;0;7;22;B01
201100063841;0;33;0;1;0;8;1;A01
201100063842;0;10;0;0;2;1;15;A01
201100063842;0;30;0;0;2;3;1;B01
201100063843;0;7;0;0;2;1;2;A01
201100063843;0;7;0;0;2;4;23;B01
201100063844;0;31;0;0;0;0;1;A01
201100063845;0;7;0;0;1;1;1;A01
201100063846;0;7;0;0;2;2;22;A01
201100063846;0;1;0;0;2;1;1;B01
201100063847;0;7;0;0;2;2;15;A01
201100063847;0;32;0;0;2;7;1;B01
201100063848;1;7;0;0;1;4;4;Z01
201100063849;0;32;0;0;1;1;1;A01
201100063850;0;7;0;0;2;5;10;A01
201100063850;0;33;0;0;2;1;1;B01
201100063851;0;34;0;1;2;1;1;A01
201100063851;2;30;0;0;2;1;17;Z01
201100063852;0;2;0;0;2;3;1;A01
201100063852;0;32;0;0;2;6;9;B01
201100063853;0;10;0;0;1;4;20;A01
201100063854;0;7;0;0;1;2;1;A01
201100063855;0;7;0;0;2;2;15;A01
201100063855;0;1;0;0;2;1;1;B01
201100063856;0;33;0;0;0;0;1;A01
201100063857;0;7;0;0;2;2;15;A01
201100063857;0;33;0;0;2;1;1;B01
201100063858;1;7;0;0;1;1;1;Z01
201100063859;0;2;0;0;0;0;1;A01
201100063860;0;30;0;0;0;0;21;A01
201100063861;0;2;0;0;0;2;1;A01
201100063862;0;7;0;0;1;1;1;A01
201100063863;0;33;0;0;0;7;13;A01
201100063863;1;7;0;0;0;6;17;Z01
201100063864;0;10;0;0;2;3;15;A01
201100063864;0;2;0;0;2;3;1;B01
201100063865;0;2;0;0;2;0;21;A01
201100063866;0;7;0;0;2;6;10;A01
201100063866;0;33;0;0;2;2;17;B01
201100063867;0;7;0;0;1;3;16;A01
201100063868;0;7;0;0;1;2;7;A01
201100063869;0;7;0;0;2;3;5;A01
201100063869;0;7;0;0;2;7;1;B01
201100063870;0;10;0;0;1;3;1;A01
201100063871;0;10;0;0;1;3;1;A01
201100063872;0;30;0;0;0;0;1;A01
201100063873;0;2;0;0;2;2;17;B01
201100063873;0;7;0;0;2;3;13;A01
201100063874;0;33;0;14;0;8;14;A01
201100063875;0;7;0;0;2;1;1;B01
201100063875;0;7;0;0;2;2;15;A01
201100063876;0;31;0;12;0;1;13;A01
201100063877;0;33;0;0;0;8;21;A01
201100063878;0;7;0;0;1;2;1;A01
201100063879;0;13;0;0;1;1;1;A01
201100063880;0;7;0;4;0;1;14;A01
201100063881;0;1;0;0;2;2;1;B01
201100063881;0;2;0;0;2;1;1;A01
201100063882;0;10;0;0;1;4;4;A01
201100063883;0;7;0;4;2;2;2;A01
201100063883;0;7;0;4;2;5;2;B01
201100063884;0;30;0;12;0;2;14;A01
201100063885;0;7;0;0;2;8;10;A01
201100063885;0;33;0;0;2;1;1;B01
201100063886;0;37;10;0;2;8;1;B01
201100063886;0;10;0;0;2;1;1;A01
201100063887;0;7;0;0;1;3;12;A01
201100063888;0;10;0;0;2;1;2;A01
201100063888;0;7;0;0;2;4;23;C01
201100063888;0;32;0;0;2;4;23;B01
201100063889;0;32;0;0;1;1;1;A01
201100063890;0;7;0;4;0;1;13;A01
201100063891;0;7;0;0;1;2;1;A01
201100063892;0;32;0;0;1;1;1;A01
201100063893;0;34;0;0;1;1;1;A01
201100063894;0;7;0;0;2;5;15;B01
201100063894;0;32;0;0;2;1;17;A01
201100063895;0;7;0;0;2;6;9;A01
201100063895;0;32;0;0;2;1;18;B01
201100063896;0;30;0;0;2;7;1;B01
201100063896;0;7;0;0;2;3;1;A01
201100063897;0;10;0;0;0;7;23;A01
201100063897;0;7;0;0;2;8;1;C01
201100063897;0;33;0;14;0;8;3;B01
201100063898;0;33;0;6;2;1;7;A01
201100063898;0;7;0;0;2;2;16;B01
201100063899;0;7;0;9;9;9;1;A01
201100063900;0;7;0;0;2;5;15;B01
201100063900;0;32;0;0;2;2;1;A01
201100063901;0;30;0;0;1;1;17;A01
201100063902;0;33;0;0;2;1;3;A01
201100063902;0;7;0;0;2;6;11;B01
201100063903;0;7;0;0;1;3;1;A01
201100063904;0;7;0;15;0;3;13;A01
201100063905;0;33;0;0;2;0;11;A01
201100063905;0;14;0;0;2;6;23;B01
201100063906;0;31;0;0;2;8;3;A01
201100063906;0;7;0;0;2;5;1;B01
201100063907;0;33;0;1;0;2;18;A01
201100063908;0;33;0;0;2;5;2;A01
201100063908;0;7;0;0;2;5;2;B01
201100063908;0;7;0;0;2;5;23;C01
201100063909;0;7;0;4;0;3;13;A01
201100063910;0;7;0;0;2;1;15;A01
201100063910;0;33;0;0;2;3;1;B01
201100063911;0;33;0;0;2;8;1;B01
201100063911;0;7;0;0;2;0;1;A01
201100063912;0;7;0;0;1;1;1;A01
201100063913;0;7;0;0;2;8;23;B01
201100063913;0;7;0;0;2;4;23;H02
201100063913;0;10;0;0;2;4;23;E01
201100063913;0;7;0;0;2;9;2;A01
201100063913;0;7;0;0;2;4;23;G02
201100063913;0;7;0;0;2;7;23;D01
201100063913;0;10;0;0;2;4;23;C01
201100063913;0;7;0;0;2;4;23;F02
201100063914;0;33;0;0;2;2;1;A01
201100063914;0;7;0;0;2;3;10;B01
201100063915;0;2;0;12;0;3;13;A01
201100063916;0;7;0;0;2;1;2;A01
201100063916;0;33;0;0;2;5;23;B01
201100063916;0;33;0;0;2;6;23;C01
201100063917;0;7;0;0;1;3;1;A01
201100063918;0;30;0;0;2;2;18;A01
201100063918;0;7;0;0;2;7;16;B01
201100063919;0;32;0;0;1;2;1;A01
201100063920;0;10;0;0;2;1;1;A01
201100063920;0;7;0;0;2;8;1;B01
201100063921;0;7;0;0;2;2;1;B01
201100063921;0;30;0;0;2;1;17;A01
201100063922;0;7;0;4;0;7;14;A01
201100063923;0;7;0;0;1;3;1;A01
201100063924;0;7;0;0;2;3;5;A01
201100063924;0;34;0;0;2;1;1;B01
201100063925;0;7;0;0;2;2;1;A01
201100063925;0;34;0;1;2;8;18;B01
201100063926;0;31;0;0;2;1;3;B01
201100063926;0;7;0;0;2;3;22;A01
201100063926;0;7;0;0;2;7;23;C01
201100063927;0;7;0;0;2;1;1;B01
201100063927;0;7;0;15;2;7;1;A01
201100063928;0;37;5;0;1;2;1;A01
201100063929;0;7;0;0;2;8;17;A01
201100063929;0;30;0;0;2;1;15;B01
201100063930;0;33;0;4;0;3;13;A01
201100063931;0;7;0;14;0;2;13;A01
201100063932;0;33;0;1;2;1;1;B01
201100063932;0;7;0;0;2;8;10;A01
201100063933;0;33;0;0;2;2;1;B01
201100063933;0;2;0;0;2;3;9;A01
201100063934;0;32;0;14;0;7;1;A01
201100063935;0;2;0;0;2;1;1;B01
201100063935;0;7;0;0;2;2;1;A01
201100063936;0;14;0;0;1;1;1;A01
201100063937;0;10;0;0;2;2;1;B01
201100063937;0;2;0;0;2;1;1;A01
201100063938;0;7;0;0;2;1;2;B01
201100063938;0;31;0;0;2;4;23;A01
201100063939;0;7;0;1;2;7;1;A01
201100063939;0;7;0;0;2;1;1;B01
201100063940;0;10;0;0;2;2;1;A01
201100063940;0;10;0;0;2;3;1;B01
201100063941;0;32;0;4;0;8;13;A01
201100063942;0;7;0;0;2;7;1;B01
201100063942;0;7;0;1;2;1;1;A01
201100063943;0;7;0;0;2;4;1;B01
201100063943;0;7;0;0;2;1;1;A01
201100063944;0;10;0;0;1;4;4;A01
201100063945;0;7;0;0;2;7;22;A01
201100063945;0;33;0;0;2;6;18;B01
201100063946;0;7;0;0;1;1;1;A01
201100063947;0;7;0;2;1;6;4;A01
201100063948;0;2;0;14;0;2;14;A01
201100063949;0;10;0;0;2;8;10;A01
201100063949;0;2;0;0;2;3;17;B01
201100063950;0;7;0;0;2;7;15;A01
201100063950;0;30;0;0;2;2;1;B01
201100063951;0;2;0;0;1;1;1;A01
201100063952;0;33;0;12;0;2;1;A01
201100063953;0;7;0;0;2;4;23;B01
201100063953;0;32;0;0;2;1;1;A01
201100063954;0;34;0;0;2;7;3;B01
201100063954;0;7;0;0;2;8;11;A01
201100063955;0;14;0;0;1;1;1;A01
201100063956;0;7;0;0;0;1;1;A01
201100063956;0;33;0;0;2;8;1;B01
201100063957;0;7;0;0;2;1;15;B01
201100063957;0;7;0;0;2;7;17;A01
201100063958;1;32;0;0;1;1;1;Z01
201100063959;0;30;0;0;2;7;1;B01
201100063959;0;7;0;0;2;8;22;A01
201100063960;0;33;0;0;2;1;1;B01
201100063960;0;33;0;0;2;1;1;C01
201100063960;0;7;0;0;2;6;10;A01
201100063961;0;2;0;14;0;8;17;A01
201100063962;0;7;0;6;0;9;13;A01
201100063963;0;7;0;0;1;2;1;A01
201100063964;0;7;0;0;2;1;1;B01
201100063964;0;7;0;14;2;7;1;A01
201100063965;0;31;0;0;1;6;1;A01
201100063966;0;7;0;0;1;1;1;A01
201100063967;0;10;0;0;2;4;23;B01
201100063967;0;7;0;0;2;4;23;C01
201100063967;0;7;0;0;2;1;2;A01
201100063968;0;7;0;0;1;3;1;A01
201100063969;0;1;0;0;0;0;1;A01
201100063970;0;10;0;0;2;8;1;A01
201100063970;0;32;0;0;2;1;1;B01
201100063971;0;2;0;0;2;1;1;B01
201100063971;0;7;0;0;2;7;1;A01
201100063972;0;3;0;0;2;1;1;A01
201100063972;0;10;0;0;2;4;1;B01
201100063973;0;10;0;0;0;4;1;C01
201100063973;0;7;0;0;2;2;12;A01
201100063973;0;33;0;0;2;8;3;B01
201100063974;0;33;0;0;1;1;1;A01
201100063975;0;1;0;0;2;1;1;B01
201100063975;0;7;0;0;2;3;10;A01
201100063976;0;7;0;0;2;8;1;A01
201100063976;0;30;0;0;2;7;1;B01
201100063976;0;34;0;0;2;1;1;C01
201100063977;0;2;0;0;2;8;1;A01
201100063978;0;7;0;0;2;3;16;B01
201100063978;0;33;0;1;2;2;1;A01
201100063979;1;33;0;0;1;1;1;Z01
201100063980;0;33;0;0;2;1;3;A01
201100063980;0;7;0;0;2;5;1;B01
201100063980;0;13;0;0;2;1;1;C01
201100063981;0;32;0;0;2;5;18;B01
201100063981;0;7;0;0;2;3;16;A01
201100063982;0;32;0;0;2;2;1;A01
201100063982;0;7;0;0;2;6;23;B01
201100063983;0;7;0;0;2;7;1;A01
201100063983;0;30;0;0;2;1;1;B01
201100063984;0;7;0;0;1;3;1;A01
201100063985;0;7;0;0;2;1;1;A01
201100063985;0;30;0;0;2;8;1;B01
201100063986;0;7;0;0;2;3;1;B01
201100063986;0;32;0;1;2;6;1;A01
201100063987;0;37;30;0;2;3;1;B01
201100063987;0;10;0;0;2;3;17;A01
201100063988;0;33;0;2;0;3;1;A01
201100063989;0;7;0;0;2;2;1;A01
201100063989;0;33;0;0;0;4;23;B01
201100063990;0;7;0;8;2;0;1;C01
201100063990;0;7;0;0;2;0;17;A01
201100063990;0;33;0;0;2;6;1;B01
201100063991;0;7;0;0;2;8;1;B01
201100063991;0;7;0;0;2;5;12;C01
201100063991;0;32;0;0;2;8;1;A01
201100063992;0;7;0;0;2;2;15;A01
201100063992;0;34;0;0;2;1;1;B01
201100063993;0;31;0;0;2;1;1;B01
201100063993;0;13;0;0;2;5;15;A01
201100063994;0;7;0;0;2;7;23;C01
201100063994;0;33;0;14;2;1;7;A01
201100063994;0;7;0;0;2;5;23;B01
201100063995;0;2;0;9;0;1;1;A01
201100063996;0;1;0;1;0;2;1;B01
201100063996;0;10;0;0;0;8;22;A01
201100063997;0;31;0;0;2;1;1;B01
201100063997;0;2;0;0;2;8;10;A01
201100063998;0;32;0;0;2;7;1;A01
201100063998;0;7;0;0;2;1;1;B01
201100063999;0;7;0;0;2;3;15;A01
201100063999;0;30;0;0;2;6;1;B01
201100064000;0;33;0;0;2;1;1;B01
201100064000;0;7;0;0;2;7;15;A01
201100064001;0;7;0;0;1;2;1;A01
201100064002;0;30;0;0;2;3;18;A01
201100064002;0;7;0;0;2;7;16;B01
201100064003;0;33;0;12;1;8;1;A01
201100064004;0;37;0;0;1;3;8;A01
201100064005;0;7;0;0;1;1;1;A01
201100064006;0;32;0;12;0;1;14;A01
201100064007;0;1;0;0;2;1;1;B01
201100064007;0;7;0;0;2;3;15;A01
201100064008;0;30;0;12;0;0;14;A01
201100064009;0;34;0;0;2;1;1;B01
201100064009;0;7;0;0;2;1;15;A01
201100064010;0;10;0;0;1;3;15;A01
201100064011;0;32;0;0;0;8;1;A01
201100064012;0;33;0;0;1;1;1;A01
201100064013;0;30;0;0;2;1;2;A01
201100064013;0;7;0;0;2;4;23;B01
201100064014;0;30;0;1;0;1;1;A01
201100064015;1;7;0;0;2;0;12;Z01
201100064015;0;32;0;0;2;8;1;A01
201100064016;0;7;0;0;1;2;1;A01
201100064017;1;7;0;0;2;0;17;Z01
201100064017;0;31;0;0;2;8;1;A01
201100064018;0;33;0;0;2;7;1;B01
201100064018;0;7;0;0;2;8;15;A01
201100064019;0;33;0;0;0;8;21;A01
201100064020;0;30;0;0;1;1;3;A01
201100064021;0;33;0;0;1;6;7;A01
201100064022;0;33;0;0;2;1;1;B01
201100064022;0;7;0;0;2;1;15;A01
201100064023;0;7;0;0;2;2;15;A01
201100064023;0;7;0;0;2;1;1;B01
201100064024;0;33;0;12;0;1;14;A01
201100064025;0;33;0;0;2;1;1;B01
201100064025;0;30;0;0;2;5;13;A01
201100064026;0;7;0;0;2;6;1;B01
201100064026;0;1;0;0;2;1;1;A01
201100064027;0;37;75;0;1;7;1;A01
201100064028;0;34;0;0;2;1;1;B01
201100064028;0;32;0;0;2;1;1;D01
201100064028;0;7;0;0;2;2;10;A01
201100064028;0;32;0;0;2;1;1;C01
201100064029;0;10;0;0;1;2;1;A01
201100064030;0;37;5;0;1;5;7;A01
201100064031;0;33;0;0;1;3;1;A01
201100064032;0;37;0;0;1;2;7;A01
201100064033;0;10;0;0;2;1;1;B01
201100064033;0;7;0;11;2;7;1;A01
201100064034;0;38;1;0;1;2;1;A01
201100064035;0;33;0;0;2;8;1;A01
201100064035;0;7;0;0;2;2;14;B01
201100064036;0;2;0;0;1;1;17;A01
201100064037;0;7;0;0;1;4;4;A01
201100064038;0;7;0;0;2;2;5;A01
201100064038;0;32;0;0;2;1;1;B01
201100064039;0;33;0;0;2;3;1;A01
201100064039;0;7;0;0;0;6;1;C01
201100064039;0;33;0;0;0;8;1;B01
201100064039;0;7;0;0;0;3;1;D01
201100064040;0;1;0;1;0;7;1;A01
201100064041;0;7;0;0;2;7;16;A01
201100064041;0;32;0;0;2;1;18;B01
201100064042;0;31;0;0;2;1;1;B01
201100064042;0;7;0;0;2;5;15;A01
201100064043;0;34;0;0;2;1;1;B01
201100064043;0;7;0;0;2;2;15;A01
201100064044;0;32;0;1;2;1;1;B01
201100064044;0;10;0;0;2;2;12;A01
201100064045;0;2;0;0;1;1;5;A01
201100064046;0;32;0;11;0;1;13;A01
201100064047;0;33;0;0;2;8;1;A01
201100064047;0;7;0;0;2;2;1;B01
201100064048;0;7;0;0;1;1;15;A01
201100064049;0;32;0;0;2;1;2;A01
201100064049;0;32;0;0;2;1;2;B01
201100064050;0;33;0;0;2;3;3;B01
201100064050;0;7;0;0;2;6;1;C01
201100064050;0;7;0;0;2;2;12;A01
201100064051;0;7;0;6;0;1;13;A01
201100064052;0;33;0;0;2;1;17;A01
201100064052;0;7;0;0;2;3;1;B01
201100064053;0;7;0;0;1;3;1;A01
201100064054;0;15;0;0;2;2;14;A01
201100064054;0;33;0;0;2;1;1;C01
201100064054;0;7;0;0;2;1;1;B01
201100064054;0;7;0;0;2;7;1;D01
201100064055;0;31;0;0;2;1;18;B01
201100064055;0;7;0;0;2;5;16;A01
201100064056;0;7;0;0;2;4;4;A01
201100064056;0;31;0;0;2;7;23;B01
201100064057;0;7;0;0;1;3;16;A01
201100064058;0;7;0;0;1;3;1;A01
201100064059;0;1;0;0;2;1;1;A01
201100064059;0;7;0;0;9;3;1;B01
201100064060;0;33;0;2;1;1;1;A01
201100064061;0;38;0;0;1;5;16;A01
201100064062;0;34;0;9;0;2;1;A01
201100064063;0;7;0;0;1;2;1;A01
201100064064;0;13;0;0;2;3;1;B01
201100064064;0;31;0;0;2;7;1;A01
201100064065;2;31;0;0;0;7;1;A01
201100064066;0;33;0;0;1;1;1;A01
201100064067;0;31;0;0;2;1;1;B01
201100064067;0;7;0;0;2;2;15;A01
201100064068;0;33;0;0;1;0;1;A01
201100064069;0;32;0;0;2;1;1;A01
201100064069;2;7;0;0;2;8;10;Z01
201100064070;0;10;0;0;1;3;1;A01
201100064071;0;10;0;0;2;6;23;B01
201100064071;0;30;0;1;0;1;1;A01
201100064072;0;30;0;0;2;8;1;A01
201100064072;0;30;0;0;2;1;1;B01
201100064073;0;30;0;12;0;2;1;A01
201100064074;0;32;0;0;1;2;1;A01
201100064075;0;31;0;1;2;4;1;B01
201100064075;0;7;0;0;2;1;14;A01
201100064076;0;7;0;0;2;3;17;A01
201100064076;0;30;0;0;2;6;15;B01
201100064077;0;7;0;0;1;4;4;A01
201100064078;0;32;0;0;2;1;1;A01
201100064078;0;14;0;0;2;7;1;B01
201100064079;0;10;0;9;0;1;1;A01
201100064080;0;33;0;0;0;8;1;A01
201100064081;0;7;0;0;1;1;1;A01
201100064082;1;7;0;0;1;4;4;Z01
201100064083;0;7;0;0;0;3;23;B01
201100064083;0;1;0;0;2;1;17;A01
201100064084;0;32;0;0;2;1;17;B01
201100064084;0;7;0;0;2;8;10;A01
201100064085;0;10;0;0;2;2;1;A01
201100064085;0;7;0;0;2;6;23;B01
201100064086;0;7;0;0;1;3;1;A01
201100064087;0;30;0;0;2;3;1;B01
201100064087;0;7;0;0;2;2;1;A01
201100064088;0;7;0;0;1;2;1;A01
201100064089;0;33;0;0;2;7;17;B01
201100064089;0;7;0;0;9;1;15;A01
201100064090;0;33;0;0;2;1;1;A01
201100064090;0;7;0;0;0;4;23;B01
201100064091;0;32;0;0;2;7;1;A01
201100064091;0;7;0;0;2;8;17;B01
201100064092;0;10;0;0;1;7;1;A01
201100064093;0;10;0;0;0;6;13;B01
201100064093;0;33;0;4;2;1;1;A01
201100064094;0;7;0;0;1;8;1;A01
201100064095;0;33;0;4;2;8;18;A01
201100064095;0;17;0;0;2;5;1;B01
201100064096;0;32;0;0;0;1;1;A01
201100064097;0;7;0;0;1;2;1;A01
201100064098;0;32;0;0;2;1;1;B01
201100064098;0;7;0;0;2;7;15;A01
201100064099;0;7;0;2;0;3;1;A01
201100064100;0;13;0;0;1;7;1;A01
201100064101;0;1;0;0;2;6;17;B01
201100064101;0;2;0;0;2;1;19;A01
201100064102;0;7;0;0;1;2;1;A01
201100064103;0;33;0;1;0;1;7;A01
201100064103;0;10;0;0;0;6;24;B01
201100064104;1;32;0;0;1;0;1;Z01
201100064105;0;1;0;0;2;1;1;B01
201100064105;0;14;0;0;2;5;16;A01
201100064106;0;31;0;0;2;2;2;A01
201100064106;0;10;0;0;2;6;2;B01
201100064107;0;37;0;0;2;2;1;B01
201100064107;0;1;0;0;2;1;9;A01
201100064108;0;7;0;0;2;7;16;A01
201100064108;0;34;0;0;2;1;2;B01
201100064109;0;30;0;12;0;7;14;A01
201100064110;0;2;0;12;0;1;13;A01
201100064111;0;31;0;0;2;6;1;A01
201100064111;0;7;0;0;2;3;1;B01
201100064112;0;30;0;12;0;8;13;A01
201100064113;0;14;0;6;0;1;13;A01
201100064114;0;7;0;0;2;6;15;B01
201100064114;0;2;0;0;2;2;17;A01
201100064115;0;37;0;0;2;2;17;A01
201100064115;0;1;0;0;2;8;13;B01
201100064116;0;10;0;0;2;6;1;B01
201100064116;0;7;0;0;2;1;7;A01
201100064117;0;7;0;0;2;7;1;A01
201100064117;0;33;0;0;2;1;1;B01
201100064118;0;7;0;0;2;5;1;B01
201100064118;0;7;0;1;2;1;14;A01
201100064119;0;31;0;0;2;4;15;B01
201100064119;0;7;0;0;2;3;15;A01
201100064120;0;7;0;0;2;1;2;A01
201100064120;0;30;0;0;2;4;23;B01
201100064121;1;2;0;0;1;0;1;Z01
201100064122;0;10;0;0;1;7;1;A01
201100064123;0;33;0;4;2;3;1;B01
201100064123;0;7;0;0;2;7;12;A01
201100064124;0;2;0;1;0;1;15;A01
201100064125;0;30;0;0;0;8;15;A01
201100064126;0;7;0;0;2;1;1;A01
201100064126;0;7;0;15;2;2;1;B01
201100064127;0;2;0;0;0;7;17;A01
201100064128;0;31;0;4;2;8;1;A01
201100064129;0;14;0;0;1;3;1;A01
201100064130;0;10;0;0;2;4;23;B01
201100064130;0;7;0;0;2;1;2;A01
201100064131;0;30;0;0;2;1;2;A01
201100064131;0;7;0;0;2;4;2;B01
201100064132;0;7;0;0;2;1;1;A01
201100064132;0;7;0;0;2;8;1;B01
201100064133;0;7;0;12;2;2;1;A01
201100064133;2;33;0;0;2;1;1;Z01
201100064134;0;1;0;1;0;1;14;A01
201100064135;0;10;0;0;2;2;15;A01
201100064135;0;7;0;0;2;8;23;C01
201100064135;0;7;0;0;2;6;1;B01
201100064136;0;7;0;0;2;6;10;A01
201100064136;0;30;0;0;2;1;17;B01
201100064137;1;30;0;15;0;0;14;Z01
201100064138;0;33;0;0;2;5;1;B01
201100064138;0;7;0;0;2;3;15;A01
201100064139;0;7;0;7;0;2;1;A01
201100064140;0;7;0;9;0;2;14;A01
201100064141;0;7;0;14;0;9;14;A01
201100064142;0;7;0;8;2;7;1;A01
201100064142;0;10;0;0;2;1;1;B01
201100064143;0;7;0;0;2;2;13;A01
201100064143;0;10;0;0;2;1;1;B01
201100064144;0;10;0;1;0;2;1;A01
201100064145;0;30;0;1;0;3;13;A01
201100064146;0;34;0;14;0;1;14;A01
201100064147;0;31;0;0;2;5;2;B01
201100064147;0;7;0;0;2;1;2;A01
201100064148;0;7;0;0;2;8;10;A01
201100064148;0;33;0;0;2;2;1;B01
201100064149;0;7;0;0;2;1;15;A01
201100064149;0;33;0;12;2;1;1;B01
201100064150;0;30;0;0;0;7;1;A01
201100064151;0;7;0;6;0;1;14;A01
201100064152;0;7;0;0;2;3;1;B01
201100064152;0;34;0;0;2;1;1;A01
201100064153;0;7;0;0;2;2;16;B01
201100064153;0;2;0;15;2;6;1;A01
201100064154;0;7;0;0;2;4;1;B01
201100064154;0;33;0;0;2;7;3;A01
201100064155;0;33;0;1;0;1;18;A01
201100064156;0;30;0;0;2;7;1;B01
201100064156;0;7;0;0;2;3;10;A01
201100064157;0;7;0;0;1;4;4;A01
201100064158;0;33;0;0;2;6;7;A01
201100064158;0;7;0;0;2;2;16;B01
201100064159;0;1;0;0;2;1;1;B01
201100064159;0;14;0;0;2;7;16;A01
201100064160;0;7;0;0;2;0;1;D01
201100064160;0;33;0;0;2;4;2;B01
201100064160;0;7;0;0;2;0;1;C01
201100064160;0;33;0;0;2;1;2;A01
201100064161;0;31;0;0;0;7;1;A01
201100064162;0;33;0;0;2;8;1;B01
201100064162;0;7;0;0;2;3;13;A01
201100064163;0;33;0;1;2;1;12;A01
201100064163;0;7;0;0;2;4;1;B01
201100064164;0;7;0;0;2;4;2;B01
201100064164;0;32;0;0;2;1;2;A01
201100064165;0;32;0;0;2;1;17;A01
201100064165;0;7;0;0;2;3;15;B01
201100064166;0;7;0;0;1;1;1;A01
201100064167;0;34;0;0;2;1;17;B01
201100064167;0;38;1;0;2;3;10;A01
201100064168;0;31;0;1;0;1;13;A01
201100064169;0;2;0;14;0;1;1;A01
201100064170;0;7;0;0;2;3;1;C01
201100064170;0;7;0;0;2;1;17;B01
201100064170;0;7;0;4;2;1;13;A01
201100064171;0;32;0;0;2;0;1;B01
201100064171;0;32;0;0;2;0;1;A01
201100064172;0;7;0;0;1;1;1;A01
201100064173;0;32;0;12;2;1;1;B01
201100064173;0;7;0;0;2;2;1;A01
201100064174;0;7;0;0;1;2;1;A01
201100064175;0;30;0;2;0;2;14;A01
201100064176;0;30;0;1;2;1;1;B01
201100064176;0;7;0;0;2;3;13;A01
201100064177;0;10;0;0;1;6;4;A01
201100064178;0;2;0;0;1;2;1;A01