num_acc;senc;catv;occutc;obs;obsm;choc;manv;num_veh
201100064179;0;32;0;11;0;1;1;A01
201100064180;0;7;0;0;2;3;15;B01
201100064180;0;33;0;0;2;1;17;A01
201100064181;0;7;0;0;2;6;1;B01
201100064181;0;7;0;0;2;1;1;A01
201100064182;0;7;0;4;0;3;1;A01
201100064183;0;7;0;0;2;6;23;A01
201100064183;0;10;0;0;2;2;2;B01
201100064184;0;7;0;6;0;3;13;A01
201100064185;0;10;0;0;2;2;15;A01
201100064185;0;7;0;9;2;7;1;B01
201100064186;0;7;0;1;2;2;1;B01
201100064186;0;33;0;14;2;7;1;A01
201100064187;0;34;0;5;1;1;1;A01
201100064188;0;7;0;4;0;8;14;A01
201100064189;0;7;0;0;2;6;15;A01
201100064189;0;2;0;0;2;1;1;B01
201100064190;0;7;0;0;2;8;1;B01
201100064190;0;10;0;0;2;7;16;A01
201100064191;0;33;0;0;2;1;1;B01
201100064191;0;10;0;0;2;3;15;A01
201100064192;0;32;0;0;0;8;1;A01
201100064193;0;33;0;0;2;1;16;B01
201100064193;0;7;0;0;2;2;1;A01
201100064194;0;1;0;0;1;1;1;A01
201100064195;0;7;0;0;2;6;1;B01
201100064195;0;31;0;0;2;1;1;A01
201100064196;0;7;0;0;1;3;15;A01
201100064197;0;10;0;0;0;6;15;B01
201100064197;0;33;0;0;2;1;1;A01
201100064198;0;7;0;0;1;1;1;A01
201100064199;0;7;0;8;0;9;1;A01
201100064200;0;7;0;0;2;8;22;A01
201100064200;0;30;0;0;2;1;1;B01
201100064201;0;33;0;3;0;2;1;A01
201100064202;0;30;0;0;2;1;1;B01
201100064202;0;7;0;0;2;8;9;A01
201100064203;0;7;0;0;2;3;15;A01
201100064203;0;34;0;0;2;3;1;B01
201100064204;0;7;0;0;1;2;1;A01
201100064205;0;7;0;0;0;6;23;B01
201100064205;0;7;0;0;0;7;23;C01
201100064205;0;33;0;0;2;1;3;A01
201100064206;0;33;0;8;0;1;1;A01
201100064207;0;32;0;0;2;2;1;A01
201100064207;0;14;0;0;2;3;1;B01
201100064208;0;1;0;0;2;8;13;B01
201100064208;0;34;0;0;2;2;17;A01
201100064209;0;2;0;12;0;1;1;A01
201100064210;0;30;0;0;2;8;1;B01
201100064210;0;7;0;0;2;3;5;A01
201100064211;0;7;0;0;1;2;1;A01
201100064212;0;1;0;0;2;1;17;A01
201100064212;0;1;0;0;2;4;1;B01
201100064213;0;34;0;0;2;1;1;A01
201100064213;0;7;0;0;2;3;1;B01
201100064214;0;7;0;0;2;4;23;E01
201100064214;0;7;0;0;2;4;23;B01
201100064214;0;7;0;0;2;4;23;C01
201100064214;1;7;0;0;2;4;23;D01
201100064214;0;7;0;0;2;1;1;A01
201100064215;0;7;0;0;2;8;22;A01
201100064215;0;1;0;0;2;7;17;B01
201100064216;0;34;0;0;1;0;1;A01
201100064217;0;30;0;0;2;8;1;B01
201100064217;0;10;0;0;2;2;15;A01
201100064218;0;7;0;0;2;2;1;A01
201100064218;0;3;0;0;2;8;13;B01
201100064219;1;33;0;0;1;1;1;Z01
201100064220;0;7;0;12;0;3;1;A01
201100064221;0;7;0;0;2;6;1;B01
201100064221;0;38;43;0;2;2;1;A01
201100064222;0;2;0;0;0;2;13;A01
201100064223;0;33;0;9;0;1;1;A01
201100064224;0;14;0;0;2;5;1;A01
201100064224;0;31;0;0;2;3;18;B01
201100064225;0;7;0;0;1;7;7;A01
201100064226;0;7;0;0;2;2;9;B01
201100064226;0;33;0;1;2;8;1;A01
201100064227;0;14;0;0;2;1;16;A01
201100064227;0;31;0;0;2;8;14;B01
201100064228;0;32;0;0;2;1;1;B01
201100064228;0;7;0;0;2;2;15;A01
201100064229;1;7;0;0;1;2;1;A01
201100064230;0;2;0;0;1;1;7;A01
201100064231;0;7;0;0;1;3;1;A01
201100064232;0;33;0;0;0;1;1;A01
201100064233;0;33;0;0;1;2;17;A01
201100064234;0;7;0;2;0;1;1;A01
201100064235;0;33;0;0;2;1;2;A01
201100064235;0;7;0;0;2;4;2;B01
201100064236;0;15;0;0;1;2;16;A01
201100064237;0;10;0;14;2;8;15;A01
201100064237;0;31;0;8;2;1;17;B01
201100064238;0;7;0;0;2;2;1;A01
201100064238;0;32;0;0;2;8;1;B01
201100064239;0;1;0;12;0;0;14;A01
201100064240;0;7;0;12;2;7;1;A01
201100064240;0;7;0;0;2;1;1;B01
201100064241;0;34;0;0;1;1;7;A01
201100064242;0;7;0;0;1;2;1;A01
201100064243;0;32;0;0;2;4;23;B01
201100064243;0;7;0;0;2;3;2;A01
201100064244;0;31;0;0;2;8;21;A01
201100064245;0;7;0;0;2;1;1;B01
201100064245;0;2;0;1;2;7;1;A01
201100064246;0;10;0;0;1;1;1;A01
201100064247;0;7;0;0;2;4;2;C01
201100064247;0;7;0;0;2;1;2;A01
201100064247;0;7;0;0;2;4;2;B01
201100064248;0;7;0;15;1;2;1;A01
201100064249;0;7;0;0;2;3;15;B01
201100064249;0;30;0;0;2;7;17;A01
201100064250;0;7;0;0;2;2;15;A01
201100064250;0;33;0;0;2;1;1;B01
201100064250;0;10;0;0;2;3;1;C01
201100064251;0;7;0;0;1;2;1;A01
201100064252;0;7;0;1;0;1;14;A01
201100064253;0;10;0;0;1;2;1;A01
201100064254;0;30;0;0;2;1;1;A01
201100064254;0;10;0;0;2;8;1;B01
201100064255;0;7;0;0;2;1;1;B01
201100064255;0;34;0;0;2;5;1;A01
201100064256;0;2;0;12;0;7;14;A01
201100064257;0;1;0;0;2;1;13;A01
201100064257;0;37;0;0;2;2;7;B01
201100064258;0;7;0;3;0;1;14;A01
201100064259;0;31;0;7;2;7;1;A01
201100064259;0;7;0;0;2;3;1;B01
201100064260;0;33;0;0;2;1;1;B01
201100064260;0;7;0;0;2;7;15;A01
201100064261;0;30;0;0;2;1;1;B01
201100064261;0;7;0;0;2;7;15;A01
201100064262;0;1;0;0;0;0;1;A01
201100064263;0;37;22;0;1;0;7;A01
201100064264;0;32;0;4;0;8;1;A01
201100064265;0;3;0;0;1;1;16;A01
201100064266;0;7;0;0;1;2;1;A01
201100064267;0;2;0;8;0;7;1;A01
201100064268;0;1;0;0;2;7;2;A01
201100064268;0;1;0;0;2;8;2;B01
201100064269;0;33;0;0;2;1;7;B01
201100064269;0;7;0;0;2;5;16;A01
201100064270;0;7;0;0;1;1;1;A01
201100064271;0;1;0;0;2;1;1;C01
201100064271;0;7;0;0;2;2;16;A01
201100064271;0;7;0;0;2;8;7;B01
201100064272;0;1;0;0;0;0;21;A01
201100064273;0;32;0;0;2;2;17;A01
201100064273;0;10;0;0;2;8;15;B01
201100064274;0;34;0;0;1;1;1;A01
201100064275;0;33;0;0;1;1;7;A01
201100064276;0;15;0;0;2;1;2;A01
201100064276;0;10;0;0;2;4;2;B01
201100064277;0;7;0;0;2;1;1;A01
201100064277;0;7;0;0;2;1;1;B01
201100064278;0;7;0;0;2;3;15;A01
201100064278;0;34;0;0;2;1;1;B01
201100064279;0;33;0;0;1;1;5;A01
201100064280;0;30;0;1;2;1;14;A01
201100064280;0;30;0;0;2;0;1;B01
201100064281;0;34;0;0;2;8;5;A01
201100064281;0;10;0;0;2;8;15;B01
201100064282;0;10;0;0;2;0;1;C01
201100064282;0;7;0;0;2;5;4;B01
201100064282;0;33;0;0;2;1;1;A01
201100064283;0;32;0;0;2;1;1;A01
201100064283;0;10;0;0;2;3;9;B01
201100064284;0;7;0;0;2;6;23;B01
201100064284;0;32;0;0;2;2;2;A01
201100064285;0;37;0;0;1;7;1;A01
201100064286;0;7;0;0;2;3;10;A01
201100064286;0;33;0;0;2;1;17;B01
201100064287;0;34;0;12;0;1;1;A01
201100064288;0;7;0;0;2;2;1;B01
201100064288;0;33;0;0;2;1;1;A01
201100064289;0;10;0;0;2;6;15;B01
201100064289;0;33;0;0;2;8;17;A01
201100064290;0;31;0;0;1;1;1;A01
201100064291;0;33;0;0;1;1;1;A01
201100064292;0;7;0;0;2;3;1;A01
201100064292;0;37;3;0;2;3;1;B01
201100064293;0;1;0;0;2;2;1;B01
201100064293;0;7;0;0;2;3;9;A01
201100064294;0;7;0;0;2;8;22;A01
201100064294;0;1;0;0;2;7;7;B01
201100064295;0;1;0;0;2;8;19;B01
201100064295;0;14;0;0;2;1;16;A01
201100064296;0;32;0;0;1;2;1;A01
201100064297;0;10;0;0;1;1;1;A01
201100064298;0;7;0;0;2;2;10;A01
201100064298;0;33;0;0;2;1;1;B01
201100064299;0;10;0;0;1;2;1;A01
201100064300;0;13;0;0;1;6;4;A01
201100064301;0;7;0;9;0;9;1;A01
201100064302;0;33;0;14;0;1;1;A01
201100064303;0;32;0;0;0;0;21;A01
201100064304;0;7;0;0;2;8;1;B01
201100064304;0;32;0;0;2;1;15;A01
201100064305;0;31;0;0;2;1;1;B01
201100064305;0;15;0;0;2;6;1;A01
201100064306;0;10;0;0;1;2;1;A01
201100064307;0;7;0;0;2;3;11;A01
201100064307;0;33;0;0;2;1;3;B01
201100064308;0;7;0;0;1;2;1;A01
201100064309;0;7;0;0;2;2;1;C01
201100064309;0;7;0;0;2;3;15;A01
201100064309;0;10;0;0;2;5;7;B01
201100064310;0;33;0;0;1;7;1;A01
201100064311;0;7;0;0;2;4;23;C01
201100064311;0;7;0;0;2;4;23;B01
201100064311;0;7;0;0;2;1;2;A01
201100064312;0;7;0;0;2;1;2;A01
201100064312;0;33;0;0;2;4;23;B01
201100064313;0;10;0;0;2;1;2;A01
201100064313;0;7;0;0;2;4;23;B01
201100064314;0;31;0;0;1;8;1;A01
201100064315;0;7;0;1;2;6;23;B01
201100064315;0;7;0;0;2;6;23;C01
201100064315;0;7;0;0;2;2;2;A01
201100064316;0;7;0;0;2;2;15;A01
201100064316;0;33;0;0;2;1;1;B01
201100064317;0;33;0;0;2;0;3;A01
201100064317;0;7;0;0;2;0;12;B01
201100064318;0;7;0;0;2;1;1;A01
201100064318;0;7;0;12;2;7;1;B01
201100064319;0;7;0;0;1;1;15;A01
201100064320;0;30;0;0;2;1;1;A01
201100064320;0;32;0;0;2;3;1;B01
201100064321;0;7;0;2;0;1;1;A01
201100064322;0;7;0;0;1;1;1;A01
201100064323;0;2;0;0;2;2;1;A01
201100064323;0;7;0;14;2;3;1;B01
201100064324;1;7;0;0;1;8;1;Z01
201100064325;0;10;0;0;1;4;4;A01
201100064326;0;32;0;0;1;2;1;A01
201100064327;0;32;0;0;2;6;1;B01
201100064327;0;30;0;0;2;1;15;A01
201100064328;0;13;0;0;2;2;16;A01
201100064328;0;33;0;0;2;8;1;B01
201100064328;1;7;0;10;2;2;12;Z01
201100064329;0;7;0;0;2;2;10;A01
201100064329;0;33;0;0;2;1;1;B01
201100064330;0;7;0;0;1;1;15;A01
201100064331;1;7;0;0;2;3;1;Z01
201100064331;0;7;0;8;2;8;1;A01
201100064332;0;7;0;0;1;1;1;A01
201100064333;1;7;0;0;2;1;2;Z01
201100064333;0;7;0;0;2;4;2;A01
201100064334;0;7;0;4;0;2;14;A01
201100064335;0;30;0;4;0;1;13;A01
201100064336;0;7;0;0;2;2;1;A01
201100064336;0;10;0;0;2;6;1;B01
201100064337;0;7;0;0;2;3;11;A01
201100064337;0;33;0;0;2;2;1;B01
201100064338;0;7;0;0;1;2;1;A01
201100064339;0;7;0;4;0;2;14;A01
201100064340;0;14;0;0;2;2;1;B01
201100064340;0;10;0;0;2;1;2;C01
201100064340;0;7;0;4;2;8;2;D01
201100064340;0;7;0;0;2;6;11;A01
201100064341;0;7;0;0;2;4;2;B01
201100064341;0;14;0;0;2;1;2;A01
201100064342;0;10;0;0;2;2;1;B01
201100064342;0;10;0;0;2;1;1;C01
201100064342;0;7;0;0;2;6;11;A01
201100064343;0;10;0;0;2;2;2;A01
201100064343;0;7;0;0;2;6;2;B01
201100064344;0;7;0;4;0;3;13;A01
201100064345;0;33;0;0;2;7;2;A01
201100064345;0;7;0;0;2;5;2;B01
201100064346;0;17;0;0;2;2;12;A01
201100064346;0;10;0;0;2;2;1;C01
201100064346;0;7;0;0;2;6;1;B01
201100064347;0;7;0;0;2;5;2;B01
201100064347;0;31;0;0;2;3;2;A01
201100064348;0;7;0;0;2;6;1;B01
201100064348;0;17;0;0;2;2;11;A01
201100064349;0;33;0;0;2;1;3;A01
201100064349;0;10;0;0;2;6;1;B01
201100064350;0;10;0;0;2;6;2;B01
201100064350;0;7;0;0;2;8;1;C01
201100064350;0;7;0;0;2;1;2;A01
201100064351;0;7;0;0;2;2;12;A01
201100064351;0;33;0;0;2;8;3;B01
201100064352;0;10;0;0;2;1;2;A01
201100064352;0;33;0;0;2;1;2;C01
201100064352;0;7;0;0;2;1;2;B01
201100064353;0;33;0;0;5;1;3;A01
201100064354;0;31;0;0;2;3;3;B01
201100064354;0;7;0;0;2;2;12;A01
201100064355;0;7;0;0;2;1;2;A01
201100064355;0;7;0;0;2;4;2;B01
201100064356;0;33;0;0;2;1;2;A01
201100064356;0;10;0;0;2;5;2;B01
201100064357;0;7;0;0;2;7;12;B01
201100064357;0;32;0;0;2;1;3;A01
201100064358;1;7;0;0;2;8;11;Z01
201100064358;0;33;0;0;2;2;3;A01
201100064359;0;10;0;0;2;5;1;B01
201100064359;0;7;0;0;2;4;1;C01
201100064359;0;7;0;0;2;3;13;A01
201100064360;0;7;0;0;2;5;12;B01
201100064360;0;31;0;0;2;1;3;A01
201100064361;0;33;0;0;2;8;1;B01
201100064361;0;33;0;0;2;4;1;C01
201100064361;0;7;0;0;2;7;12;A01
201100064362;0;7;0;0;2;1;2;A01
201100064362;0;7;0;0;2;4;2;B01
201100064363;0;7;0;0;2;4;2;C01
201100064363;0;7;0;0;2;1;2;A01
201100064363;0;7;0;0;2;9;2;B01
201100064364;0;17;0;0;2;2;12;A01
201100064364;0;7;0;4;2;8;1;B01
201100064365;0;33;0;0;2;6;1;A01
201100064365;1;7;0;0;2;1;11;Z01
201100064366;0;7;0;0;2;6;1;B01
201100064366;0;7;0;0;2;1;1;C01
201100064366;0;17;0;0;2;2;12;A01
201100064367;0;7;0;0;2;6;1;B01
201100064367;0;31;0;0;2;1;13;A01
201100064368;0;7;0;0;2;4;1;B01
201100064368;0;31;0;0;2;1;3;A01
201100064369;0;7;0;0;2;4;2;B01
201100064369;0;7;0;0;2;1;2;A01
201100064370;0;7;0;4;0;1;14;A01
201100064371;0;33;0;0;2;3;1;B01
201100064371;0;7;0;0;2;6;11;A01
201100064372;0;7;0;0;2;6;11;B01
201100064372;0;33;0;12;2;1;3;A01
201100064373;0;14;0;0;2;1;2;A01
201100064373;0;7;0;0;2;4;23;B01
201100064374;0;7;0;0;2;2;2;C01
201100064374;0;7;0;0;2;1;2;A01
201100064374;0;7;0;0;2;5;2;B01
201100064375;0;7;0;0;2;3;1;C01
201100064375;0;7;0;0;2;7;12;A01
201100064375;0;31;0;0;2;8;3;B01
201100064376;0;33;0;0;2;1;2;A01
201100064376;0;7;0;0;2;4;2;B01
201100064377;0;33;0;0;2;1;2;A01
201100064377;0;10;0;0;2;6;2;B01
201100064378;0;7;0;0;2;1;2;A01
201100064378;0;10;0;0;2;4;23;B01
201100064379;0;7;0;0;2;4;2;B01
201100064379;0;7;0;0;2;1;2;A01
201100064380;0;10;0;0;2;7;12;A01
201100064380;0;33;0;0;2;8;3;B01
201100064381;0;33;0;0;2;1;3;A01
201100064381;1;10;0;0;0;0;12;Z01
201100064382;0;32;0;0;2;3;3;A01
201100064382;0;7;0;0;2;2;14;B01
201100064383;0;31;0;0;9;1;3;A01
201100064384;1;7;0;0;0;0;0;Z01
201100064384;0;7;0;4;2;5;1;A01
201100064385;0;7;0;0;2;1;1;A01
201100064385;0;7;0;0;2;4;23;C01
201100064385;0;7;0;0;2;4;23;B01
201100064386;0;7;0;0;2;9;1;A01
201100064386;0;7;0;0;2;4;1;B01
201100064386;1;7;0;0;2;1;1;Z01
201100064387;0;32;0;0;2;8;11;A01
201100064387;0;7;0;0;0;7;1;B01
201100064388;0;33;0;0;2;1;1;A01
201100064388;0;10;0;0;0;4;12;B01
201100064389;0;10;0;0;2;5;1;C01
201100064389;0;7;0;0;2;1;1;A01
201100064389;0;7;0;0;2;4;1;B01
201100064390;0;7;0;0;0;4;1;B01
201100064390;0;33;0;0;2;1;1;A01
201100064391;0;7;0;0;2;4;1;B01
201100064391;0;34;0;0;2;1;14;A01
201100064392;0;33;0;0;0;0;21;A01
201100064393;0;7;0;0;2;2;1;C01
201100064393;0;31;0;0;2;7;3;A01
201100064393;0;10;0;0;2;6;1;B01
201100064394;0;33;0;0;2;3;3;A01
201100064394;0;7;0;0;2;4;1;C01
201100064394;0;7;0;0;2;2;12;B01
201100064395;0;31;0;0;0;8;3;A01
201100064396;0;7;0;0;2;2;12;B01
201100064396;0;33;0;0;2;8;3;A01
201100064397;0;31;0;0;2;1;2;A01
201100064397;0;7;0;0;2;4;2;B01
201100064398;0;7;0;0;2;3;1;A01
201100064398;0;7;0;0;2;5;1;B01
201100064398;0;10;0;0;2;3;1;C01
201100064399;0;7;0;0;0;4;23;B01
201100064399;0;34;0;0;2;4;23;A01
201100064399;1;7;0;0;2;1;1;Z01
201100064400;0;33;0;0;2;3;2;A01
201100064400;0;10;0;0;2;5;2;B01
201100064401;0;7;0;0;2;4;1;C01
201100064401;0;7;0;0;2;1;1;A01
201100064401;0;7;0;0;0;4;1;D01
201100064401;0;7;0;0;2;4;1;B01
201100064402;0;7;0;0;2;1;2;A01
201100064402;0;7;0;0;2;4;2;B01
201100064403;0;17;0;0;2;1;2;A01
201100064403;0;7;0;0;2;4;23;B01
201100064404;0;7;0;0;2;7;1;D01
201100064404;0;7;0;0;2;7;23;B01
201100064404;0;31;0;0;2;7;3;A01
201100064404;0;7;0;0;2;6;23;C01
201100064405;0;17;0;0;2;2;12;A01
201100064405;0;7;0;4;2;8;1;B01
201100064406;0;10;0;0;2;4;2;C01
201100064406;0;10;0;0;2;1;2;A01
201100064406;0;7;0;0;2;4;2;B01
201100064407;0;32;0;0;2;2;1;A01
201100064407;1;7;0;0;2;6;13;Z01
201100064408;0;7;0;4;2;3;2;A01
201100064408;0;7;0;0;2;6;2;B01
201100064409;0;32;0;0;0;7;1;A01
201100064410;0;7;0;0;2;4;2;B01
201100064410;0;7;0;0;2;3;2;A01
201100064411;0;33;0;0;2;3;1;A01
201100064411;1;7;0;0;2;5;14;Z01
201100064412;0;7;0;0;2;1;2;C01
201100064412;0;7;0;0;2;1;2;A01
201100064412;0;10;0;0;2;4;2;B01
201100064413;0;34;0;0;2;1;3;A01
201100064413;0;7;0;0;2;5;1;B01
201100064414;0;7;0;0;2;4;2;E01
201100064414;0;7;0;0;2;1;2;A01
201100064414;0;7;0;0;2;4;2;B01
201100064414;0;7;0;0;2;4;2;C01
201100064414;0;7;0;0;2;4;2;D01
201100064415;0;7;0;0;2;7;1;B01
201100064415;0;33;0;0;2;8;3;A01
201100064416;0;31;0;0;2;2;3;A01
201100064416;0;7;0;0;2;3;11;B01
201100064417;0;33;0;0;2;8;11;A01
201100064417;0;7;0;0;2;6;1;C01
201100064417;0;33;0;6;2;7;21;B01
201100064418;0;10;0;0;0;5;1;B01
201100064418;0;32;0;0;2;1;1;A01
201100064419;0;33;0;0;2;2;2;A01
201100064419;0;7;0;0;2;6;2;B01
201100064420;0;31;0;0;2;1;3;A01
201100064420;0;7;0;0;2;5;1;B01
201100064421;0;32;0;0;2;3;11;A01
201100064421;0;7;0;0;2;7;1;B01
201100064422;2;7;0;0;2;3;1;Z01
201100064422;0;7;0;0;0;4;1;A01
201100064423;2;7;0;0;2;3;1;Z02
201100064423;0;7;0;0;0;4;23;E01
201100064423;0;7;0;0;2;5;23;C01
201100064423;0;10;0;0;2;8;23;B01
201100064423;0;7;0;0;2;8;23;D01
201100064423;0;7;0;0;2;5;23;A01
201100064424;0;2;0;12;0;1;16;A01
201100064425;0;7;0;0;2;1;1;A01
201100064425;0;7;0;0;0;4;23;C01
201100064425;0;7;0;0;2;4;23;B01
201100064426;0;7;0;0;2;2;12;B01
201100064426;0;31;0;0;2;3;3;A01
201100064427;1;7;0;0;2;4;12;Z01
201100064427;0;33;0;0;2;1;1;A01
201100064428;0;32;0;0;2;1;2;A01
201100064428;0;7;0;0;2;4;23;B01
201100064429;0;7;0;0;2;2;12;B01
201100064429;0;31;0;0;2;3;3;A01
201100064430;0;7;0;4;0;2;14;A01
201100064431;0;33;0;0;0;8;1;A01
201100064432;0;7;0;0;2;5;1;C01
201100064432;0;7;0;0;2;3;1;B01
201100064432;0;31;0;0;2;7;3;A01
201100064433;0;10;0;0;2;1;2;A01
201100064433;0;31;0;0;2;1;2;C01
201100064433;0;7;0;0;2;4;2;B01
201100064434;0;7;0;0;2;1;2;A01
201100064434;0;7;0;0;2;4;2;B01
201100064434;0;7;0;0;2;1;2;D01
201100064434;0;7;0;0;2;1;2;C01
201100064435;0;33;0;0;2;3;3;B01
201100064435;0;7;0;0;2;2;12;A01
201100064436;0;7;0;0;2;4;23;B01
201100064436;0;17;0;0;2;1;2;A01
201100064437;0;7;0;0;2;1;2;A01
201100064437;0;7;0;0;2;4;2;B01
201100064438;0;14;0;0;2;1;1;A01
201100064438;0;32;0;0;2;4;1;B01
201100064439;0;7;0;0;2;1;2;A01
201100064439;0;7;0;0;2;4;23;C01
201100064439;0;7;0;0;2;4;23;B01
201100064440;0;32;0;0;2;8;3;A01
201100064440;0;7;0;0;2;2;12;B01
201100064441;0;7;0;0;2;4;2;B01
201100064441;0;7;0;0;2;4;2;C01
201100064441;1;7;0;0;2;1;2;Z01
201100064441;0;7;0;0;2;1;2;D01
201100064441;0;33;0;0;2;4;2;A01
201100064442;0;7;0;0;2;4;23;B01
201100064442;0;7;0;0;2;1;2;A01
201100064443;0;10;0;0;2;1;2;A01
201100064443;0;7;0;0;2;4;23;B01
201100064443;0;7;0;0;2;4;23;C01
201100064444;0;31;0;0;2;1;3;A01
201100064444;0;7;0;0;2;3;11;B01
201100064445;0;7;0;0;2;4;2;C01
201100064445;0;7;0;0;2;1;2;A01
201100064445;0;7;0;0;2;4;2;B01
201100064446;1;7;0;0;2;0;12;Z01
201100064446;0;33;0;0;2;8;1;A01
201100064447;0;33;0;0;0;0;21;A01
201100064448;0;7;0;0;2;1;2;A01
201100064448;0;7;0;0;2;4;2;B01
201100064449;0;33;0;0;2;2;3;B01
201100064449;0;33;0;0;2;6;11;A01
201100064450;0;32;0;0;2;1;11;A01
201100064450;0;10;0;0;2;7;1;C01
201100064450;0;7;0;0;2;5;12;B01
201100064451;0;7;0;0;2;3;11;A01
201100064451;0;34;0;0;2;5;1;B01
201100064452;0;17;0;0;2;6;2;B01
201100064452;0;33;0;0;2;0;2;A01
201100064453;0;7;0;0;2;4;23;C01
201100064453;0;7;0;0;2;4;2;B01
201100064453;0;7;0;0;2;1;2;A01
201100064454;0;31;0;0;2;8;3;A01
201100064454;0;7;0;0;2;7;1;B01
201100064455;0;17;0;0;2;2;14;A01
201100064455;0;7;0;0;2;6;1;B01
201100064456;0;7;0;0;2;4;23;C01
201100064456;0;7;0;0;2;1;2;A01
201100064456;0;7;0;0;2;4;23;B01
201100064457;0;10;0;0;2;3;1;A01
201100064457;0;33;0;0;2;4;1;B01
201100064457;0;32;0;0;0;4;1;C01
201100064458;0;31;0;0;2;1;1;A01
201100064458;0;7;0;0;0;4;23;B01
201100064459;0;33;0;0;0;8;1;A01
201100064460;0;13;0;0;2;1;2;A01
201100064460;0;7;0;0;2;4;23;C01
201100064460;0;7;0;0;2;4;23;B01
201100064461;0;17;0;4;2;6;1;B01
201100064461;0;7;0;0;2;2;12;A01
201100064462;0;7;0;0;2;2;12;A01
201100064462;0;33;0;4;2;8;3;B01
201100064463;0;7;0;0;2;1;1;A01
201100064463;0;10;0;0;0;4;1;C01
201100064463;0;7;0;0;2;6;1;B01
201100064464;0;7;0;0;2;4;1;B01
201100064464;0;7;0;0;2;1;1;A01
201100064465;0;34;0;0;0;3;3;B01
201100064465;0;7;0;0;2;5;12;A01
201100064466;0;31;0;0;2;1;1;C01
201100064466;0;7;0;0;2;2;16;A01
201100064466;0;7;0;0;2;3;1;B01
201100064467;0;31;0;4;0;1;13;A01
201100064468;0;7;0;2;2;7;12;A01
201100064468;0;33;0;0;2;3;3;B01
201100064468;0;7;0;0;1;4;1;C01
201100064469;0;10;0;0;2;1;1;A01
201100064469;0;33;0;0;2;4;1;B01
201100064470;0;7;0;0;0;4;1;B01
201100064470;0;10;0;0;2;1;1;C01
201100064470;0;7;0;0;2;1;1;A01
201100064471;0;7;0;0;2;2;1;B01
201100064471;0;33;0;0;2;3;3;A01
201100064472;0;7;0;1;0;5;1;B01
201100064472;0;33;0;0;2;1;1;A01
201100064473;0;7;0;0;2;8;1;A01
201100064473;0;33;0;0;2;5;3;C01
201100064473;0;7;0;0;2;7;1;B01
201100064473;1;7;0;0;2;0;11;Z01
201100064474;0;7;0;0;2;6;1;B01
201100064474;0;33;0;0;2;1;11;A01
201100064475;0;33;0;0;0;0;3;A01
201100064476;1;7;0;0;2;3;11;Z01
201100064476;0;33;0;0;2;2;1;A01
201100064476;0;7;0;0;2;4;1;B01
201100064477;0;33;0;0;2;7;3;A01
201100064477;0;7;0;0;2;8;1;B01
201100064478;0;33;0;0;0;8;21;A01
201100064479;1;10;0;0;0;0;11;Z01
201100064479;0;33;0;0;2;7;3;A01
201100064479;0;7;0;0;2;7;1;B01
201100064480;0;7;0;0;0;4;1;B01
201100064480;0;7;0;0;0;1;23;C01
201100064480;0;7;0;0;2;1;1;A01
201100064481;0;31;0;0;2;7;17;A01
201100064481;0;7;0;0;2;8;13;B01
201100064482;1;7;0;0;0;0;12;Z01
201100064482;0;33;0;0;2;8;1;A01
201100064483;0;17;0;0;2;2;1;A01
201100064483;0;7;0;4;0;8;9;B01
201100064484;0;7;0;4;0;5;1;A01
201100064485;0;7;0;0;2;1;1;A01
201100064485;0;10;0;0;0;4;1;B01
201100064486;0;10;0;0;2;1;1;A01
201100064486;0;7;0;0;0;4;1;B01
201100064487;0;33;0;0;0;7;21;A01
201100064488;0;10;0;0;0;4;1;B01
201100064488;0;7;0;0;2;1;1;A01
201100064489;0;31;0;0;0;7;1;A01
201100064490;0;33;0;0;0;7;3;A01
201100064491;0;34;0;0;2;1;2;A01
201100064491;0;7;0;0;2;4;2;B01
201100064491;1;7;0;0;2;4;2;C01
201100064492;0;10;0;0;2;4;23;C01
201100064492;0;10;0;0;2;4;2;B01
201100064492;0;7;0;0;2;1;2;A01
201100064493;0;34;0;0;2;1;1;C01
201100064493;0;7;0;0;2;6;23;B01
201100064493;0;34;0;0;2;1;2;A01
201100064494;0;33;0;0;2;3;3;A01
201100064494;0;7;0;0;2;5;23;B01
201100064495;0;7;0;0;2;3;1;C01
201100064495;0;32;0;0;2;6;3;A01
201100064495;0;7;0;0;2;2;12;B01
201100064496;0;7;0;0;2;4;23;B01
201100064496;0;7;0;0;2;4;23;C01
201100064496;0;7;0;0;2;1;2;A01
201100064497;0;31;0;0;2;8;2;A01
201100064497;0;10;0;0;2;5;23;B01
201100064497;0;31;0;0;2;1;1;C01
201100064498;0;33;0;0;2;8;1;B01
201100064498;0;7;0;0;2;2;12;A01
201100064499;0;33;0;0;2;1;1;B01
201100064499;0;7;0;0;0;8;11;A01
201100064500;0;33;0;0;2;2;1;B01
201100064500;0;7;0;0;0;6;11;A01
201100064501;0;33;0;0;2;4;2;B01
201100064501;0;7;0;0;0;4;2;C01
201100064501;0;10;0;0;2;1;2;A01
201100064502;1;33;0;0;2;8;13;Z01
201100064502;0;31;0;0;2;2;3;A01
201100064503;0;7;0;0;2;8;11;A01