num_acc;senc;catv;occutc;obs;obsm;choc;manv;num_veh
201100065116;0;36;0;0;0;1;1;A01
201100065117;0;7;0;0;2;3;15;A01
201100065117;0;33;0;0;2;1;17;B02
201100065118;0;7;0;0;1;3;1;A01
201100065119;0;33;0;0;0;1;0;A01
201100065119;0;7;0;0;2;8;0;B02
201100065120;0;30;0;0;0;4;20;A01
201100065121;0;33;0;16;2;3;1;B02
201100065121;0;7;0;0;0;0;17;A01
201100065122;0;7;0;10;0;2;1;A01
201100065123;0;14;0;0;0;3;2;B02
201100065123;0;7;0;0;0;5;17;A01
201100065124;0;7;0;0;0;4;15;B02
201100065124;0;7;0;0;2;3;2;A01
201100065125;0;30;0;0;2;0;14;B02
201100065125;0;7;0;0;0;6;1;A01
201100065126;0;7;0;0;0;1;0;B02
201100065126;0;7;0;0;0;1;0;C03
201100065126;0;30;0;0;0;4;0;A01
201100065127;0;7;0;0;2;6;1;C03
201100065127;0;7;0;0;2;1;19;A01
201100065127;0;7;0;0;2;3;1;B02
201100065128;0;99;0;0;2;1;1;B02
201100065128;0;7;0;0;0;0;17;A01
201100065129;0;7;0;0;0;4;23;B02
201100065129;0;7;0;1;0;1;1;A01
201100065130;0;2;0;0;2;1;1;B02
201100065130;0;14;0;0;2;3;20;A01
201100065131;0;7;0;3;0;1;1;A01
201100065132;0;7;0;0;2;3;0;A01
201100065132;0;30;0;0;2;2;0;B02
201100065133;0;30;0;0;0;0;1;A01
201100065134;0;30;0;0;2;1;15;A01
201100065134;0;7;0;0;2;2;1;B02
201100065135;0;7;0;0;2;3;1;B02
201100065135;0;7;0;0;2;3;13;A01
201100065136;0;7;0;0;2;1;15;A01
201100065136;0;31;0;0;2;1;1;B02
201100065137;0;31;0;0;2;1;13;A01
201100065137;0;7;0;0;2;3;1;B02
201100065138;0;7;0;0;1;3;21;A01
201100065139;0;1;0;0;0;0;0;B02
201100065139;0;7;0;0;2;2;1;A01
201100065140;0;10;0;0;1;1;1;A01
201100065141;0;7;0;0;1;3;1;A01
201100065142;0;7;0;0;2;1;1;A01
201100065142;0;7;0;0;2;1;1;B02
201100065143;0;1;0;0;0;4;1;B02
201100065143;0;7;0;0;2;2;1;A01
201100065144;0;7;0;0;1;2;1;A01
201100065145;0;7;0;0;0;1;1;A01
201100065145;0;2;0;0;0;1;13;B02
201100065146;0;7;0;13;2;0;21;C03
201100065146;0;7;0;0;2;3;13;A01
201100065146;0;7;0;0;2;3;1;B02
201100065147;0;7;0;0;2;1;1;B02
201100065147;0;7;0;0;2;1;13;A01
201100065148;0;7;0;0;1;3;1;A01
201100065149;0;30;0;0;2;1;13;A01
201100065149;0;7;0;0;2;3;1;B02
201100065150;0;7;0;0;0;3;13;A01
201100065150;0;7;0;0;0;3;1;B02
201100065151;0;7;0;0;2;1;1;B02
201100065151;0;7;0;0;2;1;13;A01
201100065152;0;7;0;0;2;1;1;B02
201100065152;0;30;0;0;2;2;1;A01
201100065153;0;30;0;0;1;1;1;A01
201100065154;0;7;0;0;2;3;17;A01
201100065154;0;30;0;0;2;1;1;B02
201100065155;0;10;0;0;2;1;13;A01
201100065156;0;7;0;3;0;7;1;A01
201100065157;0;30;0;0;2;1;1;B02
201100065157;0;7;0;0;2;5;15;A01
201100065158;0;7;0;0;2;3;17;A01
201100065158;0;32;0;0;2;1;1;B02
201100065159;0;33;0;0;2;1;17;A01
201100065159;0;7;0;0;2;3;1;B02
201100065159;0;7;0;0;2;8;2;C03
201100065160;0;33;0;1;0;1;14;A01
201100065160;0;7;0;0;2;6;24;B02
201100065161;0;33;0;0;2;1;13;A01
201100065161;0;7;0;0;2;1;1;B02
201100065162;0;7;0;0;2;2;16;B02
201100065162;0;30;0;0;2;1;5;A01
201100065163;0;7;0;0;2;1;13;A01
201100065163;0;7;0;0;2;3;1;B02
201100065164;0;7;0;0;2;1;1;B02
201100065164;0;7;0;0;2;1;5;A01
201100065165;0;7;0;0;2;3;1;B02
201100065165;0;7;0;0;2;3;17;A01
201100065166;0;7;0;0;2;3;15;A01
201100065166;0;31;0;0;2;8;1;B02
201100065167;0;7;0;0;2;3;13;A01
201100065167;0;7;0;0;2;3;1;B02
201100065168;0;31;0;0;2;0;13;A01
201100065169;0;7;0;7;0;1;21;A01
201100065170;0;33;0;0;0;0;0;A01
201100065171;0;7;0;0;2;3;1;A01
201100065171;0;1;0;0;2;1;19;B02
201100065172;0;2;0;9;0;1;14;A01
201100065173;0;7;0;0;0;1;13;A01
201100065173;0;7;0;0;0;3;1;B02
201100065174;0;7;0;6;0;3;1;A01
201100065175;0;7;0;0;2;2;15;A01
201100065175;0;2;0;0;2;1;2;B02
201100065176;0;7;0;0;2;1;1;C03
201100065176;0;7;0;0;2;1;1;B02
201100065176;0;7;0;0;2;1;13;A01
201100065177;0;31;0;0;2;1;1;B02
201100065177;0;7;0;0;2;3;1;A01
201100065178;0;7;0;0;2;8;15;A01
201100065178;0;32;0;0;2;1;17;B02
201100065179;0;7;0;0;1;1;16;A01
201100065180;0;7;0;0;2;1;2;B02
201100065180;0;7;0;0;0;4;15;A01
201100065181;0;2;0;2;0;1;14;A01
201100065182;0;7;0;0;2;3;1;A01
201100065182;0;7;0;0;2;1;1;B02
201100065183;0;7;0;0;2;3;1;A01
201100065184;0;14;0;0;2;1;1;A01
201100065184;0;7;0;0;2;7;1;B02
201100065185;0;7;0;12;1;1;1;A01
201100065186;0;7;0;0;2;1;13;B02
201100065186;0;7;0;0;2;1;13;A01
201100065187;0;7;0;0;0;8;1;A01
201100065187;0;1;0;0;2;1;5;B02
201100065188;0;7;0;0;2;7;15;A01
201100065188;0;33;0;0;2;1;1;B02
201100065189;0;7;0;0;1;2;1;A01
201100065190;0;2;0;0;2;1;1;B02
201100065190;0;7;0;0;2;0;13;A01
201100065191;0;7;0;2;0;1;2;A01
201100065192;0;7;0;0;1;2;13;A01
201100065193;0;31;0;0;2;1;13;A01
201100065193;0;7;0;0;2;3;1;B02
201100065194;0;7;0;0;2;7;12;A01
201100065194;0;33;0;2;2;7;5;B02
201100065194;0;30;0;0;2;0;1;C03
201100065195;0;14;0;6;0;9;17;A01
201100065196;0;10;0;0;1;2;1;A01
201100065197;0;38;0;0;2;3;1;A01
201100065197;0;33;0;0;2;1;5;B02
201100065198;0;7;0;0;2;2;13;A01
201100065198;0;7;0;0;2;2;1;B02
201100065199;0;7;0;0;2;7;13;A01
201100065199;0;7;0;0;2;1;1;B02
201100065200;0;7;0;0;2;1;1;B02
201100065200;0;7;0;0;2;2;13;A01
201100065201;0;7;0;0;2;3;1;B02
201100065201;0;31;0;0;2;9;17;A01
201100065202;0;7;0;0;2;1;1;B02
201100065202;0;7;0;0;2;7;13;A01
201100065203;0;7;0;0;1;3;1;A01
201100065204;0;7;0;0;1;3;1;A01
201100065205;0;7;0;0;2;1;0;A01
201100065205;0;7;0;0;2;3;0;C03
201100065205;0;7;0;0;2;3;0;B02
201100065206;0;7;0;0;2;2;17;A01
201100065206;0;7;0;0;2;6;1;B02
201100065207;0;38;0;0;1;1;1;A01
201100065208;0;7;0;0;2;3;1;C03
201100065208;0;7;0;0;2;3;13;A01
201100065208;0;7;0;0;2;3;1;B02
201100065209;1;7;0;0;1;0;2;A01
201100065210;0;7;0;0;0;8;0;A01
201100065211;0;7;0;0;2;1;13;A01
201100065211;0;7;0;0;2;1;1;B02
201100065212;0;7;0;0;2;3;15;A01
201100065212;0;2;0;0;2;1;1;B02
201100065213;0;7;0;0;1;2;1;A01
201100065214;0;7;0;0;2;1;13;A01
201100065214;0;7;0;0;2;1;1;B02
201100065215;0;7;0;0;2;2;17;A01
201100065215;0;7;0;0;2;1;1;B02
201100065216;0;7;0;0;0;2;1;B02
201100065216;0;1;0;0;0;4;13;A01
201100065217;0;33;0;0;0;8;1;A01
201100065217;0;7;0;0;0;7;23;C03
201100065217;0;7;0;0;0;4;23;B02
201100065217;0;7;0;0;0;8;1;E05
201100065217;0;7;0;0;0;8;1;D04
201100065218;0;30;0;0;1;1;1;A01
201100065219;0;7;0;0;2;1;0;A01
201100065219;0;7;0;0;2;1;0;B02
201100065220;0;7;0;0;1;1;1;A01
201100065221;0;7;0;0;1;2;0;A01
201100065222;0;7;0;0;2;2;1;B02
201100065222;0;7;0;0;0;1;1;C03
201100065222;0;7;0;0;2;1;17;A01
201100065223;0;7;0;0;2;2;17;A01
201100065223;0;1;0;0;2;0;0;B02
201100065224;0;7;0;0;9;5;9;A01
201100065224;0;1;0;0;2;1;0;B02
201100065225;0;7;0;13;0;9;1;A01
201100065226;0;7;0;0;2;1;19;A01
201100065226;0;31;0;0;2;1;1;B02
201100065227;0;7;0;0;2;3;1;B02
201100065227;0;30;0;0;2;1;13;A01
201100065228;0;30;0;16;0;1;1;A01
201100065229;0;7;0;0;2;8;15;B02
201100065229;0;33;0;0;2;7;17;A01
201100065230;0;7;0;0;0;7;17;A01
201100065230;0;1;0;0;0;8;1;B02
201100065231;0;7;0;8;0;1;1;A01
201100065232;0;2;0;0;2;1;15;A01
201100065232;0;7;0;0;2;1;1;B02
201100065233;0;7;0;0;1;3;21;A01
201100065234;0;7;0;0;2;3;15;B02
201100065234;0;7;0;0;2;5;17;A01
201100065235;0;7;0;2;0;1;13;A01
201100065236;0;7;0;0;1;5;1;A01
201100065237;0;7;0;0;0;5;1;B02
201100065237;0;7;0;0;0;4;24;C03
201100065237;1;33;0;1;2;1;18;A01
201100065238;0;33;0;0;2;3;1;B02
201100065238;0;7;0;0;2;5;12;A01
201100065239;0;7;0;2;0;2;1;A01
201100065240;0;32;0;12;0;1;1;A01
201100065241;1;7;0;0;2;7;3;A01
201100065241;0;1;0;0;2;8;1;B02
201100065242;0;7;0;0;2;1;13;A01
201100065242;0;7;0;0;2;1;1;B02
201100065243;0;7;0;0;2;3;5;A01
201100065243;0;13;0;0;2;6;1;B02
201100065244;0;33;0;0;2;1;18;A01
201100065244;0;7;0;0;2;4;1;B02
201100065245;0;7;0;0;1;1;2;A01
201100065246;1;31;0;0;0;8;10;A01
201100065246;0;30;0;0;2;1;2;B02
201100065247;0;15;0;0;1;1;1;A01
201100065248;0;2;0;0;2;1;13;B02
201100065248;0;7;0;0;2;3;1;A01
201100065249;0;7;0;0;0;4;0;A01
201100065249;0;7;0;0;2;9;1;B02
201100065249;0;7;0;0;2;2;13;C03
201100065249;0;7;0;0;2;3;1;D04
201100065250;0;7;0;0;2;3;1;A01
201100065250;1;30;0;0;0;1;13;B02
201100065251;0;7;0;0;2;3;1;A01
201100065251;1;31;0;0;2;0;13;B02
201100065252;0;7;0;0;2;1;1;B02
201100065252;0;7;0;0;2;8;1;A01
201100065253;0;30;0;0;2;1;1;B02
201100065253;0;7;0;0;2;5;15;A01
201100065254;0;30;0;0;2;0;17;B02
201100065254;0;7;0;0;2;1;15;A01
201100065255;0;7;0;0;2;1;1;A01
201100065255;0;30;0;0;2;7;1;B02
201100065256;0;7;0;0;0;7;10;A01
201100065257;0;30;0;0;0;1;1;A01
201100065258;0;1;0;2;0;1;1;A01
201100065259;1;7;0;0;1;0;1;A01
201100065260;0;1;0;0;0;1;11;B02
201100065260;0;7;0;0;0;3;1;A01
201100065261;0;10;0;0;2;4;9;A01
201100065261;0;30;0;14;2;1;1;B02
201100065262;0;7;0;0;2;2;2;A01
201100065262;0;30;0;0;2;4;2;B02
201100065263;0;7;0;4;0;1;1;A01
201100065264;0;7;0;2;0;2;19;A01
201100065265;0;10;0;0;2;3;1;A01
201100065265;0;7;0;0;2;3;13;B02
201100065266;0;10;0;0;0;2;1;B02
201100065266;0;7;0;0;0;1;15;A01
201100065267;0;7;0;6;0;7;1;A01
201100065268;0;7;0;0;1;3;1;A01
201100065269;0;33;0;0;2;1;21;A01
201100065269;0;7;0;0;2;6;15;B02
201100065270;0;33;0;0;2;3;13;A01
201100065270;0;7;0;0;2;8;1;B02
201100065271;0;1;0;0;2;1;1;A01
201100065271;0;30;0;0;0;8;15;B02
201100065272;0;7;0;0;0;4;0;B02
201100065272;0;30;0;0;2;1;2;A01
201100065273;0;7;0;0;2;1;1;B02
201100065273;0;7;0;0;2;1;5;A01
201100065274;0;1;0;0;2;4;0;B02
201100065275;0;7;0;0;2;5;1;B02
201100065275;0;10;0;0;2;3;15;A01
201100065276;0;2;0;0;2;4;10;A01
201100065276;0;33;0;0;2;1;2;B02
201100065277;0;7;0;0;2;1;1;B02
201100065277;0;7;0;0;2;3;1;C03
201100065277;0;7;0;0;2;3;13;A01
201100065278;0;7;0;0;2;8;9;A01
201100065278;0;7;0;0;2;1;1;B02
201100065279;0;99;0;0;0;0;2;A01
201100065280;0;7;0;0;2;4;16;C03
201100065280;0;7;0;0;2;3;1;A01
201100065280;0;7;0;0;2;4;1;B02
201100065281;0;7;0;0;2;1;13;A01
201100065281;0;7;0;0;2;1;1;B02
201100065282;0;10;0;0;0;1;1;A01
201100065283;0;7;0;0;1;3;1;A01
201100065284;0;7;0;0;2;3;1;C03
201100065284;0;7;0;0;2;2;13;A01
201100065284;0;7;0;0;2;5;1;B02
201100065285;0;33;0;0;2;1;5;A01
201100065285;0;7;0;0;2;3;1;B02
201100065286;0;7;0;8;0;8;0;A01
201100065287;0;7;0;0;0;1;1;C03
201100065287;0;7;0;0;0;1;15;A01
201100065287;0;7;0;0;0;3;1;B02
201100065288;1;30;0;0;2;1;17;A01
201100065288;0;7;0;0;2;3;1;B02
201100065289;0;7;0;0;0;1;1;A01
201100065290;0;7;0;0;2;8;1;B02
201100065290;0;1;0;0;2;1;19;A01
201100065291;0;33;0;0;2;1;1;A01
201100065291;0;7;0;0;2;2;15;B02
201100065292;0;7;0;0;0;7;1;A01
201100065293;0;10;0;0;0;2;1;B02
201100065293;0;10;0;0;0;1;19;A01
201100065294;0;2;0;0;2;1;1;A01
201100065294;0;10;0;0;2;5;1;B02
201100065295;0;1;0;0;2;1;13;A01
201100065295;0;7;0;0;2;1;21;B02
201100065296;0;7;0;0;2;1;15;A01
201100065296;0;33;0;0;2;1;1;B02
201100065297;0;7;0;0;0;9;1;A01
201100065298;0;7;0;2;0;3;13;A01
201100065299;0;7;0;0;2;3;2;A01
201100065299;0;7;0;0;2;5;2;B02
201100065300;0;7;0;0;2;6;23;A01
201100065300;0;30;0;0;2;1;1;B02
201100065301;0;1;0;0;2;4;2;B02
201100065301;0;7;0;0;9;2;2;A01
201100065302;0;7;0;0;1;1;1;A01
201100065303;0;30;0;0;2;1;1;A01
201100065303;0;10;0;0;2;3;1;B02
201100065304;0;7;0;0;2;1;13;A01
201100065304;0;38;0;0;2;1;1;B02
201100065305;0;2;0;0;2;8;19;A01
201100065305;0;7;0;0;2;6;1;B02
201100065306;0;7;0;8;0;1;1;A01
201100065307;0;2;0;0;0;0;0;A01
201100065308;0;30;0;0;2;1;16;A01
201100065308;0;7;0;0;2;6;1;B02
201100065309;0;7;0;1;0;2;2;A01
201100065309;0;7;0;0;2;6;20;B02
201100065310;0;7;0;0;0;9;1;A01
201100065311;0;10;0;0;2;8;15;A01
201100065311;0;34;0;0;2;1;1;B02
201100065312;0;33;0;0;2;1;17;A01
201100065312;0;7;0;0;2;1;1;B02
201100065313;0;33;0;0;2;1;1;A01
201100065313;0;7;0;0;2;2;1;B02
201100065314;0;33;0;6;0;1;1;A01
201100065315;0;7;0;0;2;2;1;B02
201100065315;0;30;0;0;2;1;19;A01
201100065316;0;7;0;0;2;1;1;A01
201100065316;0;1;0;0;0;4;0;B02
201100065317;0;7;0;0;2;6;13;A01
201100065317;0;10;0;1;2;1;1;B02
201100065317;0;30;0;0;2;1;0;C03
201100065318;0;1;0;0;2;3;1;B02
201100065318;0;7;0;0;2;1;13;A01
201100065319;0;10;0;0;1;1;1;A01
201100065320;0;7;0;13;0;2;2;A01
201100065321;0;7;0;0;2;3;15;A01
201100065321;0;2;0;0;2;1;16;B02
201100065322;0;7;0;0;1;1;2;A01
201100065323;0;7;0;0;2;8;13;A01
201100065323;0;7;0;0;2;1;1;B02
201100065324;0;10;0;0;2;1;1;A01
201100065324;0;7;0;0;2;4;1;B02
201100065324;0;7;0;0;2;4;1;C03
201100065325;1;7;0;0;9;2;3;A01
201100065326;0;7;0;0;1;2;1;A01
201100065327;0;7;0;0;0;3;15;A01
201100065327;0;31;0;0;0;1;1;B02
201100065328;0;2;0;0;2;7;19;B02
201100065328;0;31;0;0;2;1;1;A01
201100065329;0;30;0;0;9;1;1;A01
201100065329;0;33;0;0;0;4;1;B02
201100065330;0;7;0;0;2;3;10;A01
201100065330;0;32;0;0;2;1;13;B02
201100065331;0;7;0;0;9;7;1;A01
201100065331;0;30;0;0;2;2;15;B02
201100065332;0;7;0;0;2;1;1;A01
201100065332;0;2;0;0;2;1;0;B02
201100065333;0;7;0;0;2;2;2;A01
201100065333;0;30;0;0;2;4;2;B02
201100065334;0;7;0;0;2;1;17;A01
201100065334;0;30;0;0;2;1;1;B02
201100065335;0;32;0;0;0;0;0;B02
201100065335;0;7;0;0;9;6;2;A01
201100065336;0;7;0;0;2;1;17;A01
201100065336;0;7;0;0;2;1;1;B02
201100065337;0;30;0;0;2;8;15;B02
201100065337;0;7;0;0;2;7;17;A01
201100065338;0;30;0;0;1;1;1;A01
201100065339;1;99;0;0;1;0;0;A01
201100065340;0;10;0;2;0;1;1;A01
201100065341;0;7;0;0;2;1;2;D04
201100065341;0;10;0;0;0;4;23;C03
201100065341;0;7;0;0;0;4;23;A01
201100065341;0;7;0;0;2;1;2;B02
201100065342;0;7;0;10;0;9;13;A01
201100065343;0;7;0;0;2;1;1;B02
201100065343;0;7;0;0;2;7;15;A01
201100065343;0;7;0;0;2;1;1;C03
201100065344;0;7;0;0;1;3;1;A01
201100065344;0;30;0;0;0;0;1;B01
201100065345;0;7;0;0;2;1;13;A01
201100065345;0;7;0;0;2;1;1;B02
201100065346;0;30;0;0;2;1;13;A01
201100065346;0;10;0;0;2;4;1;B02
201100065347;0;10;0;0;0;0;1;A01
201100065348;0;14;0;0;0;1;1;A01
201100065349;0;7;0;0;2;1;1;B02
201100065349;0;7;0;0;2;3;13;A01
201100065350;0;7;0;0;1;2;1;A01
201100065351;0;7;0;13;0;1;13;A01
201100065352;0;10;0;0;0;3;1;A01
201100065353;0;10;0;0;2;3;1;A01
201100065353;0;2;0;0;2;8;1;B02
201100065354;0;10;0;0;1;8;1;A01
201100065355;0;7;0;0;0;2;1;A01
201100065355;0;1;0;0;0;7;15;B02
201100065356;0;7;0;0;1;3;1;A01
201100065357;0;7;0;0;2;1;1;A01
201100065357;0;30;0;0;2;5;19;B02
201100065358;0;7;0;0;1;2;2;A01
201100065359;0;7;0;0;2;1;1;A01
201100065359;0;30;0;0;0;0;0;B02
201100065360;0;30;0;0;2;7;1;A01
201100065361;0;30;0;0;2;1;1;B02
201100065361;0;7;0;0;2;7;19;A01
201100065362;0;2;0;0;2;1;14;A01
201100065362;0;2;0;0;9;1;13;C03
201100065362;0;2;0;0;2;1;13;B02
201100065363;0;37;0;0;1;7;1;A01
201100065364;0;7;0;0;1;2;1;A01
201100065365;0;2;0;0;1;1;1;A01
201100065366;0;7;0;0;1;3;1;A01
201100065367;0;7;0;0;0;6;15;A01
201100065367;0;7;0;0;0;3;1;B02
201100065367;0;2;0;0;0;1;11;C03
201100065368;0;7;0;16;0;9;1;A01
201100065369;0;7;0;0;2;1;1;A01
201100065369;0;10;0;0;2;1;1;B02
201100065370;0;7;0;13;0;3;1;A01
201100065371;0;14;0;0;0;2;14;A01
201100065372;0;7;0;0;2;1;13;A01
201100065372;0;7;0;0;2;3;13;B02
201100065373;0;30;0;0;0;0;1;A01
201100065374;0;10;0;2;0;8;1;A01
201100065375;0;7;0;0;1;3;1;A01
201100065376;0;33;0;12;0;1;1;A01
201100065377;0;30;0;8;0;1;1;A01
201100065378;0;7;0;0;2;7;15;A01
201100065378;0;7;0;0;2;8;1;B02
201100065379;0;7;0;0;1;1;1;A01
201100065380;0;7;0;0;0;7;1;A01
201100065381;0;7;0;6;0;1;1;A01
201100065382;0;33;0;0;2;1;1;A01
201100065382;0;7;0;0;2;8;19;B02
201100065383;0;31;0;0;2;1;5;A01
201100065383;0;7;0;0;2;1;1;B02
201100065384;0;10;0;0;2;7;15;A01
201100065384;0;32;0;0;2;1;1;B02
201100065385;0;1;0;6;0;1;1;A01
201100065386;0;7;0;0;2;2;13;B02
201100065386;0;2;0;0;2;1;13;A01
201100065387;0;1;0;0;2;1;13;A01
201100065387;0;7;0;0;9;3;1;B02
201100065388;0;2;0;0;2;1;1;C03
201100065388;0;7;0;1;2;2;17;B02
201100065388;0;10;0;0;0;0;23;A01
201100065389;0;33;0;0;2;1;13;A01
201100065389;0;7;0;0;2;3;1;B02
201100065389;0;7;0;0;2;1;1;C03
201100065390;0;7;0;0;1;2;1;A01
201100065391;0;7;0;13;0;1;1;A01
201100065392;0;38;0;0;2;6;9;A01
201100065392;0;7;0;0;2;1;0;B02
201100065393;0;30;0;0;2;1;9;B02
201100065393;0;31;0;0;0;4;1;A01
201100065394;0;7;0;0;0;2;5;A01
201100065394;0;1;0;0;0;1;1;B02
201100065395;0;30;0;0;2;1;1;B02
201100065395;0;14;0;0;2;5;15;A01
201100065396;0;2;0;0;2;1;1;B02
201100065396;0;7;0;0;2;5;15;A01
201100065397;0;7;0;0;5;1;1;A01
201100065397;0;7;0;0;2;3;2;C03
201100065397;0;7;0;0;2;2;2;B02
201100065398;0;30;0;0;2;8;1;A01
201100065398;0;7;0;0;2;1;15;B02
201100065399;0;7;0;0;2;6;11;B02
201100065399;0;30;0;0;2;1;17;A01
201100065400;0;7;0;0;1;2;1;A01
201100065401;0;7;0;0;1;1;19;A01
201100065402;0;10;0;0;2;3;15;A01
201100065402;0;30;0;0;2;1;17;B02
201100065403;0;33;0;0;2;3;1;A01
201100065403;0;17;0;0;2;3;1;B02
201100065404;0;7;0;2;0;2;1;A01
201100065405;0;30;0;0;1;1;5;A01
201100065405;0;7;0;0;9;2;1;B02
201100065406;0;7;0;0;2;8;14;B02
201100065406;0;31;0;0;2;3;17;A01
201100065406;0;7;0;0;2;8;14;C03
201100065407;0;7;0;0;0;4;23;A01
201100065407;0;31;0;1;0;7;2;B02
201100065408;0;7;0;4;0;0;1;C03
201100065408;0;7;0;0;2;1;1;B02
201100065408;0;7;0;13;0;1;1;A01
201100065409;0;30;0;0;2;7;17;A01
201100065409;0;30;0;0;2;8;2;B02
201100065410;0;32;0;0;2;1;17;B02
201100065410;0;7;0;0;0;6;16;A01
201100065411;0;32;0;0;2;1;0;A01
201100065412;0;7;0;0;1;3;1;A01
201100065413;0;7;0;0;2;3;1;B02
201100065413;0;1;0;0;2;1;13;A01
201100065414;0;33;0;0;1;2;14;A01
201100065415;0;10;0;0;2;3;15;B02
201100065415;0;10;0;0;2;6;16;A01
201100065416;0;7;0;13;0;0;13;A01
201100065417;0;30;0;0;2;1;13;A01
201100065417;0;7;0;0;2;1;1;B02
201100065418;0;30;0;0;2;1;1;B02
201100065418;0;31;0;0;2;1;13;A01
201100065419;0;7;0;13;0;2;1;A01
201100065420;0;7;0;0;1;3;17;A01
201100065421;0;10;0;0;0;4;1;B02
201100065421;0;7;0;0;2;1;2;A01
201100065422;0;33;0;0;9;0;12;A01
201100065422;0;31;0;0;9;0;1;B02
201100065423;0;7;0;0;1;1;1;A01
201100065424;2;31;0;0;1;1;5;A01
201100065425;0;10;0;1;0;1;1;A01
201100065426;0;10;0;14;0;1;1;B02
201100065426;0;30;0;0;2;1;5;C03
201100065426;0;10;0;14;0;1;1;A01
201100065427;0;7;0;0;2;2;15;A01
201100065427;0;33;0;0;2;1;1;B02
201100065428;0;7;0;0;2;1;0;D04
201100065428;0;7;0;0;2;4;0;C03
201100065428;0;7;0;0;2;4;0;B02
201100065428;0;7;0;0;1;2;1;A01
201100065429;0;7;0;0;2;2;15;A01
201100065429;0;32;0;0;2;1;1;B02
201100065430;0;7;0;0;1;7;1;A01
201100065431;0;1;0;0;2;4;1;B02
201100065431;0;1;0;0;2;4;1;A01
201100065432;0;33;0;0;2;2;1;B02
201100065432;0;7;0;0;2;3;11;A01
201100065433;0;7;0;0;9;1;1;A01
201100065433;0;7;0;0;0;0;1;B02
201100065434;0;7;0;0;1;3;1;A01
201100065435;0;7;0;0;2;3;15;A01
201100065435;0;2;0;0;2;1;17;B02
201100065436;0;30;0;0;0;0;0;B02
201100065436;0;7;0;0;0;0;0;A01
201100065437;0;7;0;10;0;1;1;A01
201100065438;0;7;0;0;1;3;1;A01
201100065439;0;30;0;13;0;0;1;A01
201100065440;0;7;0;0;0;2;1;A01
201100065440;0;2;0;0;0;1;19;B02
201100065441;0;14;0;8;0;8;1;A01
201100065442;0;7;0;0;6;6;1;B02
201100065442;0;30;0;0;2;1;1;A01
201100065443;0;7;0;0;1;3;19;A01
201100065444;0;7;0;15;0;0;1;A01
201100065445;0;31;0;6;0;8;1;A01
201100065446;0;7;0;0;2;2;5;A01
201100065446;0;34;0;0;2;1;1;B02
201100065447;0;33;0;4;0;1;13;A01
201100065448;0;7;0;16;0;1;1;A01
201100065449;0;10;0;0;2;1;1;A01
201100065449;0;1;0;0;2;1;13;C03
201100065449;0;1;0;0;2;1;13;B02
201100065450;0;7;0;0;2;2;1;A01
201100065450;0;2;0;0;2;1;13;B02
201100065451;0;7;0;0;1;1;1;A01
201100065452;0;7;0;0;2;8;15;A01
201100065452;0;33;0;0;2;1;1;B02
201100065453;0;1;0;1;0;1;1;A01
201100065453;0;14;0;0;0;6;23;B02
201100065454;0;7;0;0;2;7;13;A01
201100065454;0;7;0;0;2;1;1;B02
201100065455;0;33;0;0;2;1;1;A01
201100065455;0;7;0;0;2;2;15;B02
201100065456;0;7;0;0;1;3;1;A01
201100065456;0;1;0;0;2;1;19;B02
201100065457;0;32;0;1;2;1;1;A01
201100065457;0;10;0;0;2;4;23;B02
201100065458;0;3;0;0;1;1;14;A01
201100065459;0;30;0;0;0;4;2;B02
201100065459;2;10;0;0;2;1;2;A01
201100065459;0;7;0;0;2;1;2;C03
201100065460;0;7;0;0;1;7;1;A01
201100065461;0;30;0;0;2;1;13;A01
201100065461;0;7;0;0;2;3;1;B02
201100065462;0;30;0;0;1;1;1;A01
201100065463;0;7;0;10;0;2;2;A01
201100065464;0;7;0;0;1;3;1;A01
201100065465;0;36;0;0;2;1;2;A01
201100065465;0;7;0;0;0;5;2;B02
201100065466;0;7;0;0;9;7;1;A01
201100065466;0;1;0;0;2;1;1;B02
201100065467;0;7;0;4;0;1;19;A01
201100065468;0;30;0;0;1;1;19;A01
201100065469;0;7;0;0;2;1;9;B02
201100065469;0;33;0;0;2;5;1;A01
201100065470;0;7;0;0;1;1;1;A01
201100065471;0;1;0;1;0;1;0;B02
201100065471;0;7;0;0;2;8;24;A01
201100065472;0;33;0;13;0;8;1;A01
201100065473;0;30;0;0;2;1;17;A01
201100065473;0;7;0;0;2;3;15;B02
201100065474;0;7;0;0;1;1;1;A01
201100065475;0;7;0;1;0;3;1;A01
201100065476;0;7;0;0;1;3;1;A01
201100065477;0;30;0;0;0;1;1;A01
201100065478;0;31;0;1;0;2;2;A01
201100065478;0;7;0;0;0;6;24;B02
201100065479;0;30;0;0;1;1;1;A01
201100065480;0;30;0;0;0;1;17;C03
201100065480;0;7;0;0;0;8;15;A01
201100065480;0;30;0;0;0;1;17;B02
201100065481;0;7;0;0;2;3;1;A01
201100065481;0;7;0;0;2;3;17;B02
201100065482;0;30;0;0;2;1;13;A01
201100065482;0;10;0;0;2;3;1;B02
201100065483;0;7;0;0;2;1;13;B02
201100065483;0;7;0;0;2;1;1;A01
201100065484;0;7;0;0;2;1;1;A01
201100065484;0;2;0;0;2;1;1;B02