num_acc;senc;catv;occutc;obs;obsm;choc;manv;num_veh
201100066219;0;7;0;0;2;1;1;B01
201100066219;0;2;0;0;2;7;1;A01
201100066220;0;2;0;0;2;1;1;B01
201100066220;0;7;0;0;2;3;15;A01
201100066221;0;2;0;0;2;8;1;B01
201100066221;0;7;0;0;9;1;15;A01
201100066222;0;30;0;0;1;2;17;A01
201100066222;0;7;0;0;2;1;1;B01
201100066223;0;2;0;0;2;1;17;A01
201100066223;0;7;0;0;2;4;15;B01
201100066224;1;7;0;0;1;1;0;Z01
201100066225;0;2;0;0;2;1;1;B01
201100066225;1;10;0;0;2;0;15;A01
201100066226;0;7;0;0;2;1;15;A01
201100066226;0;31;0;0;2;1;1;B01
201100066227;0;7;0;0;2;6;1;B01
201100066227;0;33;0;0;2;1;17;A01
201100066228;0;7;0;1;0;7;13;A01
201100066229;1;33;0;0;2;1;13;Z01
201100066229;0;7;0;0;2;1;1;A01
201100066230;0;7;0;0;2;5;16;A01
201100066230;0;2;0;0;2;8;1;B01
201100066231;0;2;0;0;2;1;17;A01
201100066231;0;7;0;0;2;8;15;B01
201100066232;0;2;0;0;9;1;1;B01
201100066232;0;7;0;0;9;1;15;A01
201100066233;0;33;0;0;2;1;1;B01
201100066233;0;7;0;0;2;3;15;A01
201100066234;0;7;0;6;0;9;2;A01
201100066235;0;10;0;0;2;1;21;A01
201100066235;0;7;0;0;2;5;15;B01
201100066236;0;2;0;0;2;1;16;B01
201100066236;0;7;0;0;2;2;15;A01
201100066237;0;7;0;0;1;1;1;A01
201100066238;0;7;0;8;0;7;2;A01
201100066239;0;2;0;0;2;1;19;A01
201100066239;0;7;0;0;9;3;2;B01
201100066240;0;30;0;0;2;1;17;B01
201100066240;0;7;0;0;2;3;15;A01
201100066241;0;7;0;0;1;1;1;A01
201100066242;0;2;0;0;2;0;0;B01
201100066242;0;7;0;0;2;8;0;A01
201100066243;0;7;0;0;2;3;16;A01
201100066243;0;30;0;0;2;1;1;B01
201100066244;0;7;0;0;2;8;19;A01
201100066244;0;7;0;0;2;1;1;B01
201100066245;0;7;0;0;2;1;9;A01
201100066245;0;32;0;0;2;1;0;B01
201100066246;0;7;0;0;2;5;2;B01
201100066246;0;33;0;0;2;1;0;A01
201100066247;0;7;0;0;2;1;1;A01
201100066247;0;7;0;0;2;8;10;B01
201100066248;0;99;0;0;0;4;2;B01
201100066248;0;31;0;1;0;4;2;A01
201100066249;0;10;0;0;2;7;17;A01
201100066249;0;2;0;0;2;8;1;B01
201100066250;0;2;0;0;2;7;1;A01
201100066250;0;1;0;0;9;1;1;C01
201100066250;0;7;0;0;2;1;1;B01
201100066251;0;30;0;0;2;2;2;B01
201100066251;0;7;0;0;2;1;19;A01
201100066252;0;7;0;0;0;6;2;B01
201100066252;0;2;0;0;2;1;2;A01
201100066253;0;2;0;0;2;8;14;B01
201100066253;0;7;0;0;2;2;15;A01
201100066254;0;7;0;0;2;2;2;B01
201100066254;0;2;0;0;2;8;9;A01
201100066255;0;30;0;0;2;9;1;B01
201100066255;0;7;0;0;2;1;15;A01
201100066256;0;33;0;0;2;1;1;B01
201100066256;1;30;0;0;2;0;1;A01
201100066257;0;30;0;0;0;6;10;B01
201100066257;0;2;0;0;0;3;2;A01
201100066258;0;7;0;15;0;8;2;B01
201100066258;0;30;0;15;2;3;2;A01
201100066259;0;1;0;0;0;4;2;B01
201100066259;0;7;0;0;2;2;2;A01
201100066260;0;7;0;0;1;2;12;A01
201100066261;0;7;0;0;1;1;1;A01
201100066262;0;30;0;0;2;1;1;B01
201100066262;0;7;0;0;2;3;19;A01
201100066263;0;7;0;0;2;1;15;A01
201100066263;0;33;0;0;2;1;5;B01
201100066264;0;7;0;0;2;1;1;B01
201100066264;0;30;0;0;2;1;19;A01
201100066265;0;7;0;0;9;1;15;A01
201100066265;0;33;0;0;2;7;2;B01
201100066266;0;7;0;8;0;1;1;A01
201100066267;0;34;0;0;0;0;0;A01
201100066268;0;7;0;0;1;2;2;A01
201100066269;0;2;0;0;9;1;1;B01
201100066269;0;1;0;0;2;8;19;A01
201100066270;0;7;0;16;0;0;0;A01
201100066271;0;7;0;0;9;3;1;B01
201100066271;0;7;0;0;9;3;1;C01
201100066271;0;33;0;0;2;1;1;A01
201100066272;0;33;0;0;2;1;0;B01
201100066272;0;7;0;0;2;6;9;A01
201100066273;0;7;0;0;2;5;16;B01
201100066273;0;30;0;0;2;8;13;A01
201100066274;0;1;0;0;2;8;1;B01
201100066274;0;7;0;0;2;1;15;A01
201100066275;0;7;0;0;1;1;1;A01
201100066276;0;7;0;0;2;2;9;A01
201100066276;0;30;0;0;0;4;2;B01
201100066277;0;10;0;0;1;3;1;A01
201100066278;0;7;0;14;1;1;1;A01
201100066279;0;2;0;0;2;1;17;A01
201100066279;0;2;0;0;2;1;1;B01
201100066280;0;7;0;0;2;2;13;B01
201100066280;0;2;0;0;2;1;14;A01
201100066281;0;7;0;0;2;3;2;A01
201100066281;0;1;0;0;2;0;2;B01
201100066282;0;7;0;0;2;7;6;A01
201100066282;0;30;0;0;2;1;6;B01
201100066283;0;1;0;0;2;8;1;A01
201100066283;0;7;0;0;9;2;1;B01
201100066284;0;31;0;0;2;1;0;A01
201100066284;0;7;0;0;2;1;1;C01
201100066284;0;30;0;0;2;1;1;B01
201100066285;0;7;0;0;1;0;9;A01
201100066286;0;2;0;0;0;0;0;B01
201100066286;0;7;0;0;0;0;0;A01
201100066287;0;2;0;0;0;0;0;A01
201100066287;0;7;0;0;0;6;1;B01
201100066288;0;33;0;0;2;7;1;B01
201100066288;0;7;0;0;2;2;15;A01
201100066289;0;32;0;0;2;0;1;B01
201100066289;0;7;0;0;2;8;9;A01
201100066290;0;2;0;0;2;1;1;B01
201100066290;0;7;0;0;2;1;1;A01
201100066291;1;7;0;0;0;4;1;Z01
201100066291;0;31;0;0;2;1;1;B01
201100066292;0;7;0;0;2;1;1;B01
201100066292;0;2;0;0;2;7;1;A01
201100066293;0;2;0;0;2;2;1;B01
201100066293;1;7;0;0;2;3;9;Z01
201100066294;0;31;0;0;0;1;17;A01
201100066294;0;31;0;0;0;8;15;B01
201100066295;0;7;0;0;0;1;1;A01
201100066296;0;7;0;0;2;6;1;B01
201100066296;0;2;0;0;2;1;1;A01
201100066297;0;7;0;0;2;1;2;B01
201100066297;0;2;0;0;2;0;9;A01
201100066298;0;7;0;0;2;1;1;A01
201100066298;0;2;0;0;2;1;1;B01
201100066299;0;1;0;0;1;1;2;B01
201100066299;0;7;0;0;9;0;2;A01
201100066300;0;7;0;0;0;6;24;B01
201100066300;0;99;0;0;1;7;13;A01
201100066301;0;7;0;0;2;3;15;B01
201100066301;0;32;0;0;2;1;17;A01
201100066302;0;7;0;0;0;6;1;B01
201100066302;0;7;0;8;2;6;0;A01
201100066303;0;7;0;9;2;3;1;B01
201100066303;0;7;0;0;2;1;1;A01
201100066304;0;7;0;0;1;3;0;A01
201100066305;0;7;0;0;2;4;4;A01
201100066305;0;30;0;0;2;1;5;B01
201100066306;0;2;0;0;2;3;1;B01
201100066306;0;10;0;0;2;8;11;A01
201100066307;0;7;0;0;1;1;1;A01
201100066308;0;34;0;0;2;0;1;B01
201100066308;0;7;0;0;2;3;0;A01
201100066309;0;7;0;0;0;7;0;B01
201100066309;0;7;0;0;2;3;19;A01
201100066310;0;30;0;0;2;1;21;B01
201100066310;0;7;0;0;2;3;4;A01
201100066311;0;1;0;0;2;8;19;B01
201100066311;0;30;0;0;2;1;1;A01
201100066312;0;7;0;0;2;8;0;A01
201100066312;0;30;0;0;2;8;1;B01
201100066313;0;7;0;0;2;4;1;B01
201100066313;0;7;0;0;2;1;1;A01
201100066314;0;7;0;0;1;3;1;A01
201100066315;0;7;0;0;2;4;2;B01
201100066315;0;34;0;0;2;1;2;A01
201100066316;0;7;0;0;0;8;10;A01
201100066316;0;33;0;0;2;1;2;B01
201100066317;0;2;0;0;9;4;0;B01
201100066317;0;16;0;0;2;5;10;A01
201100066318;0;2;0;0;2;3;0;A01
201100066318;0;7;0;0;0;3;0;B01
201100066319;0;7;0;0;0;1;1;A01
201100066319;0;2;0;0;2;1;13;B01
201100066320;0;7;0;0;9;2;1;B01
201100066320;0;2;0;0;2;2;11;A01
201100066321;0;7;0;0;2;3;1;A01
201100066321;0;30;0;0;2;1;1;B01
201100066322;1;30;0;1;2;1;1;B01
201100066322;0;7;0;0;2;3;0;A01
201100066323;0;7;0;0;0;6;0;B01
201100066323;0;2;0;1;0;3;0;A01
201100066324;0;2;0;12;0;9;1;A01
201100066325;0;7;0;0;2;8;19;A01
201100066325;0;31;0;0;2;1;19;B01
201100066326;0;33;0;0;2;3;1;B01
201100066326;0;2;0;0;2;3;15;A01
201100066327;0;7;0;0;2;1;1;B01
201100066327;0;1;0;0;2;8;9;A01
201100066328;0;1;0;0;2;6;19;B01
201100066328;0;2;0;0;2;8;1;A01
201100066329;0;7;0;0;2;8;15;B01
201100066329;0;33;0;0;2;1;17;A01
201100066330;0;7;0;0;2;6;1;A01
201100066330;0;2;0;0;2;1;1;B01
201100066331;0;7;0;0;9;6;23;B01
201100066331;0;30;0;1;0;6;21;A01
201100066332;0;2;0;0;2;9;9;A01
201100066332;0;7;0;0;2;1;1;B01
201100066333;0;7;0;0;2;8;1;B01
201100066333;0;30;0;0;2;1;19;A01
201100066334;0;2;0;0;2;8;1;B01
201100066334;0;7;0;0;2;2;16;A01
201100066335;0;1;0;0;2;0;1;B01
201100066335;0;7;0;0;2;5;0;A01
201100066336;0;1;0;0;0;1;13;A01
201100066336;0;33;0;0;9;1;1;B01
201100066337;1;7;0;0;2;0;0;Z01
201100066337;0;30;0;0;2;1;0;A01
201100066338;0;7;0;0;1;1;9;A01
201100066339;0;10;0;0;2;4;2;B01
201100066339;0;1;0;0;2;1;2;A01
201100066340;0;7;0;0;2;6;2;B01
201100066340;0;30;0;0;2;6;1;A01
201100066341;0;30;0;0;1;1;1;A01
201100066342;0;30;0;0;2;1;1;A01
201100066342;0;7;0;0;9;5;15;B01
201100066343;0;2;0;0;2;1;1;A01
201100066343;0;7;0;0;9;7;15;B01
201100066344;0;34;0;0;2;9;2;A01
201100066344;0;7;0;0;2;3;2;B01
201100066345;0;7;0;0;2;1;1;B01
201100066345;0;7;0;6;0;2;1;A01
201100066346;0;7;0;0;2;4;15;B01
201100066346;1;7;0;0;2;1;1;A01
201100066347;0;1;0;0;2;8;1;B01
201100066347;0;7;0;0;2;1;1;A01
201100066348;0;7;0;0;1;2;1;A01
201100066349;0;1;0;0;2;1;1;B01
201100066349;0;7;0;0;9;3;15;A01
201100066350;0;33;0;0;2;1;1;B01
201100066350;0;7;0;0;2;8;1;A01
201100066351;0;33;0;0;5;1;1;A01
201100066352;0;33;0;0;0;0;21;A01
201100066353;0;33;0;0;9;7;1;B01
201100066353;0;1;0;0;9;7;0;A01
201100066354;0;2;0;0;2;1;1;A01
201100066354;0;7;0;0;2;8;1;B01
201100066355;0;7;0;0;1;4;4;A01
201100066356;0;7;0;0;2;1;1;A01
201100066356;0;7;0;0;2;6;15;B01
201100066357;0;7;0;0;2;1;1;A01
201100066357;0;1;0;0;9;0;0;B01
201100066357;0;7;0;0;2;3;24;C01
201100066358;0;2;0;0;0;3;1;B01
201100066358;1;7;0;0;0;0;0;Z01
201100066359;0;2;0;0;2;1;2;A01
201100066359;0;7;0;0;2;3;9;B01
201100066360;0;30;0;0;1;1;1;A01
201100066361;0;7;0;0;2;7;1;A01
201100066361;0;2;0;0;2;1;1;B01
201100066362;0;2;0;8;1;1;14;A01
201100066363;0;7;0;0;2;8;10;A01
201100066363;0;2;0;0;2;2;0;B01
201100066364;0;2;0;0;2;1;1;B01
201100066364;0;7;0;0;2;6;19;A01
201100066365;0;10;0;0;2;3;0;A01
201100066365;0;7;0;0;2;3;5;B01
201100066366;0;1;0;0;2;7;1;B01
201100066366;0;7;0;0;9;1;1;A01
201100066367;0;7;0;0;1;4;20;A01
201100066368;0;7;0;0;2;1;1;A01
201100066368;0;7;0;0;2;1;23;C01
201100066368;0;7;0;0;2;8;1;B01
201100066369;0;7;0;0;9;2;20;A01
201100066369;0;30;0;0;2;8;1;B01
201100066370;0;2;0;0;1;1;1;A01
201100066371;0;7;0;15;1;1;1;A01
201100066372;0;1;0;0;2;1;1;A01
201100066372;0;7;0;0;9;6;1;B01
201100066373;0;7;0;0;1;1;1;A01
201100066374;0;7;0;0;1;1;1;A01
201100066375;0;30;0;14;0;1;1;A01
201100066375;0;7;0;0;9;4;23;B01
201100066376;0;7;0;15;0;1;1;A01
201100066377;0;7;0;0;9;7;16;A01
201100066377;0;30;0;0;2;7;18;B01
201100066378;0;7;0;3;0;8;1;A01
201100066379;0;7;0;6;0;1;1;A01
201100066380;0;30;0;0;9;6;1;A01
201100066380;0;1;0;0;9;1;2;B01
201100066381;0;33;0;0;0;7;1;A01
201100066382;0;7;0;0;0;4;1;A01
201100066382;0;7;0;0;2;1;2;C01
201100066382;0;7;0;0;0;4;1;B01
201100066382;0;7;0;0;2;1;2;D01
201100066382;0;10;0;0;2;1;2;G02
201100066382;0;7;0;0;2;1;2;E01
201100066382;0;10;0;0;2;1;2;F02
201100066383;1;30;0;0;1;1;1;A01
201100066384;0;2;0;1;0;1;1;A01
201100066384;0;7;0;0;9;4;24;B01
201100066385;0;7;0;0;9;7;15;A01
201100066385;0;31;0;1;2;1;1;B01
201100066386;0;10;0;0;2;5;23;B01
201100066386;0;7;0;0;2;1;2;A01
201100066387;1;2;0;0;2;1;17;Z01
201100066387;0;7;0;0;9;8;15;A01
201100066388;1;2;0;0;9;0;0;A01
201100066389;0;2;0;15;0;1;1;A01
201100066390;0;7;0;0;9;8;10;A01
201100066390;0;33;0;0;2;1;1;B01
201100066391;0;33;0;0;2;1;2;A01
201100066391;0;38;1;0;9;4;23;B01
201100066392;0;10;0;0;2;8;1;A01
201100066392;0;7;0;0;2;1;15;B01
201100066393;0;1;0;0;2;4;2;B01
201100066393;0;7;0;0;9;2;2;A01
201100066394;0;30;0;16;0;7;1;A01
201100066395;0;7;0;0;2;1;2;A01
201100066395;0;10;0;0;2;4;2;B01
201100066395;0;7;0;0;2;6;1;C01
201100066396;0;7;0;0;9;1;1;A01
201100066396;0;1;0;0;2;8;19;B01
201100066397;0;7;0;0;1;1;1;A01
201100066398;0;7;0;0;9;7;1;B01
201100066398;0;2;0;0;2;1;1;A01
201100066399;0;7;0;0;2;1;1;A01
201100066399;0;7;0;0;9;4;1;B01
201100066399;0;1;0;0;2;8;19;C01
201100066400;0;7;0;1;0;2;14;A01
201100066400;0;10;0;0;2;6;24;B01
201100066401;0;38;11;0;9;1;1;B01
201100066401;0;1;0;0;2;1;5;A01
201100066402;0;10;0;0;2;4;1;B01
201100066402;0;10;0;0;2;1;2;A01
201100066403;0;7;0;0;9;1;1;A01
201100066403;0;1;0;0;2;4;2;B01
201100066404;0;10;0;0;2;6;1;C01
201100066404;0;7;0;0;2;8;1;B01
201100066404;0;7;0;0;2;1;13;A01
201100066404;0;7;0;0;2;1;1;D01
201100066405;0;7;0;0;0;4;1;B01
201100066405;0;30;0;0;2;1;2;A01
201100066406;0;33;0;0;2;1;18;A01
201100066406;0;7;0;0;9;5;16;B01
201100066406;0;7;0;0;9;7;24;C01
201100066407;0;7;0;0;2;7;1;B01
201100066407;0;7;0;0;2;1;1;A01
201100066408;0;7;0;0;9;3;15;B01
201100066408;0;2;0;0;2;1;17;A01
201100066409;0;7;0;0;1;1;1;A01
201100066410;0;30;0;0;0;8;1;A01
201100066411;0;7;0;0;9;7;1;A01
201100066411;0;30;0;0;2;1;1;B01
201100066412;0;7;0;0;1;1;1;A01
201100066413;0;1;0;0;2;7;19;B01
201100066413;0;10;0;0;9;1;1;A01
201100066414;0;7;0;0;2;3;1;B01
201100066414;0;7;0;0;2;3;13;A01
201100066415;0;2;0;0;0;7;1;A01
201100066416;0;7;0;0;9;7;15;A01
201100066416;0;1;0;0;2;1;18;B01
201100066417;2;7;0;0;1;0;0;Z01
201100066418;0;7;0;0;2;4;2;B01
201100066418;0;7;0;0;2;1;2;A01
201100066419;0;1;0;0;0;7;1;B01
201100066419;0;7;0;0;9;1;9;A01
201100066420;0;7;0;0;9;7;9;A01
201100066420;0;33;0;0;2;1;1;B01
201100066421;0;7;0;0;1;8;1;A01
201100066422;0;7;0;0;2;1;1;B01
201100066422;0;7;0;0;2;7;9;A01
201100066423;0;1;0;0;2;7;5;B01
201100066423;0;7;0;0;9;1;1;A01
201100066424;0;7;0;0;9;7;15;A01
201100066424;0;33;0;0;2;1;1;B01
201100066425;0;7;0;0;9;7;1;B01
201100066425;0;33;0;0;2;1;9;A01
201100066426;0;7;0;0;9;8;9;A01
201100066426;0;1;0;0;2;1;1;B01
201100066427;0;7;0;0;9;1;9;A01
201100066427;0;1;0;0;2;8;1;B01
201100066428;0;1;0;0;2;1;17;B01
201100066428;0;7;0;0;9;8;15;A01
201100066429;0;10;0;0;2;1;9;A01
201100066429;0;7;0;0;2;7;1;B01
201100066430;0;2;0;0;2;1;1;A01
201100066430;0;10;0;0;9;8;1;B01
201100066431;0;7;0;0;9;7;20;A01
201100066431;0;30;0;0;2;8;18;B01
201100066432;0;1;0;0;2;7;15;A01
201100066432;0;7;0;0;9;1;1;B01
201100066433;0;10;0;0;1;8;15;A01
201100066434;0;10;0;0;9;4;1;B01
201100066434;0;31;0;0;2;1;2;A01
201100066435;0;7;0;0;9;8;22;A01
201100066435;0;2;0;1;0;1;1;B01
201100066436;0;30;0;0;2;1;17;A01
201100066436;0;7;0;0;9;4;1;B01
201100066437;0;7;0;0;1;1;1;A01
201100066438;0;7;0;0;0;5;2;B01
201100066438;0;30;0;0;2;1;1;A01
201100066439;0;30;0;0;0;7;1;A01
201100066440;0;7;0;0;2;7;2;B01
201100066440;0;10;0;0;2;8;2;A01
201100066441;0;10;0;0;1;0;9;A01
201100066442;0;2;0;0;0;7;1;A01
201100066443;0;7;0;14;0;4;23;C01
201100066443;0;7;0;14;0;4;23;B01
201100066443;0;7;0;14;0;1;23;A01
201100066444;0;7;0;0;2;4;24;B01
201100066444;0;10;0;1;0;1;1;A01
201100066445;0;10;0;0;2;3;9;A01
201100066445;0;7;0;0;2;1;2;B01
201100066446;0;10;0;0;1;1;0;A01
201100066447;0;33;0;0;2;7;2;B01
201100066447;0;7;0;0;2;1;9;A01
201100066448;0;7;0;0;9;2;15;A01
201100066448;0;33;0;0;2;1;1;B01
201100066449;0;7;0;0;1;2;1;A01
201100066450;0;7;0;6;0;2;14;A01
201100066451;0;10;0;0;9;2;17;A01
201100066451;0;1;0;0;2;8;1;B01
201100066452;0;2;0;0;2;1;17;B01
201100066452;0;10;0;0;9;8;15;A01
201100066453;0;31;0;0;2;1;1;B01
201100066453;0;10;0;0;9;2;1;A01
201100066454;0;1;0;0;2;7;1;B01
201100066454;0;7;0;0;9;1;1;A01
201100066455;0;30;0;0;0;0;1;A01
201100066456;0;7;0;0;2;1;15;A01
201100066456;0;7;0;15;2;8;1;B01
201100066457;0;7;0;1;0;3;13;A01
201100066458;0;10;0;0;2;7;1;B01
201100066458;0;7;0;0;2;1;1;A01
201100066459;0;7;0;0;1;1;1;A01
201100066460;0;7;0;0;9;2;13;A01
201100066460;0;38;4;0;2;2;1;B01
201100066461;0;7;0;6;0;2;14;A01
201100066462;0;32;0;0;2;1;1;A01
201100066462;0;7;0;0;9;8;1;B01
201100066463;0;2;0;0;2;1;5;B01
201100066463;0;7;0;0;9;3;15;A01
201100066464;0;2;0;0;9;8;2;A01
201100066464;0;2;0;0;9;7;2;B01
201100066465;0;7;0;0;1;1;21;A01
201100066466;0;7;0;0;2;2;1;B01
201100066466;0;7;0;0;2;3;1;A01
201100066466;0;7;0;0;2;1;23;C01
201100066467;0;1;0;0;2;1;5;B01
201100066467;0;7;0;0;2;2;16;A01
201100066468;0;1;0;0;2;1;1;A01
201100066468;0;7;0;0;2;3;9;B01
201100066469;0;33;0;0;2;1;9;B01
201100066469;0;30;0;0;2;1;1;A01
201100066470;0;7;0;6;0;8;0;A01
201100066471;0;7;0;0;2;6;17;A01
201100066471;0;7;0;0;2;2;1;B01
201100066472;0;7;0;0;2;4;9;A01
201100066472;0;33;0;0;2;1;1;B01
201100066473;0;7;0;0;2;4;2;B01
201100066473;0;33;0;0;2;4;2;A01
201100066474;0;7;0;0;1;1;1;A01
201100066475;0;33;0;0;9;0;21;A01
201100066476;2;7;0;0;2;1;1;A01
201100066476;0;7;0;0;2;1;1;B01
201100066477;0;33;0;0;2;1;17;B01
201100066477;0;7;0;0;0;5;15;A01
201100066478;0;7;0;0;9;1;1;B01
201100066478;0;1;0;0;0;7;0;A01
201100066479;0;7;0;0;0;4;1;A01
201100066480;0;7;0;16;0;9;1;A01
201100066481;0;7;0;6;0;4;16;A01
201100066481;0;7;0;0;2;1;1;B01
201100066482;0;10;0;0;0;9;1;A01
201100066483;0;10;0;0;0;1;0;A01
201100066484;0;2;0;0;2;1;9;B01
201100066484;0;7;0;0;2;1;15;A01
201100066485;0;1;0;0;0;0;1;A01
201100066486;2;7;0;13;0;9;1;A01
201100066487;0;7;0;13;0;9;1;A01
201100066488;0;7;0;0;2;1;1;A01
201100066488;0;7;0;0;2;3;9;B01
201100066489;0;7;0;0;2;2;15;A01
201100066489;0;2;0;0;2;1;1;B01
201100066490;0;7;0;0;2;1;1;A01
201100066490;0;2;0;0;2;1;17;B01
201100066491;0;7;0;3;0;1;1;A01
201100066492;0;10;0;0;2;3;9;A01
201100066492;0;1;0;0;2;1;1;B01
201100066493;0;7;0;0;2;2;1;B01
201100066493;0;7;0;0;2;6;0;A01
201100066494;0;1;0;0;2;1;19;B01
201100066494;0;7;0;0;9;2;1;A01
201100066495;0;1;0;0;2;8;1;B01
201100066495;0;7;0;0;2;7;1;A01
201100066496;0;7;0;0;1;4;20;A01
201100066497;0;7;0;0;0;9;0;A01
201100066498;0;7;0;0;0;0;0;A01
201100066499;0;7;0;0;1;1;1;A01
201100066500;0;7;0;0;2;2;1;B01
201100066500;0;7;0;8;2;3;15;A01
201100066501;0;7;0;0;1;1;1;A01
201100066502;0;7;0;0;9;2;17;A01
201100066502;0;1;0;0;2;4;13;B01
201100066503;0;7;0;0;1;1;9;A01
201100066504;0;7;0;0;2;2;21;B01
201100066504;0;7;0;0;0;9;0;A01
201100066505;2;7;0;0;2;1;13;A01
201100066505;0;7;0;0;2;1;1;B01
201100066506;0;31;0;0;0;9;1;A01
201100066507;0;7;0;0;9;2;15;A01
201100066507;0;1;0;0;2;0;1;B01
201100066508;0;7;0;0;2;3;1;B01
201100066508;0;1;0;0;2;1;9;A01
201100066509;0;35;0;0;2;3;15;B01
201100066509;0;7;0;0;2;5;17;A01
201100066510;0;1;0;0;2;1;17;A01
201100066510;0;7;0;0;2;3;1;B01
201100066511;0;2;0;0;9;1;1;A01
201100066512;0;1;0;0;0;0;1;A01
201100066513;0;7;0;0;1;0;1;A01
201100066514;0;15;0;0;1;7;1;A01
201100066515;1;7;0;0;2;2;1;A01
201100066515;0;1;0;0;0;4;1;B01
201100066516;0;7;0;0;2;1;1;B01
201100066516;0;1;0;0;2;1;9;A01
201100066517;0;7;0;0;1;4;4;A01
201100066518;0;10;0;0;2;1;1;B01
201100066518;0;7;0;0;2;0;17;A01
201100066519;0;32;0;0;2;2;1;B01
201100066519;0;7;0;0;2;1;9;A01
201100066520;0;17;0;0;2;7;1;B01
201100066520;0;7;0;0;2;1;17;A01
201100066521;0;30;0;0;2;1;2;A01
201100066521;0;7;0;0;0;4;1;B01
201100066522;0;1;0;0;2;8;1;B01
201100066522;0;7;0;0;2;2;15;A01
201100066523;0;10;0;0;1;8;1;A01
201100066524;0;7;0;0;2;3;1;B01
201100066524;0;7;0;0;2;2;15;A01
201100066525;0;7;0;0;2;1;5;A01
201100066525;0;2;0;0;2;1;15;B01
201100066526;0;7;0;0;2;3;1;B01
201100066526;0;7;0;0;2;2;15;A01
201100066527;0;10;0;0;1;5;21;A01
201100066528;0;7;0;0;2;1;1;B01
201100066528;0;7;0;0;2;4;1;A01
201100066529;0;2;0;0;2;1;17;A01
201100066529;0;7;0;0;2;3;9;B01
201100066530;0;1;0;0;2;1;19;A01
201100066530;0;7;0;0;2;2;15;B01
201100066531;0;7;0;2;0;1;1;A01
201100066532;0;1;0;0;2;1;1;B01
201100066532;0;7;0;0;1;1;9;A01
201100066533;0;7;0;0;2;8;1;A01
201100066533;1;2;0;0;2;7;13;B01
201100066534;0;7;0;0;1;1;1;A01
201100066535;0;7;0;4;0;9;17;A01
201100066536;0;7;0;0;0;9;1;A01
201100066537;0;7;0;0;2;4;23;A01
201100066537;0;7;0;0;2;1;1;B01
201100066537;0;7;0;1;2;7;17;C01
201100066538;0;31;0;0;2;7;17;B01
201100066538;0;7;0;0;2;3;15;A01
201100066539;0;2;0;0;2;5;15;B01
201100066539;0;7;0;0;2;3;9;A01
201100066540;0;7;0;0;1;1;1;A01
201100066541;0;7;0;0;0;9;1;A01
201100066542;0;7;0;0;1;3;1;A01
201100066543;0;7;0;9;0;1;1;A01
201100066544;1;7;0;0;2;1;1;A01
201100066544;0;2;0;0;2;1;13;B01
201100066545;0;37;15;0;1;5;16;A01
201100066546;0;7;0;0;1;4;4;A01
201100066547;0;7;0;0;9;8;1;B01
201100066547;0;32;0;0;2;1;1;A01
201100066548;2;2;0;0;2;0;0;B01
201100066549;0;1;0;0;2;1;1;C01
201100066549;0;7;0;0;2;1;13;A01
201100066550;0;7;0;0;2;7;15;B01
201100066550;0;33;0;0;2;1;17;A01
201100066551;0;7;0;0;1;1;16;A01
201100066552;0;1;0;16;0;0;1;A01
201100066553;0;7;0;0;2;1;1;A01
201100066553;0;7;0;0;2;4;1;B01
201100066554;0;7;0;0;0;0;16;A01
201100066554;0;31;0;0;0;0;1;B01
201100066555;0;7;0;0;0;9;1;A01
201100066556;0;7;0;14;2;7;0;A01
201100066556;0;7;0;0;2;1;0;B01
201100066557;0;7;0;4;0;1;1;A01
201100066558;0;7;0;0;2;2;15;A01
201100066558;0;33;0;0;2;0;0;B01
201100066559;0;7;0;0;2;1;0;A01
201100066559;0;30;0;0;2;1;0;B01
201100066560;0;34;0;0;9;0;0;A01
201100066561;0;7;0;0;2;3;17;A01
201100066561;0;7;0;0;2;8;17;B01
201100066562;0;7;0;0;2;0;0;A01
201100066562;0;33;0;0;2;1;1;B01
201100066563;0;7;0;0;1;1;0;A01
201100066564;0;7;0;0;2;1;0;A01
201100066564;0;7;0;0;2;5;0;B01
201100066565;0;7;0;0;2;8;0;B01
201100066565;0;7;0;0;2;1;0;A01
201100066565;0;7;0;0;2;8;0;C01
201100066565;0;7;0;0;2;8;1;D01
201100066566;0;7;0;0;2;1;0;A01
201100066566;0;7;0;0;2;3;0;B01
201100066567;0;7;0;0;1;0;0;A01
201100066568;0;7;0;0;1;1;0;A01
201100066569;0;7;0;0;2;3;0;A01
201100066569;0;2;0;0;2;1;0;B01
201100066570;0;7;0;0;1;3;15;A01
201100066571;0;7;0;0;2;1;2;A01
201100066571;0;7;0;0;0;4;1;B01
201100066572;0;33;0;0;2;1;17;A01
201100066572;0;7;0;0;2;1;1;B01
201100066573;0;7;0;0;2;7;0;B01
201100066573;0;7;0;0;2;1;0;A01
201100066574;0;2;0;0;0;0;0;A01
201100066575;0;7;0;5;0;3;0;B01
201100066575;0;7;0;4;0;1;0;A01
201100066576;0;7;0;0;1;1;0;A01
201100066577;0;7;0;0;2;1;15;A01
201100066577;0;31;0;0;2;0;0;B01
201100066578;0;7;0;0;2;4;0;A01
201100066578;0;32;0;0;2;0;0;B01
201100066579;0;7;0;0;2;6;0;A01
201100066580;0;2;0;0;1;0;1;A01
201100066581;0;1;0;0;2;1;5;B01
201100066581;0;7;0;0;2;1;1;A01