num_acc;senc;catv;occutc;obs;obsm;choc;manv;num_veh
201100066582;0;32;0;0;2;0;0;B01
201100066582;0;7;0;0;2;1;0;A01
201100066583;0;7;0;6;0;9;16;A01
201100066584;0;7;0;0;1;5;0;A01
201100066585;0;7;0;0;2;4;0;A01
201100066585;0;33;0;0;2;1;2;B01
201100066586;0;7;0;0;2;1;1;A01
201100066586;0;7;0;0;2;2;19;B01
201100066587;0;7;0;0;0;5;0;B01
201100066587;0;7;0;0;2;1;0;A01
201100066588;0;7;0;0;1;1;0;A01
201100066589;0;33;0;0;2;0;0;B01
201100066589;0;7;0;0;1;1;0;A01
201100066590;0;30;0;1;0;1;0;A01
201100066591;0;7;0;0;1;3;0;A01
201100066592;0;7;0;0;0;0;0;A01
201100066593;0;32;0;0;0;0;0;A01
201100066594;0;7;0;4;0;1;1;A01
201100066595;0;7;0;0;2;5;0;A01
201100066595;0;7;0;0;2;1;0;B01
201100066596;0;7;0;0;2;2;0;A01
201100066596;0;32;0;0;2;7;0;B01
201100066597;0;7;0;0;1;2;0;A01
201100066598;0;30;0;0;2;1;0;A01
201100066598;0;7;0;0;2;4;0;B01
201100066599;0;7;0;0;0;0;0;A01
201100066600;0;7;0;0;0;0;0;C01
201100066600;0;33;0;0;2;1;0;A01
201100066600;0;7;0;0;2;0;0;B01
201100066601;0;7;0;0;2;1;0;A01
201100066601;0;7;0;0;2;0;0;B01
201100066602;0;37;1;0;2;3;0;B01
201100066602;0;7;0;0;2;3;0;A01
201100066603;0;2;0;0;1;1;0;A01
201100066604;0;33;0;0;6;1;1;A01
201100066605;0;7;0;0;2;1;1;A01
201100066605;0;30;0;0;0;7;19;B01
201100066606;0;7;0;4;0;0;0;C01
201100066606;0;7;0;0;2;0;0;A01
201100066606;0;33;0;0;2;0;0;B01
201100066607;0;7;0;0;9;3;0;A01
201100066607;0;1;0;0;2;0;0;B01
201100066608;0;33;0;1;0;1;0;B01
201100066608;0;7;0;0;2;3;0;A01
201100066609;0;32;0;0;2;0;0;B01
201100066609;0;7;0;0;2;0;0;A01
201100066610;0;33;0;0;2;4;20;B01
201100066610;1;7;0;0;2;1;0;A01
201100066611;0;37;1;0;2;0;0;B01
201100066611;0;30;0;0;2;0;0;A01
201100066612;1;7;0;0;1;1;0;A01
201100066613;0;7;0;0;1;1;0;A01
201100066614;0;7;0;0;2;0;0;A01
201100066614;0;30;0;0;2;0;0;B01
201100066615;0;7;0;0;1;0;0;A01
201100066616;0;7;0;0;2;0;0;A01
201100066616;0;7;0;0;2;1;0;B01
201100066617;0;7;0;0;2;2;0;B01
201100066617;0;7;0;0;2;7;0;A01
201100066618;0;33;0;0;0;0;2;A01
201100066618;0;7;0;0;0;0;0;B01
201100066619;0;7;0;0;2;1;0;A01
201100066619;0;7;0;0;2;8;0;B01
201100066620;0;1;0;0;2;0;0;B01
201100066620;0;1;0;0;2;0;2;C01
201100066620;0;7;0;0;9;0;0;A01
201100066621;0;32;0;0;2;0;2;B01
201100066621;0;7;0;0;0;6;2;A01
201100066622;0;7;0;1;2;3;0;B01
201100066622;0;2;0;0;2;7;0;A01
201100066623;0;7;0;0;0;3;0;A01
201100066624;0;7;0;0;1;1;0;A01
201100066625;2;2;0;0;2;0;18;A01
201100066625;0;2;0;0;2;0;0;B01
201100066626;0;7;0;0;1;1;0;A01
201100066626;0;7;0;0;1;1;0;B01
201100066627;0;7;0;0;2;1;0;A01
201100066627;0;32;0;0;2;8;0;B01
201100066628;0;31;0;0;0;0;0;A01
201100066629;0;33;0;0;2;0;0;B01
201100066629;0;7;0;0;2;0;0;A01
201100066630;0;7;0;0;1;1;0;A01
201100066631;0;7;0;0;2;5;0;B01
201100066631;0;32;0;0;2;0;0;A01
201100066632;0;7;0;4;2;4;0;B01
201100066632;0;7;0;0;2;1;0;A01
201100066633;0;7;0;0;2;1;0;B01
201100066633;0;7;0;0;2;0;0;A01
201100066634;0;1;0;0;2;1;0;A01
201100066634;0;7;0;0;2;0;0;B01
201100066635;0;2;0;0;2;1;1;A01
201100066635;0;7;0;0;2;3;1;B01
201100066636;0;7;0;0;2;7;0;A01
201100066636;0;1;0;0;2;1;0;B01
201100066637;0;7;0;0;1;7;0;A01
201100066638;0;7;0;0;1;4;0;A01
201100066639;0;7;0;0;2;6;9;A01
201100066639;0;32;0;0;2;9;0;B01
201100066640;0;7;0;4;0;2;0;A01
201100066641;0;7;0;0;2;1;0;B01
201100066641;0;7;0;0;2;8;0;A01
201100066642;0;2;0;0;2;1;0;A01
201100066642;0;7;0;0;2;6;1;B01
201100066643;0;7;0;1;2;4;0;B01
201100066643;0;7;0;0;2;1;6;A01
201100066643;0;7;0;1;2;4;0;C01
201100066643;0;33;0;1;2;4;0;D01
201100066644;0;7;0;0;1;0;0;A01
201100066645;0;7;0;0;1;1;1;A01
201100066646;0;7;0;0;1;2;12;A01
201100066647;0;7;0;10;0;1;14;A01
201100066648;0;7;0;4;0;8;0;A01
201100066649;0;7;0;0;2;1;0;A01
201100066649;0;1;0;0;2;0;0;B01
201100066650;0;7;0;0;1;2;1;A01
201100066651;0;37;1;0;2;5;0;B01
201100066651;0;30;0;0;2;1;0;A01
201100066652;0;30;0;1;0;1;0;A01
201100066653;0;7;0;0;2;5;15;A01
201100066653;0;33;0;0;2;8;9;B01
201100066654;0;1;0;0;1;1;0;A01
201100066655;0;7;0;0;2;1;0;A01
201100066655;0;1;0;0;2;0;0;B01
201100066656;0;7;0;0;2;6;0;A01
201100066656;0;33;0;0;2;1;0;B01
201100066657;0;7;0;0;2;2;1;A01
201100066657;0;2;0;0;2;1;15;B01
201100066658;0;37;30;0;1;0;0;A01
201100066659;0;7;0;0;2;8;0;A01
201100066659;0;37;56;0;2;7;1;B01
201100066660;0;34;0;0;2;0;0;C01
201100066660;1;30;0;0;2;0;0;A01
201100066660;1;30;0;0;2;0;0;B01
201100066661;0;1;0;0;0;0;0;A01
201100066662;0;7;0;0;0;0;0;A01
201100066663;1;7;0;0;2;8;7;A01
201100066663;0;2;0;0;2;1;7;B01
201100066664;1;33;0;0;1;1;0;A01
201100066665;0;7;0;0;2;3;15;A01
201100066665;0;37;16;0;2;3;1;B01
201100066666;0;7;0;0;2;1;5;A01
201100066666;0;7;0;0;2;1;0;B01
201100066667;0;7;0;0;2;0;0;B01
201100066667;0;7;0;4;2;0;0;A01
201100066668;0;7;0;0;2;8;0;B01
201100066668;0;33;0;0;2;1;0;A01
201100066669;0;7;0;8;0;1;0;A01
201100066670;0;7;0;1;0;1;0;A01
201100066671;0;7;0;0;2;3;0;A01
201100066671;0;7;0;0;2;3;0;B01
201100066672;0;7;0;0;2;1;0;B01
201100066672;0;32;0;1;2;7;0;A01
201100066673;0;7;0;0;0;7;1;C01
201100066673;0;7;0;0;0;4;2;B01
201100066673;0;7;0;0;2;1;2;A01
201100066674;0;7;0;0;2;1;0;B01
201100066674;0;7;0;0;2;1;0;A01
201100066675;0;7;0;0;2;1;0;A01
201100066675;0;7;0;0;2;4;0;B01
201100066676;0;7;0;0;2;4;0;B01
201100066676;0;33;0;0;2;1;2;A01
201100066677;0;37;1;0;1;4;4;A01
201100066678;0;7;0;0;2;4;0;B01
201100066678;0;30;0;0;2;7;0;A01
201100066679;0;7;0;0;1;1;0;A01
201100066680;0;7;0;0;2;6;0;B01
201100066680;0;7;0;0;2;1;0;A01
201100066681;0;33;0;0;0;0;0;A01
201100066682;0;7;0;0;1;1;1;A01
201100066683;0;31;0;0;2;1;0;A01
201100066683;0;7;0;0;2;3;0;B01
201100066684;0;32;0;0;2;7;0;A01
201100066684;0;7;0;0;2;1;0;B01
201100066685;0;31;0;0;2;1;0;A01
201100066685;0;30;0;0;2;1;0;B01
201100066686;0;1;0;0;2;1;0;A01
201100066686;0;7;0;0;2;0;0;B01
201100066687;0;7;0;0;0;4;24;B01
201100066687;0;7;0;1;0;2;0;A01
201100066688;0;7;0;0;2;0;0;B01
201100066688;0;7;0;0;2;0;0;C01
201100066688;0;7;0;0;2;0;0;A01
201100066689;0;7;0;0;2;3;0;A01
201100066689;0;32;0;0;2;8;0;B01
201100066690;0;30;0;0;2;0;0;A01
201100066690;0;7;0;0;2;8;0;B01
201100066691;0;33;0;0;2;0;0;A01
201100066691;0;7;0;0;2;0;0;B01
201100066692;0;7;0;0;0;1;1;A01
201100066693;0;7;0;2;0;0;0;A01
201100066693;0;7;0;0;2;1;0;B01
201100066694;0;7;0;0;2;0;0;B01
201100066694;0;7;0;0;2;0;0;C01
201100066694;0;7;0;0;2;0;0;A01
201100066695;0;14;0;0;0;8;1;B01
201100066695;0;7;0;0;2;2;12;A01
201100066696;0;7;0;0;2;3;1;B01
201100066696;1;2;0;0;2;0;0;A01
201100066697;0;2;0;0;2;0;0;A01
201100066697;0;7;0;0;2;2;0;B01
201100066698;0;34;0;0;2;7;0;B01
201100066698;0;7;0;0;2;0;15;A01
201100066699;0;33;0;0;2;3;0;B01
201100066699;0;7;0;0;2;1;0;A01
201100066700;0;2;0;0;2;0;0;A01
201100066700;0;7;0;0;2;0;0;B01
201100066701;0;7;0;0;2;0;0;B01
201100066701;0;33;0;0;2;0;0;A01
201100066702;0;1;0;0;2;8;0;B01
201100066702;0;7;0;0;2;1;0;A01
201100066703;0;1;0;0;2;1;0;A01
201100066703;0;7;0;0;2;3;0;B01
201100066704;1;7;0;0;2;0;0;A01
201100066704;0;7;0;0;2;0;0;B01
201100066705;0;33;0;0;2;1;0;A01
201100066705;0;7;0;0;2;4;0;B01
201100066706;0;7;0;0;0;0;0;A01
201100066706;0;32;0;0;2;1;0;C01
201100066706;0;7;0;0;2;4;0;B01
201100066707;0;1;0;0;2;0;0;B01
201100066707;0;7;0;0;9;0;0;A01
201100066708;0;7;0;0;1;2;1;A01
201100066709;0;32;0;0;2;2;0;A01
201100066709;0;7;0;0;2;2;0;B01
201100066709;0;37;20;0;2;3;0;C01
201100066710;0;1;0;0;1;1;0;A01
201100066711;0;7;0;0;1;3;0;A01
201100066712;0;32;0;0;2;7;0;A01
201100066712;0;7;0;0;2;1;0;B01
201100066713;0;7;0;0;2;1;1;B01
201100066713;0;7;0;0;2;5;1;A01
201100066714;0;30;0;0;2;1;1;B01
201100066714;1;7;0;0;9;8;0;Z01
201100066715;0;2;0;0;2;1;18;A01
201100066715;0;7;0;0;2;2;0;B01
201100066716;0;7;0;0;2;5;0;B01
201100066716;0;1;0;0;0;0;1;A01
201100066717;0;37;1;0;2;0;0;B01
201100066717;0;7;0;0;2;5;0;A01
201100066718;0;33;0;0;0;0;0;A01
201100066718;0;7;0;0;0;0;0;B01
201100066719;0;7;0;0;2;4;0;C01
201100066719;0;7;0;0;2;1;0;B01
201100066719;0;31;0;0;2;1;0;A01
201100066720;0;33;0;0;1;1;0;A01
201100066721;0;31;0;0;2;1;0;A01
201100066721;0;7;0;0;2;3;0;B01
201100066722;0;1;0;0;2;2;9;A01
201100066722;0;7;0;0;2;2;0;B01
201100066723;0;1;0;0;0;0;0;A01
201100066724;0;7;0;0;2;8;0;A01
201100066724;0;7;0;0;2;1;0;B01
201100066725;0;7;0;0;2;1;0;A01
201100066725;0;38;8;0;2;0;0;B01
201100066726;0;7;0;3;0;0;0;A01
201100066727;0;7;0;2;0;1;0;A01
201100066728;0;7;0;0;2;4;2;B01
201100066728;0;7;0;0;2;9;0;A01
201100066729;0;7;0;0;1;0;15;A01
201100066730;0;7;0;0;2;1;0;A01
201100066730;0;2;0;0;2;8;0;B01
201100066731;0;7;0;0;2;0;0;A01
201100066731;0;7;0;0;2;4;0;B01
201100066732;0;7;0;0;0;1;0;A01
201100066733;0;7;0;0;2;1;0;A01
201100066733;0;7;0;0;2;4;0;B01
201100066734;0;2;0;0;2;0;0;A01
201100066734;0;7;0;0;2;6;10;B01
201100066735;0;7;0;0;2;3;13;A01
201100066735;0;7;0;0;2;0;1;B01
201100066736;0;7;0;1;2;1;1;B01
201100066736;0;7;0;0;2;1;1;A01
201100066737;0;7;0;16;0;0;1;A01
201100066738;0;7;0;0;2;8;1;A01
201100066738;0;7;0;0;2;2;1;B01
201100066739;0;7;0;8;0;1;1;A01
201100066740;0;7;0;3;0;1;21;A01
201100066741;0;2;0;10;0;1;1;A01
201100066742;0;7;0;0;2;7;1;B01
201100066742;0;2;0;0;2;1;1;A01
201100066743;0;30;0;16;0;0;1;A01
201100066744;0;30;0;0;2;8;17;A01
201100066744;0;7;0;0;2;1;1;D01
201100066744;0;7;0;0;2;8;1;B01
201100066744;0;7;0;0;2;8;1;C01
201100066745;0;7;0;0;1;1;15;A01
201100066746;0;7;0;0;2;7;15;B01
201100066746;0;2;0;0;2;1;1;A01
201100066747;0;31;0;0;2;7;1;A01
201100066747;0;7;0;0;2;3;9;B01
201100066748;0;7;0;16;0;0;1;A01
201100066749;0;7;0;0;2;7;1;A01
201100066749;0;7;0;0;2;1;1;B01
201100066750;0;7;0;16;0;0;1;A01
201100066751;0;31;0;16;0;0;1;A01
201100066752;0;7;0;0;2;1;1;B01
201100066752;0;7;0;0;2;4;21;A01
201100066752;0;7;0;0;2;1;1;C01
201100066752;0;7;0;0;2;1;1;D01
201100066753;0;7;0;0;1;1;15;A01
201100066754;0;13;0;0;2;4;24;A01
201100066754;0;37;0;1;0;1;1;B01
201100066755;0;7;0;0;2;4;24;B01
201100066755;0;7;0;1;0;1;21;A01
201100066756;0;7;0;16;0;0;1;A01
201100066757;0;7;0;0;2;1;11;B01
201100066757;0;7;0;0;2;4;23;A01
201100066758;0;7;0;0;2;1;22;A01
201100066758;0;1;0;1;0;1;1;B01
201100066759;0;7;0;0;2;8;15;A01
201100066759;0;33;0;0;2;1;17;B01
201100066760;0;7;0;16;0;2;1;A01
201100066761;0;31;0;0;5;1;1;A01
201100066762;0;7;0;0;2;1;1;B01
201100066762;0;7;0;0;2;8;1;A01
201100066763;0;7;0;16;0;0;1;A01
201100066764;0;7;0;0;2;1;1;B01
201100066764;0;1;0;0;2;7;1;A01
201100066765;0;7;0;0;2;1;1;A01
201100066765;0;7;0;0;2;4;1;B01
201100066766;0;7;0;0;2;1;1;B01
201100066766;0;7;0;0;2;7;1;A01
201100066767;0;7;0;0;1;1;1;A01
201100066768;0;7;0;0;2;5;15;B01
201100066768;0;2;0;0;2;3;1;A01
201100066769;0;31;0;0;2;1;1;B01
201100066769;0;7;0;0;2;4;1;A01
201100066770;0;1;0;0;0;1;1;A01
201100066771;0;7;0;0;2;1;1;B01
201100066771;0;7;0;0;2;4;1;A01
201100066772;0;33;0;16;0;0;1;A01
201100066773;0;7;0;16;0;0;1;A01
201100066774;0;7;0;0;2;4;23;B01
201100066774;0;7;0;0;2;4;23;A01
201100066774;0;7;0;0;2;1;1;C01
201100066775;0;1;0;0;2;8;1;A01
201100066775;0;7;0;0;2;1;1;B01
201100066776;0;2;0;0;1;1;1;A01
201100066777;0;7;0;0;1;8;1;A01
201100066778;0;7;0;0;1;0;1;A01
201100066779;0;7;0;16;0;1;21;A01
201100066780;0;7;0;0;2;3;10;B01
201100066780;0;7;0;0;2;2;1;A01
201100066781;0;33;0;0;0;0;21;A01
201100066782;0;33;0;0;5;0;21;A01
201100066783;0;7;0;0;2;8;17;B01
201100066783;0;33;0;0;2;0;1;A01
201100066784;0;2;0;16;0;0;1;A01
201100066785;0;7;0;0;2;8;1;A01
201100066785;0;33;0;0;2;3;1;B01
201100066786;0;7;0;0;1;1;1;A01
201100066787;0;7;0;0;2;1;1;B01
201100066787;0;2;0;0;2;7;1;A01
201100066788;0;30;0;0;2;8;1;A01
201100066788;0;7;0;0;2;2;1;B01
201100066789;0;7;0;16;0;0;1;A01
201100066790;0;7;0;0;2;1;24;B01
201100066790;0;1;0;1;0;1;1;A01
201100066791;0;7;0;0;2;6;24;B01
201100066791;0;7;0;0;2;6;1;C01
201100066791;0;7;0;1;2;1;1;A01
201100066792;0;7;0;16;0;9;21;A01
201100066793;0;7;0;0;1;1;1;A01
201100066794;0;31;0;0;1;1;1;A01
201100066795;0;7;0;4;0;3;1;A01
201100066796;0;7;0;0;0;0;1;A01
201100066797;0;7;0;0;2;1;1;A01
201100066797;0;7;0;0;2;6;1;B01
201100066798;0;7;0;3;0;7;1;A01
201100066799;0;7;0;0;2;1;1;A01
201100066799;0;1;0;0;2;1;1;B01
201100066800;0;2;0;16;0;1;1;A01
201100066801;0;2;0;16;0;0;1;A01
201100066802;0;7;0;0;1;7;1;A01
201100066803;0;1;0;0;2;3;1;B01
201100066803;0;7;0;0;2;2;1;A01
201100066804;0;14;0;16;0;0;1;A01
201100066805;0;7;0;0;1;2;1;A01
201100066806;0;2;0;0;2;7;16;B01
201100066806;0;7;0;0;2;1;1;A01
201100066807;0;7;0;16;0;0;1;A01
201100066808;0;7;0;0;2;3;1;A01
201100066808;0;7;0;0;2;3;13;B01
201100066809;0;7;0;0;2;8;1;B01
201100066809;0;1;0;0;2;8;1;A01
201100066810;0;7;0;0;2;1;13;B01
201100066810;0;7;0;0;2;1;1;A01
201100066811;0;7;0;16;0;0;1;A01
201100066812;0;7;0;0;2;1;1;B01
201100066812;0;7;0;0;2;8;16;A01
201100066813;0;7;0;0;2;1;1;A01
201100066813;0;2;0;0;2;4;1;B01
201100066814;0;7;0;16;0;1;1;A01
201100066815;0;7;0;16;0;0;1;A01
201100066816;0;7;0;16;0;0;1;A01
201100066817;0;31;0;0;2;1;1;A01
201100066817;0;7;0;0;2;4;15;B01
201100066818;0;7;0;0;0;9;1;A01
201100066819;0;1;0;0;0;0;1;A01
201100066820;0;7;0;16;0;1;1;A01
201100066821;0;7;0;0;2;7;1;B01
201100066821;0;7;0;0;2;3;20;A01
201100066821;0;7;0;0;2;1;1;C01
201100066822;0;7;0;0;1;1;1;A01
201100066823;0;7;0;2;0;1;1;A01
201100066824;0;2;0;0;2;8;1;A01
201100066824;0;7;0;0;2;2;1;B01
201100066825;0;7;0;16;0;7;1;A01
201100066826;0;33;0;16;0;0;1;A01
201100066827;0;7;0;0;2;1;1;B01
201100066827;0;7;0;0;2;4;1;A01
201100066828;0;7;0;0;2;1;1;B01
201100066828;0;7;0;0;2;4;1;A01
201100066829;0;7;0;0;2;4;1;A01
201100066829;0;7;0;0;2;4;1;B01
201100066829;0;7;0;0;2;1;1;C01
201100066830;0;2;0;0;2;1;13;A01
201100066830;0;7;0;0;2;1;1;B01
201100066831;0;7;0;0;2;3;13;A01
201100066831;0;7;0;0;2;3;1;B01
201100066832;0;7;0;0;2;3;13;B01
201100066832;0;2;0;0;2;3;1;A01
201100066833;0;7;0;0;2;8;15;B01
201100066833;0;2;0;0;2;7;17;A01
201100066834;0;7;0;0;2;8;1;B01
201100066834;0;2;0;0;2;1;1;A01
201100066835;0;7;0;16;0;0;1;A01
201100066836;0;7;0;16;0;9;1;A01
201100066837;0;7;0;0;0;2;1;A01
201100066838;1;2;0;16;0;0;21;A01
201100066839;0;7;0;0;1;2;1;A01
201100066840;0;2;0;16;0;0;1;A01
201100066841;0;7;0;0;0;0;1;A01
201100066842;0;33;0;0;0;0;21;A01
201100066843;0;32;0;0;2;1;1;B01
201100066843;0;7;0;0;2;7;15;A01
201100066844;0;7;0;0;2;8;20;B01
201100066844;0;7;0;0;2;7;1;A01
201100066845;0;7;0;16;0;2;1;A01
201100066846;0;7;0;0;2;3;1;A01
201100066846;0;7;0;0;1;1;15;B01
201100066847;0;7;0;0;2;1;24;B01
201100066847;0;7;0;0;2;4;1;A01
201100066848;0;7;0;0;2;1;13;B01
201100066848;0;2;0;0;2;1;1;A01
201100066849;0;7;0;0;2;6;24;A01
201100066849;0;7;0;1;0;2;1;C01
201100066850;0;7;0;0;1;1;1;A01
201100066851;0;2;0;0;0;0;1;A01
201100066852;0;7;0;16;0;0;14;A01
201100066853;0;33;0;0;0;8;1;A01
201100066854;0;7;0;0;1;3;1;A01
201100066855;1;7;0;0;2;0;1;B01
201100066855;0;7;0;0;2;4;21;A01
201100066856;0;7;0;6;0;1;1;A01
201100066857;0;1;0;0;2;1;1;A01
201100066857;0;7;0;0;2;4;23;B01
201100066858;0;30;0;0;2;1;1;A01
201100066858;0;7;0;0;2;2;15;B01
201100066859;0;7;0;0;2;1;1;B01
201100066859;0;34;0;0;2;7;15;A01
201100066860;0;30;0;0;1;1;1;A01
201100066861;0;7;0;0;2;3;1;A01
201100066861;0;7;0;0;2;2;17;B01
201100066862;0;37;0;0;2;1;1;B01
201100066862;0;7;0;0;2;4;4;A01
201100066863;0;7;0;0;2;1;1;B01
201100066863;0;30;0;0;2;4;1;A01
201100066864;0;7;0;0;2;4;1;A01
201100066864;0;7;0;0;2;1;1;B01
201100066865;0;30;0;0;2;1;1;A01
201100066865;0;7;0;0;2;4;1;B01
201100066866;0;7;0;16;0;0;1;A01
201100066867;0;7;0;0;1;2;15;A01
201100066868;0;7;0;16;0;0;1;A01
201100066869;0;7;0;0;2;3;16;B01
201100066869;0;33;0;0;2;8;1;A01
201100066870;0;7;0;2;0;1;1;A01
201100066871;0;7;0;0;2;2;1;B01
201100066871;0;2;0;0;2;4;13;A01
201100066872;0;7;0;0;2;8;1;B01
201100066872;0;30;0;0;2;1;1;A01
201100066873;0;7;0;0;0;9;1;A01
201100066874;0;7;0;0;2;1;1;B01
201100066874;0;7;0;0;2;4;1;A01
201100066875;0;30;0;16;0;0;21;A01
201100066876;0;37;0;0;2;1;1;B01
201100066876;0;1;0;0;2;4;1;A01
201100066877;0;7;0;0;2;8;1;A01
201100066877;0;7;0;0;2;1;1;B01
201100066878;0;7;0;16;0;0;1;A01
201100066879;0;33;0;0;0;0;0;A01
201100066880;0;2;0;0;2;3;16;A01
201100066880;0;33;0;0;2;7;1;B01
201100066881;0;1;0;0;0;0;16;A01
201100066882;0;2;0;0;0;0;1;A01
201100066883;0;7;0;0;1;5;17;A01
201100066884;0;30;0;0;2;1;1;A01
201100066884;0;7;0;0;2;8;1;B01
201100066885;0;7;0;13;0;1;1;A01
201100066886;0;33;0;16;0;0;1;A01
201100066887;0;7;0;0;2;3;18;B01
201100066887;0;7;0;0;2;7;1;A01
201100066888;0;31;0;0;2;8;1;A01
201100066888;0;7;0;0;2;3;15;B01
201100066889;0;7;0;0;2;1;15;B01
201100066889;0;2;0;0;2;1;1;A01
201100066890;0;7;0;16;0;0;21;A01
201100066891;0;1;0;16;0;0;21;A01
201100066892;0;7;0;0;1;1;1;A01
201100066893;0;2;0;12;0;0;1;A01
201100066894;0;2;0;0;2;1;1;A01
201100066894;0;7;0;0;2;6;15;B01
201100066895;0;7;0;0;2;1;1;B01
201100066895;0;7;0;0;2;4;1;A01
201100066896;0;31;0;16;0;0;1;A01
201100066897;0;7;0;16;0;0;1;A01
201100066898;0;7;0;0;2;1;1;A01
201100066898;0;7;0;0;2;1;21;B01
201100066899;0;7;0;16;0;0;1;A01
201100066900;0;1;0;0;2;1;1;A01
201100066900;0;7;0;0;2;7;15;B01
201100066901;0;7;0;0;2;4;1;A01
201100066901;1;99;0;0;2;0;0;B01
201100066902;0;7;0;0;2;1;1;B01
201100066902;0;7;0;0;2;4;1;A01
201100066903;0;7;0;0;2;6;1;B01
201100066903;0;36;0;0;2;1;13;A01
201100066904;0;7;0;0;1;3;15;A01
201100066905;0;14;0;0;1;8;1;A01
201100066906;0;7;0;0;2;3;15;B01
201100066906;0;7;0;0;2;3;15;A01
201100066907;0;2;0;0;0;0;1;A01
201100066908;0;14;0;0;1;2;16;A01
201100066909;0;7;0;0;2;1;1;A01
201100066909;0;7;0;0;2;4;1;B01
201100066910;0;33;0;0;5;0;1;A01
201100066911;0;2;0;0;2;1;1;A01
201100066911;0;7;0;0;0;4;1;B01
201100066912;0;1;0;0;2;1;1;B01
201100066912;0;7;0;0;2;3;17;A01
201100066913;0;7;0;0;2;2;15;A01
201100066913;0;33;0;0;2;1;1;B01
201100066914;0;7;0;0;2;3;1;A01
201100066914;0;7;0;0;2;1;1;B01
201100066915;0;7;0;0;2;2;15;A01
201100066915;0;31;0;0;2;1;1;B01
201100066916;0;2;0;0;2;1;1;B01
201100066916;0;14;0;0;2;3;15;A01
201100066917;0;7;0;0;1;0;1;A01
201100066918;0;7;0;0;2;1;1;B01
201100066918;0;7;0;0;2;1;15;A01
201100066919;0;1;0;0;0;4;1;B01
201100066919;0;2;0;0;2;1;0;A01
201100066920;0;7;0;0;2;3;13;A01
201100066920;0;7;0;0;2;8;1;B01
201100066921;0;33;0;0;2;1;1;B01
201100066921;0;7;0;0;2;2;15;A01
201100066922;0;7;0;6;0;1;1;A01
201100066923;0;7;0;0;0;0;14;A01
201100066924;0;7;0;0;0;0;1;A01
201100066925;1;7;0;0;2;2;17;A01
201100066925;0;17;0;0;0;6;2;B01
201100066926;0;7;0;0;1;1;1;A01
201100066927;0;7;0;0;2;2;1;A01
201100066927;0;7;0;0;2;1;1;B01
201100066928;0;2;0;1;0;1;14;A01
201100066929;0;1;0;1;0;1;13;A01
201100066930;0;1;0;0;4;1;1;A01
201100066930;0;7;0;0;2;7;15;B01
201100066931;0;7;0;0;2;1;1;A01
201100066931;0;1;0;0;2;3;1;B01
201100066932;0;7;0;0;2;1;1;A01
201100066932;0;7;0;0;2;4;1;B01
201100066933;0;7;0;0;2;3;1;C01
201100066933;0;7;0;0;2;3;1;B01
201100066933;0;2;0;0;2;1;3;A01
201100066934;0;2;0;0;2;1;13;A01
201100066934;0;13;0;0;2;1;5;B01
201100066935;0;1;0;0;0;0;1;A01
201100066936;0;2;0;0;0;0;1;A01
201100066937;0;2;0;0;0;0;1;A01
201100066938;0;7;0;0;1;1;4;A01
201100066939;0;33;0;0;2;1;1;A01
201100066939;0;7;0;0;0;4;15;B01
201100066940;0;7;0;3;0;1;1;A01
201100066941;0;7;0;3;0;1;1;A01
201100066942;0;7;0;0;0;0;14;A01
201100066943;0;7;0;0;2;1;13;A01
201100066943;0;7;0;0;2;1;1;B01
201100066944;0;7;0;0;2;1;13;A01
201100066944;0;7;0;0;2;1;1;B01
201100066945;0;33;0;0;0;0;1;A01
201100066946;0;7;0;0;1;4;20;A01
201100066947;0;2;0;0;0;0;1;A01
201100066948;0;7;0;0;1;2;1;A01
201100066949;0;7;0;0;1;3;15;A01
201100066949;0;33;0;0;2;1;1;B01
201100066950;0;7;0;0;0;0;14;A01
201100066951;0;7;0;0;2;7;12;A01
201100066951;0;7;0;0;2;3;1;B01
201100066952;0;7;0;6;0;1;1;A01
201100066953;0;7;0;0;2;7;16;B01
201100066953;1;2;0;0;2;1;18;A01
201100066954;0;7;0;0;1;1;1;A01
201100066955;0;33;0;0;0;0;1;A01
201100066956;0;7;0;3;0;3;15;A01
201100066957;0;1;0;0;2;1;1;A01
201100066957;0;7;0;0;0;4;1;B01
201100066958;1;2;0;6;0;1;14;A01
201100066959;0;33;0;0;2;1;1;A01
201100066959;0;13;0;0;2;4;1;B01
201100066960;0;34;0;0;0;0;1;A01
201100066961;0;7;0;0;0;0;14;A01
201100066962;0;7;0;0;0;0;0;A01
201100066963;0;33;0;0;6;0;1;A01
201100066964;0;7;0;0;2;6;15;B01
201100066964;0;2;0;0;2;1;3;A01
201100066965;0;2;0;0;2;1;1;B01
201100066965;0;7;0;0;2;3;1;A01
201100066966;0;7;0;0;2;3;1;A01
201100066966;0;33;0;0;2;1;1;B01
201100066967;0;1;0;0;2;7;19;B01
201100066967;0;2;0;1;2;2;1;A01
201100066968;0;31;0;0;0;0;1;A01
201100066969;0;7;0;0;1;0;1;A01
201100066970;0;33;0;0;2;6;11;A01
201100066970;0;33;0;0;2;1;1;B01
201100066971;0;2;0;0;2;1;17;A01
201100066971;0;7;0;0;2;3;15;B01
201100066972;0;7;0;0;0;4;1;A01
201100066972;0;2;0;0;2;1;1;B01
201100066973;0;7;0;0;2;1;1;A01
201100066973;0;7;0;0;2;3;1;B01
201100066974;0;7;0;1;0;1;1;B01
201100066974;0;7;0;0;0;5;23;A01